2026-04-19 19:49:43.946 +05:30 [INF]  | CorrelationId: | Using distributed in-memory cache (development only)
2026-04-19 19:49:51.877 +05:30 [WRN] Microsoft.EntityFrameworkCore.Model.Validation | CorrelationId: | Entity 'Staff' has a global query filter defined and is the required end of a relationship with the entity 'Certificate'. This may lead to unexpected results when the required entity is filtered out. Either configure the navigation as optional, or define matching query filters for both entities in the navigation. See https://go.microsoft.com/fwlink/?linkid=2131316 for more information.
2026-04-19 19:49:51.887 +05:30 [WRN] Microsoft.EntityFrameworkCore.Model.Validation | CorrelationId: | Entity 'School' has a global query filter defined and is the required end of a relationship with the entity 'CertificateTemplate'. This may lead to unexpected results when the required entity is filtered out. Either configure the navigation as optional, or define matching query filters for both entities in the navigation. See https://go.microsoft.com/fwlink/?linkid=2131316 for more information.
2026-04-19 19:49:51.965 +05:30 [WRN] Microsoft.EntityFrameworkCore.Model.Validation | CorrelationId: | Entity 'School' has a global query filter defined and is the required end of a relationship with the entity 'Document'. This may lead to unexpected results when the required entity is filtered out. Either configure the navigation as optional, or define matching query filters for both entities in the navigation. See https://go.microsoft.com/fwlink/?linkid=2131316 for more information.
2026-04-19 19:49:52.075 +05:30 [WRN] Microsoft.EntityFrameworkCore.Model.Validation | CorrelationId: | Entity 'School' has a global query filter defined and is the required end of a relationship with the entity 'DocumentCategory'. This may lead to unexpected results when the required entity is filtered out. Either configure the navigation as optional, or define matching query filters for both entities in the navigation. See https://go.microsoft.com/fwlink/?linkid=2131316 for more information.
2026-04-19 19:49:52.089 +05:30 [WRN] Microsoft.EntityFrameworkCore.Model.Validation | CorrelationId: | Entity 'School' has a global query filter defined and is the required end of a relationship with the entity 'FeeAuditLog'. This may lead to unexpected results when the required entity is filtered out. Either configure the navigation as optional, or define matching query filters for both entities in the navigation. See https://go.microsoft.com/fwlink/?linkid=2131316 for more information.
2026-04-19 19:49:52.109 +05:30 [WRN] Microsoft.EntityFrameworkCore.Model.Validation | CorrelationId: | Entity 'School' has a global query filter defined and is the required end of a relationship with the entity 'Holiday'. This may lead to unexpected results when the required entity is filtered out. Either configure the navigation as optional, or define matching query filters for both entities in the navigation. See https://go.microsoft.com/fwlink/?linkid=2131316 for more information.
2026-04-19 19:49:52.123 +05:30 [WRN] Microsoft.EntityFrameworkCore.Model.Validation | CorrelationId: | Entity 'School' has a global query filter defined and is the required end of a relationship with the entity 'IDCard'. This may lead to unexpected results when the required entity is filtered out. Either configure the navigation as optional, or define matching query filters for both entities in the navigation. See https://go.microsoft.com/fwlink/?linkid=2131316 for more information.
2026-04-19 19:49:52.129 +05:30 [WRN] Microsoft.EntityFrameworkCore.Model.Validation | CorrelationId: | Entity 'School' has a global query filter defined and is the required end of a relationship with the entity 'IDCardTemplate'. This may lead to unexpected results when the required entity is filtered out. Either configure the navigation as optional, or define matching query filters for both entities in the navigation. See https://go.microsoft.com/fwlink/?linkid=2131316 for more information.
2026-04-19 19:49:52.139 +05:30 [WRN] Microsoft.EntityFrameworkCore.Model.Validation | CorrelationId: | Entity 'UserLogin' has a global query filter defined and is the required end of a relationship with the entity 'PasswordResetToken'. This may lead to unexpected results when the required entity is filtered out. Either configure the navigation as optional, or define matching query filters for both entities in the navigation. See https://go.microsoft.com/fwlink/?linkid=2131316 for more information.
2026-04-19 19:49:52.150 +05:30 [WRN] Microsoft.EntityFrameworkCore.Model.Validation | CorrelationId: | Entity 'School' has a global query filter defined and is the required end of a relationship with the entity 'PromotionHistory'. This may lead to unexpected results when the required entity is filtered out. Either configure the navigation as optional, or define matching query filters for both entities in the navigation. See https://go.microsoft.com/fwlink/?linkid=2131316 for more information.
2026-04-19 19:49:52.430 +05:30 [WRN] Microsoft.EntityFrameworkCore.Model.Validation | CorrelationId: | The foreign key property 'Staff.ReportingToId1' was created in shadow state because a conflicting property with the simple name 'ReportingToId' exists in the entity type, but is either not mapped, is already used for another relationship, or is incompatible with the associated primary key type. See https://aka.ms/efcore-relationships for information on mapping relationships in EF Core.
2026-04-19 19:49:54.444 +05:30 [INF] Program | CorrelationId: | Database migrations applied successfully.
2026-04-19 19:49:55.643 +05:30 [ERR] Microsoft.Extensions.Hosting.Internal.Host | CorrelationId: | Hosting failed to start
System.IO.IOException: Failed to bind to address http://127.0.0.1:5092: address already in use.
 ---> Microsoft.AspNetCore.Connections.AddressInUseException: Only one usage of each socket address (protocol/network address/port) is normally permitted.
 ---> System.Net.Sockets.SocketException (10048): Only one usage of each socket address (protocol/network address/port) is normally permitted.
   at System.Net.Sockets.Socket.UpdateStatusAfterSocketErrorAndThrowException(SocketError error, Boolean disconnectOnFailure, String callerName)
   at System.Net.Sockets.Socket.DoBind(EndPoint endPointSnapshot, SocketAddress socketAddress)
   at System.Net.Sockets.Socket.Bind(EndPoint localEP)
   at Microsoft.AspNetCore.Server.Kestrel.Transport.Sockets.SocketTransportOptions.CreateDefaultBoundListenSocket(EndPoint endpoint)
   at Microsoft.AspNetCore.Server.Kestrel.Transport.Sockets.SocketConnectionListener.Bind()
   --- End of inner exception stack trace ---
   at Microsoft.AspNetCore.Server.Kestrel.Transport.Sockets.SocketConnectionListener.Bind()
   at Microsoft.AspNetCore.Server.Kestrel.Transport.Sockets.SocketTransportFactory.BindAsync(EndPoint endpoint, CancellationToken cancellationToken)
   at Microsoft.AspNetCore.Server.Kestrel.Core.Internal.Infrastructure.TransportManager.BindAsync(EndPoint endPoint, ConnectionDelegate connectionDelegate, EndpointConfig endpointConfig, CancellationToken cancellationToken)
   at Microsoft.AspNetCore.Server.Kestrel.Core.KestrelServerImpl.<>c__DisplayClass28_0`1.<<StartAsync>g__OnBind|0>d.MoveNext()
--- End of stack trace from previous location ---
   at Microsoft.AspNetCore.Server.Kestrel.Core.Internal.AddressBinder.BindEndpointAsync(ListenOptions endpoint, AddressBindContext context, CancellationToken cancellationToken)
   --- End of inner exception stack trace ---
   at Microsoft.AspNetCore.Server.Kestrel.Core.Internal.AddressBinder.BindEndpointAsync(ListenOptions endpoint, AddressBindContext context, CancellationToken cancellationToken)
   at Microsoft.AspNetCore.Server.Kestrel.Core.LocalhostListenOptions.BindAsync(AddressBindContext context, CancellationToken cancellationToken)
   at Microsoft.AspNetCore.Server.Kestrel.Core.Internal.AddressBinder.AddressesStrategy.BindAsync(AddressBindContext context, CancellationToken cancellationToken)
   at Microsoft.AspNetCore.Server.Kestrel.Core.Internal.AddressBinder.BindAsync(ListenOptions[] listenOptions, AddressBindContext context, Func`2 useHttps, CancellationToken cancellationToken)
   at Microsoft.AspNetCore.Server.Kestrel.Core.KestrelServerImpl.BindAsync(CancellationToken cancellationToken)
   at Microsoft.AspNetCore.Server.Kestrel.Core.KestrelServerImpl.StartAsync[TContext](IHttpApplication`1 application, CancellationToken cancellationToken)
   at Microsoft.AspNetCore.Hosting.GenericWebHostService.StartAsync(CancellationToken cancellationToken)
   at Microsoft.Extensions.Hosting.Internal.Host.<StartAsync>b__15_1(IHostedService service, CancellationToken token)
   at Microsoft.Extensions.Hosting.Internal.Host.ForeachService[T](IEnumerable`1 services, CancellationToken token, Boolean concurrent, Boolean abortOnFirstException, List`1 exceptions, Func`3 operation)
2026-04-19 19:49:55.700 +05:30 [FTL]  | CorrelationId: | Application terminated unexpectedly
System.IO.IOException: Failed to bind to address http://127.0.0.1:5092: address already in use.
 ---> Microsoft.AspNetCore.Connections.AddressInUseException: Only one usage of each socket address (protocol/network address/port) is normally permitted.
 ---> System.Net.Sockets.SocketException (10048): Only one usage of each socket address (protocol/network address/port) is normally permitted.
   at System.Net.Sockets.Socket.UpdateStatusAfterSocketErrorAndThrowException(SocketError error, Boolean disconnectOnFailure, String callerName)
   at System.Net.Sockets.Socket.DoBind(EndPoint endPointSnapshot, SocketAddress socketAddress)
   at System.Net.Sockets.Socket.Bind(EndPoint localEP)
   at Microsoft.AspNetCore.Server.Kestrel.Transport.Sockets.SocketTransportOptions.CreateDefaultBoundListenSocket(EndPoint endpoint)
   at Microsoft.AspNetCore.Server.Kestrel.Transport.Sockets.SocketConnectionListener.Bind()
   --- End of inner exception stack trace ---
   at Microsoft.AspNetCore.Server.Kestrel.Transport.Sockets.SocketConnectionListener.Bind()
   at Microsoft.AspNetCore.Server.Kestrel.Transport.Sockets.SocketTransportFactory.BindAsync(EndPoint endpoint, CancellationToken cancellationToken)
   at Microsoft.AspNetCore.Server.Kestrel.Core.Internal.Infrastructure.TransportManager.BindAsync(EndPoint endPoint, ConnectionDelegate connectionDelegate, EndpointConfig endpointConfig, CancellationToken cancellationToken)
   at Microsoft.AspNetCore.Server.Kestrel.Core.KestrelServerImpl.<>c__DisplayClass28_0`1.<<StartAsync>g__OnBind|0>d.MoveNext()
--- End of stack trace from previous location ---
   at Microsoft.AspNetCore.Server.Kestrel.Core.Internal.AddressBinder.BindEndpointAsync(ListenOptions endpoint, AddressBindContext context, CancellationToken cancellationToken)
   --- End of inner exception stack trace ---
   at Microsoft.AspNetCore.Server.Kestrel.Core.Internal.AddressBinder.BindEndpointAsync(ListenOptions endpoint, AddressBindContext context, CancellationToken cancellationToken)
   at Microsoft.AspNetCore.Server.Kestrel.Core.LocalhostListenOptions.BindAsync(AddressBindContext context, CancellationToken cancellationToken)
   at Microsoft.AspNetCore.Server.Kestrel.Core.Internal.AddressBinder.AddressesStrategy.BindAsync(AddressBindContext context, CancellationToken cancellationToken)
   at Microsoft.AspNetCore.Server.Kestrel.Core.Internal.AddressBinder.BindAsync(ListenOptions[] listenOptions, AddressBindContext context, Func`2 useHttps, CancellationToken cancellationToken)
   at Microsoft.AspNetCore.Server.Kestrel.Core.KestrelServerImpl.BindAsync(CancellationToken cancellationToken)
   at Microsoft.AspNetCore.Server.Kestrel.Core.KestrelServerImpl.StartAsync[TContext](IHttpApplication`1 application, CancellationToken cancellationToken)
   at Microsoft.AspNetCore.Hosting.GenericWebHostService.StartAsync(CancellationToken cancellationToken)
   at Microsoft.Extensions.Hosting.Internal.Host.<StartAsync>b__15_1(IHostedService service, CancellationToken token)
   at Microsoft.Extensions.Hosting.Internal.Host.ForeachService[T](IEnumerable`1 services, CancellationToken token, Boolean concurrent, Boolean abortOnFirstException, List`1 exceptions, Func`3 operation)
   at Microsoft.Extensions.Hosting.Internal.Host.StartAsync(CancellationToken cancellationToken)
   at Microsoft.Extensions.Hosting.HostingAbstractionsHostExtensions.RunAsync(IHost host, CancellationToken token)
   at Microsoft.Extensions.Hosting.HostingAbstractionsHostExtensions.RunAsync(IHost host, CancellationToken token)
   at Microsoft.Extensions.Hosting.HostingAbstractionsHostExtensions.Run(IHost host)
   at Program.<Main>$(String[] args) in C:\Vitana\Vitana Group\sms-api\Program.cs:line 513
2026-04-19 20:07:39.300 +05:30 [INF]  | CorrelationId: | Using distributed in-memory cache (development only)
2026-04-19 20:07:41.140 +05:30 [WRN] Microsoft.EntityFrameworkCore.Model.Validation | CorrelationId: | Entity 'Staff' has a global query filter defined and is the required end of a relationship with the entity 'Certificate'. This may lead to unexpected results when the required entity is filtered out. Either configure the navigation as optional, or define matching query filters for both entities in the navigation. See https://go.microsoft.com/fwlink/?linkid=2131316 for more information.
2026-04-19 20:07:41.143 +05:30 [WRN] Microsoft.EntityFrameworkCore.Model.Validation | CorrelationId: | Entity 'School' has a global query filter defined and is the required end of a relationship with the entity 'CertificateTemplate'. This may lead to unexpected results when the required entity is filtered out. Either configure the navigation as optional, or define matching query filters for both entities in the navigation. See https://go.microsoft.com/fwlink/?linkid=2131316 for more information.
2026-04-19 20:07:41.149 +05:30 [WRN] Microsoft.EntityFrameworkCore.Model.Validation | CorrelationId: | Entity 'School' has a global query filter defined and is the required end of a relationship with the entity 'Document'. This may lead to unexpected results when the required entity is filtered out. Either configure the navigation as optional, or define matching query filters for both entities in the navigation. See https://go.microsoft.com/fwlink/?linkid=2131316 for more information.
2026-04-19 20:07:41.153 +05:30 [WRN] Microsoft.EntityFrameworkCore.Model.Validation | CorrelationId: | Entity 'School' has a global query filter defined and is the required end of a relationship with the entity 'DocumentCategory'. This may lead to unexpected results when the required entity is filtered out. Either configure the navigation as optional, or define matching query filters for both entities in the navigation. See https://go.microsoft.com/fwlink/?linkid=2131316 for more information.
2026-04-19 20:07:41.157 +05:30 [WRN] Microsoft.EntityFrameworkCore.Model.Validation | CorrelationId: | Entity 'School' has a global query filter defined and is the required end of a relationship with the entity 'FeeAuditLog'. This may lead to unexpected results when the required entity is filtered out. Either configure the navigation as optional, or define matching query filters for both entities in the navigation. See https://go.microsoft.com/fwlink/?linkid=2131316 for more information.
2026-04-19 20:07:41.161 +05:30 [WRN] Microsoft.EntityFrameworkCore.Model.Validation | CorrelationId: | Entity 'School' has a global query filter defined and is the required end of a relationship with the entity 'Holiday'. This may lead to unexpected results when the required entity is filtered out. Either configure the navigation as optional, or define matching query filters for both entities in the navigation. See https://go.microsoft.com/fwlink/?linkid=2131316 for more information.
2026-04-19 20:07:41.164 +05:30 [WRN] Microsoft.EntityFrameworkCore.Model.Validation | CorrelationId: | Entity 'School' has a global query filter defined and is the required end of a relationship with the entity 'IDCard'. This may lead to unexpected results when the required entity is filtered out. Either configure the navigation as optional, or define matching query filters for both entities in the navigation. See https://go.microsoft.com/fwlink/?linkid=2131316 for more information.
2026-04-19 20:07:41.167 +05:30 [WRN] Microsoft.EntityFrameworkCore.Model.Validation | CorrelationId: | Entity 'School' has a global query filter defined and is the required end of a relationship with the entity 'IDCardTemplate'. This may lead to unexpected results when the required entity is filtered out. Either configure the navigation as optional, or define matching query filters for both entities in the navigation. See https://go.microsoft.com/fwlink/?linkid=2131316 for more information.
2026-04-19 20:07:41.170 +05:30 [WRN] Microsoft.EntityFrameworkCore.Model.Validation | CorrelationId: | Entity 'UserLogin' has a global query filter defined and is the required end of a relationship with the entity 'PasswordResetToken'. This may lead to unexpected results when the required entity is filtered out. Either configure the navigation as optional, or define matching query filters for both entities in the navigation. See https://go.microsoft.com/fwlink/?linkid=2131316 for more information.
2026-04-19 20:07:41.173 +05:30 [WRN] Microsoft.EntityFrameworkCore.Model.Validation | CorrelationId: | Entity 'School' has a global query filter defined and is the required end of a relationship with the entity 'PromotionHistory'. This may lead to unexpected results when the required entity is filtered out. Either configure the navigation as optional, or define matching query filters for both entities in the navigation. See https://go.microsoft.com/fwlink/?linkid=2131316 for more information.
2026-04-19 20:07:41.259 +05:30 [WRN] Microsoft.EntityFrameworkCore.Model.Validation | CorrelationId: | The foreign key property 'Staff.ReportingToId1' was created in shadow state because a conflicting property with the simple name 'ReportingToId' exists in the entity type, but is either not mapped, is already used for another relationship, or is incompatible with the associated primary key type. See https://aka.ms/efcore-relationships for information on mapping relationships in EF Core.
2026-04-19 20:07:42.338 +05:30 [INF] Program | CorrelationId: | Database migrations applied successfully.
2026-04-19 20:07:43.188 +05:30 [INF] Microsoft.Hosting.Lifetime | CorrelationId: | Now listening on: http://localhost:5092
2026-04-19 20:07:43.189 +05:30 [INF] Microsoft.Hosting.Lifetime | CorrelationId: | Application started. Press Ctrl+C to shut down.
2026-04-19 20:07:43.191 +05:30 [INF] Microsoft.Hosting.Lifetime | CorrelationId: | Hosting environment: Development
2026-04-19 20:07:43.192 +05:30 [INF] Microsoft.Hosting.Lifetime | CorrelationId: | Content root path: C:\Vitana\Vitana Group\sms-api
2026-04-19 20:10:38.315 +05:30 [WRN] Microsoft.AspNetCore.HttpsPolicy.HttpsRedirectionMiddleware | CorrelationId:f54d7b5826234e79b3386cfd512da13a | Failed to determine the https port for redirect.
2026-04-19 20:10:38.659 +05:30 [INF] Serilog.AspNetCore.RequestLoggingMiddleware | CorrelationId:f54d7b5826234e79b3386cfd512da13a | HTTP POST /api/auth/login responded 400 in 360.7773 ms
2026-04-19 20:10:38.751 +05:30 [INF] Serilog.AspNetCore.RequestLoggingMiddleware | CorrelationId:e9e287a716164172a63badb087feeeef | HTTP POST /api/students responded 401 in 14.9984 ms
2026-04-19 20:10:38.769 +05:30 [INF] Serilog.AspNetCore.RequestLoggingMiddleware | CorrelationId:9723f5810b594b2f85028f4e4b90feb7 | HTTP POST /api/hostel/rooms responded 401 in 2.4625 ms
2026-04-19 20:10:38.807 +05:30 [INF] Serilog.AspNetCore.RequestLoggingMiddleware | CorrelationId:528ccbef398d4fc49390e6302072e551 | HTTP GET /api/hostel/rooms responded 401 in 4.0788 ms
2026-04-19 20:10:38.842 +05:30 [INF] Serilog.AspNetCore.RequestLoggingMiddleware | CorrelationId:6cd0105a622041c8816643dbb9c640c3 | HTTP POST /api/hostel/rooms responded 401 in 0.3331 ms
2026-04-19 20:10:38.870 +05:30 [INF] Serilog.AspNetCore.RequestLoggingMiddleware | CorrelationId:ce1d6b81fdbf40d2a12f5fcbb0ffc8ef | HTTP POST /api/hostel/rooms responded 401 in 0.2929 ms
2026-04-19 20:10:38.898 +05:30 [INF] Serilog.AspNetCore.RequestLoggingMiddleware | CorrelationId:5c8e561d68d5428ebf08c3e46a5333b0 | HTTP POST /api/hostel/rooms responded 401 in 0.2747 ms
2026-04-19 20:10:38.939 +05:30 [INF] Serilog.AspNetCore.RequestLoggingMiddleware | CorrelationId:0bfb0944fcb242ad975120cb58d0badc | HTTP POST /api/hostel/rooms responded 401 in 0.3867 ms
2026-04-19 20:10:38.953 +05:30 [INF] Serilog.AspNetCore.RequestLoggingMiddleware | CorrelationId:f116ee5df5634f028e066b3c9369ade8 | HTTP POST /api/hostel/rooms responded 401 in 0.3153 ms
2026-04-19 20:10:38.984 +05:30 [INF] Serilog.AspNetCore.RequestLoggingMiddleware | CorrelationId:f891e0308bc04d76a6e6042fd62d0fda | HTTP POST /api/students responded 401 in 0.2576 ms
2026-04-19 20:10:39.008 +05:30 [INF] Serilog.AspNetCore.RequestLoggingMiddleware | CorrelationId:345264a2553a4f7892a364392c62b275 | HTTP POST /api/students responded 401 in 0.4012 ms
2026-04-19 20:10:39.020 +05:30 [INF] Serilog.AspNetCore.RequestLoggingMiddleware | CorrelationId:82260a9d1c4f4235b01076008ea1ffd5 | HTTP POST /api/hostel/rooms responded 401 in 0.3285 ms
2026-04-19 20:10:39.086 +05:30 [INF] Serilog.AspNetCore.RequestLoggingMiddleware | CorrelationId:0c80f12fb7aa461bab0ce64229ef5352 | HTTP POST /api/students responded 401 in 0.2988 ms
2026-04-19 20:10:39.130 +05:30 [INF] Serilog.AspNetCore.RequestLoggingMiddleware | CorrelationId:5e579e043c054b2abd201e35d73a150c | HTTP POST /api/students responded 401 in 0.2792 ms
2026-04-19 20:10:39.214 +05:30 [INF] Serilog.AspNetCore.RequestLoggingMiddleware | CorrelationId:18061e5ceec24f4385267e09d87d5631 | HTTP POST /api/hostel/rooms responded 401 in 0.4495 ms
2026-04-19 20:10:39.236 +05:30 [INF] Serilog.AspNetCore.RequestLoggingMiddleware | CorrelationId:c7f095251f2945dc9f5d5f600b7131fa | HTTP POST /api/students responded 401 in 0.2820 ms
2026-04-19 20:10:39.252 +05:30 [INF] Serilog.AspNetCore.RequestLoggingMiddleware | CorrelationId:2b9cd11905314d56b3861a6c51745daa | HTTP GET /api/hostel/rooms responded 401 in 0.4535 ms
2026-04-19 20:10:39.262 +05:30 [INF] Serilog.AspNetCore.RequestLoggingMiddleware | CorrelationId:723b61d73f774ba3a6ae0bbc52c04dd8 | HTTP POST /api/hostel/rooms responded 401 in 0.1614 ms
2026-04-19 20:10:39.274 +05:30 [INF] Serilog.AspNetCore.RequestLoggingMiddleware | CorrelationId:f5b7049a5401447ba21505bb9d253ab4 | HTTP GET /api/hostel/rooms responded 401 in 0.3948 ms
2026-04-19 20:10:39.285 +05:30 [INF] Serilog.AspNetCore.RequestLoggingMiddleware | CorrelationId:dd5f1f405a8440b1a90f2c2dcf8955d9 | HTTP GET /api/hostel/rooms responded 401 in 0.3739 ms
2026-04-19 20:10:39.296 +05:30 [INF] Serilog.AspNetCore.RequestLoggingMiddleware | CorrelationId:2ee671e7b82c4f8db1826415dae7e3e4 | HTTP GET /api/hostel/rooms responded 401 in 0.2819 ms
2026-04-19 20:10:39.320 +05:30 [INF] Serilog.AspNetCore.RequestLoggingMiddleware | CorrelationId:e3d3907e3865438c915cf4574bc562a4 | HTTP GET /api/hostel/rooms/98094ec4-f195-465a-afb9-0c7d720e4d8a responded 401 in 0.3454 ms
2026-04-19 20:10:39.333 +05:30 [INF] Serilog.AspNetCore.RequestLoggingMiddleware | CorrelationId:51a649e20a45467c8f163140462df3f0 | HTTP PUT /api/hostel/rooms/98094ec4-f195-465a-afb9-0c7d720e4d8a responded 401 in 0.3291 ms
2026-04-19 20:10:39.346 +05:30 [INF] Serilog.AspNetCore.RequestLoggingMiddleware | CorrelationId:d7b3ae54a9f746c0a778fc9031c380c0 | HTTP DELETE /api/hostel/rooms/98094ec4-f195-465a-afb9-0c7d720e4d8a responded 401 in 0.2959 ms
2026-04-19 20:10:39.361 +05:30 [INF] Serilog.AspNetCore.RequestLoggingMiddleware | CorrelationId:8283524a7e99420ab85a4d6b429ce3fe | HTTP POST /api/hostel/rooms responded 401 in 0.4458 ms
2026-04-19 20:37:25.443 +05:30 [INF] Serilog.AspNetCore.RequestLoggingMiddleware | CorrelationId:0925adb8101e4b7e84cfcfad6ff2ecf4 | HTTP OPTIONS /api/academics/academic-years responded 204 in 21.1056 ms
2026-04-19 20:37:25.443 +05:30 [INF] Serilog.AspNetCore.RequestLoggingMiddleware | CorrelationId:f979d40e2d7140ee881c5dc0416c0d5d | HTTP OPTIONS /api/academics/academic-years responded 204 in 21.1057 ms
2026-04-19 20:37:25.474 +05:30 [INF] Serilog.AspNetCore.RequestLoggingMiddleware | CorrelationId:962ecc29abd0446b9011b142443c8e15 | HTTP GET /api/academics/academic-years responded 401 in 10.2937 ms
2026-04-19 20:37:25.474 +05:30 [INF] Serilog.AspNetCore.RequestLoggingMiddleware | CorrelationId:dbef0478a58e43cd98e98bab4a2ee4b3 | HTTP GET /api/academics/academic-years responded 401 in 10.2936 ms
2026-04-19 20:37:34.777 +05:30 [INF] Serilog.AspNetCore.RequestLoggingMiddleware | CorrelationId:2302fdcb1a964e4fa004c46b738eee8d | HTTP OPTIONS /api/auth/login responded 204 in 39.4382 ms
2026-04-19 20:37:35.195 +05:30 [INF] SmsApi.Middleware.LoggingActionFilter | CorrelationId:5ad5e480ef0d4669af66b594162a485b | API Request: POST /api/auth/login | User: Unknown | School: Unknown
2026-04-19 20:37:36.835 +05:30 [INF] SmsApi.Controllers.AuthController | CorrelationId:5ad5e480ef0d4669af66b594162a485b | Login successful for admin (SchoolId: "550e8400-e29b-41d4-a716-446655440000")
2026-04-19 20:37:36.853 +05:30 [INF] SmsApi.Middleware.LoggingActionFilter | CorrelationId:5ad5e480ef0d4669af66b594162a485b | API Response: POST /api/auth/login | Status: 200 | Duration: 1660ms
2026-04-19 20:37:37.019 +05:30 [INF] Serilog.AspNetCore.RequestLoggingMiddleware | CorrelationId:5ad5e480ef0d4669af66b594162a485b | HTTP POST /api/auth/login responded 200 in 1944.3852 ms
2026-04-19 20:37:37.106 +05:30 [WRN] SmsApi.Infrastructure.Performance.PerformanceMonitoringMiddleware | CorrelationId: | Slow request: POST /api/auth/login took 1918ms — status 200.
2026-04-19 20:37:37.409 +05:30 [INF] Serilog.AspNetCore.RequestLoggingMiddleware | CorrelationId:9a2f3da3e03344878b99607038125ba3 | HTTP OPTIONS /api/staff responded 204 in 0.2144 ms
2026-04-19 20:37:37.415 +05:30 [INF] Serilog.AspNetCore.RequestLoggingMiddleware | CorrelationId:166ff2b14c99441183adf2522e6eabcc | HTTP OPTIONS /api/Attendance/records responded 204 in 0.1840 ms
2026-04-19 20:37:37.419 +05:30 [INF] Serilog.AspNetCore.RequestLoggingMiddleware | CorrelationId:be37dc1770ba497e88ec159100f3dc50 | HTTP OPTIONS /api/students responded 204 in 18.7687 ms
2026-04-19 20:37:38.216 +05:30 [WRN] SmsApi.Infrastructure.Performance.PerformanceMonitoringMiddleware | CorrelationId: | Slow request: OPTIONS /api/students took 815ms — status 204.
2026-04-19 20:37:37.461 +05:30 [INF] Serilog.AspNetCore.RequestLoggingMiddleware | CorrelationId:aea22cdb28584274bed6e504b97f764b | HTTP OPTIONS /api/fees/stats responded 204 in 0.1020 ms
2026-04-19 20:37:38.191 +05:30 [WRN] SmsApi.Infrastructure.Performance.PerformanceMonitoringMiddleware | CorrelationId: | Slow request: OPTIONS /api/Attendance/records took 775ms — status 204.
2026-04-19 20:37:37.435 +05:30 [INF] Serilog.AspNetCore.RequestLoggingMiddleware | CorrelationId:15f52fd1235c48f695d76b8743e5b1c6 | HTTP OPTIONS /api/settings/school/me responded 204 in 0.1102 ms
2026-04-19 20:37:38.513 +05:30 [WRN] SmsApi.Infrastructure.Performance.PerformanceMonitoringMiddleware | CorrelationId: | Slow request: OPTIONS /api/fees/stats took 1051ms — status 204.
2026-04-19 20:37:38.521 +05:30 [INF] Serilog.AspNetCore.RequestLoggingMiddleware | CorrelationId:4c5375b4eeed445e9f0cfe67bd21d077 | HTTP OPTIONS /api/students responded 204 in 1.4898 ms
2026-04-19 20:37:38.567 +05:30 [INF] Serilog.AspNetCore.RequestLoggingMiddleware | CorrelationId:dfd91f92923e47a798e901ea53924bf9 | HTTP OPTIONS /api/staff responded 204 in 0.1998 ms
2026-04-19 20:37:39.163 +05:30 [INF] Serilog.AspNetCore.RequestLoggingMiddleware | CorrelationId:5ef47e55fffb4e768ee4b86ddc233c53 | HTTP OPTIONS /api/Attendance/records responded 204 in 0.1299 ms
2026-04-19 20:37:40.819 +05:30 [WRN] SmsApi.Infrastructure.Performance.PerformanceMonitoringMiddleware | CorrelationId: | Slow request: OPTIONS /api/Attendance/records took 1655ms — status 204.
2026-04-19 20:37:40.759 +05:30 [ERR] SmsApi.Infrastructure.Performance.PerformanceMonitoringMiddleware | CorrelationId: | SLA BREACH: OPTIONS /api/students took 2238ms — status 204. Investigate immediately.
2026-04-19 20:37:40.818 +05:30 [ERR] SmsApi.Infrastructure.Performance.PerformanceMonitoringMiddleware | CorrelationId: | SLA BREACH: OPTIONS /api/staff took 2250ms — status 204. Investigate immediately.
2026-04-19 20:37:39.737 +05:30 [ERR] SmsApi.Infrastructure.Performance.PerformanceMonitoringMiddleware | CorrelationId: | SLA BREACH: OPTIONS /api/settings/school/me took 2301ms — status 204. Investigate immediately.
2026-04-19 20:37:40.834 +05:30 [INF] Serilog.AspNetCore.RequestLoggingMiddleware | CorrelationId:5ac811821d4044c79f54681ddbbcc60c | HTTP OPTIONS /api/fees/stats responded 204 in 0.7078 ms
2026-04-19 20:37:42.610 +05:30 [INF] Serilog.AspNetCore.RequestLoggingMiddleware | CorrelationId:65e930c2b5be4975b9603ab63412bb4a | HTTP OPTIONS /api/students responded 204 in 2.1802 ms
2026-04-19 20:37:42.679 +05:30 [INF] Serilog.AspNetCore.RequestLoggingMiddleware | CorrelationId:a4b506e1d1f54b76818cc2fadc89b4d6 | HTTP OPTIONS /api/staff responded 204 in 0.0732 ms
2026-04-19 20:37:42.741 +05:30 [INF] Serilog.AspNetCore.RequestLoggingMiddleware | CorrelationId:2fce907ff30c4561a879f40d364aa612 | HTTP OPTIONS /api/Attendance/records responded 204 in 0.1281 ms
2026-04-19 20:37:42.741 +05:30 [INF] Serilog.AspNetCore.RequestLoggingMiddleware | CorrelationId:325e0dc96fec4ec0b32ba208263f126f | HTTP OPTIONS /api/fees/stats responded 204 in 0.0300 ms
2026-04-19 20:37:42.752 +05:30 [INF] Serilog.AspNetCore.RequestLoggingMiddleware | CorrelationId:4eacad06a9e64b2e9bb7e69211a6d801 | HTTP OPTIONS /api/academics/academic-years responded 204 in 0.4619 ms
2026-04-19 20:37:42.981 +05:30 [INF] Serilog.AspNetCore.RequestLoggingMiddleware | CorrelationId:b0623ef080804a31bf968301df39e6a8 | HTTP OPTIONS /api/students responded 204 in 0.1146 ms
2026-04-19 20:37:43.031 +05:30 [INF] Serilog.AspNetCore.RequestLoggingMiddleware | CorrelationId:3952482759bc429f97e9371f7c94ac06 | HTTP OPTIONS /api/staff responded 204 in 0.0613 ms
2026-04-19 20:37:43.247 +05:30 [INF] Serilog.AspNetCore.RequestLoggingMiddleware | CorrelationId:4347d2388d324f4ea584afdc87f2b613 | HTTP OPTIONS /api/Attendance/records responded 204 in 0.0604 ms
2026-04-19 20:37:43.252 +05:30 [WRN] SmsApi.Infrastructure.Performance.PerformanceMonitoringMiddleware | CorrelationId: | Slow request: OPTIONS /api/fees/stats took 511ms — status 204.
2026-04-19 20:37:43.275 +05:30 [WRN] SmsApi.Infrastructure.Performance.PerformanceMonitoringMiddleware | CorrelationId: | Slow request: OPTIONS /api/academics/academic-years took 522ms — status 204.
2026-04-19 20:37:43.294 +05:30 [INF] Serilog.AspNetCore.RequestLoggingMiddleware | CorrelationId:f167c802b722417193504b721fe31f04 | HTTP OPTIONS /api/fees/stats responded 204 in 0.0668 ms
2026-04-19 20:37:43.301 +05:30 [INF] Serilog.AspNetCore.RequestLoggingMiddleware | CorrelationId:fa99ae19efc2473690d320337f7fdcfb | HTTP OPTIONS /api/academics/academic-years responded 204 in 0.0806 ms
2026-04-19 20:37:43.348 +05:30 [INF] Serilog.AspNetCore.RequestLoggingMiddleware | CorrelationId:2b2a97fd4b804a96bf7b1cb47941d80d | HTTP OPTIONS /api/settings/school/me responded 204 in 0.1091 ms
2026-04-19 20:37:43.912 +05:30 [INF] SmsApi.Middleware.LoggingActionFilter | CorrelationId:744e2d6b285f42d79e3969bd396504f6 | API Request: GET /api/staff | User: Unknown | School: 550e8400-e29b-41d4-a716-446655440000
2026-04-19 20:37:43.912 +05:30 [INF] SmsApi.Middleware.LoggingActionFilter | CorrelationId:aa1d97a21686433cb8724cf27a683689 | API Request: GET /api/students | User: Unknown | School: 550e8400-e29b-41d4-a716-446655440000
2026-04-19 20:37:43.931 +05:30 [INF] SmsApi.Middleware.LoggingActionFilter | CorrelationId:9b158e3459494ff8b29a2a3608c6f8c4 | API Request: GET /api/Attendance/records | User: Unknown | School: 550e8400-e29b-41d4-a716-446655440000
2026-04-19 20:37:43.931 +05:30 [INF] SmsApi.Middleware.LoggingActionFilter | CorrelationId:4da1f473ceeb4d60b8d87c507aabff7d | API Request: GET /api/Attendance/records | User: Unknown | School: 550e8400-e29b-41d4-a716-446655440000
2026-04-19 20:37:44.067 +05:30 [INF] SmsApi.Middleware.LoggingActionFilter | CorrelationId:fa3645b0d2bc4a5284ff55eeb1225ffa | API Request: GET /api/students | User: Unknown | School: 550e8400-e29b-41d4-a716-446655440000
2026-04-19 20:37:44.147 +05:30 [INF] SmsApi.Middleware.LoggingActionFilter | CorrelationId:cfc91065982c4236bbcf76100be7a009 | API Request: GET /api/staff | User: Unknown | School: 550e8400-e29b-41d4-a716-446655440000
2026-04-19 20:37:44.266 +05:30 [INF] SmsApi.Middleware.LoggingActionFilter | CorrelationId:744e2d6b285f42d79e3969bd396504f6 | API Response: GET /api/staff | Status: 200 | Duration: 353ms
2026-04-19 20:37:44.321 +05:30 [INF] SmsApi.Middleware.LoggingActionFilter | CorrelationId:aa1d97a21686433cb8724cf27a683689 | API Response: GET /api/students | Status: 200 | Duration: 409ms
2026-04-19 20:37:44.334 +05:30 [INF] SmsApi.Middleware.LoggingActionFilter | CorrelationId:fa3645b0d2bc4a5284ff55eeb1225ffa | API Response: GET /api/students | Status: 200 | Duration: 267ms
2026-04-19 20:37:44.341 +05:30 [INF] SmsApi.Middleware.LoggingActionFilter | CorrelationId:cfc91065982c4236bbcf76100be7a009 | API Response: GET /api/staff | Status: 200 | Duration: 194ms
2026-04-19 20:37:44.342 +05:30 [INF] Serilog.AspNetCore.RequestLoggingMiddleware | CorrelationId:744e2d6b285f42d79e3969bd396504f6 | HTTP GET /api/staff responded 200 in 966.3390 ms
2026-04-19 20:37:44.360 +05:30 [INF] Serilog.AspNetCore.RequestLoggingMiddleware | CorrelationId:aa1d97a21686433cb8724cf27a683689 | HTTP GET /api/students responded 200 in 980.6412 ms
2026-04-19 20:37:44.360 +05:30 [INF] Serilog.AspNetCore.RequestLoggingMiddleware | CorrelationId:fa3645b0d2bc4a5284ff55eeb1225ffa | HTTP GET /api/students responded 200 in 934.3240 ms
2026-04-19 20:37:44.369 +05:30 [INF] Serilog.AspNetCore.RequestLoggingMiddleware | CorrelationId:cfc91065982c4236bbcf76100be7a009 | HTTP GET /api/staff responded 200 in 820.8609 ms
2026-04-19 20:37:44.372 +05:30 [WRN] SmsApi.Infrastructure.Performance.PerformanceMonitoringMiddleware | CorrelationId: | Slow request: GET /api/staff took 966ms — status 200.
2026-04-19 20:37:44.382 +05:30 [WRN] SmsApi.Infrastructure.Performance.PerformanceMonitoringMiddleware | CorrelationId: | Slow request: GET /api/students took 980ms — status 200.
2026-04-19 20:37:44.384 +05:30 [WRN] SmsApi.Infrastructure.Performance.PerformanceMonitoringMiddleware | CorrelationId: | Slow request: GET /api/students took 934ms — status 200.
2026-04-19 20:37:44.385 +05:30 [WRN] SmsApi.Infrastructure.Performance.PerformanceMonitoringMiddleware | CorrelationId: | Slow request: GET /api/staff took 820ms — status 200.
2026-04-19 20:37:44.398 +05:30 [INF] SmsApi.Middleware.LoggingActionFilter | CorrelationId:9b158e3459494ff8b29a2a3608c6f8c4 | API Response: GET /api/Attendance/records | Status: 200 | Duration: 466ms
2026-04-19 20:37:44.398 +05:30 [INF] SmsApi.Middleware.LoggingActionFilter | CorrelationId:4da1f473ceeb4d60b8d87c507aabff7d | API Response: GET /api/Attendance/records | Status: 200 | Duration: 467ms
2026-04-19 20:37:44.446 +05:30 [INF] Serilog.AspNetCore.RequestLoggingMiddleware | CorrelationId:9b158e3459494ff8b29a2a3608c6f8c4 | HTTP GET /api/Attendance/records responded 200 in 894.6734 ms
2026-04-19 20:37:44.446 +05:30 [INF] Serilog.AspNetCore.RequestLoggingMiddleware | CorrelationId:4da1f473ceeb4d60b8d87c507aabff7d | HTTP GET /api/Attendance/records responded 200 in 1034.2357 ms
2026-04-19 20:37:44.450 +05:30 [INF] SmsApi.Middleware.LoggingActionFilter | CorrelationId:d197f1a6d841427db309f9e3bbd5e379 | API Request: GET /api/academics/academic-years | User: Unknown | School: 550e8400-e29b-41d4-a716-446655440000
2026-04-19 20:37:44.464 +05:30 [INF] SmsApi.Middleware.LoggingActionFilter | CorrelationId:8208860a94c34e2fa28d6e94102a7413 | API Request: GET /api/fees/stats | User: Unknown | School: 550e8400-e29b-41d4-a716-446655440000
2026-04-19 20:37:44.467 +05:30 [WRN] SmsApi.Infrastructure.Performance.PerformanceMonitoringMiddleware | CorrelationId: | Slow request: GET /api/Attendance/records took 894ms — status 200.
2026-04-19 20:37:44.471 +05:30 [WRN] SmsApi.Infrastructure.Performance.PerformanceMonitoringMiddleware | CorrelationId: | Slow request: GET /api/Attendance/records took 1034ms — status 200.
2026-04-19 20:37:44.495 +05:30 [INF] SmsApi.Middleware.LoggingActionFilter | CorrelationId:323007c1e3f7439c8dd7695ef9be3150 | API Request: GET /api/fees/stats | User: Unknown | School: 550e8400-e29b-41d4-a716-446655440000
2026-04-19 20:37:44.541 +05:30 [INF] SmsApi.Middleware.LoggingActionFilter | CorrelationId:ea991d8b884747b496692ae10779fdb4 | API Request: GET /api/academics/academic-years | User: Unknown | School: 550e8400-e29b-41d4-a716-446655440000
2026-04-19 20:37:44.601 +05:30 [INF] SmsApi.Middleware.LoggingActionFilter | CorrelationId:d197f1a6d841427db309f9e3bbd5e379 | API Response: GET /api/academics/academic-years | Status: 200 | Duration: 150ms
2026-04-19 20:37:44.628 +05:30 [INF] SmsApi.Middleware.LoggingActionFilter | CorrelationId:54745a780e7e400abbc68f095b2b9782 | API Request: GET /api/settings/school/me | User: Unknown | School: 550e8400-e29b-41d4-a716-446655440000
2026-04-19 20:37:44.677 +05:30 [INF] Serilog.AspNetCore.RequestLoggingMiddleware | CorrelationId:d197f1a6d841427db309f9e3bbd5e379 | HTTP GET /api/academics/academic-years responded 200 in 253.4280 ms
2026-04-19 20:37:44.703 +05:30 [INF] SmsApi.Middleware.LoggingActionFilter | CorrelationId:ea991d8b884747b496692ae10779fdb4 | API Response: GET /api/academics/academic-years | Status: 200 | Duration: 162ms
2026-04-19 20:37:44.716 +05:30 [INF] SmsApi.Middleware.LoggingActionFilter | CorrelationId:54745a780e7e400abbc68f095b2b9782 | API Response: GET /api/settings/school/me | Status: 200 | Duration: 88ms
2026-04-19 20:37:44.720 +05:30 [INF] Serilog.AspNetCore.RequestLoggingMiddleware | CorrelationId:ea991d8b884747b496692ae10779fdb4 | HTTP GET /api/academics/academic-years responded 200 in 199.1413 ms
2026-04-19 20:37:44.740 +05:30 [INF] Serilog.AspNetCore.RequestLoggingMiddleware | CorrelationId:54745a780e7e400abbc68f095b2b9782 | HTTP GET /api/settings/school/me responded 200 in 131.1267 ms
2026-04-19 20:37:44.932 +05:30 [INF] Serilog.AspNetCore.RequestLoggingMiddleware | CorrelationId:ba5263dc4ee24b8794099defca5450bb | HTTP OPTIONS /api/hostel/rooms responded 204 in 0.0619 ms
2026-04-19 20:37:45.018 +05:30 [INF] Serilog.AspNetCore.RequestLoggingMiddleware | CorrelationId:bdd83ac9615145169c0373c8ac28f630 | HTTP OPTIONS /api/hostel/rooms responded 204 in 29.8764 ms
2026-04-19 20:37:45.265 +05:30 [INF] SmsApi.Middleware.LoggingActionFilter | CorrelationId:8208860a94c34e2fa28d6e94102a7413 | API Response: GET /api/fees/stats | Status: 200 | Duration: 801ms
2026-04-19 20:37:45.265 +05:30 [INF] SmsApi.Middleware.LoggingActionFilter | CorrelationId:323007c1e3f7439c8dd7695ef9be3150 | API Response: GET /api/fees/stats | Status: 200 | Duration: 770ms
2026-04-19 20:37:45.271 +05:30 [INF] SmsApi.Middleware.LoggingActionFilter | CorrelationId:dca678a8e7ea437ab58534fae734dbb3 | API Request: GET /api/hostel/rooms | User: Unknown | School: 550e8400-e29b-41d4-a716-446655440000
2026-04-19 20:37:45.271 +05:30 [INF] SmsApi.Middleware.LoggingActionFilter | CorrelationId:1b91d95c6c0441dd840f2899d4599c9b | API Request: GET /api/hostel/rooms | User: Unknown | School: 550e8400-e29b-41d4-a716-446655440000
2026-04-19 20:37:45.301 +05:30 [INF] Serilog.AspNetCore.RequestLoggingMiddleware | CorrelationId:8208860a94c34e2fa28d6e94102a7413 | HTTP GET /api/fees/stats responded 200 in 890.0614 ms
2026-04-19 20:37:45.301 +05:30 [INF] Serilog.AspNetCore.RequestLoggingMiddleware | CorrelationId:323007c1e3f7439c8dd7695ef9be3150 | HTTP GET /api/fees/stats responded 200 in 861.7290 ms
2026-04-19 20:37:45.335 +05:30 [WRN] SmsApi.Infrastructure.Performance.PerformanceMonitoringMiddleware | CorrelationId: | Slow request: GET /api/fees/stats took 890ms — status 200.
2026-04-19 20:37:45.335 +05:30 [WRN] SmsApi.Infrastructure.Performance.PerformanceMonitoringMiddleware | CorrelationId: | Slow request: GET /api/fees/stats took 861ms — status 200.
2026-04-19 20:37:45.449 +05:30 [INF] SmsApi.Middleware.LoggingActionFilter | CorrelationId:dca678a8e7ea437ab58534fae734dbb3 | API Response: GET /api/hostel/rooms | Status: 200 | Duration: 178ms
2026-04-19 20:37:45.449 +05:30 [INF] SmsApi.Middleware.LoggingActionFilter | CorrelationId:1b91d95c6c0441dd840f2899d4599c9b | API Response: GET /api/hostel/rooms | Status: 200 | Duration: 177ms
2026-04-19 20:37:45.492 +05:30 [INF] Serilog.AspNetCore.RequestLoggingMiddleware | CorrelationId:1b91d95c6c0441dd840f2899d4599c9b | HTTP GET /api/hostel/rooms responded 200 in 238.2095 ms
2026-04-19 20:37:45.494 +05:30 [INF] Serilog.AspNetCore.RequestLoggingMiddleware | CorrelationId:dca678a8e7ea437ab58534fae734dbb3 | HTTP GET /api/hostel/rooms responded 200 in 273.9425 ms
2026-04-19 20:37:49.098 +05:30 [INF] Serilog.AspNetCore.RequestLoggingMiddleware | CorrelationId:74191eb2f98b402b999565e3d9192441 | HTTP OPTIONS /api/hostel/students responded 204 in 0.5040 ms
2026-04-19 20:37:49.286 +05:30 [INF] SmsApi.Middleware.LoggingActionFilter | CorrelationId:458390bdfc1d4211a86ea3791a7c528d | API Request: GET /api/hostel/students | User: Unknown | School: 550e8400-e29b-41d4-a716-446655440000
2026-04-19 20:37:49.414 +05:30 [INF] SmsApi.Middleware.LoggingActionFilter | CorrelationId:458390bdfc1d4211a86ea3791a7c528d | API Response: GET /api/hostel/students | Status: 200 | Duration: 127ms
2026-04-19 20:37:49.428 +05:30 [INF] Serilog.AspNetCore.RequestLoggingMiddleware | CorrelationId:458390bdfc1d4211a86ea3791a7c528d | HTTP GET /api/hostel/students responded 200 in 178.3600 ms
2026-04-19 20:44:46.841 +05:30 [INF] Serilog.AspNetCore.RequestLoggingMiddleware | CorrelationId:9cc56c7b756640cfac1a61bfe6a2a12d | HTTP POST /api/auth/login responded 400 in 203.3609 ms
2026-04-19 20:44:46.924 +05:30 [INF] Serilog.AspNetCore.RequestLoggingMiddleware | CorrelationId:52117c76f117451293d9337586b5ee16 | HTTP POST /api/students responded 401 in 18.0303 ms
2026-04-19 20:44:46.994 +05:30 [INF] Serilog.AspNetCore.RequestLoggingMiddleware | CorrelationId:d81a7931ce7d457d9fea3163a8ff6bf9 | HTTP POST /api/transport/routes responded 401 in 0.8994 ms
2026-04-19 20:44:47.011 +05:30 [INF] Serilog.AspNetCore.RequestLoggingMiddleware | CorrelationId:b353872cfca7424285c6462cf2e0543a | HTTP GET /api/transport/routes responded 401 in 1.2672 ms
2026-04-19 20:44:47.029 +05:30 [INF] Serilog.AspNetCore.RequestLoggingMiddleware | CorrelationId:77338d325f7f4a9ca35b94a6fa09a054 | HTTP POST /api/transport/routes responded 401 in 2.0554 ms
2026-04-19 20:44:47.043 +05:30 [INF] Serilog.AspNetCore.RequestLoggingMiddleware | CorrelationId:03ce390ce1634a29ae152e041d276a34 | HTTP POST /api/transport/routes responded 401 in 0.2206 ms
2026-04-19 20:44:47.052 +05:30 [INF] Serilog.AspNetCore.RequestLoggingMiddleware | CorrelationId:1f0f0e71e1f24f0c87dd00e6b629a9ad | HTTP POST /api/transport/routes responded 401 in 0.3831 ms
2026-04-19 20:44:47.065 +05:30 [INF] Serilog.AspNetCore.RequestLoggingMiddleware | CorrelationId:02e151bb60cd4af4895aa4c0ed29b972 | HTTP POST /api/transport/routes responded 401 in 0.2058 ms
2026-04-19 20:44:47.076 +05:30 [INF] Serilog.AspNetCore.RequestLoggingMiddleware | CorrelationId:c5b353586026475d9ea7bed58b60b3e9 | HTTP POST /api/students responded 401 in 0.3193 ms
2026-04-19 20:44:47.085 +05:30 [INF] Serilog.AspNetCore.RequestLoggingMiddleware | CorrelationId:591a3cf286054146ad1af5dfcc29b8f8 | HTTP POST /api/students responded 401 in 0.2880 ms
2026-04-19 20:44:47.099 +05:30 [INF] Serilog.AspNetCore.RequestLoggingMiddleware | CorrelationId:f3741f8bebfc4472810a926dd9d6e963 | HTTP GET /api/transport/routes responded 401 in 0.8873 ms
2026-04-19 20:44:47.105 +05:30 [INF] Serilog.AspNetCore.RequestLoggingMiddleware | CorrelationId:4180429997524438becf70b9ef9f1a7d | HTTP POST /api/transport/routes responded 401 in 0.1582 ms
2026-04-19 20:44:47.116 +05:30 [INF] Serilog.AspNetCore.RequestLoggingMiddleware | CorrelationId:8e9abdf12aea4f5f980693d42167d998 | HTTP GET /api/transport/routes responded 401 in 0.4028 ms
2026-04-19 20:44:47.126 +05:30 [INF] Serilog.AspNetCore.RequestLoggingMiddleware | CorrelationId:e153b56eb0834f8b8079a526207521c0 | HTTP GET /api/transport/routes responded 401 in 0.4446 ms
2026-04-19 20:44:47.137 +05:30 [INF] Serilog.AspNetCore.RequestLoggingMiddleware | CorrelationId:800107eb96ac4724b20e76b6c486839a | HTTP GET /api/transport/routes responded 401 in 0.7998 ms
2026-04-19 20:44:47.154 +05:30 [INF] Serilog.AspNetCore.RequestLoggingMiddleware | CorrelationId:0bbf8935cc0c4423a027a6b062a22505 | HTTP GET /api/transport/routes/63082982-6ce0-4945-8042-025d56abd8d4 responded 401 in 0.2466 ms
2026-04-19 20:44:47.168 +05:30 [INF] Serilog.AspNetCore.RequestLoggingMiddleware | CorrelationId:ecc54758d97342ed8de93102dff81caf | HTTP PUT /api/transport/routes/63082982-6ce0-4945-8042-025d56abd8d4 responded 401 in 0.4128 ms
2026-04-19 20:44:47.184 +05:30 [INF] Serilog.AspNetCore.RequestLoggingMiddleware | CorrelationId:b4db4fdd481349fb914b52a0f59d5e86 | HTTP DELETE /api/transport/routes/63082982-6ce0-4945-8042-025d56abd8d4 responded 401 in 0.3070 ms
2026-04-19 20:44:47.194 +05:30 [INF] Serilog.AspNetCore.RequestLoggingMiddleware | CorrelationId:2fe827e00bb848f698cba141bdb376fb | HTTP POST /api/transport/routes responded 401 in 0.2329 ms
2026-04-19 20:44:47.207 +05:30 [INF] Serilog.AspNetCore.RequestLoggingMiddleware | CorrelationId:893e24d67f8740ba9cab395f03b7dcd6 | HTTP POST /api/transport/routes responded 401 in 0.3459 ms
2026-04-19 20:44:47.218 +05:30 [INF] Serilog.AspNetCore.RequestLoggingMiddleware | CorrelationId:7885a0ce8e2a49e09234b827d67560d2 | HTTP POST /api/students responded 401 in 0.4062 ms
2026-04-19 20:45:30.106 +05:30 [INF] SmsApi.Middleware.LoggingActionFilter | CorrelationId:e7dfd58d9f884c17bb0aea605e15b243 | API Request: POST /api/auth/login | User: Unknown | School: Unknown
2026-04-19 20:45:30.680 +05:30 [INF] SmsApi.Controllers.AuthController | CorrelationId:e7dfd58d9f884c17bb0aea605e15b243 | Login successful for admin (SchoolId: "550e8400-e29b-41d4-a716-446655440000")
2026-04-19 20:45:30.687 +05:30 [INF] SmsApi.Middleware.LoggingActionFilter | CorrelationId:e7dfd58d9f884c17bb0aea605e15b243 | API Response: POST /api/auth/login | Status: 200 | Duration: 583ms
2026-04-19 20:45:30.703 +05:30 [INF] Serilog.AspNetCore.RequestLoggingMiddleware | CorrelationId:e7dfd58d9f884c17bb0aea605e15b243 | HTTP POST /api/auth/login responded 200 in 609.3655 ms
2026-04-19 20:45:30.760 +05:30 [WRN] SmsApi.Infrastructure.Performance.PerformanceMonitoringMiddleware | CorrelationId: | Slow request: POST /api/auth/login took 600ms — status 200.
2026-04-19 20:45:37.129 +05:30 [INF] Serilog.AspNetCore.RequestLoggingMiddleware | CorrelationId:6d77c438000241afbbfacaa65f8ca0ea | HTTP POST /api/students responded 401 in 1.5979 ms
2026-04-19 20:45:37.170 +05:30 [INF] Serilog.AspNetCore.RequestLoggingMiddleware | CorrelationId:02c434636c4c40d0b73a09f07eb0952a | HTTP POST /api/transport/routes responded 401 in 0.3436 ms
2026-04-19 20:45:37.201 +05:30 [INF] Serilog.AspNetCore.RequestLoggingMiddleware | CorrelationId:3d9981c1f3f648e8b1b2f897237e7ec8 | HTTP GET /api/transport/routes responded 401 in 0.3967 ms
2026-04-19 20:45:37.226 +05:30 [INF] Serilog.AspNetCore.RequestLoggingMiddleware | CorrelationId:2c1ff4e6ffe84ed681b223c204315457 | HTTP POST /api/transport/routes responded 401 in 0.1902 ms
2026-04-19 20:45:37.250 +05:30 [INF] Serilog.AspNetCore.RequestLoggingMiddleware | CorrelationId:0255a042c91a4691b2eea712d3e7857a | HTTP POST /api/transport/routes responded 401 in 0.1385 ms
2026-04-19 20:45:37.269 +05:30 [INF] Serilog.AspNetCore.RequestLoggingMiddleware | CorrelationId:5c616fd54dc04944ad248e484b97af79 | HTTP POST /api/transport/routes responded 401 in 0.2115 ms
2026-04-19 20:45:37.284 +05:30 [INF] Serilog.AspNetCore.RequestLoggingMiddleware | CorrelationId:7cd5018257f14a27a8919f99ce80fe98 | HTTP POST /api/transport/routes responded 401 in 1.5403 ms
2026-04-19 20:45:37.298 +05:30 [INF] Serilog.AspNetCore.RequestLoggingMiddleware | CorrelationId:726c9a6358404608b26aff890da2ca72 | HTTP POST /api/students responded 401 in 0.1168 ms
2026-04-19 20:45:37.310 +05:30 [INF] Serilog.AspNetCore.RequestLoggingMiddleware | CorrelationId:b1b3985841c54020a8a1c37a7c861189 | HTTP POST /api/students responded 401 in 0.2613 ms
2026-04-19 20:45:37.326 +05:30 [INF] Serilog.AspNetCore.RequestLoggingMiddleware | CorrelationId:9c4c3f9337f145bea2f737611d82d9d9 | HTTP GET /api/transport/routes responded 401 in 1.3704 ms
2026-04-19 20:45:37.351 +05:30 [INF] Serilog.AspNetCore.RequestLoggingMiddleware | CorrelationId:91d26c0a64c64340b73fc8aa7e4099a0 | HTTP POST /api/transport/routes responded 401 in 0.1866 ms
2026-04-19 20:45:37.371 +05:30 [INF] Serilog.AspNetCore.RequestLoggingMiddleware | CorrelationId:d189a6ebe57941dab7e2a99f95213ed2 | HTTP GET /api/transport/routes responded 401 in 0.2473 ms
2026-04-19 20:45:37.381 +05:30 [INF] Serilog.AspNetCore.RequestLoggingMiddleware | CorrelationId:ef25921fcc9d49649b48e509af30573e | HTTP GET /api/transport/routes responded 401 in 0.2426 ms
2026-04-19 20:45:37.397 +05:30 [INF] Serilog.AspNetCore.RequestLoggingMiddleware | CorrelationId:96b3e0a957ff40698f149bc35e71b574 | HTTP GET /api/transport/routes responded 401 in 0.1859 ms
2026-04-19 20:45:37.416 +05:30 [INF] Serilog.AspNetCore.RequestLoggingMiddleware | CorrelationId:7efbd1a3d0214e458d72c037fb165e2f | HTTP GET /api/transport/routes/cb9ffb30-6c07-40ee-bc18-2b6a81695024 responded 401 in 0.2948 ms
2026-04-19 20:45:37.430 +05:30 [INF] Serilog.AspNetCore.RequestLoggingMiddleware | CorrelationId:6105acb01aec442b860947c08e3c8526 | HTTP PUT /api/transport/routes/cb9ffb30-6c07-40ee-bc18-2b6a81695024 responded 401 in 0.1578 ms
2026-04-19 20:45:37.440 +05:30 [INF] Serilog.AspNetCore.RequestLoggingMiddleware | CorrelationId:a982ac2eda9843199d251e15183893b2 | HTTP DELETE /api/transport/routes/cb9ffb30-6c07-40ee-bc18-2b6a81695024 responded 401 in 1.4282 ms
2026-04-19 20:45:37.453 +05:30 [INF] Serilog.AspNetCore.RequestLoggingMiddleware | CorrelationId:4b1875bb87db4510a8469f16187e9bc4 | HTTP POST /api/transport/routes responded 401 in 0.1824 ms
2026-04-19 20:45:37.468 +05:30 [INF] Serilog.AspNetCore.RequestLoggingMiddleware | CorrelationId:1b1a3c6f98244e668c9b32f85896dac2 | HTTP POST /api/transport/routes responded 401 in 0.1170 ms
2026-04-19 20:45:37.494 +05:30 [INF] Serilog.AspNetCore.RequestLoggingMiddleware | CorrelationId:992d820fbc3744908067db3c6b663582 | HTTP POST /api/students responded 401 in 0.1400 ms
2026-04-19 20:46:09.671 +05:30 [INF] SmsApi.Middleware.LoggingActionFilter | CorrelationId:920241f2ffd747d9b1df6eb3721f4d07 | API Request: POST /api/auth/login | User: Unknown | School: Unknown
2026-04-19 20:46:10.317 +05:30 [INF] SmsApi.Controllers.AuthController | CorrelationId:920241f2ffd747d9b1df6eb3721f4d07 | Login successful for admin (SchoolId: "550e8400-e29b-41d4-a716-446655440000")
2026-04-19 20:46:10.325 +05:30 [INF] SmsApi.Middleware.LoggingActionFilter | CorrelationId:920241f2ffd747d9b1df6eb3721f4d07 | API Response: POST /api/auth/login | Status: 200 | Duration: 653ms
2026-04-19 20:46:10.344 +05:30 [INF] Serilog.AspNetCore.RequestLoggingMiddleware | CorrelationId:920241f2ffd747d9b1df6eb3721f4d07 | HTTP POST /api/auth/login responded 200 in 713.2732 ms
2026-04-19 20:46:10.447 +05:30 [WRN] SmsApi.Infrastructure.Performance.PerformanceMonitoringMiddleware | CorrelationId: | Slow request: POST /api/auth/login took 700ms — status 200.
2026-04-19 20:46:14.558 +05:30 [INF] Serilog.AspNetCore.RequestLoggingMiddleware | CorrelationId:2bb1f21758964143bf320e953410bf9e | HTTP POST /api/students responded 401 in 0.7108 ms
2026-04-19 20:46:14.583 +05:30 [INF] Serilog.AspNetCore.RequestLoggingMiddleware | CorrelationId:5979bdde7fe441a08927e0563795d9cc | HTTP POST /api/transport/routes responded 401 in 0.8755 ms
2026-04-19 20:46:14.595 +05:30 [INF] Serilog.AspNetCore.RequestLoggingMiddleware | CorrelationId:e5c5322b93ac4f5c82e2b3d4bcd49544 | HTTP GET /api/transport/routes responded 401 in 0.5981 ms
2026-04-19 20:46:14.611 +05:30 [INF] Serilog.AspNetCore.RequestLoggingMiddleware | CorrelationId:d9131e1ccd0441558becc99169549b3a | HTTP POST /api/transport/routes responded 401 in 0.2573 ms
2026-04-19 20:46:14.625 +05:30 [INF] Serilog.AspNetCore.RequestLoggingMiddleware | CorrelationId:f6dc3b11f3844557b8c3dc29457965ad | HTTP POST /api/transport/routes responded 401 in 0.2632 ms
2026-04-19 20:46:14.637 +05:30 [INF] Serilog.AspNetCore.RequestLoggingMiddleware | CorrelationId:909ce27f481a40708675077c27b2bade | HTTP POST /api/transport/routes responded 401 in 0.1750 ms
2026-04-19 20:46:14.650 +05:30 [INF] Serilog.AspNetCore.RequestLoggingMiddleware | CorrelationId:cd64d49d2f314cee8d744c23f46526d2 | HTTP POST /api/transport/routes responded 401 in 0.3974 ms
2026-04-19 20:46:14.665 +05:30 [INF] Serilog.AspNetCore.RequestLoggingMiddleware | CorrelationId:6bdbc117a4c74514adb7c079295b57bb | HTTP POST /api/students responded 401 in 0.3253 ms
2026-04-19 20:46:14.688 +05:30 [INF] Serilog.AspNetCore.RequestLoggingMiddleware | CorrelationId:7e013470e28246f9a349e81c1f3bb76a | HTTP POST /api/students responded 401 in 0.3947 ms
2026-04-19 20:46:14.714 +05:30 [INF] Serilog.AspNetCore.RequestLoggingMiddleware | CorrelationId:54776055011e416689659d6db4c24893 | HTTP GET /api/transport/routes responded 401 in 0.4182 ms
2026-04-19 20:46:14.726 +05:30 [INF] Serilog.AspNetCore.RequestLoggingMiddleware | CorrelationId:cf76f4991d534675beb30d3e26c4cd73 | HTTP POST /api/transport/routes responded 401 in 0.1130 ms
2026-04-19 20:46:14.748 +05:30 [INF] Serilog.AspNetCore.RequestLoggingMiddleware | CorrelationId:2b0701c906574c6e87f5fb47c4f55424 | HTTP GET /api/transport/routes responded 401 in 0.4700 ms
2026-04-19 20:46:14.794 +05:30 [INF] Serilog.AspNetCore.RequestLoggingMiddleware | CorrelationId:97de7a239fea4140a370d919fd8eb75e | HTTP GET /api/transport/routes responded 401 in 0.2844 ms
2026-04-19 20:46:14.821 +05:30 [INF] Serilog.AspNetCore.RequestLoggingMiddleware | CorrelationId:092cf64a05a34a5b8e1c86f1928c6e2b | HTTP GET /api/transport/routes responded 401 in 0.1657 ms
2026-04-19 20:46:14.843 +05:30 [INF] Serilog.AspNetCore.RequestLoggingMiddleware | CorrelationId:8d035b69da704b8181758ab68e02beb0 | HTTP GET /api/transport/routes/3ffc7332-fbaa-459e-a1ee-a71efdb8cdc7 responded 401 in 0.2478 ms
2026-04-19 20:46:14.853 +05:30 [INF] Serilog.AspNetCore.RequestLoggingMiddleware | CorrelationId:73b3e8d12ee648928564adc80f4fd79c | HTTP PUT /api/transport/routes/3ffc7332-fbaa-459e-a1ee-a71efdb8cdc7 responded 401 in 0.1638 ms
2026-04-19 20:46:14.864 +05:30 [INF] Serilog.AspNetCore.RequestLoggingMiddleware | CorrelationId:d6c363d72e13412090c9d1b10013f2fd | HTTP DELETE /api/transport/routes/3ffc7332-fbaa-459e-a1ee-a71efdb8cdc7 responded 401 in 0.1776 ms
2026-04-19 20:46:14.874 +05:30 [INF] Serilog.AspNetCore.RequestLoggingMiddleware | CorrelationId:f0b6f54f7b3d463d966a591d46c11172 | HTTP POST /api/transport/routes responded 401 in 0.7417 ms
2026-04-19 20:46:14.884 +05:30 [INF] Serilog.AspNetCore.RequestLoggingMiddleware | CorrelationId:e3ad7ef017434cb6ada99ed5911e8103 | HTTP POST /api/transport/routes responded 401 in 0.2312 ms
2026-04-19 20:46:14.895 +05:30 [INF] Serilog.AspNetCore.RequestLoggingMiddleware | CorrelationId:18a0ebddbcd94aaf9fb18644cfa5bf95 | HTTP POST /api/students responded 401 in 0.1871 ms
2026-04-19 20:46:34.896 +05:30 [INF] SmsApi.Middleware.LoggingActionFilter | CorrelationId:2ca3ef594e5d4b33aa387d753995d7c2 | API Request: POST /api/auth/login | User: Unknown | School: Unknown
2026-04-19 20:46:35.394 +05:30 [INF] SmsApi.Controllers.AuthController | CorrelationId:2ca3ef594e5d4b33aa387d753995d7c2 | Login successful for admin (SchoolId: "550e8400-e29b-41d4-a716-446655440000")
2026-04-19 20:46:35.398 +05:30 [INF] SmsApi.Middleware.LoggingActionFilter | CorrelationId:2ca3ef594e5d4b33aa387d753995d7c2 | API Response: POST /api/auth/login | Status: 200 | Duration: 502ms
2026-04-19 20:46:35.406 +05:30 [INF] Serilog.AspNetCore.RequestLoggingMiddleware | CorrelationId:2ca3ef594e5d4b33aa387d753995d7c2 | HTTP POST /api/auth/login responded 200 in 521.0128 ms
2026-04-19 20:46:35.418 +05:30 [WRN] SmsApi.Infrastructure.Performance.PerformanceMonitoringMiddleware | CorrelationId: | Slow request: POST /api/auth/login took 518ms — status 200.
2026-04-19 20:46:56.949 +05:30 [INF] SmsApi.Middleware.LoggingActionFilter | CorrelationId:4820f470dbf340978e94687e334cca71 | API Request: POST /api/auth/login | User: Unknown | School: Unknown
2026-04-19 20:46:57.441 +05:30 [INF] SmsApi.Controllers.AuthController | CorrelationId:4820f470dbf340978e94687e334cca71 | Login successful for admin (SchoolId: "550e8400-e29b-41d4-a716-446655440000")
2026-04-19 20:46:57.446 +05:30 [INF] SmsApi.Middleware.LoggingActionFilter | CorrelationId:4820f470dbf340978e94687e334cca71 | API Response: POST /api/auth/login | Status: 200 | Duration: 496ms
2026-04-19 20:46:57.453 +05:30 [INF] Serilog.AspNetCore.RequestLoggingMiddleware | CorrelationId:4820f470dbf340978e94687e334cca71 | HTTP POST /api/auth/login responded 200 in 506.5752 ms
2026-04-19 20:46:57.468 +05:30 [WRN] SmsApi.Infrastructure.Performance.PerformanceMonitoringMiddleware | CorrelationId: | Slow request: POST /api/auth/login took 503ms — status 200.
2026-04-19 20:46:57.590 +05:30 [INF] Serilog.AspNetCore.RequestLoggingMiddleware | CorrelationId:71e7f5e41e3e4713a3ece7d5277c5a82 | HTTP POST /api/students responded 400 in 54.0308 ms
2026-04-19 20:46:57.640 +05:30 [INF] Serilog.AspNetCore.RequestLoggingMiddleware | CorrelationId:e1a675b73094496e9245f461bfd125d3 | HTTP POST /api/transport/routes responded 400 in 24.8609 ms
2026-04-19 20:46:57.658 +05:30 [INF] SmsApi.Middleware.LoggingActionFilter | CorrelationId:54042afc2d2b4ece9b865aeec4696f68 | API Request: GET /api/transport/routes | User: Unknown | School: 550e8400-e29b-41d4-a716-446655440000
2026-04-19 20:46:57.727 +05:30 [INF] SmsApi.Middleware.LoggingActionFilter | CorrelationId:54042afc2d2b4ece9b865aeec4696f68 | API Response: GET /api/transport/routes | Status: 200 | Duration: 69ms
2026-04-19 20:46:57.736 +05:30 [INF] Serilog.AspNetCore.RequestLoggingMiddleware | CorrelationId:54042afc2d2b4ece9b865aeec4696f68 | HTTP GET /api/transport/routes responded 200 in 85.4451 ms
2026-04-19 20:46:57.765 +05:30 [INF] Serilog.AspNetCore.RequestLoggingMiddleware | CorrelationId:546e227e0713420584834bafc42203da | HTTP POST /api/transport/routes responded 400 in 7.4534 ms
2026-04-19 20:46:57.788 +05:30 [INF] Serilog.AspNetCore.RequestLoggingMiddleware | CorrelationId:658a2edc0e9944a2aa90268134f5b598 | HTTP POST /api/transport/routes responded 400 in 4.9841 ms
2026-04-19 20:46:57.805 +05:30 [INF] Serilog.AspNetCore.RequestLoggingMiddleware | CorrelationId:9e5a582691154afb8cf9f5b353418baf | HTTP POST /api/transport/routes responded 400 in 8.9968 ms
2026-04-19 20:46:57.823 +05:30 [INF] Serilog.AspNetCore.RequestLoggingMiddleware | CorrelationId:c085ab9188ee474496755bb4bc57de90 | HTTP POST /api/transport/routes responded 400 in 7.1744 ms
2026-04-19 20:46:57.859 +05:30 [INF] Serilog.AspNetCore.RequestLoggingMiddleware | CorrelationId:2b30494276034129aa0ce81a82e44c29 | HTTP POST /api/students responded 400 in 6.7767 ms
2026-04-19 20:46:57.876 +05:30 [INF] Serilog.AspNetCore.RequestLoggingMiddleware | CorrelationId:7874ffb014c84cdd878b1b0a2f37939b | HTTP POST /api/students responded 400 in 8.2348 ms
2026-04-19 20:46:57.882 +05:30 [INF] Serilog.AspNetCore.RequestLoggingMiddleware | CorrelationId:79c9c356f99a4a6b80f3f7253608e6ef | HTTP GET /api/transport/routes responded 401 in 0.1085 ms
2026-04-19 20:46:57.893 +05:30 [INF] Serilog.AspNetCore.RequestLoggingMiddleware | CorrelationId:ead3fabe50054714b71458c23b310fc1 | HTTP POST /api/transport/routes responded 401 in 0.1091 ms
2026-04-19 20:46:57.905 +05:30 [INF] SmsApi.Middleware.LoggingActionFilter | CorrelationId:aaf8f77a491d4915b228114a1af09155 | API Request: GET /api/transport/routes | User: Unknown | School: 550e8400-e29b-41d4-a716-446655440000
2026-04-19 20:46:57.942 +05:30 [ERR] Microsoft.EntityFrameworkCore.Database.Command | CorrelationId:aaf8f77a491d4915b228114a1af09155 | Failed executing DbCommand (20ms) [Parameters=[@__schoolId_0='?' (DbType = Guid), @__p_2='?' (DbType = Int32), @__p_1='?' (DbType = Int32)], CommandType='"Text"', CommandTimeout='30']
SELECT t."Id", t."Capacity", t."CreatedAt", t."CreatedBy", t."DeletedAt", t."DriverContact", t."DriverName", t."DriverPhone", t."EndTime", t."Fare", t."IsDeleted", t."MonthlyFee", t."RouteName", t."RouteNumber", t."RowVersion", t."SchoolId", t."StartTime", t."Status", t."StudentsAssigned", t."UpdatedAt", t."UpdatedBy", t."VehicleNumber"
FROM "TransportRoutes" AS t
WHERE NOT (t."IsDeleted") AND t."SchoolId" = @__schoolId_0
ORDER BY t."RouteNumber"
LIMIT @__p_2 OFFSET @__p_1
2026-04-19 20:46:57.989 +05:30 [ERR] Microsoft.EntityFrameworkCore.Query | CorrelationId:aaf8f77a491d4915b228114a1af09155 | An exception occurred while iterating over the results of a query for context type 'SmsApi.Data.AppDbContext'.
Npgsql.PostgresException (0x80004005): 2201X: OFFSET must not be negative
   at Npgsql.Internal.NpgsqlConnector.ReadMessageLong(Boolean async, DataRowLoadingMode dataRowLoadingMode, Boolean readingNotifications, Boolean isReadingPrependedMessage)
   at System.Runtime.CompilerServices.PoolingAsyncValueTaskMethodBuilder`1.StateMachineBox`1.System.Threading.Tasks.Sources.IValueTaskSource<TResult>.GetResult(Int16 token)
   at Npgsql.NpgsqlDataReader.NextResult(Boolean async, Boolean isConsuming, CancellationToken cancellationToken)
   at Npgsql.NpgsqlDataReader.NextResult(Boolean async, Boolean isConsuming, CancellationToken cancellationToken)
   at Npgsql.NpgsqlCommand.ExecuteReader(Boolean async, CommandBehavior behavior, CancellationToken cancellationToken)
   at Npgsql.NpgsqlCommand.ExecuteReader(Boolean async, CommandBehavior behavior, CancellationToken cancellationToken)
   at Npgsql.NpgsqlCommand.ExecuteDbDataReaderAsync(CommandBehavior behavior, CancellationToken cancellationToken)
   at Microsoft.EntityFrameworkCore.Storage.RelationalCommand.ExecuteReaderAsync(RelationalCommandParameterObject parameterObject, CancellationToken cancellationToken)
   at Microsoft.EntityFrameworkCore.Storage.RelationalCommand.ExecuteReaderAsync(RelationalCommandParameterObject parameterObject, CancellationToken cancellationToken)
   at Microsoft.EntityFrameworkCore.Query.Internal.SingleQueryingEnumerable`1.AsyncEnumerator.InitializeReaderAsync(AsyncEnumerator enumerator, CancellationToken cancellationToken)
   at Microsoft.EntityFrameworkCore.Storage.ExecutionStrategy.<>c__DisplayClass30_0`2.<<ExecuteAsync>b__0>d.MoveNext()
--- End of stack trace from previous location ---
   at Microsoft.EntityFrameworkCore.Storage.ExecutionStrategy.ExecuteImplementationAsync[TState,TResult](Func`4 operation, Func`4 verifySucceeded, TState state, CancellationToken cancellationToken)
   at Microsoft.EntityFrameworkCore.Storage.ExecutionStrategy.ExecuteImplementationAsync[TState,TResult](Func`4 operation, Func`4 verifySucceeded, TState state, CancellationToken cancellationToken)
   at Microsoft.EntityFrameworkCore.Storage.ExecutionStrategy.ExecuteAsync[TState,TResult](TState state, Func`4 operation, Func`4 verifySucceeded, CancellationToken cancellationToken)
   at Microsoft.EntityFrameworkCore.Query.Internal.SingleQueryingEnumerable`1.AsyncEnumerator.MoveNextAsync()
  Exception data:
    Severity: ERROR
    SqlState: 2201X
    MessageText: OFFSET must not be negative
    File: nodeLimit.c
    Line: 373
    Routine: recompute_limits
Npgsql.PostgresException (0x80004005): 2201X: OFFSET must not be negative
   at Npgsql.Internal.NpgsqlConnector.ReadMessageLong(Boolean async, DataRowLoadingMode dataRowLoadingMode, Boolean readingNotifications, Boolean isReadingPrependedMessage)
   at System.Runtime.CompilerServices.PoolingAsyncValueTaskMethodBuilder`1.StateMachineBox`1.System.Threading.Tasks.Sources.IValueTaskSource<TResult>.GetResult(Int16 token)
   at Npgsql.NpgsqlDataReader.NextResult(Boolean async, Boolean isConsuming, CancellationToken cancellationToken)
   at Npgsql.NpgsqlDataReader.NextResult(Boolean async, Boolean isConsuming, CancellationToken cancellationToken)
   at Npgsql.NpgsqlCommand.ExecuteReader(Boolean async, CommandBehavior behavior, CancellationToken cancellationToken)
   at Npgsql.NpgsqlCommand.ExecuteReader(Boolean async, CommandBehavior behavior, CancellationToken cancellationToken)
   at Npgsql.NpgsqlCommand.ExecuteDbDataReaderAsync(CommandBehavior behavior, CancellationToken cancellationToken)
   at Microsoft.EntityFrameworkCore.Storage.RelationalCommand.ExecuteReaderAsync(RelationalCommandParameterObject parameterObject, CancellationToken cancellationToken)
   at Microsoft.EntityFrameworkCore.Storage.RelationalCommand.ExecuteReaderAsync(RelationalCommandParameterObject parameterObject, CancellationToken cancellationToken)
   at Microsoft.EntityFrameworkCore.Query.Internal.SingleQueryingEnumerable`1.AsyncEnumerator.InitializeReaderAsync(AsyncEnumerator enumerator, CancellationToken cancellationToken)
   at Microsoft.EntityFrameworkCore.Storage.ExecutionStrategy.<>c__DisplayClass30_0`2.<<ExecuteAsync>b__0>d.MoveNext()
--- End of stack trace from previous location ---
   at Microsoft.EntityFrameworkCore.Storage.ExecutionStrategy.ExecuteImplementationAsync[TState,TResult](Func`4 operation, Func`4 verifySucceeded, TState state, CancellationToken cancellationToken)
   at Microsoft.EntityFrameworkCore.Storage.ExecutionStrategy.ExecuteImplementationAsync[TState,TResult](Func`4 operation, Func`4 verifySucceeded, TState state, CancellationToken cancellationToken)
   at Microsoft.EntityFrameworkCore.Storage.ExecutionStrategy.ExecuteAsync[TState,TResult](TState state, Func`4 operation, Func`4 verifySucceeded, CancellationToken cancellationToken)
   at Microsoft.EntityFrameworkCore.Query.Internal.SingleQueryingEnumerable`1.AsyncEnumerator.MoveNextAsync()
  Exception data:
    Severity: ERROR
    SqlState: 2201X
    MessageText: OFFSET must not be negative
    File: nodeLimit.c
    Line: 373
    Routine: recompute_limits
2026-04-19 20:46:58.007 +05:30 [INF] SmsApi.Middleware.LoggingActionFilter | CorrelationId:aaf8f77a491d4915b228114a1af09155 | API Response: GET /api/transport/routes | Status: 200 | Duration: 102ms
2026-04-19 20:46:58.023 +05:30 [ERR] Serilog.AspNetCore.RequestLoggingMiddleware | CorrelationId:aaf8f77a491d4915b228114a1af09155 | HTTP GET /api/transport/routes responded 500 in 121.0080 ms
2026-04-19 20:46:58.041 +05:30 [INF] SmsApi.Middleware.LoggingActionFilter | CorrelationId:2b400c12bf94422bb51204e19c4173a3 | API Request: GET /api/transport/routes | User: Unknown | School: 550e8400-e29b-41d4-a716-446655440000
2026-04-19 20:46:58.058 +05:30 [INF] SmsApi.Middleware.LoggingActionFilter | CorrelationId:2b400c12bf94422bb51204e19c4173a3 | API Response: GET /api/transport/routes | Status: 200 | Duration: 16ms
2026-04-19 20:46:58.062 +05:30 [INF] Serilog.AspNetCore.RequestLoggingMiddleware | CorrelationId:2b400c12bf94422bb51204e19c4173a3 | HTTP GET /api/transport/routes responded 200 in 23.9202 ms
2026-04-19 20:46:58.079 +05:30 [INF] SmsApi.Middleware.LoggingActionFilter | CorrelationId:c6f33bb8b8a94a43befcf6d090bbcae0 | API Request: GET /api/transport/routes | User: Unknown | School: 550e8400-e29b-41d4-a716-446655440000
2026-04-19 20:46:58.085 +05:30 [INF] SmsApi.Middleware.LoggingActionFilter | CorrelationId:c6f33bb8b8a94a43befcf6d090bbcae0 | API Response: GET /api/transport/routes | Status: 200 | Duration: 6ms
2026-04-19 20:46:58.092 +05:30 [INF] Serilog.AspNetCore.RequestLoggingMiddleware | CorrelationId:c6f33bb8b8a94a43befcf6d090bbcae0 | HTTP GET /api/transport/routes responded 200 in 17.0141 ms
2026-04-19 20:46:58.120 +05:30 [INF] SmsApi.Middleware.LoggingActionFilter | CorrelationId:bc1b6f7f7ebf4e2e906f6852290d7bf7 | API Request: GET /api/transport/routes/f74e4347-bf43-4b95-9dab-f89629b786d8 | User: Unknown | School: 550e8400-e29b-41d4-a716-446655440000
2026-04-19 20:46:58.137 +05:30 [INF] SmsApi.Middleware.LoggingActionFilter | CorrelationId:bc1b6f7f7ebf4e2e906f6852290d7bf7 | API Response: GET /api/transport/routes/f74e4347-bf43-4b95-9dab-f89629b786d8 | Status: 200 | Duration: 16ms
2026-04-19 20:46:58.144 +05:30 [INF] Serilog.AspNetCore.RequestLoggingMiddleware | CorrelationId:bc1b6f7f7ebf4e2e906f6852290d7bf7 | HTTP GET /api/transport/routes/f74e4347-bf43-4b95-9dab-f89629b786d8 responded 404 in 29.8166 ms
2026-04-19 20:46:58.166 +05:30 [INF] Serilog.AspNetCore.RequestLoggingMiddleware | CorrelationId:d0d69eb40ba141e8b4a4f46412a810e7 | HTTP PUT /api/transport/routes/f74e4347-bf43-4b95-9dab-f89629b786d8 responded 400 in 13.5107 ms
2026-04-19 20:46:58.181 +05:30 [INF] SmsApi.Middleware.LoggingActionFilter | CorrelationId:49bd4928aee446608aa9c227232f8dca | API Request: DELETE /api/transport/routes/f74e4347-bf43-4b95-9dab-f89629b786d8 | User: Unknown | School: 550e8400-e29b-41d4-a716-446655440000
2026-04-19 20:46:58.186 +05:30 [INF] SmsApi.Middleware.LoggingActionFilter | CorrelationId:49bd4928aee446608aa9c227232f8dca | API Response: DELETE /api/transport/routes/f74e4347-bf43-4b95-9dab-f89629b786d8 | Status: 200 | Duration: 5ms
2026-04-19 20:46:58.192 +05:30 [INF] Serilog.AspNetCore.RequestLoggingMiddleware | CorrelationId:49bd4928aee446608aa9c227232f8dca | HTTP DELETE /api/transport/routes/f74e4347-bf43-4b95-9dab-f89629b786d8 responded 404 in 18.9142 ms
2026-04-19 20:46:58.209 +05:30 [INF] Serilog.AspNetCore.RequestLoggingMiddleware | CorrelationId:225bbee4528d47098452d0b33c9551f7 | HTTP POST /api/transport/routes responded 400 in 6.0415 ms
2026-04-19 20:46:58.229 +05:30 [INF] Serilog.AspNetCore.RequestLoggingMiddleware | CorrelationId:2272c6b73e9f48f0b01f268070702887 | HTTP POST /api/transport/routes responded 400 in 5.2778 ms
2026-04-19 20:46:58.252 +05:30 [INF] Serilog.AspNetCore.RequestLoggingMiddleware | CorrelationId:528f0fa650684f64aaa719cf3ca7c24f | HTTP POST /api/students responded 400 in 9.4981 ms
2026-04-19 20:59:16.005 +05:30 [INF] Serilog.AspNetCore.RequestLoggingMiddleware | CorrelationId:b2d87277365d474bad456c98b4e7bbe1 | HTTP OPTIONS /api/transport/routes responded 204 in 112.2642 ms
2026-04-19 20:59:16.004 +05:30 [INF] Serilog.AspNetCore.RequestLoggingMiddleware | CorrelationId:95c7a6b817004d3cb2cf5eedeffe2cbd | HTTP OPTIONS /api/transport/routes responded 204 in 113.2661 ms
2026-04-19 20:59:16.324 +05:30 [INF] SmsApi.Middleware.LoggingActionFilter | CorrelationId:ddad13f320ed42a581a09d32d91c4100 | API Request: GET /api/transport/routes | User: Unknown | School: 550e8400-e29b-41d4-a716-446655440000
2026-04-19 20:59:16.324 +05:30 [INF] SmsApi.Middleware.LoggingActionFilter | CorrelationId:50734d1ee6be4471bbf11307b6a587e8 | API Request: GET /api/transport/routes | User: Unknown | School: 550e8400-e29b-41d4-a716-446655440000
2026-04-19 20:59:16.353 +05:30 [INF] SmsApi.Middleware.LoggingActionFilter | CorrelationId:ddad13f320ed42a581a09d32d91c4100 | API Response: GET /api/transport/routes | Status: 200 | Duration: 28ms
2026-04-19 20:59:16.353 +05:30 [INF] SmsApi.Middleware.LoggingActionFilter | CorrelationId:50734d1ee6be4471bbf11307b6a587e8 | API Response: GET /api/transport/routes | Status: 200 | Duration: 28ms
2026-04-19 20:59:16.371 +05:30 [INF] Serilog.AspNetCore.RequestLoggingMiddleware | CorrelationId:50734d1ee6be4471bbf11307b6a587e8 | HTTP GET /api/transport/routes responded 200 in 262.6172 ms
2026-04-19 20:59:16.371 +05:30 [INF] Serilog.AspNetCore.RequestLoggingMiddleware | CorrelationId:ddad13f320ed42a581a09d32d91c4100 | HTTP GET /api/transport/routes responded 200 in 235.7787 ms
2026-04-19 20:59:19.594 +05:30 [INF] Serilog.AspNetCore.RequestLoggingMiddleware | CorrelationId:95ff397ff86f4500bb8c1cca2c211dbf | HTTP OPTIONS /api/hostel/rooms responded 204 in 0.5133 ms
2026-04-19 20:59:19.594 +05:30 [INF] Serilog.AspNetCore.RequestLoggingMiddleware | CorrelationId:9155b14ab1d5440ca45cb4d1c35cbd84 | HTTP OPTIONS /api/hostel/rooms responded 204 in 0.5138 ms
2026-04-19 20:59:19.770 +05:30 [INF] SmsApi.Middleware.LoggingActionFilter | CorrelationId:b729af766300485a8e6799da61631a1c | API Request: GET /api/hostel/rooms | User: Unknown | School: 550e8400-e29b-41d4-a716-446655440000
2026-04-19 20:59:19.797 +05:30 [INF] SmsApi.Middleware.LoggingActionFilter | CorrelationId:be28b589f84d4daaa5c15e5ec6c13dc4 | API Request: GET /api/hostel/rooms | User: Unknown | School: 550e8400-e29b-41d4-a716-446655440000
2026-04-19 20:59:19.826 +05:30 [INF] SmsApi.Middleware.LoggingActionFilter | CorrelationId:b729af766300485a8e6799da61631a1c | API Response: GET /api/hostel/rooms | Status: 200 | Duration: 56ms
2026-04-19 20:59:19.876 +05:30 [INF] SmsApi.Middleware.LoggingActionFilter | CorrelationId:be28b589f84d4daaa5c15e5ec6c13dc4 | API Response: GET /api/hostel/rooms | Status: 200 | Duration: 79ms
2026-04-19 20:59:19.886 +05:30 [INF] Serilog.AspNetCore.RequestLoggingMiddleware | CorrelationId:b729af766300485a8e6799da61631a1c | HTTP GET /api/hostel/rooms responded 200 in 165.8151 ms
2026-04-19 20:59:19.889 +05:30 [INF] Serilog.AspNetCore.RequestLoggingMiddleware | CorrelationId:be28b589f84d4daaa5c15e5ec6c13dc4 | HTTP GET /api/hostel/rooms responded 200 in 114.1926 ms
2026-04-19 20:59:21.200 +05:30 [INF] Serilog.AspNetCore.RequestLoggingMiddleware | CorrelationId:1341fac3d5c442f292fd624792101f52 | HTTP OPTIONS /api/transport/routes responded 204 in 0.0769 ms
2026-04-19 20:59:21.201 +05:30 [INF] Serilog.AspNetCore.RequestLoggingMiddleware | CorrelationId:7a5334d586ff459aa356b7451f3b1a2f | HTTP OPTIONS /api/transport/routes responded 204 in 0.0828 ms
2026-04-19 20:59:21.274 +05:30 [INF] SmsApi.Middleware.LoggingActionFilter | CorrelationId:14e95467ffc44ce4bdff4a9a9264b58b | API Request: GET /api/transport/routes | User: Unknown | School: 550e8400-e29b-41d4-a716-446655440000
2026-04-19 20:59:21.280 +05:30 [INF] SmsApi.Middleware.LoggingActionFilter | CorrelationId:c2957d9f798644e3850820c2346be69f | API Request: GET /api/transport/routes | User: Unknown | School: 550e8400-e29b-41d4-a716-446655440000
2026-04-19 20:59:21.330 +05:30 [INF] SmsApi.Middleware.LoggingActionFilter | CorrelationId:c2957d9f798644e3850820c2346be69f | API Response: GET /api/transport/routes | Status: 200 | Duration: 50ms
2026-04-19 20:59:21.330 +05:30 [INF] SmsApi.Middleware.LoggingActionFilter | CorrelationId:14e95467ffc44ce4bdff4a9a9264b58b | API Response: GET /api/transport/routes | Status: 200 | Duration: 56ms
2026-04-19 20:59:21.359 +05:30 [INF] Serilog.AspNetCore.RequestLoggingMiddleware | CorrelationId:c2957d9f798644e3850820c2346be69f | HTTP GET /api/transport/routes responded 200 in 82.8207 ms
2026-04-19 20:59:21.370 +05:30 [INF] Serilog.AspNetCore.RequestLoggingMiddleware | CorrelationId:14e95467ffc44ce4bdff4a9a9264b58b | HTTP GET /api/transport/routes responded 200 in 108.3310 ms
2026-04-19 22:15:35.165 +05:30 [INF]  | CorrelationId: | Using distributed in-memory cache (development only)
2026-04-19 22:15:37.308 +05:30 [WRN] Microsoft.EntityFrameworkCore.Model.Validation | CorrelationId: | Entity 'Staff' has a global query filter defined and is the required end of a relationship with the entity 'Certificate'. This may lead to unexpected results when the required entity is filtered out. Either configure the navigation as optional, or define matching query filters for both entities in the navigation. See https://go.microsoft.com/fwlink/?linkid=2131316 for more information.
2026-04-19 22:15:37.309 +05:30 [WRN] Microsoft.EntityFrameworkCore.Model.Validation | CorrelationId: | Entity 'School' has a global query filter defined and is the required end of a relationship with the entity 'CertificateTemplate'. This may lead to unexpected results when the required entity is filtered out. Either configure the navigation as optional, or define matching query filters for both entities in the navigation. See https://go.microsoft.com/fwlink/?linkid=2131316 for more information.
2026-04-19 22:15:37.309 +05:30 [WRN] Microsoft.EntityFrameworkCore.Model.Validation | CorrelationId: | Entity 'School' has a global query filter defined and is the required end of a relationship with the entity 'Document'. This may lead to unexpected results when the required entity is filtered out. Either configure the navigation as optional, or define matching query filters for both entities in the navigation. See https://go.microsoft.com/fwlink/?linkid=2131316 for more information.
2026-04-19 22:15:37.309 +05:30 [WRN] Microsoft.EntityFrameworkCore.Model.Validation | CorrelationId: | Entity 'School' has a global query filter defined and is the required end of a relationship with the entity 'DocumentCategory'. This may lead to unexpected results when the required entity is filtered out. Either configure the navigation as optional, or define matching query filters for both entities in the navigation. See https://go.microsoft.com/fwlink/?linkid=2131316 for more information.
2026-04-19 22:15:37.310 +05:30 [WRN] Microsoft.EntityFrameworkCore.Model.Validation | CorrelationId: | Entity 'School' has a global query filter defined and is the required end of a relationship with the entity 'FeeAuditLog'. This may lead to unexpected results when the required entity is filtered out. Either configure the navigation as optional, or define matching query filters for both entities in the navigation. See https://go.microsoft.com/fwlink/?linkid=2131316 for more information.
2026-04-19 22:15:37.310 +05:30 [WRN] Microsoft.EntityFrameworkCore.Model.Validation | CorrelationId: | Entity 'School' has a global query filter defined and is the required end of a relationship with the entity 'Holiday'. This may lead to unexpected results when the required entity is filtered out. Either configure the navigation as optional, or define matching query filters for both entities in the navigation. See https://go.microsoft.com/fwlink/?linkid=2131316 for more information.
2026-04-19 22:15:37.310 +05:30 [WRN] Microsoft.EntityFrameworkCore.Model.Validation | CorrelationId: | Entity 'School' has a global query filter defined and is the required end of a relationship with the entity 'IDCard'. This may lead to unexpected results when the required entity is filtered out. Either configure the navigation as optional, or define matching query filters for both entities in the navigation. See https://go.microsoft.com/fwlink/?linkid=2131316 for more information.
2026-04-19 22:15:37.310 +05:30 [WRN] Microsoft.EntityFrameworkCore.Model.Validation | CorrelationId: | Entity 'School' has a global query filter defined and is the required end of a relationship with the entity 'IDCardTemplate'. This may lead to unexpected results when the required entity is filtered out. Either configure the navigation as optional, or define matching query filters for both entities in the navigation. See https://go.microsoft.com/fwlink/?linkid=2131316 for more information.
2026-04-19 22:15:37.310 +05:30 [WRN] Microsoft.EntityFrameworkCore.Model.Validation | CorrelationId: | Entity 'UserLogin' has a global query filter defined and is the required end of a relationship with the entity 'PasswordResetToken'. This may lead to unexpected results when the required entity is filtered out. Either configure the navigation as optional, or define matching query filters for both entities in the navigation. See https://go.microsoft.com/fwlink/?linkid=2131316 for more information.
2026-04-19 22:15:37.310 +05:30 [WRN] Microsoft.EntityFrameworkCore.Model.Validation | CorrelationId: | Entity 'School' has a global query filter defined and is the required end of a relationship with the entity 'PromotionHistory'. This may lead to unexpected results when the required entity is filtered out. Either configure the navigation as optional, or define matching query filters for both entities in the navigation. See https://go.microsoft.com/fwlink/?linkid=2131316 for more information.
2026-04-19 22:15:37.382 +05:30 [WRN] Microsoft.EntityFrameworkCore.Model.Validation | CorrelationId: | The foreign key property 'Staff.ReportingToId1' was created in shadow state because a conflicting property with the simple name 'ReportingToId' exists in the entity type, but is either not mapped, is already used for another relationship, or is incompatible with the associated primary key type. See https://aka.ms/efcore-relationships for information on mapping relationships in EF Core.
2026-04-19 22:15:38.441 +05:30 [INF] Program | CorrelationId: | Database migrations applied successfully.
2026-04-19 22:15:39.273 +05:30 [INF] Microsoft.Hosting.Lifetime | CorrelationId: | Now listening on: http://localhost:5092
2026-04-19 22:15:39.273 +05:30 [INF] Microsoft.Hosting.Lifetime | CorrelationId: | Application started. Press Ctrl+C to shut down.
2026-04-19 22:15:39.273 +05:30 [INF] Microsoft.Hosting.Lifetime | CorrelationId: | Hosting environment: Development
2026-04-19 22:15:39.273 +05:30 [INF] Microsoft.Hosting.Lifetime | CorrelationId: | Content root path: C:\Vitana\Vitana Group\sms-api
2026-04-19 22:17:14.128 +05:30 [WRN] Microsoft.AspNetCore.HttpsPolicy.HttpsRedirectionMiddleware | CorrelationId:2d7c9eeaef7b4748b570a2a59abcdc2f | Failed to determine the https port for redirect.
2026-04-19 22:17:14.250 +05:30 [INF] SmsApi.Middleware.LoggingActionFilter | CorrelationId:2d7c9eeaef7b4748b570a2a59abcdc2f | API Request: POST /api/auth/login | User: Unknown | School: Unknown
2026-04-19 22:17:15.342 +05:30 [INF] SmsApi.Controllers.AuthController | CorrelationId:2d7c9eeaef7b4748b570a2a59abcdc2f | Login successful for admin (SchoolId: "550e8400-e29b-41d4-a716-446655440000")
2026-04-19 22:17:15.345 +05:30 [INF] SmsApi.Middleware.LoggingActionFilter | CorrelationId:2d7c9eeaef7b4748b570a2a59abcdc2f | API Response: POST /api/auth/login | Status: 200 | Duration: 1095ms
2026-04-19 22:17:15.447 +05:30 [INF] Serilog.AspNetCore.RequestLoggingMiddleware | CorrelationId:2d7c9eeaef7b4748b570a2a59abcdc2f | HTTP POST /api/auth/login responded 200 in 1337.8018 ms
2026-04-19 22:17:15.449 +05:30 [WRN] SmsApi.Infrastructure.Performance.PerformanceMonitoringMiddleware | CorrelationId: | Slow request: POST /api/auth/login took 1271ms — status 200.
2026-04-19 22:17:15.618 +05:30 [INF] Serilog.AspNetCore.RequestLoggingMiddleware | CorrelationId:c7c5133706c043edb80cd86d8c2a7bc7 | HTTP POST /api/VisitorManagement/visitors responded 400 in 89.4458 ms
2026-04-19 22:17:15.654 +05:30 [INF] Serilog.AspNetCore.RequestLoggingMiddleware | CorrelationId:1990878065964e8ab79d0ad9e4e6f366 | HTTP POST /api/VisitorManagement/visitors responded 400 in 8.5362 ms
2026-04-19 22:17:15.674 +05:30 [INF] SmsApi.Middleware.LoggingActionFilter | CorrelationId:faf8f660f7eb423f97c621948a9dbbdf | API Request: GET /api/VisitorManagement/visitors | User: Unknown | School: 550e8400-e29b-41d4-a716-446655440000
2026-04-19 22:17:15.744 +05:30 [INF] SmsApi.Middleware.LoggingActionFilter | CorrelationId:faf8f660f7eb423f97c621948a9dbbdf | API Response: GET /api/VisitorManagement/visitors | Status: 200 | Duration: 69ms
2026-04-19 22:17:15.755 +05:30 [INF] Serilog.AspNetCore.RequestLoggingMiddleware | CorrelationId:faf8f660f7eb423f97c621948a9dbbdf | HTTP GET /api/VisitorManagement/visitors responded 200 in 94.0566 ms
2026-04-19 22:17:15.793 +05:30 [INF] Serilog.AspNetCore.RequestLoggingMiddleware | CorrelationId:118ea5922df748b4abcf0dde62bb6444 | HTTP POST /api/VisitorManagement/check-in responded 400 in 14.4338 ms
2026-04-19 22:17:15.800 +05:30 [INF] Serilog.AspNetCore.RequestLoggingMiddleware | CorrelationId:b69a3148836e414fab4a78f49e16b0c0 | HTTP POST /api/VisitorManagement/check-in responded 400 in 4.0235 ms
2026-04-19 22:17:15.808 +05:30 [INF] SmsApi.Middleware.LoggingActionFilter | CorrelationId:67fa9696a1ef4202aaadc87bff23a13f | API Request: GET /api/VisitorManagement/active | User: Unknown | School: 550e8400-e29b-41d4-a716-446655440000
2026-04-19 22:17:15.882 +05:30 [INF] SmsApi.Middleware.LoggingActionFilter | CorrelationId:67fa9696a1ef4202aaadc87bff23a13f | API Response: GET /api/VisitorManagement/active | Status: 200 | Duration: 73ms
2026-04-19 22:17:15.885 +05:30 [INF] Serilog.AspNetCore.RequestLoggingMiddleware | CorrelationId:67fa9696a1ef4202aaadc87bff23a13f | HTTP GET /api/VisitorManagement/active responded 200 in 80.2608 ms
2026-04-19 22:17:15.904 +05:30 [INF] SmsApi.Middleware.LoggingActionFilter | CorrelationId:73777b1897884d7db109b716ec5715d1 | API Request: GET /api/VisitorManagement/logs | User: Unknown | School: 550e8400-e29b-41d4-a716-446655440000
2026-04-19 22:17:15.979 +05:30 [INF] SmsApi.Middleware.LoggingActionFilter | CorrelationId:73777b1897884d7db109b716ec5715d1 | API Response: GET /api/VisitorManagement/logs | Status: 200 | Duration: 74ms
2026-04-19 22:17:15.982 +05:30 [INF] Serilog.AspNetCore.RequestLoggingMiddleware | CorrelationId:73777b1897884d7db109b716ec5715d1 | HTTP GET /api/VisitorManagement/logs responded 200 in 81.5021 ms
2026-04-19 22:17:16.010 +05:30 [INF] Serilog.AspNetCore.RequestLoggingMiddleware | CorrelationId:b86098bf12f343e69dacb04c8f1e994c | HTTP POST /api/VisitorManagement/visitors responded 400 in 4.0583 ms
2026-04-19 22:17:16.026 +05:30 [INF] Serilog.AspNetCore.RequestLoggingMiddleware | CorrelationId:d4c1b674e69942e8a2755f7e9e661dc3 | HTTP POST /api/VisitorManagement/visitors responded 400 in 5.0108 ms
2026-04-19 22:17:16.034 +05:30 [INF] SmsApi.Middleware.LoggingActionFilter | CorrelationId:748bce0ff4334cfdbeac0330f0e3d2bc | API Request: GET /api/VisitorManagement/visitors | User: Unknown | School: 550e8400-e29b-41d4-a716-446655440000
2026-04-19 22:17:16.039 +05:30 [INF] SmsApi.Middleware.LoggingActionFilter | CorrelationId:748bce0ff4334cfdbeac0330f0e3d2bc | API Response: GET /api/VisitorManagement/visitors | Status: 200 | Duration: 4ms
2026-04-19 22:17:16.040 +05:30 [INF] Serilog.AspNetCore.RequestLoggingMiddleware | CorrelationId:748bce0ff4334cfdbeac0330f0e3d2bc | HTTP GET /api/VisitorManagement/visitors responded 200 in 6.8221 ms
2026-04-19 22:17:16.063 +05:30 [INF] SmsApi.Middleware.LoggingActionFilter | CorrelationId:4f20b071fb8f42ba808481c2451a9e93 | API Request: GET /api/VisitorManagement/visitors/00000000-0000-0000-0000-000000000000 | User: Unknown | School: 550e8400-e29b-41d4-a716-446655440000
2026-04-19 22:17:16.073 +05:30 [INF] SmsApi.Middleware.LoggingActionFilter | CorrelationId:4f20b071fb8f42ba808481c2451a9e93 | API Response: GET /api/VisitorManagement/visitors/00000000-0000-0000-0000-000000000000 | Status: 200 | Duration: 9ms
2026-04-19 22:17:16.074 +05:30 [INF] Serilog.AspNetCore.RequestLoggingMiddleware | CorrelationId:4f20b071fb8f42ba808481c2451a9e93 | HTTP GET /api/VisitorManagement/visitors/00000000-0000-0000-0000-000000000000 responded 404 in 14.5681 ms
2026-04-19 22:17:16.088 +05:30 [INF] SmsApi.Middleware.LoggingActionFilter | CorrelationId:70a398e1c599472b893c8cf9daac43af | API Request: POST /api/VisitorManagement/logs/00000000-0000-0000-0000-000000000000/check-out | User: Unknown | School: 550e8400-e29b-41d4-a716-446655440000
2026-04-19 22:17:16.123 +05:30 [INF] SmsApi.Middleware.LoggingActionFilter | CorrelationId:70a398e1c599472b893c8cf9daac43af | API Response: POST /api/VisitorManagement/logs/00000000-0000-0000-0000-000000000000/check-out | Status: 200 | Duration: 35ms
2026-04-19 22:17:16.132 +05:30 [INF] Serilog.AspNetCore.RequestLoggingMiddleware | CorrelationId:70a398e1c599472b893c8cf9daac43af | HTTP POST /api/VisitorManagement/logs/00000000-0000-0000-0000-000000000000/check-out responded 404 in 52.7976 ms
2026-04-19 22:17:16.139 +05:30 [INF] Serilog.AspNetCore.RequestLoggingMiddleware | CorrelationId:fbbac84eff404bbeacaf1b5d57f24bc5 | HTTP GET /api/VisitorManagement/visitors responded 401 in 3.5128 ms
2026-04-19 22:17:30.881 +05:30 [INF] Serilog.AspNetCore.RequestLoggingMiddleware | CorrelationId:a7f2c7f4cd0f475492bdc616195f877f | HTTP POST /api/VisitorManagement/visitors responded 401 in 10.0449 ms
2026-04-19 22:17:35.058 +05:30 [INF] SmsApi.Middleware.LoggingActionFilter | CorrelationId:33de88ce64c844619ba8584b9a680593 | API Request: POST /api/auth/login | User: Unknown | School: Unknown
2026-04-19 22:17:35.572 +05:30 [INF] SmsApi.Controllers.AuthController | CorrelationId:33de88ce64c844619ba8584b9a680593 | Login successful for admin (SchoolId: "550e8400-e29b-41d4-a716-446655440000")
2026-04-19 22:17:35.572 +05:30 [INF] SmsApi.Middleware.LoggingActionFilter | CorrelationId:33de88ce64c844619ba8584b9a680593 | API Response: POST /api/auth/login | Status: 200 | Duration: 513ms
2026-04-19 22:17:35.577 +05:30 [INF] Serilog.AspNetCore.RequestLoggingMiddleware | CorrelationId:33de88ce64c844619ba8584b9a680593 | HTTP POST /api/auth/login responded 200 in 522.9970 ms
2026-04-19 22:17:35.577 +05:30 [WRN] SmsApi.Infrastructure.Performance.PerformanceMonitoringMiddleware | CorrelationId: | Slow request: POST /api/auth/login took 519ms — status 200.
2026-04-19 22:17:35.619 +05:30 [INF] Serilog.AspNetCore.RequestLoggingMiddleware | CorrelationId:5618cb1d53934e129fc581f5dbe8c3cd | HTTP POST /api/VisitorManagement/visitors responded 400 in 4.3070 ms
2026-04-19 22:17:35.641 +05:30 [INF] Serilog.AspNetCore.RequestLoggingMiddleware | CorrelationId:a119dac1958c40d881883ee71d1b20e4 | HTTP POST /api/VisitorManagement/visitors responded 400 in 5.6922 ms
2026-04-19 22:17:35.645 +05:30 [INF] SmsApi.Middleware.LoggingActionFilter | CorrelationId:22ff4759c91a4f99b89035b076784f80 | API Request: GET /api/VisitorManagement/visitors | User: Unknown | School: 550e8400-e29b-41d4-a716-446655440000
2026-04-19 22:17:35.650 +05:30 [INF] SmsApi.Middleware.LoggingActionFilter | CorrelationId:22ff4759c91a4f99b89035b076784f80 | API Response: GET /api/VisitorManagement/visitors | Status: 200 | Duration: 4ms
2026-04-19 22:17:35.652 +05:30 [INF] Serilog.AspNetCore.RequestLoggingMiddleware | CorrelationId:22ff4759c91a4f99b89035b076784f80 | HTTP GET /api/VisitorManagement/visitors responded 200 in 7.8143 ms
2026-04-19 22:17:35.678 +05:30 [INF] Serilog.AspNetCore.RequestLoggingMiddleware | CorrelationId:2ee77a9a252442c3aca010e58fc626cf | HTTP POST /api/VisitorManagement/check-in responded 400 in 5.4538 ms
2026-04-19 22:17:35.685 +05:30 [INF] Serilog.AspNetCore.RequestLoggingMiddleware | CorrelationId:ecef48e885ae41209b6ee74079ab7c9c | HTTP POST /api/VisitorManagement/check-in responded 400 in 3.4028 ms
2026-04-19 22:17:35.691 +05:30 [INF] SmsApi.Middleware.LoggingActionFilter | CorrelationId:71001ddd267d48a2b9a123258c09fbd5 | API Request: GET /api/VisitorManagement/active | User: Unknown | School: 550e8400-e29b-41d4-a716-446655440000
2026-04-19 22:17:35.699 +05:30 [INF] SmsApi.Middleware.LoggingActionFilter | CorrelationId:71001ddd267d48a2b9a123258c09fbd5 | API Response: GET /api/VisitorManagement/active | Status: 200 | Duration: 8ms
2026-04-19 22:17:35.700 +05:30 [INF] Serilog.AspNetCore.RequestLoggingMiddleware | CorrelationId:71001ddd267d48a2b9a123258c09fbd5 | HTTP GET /api/VisitorManagement/active responded 200 in 10.5269 ms
2026-04-19 22:17:35.721 +05:30 [INF] SmsApi.Middleware.LoggingActionFilter | CorrelationId:6322ca7c96864f518224e28061d7dc75 | API Request: GET /api/VisitorManagement/logs | User: Unknown | School: 550e8400-e29b-41d4-a716-446655440000
2026-04-19 22:17:35.730 +05:30 [INF] SmsApi.Middleware.LoggingActionFilter | CorrelationId:6322ca7c96864f518224e28061d7dc75 | API Response: GET /api/VisitorManagement/logs | Status: 200 | Duration: 9ms
2026-04-19 22:17:35.732 +05:30 [INF] Serilog.AspNetCore.RequestLoggingMiddleware | CorrelationId:6322ca7c96864f518224e28061d7dc75 | HTTP GET /api/VisitorManagement/logs responded 200 in 11.6461 ms
2026-04-19 22:17:35.751 +05:30 [INF] Serilog.AspNetCore.RequestLoggingMiddleware | CorrelationId:32586eedc7fa4d8d9125857996de73eb | HTTP POST /api/VisitorManagement/visitors responded 400 in 3.5702 ms
2026-04-19 22:17:35.760 +05:30 [INF] Serilog.AspNetCore.RequestLoggingMiddleware | CorrelationId:c0d2d3e079454d62b2767d2b673d2759 | HTTP POST /api/VisitorManagement/visitors responded 400 in 4.2769 ms
2026-04-19 22:17:35.767 +05:30 [INF] SmsApi.Middleware.LoggingActionFilter | CorrelationId:6dc1e19312a84f21b6be94ff272b6577 | API Request: GET /api/VisitorManagement/visitors | User: Unknown | School: 550e8400-e29b-41d4-a716-446655440000
2026-04-19 22:17:35.770 +05:30 [INF] SmsApi.Middleware.LoggingActionFilter | CorrelationId:6dc1e19312a84f21b6be94ff272b6577 | API Response: GET /api/VisitorManagement/visitors | Status: 200 | Duration: 3ms
2026-04-19 22:17:35.771 +05:30 [INF] Serilog.AspNetCore.RequestLoggingMiddleware | CorrelationId:6dc1e19312a84f21b6be94ff272b6577 | HTTP GET /api/VisitorManagement/visitors responded 200 in 5.3060 ms
2026-04-19 22:17:35.805 +05:30 [INF] SmsApi.Middleware.LoggingActionFilter | CorrelationId:5346af56f8d045d099cd506f14b234f7 | API Request: GET /api/VisitorManagement/visitors/00000000-0000-0000-0000-000000000000 | User: Unknown | School: 550e8400-e29b-41d4-a716-446655440000
2026-04-19 22:17:35.880 +05:30 [INF] SmsApi.Middleware.LoggingActionFilter | CorrelationId:5346af56f8d045d099cd506f14b234f7 | API Response: GET /api/VisitorManagement/visitors/00000000-0000-0000-0000-000000000000 | Status: 200 | Duration: 75ms
2026-04-19 22:17:35.881 +05:30 [INF] Serilog.AspNetCore.RequestLoggingMiddleware | CorrelationId:5346af56f8d045d099cd506f14b234f7 | HTTP GET /api/VisitorManagement/visitors/00000000-0000-0000-0000-000000000000 responded 404 in 76.9340 ms
2026-04-19 22:17:35.889 +05:30 [INF] SmsApi.Middleware.LoggingActionFilter | CorrelationId:90a6f497a12c419885d198d1ecfdb41e | API Request: POST /api/VisitorManagement/logs/00000000-0000-0000-0000-000000000000/check-out | User: Unknown | School: 550e8400-e29b-41d4-a716-446655440000
2026-04-19 22:17:35.895 +05:30 [INF] SmsApi.Middleware.LoggingActionFilter | CorrelationId:90a6f497a12c419885d198d1ecfdb41e | API Response: POST /api/VisitorManagement/logs/00000000-0000-0000-0000-000000000000/check-out | Status: 200 | Duration: 5ms
2026-04-19 22:17:35.899 +05:30 [INF] Serilog.AspNetCore.RequestLoggingMiddleware | CorrelationId:90a6f497a12c419885d198d1ecfdb41e | HTTP POST /api/VisitorManagement/logs/00000000-0000-0000-0000-000000000000/check-out responded 404 in 10.6354 ms
2026-04-19 22:17:35.906 +05:30 [INF] Serilog.AspNetCore.RequestLoggingMiddleware | CorrelationId:88ec706345fb448e96ea800602287259 | HTTP GET /api/VisitorManagement/visitors responded 401 in 0.2413 ms
2026-04-19 22:17:46.658 +05:30 [INF] SmsApi.Middleware.LoggingActionFilter | CorrelationId:78ea5adeeb1e428bb646cd531ce8379f | API Request: POST /api/auth/login | User: Unknown | School: Unknown
2026-04-19 22:17:47.244 +05:30 [INF] SmsApi.Controllers.AuthController | CorrelationId:78ea5adeeb1e428bb646cd531ce8379f | Login successful for admin (SchoolId: "550e8400-e29b-41d4-a716-446655440000")
2026-04-19 22:17:47.244 +05:30 [INF] SmsApi.Middleware.LoggingActionFilter | CorrelationId:78ea5adeeb1e428bb646cd531ce8379f | API Response: POST /api/auth/login | Status: 200 | Duration: 585ms
2026-04-19 22:17:47.249 +05:30 [INF] Serilog.AspNetCore.RequestLoggingMiddleware | CorrelationId:78ea5adeeb1e428bb646cd531ce8379f | HTTP POST /api/auth/login responded 200 in 593.6019 ms
2026-04-19 22:17:47.249 +05:30 [WRN] SmsApi.Infrastructure.Performance.PerformanceMonitoringMiddleware | CorrelationId: | Slow request: POST /api/auth/login took 589ms — status 200.
2026-04-19 22:17:47.305 +05:30 [INF] Serilog.AspNetCore.RequestLoggingMiddleware | CorrelationId:b1cbc26bf8254cc69162a6093d366ac5 | HTTP POST /api/VisitorManagement/visitors responded 400 in 3.9538 ms
2026-04-19 22:17:47.338 +05:30 [INF] Serilog.AspNetCore.RequestLoggingMiddleware | CorrelationId:3c1032f36dbc474cb4d8b18712ce753d | HTTP POST /api/VisitorManagement/visitors responded 400 in 5.3990 ms
2026-04-19 22:17:47.343 +05:30 [INF] SmsApi.Middleware.LoggingActionFilter | CorrelationId:69b8f39b56904fd68becea65f42be327 | API Request: GET /api/VisitorManagement/visitors | User: Unknown | School: 550e8400-e29b-41d4-a716-446655440000
2026-04-19 22:17:47.347 +05:30 [INF] SmsApi.Middleware.LoggingActionFilter | CorrelationId:69b8f39b56904fd68becea65f42be327 | API Response: GET /api/VisitorManagement/visitors | Status: 200 | Duration: 3ms
2026-04-19 22:17:47.347 +05:30 [INF] Serilog.AspNetCore.RequestLoggingMiddleware | CorrelationId:69b8f39b56904fd68becea65f42be327 | HTTP GET /api/VisitorManagement/visitors responded 200 in 4.8271 ms
2026-04-19 22:17:47.373 +05:30 [INF] Serilog.AspNetCore.RequestLoggingMiddleware | CorrelationId:5706bf79d7e141b4a54e75720c1c4960 | HTTP POST /api/VisitorManagement/check-in responded 400 in 3.9600 ms
2026-04-19 22:17:47.382 +05:30 [INF] Serilog.AspNetCore.RequestLoggingMiddleware | CorrelationId:6cae145c31a74f8b8d6f4793115ae601 | HTTP POST /api/VisitorManagement/check-in responded 400 in 2.8836 ms
2026-04-19 22:17:47.386 +05:30 [INF] SmsApi.Middleware.LoggingActionFilter | CorrelationId:3dd8f5c4bbcb4fb6a90f218584b634f2 | API Request: GET /api/VisitorManagement/active | User: Unknown | School: 550e8400-e29b-41d4-a716-446655440000
2026-04-19 22:17:47.392 +05:30 [INF] SmsApi.Middleware.LoggingActionFilter | CorrelationId:3dd8f5c4bbcb4fb6a90f218584b634f2 | API Response: GET /api/VisitorManagement/active | Status: 200 | Duration: 6ms
2026-04-19 22:17:47.393 +05:30 [INF] Serilog.AspNetCore.RequestLoggingMiddleware | CorrelationId:3dd8f5c4bbcb4fb6a90f218584b634f2 | HTTP GET /api/VisitorManagement/active responded 200 in 7.4289 ms
2026-04-19 22:17:47.411 +05:30 [INF] SmsApi.Middleware.LoggingActionFilter | CorrelationId:e2efc1ffd1404aeaae3a10a1e7208366 | API Request: GET /api/VisitorManagement/logs | User: Unknown | School: 550e8400-e29b-41d4-a716-446655440000
2026-04-19 22:17:47.418 +05:30 [INF] SmsApi.Middleware.LoggingActionFilter | CorrelationId:e2efc1ffd1404aeaae3a10a1e7208366 | API Response: GET /api/VisitorManagement/logs | Status: 200 | Duration: 6ms
2026-04-19 22:17:47.419 +05:30 [INF] Serilog.AspNetCore.RequestLoggingMiddleware | CorrelationId:e2efc1ffd1404aeaae3a10a1e7208366 | HTTP GET /api/VisitorManagement/logs responded 200 in 8.2710 ms
2026-04-19 22:17:47.444 +05:30 [INF] Serilog.AspNetCore.RequestLoggingMiddleware | CorrelationId:37d0a1f31c9d43dba9bb3b7763bfdd24 | HTTP POST /api/VisitorManagement/visitors responded 400 in 6.9463 ms
2026-04-19 22:17:47.452 +05:30 [INF] Serilog.AspNetCore.RequestLoggingMiddleware | CorrelationId:04da102d40b64d02941fdd51259f7114 | HTTP POST /api/VisitorManagement/visitors responded 400 in 2.9382 ms
2026-04-19 22:17:47.458 +05:30 [INF] SmsApi.Middleware.LoggingActionFilter | CorrelationId:185eab4b9847465b8f758bd17d938f55 | API Request: GET /api/VisitorManagement/visitors | User: Unknown | School: 550e8400-e29b-41d4-a716-446655440000
2026-04-19 22:17:47.462 +05:30 [INF] SmsApi.Middleware.LoggingActionFilter | CorrelationId:185eab4b9847465b8f758bd17d938f55 | API Response: GET /api/VisitorManagement/visitors | Status: 200 | Duration: 3ms
2026-04-19 22:17:47.462 +05:30 [INF] Serilog.AspNetCore.RequestLoggingMiddleware | CorrelationId:185eab4b9847465b8f758bd17d938f55 | HTTP GET /api/VisitorManagement/visitors responded 200 in 4.8073 ms
2026-04-19 22:17:47.482 +05:30 [INF] SmsApi.Middleware.LoggingActionFilter | CorrelationId:40e06820378943c7b48d3814e595f0c5 | API Request: GET /api/VisitorManagement/visitors/00000000-0000-0000-0000-000000000000 | User: Unknown | School: 550e8400-e29b-41d4-a716-446655440000
2026-04-19 22:17:47.484 +05:30 [INF] SmsApi.Middleware.LoggingActionFilter | CorrelationId:40e06820378943c7b48d3814e595f0c5 | API Response: GET /api/VisitorManagement/visitors/00000000-0000-0000-0000-000000000000 | Status: 200 | Duration: 1ms
2026-04-19 22:17:47.484 +05:30 [INF] Serilog.AspNetCore.RequestLoggingMiddleware | CorrelationId:40e06820378943c7b48d3814e595f0c5 | HTTP GET /api/VisitorManagement/visitors/00000000-0000-0000-0000-000000000000 responded 404 in 3.8243 ms
2026-04-19 22:17:47.489 +05:30 [INF] SmsApi.Middleware.LoggingActionFilter | CorrelationId:0c7d948ef0ee447db71dd9213e911012 | API Request: POST /api/VisitorManagement/logs/00000000-0000-0000-0000-000000000000/check-out | User: Unknown | School: 550e8400-e29b-41d4-a716-446655440000
2026-04-19 22:17:47.493 +05:30 [INF] SmsApi.Middleware.LoggingActionFilter | CorrelationId:0c7d948ef0ee447db71dd9213e911012 | API Response: POST /api/VisitorManagement/logs/00000000-0000-0000-0000-000000000000/check-out | Status: 200 | Duration: 4ms
2026-04-19 22:17:47.496 +05:30 [INF] Serilog.AspNetCore.RequestLoggingMiddleware | CorrelationId:0c7d948ef0ee447db71dd9213e911012 | HTTP POST /api/VisitorManagement/logs/00000000-0000-0000-0000-000000000000/check-out responded 404 in 8.1128 ms
2026-04-19 22:17:47.499 +05:30 [INF] Serilog.AspNetCore.RequestLoggingMiddleware | CorrelationId:3a5d79a24362425682d877da850f0fe3 | HTTP GET /api/VisitorManagement/visitors responded 401 in 0.2257 ms
2026-04-19 22:18:26.995 +05:30 [INF] SmsApi.Middleware.LoggingActionFilter | CorrelationId:cdf561f4155949599432c7b0bc915580 | API Request: POST /api/auth/login | User: Unknown | School: Unknown
2026-04-19 22:18:27.580 +05:30 [INF] SmsApi.Controllers.AuthController | CorrelationId:cdf561f4155949599432c7b0bc915580 | Login successful for admin (SchoolId: "550e8400-e29b-41d4-a716-446655440000")
2026-04-19 22:18:27.580 +05:30 [INF] SmsApi.Middleware.LoggingActionFilter | CorrelationId:cdf561f4155949599432c7b0bc915580 | API Response: POST /api/auth/login | Status: 200 | Duration: 585ms
2026-04-19 22:18:27.586 +05:30 [INF] Serilog.AspNetCore.RequestLoggingMiddleware | CorrelationId:cdf561f4155949599432c7b0bc915580 | HTTP POST /api/auth/login responded 200 in 595.0373 ms
2026-04-19 22:18:27.587 +05:30 [WRN] SmsApi.Infrastructure.Performance.PerformanceMonitoringMiddleware | CorrelationId: | Slow request: POST /api/auth/login took 591ms — status 200.
2026-04-19 22:18:27.693 +05:30 [INF] SmsApi.Middleware.LoggingActionFilter | CorrelationId:dbab755ae5454f2b85c31a4074e33331 | API Request: POST /api/VisitorManagement/visitors | User: Unknown | School: 550e8400-e29b-41d4-a716-446655440000
2026-04-19 22:18:27.809 +05:30 [INF] SmsApi.Middleware.LoggingActionFilter | CorrelationId:dbab755ae5454f2b85c31a4074e33331 | API Response: POST /api/VisitorManagement/visitors | Status: 200 | Duration: 116ms
2026-04-19 22:18:27.869 +05:30 [INF] Serilog.AspNetCore.RequestLoggingMiddleware | CorrelationId:dbab755ae5454f2b85c31a4074e33331 | HTTP POST /api/VisitorManagement/visitors responded 201 in 191.1935 ms
2026-04-19 22:18:27.904 +05:30 [INF] SmsApi.Middleware.LoggingActionFilter | CorrelationId:696834968b7141c09dba0cf3b0ecea88 | API Request: POST /api/VisitorManagement/visitors | User: Unknown | School: 550e8400-e29b-41d4-a716-446655440000
2026-04-19 22:18:27.909 +05:30 [INF] SmsApi.Middleware.LoggingActionFilter | CorrelationId:696834968b7141c09dba0cf3b0ecea88 | API Response: POST /api/VisitorManagement/visitors | Status: 200 | Duration: 5ms
2026-04-19 22:18:27.912 +05:30 [INF] Serilog.AspNetCore.RequestLoggingMiddleware | CorrelationId:696834968b7141c09dba0cf3b0ecea88 | HTTP POST /api/VisitorManagement/visitors responded 201 in 9.9240 ms
2026-04-19 22:18:27.939 +05:30 [INF] SmsApi.Middleware.LoggingActionFilter | CorrelationId:351ba63245474728be2e3adbdc474ab7 | API Request: GET /api/VisitorManagement/visitors | User: Unknown | School: 550e8400-e29b-41d4-a716-446655440000
2026-04-19 22:18:27.943 +05:30 [INF] SmsApi.Middleware.LoggingActionFilter | CorrelationId:351ba63245474728be2e3adbdc474ab7 | API Response: GET /api/VisitorManagement/visitors | Status: 200 | Duration: 4ms
2026-04-19 22:18:27.944 +05:30 [INF] Serilog.AspNetCore.RequestLoggingMiddleware | CorrelationId:351ba63245474728be2e3adbdc474ab7 | HTTP GET /api/VisitorManagement/visitors responded 200 in 6.4842 ms
2026-04-19 22:18:28.083 +05:30 [INF] Serilog.AspNetCore.RequestLoggingMiddleware | CorrelationId:72f7a0c752064d75ae2122d17b7e490c | HTTP POST /api/VisitorManagement/check-in responded 400 in 9.7463 ms
2026-04-19 22:18:28.109 +05:30 [INF] Serilog.AspNetCore.RequestLoggingMiddleware | CorrelationId:14b94820f634430a8a6a096d621807ab | HTTP POST /api/VisitorManagement/check-in responded 400 in 4.8326 ms
2026-04-19 22:18:28.118 +05:30 [INF] SmsApi.Middleware.LoggingActionFilter | CorrelationId:2e094de43f8f436ea7483879c48aba85 | API Request: GET /api/VisitorManagement/active | User: Unknown | School: 550e8400-e29b-41d4-a716-446655440000
2026-04-19 22:18:28.139 +05:30 [INF] SmsApi.Middleware.LoggingActionFilter | CorrelationId:2e094de43f8f436ea7483879c48aba85 | API Response: GET /api/VisitorManagement/active | Status: 200 | Duration: 21ms
2026-04-19 22:18:28.140 +05:30 [INF] Serilog.AspNetCore.RequestLoggingMiddleware | CorrelationId:2e094de43f8f436ea7483879c48aba85 | HTTP GET /api/VisitorManagement/active responded 200 in 22.5524 ms
2026-04-19 22:18:28.262 +05:30 [INF] SmsApi.Middleware.LoggingActionFilter | CorrelationId:9bf3c4b3c3ee4489a3f7414e969b6d0b | API Request: GET /api/VisitorManagement/logs | User: Unknown | School: 550e8400-e29b-41d4-a716-446655440000
2026-04-19 22:18:28.272 +05:30 [INF] SmsApi.Middleware.LoggingActionFilter | CorrelationId:9bf3c4b3c3ee4489a3f7414e969b6d0b | API Response: GET /api/VisitorManagement/logs | Status: 200 | Duration: 9ms
2026-04-19 22:18:28.275 +05:30 [INF] Serilog.AspNetCore.RequestLoggingMiddleware | CorrelationId:9bf3c4b3c3ee4489a3f7414e969b6d0b | HTTP GET /api/VisitorManagement/logs responded 200 in 14.6013 ms
2026-04-19 22:18:28.918 +05:30 [INF] Serilog.AspNetCore.RequestLoggingMiddleware | CorrelationId:a7846b8c10cd476796a04ba034608b21 | HTTP POST /api/VisitorManagement/visitors responded 400 in 5.5113 ms
2026-04-19 22:18:28.931 +05:30 [INF] Serilog.AspNetCore.RequestLoggingMiddleware | CorrelationId:8c029726d92e4d669a2070745e4dea5e | HTTP POST /api/VisitorManagement/visitors responded 400 in 3.7302 ms
2026-04-19 22:18:28.937 +05:30 [INF] SmsApi.Middleware.LoggingActionFilter | CorrelationId:3b8e49d226484ae7af710da8e4cc4f00 | API Request: GET /api/VisitorManagement/visitors | User: Unknown | School: 550e8400-e29b-41d4-a716-446655440000
2026-04-19 22:18:28.941 +05:30 [INF] SmsApi.Middleware.LoggingActionFilter | CorrelationId:3b8e49d226484ae7af710da8e4cc4f00 | API Response: GET /api/VisitorManagement/visitors | Status: 200 | Duration: 4ms
2026-04-19 22:18:28.942 +05:30 [INF] Serilog.AspNetCore.RequestLoggingMiddleware | CorrelationId:3b8e49d226484ae7af710da8e4cc4f00 | HTTP GET /api/VisitorManagement/visitors responded 200 in 6.1013 ms
2026-04-19 22:18:29.062 +05:30 [INF] SmsApi.Middleware.LoggingActionFilter | CorrelationId:5a1628c71abd4de3964a7d7d4a798a62 | API Request: GET /api/VisitorManagement/visitors/00000000-0000-0000-0000-000000000000 | User: Unknown | School: 550e8400-e29b-41d4-a716-446655440000
2026-04-19 22:18:29.065 +05:30 [INF] SmsApi.Middleware.LoggingActionFilter | CorrelationId:5a1628c71abd4de3964a7d7d4a798a62 | API Response: GET /api/VisitorManagement/visitors/00000000-0000-0000-0000-000000000000 | Status: 200 | Duration: 2ms
2026-04-19 22:18:29.065 +05:30 [INF] Serilog.AspNetCore.RequestLoggingMiddleware | CorrelationId:5a1628c71abd4de3964a7d7d4a798a62 | HTTP GET /api/VisitorManagement/visitors/00000000-0000-0000-0000-000000000000 responded 404 in 3.7411 ms
2026-04-19 22:18:29.076 +05:30 [INF] SmsApi.Middleware.LoggingActionFilter | CorrelationId:14b5f00a1aef4702a71b0485211badf9 | API Request: POST /api/VisitorManagement/logs/00000000-0000-0000-0000-000000000000/check-out | User: Unknown | School: 550e8400-e29b-41d4-a716-446655440000
2026-04-19 22:18:29.083 +05:30 [INF] SmsApi.Middleware.LoggingActionFilter | CorrelationId:14b5f00a1aef4702a71b0485211badf9 | API Response: POST /api/VisitorManagement/logs/00000000-0000-0000-0000-000000000000/check-out | Status: 200 | Duration: 6ms
2026-04-19 22:18:29.088 +05:30 [INF] Serilog.AspNetCore.RequestLoggingMiddleware | CorrelationId:14b5f00a1aef4702a71b0485211badf9 | HTTP POST /api/VisitorManagement/logs/00000000-0000-0000-0000-000000000000/check-out responded 404 in 13.0922 ms
2026-04-19 22:18:29.095 +05:30 [INF] Serilog.AspNetCore.RequestLoggingMiddleware | CorrelationId:3c013bf459ac4c2eb59e7e88f834e3b8 | HTTP GET /api/VisitorManagement/visitors responded 401 in 0.3645 ms
2026-04-19 22:18:43.375 +05:30 [INF] SmsApi.Middleware.LoggingActionFilter | CorrelationId:9b09e115f2ef43f890a30fdbe6a05a6f | API Request: POST /api/auth/login | User: Unknown | School: Unknown
2026-04-19 22:18:43.974 +05:30 [INF] SmsApi.Controllers.AuthController | CorrelationId:9b09e115f2ef43f890a30fdbe6a05a6f | Login successful for admin (SchoolId: "550e8400-e29b-41d4-a716-446655440000")
2026-04-19 22:18:43.974 +05:30 [INF] SmsApi.Middleware.LoggingActionFilter | CorrelationId:9b09e115f2ef43f890a30fdbe6a05a6f | API Response: POST /api/auth/login | Status: 200 | Duration: 599ms
2026-04-19 22:18:43.982 +05:30 [INF] Serilog.AspNetCore.RequestLoggingMiddleware | CorrelationId:9b09e115f2ef43f890a30fdbe6a05a6f | HTTP POST /api/auth/login responded 200 in 609.7805 ms
2026-04-19 22:18:43.982 +05:30 [WRN] SmsApi.Infrastructure.Performance.PerformanceMonitoringMiddleware | CorrelationId: | Slow request: POST /api/auth/login took 606ms — status 200.
2026-04-19 22:18:44.051 +05:30 [INF] SmsApi.Middleware.LoggingActionFilter | CorrelationId:6792e947059341daa0b388ee06e0f99f | API Request: POST /api/VisitorManagement/visitors | User: Unknown | School: 550e8400-e29b-41d4-a716-446655440000
2026-04-19 22:18:44.055 +05:30 [INF] SmsApi.Middleware.LoggingActionFilter | CorrelationId:6792e947059341daa0b388ee06e0f99f | API Response: POST /api/VisitorManagement/visitors | Status: 200 | Duration: 4ms
2026-04-19 22:18:44.064 +05:30 [INF] Serilog.AspNetCore.RequestLoggingMiddleware | CorrelationId:6792e947059341daa0b388ee06e0f99f | HTTP POST /api/VisitorManagement/visitors responded 400 in 16.5224 ms
2026-04-19 22:18:44.087 +05:30 [INF] SmsApi.Middleware.LoggingActionFilter | CorrelationId:bccd3d437d824539b9a8db51a13a3fc3 | API Request: POST /api/VisitorManagement/visitors | User: Unknown | School: 550e8400-e29b-41d4-a716-446655440000
2026-04-19 22:18:44.090 +05:30 [INF] SmsApi.Middleware.LoggingActionFilter | CorrelationId:bccd3d437d824539b9a8db51a13a3fc3 | API Response: POST /api/VisitorManagement/visitors | Status: 200 | Duration: 2ms
2026-04-19 22:18:44.092 +05:30 [INF] Serilog.AspNetCore.RequestLoggingMiddleware | CorrelationId:bccd3d437d824539b9a8db51a13a3fc3 | HTTP POST /api/VisitorManagement/visitors responded 400 in 6.0800 ms
2026-04-19 22:18:44.097 +05:30 [INF] SmsApi.Middleware.LoggingActionFilter | CorrelationId:25827e5c50a14b8a9e041d4ae5fa8dfd | API Request: GET /api/VisitorManagement/visitors | User: Unknown | School: 550e8400-e29b-41d4-a716-446655440000
2026-04-19 22:18:44.103 +05:30 [INF] SmsApi.Middleware.LoggingActionFilter | CorrelationId:25827e5c50a14b8a9e041d4ae5fa8dfd | API Response: GET /api/VisitorManagement/visitors | Status: 200 | Duration: 5ms
2026-04-19 22:18:44.104 +05:30 [INF] Serilog.AspNetCore.RequestLoggingMiddleware | CorrelationId:25827e5c50a14b8a9e041d4ae5fa8dfd | HTTP GET /api/VisitorManagement/visitors responded 200 in 7.7282 ms
2026-04-19 22:18:44.150 +05:30 [INF] Serilog.AspNetCore.RequestLoggingMiddleware | CorrelationId:f9b6c093e53446c3873b4c155b4078b7 | HTTP POST /api/VisitorManagement/check-in responded 400 in 4.4556 ms
2026-04-19 22:18:44.169 +05:30 [INF] Serilog.AspNetCore.RequestLoggingMiddleware | CorrelationId:d8f4ddfd33894d33af6373b000540ba0 | HTTP POST /api/VisitorManagement/check-in responded 400 in 6.0512 ms
2026-04-19 22:18:44.175 +05:30 [INF] SmsApi.Middleware.LoggingActionFilter | CorrelationId:e9e0cabd0d944e6bb5272c49d1ebf54b | API Request: GET /api/VisitorManagement/active | User: Unknown | School: 550e8400-e29b-41d4-a716-446655440000
2026-04-19 22:18:44.182 +05:30 [INF] SmsApi.Middleware.LoggingActionFilter | CorrelationId:e9e0cabd0d944e6bb5272c49d1ebf54b | API Response: GET /api/VisitorManagement/active | Status: 200 | Duration: 6ms
2026-04-19 22:18:44.183 +05:30 [INF] Serilog.AspNetCore.RequestLoggingMiddleware | CorrelationId:e9e0cabd0d944e6bb5272c49d1ebf54b | HTTP GET /api/VisitorManagement/active responded 200 in 8.3514 ms
2026-04-19 22:18:44.200 +05:30 [INF] SmsApi.Middleware.LoggingActionFilter | CorrelationId:70b01690858b4500a0839900db7035a1 | API Request: GET /api/VisitorManagement/logs | User: Unknown | School: 550e8400-e29b-41d4-a716-446655440000
2026-04-19 22:18:44.207 +05:30 [INF] SmsApi.Middleware.LoggingActionFilter | CorrelationId:70b01690858b4500a0839900db7035a1 | API Response: GET /api/VisitorManagement/logs | Status: 200 | Duration: 7ms
2026-04-19 22:18:44.208 +05:30 [INF] Serilog.AspNetCore.RequestLoggingMiddleware | CorrelationId:70b01690858b4500a0839900db7035a1 | HTTP GET /api/VisitorManagement/logs responded 200 in 9.2738 ms
2026-04-19 22:18:44.228 +05:30 [INF] Serilog.AspNetCore.RequestLoggingMiddleware | CorrelationId:2692efd76d394639b43ac0033b0f67bf | HTTP POST /api/VisitorManagement/visitors responded 400 in 3.4834 ms
2026-04-19 22:18:44.236 +05:30 [INF] Serilog.AspNetCore.RequestLoggingMiddleware | CorrelationId:5f345edad0d04a43b3ebec07d752400e | HTTP POST /api/VisitorManagement/visitors responded 400 in 4.0539 ms
2026-04-19 22:18:44.244 +05:30 [INF] SmsApi.Middleware.LoggingActionFilter | CorrelationId:ec009d03b07d43a19f7427c8239d1232 | API Request: GET /api/VisitorManagement/visitors | User: Unknown | School: 550e8400-e29b-41d4-a716-446655440000
2026-04-19 22:18:44.250 +05:30 [INF] SmsApi.Middleware.LoggingActionFilter | CorrelationId:ec009d03b07d43a19f7427c8239d1232 | API Response: GET /api/VisitorManagement/visitors | Status: 200 | Duration: 5ms
2026-04-19 22:18:44.250 +05:30 [INF] Serilog.AspNetCore.RequestLoggingMiddleware | CorrelationId:ec009d03b07d43a19f7427c8239d1232 | HTTP GET /api/VisitorManagement/visitors responded 200 in 7.4660 ms
2026-04-19 22:18:44.272 +05:30 [INF] SmsApi.Middleware.LoggingActionFilter | CorrelationId:6f4814481e1641619ea26478dcba2370 | API Request: GET /api/VisitorManagement/visitors/00000000-0000-0000-0000-000000000000 | User: Unknown | School: 550e8400-e29b-41d4-a716-446655440000
2026-04-19 22:18:44.275 +05:30 [INF] SmsApi.Middleware.LoggingActionFilter | CorrelationId:6f4814481e1641619ea26478dcba2370 | API Response: GET /api/VisitorManagement/visitors/00000000-0000-0000-0000-000000000000 | Status: 200 | Duration: 2ms
2026-04-19 22:18:44.275 +05:30 [INF] Serilog.AspNetCore.RequestLoggingMiddleware | CorrelationId:6f4814481e1641619ea26478dcba2370 | HTTP GET /api/VisitorManagement/visitors/00000000-0000-0000-0000-000000000000 responded 404 in 3.7533 ms
2026-04-19 22:18:44.295 +05:30 [INF] SmsApi.Middleware.LoggingActionFilter | CorrelationId:7436ee0976c04236a7ebfd7d57f6ccac | API Request: POST /api/VisitorManagement/logs/00000000-0000-0000-0000-000000000000/check-out | User: Unknown | School: 550e8400-e29b-41d4-a716-446655440000
2026-04-19 22:18:44.299 +05:30 [INF] SmsApi.Middleware.LoggingActionFilter | CorrelationId:7436ee0976c04236a7ebfd7d57f6ccac | API Response: POST /api/VisitorManagement/logs/00000000-0000-0000-0000-000000000000/check-out | Status: 200 | Duration: 3ms
2026-04-19 22:18:44.301 +05:30 [INF] Serilog.AspNetCore.RequestLoggingMiddleware | CorrelationId:7436ee0976c04236a7ebfd7d57f6ccac | HTTP POST /api/VisitorManagement/logs/00000000-0000-0000-0000-000000000000/check-out responded 404 in 6.9433 ms
2026-04-19 22:18:44.306 +05:30 [INF] Serilog.AspNetCore.RequestLoggingMiddleware | CorrelationId:6afb0a4e86d4406faf15a181959006ab | HTTP GET /api/VisitorManagement/visitors responded 401 in 0.5341 ms
2026-04-19 22:19:08.343 +05:30 [INF] SmsApi.Middleware.LoggingActionFilter | CorrelationId:f2314b4e36d8453f9668c506059a3114 | API Request: POST /api/auth/login | User: Unknown | School: Unknown
2026-04-19 22:19:09.026 +05:30 [INF] SmsApi.Controllers.AuthController | CorrelationId:f2314b4e36d8453f9668c506059a3114 | Login successful for admin (SchoolId: "550e8400-e29b-41d4-a716-446655440000")
2026-04-19 22:19:09.026 +05:30 [INF] SmsApi.Middleware.LoggingActionFilter | CorrelationId:f2314b4e36d8453f9668c506059a3114 | API Response: POST /api/auth/login | Status: 200 | Duration: 682ms
2026-04-19 22:19:09.035 +05:30 [INF] Serilog.AspNetCore.RequestLoggingMiddleware | CorrelationId:f2314b4e36d8453f9668c506059a3114 | HTTP POST /api/auth/login responded 200 in 710.5193 ms
2026-04-19 22:19:09.037 +05:30 [WRN] SmsApi.Infrastructure.Performance.PerformanceMonitoringMiddleware | CorrelationId: | Slow request: POST /api/auth/login took 705ms — status 200.
2026-04-19 22:19:09.107 +05:30 [INF] SmsApi.Middleware.LoggingActionFilter | CorrelationId:69caaaad297f4d46aa0d478a47437534 | API Request: POST /api/VisitorManagement/visitors | User: Unknown | School: 550e8400-e29b-41d4-a716-446655440000
2026-04-19 22:19:09.113 +05:30 [INF] SmsApi.Middleware.LoggingActionFilter | CorrelationId:69caaaad297f4d46aa0d478a47437534 | API Response: POST /api/VisitorManagement/visitors | Status: 200 | Duration: 6ms
2026-04-19 22:19:09.119 +05:30 [INF] Serilog.AspNetCore.RequestLoggingMiddleware | CorrelationId:69caaaad297f4d46aa0d478a47437534 | HTTP POST /api/VisitorManagement/visitors responded 400 in 15.9763 ms
2026-04-19 22:19:09.173 +05:30 [INF] SmsApi.Middleware.LoggingActionFilter | CorrelationId:ce73a16b97204442949396d17f029759 | API Request: POST /api/VisitorManagement/visitors | User: Unknown | School: 550e8400-e29b-41d4-a716-446655440000
2026-04-19 22:19:09.177 +05:30 [INF] SmsApi.Middleware.LoggingActionFilter | CorrelationId:ce73a16b97204442949396d17f029759 | API Response: POST /api/VisitorManagement/visitors | Status: 200 | Duration: 4ms
2026-04-19 22:19:09.180 +05:30 [INF] Serilog.AspNetCore.RequestLoggingMiddleware | CorrelationId:ce73a16b97204442949396d17f029759 | HTTP POST /api/VisitorManagement/visitors responded 400 in 8.9157 ms
2026-04-19 22:19:09.194 +05:30 [INF] SmsApi.Middleware.LoggingActionFilter | CorrelationId:a2480684883142889244c2a87fe7f8a1 | API Request: GET /api/VisitorManagement/visitors | User: Unknown | School: 550e8400-e29b-41d4-a716-446655440000
2026-04-19 22:19:09.200 +05:30 [INF] SmsApi.Middleware.LoggingActionFilter | CorrelationId:a2480684883142889244c2a87fe7f8a1 | API Response: GET /api/VisitorManagement/visitors | Status: 200 | Duration: 6ms
2026-04-19 22:19:09.201 +05:30 [INF] Serilog.AspNetCore.RequestLoggingMiddleware | CorrelationId:a2480684883142889244c2a87fe7f8a1 | HTTP GET /api/VisitorManagement/visitors responded 200 in 9.6210 ms
2026-04-19 22:19:09.243 +05:30 [INF] Serilog.AspNetCore.RequestLoggingMiddleware | CorrelationId:35256c38a586425286ab6f38cb97ad54 | HTTP POST /api/VisitorManagement/check-in responded 400 in 8.5333 ms
2026-04-19 22:19:09.252 +05:30 [INF] Serilog.AspNetCore.RequestLoggingMiddleware | CorrelationId:341d7edcee4443c88740330a19a26f0c | HTTP POST /api/VisitorManagement/check-in responded 400 in 4.2090 ms
2026-04-19 22:19:09.260 +05:30 [INF] SmsApi.Middleware.LoggingActionFilter | CorrelationId:5998100d4877448ba4a23e28269d95b2 | API Request: GET /api/VisitorManagement/active | User: Unknown | School: 550e8400-e29b-41d4-a716-446655440000
2026-04-19 22:19:09.266 +05:30 [INF] SmsApi.Middleware.LoggingActionFilter | CorrelationId:5998100d4877448ba4a23e28269d95b2 | API Response: GET /api/VisitorManagement/active | Status: 200 | Duration: 5ms
2026-04-19 22:19:09.266 +05:30 [INF] Serilog.AspNetCore.RequestLoggingMiddleware | CorrelationId:5998100d4877448ba4a23e28269d95b2 | HTTP GET /api/VisitorManagement/active responded 200 in 6.6852 ms
2026-04-19 22:19:09.283 +05:30 [INF] SmsApi.Middleware.LoggingActionFilter | CorrelationId:4dab9faf156444da944a4a9bd066099f | API Request: GET /api/VisitorManagement/logs | User: Unknown | School: 550e8400-e29b-41d4-a716-446655440000
2026-04-19 22:19:09.294 +05:30 [INF] SmsApi.Middleware.LoggingActionFilter | CorrelationId:4dab9faf156444da944a4a9bd066099f | API Response: GET /api/VisitorManagement/logs | Status: 200 | Duration: 10ms
2026-04-19 22:19:09.294 +05:30 [INF] Serilog.AspNetCore.RequestLoggingMiddleware | CorrelationId:4dab9faf156444da944a4a9bd066099f | HTTP GET /api/VisitorManagement/logs responded 200 in 11.6947 ms
2026-04-19 22:19:09.323 +05:30 [INF] Serilog.AspNetCore.RequestLoggingMiddleware | CorrelationId:cdb78fbc5f314130af0d4f35b2ce443d | HTTP POST /api/VisitorManagement/visitors responded 400 in 4.4191 ms
2026-04-19 22:19:09.331 +05:30 [INF] Serilog.AspNetCore.RequestLoggingMiddleware | CorrelationId:707ab685aab84e4fb0c6deb4838ed033 | HTTP POST /api/VisitorManagement/visitors responded 400 in 2.7652 ms
2026-04-19 22:19:09.339 +05:30 [INF] SmsApi.Middleware.LoggingActionFilter | CorrelationId:b5eb2b61f55549a1a6105e68916607d0 | API Request: GET /api/VisitorManagement/visitors | User: Unknown | School: 550e8400-e29b-41d4-a716-446655440000
2026-04-19 22:19:09.342 +05:30 [INF] SmsApi.Middleware.LoggingActionFilter | CorrelationId:b5eb2b61f55549a1a6105e68916607d0 | API Response: GET /api/VisitorManagement/visitors | Status: 200 | Duration: 3ms
2026-04-19 22:19:09.342 +05:30 [INF] Serilog.AspNetCore.RequestLoggingMiddleware | CorrelationId:b5eb2b61f55549a1a6105e68916607d0 | HTTP GET /api/VisitorManagement/visitors responded 200 in 4.3818 ms
2026-04-19 22:19:09.364 +05:30 [INF] SmsApi.Middleware.LoggingActionFilter | CorrelationId:a2846cf1877140f7b3acf203439f623d | API Request: GET /api/VisitorManagement/visitors/00000000-0000-0000-0000-000000000000 | User: Unknown | School: 550e8400-e29b-41d4-a716-446655440000
2026-04-19 22:19:09.365 +05:30 [INF] SmsApi.Middleware.LoggingActionFilter | CorrelationId:a2846cf1877140f7b3acf203439f623d | API Response: GET /api/VisitorManagement/visitors/00000000-0000-0000-0000-000000000000 | Status: 200 | Duration: 1ms
2026-04-19 22:19:09.366 +05:30 [INF] Serilog.AspNetCore.RequestLoggingMiddleware | CorrelationId:a2846cf1877140f7b3acf203439f623d | HTTP GET /api/VisitorManagement/visitors/00000000-0000-0000-0000-000000000000 responded 404 in 2.9840 ms
2026-04-19 22:19:09.373 +05:30 [INF] SmsApi.Middleware.LoggingActionFilter | CorrelationId:6ad4e978b59d42bcb015d1082d7c0827 | API Request: POST /api/VisitorManagement/logs/00000000-0000-0000-0000-000000000000/check-out | User: Unknown | School: 550e8400-e29b-41d4-a716-446655440000
2026-04-19 22:19:09.381 +05:30 [INF] SmsApi.Middleware.LoggingActionFilter | CorrelationId:6ad4e978b59d42bcb015d1082d7c0827 | API Response: POST /api/VisitorManagement/logs/00000000-0000-0000-0000-000000000000/check-out | Status: 200 | Duration: 7ms
2026-04-19 22:19:09.386 +05:30 [INF] Serilog.AspNetCore.RequestLoggingMiddleware | CorrelationId:6ad4e978b59d42bcb015d1082d7c0827 | HTTP POST /api/VisitorManagement/logs/00000000-0000-0000-0000-000000000000/check-out responded 404 in 13.9440 ms
2026-04-19 22:19:09.506 +05:30 [INF] Serilog.AspNetCore.RequestLoggingMiddleware | CorrelationId:dc150f15f11247958ac829b1f8309482 | HTTP GET /api/VisitorManagement/visitors responded 401 in 0.3735 ms
2026-04-19 22:21:09.652 +05:30 [INF]  | CorrelationId: | Using distributed in-memory cache (development only)
2026-04-19 22:21:11.996 +05:30 [WRN] Microsoft.EntityFrameworkCore.Model.Validation | CorrelationId: | Entity 'Staff' has a global query filter defined and is the required end of a relationship with the entity 'Certificate'. This may lead to unexpected results when the required entity is filtered out. Either configure the navigation as optional, or define matching query filters for both entities in the navigation. See https://go.microsoft.com/fwlink/?linkid=2131316 for more information.
2026-04-19 22:21:11.998 +05:30 [WRN] Microsoft.EntityFrameworkCore.Model.Validation | CorrelationId: | Entity 'School' has a global query filter defined and is the required end of a relationship with the entity 'CertificateTemplate'. This may lead to unexpected results when the required entity is filtered out. Either configure the navigation as optional, or define matching query filters for both entities in the navigation. See https://go.microsoft.com/fwlink/?linkid=2131316 for more information.
2026-04-19 22:21:11.998 +05:30 [WRN] Microsoft.EntityFrameworkCore.Model.Validation | CorrelationId: | Entity 'School' has a global query filter defined and is the required end of a relationship with the entity 'Document'. This may lead to unexpected results when the required entity is filtered out. Either configure the navigation as optional, or define matching query filters for both entities in the navigation. See https://go.microsoft.com/fwlink/?linkid=2131316 for more information.
2026-04-19 22:21:11.998 +05:30 [WRN] Microsoft.EntityFrameworkCore.Model.Validation | CorrelationId: | Entity 'School' has a global query filter defined and is the required end of a relationship with the entity 'DocumentCategory'. This may lead to unexpected results when the required entity is filtered out. Either configure the navigation as optional, or define matching query filters for both entities in the navigation. See https://go.microsoft.com/fwlink/?linkid=2131316 for more information.
2026-04-19 22:21:11.998 +05:30 [WRN] Microsoft.EntityFrameworkCore.Model.Validation | CorrelationId: | Entity 'School' has a global query filter defined and is the required end of a relationship with the entity 'FeeAuditLog'. This may lead to unexpected results when the required entity is filtered out. Either configure the navigation as optional, or define matching query filters for both entities in the navigation. See https://go.microsoft.com/fwlink/?linkid=2131316 for more information.
2026-04-19 22:21:11.999 +05:30 [WRN] Microsoft.EntityFrameworkCore.Model.Validation | CorrelationId: | Entity 'School' has a global query filter defined and is the required end of a relationship with the entity 'Holiday'. This may lead to unexpected results when the required entity is filtered out. Either configure the navigation as optional, or define matching query filters for both entities in the navigation. See https://go.microsoft.com/fwlink/?linkid=2131316 for more information.
2026-04-19 22:21:11.999 +05:30 [WRN] Microsoft.EntityFrameworkCore.Model.Validation | CorrelationId: | Entity 'School' has a global query filter defined and is the required end of a relationship with the entity 'IDCard'. This may lead to unexpected results when the required entity is filtered out. Either configure the navigation as optional, or define matching query filters for both entities in the navigation. See https://go.microsoft.com/fwlink/?linkid=2131316 for more information.
2026-04-19 22:21:11.999 +05:30 [WRN] Microsoft.EntityFrameworkCore.Model.Validation | CorrelationId: | Entity 'School' has a global query filter defined and is the required end of a relationship with the entity 'IDCardTemplate'. This may lead to unexpected results when the required entity is filtered out. Either configure the navigation as optional, or define matching query filters for both entities in the navigation. See https://go.microsoft.com/fwlink/?linkid=2131316 for more information.
2026-04-19 22:21:11.999 +05:30 [WRN] Microsoft.EntityFrameworkCore.Model.Validation | CorrelationId: | Entity 'UserLogin' has a global query filter defined and is the required end of a relationship with the entity 'PasswordResetToken'. This may lead to unexpected results when the required entity is filtered out. Either configure the navigation as optional, or define matching query filters for both entities in the navigation. See https://go.microsoft.com/fwlink/?linkid=2131316 for more information.
2026-04-19 22:21:11.999 +05:30 [WRN] Microsoft.EntityFrameworkCore.Model.Validation | CorrelationId: | Entity 'School' has a global query filter defined and is the required end of a relationship with the entity 'PromotionHistory'. This may lead to unexpected results when the required entity is filtered out. Either configure the navigation as optional, or define matching query filters for both entities in the navigation. See https://go.microsoft.com/fwlink/?linkid=2131316 for more information.
2026-04-19 22:21:12.089 +05:30 [WRN] Microsoft.EntityFrameworkCore.Model.Validation | CorrelationId: | The foreign key property 'Staff.ReportingToId1' was created in shadow state because a conflicting property with the simple name 'ReportingToId' exists in the entity type, but is either not mapped, is already used for another relationship, or is incompatible with the associated primary key type. See https://aka.ms/efcore-relationships for information on mapping relationships in EF Core.
2026-04-19 22:21:13.341 +05:30 [INF] Program | CorrelationId: | Database migrations applied successfully.
2026-04-19 22:21:14.420 +05:30 [INF] Microsoft.Hosting.Lifetime | CorrelationId: | Now listening on: http://localhost:5092
2026-04-19 22:21:14.421 +05:30 [INF] Microsoft.Hosting.Lifetime | CorrelationId: | Application started. Press Ctrl+C to shut down.
2026-04-19 22:21:14.422 +05:30 [INF] Microsoft.Hosting.Lifetime | CorrelationId: | Hosting environment: Development
2026-04-19 22:21:14.422 +05:30 [INF] Microsoft.Hosting.Lifetime | CorrelationId: | Content root path: C:\Vitana\Vitana Group\sms-api
2026-04-19 22:21:28.334 +05:30 [WRN] Microsoft.AspNetCore.HttpsPolicy.HttpsRedirectionMiddleware | CorrelationId:f0731d389b634315a38f13bb79c088da | Failed to determine the https port for redirect.
2026-04-19 22:21:28.464 +05:30 [INF] SmsApi.Middleware.LoggingActionFilter | CorrelationId:f0731d389b634315a38f13bb79c088da | API Request: POST /api/auth/login | User: Unknown | School: Unknown
2026-04-19 22:21:30.197 +05:30 [INF] SmsApi.Controllers.AuthController | CorrelationId:f0731d389b634315a38f13bb79c088da | Login successful for admin (SchoolId: "550e8400-e29b-41d4-a716-446655440000")
2026-04-19 22:21:30.200 +05:30 [INF] SmsApi.Middleware.LoggingActionFilter | CorrelationId:f0731d389b634315a38f13bb79c088da | API Response: POST /api/auth/login | Status: 200 | Duration: 1737ms
2026-04-19 22:21:30.312 +05:30 [INF] Serilog.AspNetCore.RequestLoggingMiddleware | CorrelationId:f0731d389b634315a38f13bb79c088da | HTTP POST /api/auth/login responded 200 in 1999.5285 ms
2026-04-19 22:21:30.314 +05:30 [WRN] SmsApi.Infrastructure.Performance.PerformanceMonitoringMiddleware | CorrelationId: | Slow request: POST /api/auth/login took 1929ms — status 200.
2026-04-19 22:21:30.443 +05:30 [INF] SmsApi.Middleware.LoggingActionFilter | CorrelationId:c0161d6daeb64f5098b11f1652f6f809 | API Request: POST /api/VisitorManagement/visitors | User: Unknown | School: 550e8400-e29b-41d4-a716-446655440000
2026-04-19 22:21:30.487 +05:30 [INF] SmsApi.Middleware.LoggingActionFilter | CorrelationId:c0161d6daeb64f5098b11f1652f6f809 | API Response: POST /api/VisitorManagement/visitors | Status: 200 | Duration: 44ms
2026-04-19 22:21:30.505 +05:30 [INF] Serilog.AspNetCore.RequestLoggingMiddleware | CorrelationId:c0161d6daeb64f5098b11f1652f6f809 | HTTP POST /api/VisitorManagement/visitors responded 400 in 126.2501 ms
2026-04-19 22:21:30.548 +05:30 [INF] SmsApi.Middleware.LoggingActionFilter | CorrelationId:b1739154540947ba8f55872f0e3b0df6 | API Request: POST /api/VisitorManagement/visitors | User: Unknown | School: 550e8400-e29b-41d4-a716-446655440000
2026-04-19 22:21:30.553 +05:30 [INF] SmsApi.Middleware.LoggingActionFilter | CorrelationId:b1739154540947ba8f55872f0e3b0df6 | API Response: POST /api/VisitorManagement/visitors | Status: 200 | Duration: 4ms
2026-04-19 22:21:30.556 +05:30 [INF] Serilog.AspNetCore.RequestLoggingMiddleware | CorrelationId:b1739154540947ba8f55872f0e3b0df6 | HTTP POST /api/VisitorManagement/visitors responded 400 in 12.6767 ms
2026-04-19 22:21:30.575 +05:30 [INF] SmsApi.Middleware.LoggingActionFilter | CorrelationId:2308e5d14fb8475da4658743051f7bf1 | API Request: GET /api/VisitorManagement/visitors | User: Unknown | School: 550e8400-e29b-41d4-a716-446655440000
2026-04-19 22:21:30.632 +05:30 [INF] SmsApi.Middleware.LoggingActionFilter | CorrelationId:2308e5d14fb8475da4658743051f7bf1 | API Response: GET /api/VisitorManagement/visitors | Status: 200 | Duration: 56ms
2026-04-19 22:21:30.647 +05:30 [INF] Serilog.AspNetCore.RequestLoggingMiddleware | CorrelationId:2308e5d14fb8475da4658743051f7bf1 | HTTP GET /api/VisitorManagement/visitors responded 200 in 84.5966 ms
2026-04-19 22:21:30.697 +05:30 [INF] Serilog.AspNetCore.RequestLoggingMiddleware | CorrelationId:2505dc1fd4c04282a03609c1d0004515 | HTTP POST /api/VisitorManagement/check-in responded 400 in 22.7885 ms
2026-04-19 22:21:30.710 +05:30 [INF] Serilog.AspNetCore.RequestLoggingMiddleware | CorrelationId:69c516b12bc443ea95c74290a9cee020 | HTTP POST /api/VisitorManagement/check-in responded 400 in 4.9690 ms
2026-04-19 22:21:30.722 +05:30 [INF] SmsApi.Middleware.LoggingActionFilter | CorrelationId:8ac700e9659f4f5e97e1dc36b3b1426b | API Request: GET /api/VisitorManagement/active | User: Unknown | School: 550e8400-e29b-41d4-a716-446655440000
2026-04-19 22:21:30.799 +05:30 [INF] SmsApi.Middleware.LoggingActionFilter | CorrelationId:8ac700e9659f4f5e97e1dc36b3b1426b | API Response: GET /api/VisitorManagement/active | Status: 200 | Duration: 77ms
2026-04-19 22:21:30.802 +05:30 [INF] Serilog.AspNetCore.RequestLoggingMiddleware | CorrelationId:8ac700e9659f4f5e97e1dc36b3b1426b | HTTP GET /api/VisitorManagement/active responded 200 in 83.8800 ms
2026-04-19 22:21:30.830 +05:30 [INF] SmsApi.Middleware.LoggingActionFilter | CorrelationId:8ca7fd8ab0db4b62b90f24e24a029d72 | API Request: GET /api/VisitorManagement/logs | User: Unknown | School: 550e8400-e29b-41d4-a716-446655440000
2026-04-19 22:21:30.911 +05:30 [INF] SmsApi.Middleware.LoggingActionFilter | CorrelationId:8ca7fd8ab0db4b62b90f24e24a029d72 | API Response: GET /api/VisitorManagement/logs | Status: 200 | Duration: 80ms
2026-04-19 22:21:30.914 +05:30 [INF] Serilog.AspNetCore.RequestLoggingMiddleware | CorrelationId:8ca7fd8ab0db4b62b90f24e24a029d72 | HTTP GET /api/VisitorManagement/logs responded 200 in 86.8223 ms
2026-04-19 22:21:30.935 +05:30 [INF] SmsApi.Middleware.LoggingActionFilter | CorrelationId:d3e3c72485634dcb9cbf0194353ad3e4 | API Request: POST /api/VisitorManagement/visitors | User: Unknown | School: 550e8400-e29b-41d4-a716-446655440000
2026-04-19 22:21:30.938 +05:30 [INF] SmsApi.Middleware.LoggingActionFilter | CorrelationId:d3e3c72485634dcb9cbf0194353ad3e4 | API Response: POST /api/VisitorManagement/visitors | Status: 200 | Duration: 2ms
2026-04-19 22:21:30.944 +05:30 [INF] Serilog.AspNetCore.RequestLoggingMiddleware | CorrelationId:d3e3c72485634dcb9cbf0194353ad3e4 | HTTP POST /api/VisitorManagement/visitors responded 400 in 10.2201 ms
2026-04-19 22:21:30.959 +05:30 [INF] Serilog.AspNetCore.RequestLoggingMiddleware | CorrelationId:764a4de23de1458bb16422fecb79de99 | HTTP POST /api/VisitorManagement/visitors responded 400 in 7.3638 ms
2026-04-19 22:21:30.966 +05:30 [INF] SmsApi.Middleware.LoggingActionFilter | CorrelationId:79abdff47c8d4b7da3619890bef3d063 | API Request: GET /api/VisitorManagement/visitors | User: Unknown | School: 550e8400-e29b-41d4-a716-446655440000
2026-04-19 22:21:30.973 +05:30 [INF] SmsApi.Middleware.LoggingActionFilter | CorrelationId:79abdff47c8d4b7da3619890bef3d063 | API Response: GET /api/VisitorManagement/visitors | Status: 200 | Duration: 7ms
2026-04-19 22:21:30.974 +05:30 [INF] Serilog.AspNetCore.RequestLoggingMiddleware | CorrelationId:79abdff47c8d4b7da3619890bef3d063 | HTTP GET /api/VisitorManagement/visitors responded 200 in 9.0970 ms
2026-04-19 22:21:30.994 +05:30 [INF] SmsApi.Middleware.LoggingActionFilter | CorrelationId:57702d54b3814ac79531bc43c8713650 | API Request: GET /api/VisitorManagement/visitors/00000000-0000-0000-0000-000000000000 | User: Unknown | School: 550e8400-e29b-41d4-a716-446655440000
2026-04-19 22:21:31.004 +05:30 [INF] SmsApi.Middleware.LoggingActionFilter | CorrelationId:57702d54b3814ac79531bc43c8713650 | API Response: GET /api/VisitorManagement/visitors/00000000-0000-0000-0000-000000000000 | Status: 200 | Duration: 9ms
2026-04-19 22:21:31.005 +05:30 [INF] Serilog.AspNetCore.RequestLoggingMiddleware | CorrelationId:57702d54b3814ac79531bc43c8713650 | HTTP GET /api/VisitorManagement/visitors/00000000-0000-0000-0000-000000000000 responded 404 in 13.5730 ms
2026-04-19 22:21:31.033 +05:30 [INF] SmsApi.Middleware.LoggingActionFilter | CorrelationId:1aa965e7cb15496c94dc17b76b938607 | API Request: POST /api/VisitorManagement/logs/00000000-0000-0000-0000-000000000000/check-out | User: Unknown | School: 550e8400-e29b-41d4-a716-446655440000
2026-04-19 22:21:31.068 +05:30 [INF] SmsApi.Middleware.LoggingActionFilter | CorrelationId:1aa965e7cb15496c94dc17b76b938607 | API Response: POST /api/VisitorManagement/logs/00000000-0000-0000-0000-000000000000/check-out | Status: 200 | Duration: 34ms
2026-04-19 22:21:31.071 +05:30 [INF] Serilog.AspNetCore.RequestLoggingMiddleware | CorrelationId:1aa965e7cb15496c94dc17b76b938607 | HTTP POST /api/VisitorManagement/logs/00000000-0000-0000-0000-000000000000/check-out responded 404 in 42.7328 ms
2026-04-19 22:21:31.082 +05:30 [INF] Serilog.AspNetCore.RequestLoggingMiddleware | CorrelationId:849e1203cb744f95b04f2f2d34df366a | HTTP GET /api/VisitorManagement/visitors responded 401 in 3.0336 ms
2026-04-19 22:22:04.445 +05:30 [INF] SmsApi.Middleware.LoggingActionFilter | CorrelationId:11d97344a0734019921fd762811ebf20 | API Request: POST /api/auth/login | User: Unknown | School: Unknown
2026-04-19 22:22:05.077 +05:30 [INF] SmsApi.Controllers.AuthController | CorrelationId:11d97344a0734019921fd762811ebf20 | Login successful for admin (SchoolId: "550e8400-e29b-41d4-a716-446655440000")
2026-04-19 22:22:05.079 +05:30 [INF] SmsApi.Middleware.LoggingActionFilter | CorrelationId:11d97344a0734019921fd762811ebf20 | API Response: POST /api/auth/login | Status: 200 | Duration: 634ms
2026-04-19 22:22:05.091 +05:30 [INF] Serilog.AspNetCore.RequestLoggingMiddleware | CorrelationId:11d97344a0734019921fd762811ebf20 | HTTP POST /api/auth/login responded 200 in 662.6490 ms
2026-04-19 22:22:05.092 +05:30 [WRN] SmsApi.Infrastructure.Performance.PerformanceMonitoringMiddleware | CorrelationId: | Slow request: POST /api/auth/login took 657ms — status 200.
2026-04-19 22:22:05.148 +05:30 [INF] SmsApi.Middleware.LoggingActionFilter | CorrelationId:0bb6a5a7c52645cab91de1f596f66492 | API Request: POST /api/VisitorManagement/visitors | User: Unknown | School: 550e8400-e29b-41d4-a716-446655440000
2026-04-19 22:22:05.151 +05:30 [INF] SmsApi.Middleware.LoggingActionFilter | CorrelationId:0bb6a5a7c52645cab91de1f596f66492 | API Response: POST /api/VisitorManagement/visitors | Status: 200 | Duration: 3ms
2026-04-19 22:22:05.155 +05:30 [INF] Serilog.AspNetCore.RequestLoggingMiddleware | CorrelationId:0bb6a5a7c52645cab91de1f596f66492 | HTTP POST /api/VisitorManagement/visitors responded 400 in 9.6535 ms
2026-04-19 22:22:05.255 +05:30 [INF] SmsApi.Middleware.LoggingActionFilter | CorrelationId:fbdef5bdd9554ee9bf4df825d4027987 | API Request: POST /api/VisitorManagement/visitors | User: Unknown | School: 550e8400-e29b-41d4-a716-446655440000
2026-04-19 22:22:05.261 +05:30 [INF] SmsApi.Middleware.LoggingActionFilter | CorrelationId:fbdef5bdd9554ee9bf4df825d4027987 | API Response: POST /api/VisitorManagement/visitors | Status: 200 | Duration: 6ms
2026-04-19 22:22:05.266 +05:30 [INF] Serilog.AspNetCore.RequestLoggingMiddleware | CorrelationId:fbdef5bdd9554ee9bf4df825d4027987 | HTTP POST /api/VisitorManagement/visitors responded 400 in 12.3272 ms
2026-04-19 22:22:05.284 +05:30 [INF] SmsApi.Middleware.LoggingActionFilter | CorrelationId:b68d938486604bc9ab5556c889240318 | API Request: GET /api/VisitorManagement/visitors | User: Unknown | School: 550e8400-e29b-41d4-a716-446655440000
2026-04-19 22:22:05.304 +05:30 [INF] SmsApi.Middleware.LoggingActionFilter | CorrelationId:b68d938486604bc9ab5556c889240318 | API Response: GET /api/VisitorManagement/visitors | Status: 200 | Duration: 19ms
2026-04-19 22:22:05.305 +05:30 [INF] Serilog.AspNetCore.RequestLoggingMiddleware | CorrelationId:b68d938486604bc9ab5556c889240318 | HTTP GET /api/VisitorManagement/visitors responded 200 in 22.5259 ms
2026-04-19 22:22:05.348 +05:30 [INF] Serilog.AspNetCore.RequestLoggingMiddleware | CorrelationId:eb051a9129524d7384ad5d83b4490872 | HTTP POST /api/VisitorManagement/check-in responded 400 in 4.8756 ms
2026-04-19 22:22:05.363 +05:30 [INF] Serilog.AspNetCore.RequestLoggingMiddleware | CorrelationId:31ed63f50f5c404385fe54111edf64b9 | HTTP POST /api/VisitorManagement/check-in responded 400 in 4.3713 ms
2026-04-19 22:22:05.376 +05:30 [INF] SmsApi.Middleware.LoggingActionFilter | CorrelationId:76978fe17d52423ca7f8c304e8c7939b | API Request: GET /api/VisitorManagement/active | User: Unknown | School: 550e8400-e29b-41d4-a716-446655440000
2026-04-19 22:22:05.387 +05:30 [INF] SmsApi.Middleware.LoggingActionFilter | CorrelationId:76978fe17d52423ca7f8c304e8c7939b | API Response: GET /api/VisitorManagement/active | Status: 200 | Duration: 11ms
2026-04-19 22:22:05.390 +05:30 [INF] Serilog.AspNetCore.RequestLoggingMiddleware | CorrelationId:76978fe17d52423ca7f8c304e8c7939b | HTTP GET /api/VisitorManagement/active responded 200 in 15.0095 ms
2026-04-19 22:22:05.426 +05:30 [INF] SmsApi.Middleware.LoggingActionFilter | CorrelationId:4970521eb9e7472a959e0ec6d6dc4fcc | API Request: GET /api/VisitorManagement/logs | User: Unknown | School: 550e8400-e29b-41d4-a716-446655440000
2026-04-19 22:22:05.434 +05:30 [INF] SmsApi.Middleware.LoggingActionFilter | CorrelationId:4970521eb9e7472a959e0ec6d6dc4fcc | API Response: GET /api/VisitorManagement/logs | Status: 200 | Duration: 8ms
2026-04-19 22:22:05.437 +05:30 [INF] Serilog.AspNetCore.RequestLoggingMiddleware | CorrelationId:4970521eb9e7472a959e0ec6d6dc4fcc | HTTP GET /api/VisitorManagement/logs responded 200 in 12.1492 ms
2026-04-19 22:22:05.457 +05:30 [INF] SmsApi.Middleware.LoggingActionFilter | CorrelationId:8feb8a541ecb47e8811091f3d8538e7d | API Request: POST /api/VisitorManagement/visitors | User: Unknown | School: 550e8400-e29b-41d4-a716-446655440000
2026-04-19 22:22:05.461 +05:30 [INF] SmsApi.Middleware.LoggingActionFilter | CorrelationId:8feb8a541ecb47e8811091f3d8538e7d | API Response: POST /api/VisitorManagement/visitors | Status: 200 | Duration: 3ms
2026-04-19 22:22:05.464 +05:30 [INF] Serilog.AspNetCore.RequestLoggingMiddleware | CorrelationId:8feb8a541ecb47e8811091f3d8538e7d | HTTP POST /api/VisitorManagement/visitors responded 400 in 7.8933 ms
2026-04-19 22:22:05.475 +05:30 [INF] Serilog.AspNetCore.RequestLoggingMiddleware | CorrelationId:37fba8afc3484c23ae7ef6c8af8d93f1 | HTTP POST /api/VisitorManagement/visitors responded 400 in 5.1673 ms
2026-04-19 22:22:05.480 +05:30 [INF] SmsApi.Middleware.LoggingActionFilter | CorrelationId:ac861d92534349b78832859b73bd3b49 | API Request: GET /api/VisitorManagement/visitors | User: Unknown | School: 550e8400-e29b-41d4-a716-446655440000
2026-04-19 22:22:05.484 +05:30 [INF] SmsApi.Middleware.LoggingActionFilter | CorrelationId:ac861d92534349b78832859b73bd3b49 | API Response: GET /api/VisitorManagement/visitors | Status: 200 | Duration: 3ms
2026-04-19 22:22:05.484 +05:30 [INF] Serilog.AspNetCore.RequestLoggingMiddleware | CorrelationId:ac861d92534349b78832859b73bd3b49 | HTTP GET /api/VisitorManagement/visitors responded 200 in 4.5386 ms
2026-04-19 22:22:05.534 +05:30 [INF] SmsApi.Middleware.LoggingActionFilter | CorrelationId:2e22f01f43694f1d9dd53764cbde3156 | API Request: GET /api/VisitorManagement/visitors/00000000-0000-0000-0000-000000000000 | User: Unknown | School: 550e8400-e29b-41d4-a716-446655440000
2026-04-19 22:22:05.536 +05:30 [INF] SmsApi.Middleware.LoggingActionFilter | CorrelationId:2e22f01f43694f1d9dd53764cbde3156 | API Response: GET /api/VisitorManagement/visitors/00000000-0000-0000-0000-000000000000 | Status: 200 | Duration: 2ms
2026-04-19 22:22:05.537 +05:30 [INF] Serilog.AspNetCore.RequestLoggingMiddleware | CorrelationId:2e22f01f43694f1d9dd53764cbde3156 | HTTP GET /api/VisitorManagement/visitors/00000000-0000-0000-0000-000000000000 responded 404 in 6.2927 ms
2026-04-19 22:22:05.559 +05:30 [INF] SmsApi.Middleware.LoggingActionFilter | CorrelationId:42ad776b16f944e4a581df551c6c8fa3 | API Request: POST /api/VisitorManagement/logs/00000000-0000-0000-0000-000000000000/check-out | User: Unknown | School: 550e8400-e29b-41d4-a716-446655440000
2026-04-19 22:22:05.565 +05:30 [INF] SmsApi.Middleware.LoggingActionFilter | CorrelationId:42ad776b16f944e4a581df551c6c8fa3 | API Response: POST /api/VisitorManagement/logs/00000000-0000-0000-0000-000000000000/check-out | Status: 200 | Duration: 5ms
2026-04-19 22:22:05.572 +05:30 [INF] Serilog.AspNetCore.RequestLoggingMiddleware | CorrelationId:42ad776b16f944e4a581df551c6c8fa3 | HTTP POST /api/VisitorManagement/logs/00000000-0000-0000-0000-000000000000/check-out responded 404 in 14.3932 ms
2026-04-19 22:22:05.593 +05:30 [INF] Serilog.AspNetCore.RequestLoggingMiddleware | CorrelationId:58572e4adb6042688d8b50fb06fa51d0 | HTTP GET /api/VisitorManagement/visitors responded 401 in 1.2500 ms
2026-04-19 22:22:10.878 +05:30 [INF] Serilog.AspNetCore.RequestLoggingMiddleware | CorrelationId:cb62c78fa9f14c3b9e18ad43b49c0624 | HTTP POST /api/auth/login responded 400 in 9.6686 ms
2026-04-19 22:22:11.387 +05:30 [INF] Serilog.AspNetCore.RequestLoggingMiddleware | CorrelationId:56421f5ca51647c193a7517cc04ec26c | HTTP POST /api/VisitorManagement/visitors responded 401 in 7.2314 ms
2026-04-19 22:22:24.209 +05:30 [INF] Serilog.AspNetCore.RequestLoggingMiddleware | CorrelationId:3d8da3a7498541809f267b2ae9c12c0e | HTTP POST /api/auth/login responded 400 in 132.8150 ms
2026-04-19 22:22:33.194 +05:30 [INF] Serilog.AspNetCore.RequestLoggingMiddleware | CorrelationId:7cf56b48e8374f029794c603b88764f3 | HTTP POST /api/auth/login responded 400 in 25.0969 ms
2026-04-19 22:23:14.826 +05:30 [INF]  | CorrelationId: | Using distributed in-memory cache (development only)
2026-04-19 22:23:18.113 +05:30 [WRN] Microsoft.EntityFrameworkCore.Model.Validation | CorrelationId: | Entity 'Staff' has a global query filter defined and is the required end of a relationship with the entity 'Certificate'. This may lead to unexpected results when the required entity is filtered out. Either configure the navigation as optional, or define matching query filters for both entities in the navigation. See https://go.microsoft.com/fwlink/?linkid=2131316 for more information.
2026-04-19 22:23:18.115 +05:30 [WRN] Microsoft.EntityFrameworkCore.Model.Validation | CorrelationId: | Entity 'School' has a global query filter defined and is the required end of a relationship with the entity 'CertificateTemplate'. This may lead to unexpected results when the required entity is filtered out. Either configure the navigation as optional, or define matching query filters for both entities in the navigation. See https://go.microsoft.com/fwlink/?linkid=2131316 for more information.
2026-04-19 22:23:18.115 +05:30 [WRN] Microsoft.EntityFrameworkCore.Model.Validation | CorrelationId: | Entity 'School' has a global query filter defined and is the required end of a relationship with the entity 'Document'. This may lead to unexpected results when the required entity is filtered out. Either configure the navigation as optional, or define matching query filters for both entities in the navigation. See https://go.microsoft.com/fwlink/?linkid=2131316 for more information.
2026-04-19 22:23:18.115 +05:30 [WRN] Microsoft.EntityFrameworkCore.Model.Validation | CorrelationId: | Entity 'School' has a global query filter defined and is the required end of a relationship with the entity 'DocumentCategory'. This may lead to unexpected results when the required entity is filtered out. Either configure the navigation as optional, or define matching query filters for both entities in the navigation. See https://go.microsoft.com/fwlink/?linkid=2131316 for more information.
2026-04-19 22:23:18.116 +05:30 [WRN] Microsoft.EntityFrameworkCore.Model.Validation | CorrelationId: | Entity 'School' has a global query filter defined and is the required end of a relationship with the entity 'FeeAuditLog'. This may lead to unexpected results when the required entity is filtered out. Either configure the navigation as optional, or define matching query filters for both entities in the navigation. See https://go.microsoft.com/fwlink/?linkid=2131316 for more information.
2026-04-19 22:23:18.116 +05:30 [WRN] Microsoft.EntityFrameworkCore.Model.Validation | CorrelationId: | Entity 'School' has a global query filter defined and is the required end of a relationship with the entity 'Holiday'. This may lead to unexpected results when the required entity is filtered out. Either configure the navigation as optional, or define matching query filters for both entities in the navigation. See https://go.microsoft.com/fwlink/?linkid=2131316 for more information.
2026-04-19 22:23:18.116 +05:30 [WRN] Microsoft.EntityFrameworkCore.Model.Validation | CorrelationId: | Entity 'School' has a global query filter defined and is the required end of a relationship with the entity 'IDCard'. This may lead to unexpected results when the required entity is filtered out. Either configure the navigation as optional, or define matching query filters for both entities in the navigation. See https://go.microsoft.com/fwlink/?linkid=2131316 for more information.
2026-04-19 22:23:18.116 +05:30 [WRN] Microsoft.EntityFrameworkCore.Model.Validation | CorrelationId: | Entity 'School' has a global query filter defined and is the required end of a relationship with the entity 'IDCardTemplate'. This may lead to unexpected results when the required entity is filtered out. Either configure the navigation as optional, or define matching query filters for both entities in the navigation. See https://go.microsoft.com/fwlink/?linkid=2131316 for more information.
2026-04-19 22:23:18.117 +05:30 [WRN] Microsoft.EntityFrameworkCore.Model.Validation | CorrelationId: | Entity 'UserLogin' has a global query filter defined and is the required end of a relationship with the entity 'PasswordResetToken'. This may lead to unexpected results when the required entity is filtered out. Either configure the navigation as optional, or define matching query filters for both entities in the navigation. See https://go.microsoft.com/fwlink/?linkid=2131316 for more information.
2026-04-19 22:23:18.117 +05:30 [WRN] Microsoft.EntityFrameworkCore.Model.Validation | CorrelationId: | Entity 'School' has a global query filter defined and is the required end of a relationship with the entity 'PromotionHistory'. This may lead to unexpected results when the required entity is filtered out. Either configure the navigation as optional, or define matching query filters for both entities in the navigation. See https://go.microsoft.com/fwlink/?linkid=2131316 for more information.
2026-04-19 22:23:18.222 +05:30 [WRN] Microsoft.EntityFrameworkCore.Model.Validation | CorrelationId: | The foreign key property 'Staff.ReportingToId1' was created in shadow state because a conflicting property with the simple name 'ReportingToId' exists in the entity type, but is either not mapped, is already used for another relationship, or is incompatible with the associated primary key type. See https://aka.ms/efcore-relationships for information on mapping relationships in EF Core.
2026-04-19 22:23:19.756 +05:30 [INF] Program | CorrelationId: | Database migrations applied successfully.
2026-04-19 22:23:20.775 +05:30 [INF] Microsoft.Hosting.Lifetime | CorrelationId: | Now listening on: http://localhost:5092
2026-04-19 22:23:20.775 +05:30 [INF] Microsoft.Hosting.Lifetime | CorrelationId: | Application started. Press Ctrl+C to shut down.
2026-04-19 22:23:20.775 +05:30 [INF] Microsoft.Hosting.Lifetime | CorrelationId: | Hosting environment: Development
2026-04-19 22:23:20.776 +05:30 [INF] Microsoft.Hosting.Lifetime | CorrelationId: | Content root path: C:\Vitana\Vitana Group\sms-api
2026-04-19 22:23:33.800 +05:30 [WRN] Microsoft.AspNetCore.HttpsPolicy.HttpsRedirectionMiddleware | CorrelationId:0815512b431542c3a89bab6a8acb3667 | Failed to determine the https port for redirect.
2026-04-19 22:23:33.922 +05:30 [INF] SmsApi.Middleware.LoggingActionFilter | CorrelationId:0815512b431542c3a89bab6a8acb3667 | API Request: POST /api/auth/login | User: Unknown | School: Unknown
2026-04-19 22:23:35.117 +05:30 [INF] SmsApi.Controllers.AuthController | CorrelationId:0815512b431542c3a89bab6a8acb3667 | Login successful for admin (SchoolId: "550e8400-e29b-41d4-a716-446655440000")
2026-04-19 22:23:35.121 +05:30 [INF] SmsApi.Middleware.LoggingActionFilter | CorrelationId:0815512b431542c3a89bab6a8acb3667 | API Response: POST /api/auth/login | Status: 200 | Duration: 1200ms
2026-04-19 22:23:35.212 +05:30 [INF] Serilog.AspNetCore.RequestLoggingMiddleware | CorrelationId:0815512b431542c3a89bab6a8acb3667 | HTTP POST /api/auth/login responded 200 in 1429.0721 ms
2026-04-19 22:23:35.213 +05:30 [WRN] SmsApi.Infrastructure.Performance.PerformanceMonitoringMiddleware | CorrelationId: | Slow request: POST /api/auth/login took 1380ms — status 200.
2026-04-19 22:23:35.364 +05:30 [INF] SmsApi.Middleware.LoggingActionFilter | CorrelationId:f88cb8d080124330a8a03cd3367f2dfa | API Request: POST /api/VisitorManagement/visitors | User: Unknown | School: 550e8400-e29b-41d4-a716-446655440000
2026-04-19 22:23:35.412 +05:30 [INF] SmsApi.Middleware.LoggingActionFilter | CorrelationId:f88cb8d080124330a8a03cd3367f2dfa | API Response: POST /api/VisitorManagement/visitors | Status: 200 | Duration: 48ms
2026-04-19 22:23:35.427 +05:30 [INF] Serilog.AspNetCore.RequestLoggingMiddleware | CorrelationId:f88cb8d080124330a8a03cd3367f2dfa | HTTP POST /api/VisitorManagement/visitors responded 400 in 135.9219 ms
2026-04-19 22:23:35.461 +05:30 [INF] SmsApi.Middleware.LoggingActionFilter | CorrelationId:4df4e8beda8e4e3eae9c3a34df2ce6b3 | API Request: POST /api/VisitorManagement/visitors | User: Unknown | School: 550e8400-e29b-41d4-a716-446655440000
2026-04-19 22:23:35.469 +05:30 [INF] SmsApi.Middleware.LoggingActionFilter | CorrelationId:4df4e8beda8e4e3eae9c3a34df2ce6b3 | API Response: POST /api/VisitorManagement/visitors | Status: 200 | Duration: 8ms
2026-04-19 22:23:35.473 +05:30 [INF] Serilog.AspNetCore.RequestLoggingMiddleware | CorrelationId:4df4e8beda8e4e3eae9c3a34df2ce6b3 | HTTP POST /api/VisitorManagement/visitors responded 400 in 16.5342 ms
2026-04-19 22:23:35.494 +05:30 [INF] SmsApi.Middleware.LoggingActionFilter | CorrelationId:9972afd5872f4f78be0dd32b3d542461 | API Request: GET /api/VisitorManagement/visitors | User: Unknown | School: 550e8400-e29b-41d4-a716-446655440000
2026-04-19 22:23:35.541 +05:30 [INF] SmsApi.Middleware.LoggingActionFilter | CorrelationId:9972afd5872f4f78be0dd32b3d542461 | API Response: GET /api/VisitorManagement/visitors | Status: 200 | Duration: 46ms
2026-04-19 22:23:35.561 +05:30 [INF] Serilog.AspNetCore.RequestLoggingMiddleware | CorrelationId:9972afd5872f4f78be0dd32b3d542461 | HTTP GET /api/VisitorManagement/visitors responded 200 in 78.9634 ms
2026-04-19 22:23:35.613 +05:30 [INF] Serilog.AspNetCore.RequestLoggingMiddleware | CorrelationId:a3fc1f266aef4457ab3a7fa463bb1f40 | HTTP POST /api/VisitorManagement/check-in responded 400 in 23.5825 ms
2026-04-19 22:23:35.628 +05:30 [INF] Serilog.AspNetCore.RequestLoggingMiddleware | CorrelationId:ef8bf95ba7364a7181dea0c0916d0c74 | HTTP POST /api/VisitorManagement/check-in responded 400 in 7.5578 ms
2026-04-19 22:23:35.641 +05:30 [INF] SmsApi.Middleware.LoggingActionFilter | CorrelationId:b995b313f97b4b5eaf9e81fddf32ec26 | API Request: GET /api/VisitorManagement/active | User: Unknown | School: 550e8400-e29b-41d4-a716-446655440000
2026-04-19 22:23:35.781 +05:30 [INF] SmsApi.Middleware.LoggingActionFilter | CorrelationId:b995b313f97b4b5eaf9e81fddf32ec26 | API Response: GET /api/VisitorManagement/active | Status: 200 | Duration: 139ms
2026-04-19 22:23:35.789 +05:30 [INF] Serilog.AspNetCore.RequestLoggingMiddleware | CorrelationId:b995b313f97b4b5eaf9e81fddf32ec26 | HTTP GET /api/VisitorManagement/active responded 200 in 155.9833 ms
2026-04-19 22:23:35.820 +05:30 [INF] SmsApi.Middleware.LoggingActionFilter | CorrelationId:7b0f0d5b92844a98905fef8d333bb246 | API Request: GET /api/VisitorManagement/logs | User: Unknown | School: 550e8400-e29b-41d4-a716-446655440000
2026-04-19 22:23:35.923 +05:30 [INF] SmsApi.Middleware.LoggingActionFilter | CorrelationId:7b0f0d5b92844a98905fef8d333bb246 | API Response: GET /api/VisitorManagement/logs | Status: 200 | Duration: 102ms
2026-04-19 22:23:35.927 +05:30 [INF] Serilog.AspNetCore.RequestLoggingMiddleware | CorrelationId:7b0f0d5b92844a98905fef8d333bb246 | HTTP GET /api/VisitorManagement/logs responded 200 in 110.9501 ms
2026-04-19 22:23:35.978 +05:30 [INF] SmsApi.Middleware.LoggingActionFilter | CorrelationId:c82b3ef9dced431c813f4cddef856359 | API Request: POST /api/VisitorManagement/visitors | User: Unknown | School: 550e8400-e29b-41d4-a716-446655440000
2026-04-19 22:23:35.980 +05:30 [INF] SmsApi.Middleware.LoggingActionFilter | CorrelationId:c82b3ef9dced431c813f4cddef856359 | API Response: POST /api/VisitorManagement/visitors | Status: 200 | Duration: 2ms
2026-04-19 22:23:35.984 +05:30 [INF] Serilog.AspNetCore.RequestLoggingMiddleware | CorrelationId:c82b3ef9dced431c813f4cddef856359 | HTTP POST /api/VisitorManagement/visitors responded 400 in 7.7355 ms
2026-04-19 22:23:35.998 +05:30 [INF] Serilog.AspNetCore.RequestLoggingMiddleware | CorrelationId:4f4299c451d240e59aa64b3c2da9b94b | HTTP POST /api/VisitorManagement/visitors responded 400 in 6.7278 ms
2026-04-19 22:23:36.004 +05:30 [INF] SmsApi.Middleware.LoggingActionFilter | CorrelationId:6e583767a92646dab8fe54f71c71f3de | API Request: GET /api/VisitorManagement/visitors | User: Unknown | School: 550e8400-e29b-41d4-a716-446655440000
2026-04-19 22:23:36.007 +05:30 [INF] SmsApi.Middleware.LoggingActionFilter | CorrelationId:6e583767a92646dab8fe54f71c71f3de | API Response: GET /api/VisitorManagement/visitors | Status: 200 | Duration: 3ms
2026-04-19 22:23:36.011 +05:30 [INF] Serilog.AspNetCore.RequestLoggingMiddleware | CorrelationId:6e583767a92646dab8fe54f71c71f3de | HTTP GET /api/VisitorManagement/visitors responded 200 in 8.0783 ms
2026-04-19 22:23:36.053 +05:30 [INF] SmsApi.Middleware.LoggingActionFilter | CorrelationId:6a871670e3f846b1b8413adc3aa27959 | API Request: GET /api/VisitorManagement/visitors/00000000-0000-0000-0000-000000000000 | User: Unknown | School: 550e8400-e29b-41d4-a716-446655440000
2026-04-19 22:23:36.064 +05:30 [INF] SmsApi.Middleware.LoggingActionFilter | CorrelationId:6a871670e3f846b1b8413adc3aa27959 | API Response: GET /api/VisitorManagement/visitors/00000000-0000-0000-0000-000000000000 | Status: 200 | Duration: 10ms
2026-04-19 22:23:36.066 +05:30 [INF] Serilog.AspNetCore.RequestLoggingMiddleware | CorrelationId:6a871670e3f846b1b8413adc3aa27959 | HTTP GET /api/VisitorManagement/visitors/00000000-0000-0000-0000-000000000000 responded 404 in 17.8580 ms
2026-04-19 22:23:36.080 +05:30 [INF] SmsApi.Middleware.LoggingActionFilter | CorrelationId:8351d075482c4d699445d272e6d7a521 | API Request: POST /api/VisitorManagement/logs/00000000-0000-0000-0000-000000000000/check-out | User: Unknown | School: 550e8400-e29b-41d4-a716-446655440000
2026-04-19 22:23:36.125 +05:30 [INF] SmsApi.Middleware.LoggingActionFilter | CorrelationId:8351d075482c4d699445d272e6d7a521 | API Response: POST /api/VisitorManagement/logs/00000000-0000-0000-0000-000000000000/check-out | Status: 200 | Duration: 45ms
2026-04-19 22:23:36.132 +05:30 [INF] Serilog.AspNetCore.RequestLoggingMiddleware | CorrelationId:8351d075482c4d699445d272e6d7a521 | HTTP POST /api/VisitorManagement/logs/00000000-0000-0000-0000-000000000000/check-out responded 404 in 59.6750 ms
2026-04-19 22:23:36.145 +05:30 [INF] Serilog.AspNetCore.RequestLoggingMiddleware | CorrelationId:4990b75b95e646f99cee7f30043ecb58 | HTTP GET /api/VisitorManagement/visitors responded 401 in 5.6400 ms
2026-04-19 22:23:43.112 +05:30 [INF] Serilog.AspNetCore.RequestLoggingMiddleware | CorrelationId:56135aa357224d05b292397f966e4592 | HTTP POST /api/auth/login responded 400 in 10.4808 ms
2026-04-19 22:23:50.940 +05:30 [INF] Serilog.AspNetCore.RequestLoggingMiddleware | CorrelationId:33759ce4d8144d069b8c8cae08c5fae3 | HTTP POST /api/auth/login responded 400 in 9.6942 ms
2026-04-19 22:23:51.258 +05:30 [INF] Serilog.AspNetCore.RequestLoggingMiddleware | CorrelationId:b7013aac14ca48878936ef2022cf01db | HTTP POST /api/VisitorManagement/visitors responded 401 in 0.5550 ms
2026-04-19 22:24:19.782 +05:30 [INF] SmsApi.Middleware.LoggingActionFilter | CorrelationId:b18f08cdbc854ec7b6c3d72a17cca7b9 | API Request: POST /api/auth/login | User: Unknown | School: Unknown
2026-04-19 22:24:20.377 +05:30 [INF] SmsApi.Controllers.AuthController | CorrelationId:b18f08cdbc854ec7b6c3d72a17cca7b9 | Login successful for admin (SchoolId: "550e8400-e29b-41d4-a716-446655440000")
2026-04-19 22:24:20.378 +05:30 [INF] SmsApi.Middleware.LoggingActionFilter | CorrelationId:b18f08cdbc854ec7b6c3d72a17cca7b9 | API Response: POST /api/auth/login | Status: 200 | Duration: 596ms
2026-04-19 22:24:20.382 +05:30 [INF] Serilog.AspNetCore.RequestLoggingMiddleware | CorrelationId:b18f08cdbc854ec7b6c3d72a17cca7b9 | HTTP POST /api/auth/login responded 200 in 616.6989 ms
2026-04-19 22:24:20.382 +05:30 [WRN] SmsApi.Infrastructure.Performance.PerformanceMonitoringMiddleware | CorrelationId: | Slow request: POST /api/auth/login took 613ms — status 200.
2026-04-19 22:24:20.446 +05:30 [INF] SmsApi.Middleware.LoggingActionFilter | CorrelationId:797bc6fa95394ad2ae29d452a650f727 | API Request: POST /api/VisitorManagement/visitors | User: Unknown | School: 550e8400-e29b-41d4-a716-446655440000
2026-04-19 22:24:20.450 +05:30 [INF] SmsApi.Middleware.LoggingActionFilter | CorrelationId:797bc6fa95394ad2ae29d452a650f727 | API Response: POST /api/VisitorManagement/visitors | Status: 200 | Duration: 3ms
2026-04-19 22:24:20.456 +05:30 [INF] Serilog.AspNetCore.RequestLoggingMiddleware | CorrelationId:797bc6fa95394ad2ae29d452a650f727 | HTTP POST /api/VisitorManagement/visitors responded 400 in 12.2641 ms
2026-04-19 22:24:20.505 +05:30 [INF] SmsApi.Middleware.LoggingActionFilter | CorrelationId:4c648071e7db4e3b997262073195754b | API Request: POST /api/VisitorManagement/visitors | User: Unknown | School: 550e8400-e29b-41d4-a716-446655440000
2026-04-19 22:24:20.508 +05:30 [INF] SmsApi.Middleware.LoggingActionFilter | CorrelationId:4c648071e7db4e3b997262073195754b | API Response: POST /api/VisitorManagement/visitors | Status: 200 | Duration: 3ms
2026-04-19 22:24:20.511 +05:30 [INF] Serilog.AspNetCore.RequestLoggingMiddleware | CorrelationId:4c648071e7db4e3b997262073195754b | HTTP POST /api/VisitorManagement/visitors responded 400 in 8.9569 ms
2026-04-19 22:24:20.524 +05:30 [INF] SmsApi.Middleware.LoggingActionFilter | CorrelationId:60446eb1992047349f7e9f1486531a8f | API Request: GET /api/VisitorManagement/visitors | User: Unknown | School: 550e8400-e29b-41d4-a716-446655440000
2026-04-19 22:24:20.529 +05:30 [INF] SmsApi.Middleware.LoggingActionFilter | CorrelationId:60446eb1992047349f7e9f1486531a8f | API Response: GET /api/VisitorManagement/visitors | Status: 200 | Duration: 4ms
2026-04-19 22:24:20.531 +05:30 [INF] Serilog.AspNetCore.RequestLoggingMiddleware | CorrelationId:60446eb1992047349f7e9f1486531a8f | HTTP GET /api/VisitorManagement/visitors responded 200 in 7.8393 ms
2026-04-19 22:24:20.586 +05:30 [INF] Serilog.AspNetCore.RequestLoggingMiddleware | CorrelationId:d9931083afae44848f0138ef1270b5db | HTTP POST /api/VisitorManagement/check-in responded 400 in 8.4963 ms
2026-04-19 22:24:20.641 +05:30 [INF] Serilog.AspNetCore.RequestLoggingMiddleware | CorrelationId:a5db94cc76b74226bb806136c760ee2d | HTTP POST /api/VisitorManagement/check-in responded 400 in 5.5995 ms
2026-04-19 22:24:20.669 +05:30 [INF] SmsApi.Middleware.LoggingActionFilter | CorrelationId:7bcad50773a44e1c8eb66977e4ecf634 | API Request: GET /api/VisitorManagement/active | User: Unknown | School: 550e8400-e29b-41d4-a716-446655440000
2026-04-19 22:24:20.678 +05:30 [INF] SmsApi.Middleware.LoggingActionFilter | CorrelationId:7bcad50773a44e1c8eb66977e4ecf634 | API Response: GET /api/VisitorManagement/active | Status: 200 | Duration: 9ms
2026-04-19 22:24:20.684 +05:30 [INF] Serilog.AspNetCore.RequestLoggingMiddleware | CorrelationId:7bcad50773a44e1c8eb66977e4ecf634 | HTTP GET /api/VisitorManagement/active responded 200 in 15.6927 ms
2026-04-19 22:24:20.712 +05:30 [INF] SmsApi.Middleware.LoggingActionFilter | CorrelationId:d8d7b33a2e874f64a965b523ebf65d9c | API Request: GET /api/VisitorManagement/logs | User: Unknown | School: 550e8400-e29b-41d4-a716-446655440000
2026-04-19 22:24:20.723 +05:30 [INF] SmsApi.Middleware.LoggingActionFilter | CorrelationId:d8d7b33a2e874f64a965b523ebf65d9c | API Response: GET /api/VisitorManagement/logs | Status: 200 | Duration: 11ms
2026-04-19 22:24:20.724 +05:30 [INF] Serilog.AspNetCore.RequestLoggingMiddleware | CorrelationId:d8d7b33a2e874f64a965b523ebf65d9c | HTTP GET /api/VisitorManagement/logs responded 200 in 13.3464 ms
2026-04-19 22:24:20.742 +05:30 [INF] SmsApi.Middleware.LoggingActionFilter | CorrelationId:caf0f8aff1b34677b0f717c83e0e4070 | API Request: POST /api/VisitorManagement/visitors | User: Unknown | School: 550e8400-e29b-41d4-a716-446655440000
2026-04-19 22:24:20.748 +05:30 [INF] SmsApi.Middleware.LoggingActionFilter | CorrelationId:caf0f8aff1b34677b0f717c83e0e4070 | API Response: POST /api/VisitorManagement/visitors | Status: 200 | Duration: 5ms
2026-04-19 22:24:20.751 +05:30 [INF] Serilog.AspNetCore.RequestLoggingMiddleware | CorrelationId:caf0f8aff1b34677b0f717c83e0e4070 | HTTP POST /api/VisitorManagement/visitors responded 400 in 10.5336 ms
2026-04-19 22:24:20.774 +05:30 [INF] Serilog.AspNetCore.RequestLoggingMiddleware | CorrelationId:cbfa326a851d479e9836711f57bda923 | HTTP POST /api/VisitorManagement/visitors responded 400 in 6.7369 ms
2026-04-19 22:24:20.795 +05:30 [INF] SmsApi.Middleware.LoggingActionFilter | CorrelationId:5cb8c8cadef64cf199d598cf8839cced | API Request: GET /api/VisitorManagement/visitors | User: Unknown | School: 550e8400-e29b-41d4-a716-446655440000
2026-04-19 22:24:20.801 +05:30 [INF] SmsApi.Middleware.LoggingActionFilter | CorrelationId:5cb8c8cadef64cf199d598cf8839cced | API Response: GET /api/VisitorManagement/visitors | Status: 200 | Duration: 5ms
2026-04-19 22:24:20.802 +05:30 [INF] Serilog.AspNetCore.RequestLoggingMiddleware | CorrelationId:5cb8c8cadef64cf199d598cf8839cced | HTTP GET /api/VisitorManagement/visitors responded 200 in 7.9748 ms
2026-04-19 22:24:20.844 +05:30 [INF] SmsApi.Middleware.LoggingActionFilter | CorrelationId:2b070b13519d4f449b2072a1d587943d | API Request: GET /api/VisitorManagement/visitors/00000000-0000-0000-0000-000000000000 | User: Unknown | School: 550e8400-e29b-41d4-a716-446655440000
2026-04-19 22:24:20.849 +05:30 [INF] SmsApi.Middleware.LoggingActionFilter | CorrelationId:2b070b13519d4f449b2072a1d587943d | API Response: GET /api/VisitorManagement/visitors/00000000-0000-0000-0000-000000000000 | Status: 200 | Duration: 5ms
2026-04-19 22:24:20.853 +05:30 [INF] Serilog.AspNetCore.RequestLoggingMiddleware | CorrelationId:2b070b13519d4f449b2072a1d587943d | HTTP GET /api/VisitorManagement/visitors/00000000-0000-0000-0000-000000000000 responded 404 in 9.5767 ms
2026-04-19 22:24:20.866 +05:30 [INF] SmsApi.Middleware.LoggingActionFilter | CorrelationId:a3f03c39b76c4ee4a406c6c878f3c1ff | API Request: POST /api/VisitorManagement/logs/00000000-0000-0000-0000-000000000000/check-out | User: Unknown | School: 550e8400-e29b-41d4-a716-446655440000
2026-04-19 22:24:20.879 +05:30 [INF] SmsApi.Middleware.LoggingActionFilter | CorrelationId:a3f03c39b76c4ee4a406c6c878f3c1ff | API Response: POST /api/VisitorManagement/logs/00000000-0000-0000-0000-000000000000/check-out | Status: 200 | Duration: 12ms
2026-04-19 22:24:20.883 +05:30 [INF] Serilog.AspNetCore.RequestLoggingMiddleware | CorrelationId:a3f03c39b76c4ee4a406c6c878f3c1ff | HTTP POST /api/VisitorManagement/logs/00000000-0000-0000-0000-000000000000/check-out responded 404 in 20.5903 ms
2026-04-19 22:24:20.902 +05:30 [INF] Serilog.AspNetCore.RequestLoggingMiddleware | CorrelationId:acd3860d170f4bb1ac0a954c724fa3a5 | HTTP GET /api/VisitorManagement/visitors responded 401 in 1.0113 ms
2026-04-19 22:24:35.279 +05:30 [INF] SmsApi.Middleware.LoggingActionFilter | CorrelationId:10590c5858804265a00270ce69bbf5a8 | API Request: POST /api/auth/login | User: Unknown | School: Unknown
2026-04-19 22:24:35.827 +05:30 [INF] SmsApi.Controllers.AuthController | CorrelationId:10590c5858804265a00270ce69bbf5a8 | Login successful for admin (SchoolId: "550e8400-e29b-41d4-a716-446655440000")
2026-04-19 22:24:35.828 +05:30 [INF] SmsApi.Middleware.LoggingActionFilter | CorrelationId:10590c5858804265a00270ce69bbf5a8 | API Response: POST /api/auth/login | Status: 200 | Duration: 548ms
2026-04-19 22:24:35.846 +05:30 [INF] Serilog.AspNetCore.RequestLoggingMiddleware | CorrelationId:10590c5858804265a00270ce69bbf5a8 | HTTP POST /api/auth/login responded 200 in 573.3400 ms
2026-04-19 22:24:35.850 +05:30 [WRN] SmsApi.Infrastructure.Performance.PerformanceMonitoringMiddleware | CorrelationId: | Slow request: POST /api/auth/login took 559ms — status 200.
2026-04-19 22:24:35.938 +05:30 [INF] SmsApi.Middleware.LoggingActionFilter | CorrelationId:1dc1de0e26ae4365a11b3f6ca5c5c8e0 | API Request: POST /api/VisitorManagement/visitors | User: Unknown | School: 550e8400-e29b-41d4-a716-446655440000
2026-04-19 22:24:35.960 +05:30 [INF] SmsApi.Middleware.LoggingActionFilter | CorrelationId:1dc1de0e26ae4365a11b3f6ca5c5c8e0 | API Response: POST /api/VisitorManagement/visitors | Status: 200 | Duration: 21ms
2026-04-19 22:24:36.010 +05:30 [INF] Serilog.AspNetCore.RequestLoggingMiddleware | CorrelationId:1dc1de0e26ae4365a11b3f6ca5c5c8e0 | HTTP POST /api/VisitorManagement/visitors responded 201 in 78.7048 ms
2026-04-19 22:24:36.035 +05:30 [INF] SmsApi.Middleware.LoggingActionFilter | CorrelationId:f3052d68b70f43d69e314787b26e45e9 | API Request: POST /api/VisitorManagement/visitors | User: Unknown | School: 550e8400-e29b-41d4-a716-446655440000
2026-04-19 22:24:36.038 +05:30 [INF] SmsApi.Middleware.LoggingActionFilter | CorrelationId:f3052d68b70f43d69e314787b26e45e9 | API Response: POST /api/VisitorManagement/visitors | Status: 200 | Duration: 3ms
2026-04-19 22:24:36.042 +05:30 [INF] Serilog.AspNetCore.RequestLoggingMiddleware | CorrelationId:f3052d68b70f43d69e314787b26e45e9 | HTTP POST /api/VisitorManagement/visitors responded 201 in 7.6038 ms
2026-04-19 22:24:36.058 +05:30 [INF] SmsApi.Middleware.LoggingActionFilter | CorrelationId:51be197852974e92b938ffeca905277c | API Request: GET /api/VisitorManagement/visitors | User: Unknown | School: 550e8400-e29b-41d4-a716-446655440000
2026-04-19 22:24:36.061 +05:30 [INF] SmsApi.Middleware.LoggingActionFilter | CorrelationId:51be197852974e92b938ffeca905277c | API Response: GET /api/VisitorManagement/visitors | Status: 200 | Duration: 3ms
2026-04-19 22:24:36.062 +05:30 [INF] Serilog.AspNetCore.RequestLoggingMiddleware | CorrelationId:51be197852974e92b938ffeca905277c | HTTP GET /api/VisitorManagement/visitors responded 200 in 5.0706 ms
2026-04-19 22:24:36.089 +05:30 [INF] Serilog.AspNetCore.RequestLoggingMiddleware | CorrelationId:62d657c6c7804f6592074b636cba71dc | HTTP POST /api/VisitorManagement/check-in responded 400 in 3.9470 ms
2026-04-19 22:24:36.120 +05:30 [INF] Serilog.AspNetCore.RequestLoggingMiddleware | CorrelationId:5a3cce9de5ce4005a9dd6e2b40d0c045 | HTTP POST /api/VisitorManagement/check-in responded 400 in 3.6270 ms
2026-04-19 22:24:36.127 +05:30 [INF] SmsApi.Middleware.LoggingActionFilter | CorrelationId:04074a00a3214382b57c84f0209575bb | API Request: GET /api/VisitorManagement/active | User: Unknown | School: 550e8400-e29b-41d4-a716-446655440000
2026-04-19 22:24:36.133 +05:30 [INF] SmsApi.Middleware.LoggingActionFilter | CorrelationId:04074a00a3214382b57c84f0209575bb | API Response: GET /api/VisitorManagement/active | Status: 200 | Duration: 5ms
2026-04-19 22:24:36.133 +05:30 [INF] Serilog.AspNetCore.RequestLoggingMiddleware | CorrelationId:04074a00a3214382b57c84f0209575bb | HTTP GET /api/VisitorManagement/active responded 200 in 7.3435 ms
2026-04-19 22:24:36.156 +05:30 [INF] SmsApi.Middleware.LoggingActionFilter | CorrelationId:c2f14d5726b9449e88516bb1120fa788 | API Request: GET /api/VisitorManagement/logs | User: Unknown | School: 550e8400-e29b-41d4-a716-446655440000
2026-04-19 22:24:36.165 +05:30 [INF] SmsApi.Middleware.LoggingActionFilter | CorrelationId:c2f14d5726b9449e88516bb1120fa788 | API Response: GET /api/VisitorManagement/logs | Status: 200 | Duration: 8ms
2026-04-19 22:24:36.167 +05:30 [INF] Serilog.AspNetCore.RequestLoggingMiddleware | CorrelationId:c2f14d5726b9449e88516bb1120fa788 | HTTP GET /api/VisitorManagement/logs responded 200 in 11.1187 ms
2026-04-19 22:24:36.187 +05:30 [INF] SmsApi.Middleware.LoggingActionFilter | CorrelationId:53bd9316418f40f18cf9b1ab5e75180a | API Request: POST /api/VisitorManagement/visitors | User: Unknown | School: 550e8400-e29b-41d4-a716-446655440000
2026-04-19 22:24:36.191 +05:30 [INF] SmsApi.Middleware.LoggingActionFilter | CorrelationId:53bd9316418f40f18cf9b1ab5e75180a | API Response: POST /api/VisitorManagement/visitors | Status: 200 | Duration: 4ms
2026-04-19 22:24:36.193 +05:30 [INF] Serilog.AspNetCore.RequestLoggingMiddleware | CorrelationId:53bd9316418f40f18cf9b1ab5e75180a | HTTP POST /api/VisitorManagement/visitors responded 400 in 7.2577 ms
2026-04-19 22:24:36.208 +05:30 [INF] Serilog.AspNetCore.RequestLoggingMiddleware | CorrelationId:66d7154a50b649e1b2d30b5266618a02 | HTTP POST /api/VisitorManagement/visitors responded 400 in 3.7389 ms
2026-04-19 22:24:36.221 +05:30 [INF] SmsApi.Middleware.LoggingActionFilter | CorrelationId:09a3b94f71324b22a3e05df6c0e6a177 | API Request: GET /api/VisitorManagement/visitors | User: Unknown | School: 550e8400-e29b-41d4-a716-446655440000
2026-04-19 22:24:36.224 +05:30 [INF] SmsApi.Middleware.LoggingActionFilter | CorrelationId:09a3b94f71324b22a3e05df6c0e6a177 | API Response: GET /api/VisitorManagement/visitors | Status: 200 | Duration: 2ms
2026-04-19 22:24:36.225 +05:30 [INF] Serilog.AspNetCore.RequestLoggingMiddleware | CorrelationId:09a3b94f71324b22a3e05df6c0e6a177 | HTTP GET /api/VisitorManagement/visitors responded 200 in 5.4171 ms
2026-04-19 22:24:36.258 +05:30 [INF] SmsApi.Middleware.LoggingActionFilter | CorrelationId:64181bda5ba54cfea5197fcca41f0b54 | API Request: GET /api/VisitorManagement/visitors/00000000-0000-0000-0000-000000000000 | User: Unknown | School: 550e8400-e29b-41d4-a716-446655440000
2026-04-19 22:24:36.261 +05:30 [INF] SmsApi.Middleware.LoggingActionFilter | CorrelationId:64181bda5ba54cfea5197fcca41f0b54 | API Response: GET /api/VisitorManagement/visitors/00000000-0000-0000-0000-000000000000 | Status: 200 | Duration: 2ms
2026-04-19 22:24:36.262 +05:30 [INF] Serilog.AspNetCore.RequestLoggingMiddleware | CorrelationId:64181bda5ba54cfea5197fcca41f0b54 | HTTP GET /api/VisitorManagement/visitors/00000000-0000-0000-0000-000000000000 responded 404 in 4.4504 ms
2026-04-19 22:24:36.277 +05:30 [INF] SmsApi.Middleware.LoggingActionFilter | CorrelationId:da86e6cca81e497a90c6a6e34dce20a6 | API Request: POST /api/VisitorManagement/logs/00000000-0000-0000-0000-000000000000/check-out | User: Unknown | School: 550e8400-e29b-41d4-a716-446655440000
2026-04-19 22:24:36.281 +05:30 [INF] SmsApi.Middleware.LoggingActionFilter | CorrelationId:da86e6cca81e497a90c6a6e34dce20a6 | API Response: POST /api/VisitorManagement/logs/00000000-0000-0000-0000-000000000000/check-out | Status: 200 | Duration: 4ms
2026-04-19 22:24:36.285 +05:30 [INF] Serilog.AspNetCore.RequestLoggingMiddleware | CorrelationId:da86e6cca81e497a90c6a6e34dce20a6 | HTTP POST /api/VisitorManagement/logs/00000000-0000-0000-0000-000000000000/check-out responded 404 in 9.3719 ms
2026-04-19 22:24:36.293 +05:30 [INF] Serilog.AspNetCore.RequestLoggingMiddleware | CorrelationId:89666127b4d742df9920fef2d8866eaa | HTTP GET /api/VisitorManagement/visitors responded 401 in 0.2473 ms
2026-04-19 22:25:01.454 +05:30 [INF] SmsApi.Middleware.LoggingActionFilter | CorrelationId:c27060515ad54f48bb64d129af3481eb | API Request: POST /api/auth/login | User: Unknown | School: Unknown
2026-04-19 22:25:02.074 +05:30 [INF] SmsApi.Controllers.AuthController | CorrelationId:c27060515ad54f48bb64d129af3481eb | Login successful for admin (SchoolId: "550e8400-e29b-41d4-a716-446655440000")
2026-04-19 22:25:02.074 +05:30 [INF] SmsApi.Middleware.LoggingActionFilter | CorrelationId:c27060515ad54f48bb64d129af3481eb | API Response: POST /api/auth/login | Status: 200 | Duration: 620ms
2026-04-19 22:25:02.082 +05:30 [INF] Serilog.AspNetCore.RequestLoggingMiddleware | CorrelationId:c27060515ad54f48bb64d129af3481eb | HTTP POST /api/auth/login responded 200 in 645.4589 ms
2026-04-19 22:25:02.082 +05:30 [WRN] SmsApi.Infrastructure.Performance.PerformanceMonitoringMiddleware | CorrelationId: | Slow request: POST /api/auth/login took 640ms — status 200.
2026-04-19 22:25:02.150 +05:30 [INF] SmsApi.Middleware.LoggingActionFilter | CorrelationId:3d3be7f9b2754f079328c7c9bbf8875b | API Request: POST /api/VisitorManagement/visitors | User: Unknown | School: 550e8400-e29b-41d4-a716-446655440000
2026-04-19 22:25:02.162 +05:30 [INF] SmsApi.Middleware.LoggingActionFilter | CorrelationId:3d3be7f9b2754f079328c7c9bbf8875b | API Response: POST /api/VisitorManagement/visitors | Status: 200 | Duration: 12ms
2026-04-19 22:25:02.169 +05:30 [INF] Serilog.AspNetCore.RequestLoggingMiddleware | CorrelationId:3d3be7f9b2754f079328c7c9bbf8875b | HTTP POST /api/VisitorManagement/visitors responded 400 in 21.2783 ms
2026-04-19 22:25:02.195 +05:30 [INF] SmsApi.Middleware.LoggingActionFilter | CorrelationId:6863704a54db42d7a3c03308dbf6e96c | API Request: POST /api/VisitorManagement/visitors | User: Unknown | School: 550e8400-e29b-41d4-a716-446655440000
2026-04-19 22:25:02.201 +05:30 [INF] SmsApi.Middleware.LoggingActionFilter | CorrelationId:6863704a54db42d7a3c03308dbf6e96c | API Response: POST /api/VisitorManagement/visitors | Status: 200 | Duration: 6ms
2026-04-19 22:25:02.204 +05:30 [INF] Serilog.AspNetCore.RequestLoggingMiddleware | CorrelationId:6863704a54db42d7a3c03308dbf6e96c | HTTP POST /api/VisitorManagement/visitors responded 400 in 11.1626 ms
2026-04-19 22:25:02.212 +05:30 [INF] SmsApi.Middleware.LoggingActionFilter | CorrelationId:cd0692b440d349c683185db03e62ec07 | API Request: GET /api/VisitorManagement/visitors | User: Unknown | School: 550e8400-e29b-41d4-a716-446655440000
2026-04-19 22:25:02.217 +05:30 [INF] SmsApi.Middleware.LoggingActionFilter | CorrelationId:cd0692b440d349c683185db03e62ec07 | API Response: GET /api/VisitorManagement/visitors | Status: 200 | Duration: 4ms
2026-04-19 22:25:02.218 +05:30 [INF] Serilog.AspNetCore.RequestLoggingMiddleware | CorrelationId:cd0692b440d349c683185db03e62ec07 | HTTP GET /api/VisitorManagement/visitors responded 200 in 7.9747 ms
2026-04-19 22:25:02.243 +05:30 [INF] Serilog.AspNetCore.RequestLoggingMiddleware | CorrelationId:b569c0ce3abc4dce974b93afbbc16bc9 | HTTP POST /api/VisitorManagement/check-in responded 400 in 3.7122 ms
2026-04-19 22:25:02.256 +05:30 [INF] Serilog.AspNetCore.RequestLoggingMiddleware | CorrelationId:e63f75a80dce41ef929701404ebf3ee2 | HTTP POST /api/VisitorManagement/check-in responded 400 in 7.0540 ms
2026-04-19 22:25:02.277 +05:30 [INF] SmsApi.Middleware.LoggingActionFilter | CorrelationId:ea118aee0cf54c549ab877335169b830 | API Request: GET /api/VisitorManagement/active | User: Unknown | School: 550e8400-e29b-41d4-a716-446655440000
2026-04-19 22:25:02.293 +05:30 [INF] SmsApi.Middleware.LoggingActionFilter | CorrelationId:ea118aee0cf54c549ab877335169b830 | API Response: GET /api/VisitorManagement/active | Status: 200 | Duration: 16ms
2026-04-19 22:25:02.296 +05:30 [INF] Serilog.AspNetCore.RequestLoggingMiddleware | CorrelationId:ea118aee0cf54c549ab877335169b830 | HTTP GET /api/VisitorManagement/active responded 200 in 19.3916 ms
2026-04-19 22:25:02.324 +05:30 [INF] SmsApi.Middleware.LoggingActionFilter | CorrelationId:c04b15ac0482410e86009d7af7656fa0 | API Request: GET /api/VisitorManagement/logs | User: Unknown | School: 550e8400-e29b-41d4-a716-446655440000
2026-04-19 22:25:02.333 +05:30 [INF] SmsApi.Middleware.LoggingActionFilter | CorrelationId:c04b15ac0482410e86009d7af7656fa0 | API Response: GET /api/VisitorManagement/logs | Status: 200 | Duration: 9ms
2026-04-19 22:25:02.336 +05:30 [INF] Serilog.AspNetCore.RequestLoggingMiddleware | CorrelationId:c04b15ac0482410e86009d7af7656fa0 | HTTP GET /api/VisitorManagement/logs responded 200 in 13.5242 ms
2026-04-19 22:25:02.367 +05:30 [INF] SmsApi.Middleware.LoggingActionFilter | CorrelationId:228931877c8f4f27afef53bafcfd5fec | API Request: POST /api/VisitorManagement/visitors | User: Unknown | School: 550e8400-e29b-41d4-a716-446655440000
2026-04-19 22:25:02.373 +05:30 [INF] SmsApi.Middleware.LoggingActionFilter | CorrelationId:228931877c8f4f27afef53bafcfd5fec | API Response: POST /api/VisitorManagement/visitors | Status: 200 | Duration: 5ms
2026-04-19 22:25:02.379 +05:30 [INF] Serilog.AspNetCore.RequestLoggingMiddleware | CorrelationId:228931877c8f4f27afef53bafcfd5fec | HTTP POST /api/VisitorManagement/visitors responded 400 in 12.7170 ms
2026-04-19 22:25:02.396 +05:30 [INF] Serilog.AspNetCore.RequestLoggingMiddleware | CorrelationId:c1806f69dc4447a8b5ed8da03053e37c | HTTP POST /api/VisitorManagement/visitors responded 400 in 4.6931 ms
2026-04-19 22:25:02.413 +05:30 [INF] SmsApi.Middleware.LoggingActionFilter | CorrelationId:45b717f7ddb8453d9ffbe260c4079d52 | API Request: GET /api/VisitorManagement/visitors | User: Unknown | School: 550e8400-e29b-41d4-a716-446655440000
2026-04-19 22:25:02.416 +05:30 [INF] SmsApi.Middleware.LoggingActionFilter | CorrelationId:45b717f7ddb8453d9ffbe260c4079d52 | API Response: GET /api/VisitorManagement/visitors | Status: 200 | Duration: 3ms
2026-04-19 22:25:02.417 +05:30 [INF] Serilog.AspNetCore.RequestLoggingMiddleware | CorrelationId:45b717f7ddb8453d9ffbe260c4079d52 | HTTP GET /api/VisitorManagement/visitors responded 200 in 6.4239 ms
2026-04-19 22:25:02.448 +05:30 [INF] SmsApi.Middleware.LoggingActionFilter | CorrelationId:fe5c17ed2f0c4c5eb245c63468bbc3c4 | API Request: GET /api/VisitorManagement/visitors/00000000-0000-0000-0000-000000000000 | User: Unknown | School: 550e8400-e29b-41d4-a716-446655440000
2026-04-19 22:25:02.451 +05:30 [INF] SmsApi.Middleware.LoggingActionFilter | CorrelationId:fe5c17ed2f0c4c5eb245c63468bbc3c4 | API Response: GET /api/VisitorManagement/visitors/00000000-0000-0000-0000-000000000000 | Status: 200 | Duration: 2ms
2026-04-19 22:25:02.452 +05:30 [INF] Serilog.AspNetCore.RequestLoggingMiddleware | CorrelationId:fe5c17ed2f0c4c5eb245c63468bbc3c4 | HTTP GET /api/VisitorManagement/visitors/00000000-0000-0000-0000-000000000000 responded 404 in 4.4669 ms
2026-04-19 22:25:02.463 +05:30 [INF] SmsApi.Middleware.LoggingActionFilter | CorrelationId:94cbcb11f88d4c82b9a81b978375d15b | API Request: POST /api/VisitorManagement/logs/00000000-0000-0000-0000-000000000000/check-out | User: Unknown | School: 550e8400-e29b-41d4-a716-446655440000
2026-04-19 22:25:02.469 +05:30 [INF] SmsApi.Middleware.LoggingActionFilter | CorrelationId:94cbcb11f88d4c82b9a81b978375d15b | API Response: POST /api/VisitorManagement/logs/00000000-0000-0000-0000-000000000000/check-out | Status: 200 | Duration: 5ms
2026-04-19 22:25:02.472 +05:30 [INF] Serilog.AspNetCore.RequestLoggingMiddleware | CorrelationId:94cbcb11f88d4c82b9a81b978375d15b | HTTP POST /api/VisitorManagement/logs/00000000-0000-0000-0000-000000000000/check-out responded 404 in 9.7200 ms
2026-04-19 22:25:02.482 +05:30 [INF] Serilog.AspNetCore.RequestLoggingMiddleware | CorrelationId:339c3f1d96d8455a8f1acc90f093535c | HTTP GET /api/VisitorManagement/visitors responded 401 in 0.2643 ms
2026-04-19 23:03:49.983 +05:30 [INF]  | CorrelationId: | Using distributed in-memory cache (development only)
2026-04-19 23:03:51.777 +05:30 [WRN] Microsoft.EntityFrameworkCore.Model.Validation | CorrelationId: | Entity 'Staff' has a global query filter defined and is the required end of a relationship with the entity 'Certificate'. This may lead to unexpected results when the required entity is filtered out. Either configure the navigation as optional, or define matching query filters for both entities in the navigation. See https://go.microsoft.com/fwlink/?linkid=2131316 for more information.
2026-04-19 23:03:51.778 +05:30 [WRN] Microsoft.EntityFrameworkCore.Model.Validation | CorrelationId: | Entity 'School' has a global query filter defined and is the required end of a relationship with the entity 'CertificateTemplate'. This may lead to unexpected results when the required entity is filtered out. Either configure the navigation as optional, or define matching query filters for both entities in the navigation. See https://go.microsoft.com/fwlink/?linkid=2131316 for more information.
2026-04-19 23:03:51.778 +05:30 [WRN] Microsoft.EntityFrameworkCore.Model.Validation | CorrelationId: | Entity 'School' has a global query filter defined and is the required end of a relationship with the entity 'Document'. This may lead to unexpected results when the required entity is filtered out. Either configure the navigation as optional, or define matching query filters for both entities in the navigation. See https://go.microsoft.com/fwlink/?linkid=2131316 for more information.
2026-04-19 23:03:51.778 +05:30 [WRN] Microsoft.EntityFrameworkCore.Model.Validation | CorrelationId: | Entity 'School' has a global query filter defined and is the required end of a relationship with the entity 'DocumentCategory'. This may lead to unexpected results when the required entity is filtered out. Either configure the navigation as optional, or define matching query filters for both entities in the navigation. See https://go.microsoft.com/fwlink/?linkid=2131316 for more information.
2026-04-19 23:03:51.778 +05:30 [WRN] Microsoft.EntityFrameworkCore.Model.Validation | CorrelationId: | Entity 'School' has a global query filter defined and is the required end of a relationship with the entity 'FeeAuditLog'. This may lead to unexpected results when the required entity is filtered out. Either configure the navigation as optional, or define matching query filters for both entities in the navigation. See https://go.microsoft.com/fwlink/?linkid=2131316 for more information.
2026-04-19 23:03:51.778 +05:30 [WRN] Microsoft.EntityFrameworkCore.Model.Validation | CorrelationId: | Entity 'School' has a global query filter defined and is the required end of a relationship with the entity 'Holiday'. This may lead to unexpected results when the required entity is filtered out. Either configure the navigation as optional, or define matching query filters for both entities in the navigation. See https://go.microsoft.com/fwlink/?linkid=2131316 for more information.
2026-04-19 23:03:51.778 +05:30 [WRN] Microsoft.EntityFrameworkCore.Model.Validation | CorrelationId: | Entity 'School' has a global query filter defined and is the required end of a relationship with the entity 'IDCard'. This may lead to unexpected results when the required entity is filtered out. Either configure the navigation as optional, or define matching query filters for both entities in the navigation. See https://go.microsoft.com/fwlink/?linkid=2131316 for more information.
2026-04-19 23:03:51.778 +05:30 [WRN] Microsoft.EntityFrameworkCore.Model.Validation | CorrelationId: | Entity 'School' has a global query filter defined and is the required end of a relationship with the entity 'IDCardTemplate'. This may lead to unexpected results when the required entity is filtered out. Either configure the navigation as optional, or define matching query filters for both entities in the navigation. See https://go.microsoft.com/fwlink/?linkid=2131316 for more information.
2026-04-19 23:03:51.778 +05:30 [WRN] Microsoft.EntityFrameworkCore.Model.Validation | CorrelationId: | Entity 'UserLogin' has a global query filter defined and is the required end of a relationship with the entity 'PasswordResetToken'. This may lead to unexpected results when the required entity is filtered out. Either configure the navigation as optional, or define matching query filters for both entities in the navigation. See https://go.microsoft.com/fwlink/?linkid=2131316 for more information.
2026-04-19 23:03:51.778 +05:30 [WRN] Microsoft.EntityFrameworkCore.Model.Validation | CorrelationId: | Entity 'School' has a global query filter defined and is the required end of a relationship with the entity 'PromotionHistory'. This may lead to unexpected results when the required entity is filtered out. Either configure the navigation as optional, or define matching query filters for both entities in the navigation. See https://go.microsoft.com/fwlink/?linkid=2131316 for more information.
2026-04-19 23:03:51.847 +05:30 [WRN] Microsoft.EntityFrameworkCore.Model.Validation | CorrelationId: | The foreign key property 'Staff.ReportingToId1' was created in shadow state because a conflicting property with the simple name 'ReportingToId' exists in the entity type, but is either not mapped, is already used for another relationship, or is incompatible with the associated primary key type. See https://aka.ms/efcore-relationships for information on mapping relationships in EF Core.
2026-04-19 23:03:52.769 +05:30 [INF] Program | CorrelationId: | Database migrations applied successfully.
2026-04-19 23:03:53.618 +05:30 [INF] Microsoft.Hosting.Lifetime | CorrelationId: | Now listening on: http://localhost:5092
2026-04-19 23:03:53.618 +05:30 [INF] Microsoft.Hosting.Lifetime | CorrelationId: | Application started. Press Ctrl+C to shut down.
2026-04-19 23:03:53.618 +05:30 [INF] Microsoft.Hosting.Lifetime | CorrelationId: | Hosting environment: Development
2026-04-19 23:03:53.619 +05:30 [INF] Microsoft.Hosting.Lifetime | CorrelationId: | Content root path: C:\Vitana\Vitana Group\sms-api
