2026-04-22 10:12:55.629 +05:30 [INF]  | CorrelationId: | Using distributed in-memory cache (development only)
2026-04-22 10:12:57.597 +05:30 [WRN] Microsoft.EntityFrameworkCore.Model.Validation | CorrelationId: | Entity 'Staff' has a global query filter defined and is the required end of a relationship with the entity 'Certificate'. This may lead to unexpected results when the required entity is filtered out. Either configure the navigation as optional, or define matching query filters for both entities in the navigation. See https://go.microsoft.com/fwlink/?linkid=2131316 for more information.
2026-04-22 10:12:57.600 +05:30 [WRN] Microsoft.EntityFrameworkCore.Model.Validation | CorrelationId: | Entity 'School' has a global query filter defined and is the required end of a relationship with the entity 'CertificateTemplate'. This may lead to unexpected results when the required entity is filtered out. Either configure the navigation as optional, or define matching query filters for both entities in the navigation. See https://go.microsoft.com/fwlink/?linkid=2131316 for more information.
2026-04-22 10:12:57.608 +05:30 [WRN] Microsoft.EntityFrameworkCore.Model.Validation | CorrelationId: | Entity 'School' has a global query filter defined and is the required end of a relationship with the entity 'Document'. This may lead to unexpected results when the required entity is filtered out. Either configure the navigation as optional, or define matching query filters for both entities in the navigation. See https://go.microsoft.com/fwlink/?linkid=2131316 for more information.
2026-04-22 10:12:57.618 +05:30 [WRN] Microsoft.EntityFrameworkCore.Model.Validation | CorrelationId: | Entity 'School' has a global query filter defined and is the required end of a relationship with the entity 'DocumentCategory'. This may lead to unexpected results when the required entity is filtered out. Either configure the navigation as optional, or define matching query filters for both entities in the navigation. See https://go.microsoft.com/fwlink/?linkid=2131316 for more information.
2026-04-22 10:12:57.628 +05:30 [WRN] Microsoft.EntityFrameworkCore.Model.Validation | CorrelationId: | Entity 'School' has a global query filter defined and is the required end of a relationship with the entity 'FeeAuditLog'. This may lead to unexpected results when the required entity is filtered out. Either configure the navigation as optional, or define matching query filters for both entities in the navigation. See https://go.microsoft.com/fwlink/?linkid=2131316 for more information.
2026-04-22 10:12:57.630 +05:30 [WRN] Microsoft.EntityFrameworkCore.Model.Validation | CorrelationId: | Entity 'School' has a global query filter defined and is the required end of a relationship with the entity 'Holiday'. This may lead to unexpected results when the required entity is filtered out. Either configure the navigation as optional, or define matching query filters for both entities in the navigation. See https://go.microsoft.com/fwlink/?linkid=2131316 for more information.
2026-04-22 10:12:57.632 +05:30 [WRN] Microsoft.EntityFrameworkCore.Model.Validation | CorrelationId: | Entity 'School' has a global query filter defined and is the required end of a relationship with the entity 'IDCard'. This may lead to unexpected results when the required entity is filtered out. Either configure the navigation as optional, or define matching query filters for both entities in the navigation. See https://go.microsoft.com/fwlink/?linkid=2131316 for more information.
2026-04-22 10:12:57.641 +05:30 [WRN] Microsoft.EntityFrameworkCore.Model.Validation | CorrelationId: | Entity 'School' has a global query filter defined and is the required end of a relationship with the entity 'IDCardTemplate'. This may lead to unexpected results when the required entity is filtered out. Either configure the navigation as optional, or define matching query filters for both entities in the navigation. See https://go.microsoft.com/fwlink/?linkid=2131316 for more information.
2026-04-22 10:12:57.645 +05:30 [WRN] Microsoft.EntityFrameworkCore.Model.Validation | CorrelationId: | Entity 'UserLogin' has a global query filter defined and is the required end of a relationship with the entity 'PasswordResetToken'. This may lead to unexpected results when the required entity is filtered out. Either configure the navigation as optional, or define matching query filters for both entities in the navigation. See https://go.microsoft.com/fwlink/?linkid=2131316 for more information.
2026-04-22 10:12:57.654 +05:30 [WRN] Microsoft.EntityFrameworkCore.Model.Validation | CorrelationId: | Entity 'School' has a global query filter defined and is the required end of a relationship with the entity 'PromotionHistory'. This may lead to unexpected results when the required entity is filtered out. Either configure the navigation as optional, or define matching query filters for both entities in the navigation. See https://go.microsoft.com/fwlink/?linkid=2131316 for more information.
2026-04-22 10:12:57.727 +05:30 [WRN] Microsoft.EntityFrameworkCore.Model.Validation | CorrelationId: | The foreign key property 'Staff.ReportingToId1' was created in shadow state because a conflicting property with the simple name 'ReportingToId' exists in the entity type, but is either not mapped, is already used for another relationship, or is incompatible with the associated primary key type. See https://aka.ms/efcore-relationships for information on mapping relationships in EF Core.
2026-04-22 10:12:59.050 +05:30 [INF] Program | CorrelationId: | Database migrations applied successfully.
2026-04-22 10:12:59.827 +05:30 [INF] Microsoft.Hosting.Lifetime | CorrelationId: | Now listening on: http://localhost:5092
2026-04-22 10:12:59.827 +05:30 [INF] Microsoft.Hosting.Lifetime | CorrelationId: | Application started. Press Ctrl+C to shut down.
2026-04-22 10:12:59.828 +05:30 [INF] Microsoft.Hosting.Lifetime | CorrelationId: | Hosting environment: Development
2026-04-22 10:12:59.829 +05:30 [INF] Microsoft.Hosting.Lifetime | CorrelationId: | Content root path: C:\Vitana\Vitana Group\sms-api
2026-04-22 10:14:56.306 +05:30 [INF] Serilog.AspNetCore.RequestLoggingMiddleware | CorrelationId:0e39a5749e164e02a31c7dc322fe72a6 | HTTP OPTIONS /api/academics/academic-years responded 204 in 17.2144 ms
2026-04-22 10:14:56.306 +05:30 [INF] Serilog.AspNetCore.RequestLoggingMiddleware | CorrelationId:711e53bff7a54db8add8525566578113 | HTTP OPTIONS /api/academics/academic-years responded 204 in 18.5311 ms
2026-04-22 10:14:56.310 +05:30 [WRN] Microsoft.AspNetCore.HttpsPolicy.HttpsRedirectionMiddleware | CorrelationId:1e8bca73efb2432a9e846a71c79f76e4 | Failed to determine the https port for redirect.
2026-04-22 10:14:56.503 +05:30 [INF] Serilog.AspNetCore.RequestLoggingMiddleware | CorrelationId:1e8bca73efb2432a9e846a71c79f76e4 | HTTP GET / responded 404 in 216.9953 ms
2026-04-22 10:14:56.702 +05:30 [INF] Serilog.AspNetCore.RequestLoggingMiddleware | CorrelationId:1a723be062394888856c08baf46053ec | HTTP GET /api/academics/academic-years responded 401 in 161.5218 ms
2026-04-22 10:14:56.724 +05:30 [INF] Serilog.AspNetCore.RequestLoggingMiddleware | CorrelationId:21f60bcf47a14faeb660a6b0f00b7ade | HTTP GET /api/academics/academic-years responded 401 in 2.1419 ms
2026-04-22 10:14:57.872 +05:30 [INF] Serilog.AspNetCore.RequestLoggingMiddleware | CorrelationId:211c88f4beef4367a0dab88a7020a942 | HTTP GET /api/academics/academic-years responded 401 in 2.4824 ms
2026-04-22 10:14:57.878 +05:30 [INF] Serilog.AspNetCore.RequestLoggingMiddleware | CorrelationId:17cb229c58064e0b9b02aa2a3915b048 | HTTP GET /api/academics/academic-years responded 401 in 0.4211 ms
2026-04-22 10:15:01.604 +05:30 [INF] Serilog.AspNetCore.RequestLoggingMiddleware | CorrelationId:7848238c65da4ab587c6a62d84c6f063 | HTTP OPTIONS /api/auth/login responded 204 in 0.1729 ms
2026-04-22 10:15:01.675 +05:30 [INF] SmsApi.Middleware.LoggingActionFilter | CorrelationId:5bb28b41a66942fca8541737c74b4e16 | API Request: POST /api/auth/login | User: Unknown | School: Unknown
2026-04-22 10:15:02.545 +05:30 [INF] SmsApi.Controllers.AuthController | CorrelationId:5bb28b41a66942fca8541737c74b4e16 | Login successful for admin (SchoolId: "550e8400-e29b-41d4-a716-446655440000")
2026-04-22 10:15:02.548 +05:30 [INF] SmsApi.Middleware.LoggingActionFilter | CorrelationId:5bb28b41a66942fca8541737c74b4e16 | API Response: POST /api/auth/login | Status: 200 | Duration: 873ms
2026-04-22 10:15:02.642 +05:30 [INF] Serilog.AspNetCore.RequestLoggingMiddleware | CorrelationId:5bb28b41a66942fca8541737c74b4e16 | HTTP POST /api/auth/login responded 200 in 1031.6969 ms
2026-04-22 10:15:02.644 +05:30 [WRN] SmsApi.Infrastructure.Performance.PerformanceMonitoringMiddleware | CorrelationId: | Slow request: POST /api/auth/login took 974ms — status 200.
2026-04-22 10:15:02.669 +05:30 [INF] Serilog.AspNetCore.RequestLoggingMiddleware | CorrelationId:575d24d5113142eaa59b8d17c813e9a0 | HTTP OPTIONS /api/settings/school/me responded 204 in 0.1784 ms
2026-04-22 10:15:02.683 +05:30 [INF] Serilog.AspNetCore.RequestLoggingMiddleware | CorrelationId:6df7226198d14282a78f10dec15a9547 | HTTP OPTIONS /api/school-feature-permissions/schools/550e8400-e29b-41d4-a716-446655440000 responded 204 in 0.1218 ms
2026-04-22 10:15:02.738 +05:30 [INF] SmsApi.Middleware.LoggingActionFilter | CorrelationId:7092930b2ff846d8a0e89a3e0d854f8e | API Request: GET /api/settings/school/me | User: Unknown | School: 550e8400-e29b-41d4-a716-446655440000
2026-04-22 10:15:02.868 +05:30 [INF] SmsApi.Middleware.LoggingActionFilter | CorrelationId:7092930b2ff846d8a0e89a3e0d854f8e | API Response: GET /api/settings/school/me | Status: 200 | Duration: 129ms
2026-04-22 10:15:02.925 +05:30 [INF] Serilog.AspNetCore.RequestLoggingMiddleware | CorrelationId:7092930b2ff846d8a0e89a3e0d854f8e | HTTP GET /api/settings/school/me responded 200 in 230.5663 ms
2026-04-22 10:15:02.991 +05:30 [INF] Serilog.AspNetCore.RequestLoggingMiddleware | CorrelationId:8cd1cd29cdb8459c80f6090512de7fd0 | HTTP OPTIONS /api/academics/academic-years responded 204 in 0.1475 ms
2026-04-22 10:15:02.991 +05:30 [INF] Serilog.AspNetCore.RequestLoggingMiddleware | CorrelationId:8830654be6964c198bfaba92f5b59171 | HTTP OPTIONS /api/academics/academic-years responded 204 in 0.0293 ms
2026-04-22 10:15:03.009 +05:30 [INF] SmsApi.Middleware.LoggingActionFilter | CorrelationId:d0cf4072b44643bcbaa52ab0c104a6fc | API Request: GET /api/school-feature-permissions/schools/550e8400-e29b-41d4-a716-446655440000 | User: Unknown | School: 550e8400-e29b-41d4-a716-446655440000
2026-04-22 10:15:03.105 +05:30 [INF] SmsApi.Middleware.LoggingActionFilter | CorrelationId:8eccf08d65a24eb48ec3ab349e377fc0 | API Request: GET /api/settings/school/me | User: Unknown | School: 550e8400-e29b-41d4-a716-446655440000
2026-04-22 10:15:03.137 +05:30 [INF] Serilog.AspNetCore.RequestLoggingMiddleware | CorrelationId:f87cf72073c8402d92526e1d8f72eb4c | HTTP OPTIONS /api/notifications/unread-count responded 204 in 0.0772 ms
2026-04-22 10:15:03.161 +05:30 [INF] Serilog.AspNetCore.RequestLoggingMiddleware | CorrelationId:1521fbe8dc164b43aa50ac31ce0098ae | HTTP OPTIONS /api/analytics/dashboard/summary responded 204 in 17.7023 ms
2026-04-22 10:15:03.192 +05:30 [INF] SmsApi.Middleware.LoggingActionFilter | CorrelationId:8eccf08d65a24eb48ec3ab349e377fc0 | API Response: GET /api/settings/school/me | Status: 200 | Duration: 86ms
2026-04-22 10:15:03.194 +05:30 [INF] Serilog.AspNetCore.RequestLoggingMiddleware | CorrelationId:41938665040a4b0886036be91f1b8933 | HTTP OPTIONS /api/analytics/dashboard/summary responded 204 in 0.0705 ms
2026-04-22 10:15:03.229 +05:30 [INF] SmsApi.Middleware.LoggingActionFilter | CorrelationId:11a961c6d7f34a3fb3111aeb31f700cf | API Request: GET /api/academics/academic-years | User: Unknown | School: 550e8400-e29b-41d4-a716-446655440000
2026-04-22 10:15:03.231 +05:30 [INF] Serilog.AspNetCore.RequestLoggingMiddleware | CorrelationId:8eccf08d65a24eb48ec3ab349e377fc0 | HTTP GET /api/settings/school/me responded 200 in 127.5197 ms
2026-04-22 10:15:03.267 +05:30 [INF] SmsApi.Middleware.LoggingActionFilter | CorrelationId:453683eb001c42e4a08400031e1fdb33 | API Request: GET /api/notifications/unread-count | User: Unknown | School: 550e8400-e29b-41d4-a716-446655440000
2026-04-22 10:15:03.460 +05:30 [INF] SmsApi.Middleware.LoggingActionFilter | CorrelationId:c8899faa82294e65a45b90da29efc658 | API Request: GET /api/analytics/dashboard/summary | User: Unknown | School: 550e8400-e29b-41d4-a716-446655440000
2026-04-22 10:15:03.476 +05:30 [INF] SmsApi.Middleware.LoggingActionFilter | CorrelationId:11a961c6d7f34a3fb3111aeb31f700cf | API Response: GET /api/academics/academic-years | Status: 200 | Duration: 246ms
2026-04-22 10:15:03.495 +05:30 [INF] SmsApi.Middleware.LoggingActionFilter | CorrelationId:453683eb001c42e4a08400031e1fdb33 | API Response: GET /api/notifications/unread-count | Status: 200 | Duration: 227ms
2026-04-22 10:15:03.497 +05:30 [INF] SmsApi.Middleware.LoggingActionFilter | CorrelationId:d0cf4072b44643bcbaa52ab0c104a6fc | API Response: GET /api/school-feature-permissions/schools/550e8400-e29b-41d4-a716-446655440000 | Status: 200 | Duration: 488ms
2026-04-22 10:15:03.506 +05:30 [INF] Serilog.AspNetCore.RequestLoggingMiddleware | CorrelationId:453683eb001c42e4a08400031e1fdb33 | HTTP GET /api/notifications/unread-count responded 200 in 246.2975 ms
2026-04-22 10:15:03.506 +05:30 [INF] Serilog.AspNetCore.RequestLoggingMiddleware | CorrelationId:11a961c6d7f34a3fb3111aeb31f700cf | HTTP GET /api/academics/academic-years responded 200 in 300.1383 ms
2026-04-22 10:15:03.511 +05:30 [INF] SmsApi.Middleware.LoggingActionFilter | CorrelationId:a7d57cbc3419472aab7987bc51a1ed42 | API Request: GET /api/academics/academic-years | User: Unknown | School: 550e8400-e29b-41d4-a716-446655440000
2026-04-22 10:15:03.521 +05:30 [INF] Serilog.AspNetCore.RequestLoggingMiddleware | CorrelationId:d0cf4072b44643bcbaa52ab0c104a6fc | HTTP GET /api/school-feature-permissions/schools/550e8400-e29b-41d4-a716-446655440000 responded 200 in 526.1531 ms
2026-04-22 10:15:03.537 +05:30 [WRN] SmsApi.Infrastructure.Performance.PerformanceMonitoringMiddleware | CorrelationId: | Slow request: GET /api/school-feature-permissions/schools/550e8400-e29b-41d4-a716-446655440000 took 528ms — status 200.
2026-04-22 10:15:03.546 +05:30 [INF] SmsApi.Middleware.LoggingActionFilter | CorrelationId:a7d57cbc3419472aab7987bc51a1ed42 | API Response: GET /api/academics/academic-years | Status: 200 | Duration: 35ms
2026-04-22 10:15:03.549 +05:30 [INF] Serilog.AspNetCore.RequestLoggingMiddleware | CorrelationId:a7d57cbc3419472aab7987bc51a1ed42 | HTTP GET /api/academics/academic-years responded 200 in 40.4560 ms
2026-04-22 10:15:03.620 +05:30 [INF] SmsApi.Middleware.LoggingActionFilter | CorrelationId:c8899faa82294e65a45b90da29efc658 | API Response: GET /api/analytics/dashboard/summary | Status: 200 | Duration: 160ms
2026-04-22 10:15:03.625 +05:30 [INF] Serilog.AspNetCore.RequestLoggingMiddleware | CorrelationId:c8899faa82294e65a45b90da29efc658 | HTTP GET /api/analytics/dashboard/summary responded 200 in 321.0930 ms
2026-04-22 10:15:03.633 +05:30 [INF] SmsApi.Middleware.LoggingActionFilter | CorrelationId:b8a67663e79249c6a8a976e210f60392 | API Request: GET /api/analytics/dashboard/summary | User: Unknown | School: 550e8400-e29b-41d4-a716-446655440000
2026-04-22 10:15:03.648 +05:30 [INF] SmsApi.Middleware.LoggingActionFilter | CorrelationId:b8a67663e79249c6a8a976e210f60392 | API Response: GET /api/analytics/dashboard/summary | Status: 200 | Duration: 15ms
2026-04-22 10:15:03.652 +05:30 [INF] Serilog.AspNetCore.RequestLoggingMiddleware | CorrelationId:b8a67663e79249c6a8a976e210f60392 | HTTP GET /api/analytics/dashboard/summary responded 200 in 25.5291 ms
2026-04-22 10:15:13.179 +05:30 [INF] Serilog.AspNetCore.RequestLoggingMiddleware | CorrelationId:fa0424a50cbe4d39b6cfca1fc14bf426 | HTTP OPTIONS /api/academics/academic-years responded 204 in 0.2972 ms
2026-04-22 10:15:13.179 +05:30 [INF] Serilog.AspNetCore.RequestLoggingMiddleware | CorrelationId:7cc7e5f96288486da779d143c6bd7794 | HTTP OPTIONS /api/academics/academic-years responded 204 in 0.5478 ms
2026-04-22 10:15:13.233 +05:30 [INF] Serilog.AspNetCore.RequestLoggingMiddleware | CorrelationId:cd2b575b8aa74a8c88792000cab13941 | HTTP GET /api/academics/academic-years responded 401 in 0.5860 ms
2026-04-22 10:15:13.256 +05:30 [INF] Serilog.AspNetCore.RequestLoggingMiddleware | CorrelationId:10a45e80f41c47248411ee5f86f42a05 | HTTP GET /api/academics/academic-years responded 401 in 0.3457 ms
2026-04-22 10:15:17.788 +05:30 [INF] Serilog.AspNetCore.RequestLoggingMiddleware | CorrelationId:fdb6ff9ad4634077ab3461586ef4cf46 | HTTP OPTIONS /api/auth/login responded 204 in 0.1333 ms
2026-04-22 10:15:17.808 +05:30 [INF] SmsApi.Middleware.LoggingActionFilter | CorrelationId:902b678d25d6480b84edb2d5baab5006 | API Request: POST /api/auth/login | User: Unknown | School: Unknown
2026-04-22 10:15:18.280 +05:30 [INF] SmsApi.Controllers.AuthController | CorrelationId:902b678d25d6480b84edb2d5baab5006 | Login successful for superadmin (SchoolId: "00000000-0000-0000-0000-000000000001")
2026-04-22 10:15:18.282 +05:30 [INF] SmsApi.Middleware.LoggingActionFilter | CorrelationId:902b678d25d6480b84edb2d5baab5006 | API Response: POST /api/auth/login | Status: 200 | Duration: 473ms
2026-04-22 10:15:18.289 +05:30 [INF] Serilog.AspNetCore.RequestLoggingMiddleware | CorrelationId:902b678d25d6480b84edb2d5baab5006 | HTTP POST /api/auth/login responded 200 in 482.5487 ms
2026-04-22 10:15:18.351 +05:30 [INF] Serilog.AspNetCore.RequestLoggingMiddleware | CorrelationId:3d978eecaf714f03a898fb9f1a4ac690 | HTTP OPTIONS /api/settings/school/me responded 204 in 0.0649 ms
2026-04-22 10:15:18.589 +05:30 [INF] Serilog.AspNetCore.RequestLoggingMiddleware | CorrelationId:60a49175b5b14de68f523b6d3839c47f | HTTP OPTIONS /api/academics/academic-years responded 204 in 0.1267 ms
2026-04-22 10:15:18.596 +05:30 [INF] Serilog.AspNetCore.RequestLoggingMiddleware | CorrelationId:5da606f0f02945dfa500358aa332bedc | HTTP OPTIONS /api/academics/academic-years responded 204 in 0.0795 ms
2026-04-22 10:15:18.598 +05:30 [INF] SmsApi.Middleware.LoggingActionFilter | CorrelationId:47001fabba474ef796c4b7a6a956951d | API Request: GET /api/settings/school/me | User: Unknown | School: 00000000-0000-0000-0000-000000000001
2026-04-22 10:15:18.645 +05:30 [INF] SmsApi.Middleware.LoggingActionFilter | CorrelationId:f26cc6c32f724ef1aaf5f8b1d89f23a8 | API Request: GET /api/academics/academic-years | User: Unknown | School: 00000000-0000-0000-0000-000000000001
2026-04-22 10:15:18.651 +05:30 [INF] SmsApi.Middleware.LoggingActionFilter | CorrelationId:47001fabba474ef796c4b7a6a956951d | API Response: GET /api/settings/school/me | Status: 200 | Duration: 53ms
2026-04-22 10:15:18.652 +05:30 [INF] SmsApi.Middleware.LoggingActionFilter | CorrelationId:f26cc6c32f724ef1aaf5f8b1d89f23a8 | API Response: GET /api/academics/academic-years | Status: 200 | Duration: 7ms
2026-04-22 10:15:18.670 +05:30 [INF] Serilog.AspNetCore.RequestLoggingMiddleware | CorrelationId:47001fabba474ef796c4b7a6a956951d | HTTP GET /api/settings/school/me responded 200 in 73.4063 ms
2026-04-22 10:15:18.672 +05:30 [INF] Serilog.AspNetCore.RequestLoggingMiddleware | CorrelationId:450106b1bba1497d90b7c02e99dc9181 | HTTP OPTIONS /api/notifications/unread-count responded 204 in 0.0810 ms
2026-04-22 10:15:18.673 +05:30 [INF] Serilog.AspNetCore.RequestLoggingMiddleware | CorrelationId:cc59984994514292b42922dc5cb9cf7e | HTTP OPTIONS /api/school-feature-permissions/schools responded 204 in 0.0415 ms
2026-04-22 10:15:18.704 +05:30 [ERR] Serilog.AspNetCore.RequestLoggingMiddleware | CorrelationId:f26cc6c32f724ef1aaf5f8b1d89f23a8 | HTTP GET /api/academics/academic-years responded 500 in 60.9325 ms
2026-04-22 10:15:18.708 +05:30 [INF] Serilog.AspNetCore.RequestLoggingMiddleware | CorrelationId:130947b0b9694b79bcdee6c15fd75b3b | HTTP OPTIONS /api/school-feature-permissions/stats responded 204 in 0.0737 ms
2026-04-22 10:15:18.740 +05:30 [INF] SmsApi.Middleware.LoggingActionFilter | CorrelationId:6436faae2b1f4ff68536ef3862b03612 | API Request: GET /api/academics/academic-years | User: Unknown | School: 00000000-0000-0000-0000-000000000001
2026-04-22 10:15:18.724 +05:30 [INF] Serilog.AspNetCore.RequestLoggingMiddleware | CorrelationId:3306ef950e584bfe8a22a3ffaca49207 | HTTP OPTIONS /api/school-feature-permissions/schools responded 204 in 0.0888 ms
2026-04-22 10:15:18.714 +05:30 [INF] Serilog.AspNetCore.RequestLoggingMiddleware | CorrelationId:c2660de9330b40f8bfaf4dbc3d6eb729 | HTTP OPTIONS /api/school-feature-permissions/stats responded 204 in 0.1140 ms
2026-04-22 10:15:18.742 +05:30 [INF] SmsApi.Middleware.LoggingActionFilter | CorrelationId:4ea5ba46f73946b0a37d2542d9bea43d | API Request: GET /api/notifications/unread-count | User: Unknown | School: 00000000-0000-0000-0000-000000000001
2026-04-22 10:15:18.755 +05:30 [INF] SmsApi.Middleware.LoggingActionFilter | CorrelationId:6436faae2b1f4ff68536ef3862b03612 | API Response: GET /api/academics/academic-years | Status: 200 | Duration: 14ms
2026-04-22 10:15:18.772 +05:30 [INF] SmsApi.Middleware.LoggingActionFilter | CorrelationId:e11f20e6cd2e40baad2d6aa2e2bab9cc | API Request: GET /api/school-feature-permissions/schools | User: Unknown | School: 00000000-0000-0000-0000-000000000001
2026-04-22 10:15:18.793 +05:30 [INF] SmsApi.Middleware.LoggingActionFilter | CorrelationId:be6f3697b0d9476990c90666a3e5d8d3 | API Request: GET /api/school-feature-permissions/stats | User: Unknown | School: 00000000-0000-0000-0000-000000000001
2026-04-22 10:15:18.795 +05:30 [INF] SmsApi.Middleware.LoggingActionFilter | CorrelationId:4ea5ba46f73946b0a37d2542d9bea43d | API Response: GET /api/notifications/unread-count | Status: 200 | Duration: 53ms
2026-04-22 10:15:18.802 +05:30 [ERR] Serilog.AspNetCore.RequestLoggingMiddleware | CorrelationId:6436faae2b1f4ff68536ef3862b03612 | HTTP GET /api/academics/academic-years responded 500 in 63.5988 ms
2026-04-22 10:15:18.858 +05:30 [INF] Serilog.AspNetCore.RequestLoggingMiddleware | CorrelationId:4ea5ba46f73946b0a37d2542d9bea43d | HTTP GET /api/notifications/unread-count responded 200 in 117.4843 ms
2026-04-22 10:15:18.871 +05:30 [INF] SmsApi.Middleware.LoggingActionFilter | CorrelationId:e11f20e6cd2e40baad2d6aa2e2bab9cc | API Response: GET /api/school-feature-permissions/schools | Status: 200 | Duration: 99ms
2026-04-22 10:15:18.890 +05:30 [INF] SmsApi.Middleware.LoggingActionFilter | CorrelationId:be6f3697b0d9476990c90666a3e5d8d3 | API Response: GET /api/school-feature-permissions/stats | Status: 200 | Duration: 97ms
2026-04-22 10:15:18.937 +05:30 [INF] Serilog.AspNetCore.RequestLoggingMiddleware | CorrelationId:be6f3697b0d9476990c90666a3e5d8d3 | HTTP GET /api/school-feature-permissions/stats responded 200 in 154.7713 ms
2026-04-22 10:15:18.939 +05:30 [INF] Serilog.AspNetCore.RequestLoggingMiddleware | CorrelationId:e11f20e6cd2e40baad2d6aa2e2bab9cc | HTTP GET /api/school-feature-permissions/schools responded 200 in 171.0745 ms
2026-04-22 10:15:18.945 +05:30 [INF] SmsApi.Middleware.LoggingActionFilter | CorrelationId:0b22fc2b43c4416d960faff012b2279d | API Request: GET /api/school-feature-permissions/schools | User: Unknown | School: 00000000-0000-0000-0000-000000000001
2026-04-22 10:15:18.945 +05:30 [INF] SmsApi.Middleware.LoggingActionFilter | CorrelationId:34f7213ff0fa4e518024ae091d2ab271 | API Request: GET /api/school-feature-permissions/stats | User: Unknown | School: 00000000-0000-0000-0000-000000000001
2026-04-22 10:15:18.980 +05:30 [INF] Serilog.AspNetCore.RequestLoggingMiddleware | CorrelationId:93665611e78a40bd97d9672adc9da3b6 | HTTP OPTIONS /api/settings/school/me responded 204 in 0.0629 ms
2026-04-22 10:15:18.983 +05:30 [INF] Serilog.AspNetCore.RequestLoggingMiddleware | CorrelationId:741107536c8d4ec6a209d54f7f16a8c7 | HTTP OPTIONS /api/school-feature-permissions/schools/550e8400-e29b-41d4-a716-446655440000 responded 204 in 0.2236 ms
2026-04-22 10:15:19.007 +05:30 [INF] SmsApi.Middleware.LoggingActionFilter | CorrelationId:0b22fc2b43c4416d960faff012b2279d | API Response: GET /api/school-feature-permissions/schools | Status: 200 | Duration: 62ms
2026-04-22 10:15:19.009 +05:30 [INF] SmsApi.Middleware.LoggingActionFilter | CorrelationId:34f7213ff0fa4e518024ae091d2ab271 | API Response: GET /api/school-feature-permissions/stats | Status: 200 | Duration: 64ms
2026-04-22 10:15:19.033 +05:30 [INF] SmsApi.Middleware.LoggingActionFilter | CorrelationId:b3eb47d0581a46c1b4d7bfbd875fe32d | API Request: GET /api/settings/school/me | User: Unknown | School: 00000000-0000-0000-0000-000000000001
2026-04-22 10:15:19.035 +05:30 [INF] SmsApi.Middleware.LoggingActionFilter | CorrelationId:fffc9d509d3640dbbfebd9ef6ff28872 | API Request: GET /api/school-feature-permissions/schools/550e8400-e29b-41d4-a716-446655440000 | User: Unknown | School: 00000000-0000-0000-0000-000000000001
2026-04-22 10:15:19.036 +05:30 [INF] Serilog.AspNetCore.RequestLoggingMiddleware | CorrelationId:0b22fc2b43c4416d960faff012b2279d | HTTP GET /api/school-feature-permissions/schools responded 200 in 92.1700 ms
2026-04-22 10:15:19.040 +05:30 [INF] Serilog.AspNetCore.RequestLoggingMiddleware | CorrelationId:34f7213ff0fa4e518024ae091d2ab271 | HTTP GET /api/school-feature-permissions/stats responded 200 in 95.8903 ms
2026-04-22 10:15:19.046 +05:30 [INF] SmsApi.Middleware.LoggingActionFilter | CorrelationId:b3eb47d0581a46c1b4d7bfbd875fe32d | API Response: GET /api/settings/school/me | Status: 200 | Duration: 13ms
2026-04-22 10:15:19.057 +05:30 [INF] SmsApi.Middleware.LoggingActionFilter | CorrelationId:fffc9d509d3640dbbfebd9ef6ff28872 | API Response: GET /api/school-feature-permissions/schools/550e8400-e29b-41d4-a716-446655440000 | Status: 200 | Duration: 21ms
2026-04-22 10:15:19.064 +05:30 [INF] Serilog.AspNetCore.RequestLoggingMiddleware | CorrelationId:b3eb47d0581a46c1b4d7bfbd875fe32d | HTTP GET /api/settings/school/me responded 200 in 32.4288 ms
2026-04-22 10:15:19.068 +05:30 [INF] Serilog.AspNetCore.RequestLoggingMiddleware | CorrelationId:fffc9d509d3640dbbfebd9ef6ff28872 | HTTP GET /api/school-feature-permissions/schools/550e8400-e29b-41d4-a716-446655440000 responded 200 in 33.5356 ms
2026-04-22 10:15:25.436 +05:30 [INF] Serilog.AspNetCore.RequestLoggingMiddleware | CorrelationId:8c7c4b2b8f1b4941a9167c153eb52f76 | HTTP OPTIONS /api/school-feature-permissions/schools/550e8400-e29b-41d4-a716-446655440000/modules/health responded 204 in 0.2697 ms
2026-04-22 10:15:25.451 +05:30 [INF] SmsApi.Middleware.LoggingActionFilter | CorrelationId:7e886a9bb1d94e5db7f01d1346ec5379 | API Request: PUT /api/school-feature-permissions/schools/550e8400-e29b-41d4-a716-446655440000/modules/health | User: Unknown | School: 00000000-0000-0000-0000-000000000001
2026-04-22 10:15:25.482 +05:30 [INF] SmsApi.Middleware.LoggingActionFilter | CorrelationId:7e886a9bb1d94e5db7f01d1346ec5379 | API Response: PUT /api/school-feature-permissions/schools/550e8400-e29b-41d4-a716-446655440000/modules/health | Status: 200 | Duration: 30ms
2026-04-22 10:15:25.494 +05:30 [INF] Serilog.AspNetCore.RequestLoggingMiddleware | CorrelationId:7e886a9bb1d94e5db7f01d1346ec5379 | HTTP PUT /api/school-feature-permissions/schools/550e8400-e29b-41d4-a716-446655440000/modules/health responded 200 in 50.7004 ms
2026-04-22 10:15:28.510 +05:30 [INF] Serilog.AspNetCore.RequestLoggingMiddleware | CorrelationId:438d01b9863645d590464e1f65a558da | HTTP OPTIONS /api/health/records responded 204 in 0.1237 ms
2026-04-22 10:15:28.511 +05:30 [INF] Serilog.AspNetCore.RequestLoggingMiddleware | CorrelationId:54fdfff252d54e5a84d48539e299ba1d | HTTP OPTIONS /api/health/stats responded 204 in 0.0294 ms
2026-04-22 10:15:28.511 +05:30 [INF] Serilog.AspNetCore.RequestLoggingMiddleware | CorrelationId:3eb50ed9a63d451591e7b9fca2883cd0 | HTTP OPTIONS /api/health/records responded 204 in 0.0177 ms
2026-04-22 10:15:28.511 +05:30 [INF] Serilog.AspNetCore.RequestLoggingMiddleware | CorrelationId:27297c160d334922a2eda876f955a5e8 | HTTP OPTIONS /api/health/stats responded 204 in 0.0067 ms
2026-04-22 10:15:28.549 +05:30 [INF] SmsApi.Middleware.LoggingActionFilter | CorrelationId:b0d2e7992d2d40f5ab2bd4649e80c91a | API Request: GET /api/health/stats | User: Unknown | School: 00000000-0000-0000-0000-000000000001
2026-04-22 10:15:28.558 +05:30 [INF] SmsApi.Middleware.LoggingActionFilter | CorrelationId:43e2e284b95c4fd78659abb3fa892eb3 | API Request: GET /api/health/records | User: Unknown | School: 00000000-0000-0000-0000-000000000001
2026-04-22 10:15:28.582 +05:30 [INF] SmsApi.Middleware.LoggingActionFilter | CorrelationId:b0d2e7992d2d40f5ab2bd4649e80c91a | API Response: GET /api/health/stats | Status: 200 | Duration: 32ms
2026-04-22 10:15:28.586 +05:30 [INF] Serilog.AspNetCore.RequestLoggingMiddleware | CorrelationId:b0d2e7992d2d40f5ab2bd4649e80c91a | HTTP GET /api/health/stats responded 200 in 51.6812 ms
2026-04-22 10:15:28.593 +05:30 [INF] SmsApi.Middleware.LoggingActionFilter | CorrelationId:8e965fdd0a014f3ebbf6afe78afae14f | API Request: GET /api/health/stats | User: Unknown | School: 00000000-0000-0000-0000-000000000001
2026-04-22 10:15:28.609 +05:30 [INF] SmsApi.Middleware.LoggingActionFilter | CorrelationId:8e965fdd0a014f3ebbf6afe78afae14f | API Response: GET /api/health/stats | Status: 200 | Duration: 15ms
2026-04-22 10:15:28.613 +05:30 [INF] Serilog.AspNetCore.RequestLoggingMiddleware | CorrelationId:8e965fdd0a014f3ebbf6afe78afae14f | HTTP GET /api/health/stats responded 200 in 26.1531 ms
2026-04-22 10:15:28.658 +05:30 [INF] SmsApi.Middleware.LoggingActionFilter | CorrelationId:43e2e284b95c4fd78659abb3fa892eb3 | API Response: GET /api/health/records | Status: 200 | Duration: 100ms
2026-04-22 10:15:28.664 +05:30 [INF] Serilog.AspNetCore.RequestLoggingMiddleware | CorrelationId:43e2e284b95c4fd78659abb3fa892eb3 | HTTP GET /api/health/records responded 200 in 134.2297 ms
2026-04-22 10:15:28.672 +05:30 [INF] SmsApi.Middleware.LoggingActionFilter | CorrelationId:2d8e49a57751490bae086d1c3fee3371 | API Request: GET /api/health/records | User: Unknown | School: 00000000-0000-0000-0000-000000000001
2026-04-22 10:15:28.685 +05:30 [INF] SmsApi.Middleware.LoggingActionFilter | CorrelationId:2d8e49a57751490bae086d1c3fee3371 | API Response: GET /api/health/records | Status: 200 | Duration: 12ms
2026-04-22 10:15:28.688 +05:30 [INF] Serilog.AspNetCore.RequestLoggingMiddleware | CorrelationId:2d8e49a57751490bae086d1c3fee3371 | HTTP GET /api/health/records responded 200 in 22.7952 ms
2026-04-22 10:15:31.980 +05:30 [INF] Serilog.AspNetCore.RequestLoggingMiddleware | CorrelationId:ac8c1f8b0aa3407ab5d67e06293b5c2c | HTTP OPTIONS /api/school-feature-permissions/stats responded 204 in 0.0514 ms
2026-04-22 10:15:31.980 +05:30 [INF] Serilog.AspNetCore.RequestLoggingMiddleware | CorrelationId:29adb1c93c104f85ae58aa85f2210bda | HTTP OPTIONS /api/school-feature-permissions/schools/550e8400-e29b-41d4-a716-446655440000 responded 204 in 0.0512 ms
2026-04-22 10:15:31.980 +05:30 [INF] Serilog.AspNetCore.RequestLoggingMiddleware | CorrelationId:1543a7665b0a460b8733650832f4b0c8 | HTTP OPTIONS /api/school-feature-permissions/stats responded 204 in 0.0080 ms
2026-04-22 10:15:31.980 +05:30 [INF] Serilog.AspNetCore.RequestLoggingMiddleware | CorrelationId:1d59c5e6201d41c8b7a10b62af587343 | HTTP OPTIONS /api/school-feature-permissions/schools/550e8400-e29b-41d4-a716-446655440000 responded 204 in 0.0183 ms
2026-04-22 10:15:32.013 +05:30 [INF] SmsApi.Middleware.LoggingActionFilter | CorrelationId:5109b7af50774a3c85a54b3b1d2f4216 | API Request: GET /api/school-feature-permissions/stats | User: Unknown | School: 00000000-0000-0000-0000-000000000001
2026-04-22 10:15:32.023 +05:30 [INF] SmsApi.Middleware.LoggingActionFilter | CorrelationId:02f0acc07cb64820ab876bc0afa607fd | API Request: GET /api/school-feature-permissions/schools/550e8400-e29b-41d4-a716-446655440000 | User: Unknown | School: 00000000-0000-0000-0000-000000000001
2026-04-22 10:15:32.041 +05:30 [INF] SmsApi.Middleware.LoggingActionFilter | CorrelationId:5109b7af50774a3c85a54b3b1d2f4216 | API Response: GET /api/school-feature-permissions/stats | Status: 200 | Duration: 27ms
2026-04-22 10:15:32.047 +05:30 [INF] SmsApi.Middleware.LoggingActionFilter | CorrelationId:02f0acc07cb64820ab876bc0afa607fd | API Response: GET /api/school-feature-permissions/schools/550e8400-e29b-41d4-a716-446655440000 | Status: 200 | Duration: 24ms
2026-04-22 10:15:32.050 +05:30 [INF] Serilog.AspNetCore.RequestLoggingMiddleware | CorrelationId:5109b7af50774a3c85a54b3b1d2f4216 | HTTP GET /api/school-feature-permissions/stats responded 200 in 38.0565 ms
2026-04-22 10:15:32.055 +05:30 [INF] Serilog.AspNetCore.RequestLoggingMiddleware | CorrelationId:02f0acc07cb64820ab876bc0afa607fd | HTTP GET /api/school-feature-permissions/schools/550e8400-e29b-41d4-a716-446655440000 responded 200 in 33.0403 ms
2026-04-22 10:15:32.055 +05:30 [INF] SmsApi.Middleware.LoggingActionFilter | CorrelationId:f987813438cf45789f4f0eba55a67c22 | API Request: GET /api/school-feature-permissions/stats | User: Unknown | School: 00000000-0000-0000-0000-000000000001
2026-04-22 10:15:32.066 +05:30 [INF] SmsApi.Middleware.LoggingActionFilter | CorrelationId:736cc0745c44403189de022cc5ecc9b6 | API Request: GET /api/school-feature-permissions/schools/550e8400-e29b-41d4-a716-446655440000 | User: Unknown | School: 00000000-0000-0000-0000-000000000001
2026-04-22 10:15:32.075 +05:30 [INF] SmsApi.Middleware.LoggingActionFilter | CorrelationId:736cc0745c44403189de022cc5ecc9b6 | API Response: GET /api/school-feature-permissions/schools/550e8400-e29b-41d4-a716-446655440000 | Status: 200 | Duration: 9ms
2026-04-22 10:15:32.078 +05:30 [INF] SmsApi.Middleware.LoggingActionFilter | CorrelationId:f987813438cf45789f4f0eba55a67c22 | API Response: GET /api/school-feature-permissions/stats | Status: 200 | Duration: 22ms
2026-04-22 10:15:32.083 +05:30 [INF] Serilog.AspNetCore.RequestLoggingMiddleware | CorrelationId:f987813438cf45789f4f0eba55a67c22 | HTTP GET /api/school-feature-permissions/stats responded 200 in 28.3382 ms
2026-04-22 10:15:32.083 +05:30 [INF] Serilog.AspNetCore.RequestLoggingMiddleware | CorrelationId:736cc0745c44403189de022cc5ecc9b6 | HTTP GET /api/school-feature-permissions/schools/550e8400-e29b-41d4-a716-446655440000 responded 200 in 17.5887 ms
2026-04-22 10:15:34.504 +05:30 [INF] Serilog.AspNetCore.RequestLoggingMiddleware | CorrelationId:65a780e18c3049c8ba267aafc5198617 | HTTP GET /api/school-feature-permissions/stats responded 401 in 0.4852 ms
2026-04-22 10:15:34.678 +05:30 [INF] Serilog.AspNetCore.RequestLoggingMiddleware | CorrelationId:19076d1fd55b4dafa473847da82368ff | HTTP OPTIONS /api/academics/academic-years responded 204 in 0.0436 ms
2026-04-22 10:15:34.678 +05:30 [INF] Serilog.AspNetCore.RequestLoggingMiddleware | CorrelationId:77477228223747078fdef6f6fe93adbe | HTTP OPTIONS /api/academics/academic-years responded 204 in 0.0511 ms
2026-04-22 10:15:34.683 +05:30 [INF] Serilog.AspNetCore.RequestLoggingMiddleware | CorrelationId:7fdaa44c293e42ba82d214d3241f365b | HTTP GET /api/academics/academic-years responded 401 in 0.3120 ms
2026-04-22 10:15:34.736 +05:30 [INF] Serilog.AspNetCore.RequestLoggingMiddleware | CorrelationId:fc33ed9141b649f6b3ce637c20f5c4f0 | HTTP GET /api/academics/academic-years responded 401 in 0.1530 ms
2026-04-22 10:15:37.458 +05:30 [INF] Serilog.AspNetCore.RequestLoggingMiddleware | CorrelationId:ad0aae7d62294c73bb332d596fc72755 | HTTP OPTIONS /api/auth/login responded 204 in 0.0723 ms
2026-04-22 10:15:37.472 +05:30 [INF] SmsApi.Middleware.LoggingActionFilter | CorrelationId:919fc1a14d2c4b48b09e92b52a4e16a8 | API Request: POST /api/auth/login | User: Unknown | School: Unknown
2026-04-22 10:15:37.936 +05:30 [INF] SmsApi.Controllers.AuthController | CorrelationId:919fc1a14d2c4b48b09e92b52a4e16a8 | Login successful for admin (SchoolId: "550e8400-e29b-41d4-a716-446655440000")
2026-04-22 10:15:37.942 +05:30 [INF] SmsApi.Middleware.LoggingActionFilter | CorrelationId:919fc1a14d2c4b48b09e92b52a4e16a8 | API Response: POST /api/auth/login | Status: 200 | Duration: 470ms
2026-04-22 10:15:37.956 +05:30 [INF] Serilog.AspNetCore.RequestLoggingMiddleware | CorrelationId:919fc1a14d2c4b48b09e92b52a4e16a8 | HTTP POST /api/auth/login responded 200 in 487.3180 ms
2026-04-22 10:15:38.001 +05:30 [INF] Serilog.AspNetCore.RequestLoggingMiddleware | CorrelationId:41af58ae9aca4896ac7c659fa781b249 | HTTP OPTIONS /api/settings/school/me responded 204 in 0.0513 ms
2026-04-22 10:15:38.049 +05:30 [INF] Serilog.AspNetCore.RequestLoggingMiddleware | CorrelationId:1edc3295ac1e425b9060878793a43ab6 | HTTP OPTIONS /api/school-feature-permissions/schools/550e8400-e29b-41d4-a716-446655440000 responded 204 in 0.0454 ms
2026-04-22 10:15:38.165 +05:30 [INF] Serilog.AspNetCore.RequestLoggingMiddleware | CorrelationId:0a47d48dd7fc404389092ff88b4829d7 | HTTP OPTIONS /api/academics/academic-years responded 204 in 0.0832 ms
2026-04-22 10:15:38.165 +05:30 [INF] Serilog.AspNetCore.RequestLoggingMiddleware | CorrelationId:4c5a54dfc75840f4843af7c69a747d1e | HTTP OPTIONS /api/academics/academic-years responded 204 in 0.0354 ms
2026-04-22 10:15:38.169 +05:30 [INF] SmsApi.Middleware.LoggingActionFilter | CorrelationId:94237d542ff74e46acd0eb3f3a1e1d49 | API Request: GET /api/school-feature-permissions/schools/550e8400-e29b-41d4-a716-446655440000 | User: Unknown | School: 550e8400-e29b-41d4-a716-446655440000
2026-04-22 10:15:38.170 +05:30 [INF] SmsApi.Middleware.LoggingActionFilter | CorrelationId:7165a57fe2fb4000b9f3c176839c3784 | API Request: GET /api/settings/school/me | User: Unknown | School: 550e8400-e29b-41d4-a716-446655440000
2026-04-22 10:15:38.180 +05:30 [INF] SmsApi.Middleware.LoggingActionFilter | CorrelationId:727b82eca11e40db9502183660073cb1 | API Request: GET /api/academics/academic-years | User: Unknown | School: 550e8400-e29b-41d4-a716-446655440000
2026-04-22 10:15:38.245 +05:30 [INF] SmsApi.Middleware.LoggingActionFilter | CorrelationId:7165a57fe2fb4000b9f3c176839c3784 | API Response: GET /api/settings/school/me | Status: 200 | Duration: 74ms
2026-04-22 10:15:38.228 +05:30 [INF] Serilog.AspNetCore.RequestLoggingMiddleware | CorrelationId:6b4a0b92afb84930b7a23f395413f024 | HTTP OPTIONS /api/notifications/unread-count responded 204 in 0.0435 ms
2026-04-22 10:15:38.229 +05:30 [INF] SmsApi.Middleware.LoggingActionFilter | CorrelationId:94237d542ff74e46acd0eb3f3a1e1d49 | API Response: GET /api/school-feature-permissions/schools/550e8400-e29b-41d4-a716-446655440000 | Status: 200 | Duration: 60ms
2026-04-22 10:15:38.229 +05:30 [INF] Serilog.AspNetCore.RequestLoggingMiddleware | CorrelationId:7b63fd4da2a446f8a2c2b47ae31e765b | HTTP OPTIONS /api/analytics/dashboard/summary responded 204 in 0.0245 ms
2026-04-22 10:15:38.230 +05:30 [INF] Serilog.AspNetCore.RequestLoggingMiddleware | CorrelationId:0763472ed7364c2b83676e0164cde054 | HTTP OPTIONS /api/analytics/dashboard/summary responded 204 in 0.0156 ms
2026-04-22 10:15:38.252 +05:30 [INF] SmsApi.Middleware.LoggingActionFilter | CorrelationId:727b82eca11e40db9502183660073cb1 | API Response: GET /api/academics/academic-years | Status: 200 | Duration: 71ms
2026-04-22 10:15:38.254 +05:30 [INF] Serilog.AspNetCore.RequestLoggingMiddleware | CorrelationId:7165a57fe2fb4000b9f3c176839c3784 | HTTP GET /api/settings/school/me responded 200 in 84.3668 ms
2026-04-22 10:15:38.258 +05:30 [INF] Serilog.AspNetCore.RequestLoggingMiddleware | CorrelationId:94237d542ff74e46acd0eb3f3a1e1d49 | HTTP GET /api/school-feature-permissions/schools/550e8400-e29b-41d4-a716-446655440000 responded 200 in 91.8705 ms
2026-04-22 10:15:38.258 +05:30 [INF] SmsApi.Middleware.LoggingActionFilter | CorrelationId:4cd510fba328414b9b4806f77f4dc952 | API Request: GET /api/notifications/unread-count | User: Unknown | School: 550e8400-e29b-41d4-a716-446655440000
2026-04-22 10:15:38.269 +05:30 [INF] Serilog.AspNetCore.RequestLoggingMiddleware | CorrelationId:727b82eca11e40db9502183660073cb1 | HTTP GET /api/academics/academic-years responded 200 in 90.9945 ms
2026-04-22 10:15:38.269 +05:30 [INF] SmsApi.Middleware.LoggingActionFilter | CorrelationId:fa72d0d875924acbae30aa9f4239c337 | API Request: GET /api/analytics/dashboard/summary | User: Unknown | School: 550e8400-e29b-41d4-a716-446655440000
2026-04-22 10:15:38.274 +05:30 [INF] SmsApi.Middleware.LoggingActionFilter | CorrelationId:23876e87018e4331843bf47272a3ca5c | API Request: GET /api/academics/academic-years | User: Unknown | School: 550e8400-e29b-41d4-a716-446655440000
2026-04-22 10:15:38.284 +05:30 [INF] SmsApi.Middleware.LoggingActionFilter | CorrelationId:4cd510fba328414b9b4806f77f4dc952 | API Response: GET /api/notifications/unread-count | Status: 200 | Duration: 25ms
2026-04-22 10:15:38.293 +05:30 [INF] SmsApi.Middleware.LoggingActionFilter | CorrelationId:fa72d0d875924acbae30aa9f4239c337 | API Response: GET /api/analytics/dashboard/summary | Status: 200 | Duration: 23ms
2026-04-22 10:15:38.298 +05:30 [INF] Serilog.AspNetCore.RequestLoggingMiddleware | CorrelationId:4cd510fba328414b9b4806f77f4dc952 | HTTP GET /api/notifications/unread-count responded 200 in 42.0023 ms
2026-04-22 10:15:38.301 +05:30 [INF] Serilog.AspNetCore.RequestLoggingMiddleware | CorrelationId:fa72d0d875924acbae30aa9f4239c337 | HTTP GET /api/analytics/dashboard/summary responded 200 in 36.7010 ms
2026-04-22 10:15:38.303 +05:30 [INF] SmsApi.Middleware.LoggingActionFilter | CorrelationId:23876e87018e4331843bf47272a3ca5c | API Response: GET /api/academics/academic-years | Status: 200 | Duration: 29ms
2026-04-22 10:15:38.311 +05:30 [INF] SmsApi.Middleware.LoggingActionFilter | CorrelationId:c632af608ae04feab7e74daf434a0d7b | API Request: GET /api/analytics/dashboard/summary | User: Unknown | School: 550e8400-e29b-41d4-a716-446655440000
2026-04-22 10:15:38.317 +05:30 [INF] Serilog.AspNetCore.RequestLoggingMiddleware | CorrelationId:23876e87018e4331843bf47272a3ca5c | HTTP GET /api/academics/academic-years responded 200 in 45.4811 ms
2026-04-22 10:15:38.323 +05:30 [INF] SmsApi.Middleware.LoggingActionFilter | CorrelationId:c632af608ae04feab7e74daf434a0d7b | API Response: GET /api/analytics/dashboard/summary | Status: 200 | Duration: 13ms
2026-04-22 10:15:38.358 +05:30 [INF] Serilog.AspNetCore.RequestLoggingMiddleware | CorrelationId:c632af608ae04feab7e74daf434a0d7b | HTTP GET /api/analytics/dashboard/summary responded 200 in 52.9380 ms
2026-04-22 10:15:54.488 +05:30 [INF] Serilog.AspNetCore.RequestLoggingMiddleware | CorrelationId:870b434388a8440fbf1506cb91c2009d | HTTP OPTIONS /api/visitor/stats responded 204 in 0.0998 ms
2026-04-22 10:15:54.488 +05:30 [INF] Serilog.AspNetCore.RequestLoggingMiddleware | CorrelationId:46092c0441b145a1bc2b7365ce8f95da | HTTP OPTIONS /api/visitor/currently-inside responded 204 in 0.1092 ms
2026-04-22 10:15:54.489 +05:30 [INF] Serilog.AspNetCore.RequestLoggingMiddleware | CorrelationId:fd2e4abc1d6949e6a22a78450589c15c | HTTP OPTIONS /api/visitor/today responded 204 in 0.0063 ms
2026-04-22 10:15:54.489 +05:30 [INF] Serilog.AspNetCore.RequestLoggingMiddleware | CorrelationId:584f8c76687849fb92905a904d9d388f | HTTP OPTIONS /api/visitor/currently-inside responded 204 in 0.0072 ms
2026-04-22 10:15:54.489 +05:30 [INF] Serilog.AspNetCore.RequestLoggingMiddleware | CorrelationId:e78260e5882b47a19bbd4d842ae82ef6 | HTTP OPTIONS /api/visitor/today responded 204 in 0.0050 ms
2026-04-22 10:15:54.489 +05:30 [INF] Serilog.AspNetCore.RequestLoggingMiddleware | CorrelationId:a4a1d978b99c4261ba03bed667e13d5e | HTTP OPTIONS /api/visitor/stats responded 204 in 0.0032 ms
2026-04-22 10:15:54.542 +05:30 [INF] SmsApi.Middleware.LoggingActionFilter | CorrelationId:c2e0cee718ab4901b65380b1361fd744 | API Request: GET /api/visitor/currently-inside | User: Unknown | School: 550e8400-e29b-41d4-a716-446655440000
2026-04-22 10:15:54.542 +05:30 [INF] SmsApi.Middleware.LoggingActionFilter | CorrelationId:af457c5c23244ce78197693d1f3bf864 | API Request: GET /api/visitor/stats | User: Unknown | School: 550e8400-e29b-41d4-a716-446655440000
2026-04-22 10:15:54.556 +05:30 [INF] SmsApi.Middleware.LoggingActionFilter | CorrelationId:7779fcd1f26545dd903b43a8342b0b16 | API Request: GET /api/visitor/today | User: Unknown | School: 550e8400-e29b-41d4-a716-446655440000
2026-04-22 10:15:54.595 +05:30 [INF] SmsApi.Middleware.LoggingActionFilter | CorrelationId:af457c5c23244ce78197693d1f3bf864 | API Response: GET /api/visitor/stats | Status: 200 | Duration: 52ms
2026-04-22 10:15:54.608 +05:30 [INF] SmsApi.Middleware.LoggingActionFilter | CorrelationId:7779fcd1f26545dd903b43a8342b0b16 | API Response: GET /api/visitor/today | Status: 200 | Duration: 52ms
2026-04-22 10:15:54.609 +05:30 [INF] SmsApi.Middleware.LoggingActionFilter | CorrelationId:c2e0cee718ab4901b65380b1361fd744 | API Response: GET /api/visitor/currently-inside | Status: 200 | Duration: 66ms
2026-04-22 10:15:54.621 +05:30 [INF] Serilog.AspNetCore.RequestLoggingMiddleware | CorrelationId:c2e0cee718ab4901b65380b1361fd744 | HTTP GET /api/visitor/currently-inside responded 200 in 90.5836 ms
2026-04-22 10:15:54.621 +05:30 [INF] Serilog.AspNetCore.RequestLoggingMiddleware | CorrelationId:7779fcd1f26545dd903b43a8342b0b16 | HTTP GET /api/visitor/today responded 200 in 79.3003 ms
2026-04-22 10:15:54.624 +05:30 [INF] SmsApi.Middleware.LoggingActionFilter | CorrelationId:b420c2dc30e04de8a5694df96e20a31d | API Request: GET /api/visitor/today | User: Unknown | School: 550e8400-e29b-41d4-a716-446655440000
2026-04-22 10:15:54.624 +05:30 [INF] SmsApi.Middleware.LoggingActionFilter | CorrelationId:fbf54c63cc2e406e9bf9e56c1e58ff1a | API Request: GET /api/visitor/currently-inside | User: Unknown | School: 550e8400-e29b-41d4-a716-446655440000
2026-04-22 10:15:54.631 +05:30 [INF] Serilog.AspNetCore.RequestLoggingMiddleware | CorrelationId:af457c5c23244ce78197693d1f3bf864 | HTTP GET /api/visitor/stats responded 200 in 101.0216 ms
2026-04-22 10:15:54.633 +05:30 [INF] SmsApi.Middleware.LoggingActionFilter | CorrelationId:e203211820a4416e864c5684dc177fac | API Request: GET /api/visitor/stats | User: Unknown | School: 550e8400-e29b-41d4-a716-446655440000
2026-04-22 10:15:54.645 +05:30 [INF] SmsApi.Middleware.LoggingActionFilter | CorrelationId:b420c2dc30e04de8a5694df96e20a31d | API Response: GET /api/visitor/today | Status: 200 | Duration: 20ms
2026-04-22 10:15:54.650 +05:30 [INF] SmsApi.Middleware.LoggingActionFilter | CorrelationId:fbf54c63cc2e406e9bf9e56c1e58ff1a | API Response: GET /api/visitor/currently-inside | Status: 200 | Duration: 26ms
2026-04-22 10:15:54.657 +05:30 [INF] Serilog.AspNetCore.RequestLoggingMiddleware | CorrelationId:b420c2dc30e04de8a5694df96e20a31d | HTTP GET /api/visitor/today responded 200 in 33.0877 ms
2026-04-22 10:15:54.657 +05:30 [INF] SmsApi.Middleware.LoggingActionFilter | CorrelationId:e203211820a4416e864c5684dc177fac | API Response: GET /api/visitor/stats | Status: 200 | Duration: 23ms
2026-04-22 10:15:54.662 +05:30 [INF] Serilog.AspNetCore.RequestLoggingMiddleware | CorrelationId:fbf54c63cc2e406e9bf9e56c1e58ff1a | HTTP GET /api/visitor/currently-inside responded 200 in 38.9925 ms
2026-04-22 10:15:54.670 +05:30 [INF] Serilog.AspNetCore.RequestLoggingMiddleware | CorrelationId:e203211820a4416e864c5684dc177fac | HTTP GET /api/visitor/stats responded 200 in 36.9619 ms
2026-04-22 10:16:08.321 +05:30 [INF] Serilog.AspNetCore.RequestLoggingMiddleware | CorrelationId:a74b8584c7c54201bc1a7d282c0c244f | HTTP OPTIONS /api/notifications/unread-count responded 204 in 0.1232 ms
2026-04-22 10:16:08.348 +05:30 [INF] SmsApi.Middleware.LoggingActionFilter | CorrelationId:d8bc1be5f69146339b3e779601993d39 | API Request: GET /api/notifications/unread-count | User: Unknown | School: 550e8400-e29b-41d4-a716-446655440000
2026-04-22 10:16:08.358 +05:30 [INF] SmsApi.Middleware.LoggingActionFilter | CorrelationId:d8bc1be5f69146339b3e779601993d39 | API Response: GET /api/notifications/unread-count | Status: 200 | Duration: 10ms
2026-04-22 10:16:08.366 +05:30 [INF] Serilog.AspNetCore.RequestLoggingMiddleware | CorrelationId:d8bc1be5f69146339b3e779601993d39 | HTTP GET /api/notifications/unread-count responded 200 in 19.9073 ms
2026-04-22 10:16:38.387 +05:30 [INF] Serilog.AspNetCore.RequestLoggingMiddleware | CorrelationId:4c8fb14012d04c0591390baf6d5d7335 | HTTP OPTIONS /api/notifications/unread-count responded 204 in 0.1909 ms
2026-04-22 10:16:38.398 +05:30 [INF] SmsApi.Middleware.LoggingActionFilter | CorrelationId:f2d41fa8cae244a1bdbed2f186dbc6a1 | API Request: GET /api/notifications/unread-count | User: Unknown | School: 550e8400-e29b-41d4-a716-446655440000
2026-04-22 10:16:38.409 +05:30 [INF] SmsApi.Middleware.LoggingActionFilter | CorrelationId:f2d41fa8cae244a1bdbed2f186dbc6a1 | API Response: GET /api/notifications/unread-count | Status: 200 | Duration: 11ms
2026-04-22 10:16:38.416 +05:30 [INF] Serilog.AspNetCore.RequestLoggingMiddleware | CorrelationId:f2d41fa8cae244a1bdbed2f186dbc6a1 | HTTP GET /api/notifications/unread-count responded 200 in 18.5991 ms
2026-04-22 10:17:08.431 +05:30 [INF] Serilog.AspNetCore.RequestLoggingMiddleware | CorrelationId:0e029398628842e08862dcf90c85056b | HTTP OPTIONS /api/notifications/unread-count responded 204 in 0.0836 ms
2026-04-22 10:17:08.445 +05:30 [INF] SmsApi.Middleware.LoggingActionFilter | CorrelationId:d253f645264a4b089e256eb34f517c6b | API Request: GET /api/notifications/unread-count | User: Unknown | School: 550e8400-e29b-41d4-a716-446655440000
2026-04-22 10:17:08.459 +05:30 [INF] SmsApi.Middleware.LoggingActionFilter | CorrelationId:d253f645264a4b089e256eb34f517c6b | API Response: GET /api/notifications/unread-count | Status: 200 | Duration: 14ms
2026-04-22 10:17:08.468 +05:30 [INF] Serilog.AspNetCore.RequestLoggingMiddleware | CorrelationId:d253f645264a4b089e256eb34f517c6b | HTTP GET /api/notifications/unread-count responded 200 in 23.9195 ms
2026-04-22 10:17:38.487 +05:30 [INF] Serilog.AspNetCore.RequestLoggingMiddleware | CorrelationId:c0ca32ef1e49497aac1f9866155ed616 | HTTP OPTIONS /api/notifications/unread-count responded 204 in 0.1773 ms
2026-04-22 10:17:38.499 +05:30 [INF] SmsApi.Middleware.LoggingActionFilter | CorrelationId:97ebbb0f9d48454a9f28e3a36547df9e | API Request: GET /api/notifications/unread-count | User: Unknown | School: 550e8400-e29b-41d4-a716-446655440000
2026-04-22 10:17:38.507 +05:30 [INF] SmsApi.Middleware.LoggingActionFilter | CorrelationId:97ebbb0f9d48454a9f28e3a36547df9e | API Response: GET /api/notifications/unread-count | Status: 200 | Duration: 8ms
2026-04-22 10:17:38.511 +05:30 [INF] Serilog.AspNetCore.RequestLoggingMiddleware | CorrelationId:97ebbb0f9d48454a9f28e3a36547df9e | HTTP GET /api/notifications/unread-count responded 200 in 14.4347 ms
2026-04-22 10:18:08.533 +05:30 [INF] Serilog.AspNetCore.RequestLoggingMiddleware | CorrelationId:1f689044061646f3878240780ddb11e5 | HTTP OPTIONS /api/notifications/unread-count responded 204 in 0.1825 ms
2026-04-22 10:18:08.560 +05:30 [INF] SmsApi.Middleware.LoggingActionFilter | CorrelationId:7b253a52e2ca4b559e60c5f686a6c97d | API Request: GET /api/notifications/unread-count | User: Unknown | School: 550e8400-e29b-41d4-a716-446655440000
2026-04-22 10:18:08.642 +05:30 [INF] SmsApi.Middleware.LoggingActionFilter | CorrelationId:7b253a52e2ca4b559e60c5f686a6c97d | API Response: GET /api/notifications/unread-count | Status: 200 | Duration: 82ms
2026-04-22 10:18:08.644 +05:30 [INF] Serilog.AspNetCore.RequestLoggingMiddleware | CorrelationId:7b253a52e2ca4b559e60c5f686a6c97d | HTTP GET /api/notifications/unread-count responded 200 in 85.0700 ms
2026-04-22 10:18:38.661 +05:30 [INF] Serilog.AspNetCore.RequestLoggingMiddleware | CorrelationId:ded1d962de144a4aaf2d11579c0748c6 | HTTP OPTIONS /api/notifications/unread-count responded 204 in 0.0942 ms
2026-04-22 10:18:38.669 +05:30 [INF] SmsApi.Middleware.LoggingActionFilter | CorrelationId:09d0fd5e68b6487c854be6eef092afcd | API Request: GET /api/notifications/unread-count | User: Unknown | School: 550e8400-e29b-41d4-a716-446655440000
2026-04-22 10:18:38.674 +05:30 [INF] SmsApi.Middleware.LoggingActionFilter | CorrelationId:09d0fd5e68b6487c854be6eef092afcd | API Response: GET /api/notifications/unread-count | Status: 200 | Duration: 5ms
2026-04-22 10:18:38.679 +05:30 [INF] Serilog.AspNetCore.RequestLoggingMiddleware | CorrelationId:09d0fd5e68b6487c854be6eef092afcd | HTTP GET /api/notifications/unread-count responded 200 in 11.1288 ms
2026-04-22 10:19:08.705 +05:30 [INF] Serilog.AspNetCore.RequestLoggingMiddleware | CorrelationId:8af6ac4d1fa244b98981f1a86ef16249 | HTTP OPTIONS /api/notifications/unread-count responded 204 in 0.0672 ms
2026-04-22 10:19:08.966 +05:30 [INF] SmsApi.Middleware.LoggingActionFilter | CorrelationId:6ab02b08972946d1bc942e7132527600 | API Request: GET /api/notifications/unread-count | User: Unknown | School: 550e8400-e29b-41d4-a716-446655440000
2026-04-22 10:19:08.973 +05:30 [INF] SmsApi.Middleware.LoggingActionFilter | CorrelationId:6ab02b08972946d1bc942e7132527600 | API Response: GET /api/notifications/unread-count | Status: 200 | Duration: 7ms
2026-04-22 10:19:08.981 +05:30 [INF] Serilog.AspNetCore.RequestLoggingMiddleware | CorrelationId:6ab02b08972946d1bc942e7132527600 | HTTP GET /api/notifications/unread-count responded 200 in 14.9620 ms
2026-04-22 10:19:38.991 +05:30 [INF] Serilog.AspNetCore.RequestLoggingMiddleware | CorrelationId:eeeb6a39175f4c59b7bb4f5a161ca66a | HTTP OPTIONS /api/notifications/unread-count responded 204 in 0.0533 ms
2026-04-22 10:19:39.024 +05:30 [INF] SmsApi.Middleware.LoggingActionFilter | CorrelationId:e5d62808e4e34c32b64634f86ee8302c | API Request: GET /api/notifications/unread-count | User: Unknown | School: 550e8400-e29b-41d4-a716-446655440000
2026-04-22 10:19:39.041 +05:30 [INF] SmsApi.Middleware.LoggingActionFilter | CorrelationId:e5d62808e4e34c32b64634f86ee8302c | API Response: GET /api/notifications/unread-count | Status: 200 | Duration: 17ms
2026-04-22 10:19:39.075 +05:30 [INF] Serilog.AspNetCore.RequestLoggingMiddleware | CorrelationId:e5d62808e4e34c32b64634f86ee8302c | HTTP GET /api/notifications/unread-count responded 200 in 52.0333 ms
2026-04-22 10:20:09.138 +05:30 [INF] Serilog.AspNetCore.RequestLoggingMiddleware | CorrelationId:9491002ab8d042079d0695e127e55e22 | HTTP OPTIONS /api/notifications/unread-count responded 204 in 0.0923 ms
2026-04-22 10:20:09.212 +05:30 [INF] SmsApi.Middleware.LoggingActionFilter | CorrelationId:2d58a97e91f94583ad701b380845c665 | API Request: GET /api/notifications/unread-count | User: Unknown | School: 550e8400-e29b-41d4-a716-446655440000
2026-04-22 10:20:09.264 +05:30 [INF] SmsApi.Middleware.LoggingActionFilter | CorrelationId:2d58a97e91f94583ad701b380845c665 | API Response: GET /api/notifications/unread-count | Status: 200 | Duration: 52ms
2026-04-22 10:20:09.307 +05:30 [INF] Serilog.AspNetCore.RequestLoggingMiddleware | CorrelationId:2d58a97e91f94583ad701b380845c665 | HTTP GET /api/notifications/unread-count responded 200 in 97.7502 ms
2026-04-22 10:20:39.372 +05:30 [INF] Serilog.AspNetCore.RequestLoggingMiddleware | CorrelationId:76188ac2d321498c986703b03af29ae9 | HTTP OPTIONS /api/notifications/unread-count responded 204 in 0.1296 ms
2026-04-22 10:20:39.378 +05:30 [INF] SmsApi.Middleware.LoggingActionFilter | CorrelationId:7615f898bc4d48b39bf7a6059b817dee | API Request: GET /api/notifications/unread-count | User: Unknown | School: 550e8400-e29b-41d4-a716-446655440000
2026-04-22 10:20:39.383 +05:30 [INF] SmsApi.Middleware.LoggingActionFilter | CorrelationId:7615f898bc4d48b39bf7a6059b817dee | API Response: GET /api/notifications/unread-count | Status: 200 | Duration: 4ms
2026-04-22 10:20:39.386 +05:30 [INF] Serilog.AspNetCore.RequestLoggingMiddleware | CorrelationId:7615f898bc4d48b39bf7a6059b817dee | HTTP GET /api/notifications/unread-count responded 200 in 9.1458 ms
2026-04-22 10:21:09.395 +05:30 [INF] Serilog.AspNetCore.RequestLoggingMiddleware | CorrelationId:7c039da1ffa44728ba6b364ff946e63c | HTTP OPTIONS /api/notifications/unread-count responded 204 in 0.0694 ms
2026-04-22 10:21:09.400 +05:30 [INF] SmsApi.Middleware.LoggingActionFilter | CorrelationId:8272be23ed974a7cbcd12de395852080 | API Request: GET /api/notifications/unread-count | User: Unknown | School: 550e8400-e29b-41d4-a716-446655440000
2026-04-22 10:21:09.404 +05:30 [INF] SmsApi.Middleware.LoggingActionFilter | CorrelationId:8272be23ed974a7cbcd12de395852080 | API Response: GET /api/notifications/unread-count | Status: 200 | Duration: 4ms
2026-04-22 10:21:09.409 +05:30 [INF] Serilog.AspNetCore.RequestLoggingMiddleware | CorrelationId:8272be23ed974a7cbcd12de395852080 | HTTP GET /api/notifications/unread-count responded 200 in 10.5536 ms
2026-04-22 10:21:39.433 +05:30 [INF] Serilog.AspNetCore.RequestLoggingMiddleware | CorrelationId:3e1922c58f9f45f9b05fb49777cd5cf7 | HTTP OPTIONS /api/notifications/unread-count responded 204 in 0.1067 ms
2026-04-22 10:21:39.438 +05:30 [INF] SmsApi.Middleware.LoggingActionFilter | CorrelationId:ac6e4bb3766a43a78d50851f9b29aa72 | API Request: GET /api/notifications/unread-count | User: Unknown | School: 550e8400-e29b-41d4-a716-446655440000
2026-04-22 10:21:39.442 +05:30 [INF] SmsApi.Middleware.LoggingActionFilter | CorrelationId:ac6e4bb3766a43a78d50851f9b29aa72 | API Response: GET /api/notifications/unread-count | Status: 200 | Duration: 3ms
2026-04-22 10:21:39.447 +05:30 [INF] Serilog.AspNetCore.RequestLoggingMiddleware | CorrelationId:ac6e4bb3766a43a78d50851f9b29aa72 | HTTP GET /api/notifications/unread-count responded 200 in 9.7343 ms
2026-04-22 10:22:09.456 +05:30 [INF] Serilog.AspNetCore.RequestLoggingMiddleware | CorrelationId:10c1cbdcad3143bfa75ccb0b42851617 | HTTP OPTIONS /api/notifications/unread-count responded 204 in 0.0679 ms
2026-04-22 10:22:09.461 +05:30 [INF] SmsApi.Middleware.LoggingActionFilter | CorrelationId:bde981311c724579beecb13690b3b4f3 | API Request: GET /api/notifications/unread-count | User: Unknown | School: 550e8400-e29b-41d4-a716-446655440000
2026-04-22 10:22:09.466 +05:30 [INF] SmsApi.Middleware.LoggingActionFilter | CorrelationId:bde981311c724579beecb13690b3b4f3 | API Response: GET /api/notifications/unread-count | Status: 200 | Duration: 4ms
2026-04-22 10:22:09.471 +05:30 [INF] Serilog.AspNetCore.RequestLoggingMiddleware | CorrelationId:bde981311c724579beecb13690b3b4f3 | HTTP GET /api/notifications/unread-count responded 200 in 10.4023 ms
2026-04-22 10:22:39.480 +05:30 [INF] Serilog.AspNetCore.RequestLoggingMiddleware | CorrelationId:313be69d8f1d47fbadb9ba6a33f4aead | HTTP OPTIONS /api/notifications/unread-count responded 204 in 0.0364 ms
2026-04-22 10:22:39.485 +05:30 [INF] SmsApi.Middleware.LoggingActionFilter | CorrelationId:e190cd0d573c45a6be084b2986efa9c7 | API Request: GET /api/notifications/unread-count | User: Unknown | School: 550e8400-e29b-41d4-a716-446655440000
2026-04-22 10:22:39.492 +05:30 [INF] SmsApi.Middleware.LoggingActionFilter | CorrelationId:e190cd0d573c45a6be084b2986efa9c7 | API Response: GET /api/notifications/unread-count | Status: 200 | Duration: 6ms
2026-04-22 10:22:39.505 +05:30 [INF] Serilog.AspNetCore.RequestLoggingMiddleware | CorrelationId:e190cd0d573c45a6be084b2986efa9c7 | HTTP GET /api/notifications/unread-count responded 200 in 20.4919 ms
2026-04-22 10:23:09.518 +05:30 [INF] Serilog.AspNetCore.RequestLoggingMiddleware | CorrelationId:585cd271a8c8435b83caa52cd2c4edfc | HTTP OPTIONS /api/notifications/unread-count responded 204 in 0.0638 ms
2026-04-22 10:23:09.522 +05:30 [INF] SmsApi.Middleware.LoggingActionFilter | CorrelationId:a514b5404f4442909e5d9b8df5e4aa78 | API Request: GET /api/notifications/unread-count | User: Unknown | School: 550e8400-e29b-41d4-a716-446655440000
2026-04-22 10:23:09.586 +05:30 [INF] SmsApi.Middleware.LoggingActionFilter | CorrelationId:a514b5404f4442909e5d9b8df5e4aa78 | API Response: GET /api/notifications/unread-count | Status: 200 | Duration: 63ms
2026-04-22 10:23:09.588 +05:30 [INF] Serilog.AspNetCore.RequestLoggingMiddleware | CorrelationId:a514b5404f4442909e5d9b8df5e4aa78 | HTTP GET /api/notifications/unread-count responded 200 in 66.1602 ms
2026-04-22 10:23:39.599 +05:30 [INF] Serilog.AspNetCore.RequestLoggingMiddleware | CorrelationId:36aebe27025d493080b415fc177e4f28 | HTTP OPTIONS /api/notifications/unread-count responded 204 in 0.1170 ms
2026-04-22 10:23:39.610 +05:30 [INF] SmsApi.Middleware.LoggingActionFilter | CorrelationId:46a019e4ea5d4571b2fe0ffc3f78b342 | API Request: GET /api/notifications/unread-count | User: Unknown | School: 550e8400-e29b-41d4-a716-446655440000
2026-04-22 10:23:39.619 +05:30 [INF] SmsApi.Middleware.LoggingActionFilter | CorrelationId:46a019e4ea5d4571b2fe0ffc3f78b342 | API Response: GET /api/notifications/unread-count | Status: 200 | Duration: 9ms
2026-04-22 10:23:39.627 +05:30 [INF] Serilog.AspNetCore.RequestLoggingMiddleware | CorrelationId:46a019e4ea5d4571b2fe0ffc3f78b342 | HTTP GET /api/notifications/unread-count responded 200 in 18.4858 ms
2026-04-22 10:24:09.648 +05:30 [INF] Serilog.AspNetCore.RequestLoggingMiddleware | CorrelationId:a8c6f297237a4775b342b33325498459 | HTTP OPTIONS /api/notifications/unread-count responded 204 in 0.0995 ms
2026-04-22 10:24:09.653 +05:30 [INF] SmsApi.Middleware.LoggingActionFilter | CorrelationId:8755113b2da54c41bb4e7139f3454d69 | API Request: GET /api/notifications/unread-count | User: Unknown | School: 550e8400-e29b-41d4-a716-446655440000
2026-04-22 10:24:09.666 +05:30 [INF] SmsApi.Middleware.LoggingActionFilter | CorrelationId:8755113b2da54c41bb4e7139f3454d69 | API Response: GET /api/notifications/unread-count | Status: 200 | Duration: 12ms
2026-04-22 10:24:09.677 +05:30 [INF] Serilog.AspNetCore.RequestLoggingMiddleware | CorrelationId:8755113b2da54c41bb4e7139f3454d69 | HTTP GET /api/notifications/unread-count responded 200 in 24.9486 ms
2026-04-22 10:24:39.711 +05:30 [INF] Serilog.AspNetCore.RequestLoggingMiddleware | CorrelationId:51fff6be068b4960b1d08bbe1f4765da | HTTP OPTIONS /api/notifications/unread-count responded 204 in 0.0856 ms
2026-04-22 10:24:39.725 +05:30 [INF] SmsApi.Middleware.LoggingActionFilter | CorrelationId:d32ded1bf927472e9da6d27324ac53df | API Request: GET /api/notifications/unread-count | User: Unknown | School: 550e8400-e29b-41d4-a716-446655440000
2026-04-22 10:24:39.731 +05:30 [INF] SmsApi.Middleware.LoggingActionFilter | CorrelationId:d32ded1bf927472e9da6d27324ac53df | API Response: GET /api/notifications/unread-count | Status: 200 | Duration: 6ms
2026-04-22 10:24:39.735 +05:30 [INF] Serilog.AspNetCore.RequestLoggingMiddleware | CorrelationId:d32ded1bf927472e9da6d27324ac53df | HTTP GET /api/notifications/unread-count responded 200 in 11.5332 ms
2026-04-22 10:25:09.746 +05:30 [INF] Serilog.AspNetCore.RequestLoggingMiddleware | CorrelationId:20df6971ac6140a58e9ab10f81498ce1 | HTTP OPTIONS /api/notifications/unread-count responded 204 in 0.0439 ms
2026-04-22 10:25:09.750 +05:30 [INF] SmsApi.Middleware.LoggingActionFilter | CorrelationId:29c5dde8abc1497a83e1a3469353272c | API Request: GET /api/notifications/unread-count | User: Unknown | School: 550e8400-e29b-41d4-a716-446655440000
2026-04-22 10:25:09.758 +05:30 [INF] SmsApi.Middleware.LoggingActionFilter | CorrelationId:29c5dde8abc1497a83e1a3469353272c | API Response: GET /api/notifications/unread-count | Status: 200 | Duration: 7ms
2026-04-22 10:25:09.763 +05:30 [INF] Serilog.AspNetCore.RequestLoggingMiddleware | CorrelationId:29c5dde8abc1497a83e1a3469353272c | HTTP GET /api/notifications/unread-count responded 200 in 13.3367 ms
2026-04-22 10:25:39.771 +05:30 [INF] Serilog.AspNetCore.RequestLoggingMiddleware | CorrelationId:e655873caa99467f94115dc92b937898 | HTTP OPTIONS /api/notifications/unread-count responded 204 in 0.0474 ms
2026-04-22 10:25:39.776 +05:30 [INF] SmsApi.Middleware.LoggingActionFilter | CorrelationId:4b170cfa31d04b5c8cde0318dbc03a7c | API Request: GET /api/notifications/unread-count | User: Unknown | School: 550e8400-e29b-41d4-a716-446655440000
2026-04-22 10:25:39.779 +05:30 [INF] SmsApi.Middleware.LoggingActionFilter | CorrelationId:4b170cfa31d04b5c8cde0318dbc03a7c | API Response: GET /api/notifications/unread-count | Status: 200 | Duration: 3ms
2026-04-22 10:25:39.781 +05:30 [INF] Serilog.AspNetCore.RequestLoggingMiddleware | CorrelationId:4b170cfa31d04b5c8cde0318dbc03a7c | HTTP GET /api/notifications/unread-count responded 200 in 6.0129 ms
2026-04-22 10:26:09.796 +05:30 [INF] Serilog.AspNetCore.RequestLoggingMiddleware | CorrelationId:63d627521e314099aae777c2e426de8e | HTTP OPTIONS /api/notifications/unread-count responded 204 in 0.0403 ms
2026-04-22 10:26:09.799 +05:30 [INF] SmsApi.Middleware.LoggingActionFilter | CorrelationId:274f90f9ba644d8eb5f548b05de39377 | API Request: GET /api/notifications/unread-count | User: Unknown | School: 550e8400-e29b-41d4-a716-446655440000
2026-04-22 10:26:09.803 +05:30 [INF] SmsApi.Middleware.LoggingActionFilter | CorrelationId:274f90f9ba644d8eb5f548b05de39377 | API Response: GET /api/notifications/unread-count | Status: 200 | Duration: 3ms
2026-04-22 10:26:09.806 +05:30 [INF] Serilog.AspNetCore.RequestLoggingMiddleware | CorrelationId:274f90f9ba644d8eb5f548b05de39377 | HTTP GET /api/notifications/unread-count responded 200 in 6.8090 ms
2026-04-22 10:26:39.820 +05:30 [INF] Serilog.AspNetCore.RequestLoggingMiddleware | CorrelationId:c00d647ce21441178324ef1b13965bf1 | HTTP OPTIONS /api/notifications/unread-count responded 204 in 0.0448 ms
2026-04-22 10:26:39.824 +05:30 [INF] SmsApi.Middleware.LoggingActionFilter | CorrelationId:b332ee4937f14e00b2b2bd5991a713b9 | API Request: GET /api/notifications/unread-count | User: Unknown | School: 550e8400-e29b-41d4-a716-446655440000
2026-04-22 10:26:39.828 +05:30 [INF] SmsApi.Middleware.LoggingActionFilter | CorrelationId:b332ee4937f14e00b2b2bd5991a713b9 | API Response: GET /api/notifications/unread-count | Status: 200 | Duration: 3ms
2026-04-22 10:26:39.831 +05:30 [INF] Serilog.AspNetCore.RequestLoggingMiddleware | CorrelationId:b332ee4937f14e00b2b2bd5991a713b9 | HTTP GET /api/notifications/unread-count responded 200 in 6.5177 ms
2026-04-22 10:27:09.844 +05:30 [INF] Serilog.AspNetCore.RequestLoggingMiddleware | CorrelationId:3c29d0145cdd4699b5cd48cc7661c4d8 | HTTP OPTIONS /api/notifications/unread-count responded 204 in 0.0391 ms
2026-04-22 10:27:09.853 +05:30 [INF] SmsApi.Middleware.LoggingActionFilter | CorrelationId:348d925af2784328bc0be6d1e5bbd2f8 | API Request: GET /api/notifications/unread-count | User: Unknown | School: 550e8400-e29b-41d4-a716-446655440000
2026-04-22 10:27:09.861 +05:30 [INF] SmsApi.Middleware.LoggingActionFilter | CorrelationId:348d925af2784328bc0be6d1e5bbd2f8 | API Response: GET /api/notifications/unread-count | Status: 200 | Duration: 8ms
2026-04-22 10:27:09.869 +05:30 [INF] Serilog.AspNetCore.RequestLoggingMiddleware | CorrelationId:348d925af2784328bc0be6d1e5bbd2f8 | HTTP GET /api/notifications/unread-count responded 200 in 17.2348 ms
2026-04-22 10:27:31.861 +05:30 [INF] Serilog.AspNetCore.RequestLoggingMiddleware | CorrelationId:d4a71b5016a346b89884349972cc0a5a | HTTP OPTIONS /api/visitor/currently-inside responded 204 in 0.0418 ms
2026-04-22 10:27:31.872 +05:30 [INF] Serilog.AspNetCore.RequestLoggingMiddleware | CorrelationId:dc1d7c4579de43869a0427d51744faae | HTTP OPTIONS /api/visitor/stats responded 204 in 0.0823 ms
2026-04-22 10:27:31.872 +05:30 [INF] Serilog.AspNetCore.RequestLoggingMiddleware | CorrelationId:de87abad9e664a89a48371cdb05e0994 | HTTP OPTIONS /api/visitor/today responded 204 in 0.0177 ms
2026-04-22 10:27:31.872 +05:30 [INF] Serilog.AspNetCore.RequestLoggingMiddleware | CorrelationId:112269abac554dc4a72fd325cb03f45d | HTTP OPTIONS /api/visitor/currently-inside responded 204 in 0.0130 ms
2026-04-22 10:27:31.872 +05:30 [INF] Serilog.AspNetCore.RequestLoggingMiddleware | CorrelationId:f259a04d544740abaf212ba33bfe27cf | HTTP OPTIONS /api/visitor/stats responded 204 in 0.0180 ms
2026-04-22 10:27:31.879 +05:30 [INF] Serilog.AspNetCore.RequestLoggingMiddleware | CorrelationId:0da7adb306b646d1b09502b987b86661 | HTTP OPTIONS /api/visitor/today responded 204 in 0.0835 ms
2026-04-22 10:27:31.901 +05:30 [INF] SmsApi.Middleware.LoggingActionFilter | CorrelationId:178bf9bb64004a50a6dbfed0a371b934 | API Request: GET /api/visitor/currently-inside | User: Unknown | School: 550e8400-e29b-41d4-a716-446655440000
2026-04-22 10:27:31.913 +05:30 [INF] SmsApi.Middleware.LoggingActionFilter | CorrelationId:e483a8bc08fe4335b01b6ccdad85410b | API Request: GET /api/visitor/stats | User: Unknown | School: 550e8400-e29b-41d4-a716-446655440000
2026-04-22 10:27:31.920 +05:30 [INF] SmsApi.Middleware.LoggingActionFilter | CorrelationId:da6e866dc29e4c21b60a34cd4fd7031e | API Request: GET /api/visitor/today | User: Unknown | School: 550e8400-e29b-41d4-a716-446655440000
2026-04-22 10:27:31.938 +05:30 [INF] SmsApi.Middleware.LoggingActionFilter | CorrelationId:178bf9bb64004a50a6dbfed0a371b934 | API Response: GET /api/visitor/currently-inside | Status: 200 | Duration: 36ms
2026-04-22 10:27:31.945 +05:30 [INF] SmsApi.Middleware.LoggingActionFilter | CorrelationId:e483a8bc08fe4335b01b6ccdad85410b | API Response: GET /api/visitor/stats | Status: 200 | Duration: 32ms
2026-04-22 10:27:31.951 +05:30 [INF] Serilog.AspNetCore.RequestLoggingMiddleware | CorrelationId:178bf9bb64004a50a6dbfed0a371b934 | HTTP GET /api/visitor/currently-inside responded 200 in 50.2340 ms
2026-04-22 10:27:31.954 +05:30 [INF] SmsApi.Middleware.LoggingActionFilter | CorrelationId:63830bd29d704c6eb3821b18f3647eaa | API Request: GET /api/visitor/currently-inside | User: Unknown | School: 550e8400-e29b-41d4-a716-446655440000
2026-04-22 10:27:31.979 +05:30 [INF] Serilog.AspNetCore.RequestLoggingMiddleware | CorrelationId:e483a8bc08fe4335b01b6ccdad85410b | HTTP GET /api/visitor/stats responded 200 in 66.6648 ms
2026-04-22 10:27:32.006 +05:30 [INF] SmsApi.Middleware.LoggingActionFilter | CorrelationId:63830bd29d704c6eb3821b18f3647eaa | API Response: GET /api/visitor/currently-inside | Status: 200 | Duration: 52ms
2026-04-22 10:27:32.007 +05:30 [INF] SmsApi.Middleware.LoggingActionFilter | CorrelationId:c36483bc652f4c5b88e76dc2b79b2bfa | API Request: GET /api/visitor/stats | User: Unknown | School: 550e8400-e29b-41d4-a716-446655440000
2026-04-22 10:27:32.020 +05:30 [INF] Serilog.AspNetCore.RequestLoggingMiddleware | CorrelationId:63830bd29d704c6eb3821b18f3647eaa | HTTP GET /api/visitor/currently-inside responded 200 in 66.8818 ms
2026-04-22 10:27:32.052 +05:30 [INF] SmsApi.Middleware.LoggingActionFilter | CorrelationId:da6e866dc29e4c21b60a34cd4fd7031e | API Response: GET /api/visitor/today | Status: 200 | Duration: 131ms
2026-04-22 10:27:32.058 +05:30 [INF] SmsApi.Middleware.LoggingActionFilter | CorrelationId:c36483bc652f4c5b88e76dc2b79b2bfa | API Response: GET /api/visitor/stats | Status: 200 | Duration: 51ms
2026-04-22 10:27:32.060 +05:30 [INF] Serilog.AspNetCore.RequestLoggingMiddleware | CorrelationId:da6e866dc29e4c21b60a34cd4fd7031e | HTTP GET /api/visitor/today responded 200 in 140.1696 ms
2026-04-22 10:27:32.062 +05:30 [INF] Serilog.AspNetCore.RequestLoggingMiddleware | CorrelationId:c36483bc652f4c5b88e76dc2b79b2bfa | HTTP GET /api/visitor/stats responded 200 in 56.0067 ms
2026-04-22 10:27:32.066 +05:30 [INF] SmsApi.Middleware.LoggingActionFilter | CorrelationId:88c0ad3a242246f2b6124922c0b206b7 | API Request: GET /api/visitor/today | User: Unknown | School: 550e8400-e29b-41d4-a716-446655440000
2026-04-22 10:27:32.076 +05:30 [INF] SmsApi.Middleware.LoggingActionFilter | CorrelationId:88c0ad3a242246f2b6124922c0b206b7 | API Response: GET /api/visitor/today | Status: 200 | Duration: 9ms
2026-04-22 10:27:32.081 +05:30 [INF] Serilog.AspNetCore.RequestLoggingMiddleware | CorrelationId:88c0ad3a242246f2b6124922c0b206b7 | HTTP GET /api/visitor/today responded 200 in 16.0641 ms
2026-04-22 10:27:34.351 +05:30 [INF] Serilog.AspNetCore.RequestLoggingMiddleware | CorrelationId:c81da2c154fe478cae6abc622a812f7f | HTTP OPTIONS /api/academics/academic-years responded 204 in 0.0358 ms
2026-04-22 10:27:34.351 +05:30 [INF] Serilog.AspNetCore.RequestLoggingMiddleware | CorrelationId:a6f5351b0c7c45a9b6863acbe98e5320 | HTTP OPTIONS /api/academics/subjects responded 204 in 0.0123 ms
2026-04-22 10:27:34.351 +05:30 [INF] Serilog.AspNetCore.RequestLoggingMiddleware | CorrelationId:82580ad2473a4b1ebf29be4458ea9792 | HTTP OPTIONS /api/academics/academic-years responded 204 in 0.0318 ms
2026-04-22 10:27:34.352 +05:30 [INF] Serilog.AspNetCore.RequestLoggingMiddleware | CorrelationId:6f0ebbf2b9724a07a3f20fd582a7bf2d | HTTP OPTIONS /api/academics/classes responded 204 in 0.0049 ms
2026-04-22 10:27:34.352 +05:30 [INF] Serilog.AspNetCore.RequestLoggingMiddleware | CorrelationId:c0d11489a9124fff890169a2ac0dd0d2 | HTTP OPTIONS /api/academics/academic-years responded 204 in 0.0095 ms
2026-04-22 10:27:34.352 +05:30 [INF] Serilog.AspNetCore.RequestLoggingMiddleware | CorrelationId:93ace9f98094448e81b978864dbda2ea | HTTP OPTIONS /api/academics/academic-years responded 204 in 0.0191 ms
2026-04-22 10:27:34.357 +05:30 [INF] Serilog.AspNetCore.RequestLoggingMiddleware | CorrelationId:ecf82088d1614ce69dc105bee69dbfa4 | HTTP OPTIONS /api/academics/classes responded 204 in 0.6733 ms
2026-04-22 10:27:34.384 +05:30 [INF] Serilog.AspNetCore.RequestLoggingMiddleware | CorrelationId:0a78ed9cabce4135a27677ac345a03b5 | HTTP OPTIONS /api/academics/subjects responded 204 in 0.0683 ms
2026-04-22 10:27:34.392 +05:30 [INF] SmsApi.Middleware.LoggingActionFilter | CorrelationId:d8de35e9cdc949ceb406ee2d62b7fed7 | API Request: GET /api/academics/academic-years | User: Unknown | School: 550e8400-e29b-41d4-a716-446655440000
2026-04-22 10:27:34.405 +05:30 [INF] SmsApi.Middleware.LoggingActionFilter | CorrelationId:d609481a5a7545beb3e1956a015d64b6 | API Request: GET /api/academics/academic-years | User: Unknown | School: 550e8400-e29b-41d4-a716-446655440000
2026-04-22 10:27:34.413 +05:30 [INF] SmsApi.Middleware.LoggingActionFilter | CorrelationId:ab833c02e7624d2da16aded0f38f8a21 | API Request: GET /api/academics/subjects | User: Unknown | School: 550e8400-e29b-41d4-a716-446655440000
2026-04-22 10:27:34.427 +05:30 [INF] SmsApi.Middleware.LoggingActionFilter | CorrelationId:412329ae1313417d8688fd8e9cce3588 | API Request: GET /api/academics/classes | User: Unknown | School: 550e8400-e29b-41d4-a716-446655440000
2026-04-22 10:27:34.432 +05:30 [INF] SmsApi.Middleware.LoggingActionFilter | CorrelationId:d8de35e9cdc949ceb406ee2d62b7fed7 | API Response: GET /api/academics/academic-years | Status: 200 | Duration: 40ms
2026-04-22 10:27:34.433 +05:30 [INF] SmsApi.Middleware.LoggingActionFilter | CorrelationId:d609481a5a7545beb3e1956a015d64b6 | API Response: GET /api/academics/academic-years | Status: 200 | Duration: 27ms
2026-04-22 10:27:34.443 +05:30 [INF] Serilog.AspNetCore.RequestLoggingMiddleware | CorrelationId:d8de35e9cdc949ceb406ee2d62b7fed7 | HTTP GET /api/academics/academic-years responded 200 in 52.3377 ms
2026-04-22 10:27:34.446 +05:30 [INF] SmsApi.Middleware.LoggingActionFilter | CorrelationId:279678adb3d04efe8640c94679f2a733 | API Request: GET /api/academics/academic-years | User: Unknown | School: 550e8400-e29b-41d4-a716-446655440000
2026-04-22 10:27:34.448 +05:30 [INF] Serilog.AspNetCore.RequestLoggingMiddleware | CorrelationId:d609481a5a7545beb3e1956a015d64b6 | HTTP GET /api/academics/academic-years responded 200 in 43.9344 ms
2026-04-22 10:27:34.455 +05:30 [INF] SmsApi.Middleware.LoggingActionFilter | CorrelationId:fac5243a206847759f9bff7486003759 | API Request: GET /api/academics/academic-years | User: Unknown | School: 550e8400-e29b-41d4-a716-446655440000
2026-04-22 10:27:34.499 +05:30 [INF] SmsApi.Middleware.LoggingActionFilter | CorrelationId:279678adb3d04efe8640c94679f2a733 | API Response: GET /api/academics/academic-years | Status: 200 | Duration: 53ms
2026-04-22 10:27:34.520 +05:30 [INF] Serilog.AspNetCore.RequestLoggingMiddleware | CorrelationId:279678adb3d04efe8640c94679f2a733 | HTTP GET /api/academics/academic-years responded 200 in 74.8569 ms
2026-04-22 10:27:34.521 +05:30 [INF] SmsApi.Middleware.LoggingActionFilter | CorrelationId:fac5243a206847759f9bff7486003759 | API Response: GET /api/academics/academic-years | Status: 200 | Duration: 66ms
2026-04-22 10:27:34.547 +05:30 [INF] Serilog.AspNetCore.RequestLoggingMiddleware | CorrelationId:fac5243a206847759f9bff7486003759 | HTTP GET /api/academics/academic-years responded 200 in 93.3040 ms
2026-04-22 10:27:34.589 +05:30 [INF] SmsApi.Middleware.LoggingActionFilter | CorrelationId:ab833c02e7624d2da16aded0f38f8a21 | API Response: GET /api/academics/subjects | Status: 200 | Duration: 176ms
2026-04-22 10:27:34.596 +05:30 [INF] Serilog.AspNetCore.RequestLoggingMiddleware | CorrelationId:ab833c02e7624d2da16aded0f38f8a21 | HTTP GET /api/academics/subjects responded 200 in 202.4526 ms
2026-04-22 10:27:34.601 +05:30 [INF] SmsApi.Middleware.LoggingActionFilter | CorrelationId:eb1e460e6ce344c594de340723dad292 | API Request: GET /api/academics/subjects | User: Unknown | School: 550e8400-e29b-41d4-a716-446655440000
2026-04-22 10:27:34.618 +05:30 [INF] SmsApi.Middleware.LoggingActionFilter | CorrelationId:eb1e460e6ce344c594de340723dad292 | API Response: GET /api/academics/subjects | Status: 200 | Duration: 16ms
2026-04-22 10:27:34.621 +05:30 [INF] Serilog.AspNetCore.RequestLoggingMiddleware | CorrelationId:eb1e460e6ce344c594de340723dad292 | HTTP GET /api/academics/subjects responded 200 in 20.8041 ms
2026-04-22 10:27:34.761 +05:30 [INF] SmsApi.Middleware.LoggingActionFilter | CorrelationId:412329ae1313417d8688fd8e9cce3588 | API Response: GET /api/academics/classes | Status: 200 | Duration: 333ms
2026-04-22 10:27:34.764 +05:30 [INF] Serilog.AspNetCore.RequestLoggingMiddleware | CorrelationId:412329ae1313417d8688fd8e9cce3588 | HTTP GET /api/academics/classes responded 200 in 353.5182 ms
2026-04-22 10:27:34.766 +05:30 [INF] SmsApi.Middleware.LoggingActionFilter | CorrelationId:1a77032882a44b79ab8399101f3fe333 | API Request: GET /api/academics/classes | User: Unknown | School: 550e8400-e29b-41d4-a716-446655440000
2026-04-22 10:27:34.782 +05:30 [INF] SmsApi.Middleware.LoggingActionFilter | CorrelationId:1a77032882a44b79ab8399101f3fe333 | API Response: GET /api/academics/classes | Status: 200 | Duration: 15ms
2026-04-22 10:27:34.916 +05:30 [INF] Serilog.AspNetCore.RequestLoggingMiddleware | CorrelationId:1a77032882a44b79ab8399101f3fe333 | HTTP GET /api/academics/classes responded 200 in 150.1311 ms
2026-04-22 10:27:38.094 +05:30 [INF] Serilog.AspNetCore.RequestLoggingMiddleware | CorrelationId:6b9530ab306b454fa95b165a685b0d3f | HTTP OPTIONS /api/examinations/stats responded 204 in 0.0706 ms
2026-04-22 10:27:38.094 +05:30 [INF] Serilog.AspNetCore.RequestLoggingMiddleware | CorrelationId:c6b8bf895a844c89bb54d880a416c94f | HTTP OPTIONS /api/examinations/exams responded 204 in 0.0685 ms
2026-04-22 10:27:38.095 +05:30 [INF] Serilog.AspNetCore.RequestLoggingMiddleware | CorrelationId:667101f6d8b04f57be115e1e82981701 | HTTP OPTIONS /api/examinations/stats responded 204 in 0.0059 ms
2026-04-22 10:27:38.095 +05:30 [INF] Serilog.AspNetCore.RequestLoggingMiddleware | CorrelationId:9be1af9f584742aba80827a0b853fa0c | HTTP OPTIONS /api/examinations/exams responded 204 in 0.0101 ms
2026-04-22 10:27:38.156 +05:30 [INF] SmsApi.Middleware.LoggingActionFilter | CorrelationId:272a9080c63e40c0a8be6afb833262e6 | API Request: GET /api/examinations/stats | User: Unknown | School: 550e8400-e29b-41d4-a716-446655440000
2026-04-22 10:27:38.156 +05:30 [INF] SmsApi.Middleware.LoggingActionFilter | CorrelationId:79ff245c519c4a33b555cf2be22431bf | API Request: GET /api/examinations/exams | User: Unknown | School: 550e8400-e29b-41d4-a716-446655440000
2026-04-22 10:27:38.199 +05:30 [INF] SmsApi.Middleware.LoggingActionFilter | CorrelationId:79ff245c519c4a33b555cf2be22431bf | API Response: GET /api/examinations/exams | Status: 200 | Duration: 42ms
2026-04-22 10:27:38.208 +05:30 [INF] Serilog.AspNetCore.RequestLoggingMiddleware | CorrelationId:79ff245c519c4a33b555cf2be22431bf | HTTP GET /api/examinations/exams responded 200 in 66.3458 ms
2026-04-22 10:27:38.218 +05:30 [INF] SmsApi.Middleware.LoggingActionFilter | CorrelationId:2a2c4074bf3a459a89e0cfaf1168d4ee | API Request: GET /api/examinations/exams | User: Unknown | School: 550e8400-e29b-41d4-a716-446655440000
2026-04-22 10:27:38.232 +05:30 [INF] SmsApi.Middleware.LoggingActionFilter | CorrelationId:2a2c4074bf3a459a89e0cfaf1168d4ee | API Response: GET /api/examinations/exams | Status: 200 | Duration: 14ms
2026-04-22 10:27:38.242 +05:30 [INF] Serilog.AspNetCore.RequestLoggingMiddleware | CorrelationId:2a2c4074bf3a459a89e0cfaf1168d4ee | HTTP GET /api/examinations/exams responded 200 in 32.4545 ms
2026-04-22 10:27:38.348 +05:30 [INF] SmsApi.Middleware.LoggingActionFilter | CorrelationId:272a9080c63e40c0a8be6afb833262e6 | API Response: GET /api/examinations/stats | Status: 200 | Duration: 192ms
2026-04-22 10:27:38.351 +05:30 [INF] Serilog.AspNetCore.RequestLoggingMiddleware | CorrelationId:272a9080c63e40c0a8be6afb833262e6 | HTTP GET /api/examinations/stats responded 200 in 239.0194 ms
2026-04-22 10:27:38.355 +05:30 [INF] SmsApi.Middleware.LoggingActionFilter | CorrelationId:3817e7bdc69b4053ab4f8e06802e4b4e | API Request: GET /api/examinations/stats | User: Unknown | School: 550e8400-e29b-41d4-a716-446655440000
2026-04-22 10:27:38.373 +05:30 [INF] SmsApi.Middleware.LoggingActionFilter | CorrelationId:3817e7bdc69b4053ab4f8e06802e4b4e | API Response: GET /api/examinations/stats | Status: 200 | Duration: 18ms
2026-04-22 10:27:38.378 +05:30 [INF] Serilog.AspNetCore.RequestLoggingMiddleware | CorrelationId:3817e7bdc69b4053ab4f8e06802e4b4e | HTTP GET /api/examinations/stats responded 200 in 25.5455 ms
2026-04-22 10:27:39.883 +05:30 [INF] Serilog.AspNetCore.RequestLoggingMiddleware | CorrelationId:d9e68a1d639b4a0f9632bea3b030f9f2 | HTTP OPTIONS /api/notifications/unread-count responded 204 in 0.0435 ms
2026-04-22 10:27:39.939 +05:30 [INF] SmsApi.Middleware.LoggingActionFilter | CorrelationId:d63b2cb0c9eb491a85a88bfbf394b40a | API Request: GET /api/notifications/unread-count | User: Unknown | School: 550e8400-e29b-41d4-a716-446655440000
2026-04-22 10:27:39.978 +05:30 [INF] SmsApi.Middleware.LoggingActionFilter | CorrelationId:d63b2cb0c9eb491a85a88bfbf394b40a | API Response: GET /api/notifications/unread-count | Status: 200 | Duration: 38ms
2026-04-22 10:27:39.982 +05:30 [INF] Serilog.AspNetCore.RequestLoggingMiddleware | CorrelationId:d63b2cb0c9eb491a85a88bfbf394b40a | HTTP GET /api/notifications/unread-count responded 200 in 43.0675 ms
2026-04-22 10:27:40.043 +05:30 [INF] Serilog.AspNetCore.RequestLoggingMiddleware | CorrelationId:187b61ef60514453a636d040dbee1964 | HTTP OPTIONS /api/students responded 204 in 0.0463 ms
2026-04-22 10:27:40.043 +05:30 [INF] Serilog.AspNetCore.RequestLoggingMiddleware | CorrelationId:364aa7cd05d14555a7196ef4231eb654 | HTTP OPTIONS /api/students responded 204 in 0.0064 ms
2026-04-22 10:27:40.074 +05:30 [INF] SmsApi.Middleware.LoggingActionFilter | CorrelationId:7e7a31c18dbb47609d2efc01e6a2a68c | API Request: GET /api/students | User: Unknown | School: 550e8400-e29b-41d4-a716-446655440000
2026-04-22 10:27:40.114 +05:30 [INF] SmsApi.Middleware.LoggingActionFilter | CorrelationId:7e7a31c18dbb47609d2efc01e6a2a68c | API Response: GET /api/students | Status: 200 | Duration: 39ms
2026-04-22 10:27:40.118 +05:30 [INF] Serilog.AspNetCore.RequestLoggingMiddleware | CorrelationId:7e7a31c18dbb47609d2efc01e6a2a68c | HTTP GET /api/students responded 200 in 55.0786 ms
2026-04-22 10:27:40.126 +05:30 [INF] SmsApi.Middleware.LoggingActionFilter | CorrelationId:2d251bf0f92848ed9be0345594446ac2 | API Request: GET /api/students | User: Unknown | School: 550e8400-e29b-41d4-a716-446655440000
2026-04-22 10:27:40.137 +05:30 [INF] SmsApi.Middleware.LoggingActionFilter | CorrelationId:2d251bf0f92848ed9be0345594446ac2 | API Response: GET /api/students | Status: 200 | Duration: 10ms
2026-04-22 10:27:40.140 +05:30 [INF] Serilog.AspNetCore.RequestLoggingMiddleware | CorrelationId:2d251bf0f92848ed9be0345594446ac2 | HTTP GET /api/students responded 200 in 17.4753 ms
2026-04-22 10:27:42.964 +05:30 [INF] Serilog.AspNetCore.RequestLoggingMiddleware | CorrelationId:b35d86711c4549dcace170b5038a5d01 | HTTP OPTIONS /api/analytics/attendance responded 204 in 0.0081 ms
2026-04-22 10:27:42.964 +05:30 [INF] Serilog.AspNetCore.RequestLoggingMiddleware | CorrelationId:69b32b2abcaf4928bc6992cd6e042509 | HTTP OPTIONS /api/analytics/dashboard/summary responded 204 in 0.1712 ms
2026-04-22 10:27:42.965 +05:30 [INF] Serilog.AspNetCore.RequestLoggingMiddleware | CorrelationId:029c3b7b35ea46c588c5e8de72f353da | HTTP OPTIONS /api/analytics/attendance responded 204 in 0.0050 ms
2026-04-22 10:27:42.965 +05:30 [INF] Serilog.AspNetCore.RequestLoggingMiddleware | CorrelationId:ddf5cd184cc445db9bb917dc136970f7 | HTTP OPTIONS /api/analytics/dashboard/summary responded 204 in 0.0034 ms
2026-04-22 10:27:42.981 +05:30 [INF] SmsApi.Middleware.LoggingActionFilter | CorrelationId:064d3a01c04c46c189a0a6911ccef90e | API Request: GET /api/analytics/dashboard/summary | User: Unknown | School: 550e8400-e29b-41d4-a716-446655440000
2026-04-22 10:27:42.983 +05:30 [INF] SmsApi.Middleware.LoggingActionFilter | CorrelationId:de34e667a20940399b6a3191ac179730 | API Request: GET /api/analytics/attendance | User: Unknown | School: 550e8400-e29b-41d4-a716-446655440000
2026-04-22 10:27:43.007 +05:30 [INF] SmsApi.Middleware.LoggingActionFilter | CorrelationId:de34e667a20940399b6a3191ac179730 | API Response: GET /api/analytics/attendance | Status: 200 | Duration: 23ms
2026-04-22 10:27:43.009 +05:30 [INF] SmsApi.Middleware.LoggingActionFilter | CorrelationId:064d3a01c04c46c189a0a6911ccef90e | API Response: GET /api/analytics/dashboard/summary | Status: 200 | Duration: 28ms
2026-04-22 10:27:43.011 +05:30 [INF] Serilog.AspNetCore.RequestLoggingMiddleware | CorrelationId:064d3a01c04c46c189a0a6911ccef90e | HTTP GET /api/analytics/dashboard/summary responded 200 in 34.5780 ms
2026-04-22 10:27:43.018 +05:30 [INF] Serilog.AspNetCore.RequestLoggingMiddleware | CorrelationId:de34e667a20940399b6a3191ac179730 | HTTP GET /api/analytics/attendance responded 200 in 48.7508 ms
2026-04-22 10:27:43.018 +05:30 [INF] SmsApi.Middleware.LoggingActionFilter | CorrelationId:91e979c4c1d945b782fd5ca96fe1f1e2 | API Request: GET /api/analytics/dashboard/summary | User: Unknown | School: 550e8400-e29b-41d4-a716-446655440000
2026-04-22 10:27:43.024 +05:30 [INF] SmsApi.Middleware.LoggingActionFilter | CorrelationId:91e979c4c1d945b782fd5ca96fe1f1e2 | API Response: GET /api/analytics/dashboard/summary | Status: 200 | Duration: 5ms
2026-04-22 10:27:43.028 +05:30 [INF] SmsApi.Middleware.LoggingActionFilter | CorrelationId:b28f7944e721476fbb7ef726987cf90a | API Request: GET /api/analytics/attendance | User: Unknown | School: 550e8400-e29b-41d4-a716-446655440000
2026-04-22 10:27:43.030 +05:30 [INF] Serilog.AspNetCore.RequestLoggingMiddleware | CorrelationId:91e979c4c1d945b782fd5ca96fe1f1e2 | HTTP GET /api/analytics/dashboard/summary responded 200 in 13.9208 ms
2026-04-22 10:27:43.035 +05:30 [INF] SmsApi.Middleware.LoggingActionFilter | CorrelationId:b28f7944e721476fbb7ef726987cf90a | API Response: GET /api/analytics/attendance | Status: 200 | Duration: 6ms
2026-04-22 10:27:43.048 +05:30 [INF] Serilog.AspNetCore.RequestLoggingMiddleware | CorrelationId:b28f7944e721476fbb7ef726987cf90a | HTTP GET /api/analytics/attendance responded 200 in 28.3422 ms
2026-04-22 10:27:52.494 +05:30 [INF] Serilog.AspNetCore.RequestLoggingMiddleware | CorrelationId:60b70b6d9d154ffabe612a47a6581c36 | HTTP OPTIONS /api/academics/academic-years responded 204 in 0.0485 ms
2026-04-22 10:27:52.495 +05:30 [INF] Serilog.AspNetCore.RequestLoggingMiddleware | CorrelationId:3dfab98a84e744f99f4b0988123a1807 | HTTP OPTIONS /api/academics/academic-years responded 204 in 0.0170 ms
2026-04-22 10:27:52.500 +05:30 [INF] Serilog.AspNetCore.RequestLoggingMiddleware | CorrelationId:684b65c8f95c4069a88cd00f32acd38d | HTTP OPTIONS /api/academics/classes responded 204 in 0.1383 ms
2026-04-22 10:27:52.502 +05:30 [INF] Serilog.AspNetCore.RequestLoggingMiddleware | CorrelationId:832557d6c8a44a6a8d047fb0a56b4177 | HTTP OPTIONS /api/academics/subjects responded 204 in 0.0221 ms
2026-04-22 10:27:52.503 +05:30 [INF] Serilog.AspNetCore.RequestLoggingMiddleware | CorrelationId:0fc43015d12c479d859c9315002f7a9f | HTTP OPTIONS /api/academics/academic-years responded 204 in 0.0435 ms
2026-04-22 10:27:52.504 +05:30 [INF] Serilog.AspNetCore.RequestLoggingMiddleware | CorrelationId:3528d4c9d19049f78deb869dccb5ebd6 | HTTP OPTIONS /api/academics/academic-years responded 204 in 0.0942 ms
2026-04-22 10:27:52.534 +05:30 [INF] Serilog.AspNetCore.RequestLoggingMiddleware | CorrelationId:8bd67f4c8bcc4bfab628d0372be95688 | HTTP OPTIONS /api/academics/classes responded 204 in 0.0369 ms
2026-04-22 10:27:52.543 +05:30 [INF] Serilog.AspNetCore.RequestLoggingMiddleware | CorrelationId:07da3cae950643c39bb1cca8e98bb668 | HTTP OPTIONS /api/academics/subjects responded 204 in 0.0442 ms
2026-04-22 10:27:52.548 +05:30 [INF] SmsApi.Middleware.LoggingActionFilter | CorrelationId:716e1107710f4ba1b35b1a8c1cb45e9b | API Request: GET /api/academics/academic-years | User: Unknown | School: 550e8400-e29b-41d4-a716-446655440000
2026-04-22 10:27:52.557 +05:30 [INF] SmsApi.Middleware.LoggingActionFilter | CorrelationId:313aa60c76e1405c993b838c4f8e1923 | API Request: GET /api/academics/academic-years | User: Unknown | School: 550e8400-e29b-41d4-a716-446655440000
2026-04-22 10:27:52.560 +05:30 [INF] SmsApi.Middleware.LoggingActionFilter | CorrelationId:46e7ebf0fedf4370b20d328ff81a943a | API Request: GET /api/academics/classes | User: Unknown | School: 550e8400-e29b-41d4-a716-446655440000
2026-04-22 10:27:52.568 +05:30 [INF] SmsApi.Middleware.LoggingActionFilter | CorrelationId:89d0b22898f64bce93b5ca53928e8f72 | API Request: GET /api/academics/subjects | User: Unknown | School: 550e8400-e29b-41d4-a716-446655440000
2026-04-22 10:27:52.588 +05:30 [INF] SmsApi.Middleware.LoggingActionFilter | CorrelationId:716e1107710f4ba1b35b1a8c1cb45e9b | API Response: GET /api/academics/academic-years | Status: 200 | Duration: 39ms
2026-04-22 10:27:52.600 +05:30 [INF] SmsApi.Middleware.LoggingActionFilter | CorrelationId:313aa60c76e1405c993b838c4f8e1923 | API Response: GET /api/academics/academic-years | Status: 200 | Duration: 43ms
2026-04-22 10:27:52.609 +05:30 [INF] SmsApi.Middleware.LoggingActionFilter | CorrelationId:89d0b22898f64bce93b5ca53928e8f72 | API Response: GET /api/academics/subjects | Status: 200 | Duration: 41ms
2026-04-22 10:27:52.612 +05:30 [INF] Serilog.AspNetCore.RequestLoggingMiddleware | CorrelationId:716e1107710f4ba1b35b1a8c1cb45e9b | HTTP GET /api/academics/academic-years responded 200 in 64.7133 ms
2026-04-22 10:27:52.620 +05:30 [INF] SmsApi.Middleware.LoggingActionFilter | CorrelationId:301e932b7e014e7d9e1a7436800cb0f6 | API Request: GET /api/academics/academic-years | User: Unknown | School: 550e8400-e29b-41d4-a716-446655440000
2026-04-22 10:27:52.622 +05:30 [INF] Serilog.AspNetCore.RequestLoggingMiddleware | CorrelationId:313aa60c76e1405c993b838c4f8e1923 | HTTP GET /api/academics/academic-years responded 200 in 65.3670 ms
2026-04-22 10:27:52.626 +05:30 [INF] SmsApi.Middleware.LoggingActionFilter | CorrelationId:46e7ebf0fedf4370b20d328ff81a943a | API Response: GET /api/academics/classes | Status: 200 | Duration: 65ms
2026-04-22 10:27:52.626 +05:30 [INF] SmsApi.Middleware.LoggingActionFilter | CorrelationId:147ac91e8807439c9d0be03f765cbc81 | API Request: GET /api/academics/academic-years | User: Unknown | School: 550e8400-e29b-41d4-a716-446655440000
2026-04-22 10:27:52.638 +05:30 [INF] Serilog.AspNetCore.RequestLoggingMiddleware | CorrelationId:89d0b22898f64bce93b5ca53928e8f72 | HTTP GET /api/academics/subjects responded 200 in 70.7437 ms
2026-04-22 10:27:52.655 +05:30 [INF] SmsApi.Middleware.LoggingActionFilter | CorrelationId:9091265cdbdf46ccb227fad4b774bbfc | API Request: GET /api/academics/subjects | User: Unknown | School: 550e8400-e29b-41d4-a716-446655440000
2026-04-22 10:27:52.667 +05:30 [INF] SmsApi.Middleware.LoggingActionFilter | CorrelationId:301e932b7e014e7d9e1a7436800cb0f6 | API Response: GET /api/academics/academic-years | Status: 200 | Duration: 47ms
2026-04-22 10:27:52.688 +05:30 [INF] Serilog.AspNetCore.RequestLoggingMiddleware | CorrelationId:46e7ebf0fedf4370b20d328ff81a943a | HTTP GET /api/academics/classes responded 200 in 128.4080 ms
2026-04-22 10:27:52.691 +05:30 [INF] SmsApi.Middleware.LoggingActionFilter | CorrelationId:1f4cfdbe81da48779440bbff85d94b95 | API Request: GET /api/academics/classes | User: Unknown | School: 550e8400-e29b-41d4-a716-446655440000
2026-04-22 10:27:52.695 +05:30 [INF] SmsApi.Middleware.LoggingActionFilter | CorrelationId:147ac91e8807439c9d0be03f765cbc81 | API Response: GET /api/academics/academic-years | Status: 200 | Duration: 68ms
2026-04-22 10:27:52.712 +05:30 [INF] SmsApi.Middleware.LoggingActionFilter | CorrelationId:9091265cdbdf46ccb227fad4b774bbfc | API Response: GET /api/academics/subjects | Status: 200 | Duration: 57ms
2026-04-22 10:27:52.715 +05:30 [INF] Serilog.AspNetCore.RequestLoggingMiddleware | CorrelationId:301e932b7e014e7d9e1a7436800cb0f6 | HTTP GET /api/academics/academic-years responded 200 in 95.7225 ms
2026-04-22 10:27:52.736 +05:30 [INF] SmsApi.Middleware.LoggingActionFilter | CorrelationId:1f4cfdbe81da48779440bbff85d94b95 | API Response: GET /api/academics/classes | Status: 200 | Duration: 44ms
2026-04-22 10:27:52.742 +05:30 [INF] Serilog.AspNetCore.RequestLoggingMiddleware | CorrelationId:147ac91e8807439c9d0be03f765cbc81 | HTTP GET /api/academics/academic-years responded 200 in 115.4555 ms
2026-04-22 10:27:52.746 +05:30 [INF] Serilog.AspNetCore.RequestLoggingMiddleware | CorrelationId:9091265cdbdf46ccb227fad4b774bbfc | HTTP GET /api/academics/subjects responded 200 in 92.1838 ms
2026-04-22 10:27:52.758 +05:30 [INF] Serilog.AspNetCore.RequestLoggingMiddleware | CorrelationId:1f4cfdbe81da48779440bbff85d94b95 | HTTP GET /api/academics/classes responded 200 in 67.6388 ms
2026-04-22 10:27:54.275 +05:30 [INF] Serilog.AspNetCore.RequestLoggingMiddleware | CorrelationId:8d2165695b1e43c5bdeda889e8046361 | HTTP OPTIONS /api/analytics/attendance responded 204 in 0.0364 ms
2026-04-22 10:27:54.275 +05:30 [INF] Serilog.AspNetCore.RequestLoggingMiddleware | CorrelationId:fddf63db83af4fc38b4518d938ccf546 | HTTP OPTIONS /api/analytics/dashboard/summary responded 204 in 1.2048 ms
2026-04-22 10:27:54.275 +05:30 [INF] Serilog.AspNetCore.RequestLoggingMiddleware | CorrelationId:00c2ef0764314a798caf6105a93088bf | HTTP OPTIONS /api/analytics/dashboard/summary responded 204 in 0.0167 ms
2026-04-22 10:27:54.276 +05:30 [INF] Serilog.AspNetCore.RequestLoggingMiddleware | CorrelationId:ef03518872874c158d7b50a7937ed3ba | HTTP OPTIONS /api/analytics/attendance responded 204 in 0.0096 ms
2026-04-22 10:27:54.292 +05:30 [INF] SmsApi.Middleware.LoggingActionFilter | CorrelationId:f82bbce7ede647d2baa94e9e0106afe6 | API Request: GET /api/analytics/dashboard/summary | User: Unknown | School: 550e8400-e29b-41d4-a716-446655440000
2026-04-22 10:27:54.292 +05:30 [INF] SmsApi.Middleware.LoggingActionFilter | CorrelationId:6b33f09ada5f42e0a7549bff65b4c0e1 | API Request: GET /api/analytics/attendance | User: Unknown | School: 550e8400-e29b-41d4-a716-446655440000
2026-04-22 10:27:54.304 +05:30 [INF] SmsApi.Middleware.LoggingActionFilter | CorrelationId:f82bbce7ede647d2baa94e9e0106afe6 | API Response: GET /api/analytics/dashboard/summary | Status: 200 | Duration: 11ms
2026-04-22 10:27:54.309 +05:30 [INF] Serilog.AspNetCore.RequestLoggingMiddleware | CorrelationId:f82bbce7ede647d2baa94e9e0106afe6 | HTTP GET /api/analytics/dashboard/summary responded 200 in 20.1046 ms
2026-04-22 10:27:54.309 +05:30 [INF] SmsApi.Middleware.LoggingActionFilter | CorrelationId:6b33f09ada5f42e0a7549bff65b4c0e1 | API Response: GET /api/analytics/attendance | Status: 200 | Duration: 16ms
2026-04-22 10:27:54.316 +05:30 [INF] SmsApi.Middleware.LoggingActionFilter | CorrelationId:a40b9f4a99334003a8af9f68a3d0e600 | API Request: GET /api/analytics/dashboard/summary | User: Unknown | School: 550e8400-e29b-41d4-a716-446655440000
2026-04-22 10:27:54.328 +05:30 [INF] Serilog.AspNetCore.RequestLoggingMiddleware | CorrelationId:6b33f09ada5f42e0a7549bff65b4c0e1 | HTTP GET /api/analytics/attendance responded 200 in 41.2592 ms
2026-04-22 10:27:54.334 +05:30 [INF] SmsApi.Middleware.LoggingActionFilter | CorrelationId:a40b9f4a99334003a8af9f68a3d0e600 | API Response: GET /api/analytics/dashboard/summary | Status: 200 | Duration: 18ms
2026-04-22 10:27:54.334 +05:30 [INF] SmsApi.Middleware.LoggingActionFilter | CorrelationId:50bd4945b1fe4cb8b697064750800bb9 | API Request: GET /api/analytics/attendance | User: Unknown | School: 550e8400-e29b-41d4-a716-446655440000
2026-04-22 10:27:54.382 +05:30 [INF] Serilog.AspNetCore.RequestLoggingMiddleware | CorrelationId:a40b9f4a99334003a8af9f68a3d0e600 | HTTP GET /api/analytics/dashboard/summary responded 200 in 69.2752 ms
2026-04-22 10:27:54.386 +05:30 [INF] SmsApi.Middleware.LoggingActionFilter | CorrelationId:50bd4945b1fe4cb8b697064750800bb9 | API Response: GET /api/analytics/attendance | Status: 200 | Duration: 52ms
2026-04-22 10:27:54.412 +05:30 [INF] Serilog.AspNetCore.RequestLoggingMiddleware | CorrelationId:50bd4945b1fe4cb8b697064750800bb9 | HTTP GET /api/analytics/attendance responded 200 in 81.2582 ms
2026-04-22 10:28:10.037 +05:30 [INF] Serilog.AspNetCore.RequestLoggingMiddleware | CorrelationId:9cc942a5a9f449cdbbe8baae3416c358 | HTTP OPTIONS /api/notifications/unread-count responded 204 in 0.1222 ms
2026-04-22 10:28:13.708 +05:30 [ERR] SmsApi.Infrastructure.Performance.PerformanceMonitoringMiddleware | CorrelationId: | SLA BREACH: OPTIONS /api/notifications/unread-count took 3670ms — status 204. Investigate immediately.
2026-04-22 10:28:14.266 +05:30 [INF] SmsApi.Middleware.LoggingActionFilter | CorrelationId:bda88d0ab9f948a3ac7dbec1db40d1cc | API Request: GET /api/notifications/unread-count | User: Unknown | School: 550e8400-e29b-41d4-a716-446655440000
2026-04-22 10:28:14.328 +05:30 [INF] SmsApi.Middleware.LoggingActionFilter | CorrelationId:bda88d0ab9f948a3ac7dbec1db40d1cc | API Response: GET /api/notifications/unread-count | Status: 200 | Duration: 61ms
2026-04-22 10:28:15.462 +05:30 [INF] Serilog.AspNetCore.RequestLoggingMiddleware | CorrelationId:bda88d0ab9f948a3ac7dbec1db40d1cc | HTTP GET /api/notifications/unread-count responded 200 in 1198.6302 ms
2026-04-22 10:28:15.467 +05:30 [WRN] SmsApi.Infrastructure.Performance.PerformanceMonitoringMiddleware | CorrelationId: | Slow request: GET /api/notifications/unread-count took 1198ms — status 200.
2026-04-22 10:28:45.480 +05:30 [INF] Serilog.AspNetCore.RequestLoggingMiddleware | CorrelationId:2e3bf880c3fd400f8d3ed5eac66ccea9 | HTTP OPTIONS /api/notifications/unread-count responded 204 in 0.2259 ms
2026-04-22 10:28:45.491 +05:30 [INF] SmsApi.Middleware.LoggingActionFilter | CorrelationId:977bdc0574f84f97bc7eda8c1d5a481b | API Request: GET /api/notifications/unread-count | User: Unknown | School: 550e8400-e29b-41d4-a716-446655440000
2026-04-22 10:28:45.504 +05:30 [INF] SmsApi.Middleware.LoggingActionFilter | CorrelationId:977bdc0574f84f97bc7eda8c1d5a481b | API Response: GET /api/notifications/unread-count | Status: 200 | Duration: 12ms
2026-04-22 10:28:45.519 +05:30 [INF] Serilog.AspNetCore.RequestLoggingMiddleware | CorrelationId:977bdc0574f84f97bc7eda8c1d5a481b | HTTP GET /api/notifications/unread-count responded 200 in 30.0092 ms
2026-04-22 10:28:50.469 +05:30 [INF] Serilog.AspNetCore.RequestLoggingMiddleware | CorrelationId:a3c84c1edfd64854b9407a0e52240ffa | HTTP OPTIONS /api/analytics/attendance responded 204 in 0.0208 ms
2026-04-22 10:28:50.469 +05:30 [INF] Serilog.AspNetCore.RequestLoggingMiddleware | CorrelationId:7aea275b2d1d4220b295e0566cc4572e | HTTP OPTIONS /api/analytics/dashboard/summary responded 204 in 0.2313 ms
2026-04-22 10:28:50.469 +05:30 [INF] Serilog.AspNetCore.RequestLoggingMiddleware | CorrelationId:9b4542f86f2e4259b60d4c2fb0713228 | HTTP OPTIONS /api/analytics/attendance responded 204 in 0.1795 ms
2026-04-22 10:28:50.469 +05:30 [INF] Serilog.AspNetCore.RequestLoggingMiddleware | CorrelationId:9fc6c80c0f2c4cc79fc41dc6e810ba31 | HTTP OPTIONS /api/analytics/dashboard/summary responded 204 in 0.0168 ms
2026-04-22 10:28:50.484 +05:30 [INF] SmsApi.Middleware.LoggingActionFilter | CorrelationId:5c7c7071749148288f5ca45adbb8a458 | API Request: GET /api/analytics/attendance | User: Unknown | School: 550e8400-e29b-41d4-a716-446655440000
2026-04-22 10:28:50.496 +05:30 [INF] SmsApi.Middleware.LoggingActionFilter | CorrelationId:5c7c7071749148288f5ca45adbb8a458 | API Response: GET /api/analytics/attendance | Status: 200 | Duration: 12ms
2026-04-22 10:28:50.517 +05:30 [INF] Serilog.AspNetCore.RequestLoggingMiddleware | CorrelationId:5c7c7071749148288f5ca45adbb8a458 | HTTP GET /api/analytics/attendance responded 200 in 42.5271 ms
2026-04-22 10:28:50.523 +05:30 [INF] SmsApi.Middleware.LoggingActionFilter | CorrelationId:8c1f50cfcdd04ec58a75b8607c1d39d4 | API Request: GET /api/analytics/attendance | User: Unknown | School: 550e8400-e29b-41d4-a716-446655440000
2026-04-22 10:28:50.537 +05:30 [INF] SmsApi.Middleware.LoggingActionFilter | CorrelationId:8c1f50cfcdd04ec58a75b8607c1d39d4 | API Response: GET /api/analytics/attendance | Status: 200 | Duration: 13ms
2026-04-22 10:28:50.550 +05:30 [INF] Serilog.AspNetCore.RequestLoggingMiddleware | CorrelationId:8c1f50cfcdd04ec58a75b8607c1d39d4 | HTTP GET /api/analytics/attendance responded 200 in 29.9392 ms
2026-04-22 10:28:50.574 +05:30 [INF] SmsApi.Middleware.LoggingActionFilter | CorrelationId:8fda3c4854cb413e8594daa96ea4cbee | API Request: GET /api/analytics/dashboard/summary | User: Unknown | School: 550e8400-e29b-41d4-a716-446655440000
2026-04-22 10:28:50.577 +05:30 [INF] SmsApi.Middleware.LoggingActionFilter | CorrelationId:8fda3c4854cb413e8594daa96ea4cbee | API Response: GET /api/analytics/dashboard/summary | Status: 200 | Duration: 2ms
2026-04-22 10:28:50.579 +05:30 [INF] Serilog.AspNetCore.RequestLoggingMiddleware | CorrelationId:8fda3c4854cb413e8594daa96ea4cbee | HTTP GET /api/analytics/dashboard/summary responded 200 in 105.5488 ms
2026-04-22 10:28:50.582 +05:30 [INF] SmsApi.Middleware.LoggingActionFilter | CorrelationId:ca477d1593014fdbaa53a0a8dfde59c1 | API Request: GET /api/analytics/dashboard/summary | User: Unknown | School: 550e8400-e29b-41d4-a716-446655440000
2026-04-22 10:28:50.588 +05:30 [INF] SmsApi.Middleware.LoggingActionFilter | CorrelationId:ca477d1593014fdbaa53a0a8dfde59c1 | API Response: GET /api/analytics/dashboard/summary | Status: 200 | Duration: 6ms
2026-04-22 10:28:50.591 +05:30 [INF] Serilog.AspNetCore.RequestLoggingMiddleware | CorrelationId:ca477d1593014fdbaa53a0a8dfde59c1 | HTTP GET /api/analytics/dashboard/summary responded 200 in 11.0367 ms
2026-04-22 10:29:15.547 +05:30 [INF] Serilog.AspNetCore.RequestLoggingMiddleware | CorrelationId:1acdc8682ad0460bb33cfb910787f9fe | HTTP OPTIONS /api/notifications/unread-count responded 204 in 0.2426 ms
2026-04-22 10:29:15.557 +05:30 [INF] SmsApi.Middleware.LoggingActionFilter | CorrelationId:55c3a36439694cdc8371296771270987 | API Request: GET /api/notifications/unread-count | User: Unknown | School: 550e8400-e29b-41d4-a716-446655440000
2026-04-22 10:29:15.571 +05:30 [INF] SmsApi.Middleware.LoggingActionFilter | CorrelationId:55c3a36439694cdc8371296771270987 | API Response: GET /api/notifications/unread-count | Status: 200 | Duration: 13ms
2026-04-22 10:29:15.574 +05:30 [INF] Serilog.AspNetCore.RequestLoggingMiddleware | CorrelationId:55c3a36439694cdc8371296771270987 | HTTP GET /api/notifications/unread-count responded 200 in 18.4247 ms
2026-04-22 10:29:45.605 +05:30 [INF] Serilog.AspNetCore.RequestLoggingMiddleware | CorrelationId:b4f1fefa24104606b1ea0ba521443af2 | HTTP OPTIONS /api/notifications/unread-count responded 204 in 0.2714 ms
2026-04-22 10:29:45.625 +05:30 [INF] SmsApi.Middleware.LoggingActionFilter | CorrelationId:3f0b251ab3074139ba1125bde05aaa3b | API Request: GET /api/notifications/unread-count | User: Unknown | School: 550e8400-e29b-41d4-a716-446655440000
2026-04-22 10:29:45.634 +05:30 [INF] SmsApi.Middleware.LoggingActionFilter | CorrelationId:3f0b251ab3074139ba1125bde05aaa3b | API Response: GET /api/notifications/unread-count | Status: 200 | Duration: 9ms
2026-04-22 10:29:45.639 +05:30 [INF] Serilog.AspNetCore.RequestLoggingMiddleware | CorrelationId:3f0b251ab3074139ba1125bde05aaa3b | HTTP GET /api/notifications/unread-count responded 200 in 15.8932 ms
2026-04-22 10:30:14.143 +05:30 [INF] Serilog.AspNetCore.RequestLoggingMiddleware | CorrelationId:0f82e71f275c4960ad4753d4f2be6675 | HTTP OPTIONS /api/staff responded 204 in 0.0614 ms
2026-04-22 10:30:14.143 +05:30 [INF] Serilog.AspNetCore.RequestLoggingMiddleware | CorrelationId:340caf4ac4414367b37cf25c787158b4 | HTTP OPTIONS /api/staff responded 204 in 0.0614 ms
2026-04-22 10:30:14.163 +05:30 [INF] SmsApi.Middleware.LoggingActionFilter | CorrelationId:7a05e2c867da4dcf8c102f7c13fc578d | API Request: GET /api/staff | User: Unknown | School: 550e8400-e29b-41d4-a716-446655440000
2026-04-22 10:30:14.198 +05:30 [INF] SmsApi.Middleware.LoggingActionFilter | CorrelationId:7a05e2c867da4dcf8c102f7c13fc578d | API Response: GET /api/staff | Status: 200 | Duration: 35ms
2026-04-22 10:30:14.210 +05:30 [INF] Serilog.AspNetCore.RequestLoggingMiddleware | CorrelationId:7a05e2c867da4dcf8c102f7c13fc578d | HTTP GET /api/staff responded 200 in 61.3733 ms
2026-04-22 10:30:14.221 +05:30 [INF] SmsApi.Middleware.LoggingActionFilter | CorrelationId:4f76158098dc4f46b0190afc29698d8a | API Request: GET /api/staff | User: Unknown | School: 550e8400-e29b-41d4-a716-446655440000
2026-04-22 10:30:14.334 +05:30 [INF] SmsApi.Middleware.LoggingActionFilter | CorrelationId:4f76158098dc4f46b0190afc29698d8a | API Response: GET /api/staff | Status: 200 | Duration: 112ms
2026-04-22 10:30:14.338 +05:30 [INF] Serilog.AspNetCore.RequestLoggingMiddleware | CorrelationId:4f76158098dc4f46b0190afc29698d8a | HTTP GET /api/staff responded 200 in 120.1276 ms
2026-04-22 10:30:15.657 +05:30 [INF] Serilog.AspNetCore.RequestLoggingMiddleware | CorrelationId:41cda6c7ea2140c39384ae95088fa89b | HTTP OPTIONS /api/notifications/unread-count responded 204 in 0.0382 ms
2026-04-22 10:30:15.662 +05:30 [INF] SmsApi.Middleware.LoggingActionFilter | CorrelationId:8bbd38c2cecf4371847fcd43b83f2c57 | API Request: GET /api/notifications/unread-count | User: Unknown | School: 550e8400-e29b-41d4-a716-446655440000
2026-04-22 10:30:15.666 +05:30 [INF] SmsApi.Middleware.LoggingActionFilter | CorrelationId:8bbd38c2cecf4371847fcd43b83f2c57 | API Response: GET /api/notifications/unread-count | Status: 200 | Duration: 3ms
2026-04-22 10:30:15.672 +05:30 [INF] Serilog.AspNetCore.RequestLoggingMiddleware | CorrelationId:8bbd38c2cecf4371847fcd43b83f2c57 | HTTP GET /api/notifications/unread-count responded 200 in 10.2027 ms
2026-04-22 10:30:16.572 +05:30 [INF] Serilog.AspNetCore.RequestLoggingMiddleware | CorrelationId:91dc86dcc9ba42d18abfad2c16edf78c | HTTP OPTIONS /api/analytics/dashboard/summary responded 204 in 0.0414 ms
2026-04-22 10:30:16.572 +05:30 [INF] Serilog.AspNetCore.RequestLoggingMiddleware | CorrelationId:a4f04f3b50b0449393905d1641c94a22 | HTTP OPTIONS /api/analytics/attendance responded 204 in 0.0135 ms
2026-04-22 10:30:16.572 +05:30 [INF] Serilog.AspNetCore.RequestLoggingMiddleware | CorrelationId:7e5c89b3fad3424fa08ddf49c1dd3031 | HTTP OPTIONS /api/analytics/dashboard/summary responded 204 in 0.0195 ms
2026-04-22 10:30:16.572 +05:30 [INF] Serilog.AspNetCore.RequestLoggingMiddleware | CorrelationId:0cfff91064a94520808e9b6db6678b16 | HTTP OPTIONS /api/analytics/attendance responded 204 in 0.0044 ms
2026-04-22 10:30:16.585 +05:30 [INF] SmsApi.Middleware.LoggingActionFilter | CorrelationId:6e5f19ecd1f346c8bf9cee92deab95a2 | API Request: GET /api/analytics/dashboard/summary | User: Unknown | School: 550e8400-e29b-41d4-a716-446655440000
2026-04-22 10:30:16.585 +05:30 [INF] SmsApi.Middleware.LoggingActionFilter | CorrelationId:afddc15c18584bb3baf71452aacff861 | API Request: GET /api/analytics/attendance | User: Unknown | School: 550e8400-e29b-41d4-a716-446655440000
2026-04-22 10:30:16.594 +05:30 [INF] SmsApi.Middleware.LoggingActionFilter | CorrelationId:6e5f19ecd1f346c8bf9cee92deab95a2 | API Response: GET /api/analytics/dashboard/summary | Status: 200 | Duration: 9ms
2026-04-22 10:30:16.596 +05:30 [INF] Serilog.AspNetCore.RequestLoggingMiddleware | CorrelationId:6e5f19ecd1f346c8bf9cee92deab95a2 | HTTP GET /api/analytics/dashboard/summary responded 200 in 15.0366 ms
2026-04-22 10:30:16.602 +05:30 [INF] SmsApi.Middleware.LoggingActionFilter | CorrelationId:afddc15c18584bb3baf71452aacff861 | API Response: GET /api/analytics/attendance | Status: 200 | Duration: 17ms
2026-04-22 10:30:16.603 +05:30 [INF] SmsApi.Middleware.LoggingActionFilter | CorrelationId:b61dd598e363425caf7f2bef0dff868b | API Request: GET /api/analytics/dashboard/summary | User: Unknown | School: 550e8400-e29b-41d4-a716-446655440000
2026-04-22 10:30:16.608 +05:30 [INF] Serilog.AspNetCore.RequestLoggingMiddleware | CorrelationId:afddc15c18584bb3baf71452aacff861 | HTTP GET /api/analytics/attendance responded 200 in 24.2219 ms
2026-04-22 10:30:16.610 +05:30 [INF] SmsApi.Middleware.LoggingActionFilter | CorrelationId:b61dd598e363425caf7f2bef0dff868b | API Response: GET /api/analytics/dashboard/summary | Status: 200 | Duration: 7ms
2026-04-22 10:30:16.616 +05:30 [INF] Serilog.AspNetCore.RequestLoggingMiddleware | CorrelationId:b61dd598e363425caf7f2bef0dff868b | HTTP GET /api/analytics/dashboard/summary responded 200 in 17.3411 ms
2026-04-22 10:30:16.616 +05:30 [INF] SmsApi.Middleware.LoggingActionFilter | CorrelationId:0daec2c15d2247fd9aa0d1e97c105e69 | API Request: GET /api/analytics/attendance | User: Unknown | School: 550e8400-e29b-41d4-a716-446655440000
2026-04-22 10:30:16.632 +05:30 [INF] SmsApi.Middleware.LoggingActionFilter | CorrelationId:0daec2c15d2247fd9aa0d1e97c105e69 | API Response: GET /api/analytics/attendance | Status: 200 | Duration: 15ms
2026-04-22 10:30:16.639 +05:30 [INF] Serilog.AspNetCore.RequestLoggingMiddleware | CorrelationId:0daec2c15d2247fd9aa0d1e97c105e69 | HTTP GET /api/analytics/attendance responded 200 in 29.8740 ms
2026-04-22 10:30:21.800 +05:30 [INF] Serilog.AspNetCore.RequestLoggingMiddleware | CorrelationId:fb5e52bf0f1640898eb6e1a8dcf5f41d | HTTP OPTIONS /api/analytics/dashboard/summary responded 204 in 0.0515 ms
2026-04-22 10:30:21.801 +05:30 [INF] Serilog.AspNetCore.RequestLoggingMiddleware | CorrelationId:fa813df0160a48588770c4c3c3ee9bbf | HTTP OPTIONS /api/analytics/attendance responded 204 in 0.0133 ms
2026-04-22 10:30:21.809 +05:30 [INF] SmsApi.Middleware.LoggingActionFilter | CorrelationId:8c3b0d7db6544c28a174ea4551b1c9d5 | API Request: GET /api/analytics/dashboard/summary | User: Unknown | School: 550e8400-e29b-41d4-a716-446655440000
2026-04-22 10:30:21.812 +05:30 [INF] SmsApi.Middleware.LoggingActionFilter | CorrelationId:b9003431134c45bb92f6ecf9f8695613 | API Request: GET /api/analytics/attendance | User: Unknown | School: 550e8400-e29b-41d4-a716-446655440000
2026-04-22 10:30:21.813 +05:30 [INF] SmsApi.Middleware.LoggingActionFilter | CorrelationId:8c3b0d7db6544c28a174ea4551b1c9d5 | API Response: GET /api/analytics/dashboard/summary | Status: 200 | Duration: 3ms
2026-04-22 10:30:21.817 +05:30 [INF] SmsApi.Middleware.LoggingActionFilter | CorrelationId:b9003431134c45bb92f6ecf9f8695613 | API Response: GET /api/analytics/attendance | Status: 200 | Duration: 4ms
2026-04-22 10:30:21.818 +05:30 [INF] Serilog.AspNetCore.RequestLoggingMiddleware | CorrelationId:8c3b0d7db6544c28a174ea4551b1c9d5 | HTTP GET /api/analytics/dashboard/summary responded 200 in 11.5571 ms
2026-04-22 10:30:21.822 +05:30 [INF] Serilog.AspNetCore.RequestLoggingMiddleware | CorrelationId:b9003431134c45bb92f6ecf9f8695613 | HTTP GET /api/analytics/attendance responded 200 in 11.9717 ms
2026-04-22 10:30:22.401 +05:30 [INF] SmsApi.Middleware.LoggingActionFilter | CorrelationId:80778f8597634806959f02389b95355c | API Request: GET /api/analytics/dashboard/summary | User: Unknown | School: 550e8400-e29b-41d4-a716-446655440000
2026-04-22 10:30:22.401 +05:30 [INF] SmsApi.Middleware.LoggingActionFilter | CorrelationId:f9cb04d4c9f0477da7866d6e9208e4db | API Request: GET /api/analytics/attendance | User: Unknown | School: 550e8400-e29b-41d4-a716-446655440000
2026-04-22 10:30:22.405 +05:30 [INF] SmsApi.Middleware.LoggingActionFilter | CorrelationId:80778f8597634806959f02389b95355c | API Response: GET /api/analytics/dashboard/summary | Status: 200 | Duration: 4ms
2026-04-22 10:30:22.409 +05:30 [INF] SmsApi.Middleware.LoggingActionFilter | CorrelationId:f9cb04d4c9f0477da7866d6e9208e4db | API Response: GET /api/analytics/attendance | Status: 200 | Duration: 7ms
2026-04-22 10:30:22.409 +05:30 [INF] Serilog.AspNetCore.RequestLoggingMiddleware | CorrelationId:80778f8597634806959f02389b95355c | HTTP GET /api/analytics/dashboard/summary responded 200 in 10.3692 ms
2026-04-22 10:30:22.416 +05:30 [INF] Serilog.AspNetCore.RequestLoggingMiddleware | CorrelationId:f9cb04d4c9f0477da7866d6e9208e4db | HTTP GET /api/analytics/attendance responded 200 in 17.7185 ms
2026-04-22 10:30:26.833 +05:30 [INF] Serilog.AspNetCore.RequestLoggingMiddleware | CorrelationId:20c13b3984074fda93741e49d874691f | HTTP OPTIONS /api/analytics/attendance responded 204 in 0.1614 ms
2026-04-22 10:30:26.833 +05:30 [INF] Serilog.AspNetCore.RequestLoggingMiddleware | CorrelationId:c06ebe484bfe47a88385087079026611 | HTTP OPTIONS /api/analytics/dashboard/summary responded 204 in 0.0230 ms
2026-04-22 10:30:26.833 +05:30 [INF] Serilog.AspNetCore.RequestLoggingMiddleware | CorrelationId:c177768c7a8f4589b36e66c1db6297b4 | HTTP OPTIONS /api/analytics/dashboard/summary responded 204 in 0.0476 ms
2026-04-22 10:30:26.833 +05:30 [INF] Serilog.AspNetCore.RequestLoggingMiddleware | CorrelationId:e6909bc2a02f4453a63c83ec90992681 | HTTP OPTIONS /api/analytics/attendance responded 204 in 0.0219 ms
2026-04-22 10:30:26.850 +05:30 [INF] SmsApi.Middleware.LoggingActionFilter | CorrelationId:806d8c0129824223bf52a8042a00b8bf | API Request: GET /api/analytics/attendance | User: Unknown | School: 550e8400-e29b-41d4-a716-446655440000
2026-04-22 10:30:26.852 +05:30 [INF] SmsApi.Middleware.LoggingActionFilter | CorrelationId:707f6f61e1f5432e9097f8b98f0e039f | API Request: GET /api/analytics/dashboard/summary | User: Unknown | School: 550e8400-e29b-41d4-a716-446655440000
2026-04-22 10:30:26.860 +05:30 [INF] SmsApi.Middleware.LoggingActionFilter | CorrelationId:707f6f61e1f5432e9097f8b98f0e039f | API Response: GET /api/analytics/dashboard/summary | Status: 200 | Duration: 7ms
2026-04-22 10:30:26.863 +05:30 [INF] SmsApi.Middleware.LoggingActionFilter | CorrelationId:806d8c0129824223bf52a8042a00b8bf | API Response: GET /api/analytics/attendance | Status: 200 | Duration: 13ms
2026-04-22 10:30:26.864 +05:30 [INF] Serilog.AspNetCore.RequestLoggingMiddleware | CorrelationId:707f6f61e1f5432e9097f8b98f0e039f | HTTP GET /api/analytics/dashboard/summary responded 200 in 14.2917 ms
2026-04-22 10:30:26.867 +05:30 [INF] Serilog.AspNetCore.RequestLoggingMiddleware | CorrelationId:806d8c0129824223bf52a8042a00b8bf | HTTP GET /api/analytics/attendance responded 200 in 23.8205 ms
2026-04-22 10:30:26.869 +05:30 [INF] SmsApi.Middleware.LoggingActionFilter | CorrelationId:8328459a2e71447c8c5ceb6e15c0cfd1 | API Request: GET /api/analytics/dashboard/summary | User: Unknown | School: 550e8400-e29b-41d4-a716-446655440000
2026-04-22 10:30:26.872 +05:30 [INF] SmsApi.Middleware.LoggingActionFilter | CorrelationId:983c0f410b9f4ed8a1752831a9473704 | API Request: GET /api/analytics/attendance | User: Unknown | School: 550e8400-e29b-41d4-a716-446655440000
2026-04-22 10:30:26.880 +05:30 [INF] SmsApi.Middleware.LoggingActionFilter | CorrelationId:8328459a2e71447c8c5ceb6e15c0cfd1 | API Response: GET /api/analytics/dashboard/summary | Status: 200 | Duration: 11ms
2026-04-22 10:30:26.883 +05:30 [INF] SmsApi.Middleware.LoggingActionFilter | CorrelationId:983c0f410b9f4ed8a1752831a9473704 | API Response: GET /api/analytics/attendance | Status: 200 | Duration: 10ms
2026-04-22 10:30:26.888 +05:30 [INF] Serilog.AspNetCore.RequestLoggingMiddleware | CorrelationId:8328459a2e71447c8c5ceb6e15c0cfd1 | HTTP GET /api/analytics/dashboard/summary responded 200 in 22.4881 ms
2026-04-22 10:30:26.893 +05:30 [INF] Serilog.AspNetCore.RequestLoggingMiddleware | CorrelationId:983c0f410b9f4ed8a1752831a9473704 | HTTP GET /api/analytics/attendance responded 200 in 24.1350 ms
2026-04-22 10:30:29.236 +05:30 [INF] Serilog.AspNetCore.RequestLoggingMiddleware | CorrelationId:42c540b0c5fb4d8bab7c71dae6e7845d | HTTP OPTIONS /api/academics/academic-years responded 204 in 0.1414 ms
2026-04-22 10:30:29.236 +05:30 [INF] Serilog.AspNetCore.RequestLoggingMiddleware | CorrelationId:6f86a3d18cce4c84a3b51b9dcd9c7e54 | HTTP OPTIONS /api/academics/academic-years responded 204 in 0.2428 ms
2026-04-22 10:30:29.308 +05:30 [INF] Serilog.AspNetCore.RequestLoggingMiddleware | CorrelationId:ea38910dd638460cbad9e45d862a608e | HTTP GET /api/academics/academic-years responded 401 in 4.3275 ms
2026-04-22 10:30:29.321 +05:30 [INF] Serilog.AspNetCore.RequestLoggingMiddleware | CorrelationId:ef78595205264dca8625d3993dbaacdb | HTTP GET /api/academics/academic-years responded 401 in 0.1337 ms
2026-04-22 10:30:37.318 +05:30 [INF] Serilog.AspNetCore.RequestLoggingMiddleware | CorrelationId:e1a739b53b014d0999a4b87a67a35475 | HTTP OPTIONS /api/auth/login responded 204 in 0.0470 ms
2026-04-22 10:30:37.338 +05:30 [INF] SmsApi.Middleware.LoggingActionFilter | CorrelationId:9d4bf29a7930436bb88785aa05adfd5d | API Request: POST /api/auth/login | User: Unknown | School: Unknown
2026-04-22 10:30:37.825 +05:30 [INF] SmsApi.Controllers.AuthController | CorrelationId:9d4bf29a7930436bb88785aa05adfd5d | Login successful for superadmin (SchoolId: "00000000-0000-0000-0000-000000000001")
2026-04-22 10:30:37.827 +05:30 [INF] SmsApi.Middleware.LoggingActionFilter | CorrelationId:9d4bf29a7930436bb88785aa05adfd5d | API Response: POST /api/auth/login | Status: 200 | Duration: 489ms
2026-04-22 10:30:37.838 +05:30 [INF] Serilog.AspNetCore.RequestLoggingMiddleware | CorrelationId:9d4bf29a7930436bb88785aa05adfd5d | HTTP POST /api/auth/login responded 200 in 507.7493 ms
2026-04-22 10:30:37.904 +05:30 [INF] Serilog.AspNetCore.RequestLoggingMiddleware | CorrelationId:f0a395d1a1544e649d35f0599f4d0430 | HTTP OPTIONS /api/settings/school/me responded 204 in 0.4320 ms
2026-04-22 10:30:38.114 +05:30 [INF] Serilog.AspNetCore.RequestLoggingMiddleware | CorrelationId:3b50a7b1a4754f2387d935de1f1f3200 | HTTP OPTIONS /api/academics/academic-years responded 204 in 0.0138 ms
2026-04-22 10:30:38.114 +05:30 [INF] Serilog.AspNetCore.RequestLoggingMiddleware | CorrelationId:0c4973cb9b8c4015a7e66aaf2b7f8940 | HTTP OPTIONS /api/academics/academic-years responded 204 in 0.0560 ms
2026-04-22 10:30:38.118 +05:30 [INF] SmsApi.Middleware.LoggingActionFilter | CorrelationId:e674a950ddc84bffb2ea41110e296b14 | API Request: GET /api/settings/school/me | User: Unknown | School: 00000000-0000-0000-0000-000000000001
2026-04-22 10:30:38.158 +05:30 [INF] SmsApi.Middleware.LoggingActionFilter | CorrelationId:20b1dbbc687241658684a795fca9a7d7 | API Request: GET /api/academics/academic-years | User: Unknown | School: 00000000-0000-0000-0000-000000000001
2026-04-22 10:30:38.179 +05:30 [INF] Serilog.AspNetCore.RequestLoggingMiddleware | CorrelationId:6176fc901ecc4212bf7859ac1159542b | HTTP OPTIONS /api/notifications/unread-count responded 204 in 0.0407 ms
2026-04-22 10:30:38.179 +05:30 [INF] Serilog.AspNetCore.RequestLoggingMiddleware | CorrelationId:9f0473b8015e47e1a53fa48fd2cfccb1 | HTTP OPTIONS /api/school-feature-permissions/stats responded 204 in 0.0084 ms
2026-04-22 10:30:38.218 +05:30 [INF] Serilog.AspNetCore.RequestLoggingMiddleware | CorrelationId:f0a9a30bd39d42dab169c084315596a8 | HTTP OPTIONS /api/school-feature-permissions/schools responded 204 in 0.0342 ms
2026-04-22 10:30:38.218 +05:30 [INF] Serilog.AspNetCore.RequestLoggingMiddleware | CorrelationId:07077e6b398f43eea437c4469fb6b0e8 | HTTP OPTIONS /api/school-feature-permissions/schools/550e8400-e29b-41d4-a716-446655440000 responded 204 in 0.0143 ms
2026-04-22 10:30:38.229 +05:30 [INF] SmsApi.Middleware.LoggingActionFilter | CorrelationId:e674a950ddc84bffb2ea41110e296b14 | API Response: GET /api/settings/school/me | Status: 200 | Duration: 110ms
2026-04-22 10:30:38.238 +05:30 [INF] SmsApi.Middleware.LoggingActionFilter | CorrelationId:20b1dbbc687241658684a795fca9a7d7 | API Response: GET /api/academics/academic-years | Status: 200 | Duration: 80ms
2026-04-22 10:30:38.242 +05:30 [INF] Serilog.AspNetCore.RequestLoggingMiddleware | CorrelationId:986d193c07ae48cfb749c309f9bf761d | HTTP OPTIONS /api/school-feature-permissions/stats responded 204 in 0.0612 ms
2026-04-22 10:30:38.256 +05:30 [INF] Serilog.AspNetCore.RequestLoggingMiddleware | CorrelationId:04f5acb4120b46039e3fd20c95db359f | HTTP OPTIONS /api/school-feature-permissions/schools/550e8400-e29b-41d4-a716-446655440000 responded 204 in 0.0641 ms
2026-04-22 10:30:38.256 +05:30 [INF] Serilog.AspNetCore.RequestLoggingMiddleware | CorrelationId:e674a950ddc84bffb2ea41110e296b14 | HTTP GET /api/settings/school/me responded 200 in 142.0008 ms
2026-04-22 10:30:38.258 +05:30 [INF] Serilog.AspNetCore.RequestLoggingMiddleware | CorrelationId:20b1dbbc687241658684a795fca9a7d7 | HTTP GET /api/academics/academic-years responded 200 in 101.1093 ms
2026-04-22 10:30:38.261 +05:30 [INF] Serilog.AspNetCore.RequestLoggingMiddleware | CorrelationId:cd85c292160445258a38d2585836a106 | HTTP OPTIONS /api/school-feature-permissions/schools responded 204 in 0.0358 ms
2026-04-22 10:30:38.270 +05:30 [INF] SmsApi.Middleware.LoggingActionFilter | CorrelationId:9b7b0ec92eb24f15a67ee7beaf0f3d48 | API Request: GET /api/notifications/unread-count | User: Unknown | School: 00000000-0000-0000-0000-000000000001
2026-04-22 10:30:38.285 +05:30 [INF] SmsApi.Middleware.LoggingActionFilter | CorrelationId:cbdb63fc79ca44e1ba63c71306ba04ce | API Request: GET /api/school-feature-permissions/stats | User: Unknown | School: 00000000-0000-0000-0000-000000000001
2026-04-22 10:30:38.296 +05:30 [INF] SmsApi.Middleware.LoggingActionFilter | CorrelationId:b7a0427ebe1f48f39c44bae2f72ed32a | API Request: GET /api/school-feature-permissions/schools | User: Unknown | School: 00000000-0000-0000-0000-000000000001
2026-04-22 10:30:38.299 +05:30 [INF] SmsApi.Middleware.LoggingActionFilter | CorrelationId:f77eac93b5fd451cac98d02472bd7c8d | API Request: GET /api/school-feature-permissions/schools/550e8400-e29b-41d4-a716-446655440000 | User: Unknown | School: 00000000-0000-0000-0000-000000000001
2026-04-22 10:30:38.303 +05:30 [INF] SmsApi.Middleware.LoggingActionFilter | CorrelationId:9b7b0ec92eb24f15a67ee7beaf0f3d48 | API Response: GET /api/notifications/unread-count | Status: 200 | Duration: 32ms
2026-04-22 10:30:38.308 +05:30 [INF] SmsApi.Middleware.LoggingActionFilter | CorrelationId:5c80169e712149dbb1f05343c8f8b116 | API Request: GET /api/academics/academic-years | User: Unknown | School: 00000000-0000-0000-0000-000000000001
2026-04-22 10:30:38.314 +05:30 [INF] SmsApi.Middleware.LoggingActionFilter | CorrelationId:b7a0427ebe1f48f39c44bae2f72ed32a | API Response: GET /api/school-feature-permissions/schools | Status: 200 | Duration: 19ms
2026-04-22 10:30:38.322 +05:30 [INF] SmsApi.Middleware.LoggingActionFilter | CorrelationId:f77eac93b5fd451cac98d02472bd7c8d | API Response: GET /api/school-feature-permissions/schools/550e8400-e29b-41d4-a716-446655440000 | Status: 200 | Duration: 22ms
2026-04-22 10:30:38.322 +05:30 [INF] Serilog.AspNetCore.RequestLoggingMiddleware | CorrelationId:9b7b0ec92eb24f15a67ee7beaf0f3d48 | HTTP GET /api/notifications/unread-count responded 200 in 52.3753 ms
2026-04-22 10:30:38.325 +05:30 [INF] SmsApi.Middleware.LoggingActionFilter | CorrelationId:cbdb63fc79ca44e1ba63c71306ba04ce | API Response: GET /api/school-feature-permissions/stats | Status: 200 | Duration: 40ms
2026-04-22 10:30:38.325 +05:30 [INF] Serilog.AspNetCore.RequestLoggingMiddleware | CorrelationId:b7a0427ebe1f48f39c44bae2f72ed32a | HTTP GET /api/school-feature-permissions/schools responded 200 in 32.6036 ms
2026-04-22 10:30:38.327 +05:30 [INF] Serilog.AspNetCore.RequestLoggingMiddleware | CorrelationId:f77eac93b5fd451cac98d02472bd7c8d | HTTP GET /api/school-feature-permissions/schools/550e8400-e29b-41d4-a716-446655440000 responded 200 in 28.2089 ms
2026-04-22 10:30:38.341 +05:30 [INF] Serilog.AspNetCore.RequestLoggingMiddleware | CorrelationId:cbdb63fc79ca44e1ba63c71306ba04ce | HTTP GET /api/school-feature-permissions/stats responded 200 in 57.2590 ms
2026-04-22 10:30:38.341 +05:30 [INF] SmsApi.Middleware.LoggingActionFilter | CorrelationId:af10192546084e3e966d269628ad1b57 | API Request: GET /api/school-feature-permissions/schools | User: Unknown | School: 00000000-0000-0000-0000-000000000001
2026-04-22 10:30:38.347 +05:30 [INF] SmsApi.Middleware.LoggingActionFilter | CorrelationId:5c80169e712149dbb1f05343c8f8b116 | API Response: GET /api/academics/academic-years | Status: 200 | Duration: 39ms
2026-04-22 10:30:38.349 +05:30 [INF] SmsApi.Middleware.LoggingActionFilter | CorrelationId:e86766edbc234623bf5444ab9e8b6d1b | API Request: GET /api/school-feature-permissions/schools/550e8400-e29b-41d4-a716-446655440000 | User: Unknown | School: 00000000-0000-0000-0000-000000000001
2026-04-22 10:30:38.363 +05:30 [INF] Serilog.AspNetCore.RequestLoggingMiddleware | CorrelationId:5c80169e712149dbb1f05343c8f8b116 | HTTP GET /api/academics/academic-years responded 200 in 57.8352 ms
2026-04-22 10:30:38.366 +05:30 [INF] SmsApi.Middleware.LoggingActionFilter | CorrelationId:af10192546084e3e966d269628ad1b57 | API Response: GET /api/school-feature-permissions/schools | Status: 200 | Duration: 25ms
2026-04-22 10:30:38.375 +05:30 [INF] SmsApi.Middleware.LoggingActionFilter | CorrelationId:f189c9f2a427487ca52b8e2335e5c09e | API Request: GET /api/school-feature-permissions/stats | User: Unknown | School: 00000000-0000-0000-0000-000000000001
2026-04-22 10:30:38.440 +05:30 [INF] SmsApi.Middleware.LoggingActionFilter | CorrelationId:e86766edbc234623bf5444ab9e8b6d1b | API Response: GET /api/school-feature-permissions/schools/550e8400-e29b-41d4-a716-446655440000 | Status: 200 | Duration: 90ms
2026-04-22 10:30:38.460 +05:30 [INF] Serilog.AspNetCore.RequestLoggingMiddleware | CorrelationId:af10192546084e3e966d269628ad1b57 | HTTP GET /api/school-feature-permissions/schools responded 200 in 119.6542 ms
2026-04-22 10:30:38.486 +05:30 [INF] Serilog.AspNetCore.RequestLoggingMiddleware | CorrelationId:e86766edbc234623bf5444ab9e8b6d1b | HTTP GET /api/school-feature-permissions/schools/550e8400-e29b-41d4-a716-446655440000 responded 200 in 136.8273 ms
2026-04-22 10:30:38.490 +05:30 [INF] SmsApi.Middleware.LoggingActionFilter | CorrelationId:f189c9f2a427487ca52b8e2335e5c09e | API Response: GET /api/school-feature-permissions/stats | Status: 200 | Duration: 115ms
2026-04-22 10:30:38.506 +05:30 [INF] Serilog.AspNetCore.RequestLoggingMiddleware | CorrelationId:f189c9f2a427487ca52b8e2335e5c09e | HTTP GET /api/school-feature-permissions/stats responded 200 in 138.3298 ms
2026-04-22 10:30:45.861 +05:30 [INF] Serilog.AspNetCore.RequestLoggingMiddleware | CorrelationId:643eb4d6e4914605a71f5fa79039e30c | HTTP OPTIONS /api/school-feature-permissions/schools/550e8400-e29b-41d4-a716-446655440000/modules/health responded 204 in 0.0866 ms
2026-04-22 10:30:45.876 +05:30 [INF] SmsApi.Middleware.LoggingActionFilter | CorrelationId:e9c7fa8954ac4977befc6af4a3f62d32 | API Request: PUT /api/school-feature-permissions/schools/550e8400-e29b-41d4-a716-446655440000/modules/health | User: Unknown | School: 00000000-0000-0000-0000-000000000001
2026-04-22 10:30:45.885 +05:30 [INF] SmsApi.Middleware.LoggingActionFilter | CorrelationId:e9c7fa8954ac4977befc6af4a3f62d32 | API Response: PUT /api/school-feature-permissions/schools/550e8400-e29b-41d4-a716-446655440000/modules/health | Status: 200 | Duration: 9ms
2026-04-22 10:30:45.892 +05:30 [INF] Serilog.AspNetCore.RequestLoggingMiddleware | CorrelationId:e9c7fa8954ac4977befc6af4a3f62d32 | HTTP PUT /api/school-feature-permissions/schools/550e8400-e29b-41d4-a716-446655440000/modules/health responded 200 in 18.4719 ms
2026-04-22 10:30:45.898 +05:30 [INF] Serilog.AspNetCore.RequestLoggingMiddleware | CorrelationId:98eceebf64304bafa117925f59e6a489 | HTTP OPTIONS /api/school-feature-permissions/schools/550e8400-e29b-41d4-a716-446655440000 responded 204 in 0.0392 ms
2026-04-22 10:30:45.903 +05:30 [INF] SmsApi.Middleware.LoggingActionFilter | CorrelationId:6ec5a828558d4c8cae5ca126301e0663 | API Request: GET /api/school-feature-permissions/schools/550e8400-e29b-41d4-a716-446655440000 | User: Unknown | School: 00000000-0000-0000-0000-000000000001
2026-04-22 10:30:45.907 +05:30 [INF] SmsApi.Middleware.LoggingActionFilter | CorrelationId:6ec5a828558d4c8cae5ca126301e0663 | API Response: GET /api/school-feature-permissions/schools/550e8400-e29b-41d4-a716-446655440000 | Status: 200 | Duration: 4ms
2026-04-22 10:30:45.910 +05:30 [INF] Serilog.AspNetCore.RequestLoggingMiddleware | CorrelationId:6ec5a828558d4c8cae5ca126301e0663 | HTTP GET /api/school-feature-permissions/schools/550e8400-e29b-41d4-a716-446655440000 responded 200 in 7.2342 ms
2026-04-22 10:30:48.401 +05:30 [INF] Serilog.AspNetCore.RequestLoggingMiddleware | CorrelationId:c9c07a9aca7349bea23ebe1bc5706bdb | HTTP OPTIONS /api/school-feature-permissions/schools/550e8400-e29b-41d4-a716-446655440000/modules/hostel responded 204 in 3.1298 ms
2026-04-22 10:30:48.424 +05:30 [INF] SmsApi.Middleware.LoggingActionFilter | CorrelationId:34665958ab5c4c6aaa1e0bea498d4434 | API Request: PUT /api/school-feature-permissions/schools/550e8400-e29b-41d4-a716-446655440000/modules/hostel | User: Unknown | School: 00000000-0000-0000-0000-000000000001
2026-04-22 10:30:48.431 +05:30 [INF] SmsApi.Middleware.LoggingActionFilter | CorrelationId:34665958ab5c4c6aaa1e0bea498d4434 | API Response: PUT /api/school-feature-permissions/schools/550e8400-e29b-41d4-a716-446655440000/modules/hostel | Status: 200 | Duration: 6ms
2026-04-22 10:30:48.436 +05:30 [INF] Serilog.AspNetCore.RequestLoggingMiddleware | CorrelationId:34665958ab5c4c6aaa1e0bea498d4434 | HTTP PUT /api/school-feature-permissions/schools/550e8400-e29b-41d4-a716-446655440000/modules/hostel responded 200 in 12.7471 ms
2026-04-22 10:30:48.443 +05:30 [INF] SmsApi.Middleware.LoggingActionFilter | CorrelationId:1a2bd5580ab846eea8bd7b3f3e1247b2 | API Request: GET /api/school-feature-permissions/schools/550e8400-e29b-41d4-a716-446655440000 | User: Unknown | School: 00000000-0000-0000-0000-000000000001
2026-04-22 10:30:48.447 +05:30 [INF] SmsApi.Middleware.LoggingActionFilter | CorrelationId:1a2bd5580ab846eea8bd7b3f3e1247b2 | API Response: GET /api/school-feature-permissions/schools/550e8400-e29b-41d4-a716-446655440000 | Status: 200 | Duration: 3ms
2026-04-22 10:30:48.448 +05:30 [INF] Serilog.AspNetCore.RequestLoggingMiddleware | CorrelationId:1a2bd5580ab846eea8bd7b3f3e1247b2 | HTTP GET /api/school-feature-permissions/schools/550e8400-e29b-41d4-a716-446655440000 responded 200 in 5.7863 ms
2026-04-22 10:30:51.851 +05:30 [INF] Serilog.AspNetCore.RequestLoggingMiddleware | CorrelationId:a86ec850d0e74f228852f367829fce1c | HTTP OPTIONS /api/school-feature-permissions/stats responded 204 in 0.0786 ms
2026-04-22 10:30:51.851 +05:30 [INF] Serilog.AspNetCore.RequestLoggingMiddleware | CorrelationId:8e60000411d542fab54d91419659d1df | HTTP OPTIONS /api/school-feature-permissions/stats responded 204 in 0.0180 ms
2026-04-22 10:30:52.037 +05:30 [INF] Serilog.AspNetCore.RequestLoggingMiddleware | CorrelationId:00b3bea42e074a9aba037a485e696340 | HTTP OPTIONS /api/academics/academic-years responded 204 in 0.0361 ms
2026-04-22 10:30:52.057 +05:30 [INF] Serilog.AspNetCore.RequestLoggingMiddleware | CorrelationId:105c9439385643808d19c470ad4b03ed | HTTP OPTIONS /api/academics/academic-years responded 204 in 0.0406 ms
2026-04-22 10:30:52.136 +05:30 [INF] Serilog.AspNetCore.RequestLoggingMiddleware | CorrelationId:0e5969cf1a834466b3ddbde46db5d271 | HTTP GET /api/academics/academic-years responded 401 in 0.7301 ms
2026-04-22 10:30:52.141 +05:30 [INF] Serilog.AspNetCore.RequestLoggingMiddleware | CorrelationId:03a1a8bba0b744ba96d4f9e169e3ecb6 | HTTP GET /api/academics/academic-years responded 401 in 0.1347 ms
2026-04-22 10:30:56.365 +05:30 [INF] Serilog.AspNetCore.RequestLoggingMiddleware | CorrelationId:7c5646edecca4a63978a38b078a72637 | HTTP OPTIONS /api/auth/login responded 204 in 0.0546 ms
2026-04-22 10:30:56.378 +05:30 [INF] SmsApi.Middleware.LoggingActionFilter | CorrelationId:c3bf22a094b243479dbcdf103d2416ff | API Request: POST /api/auth/login | User: Unknown | School: Unknown
2026-04-22 10:30:56.839 +05:30 [INF] SmsApi.Controllers.AuthController | CorrelationId:c3bf22a094b243479dbcdf103d2416ff | Login successful for admin (SchoolId: "550e8400-e29b-41d4-a716-446655440000")
2026-04-22 10:30:56.843 +05:30 [INF] SmsApi.Middleware.LoggingActionFilter | CorrelationId:c3bf22a094b243479dbcdf103d2416ff | API Response: POST /api/auth/login | Status: 200 | Duration: 464ms
2026-04-22 10:30:56.851 +05:30 [INF] Serilog.AspNetCore.RequestLoggingMiddleware | CorrelationId:c3bf22a094b243479dbcdf103d2416ff | HTTP POST /api/auth/login responded 200 in 474.9100 ms
2026-04-22 10:30:56.899 +05:30 [INF] Serilog.AspNetCore.RequestLoggingMiddleware | CorrelationId:35d561fc409e4b0696db41c65aeffd2a | HTTP OPTIONS /api/settings/school/me responded 204 in 0.0806 ms
2026-04-22 10:30:56.943 +05:30 [INF] Serilog.AspNetCore.RequestLoggingMiddleware | CorrelationId:d48b9fc3c0084213992bd82b6334ba8b | HTTP OPTIONS /api/school-feature-permissions/schools/550e8400-e29b-41d4-a716-446655440000 responded 204 in 0.8911 ms
2026-04-22 10:30:57.077 +05:30 [INF] Serilog.AspNetCore.RequestLoggingMiddleware | CorrelationId:7833fdc2aa544f2f9a424b7e24891ca5 | HTTP OPTIONS /api/academics/academic-years responded 204 in 0.0479 ms
2026-04-22 10:30:57.079 +05:30 [INF] Serilog.AspNetCore.RequestLoggingMiddleware | CorrelationId:9197fb2fba5d4a8eaacb6608f2386b00 | HTTP OPTIONS /api/academics/academic-years responded 204 in 0.0335 ms
2026-04-22 10:30:57.083 +05:30 [INF] SmsApi.Middleware.LoggingActionFilter | CorrelationId:20ef20b78e0c481da0cc850acebc4a99 | API Request: GET /api/school-feature-permissions/schools/550e8400-e29b-41d4-a716-446655440000 | User: Unknown | School: 550e8400-e29b-41d4-a716-446655440000
2026-04-22 10:30:57.085 +05:30 [INF] SmsApi.Middleware.LoggingActionFilter | CorrelationId:81cfae75dbe74f2e8eb40b95ada898b3 | API Request: GET /api/settings/school/me | User: Unknown | School: 550e8400-e29b-41d4-a716-446655440000
2026-04-22 10:30:57.141 +05:30 [INF] Serilog.AspNetCore.RequestLoggingMiddleware | CorrelationId:66089bd7a7314933acd27cec301f6615 | HTTP OPTIONS /api/notifications/unread-count responded 204 in 0.0710 ms
2026-04-22 10:30:57.141 +05:30 [INF] Serilog.AspNetCore.RequestLoggingMiddleware | CorrelationId:e2b03020f2ad4355ac6706842d9896b4 | HTTP OPTIONS /api/analytics/dashboard/summary responded 204 in 0.0114 ms
2026-04-22 10:30:57.208 +05:30 [INF] Serilog.AspNetCore.RequestLoggingMiddleware | CorrelationId:1c675b7dcd0242c9a519024416270b8f | HTTP OPTIONS /api/analytics/attendance responded 204 in 0.0492 ms
2026-04-22 10:30:57.210 +05:30 [INF] Serilog.AspNetCore.RequestLoggingMiddleware | CorrelationId:9999f781322344ca8758f9ca784ed179 | HTTP OPTIONS /api/analytics/dashboard/summary responded 204 in 0.0161 ms
2026-04-22 10:30:57.214 +05:30 [INF] SmsApi.Middleware.LoggingActionFilter | CorrelationId:81cfae75dbe74f2e8eb40b95ada898b3 | API Response: GET /api/settings/school/me | Status: 200 | Duration: 128ms
2026-04-22 10:30:57.214 +05:30 [INF] SmsApi.Middleware.LoggingActionFilter | CorrelationId:20ef20b78e0c481da0cc850acebc4a99 | API Response: GET /api/school-feature-permissions/schools/550e8400-e29b-41d4-a716-446655440000 | Status: 200 | Duration: 131ms
2026-04-22 10:30:57.219 +05:30 [INF] Serilog.AspNetCore.RequestLoggingMiddleware | CorrelationId:16aa97021f2f4ac09c30c9fdc2bedc0a | HTTP OPTIONS /api/analytics/attendance responded 204 in 0.0414 ms
2026-04-22 10:30:57.225 +05:30 [INF] SmsApi.Middleware.LoggingActionFilter | CorrelationId:c1f009b8730946f78fba8f4ff3c9b201 | API Request: GET /api/academics/academic-years | User: Unknown | School: 550e8400-e29b-41d4-a716-446655440000
2026-04-22 10:30:57.234 +05:30 [INF] SmsApi.Middleware.LoggingActionFilter | CorrelationId:bb94673410564e4f9148ebb8e815f800 | API Request: GET /api/notifications/unread-count | User: Unknown | School: 550e8400-e29b-41d4-a716-446655440000
2026-04-22 10:30:57.251 +05:30 [INF] SmsApi.Middleware.LoggingActionFilter | CorrelationId:15553af765d2439eb51e722253a96633 | API Request: GET /api/analytics/dashboard/summary | User: Unknown | School: 550e8400-e29b-41d4-a716-446655440000
2026-04-22 10:30:57.263 +05:30 [INF] Serilog.AspNetCore.RequestLoggingMiddleware | CorrelationId:81cfae75dbe74f2e8eb40b95ada898b3 | HTTP GET /api/settings/school/me responded 200 in 178.4098 ms
2026-04-22 10:30:57.264 +05:30 [INF] Serilog.AspNetCore.RequestLoggingMiddleware | CorrelationId:20ef20b78e0c481da0cc850acebc4a99 | HTTP GET /api/school-feature-permissions/schools/550e8400-e29b-41d4-a716-446655440000 responded 200 in 182.9900 ms
2026-04-22 10:30:57.270 +05:30 [INF] SmsApi.Middleware.LoggingActionFilter | CorrelationId:56a8960588f84cb5b34ca6f60be752d1 | API Request: GET /api/analytics/attendance | User: Unknown | School: 550e8400-e29b-41d4-a716-446655440000
2026-04-22 10:30:57.274 +05:30 [INF] SmsApi.Middleware.LoggingActionFilter | CorrelationId:c1f009b8730946f78fba8f4ff3c9b201 | API Response: GET /api/academics/academic-years | Status: 200 | Duration: 49ms
2026-04-22 10:30:57.274 +05:30 [INF] SmsApi.Middleware.LoggingActionFilter | CorrelationId:bb94673410564e4f9148ebb8e815f800 | API Response: GET /api/notifications/unread-count | Status: 200 | Duration: 40ms
2026-04-22 10:30:57.276 +05:30 [INF] SmsApi.Middleware.LoggingActionFilter | CorrelationId:15553af765d2439eb51e722253a96633 | API Response: GET /api/analytics/dashboard/summary | Status: 200 | Duration: 25ms
2026-04-22 10:30:57.291 +05:30 [INF] Serilog.AspNetCore.RequestLoggingMiddleware | CorrelationId:c1f009b8730946f78fba8f4ff3c9b201 | HTTP GET /api/academics/academic-years responded 200 in 65.9928 ms
2026-04-22 10:30:57.292 +05:30 [INF] SmsApi.Middleware.LoggingActionFilter | CorrelationId:56a8960588f84cb5b34ca6f60be752d1 | API Response: GET /api/analytics/attendance | Status: 200 | Duration: 22ms
2026-04-22 10:30:57.293 +05:30 [INF] Serilog.AspNetCore.RequestLoggingMiddleware | CorrelationId:bb94673410564e4f9148ebb8e815f800 | HTTP GET /api/notifications/unread-count responded 200 in 60.0290 ms
2026-04-22 10:30:57.294 +05:30 [INF] SmsApi.Middleware.LoggingActionFilter | CorrelationId:6ff2966946ff48ea8cb3fb2308b6bdc8 | API Request: GET /api/academics/academic-years | User: Unknown | School: 550e8400-e29b-41d4-a716-446655440000
2026-04-22 10:30:57.298 +05:30 [INF] Serilog.AspNetCore.RequestLoggingMiddleware | CorrelationId:15553af765d2439eb51e722253a96633 | HTTP GET /api/analytics/dashboard/summary responded 200 in 49.3006 ms
2026-04-22 10:30:57.302 +05:30 [INF] SmsApi.Middleware.LoggingActionFilter | CorrelationId:ceeb82e853c6442b841f0f413d1939f1 | API Request: GET /api/analytics/dashboard/summary | User: Unknown | School: 550e8400-e29b-41d4-a716-446655440000
2026-04-22 10:30:57.306 +05:30 [INF] Serilog.AspNetCore.RequestLoggingMiddleware | CorrelationId:56a8960588f84cb5b34ca6f60be752d1 | HTTP GET /api/analytics/attendance responded 200 in 38.0658 ms
2026-04-22 10:30:57.314 +05:30 [INF] SmsApi.Middleware.LoggingActionFilter | CorrelationId:43e6225afd6743a5b46ce86a8cdb8032 | API Request: GET /api/analytics/attendance | User: Unknown | School: 550e8400-e29b-41d4-a716-446655440000
2026-04-22 10:30:57.318 +05:30 [INF] SmsApi.Middleware.LoggingActionFilter | CorrelationId:6ff2966946ff48ea8cb3fb2308b6bdc8 | API Response: GET /api/academics/academic-years | Status: 200 | Duration: 23ms
2026-04-22 10:30:57.320 +05:30 [INF] SmsApi.Middleware.LoggingActionFilter | CorrelationId:ceeb82e853c6442b841f0f413d1939f1 | API Response: GET /api/analytics/dashboard/summary | Status: 200 | Duration: 17ms
2026-04-22 10:30:57.333 +05:30 [INF] Serilog.AspNetCore.RequestLoggingMiddleware | CorrelationId:6ff2966946ff48ea8cb3fb2308b6bdc8 | HTTP GET /api/academics/academic-years responded 200 in 40.5240 ms
2026-04-22 10:30:57.335 +05:30 [INF] SmsApi.Middleware.LoggingActionFilter | CorrelationId:43e6225afd6743a5b46ce86a8cdb8032 | API Response: GET /api/analytics/attendance | Status: 200 | Duration: 20ms
2026-04-22 10:30:57.337 +05:30 [INF] Serilog.AspNetCore.RequestLoggingMiddleware | CorrelationId:ceeb82e853c6442b841f0f413d1939f1 | HTTP GET /api/analytics/dashboard/summary responded 200 in 37.8532 ms
2026-04-22 10:30:57.364 +05:30 [INF] Serilog.AspNetCore.RequestLoggingMiddleware | CorrelationId:43e6225afd6743a5b46ce86a8cdb8032 | HTTP GET /api/analytics/attendance responded 200 in 57.0215 ms
2026-04-22 10:31:03.059 +05:30 [INF] Serilog.AspNetCore.RequestLoggingMiddleware | CorrelationId:3de3d46af1f0471996a605cae655b663 | HTTP OPTIONS /api/health/records responded 204 in 0.1223 ms
2026-04-22 10:31:03.060 +05:30 [INF] Serilog.AspNetCore.RequestLoggingMiddleware | CorrelationId:1a71907a01fb4e0b92f79214de8a94e3 | HTTP OPTIONS /api/health/stats responded 204 in 0.0078 ms
2026-04-22 10:31:03.060 +05:30 [INF] Serilog.AspNetCore.RequestLoggingMiddleware | CorrelationId:cc93fab9e99f443cbe469d58a3e9ac0a | HTTP OPTIONS /api/health/stats responded 204 in 0.0105 ms
2026-04-22 10:31:03.060 +05:30 [INF] Serilog.AspNetCore.RequestLoggingMiddleware | CorrelationId:92b0d45e44b14e6e95ef1254e8bb02ea | HTTP OPTIONS /api/health/records responded 204 in 0.0134 ms
2026-04-22 10:31:03.093 +05:30 [INF] SmsApi.Middleware.LoggingActionFilter | CorrelationId:41ad19117887435ebfd9f0a05139c4ca | API Request: GET /api/health/records | User: Unknown | School: 550e8400-e29b-41d4-a716-446655440000
2026-04-22 10:31:03.103 +05:30 [INF] SmsApi.Middleware.LoggingActionFilter | CorrelationId:b08715913b6e40c5a69845a293cb448c | API Request: GET /api/health/stats | User: Unknown | School: 550e8400-e29b-41d4-a716-446655440000
2026-04-22 10:31:03.118 +05:30 [INF] SmsApi.Middleware.LoggingActionFilter | CorrelationId:b08715913b6e40c5a69845a293cb448c | API Response: GET /api/health/stats | Status: 200 | Duration: 15ms
2026-04-22 10:31:03.119 +05:30 [INF] SmsApi.Middleware.LoggingActionFilter | CorrelationId:41ad19117887435ebfd9f0a05139c4ca | API Response: GET /api/health/records | Status: 200 | Duration: 26ms
2026-04-22 10:31:03.121 +05:30 [INF] Serilog.AspNetCore.RequestLoggingMiddleware | CorrelationId:b08715913b6e40c5a69845a293cb448c | HTTP GET /api/health/stats responded 200 in 27.1968 ms
2026-04-22 10:31:03.129 +05:30 [INF] SmsApi.Middleware.LoggingActionFilter | CorrelationId:4b8a0e15541e499e8f0c6591ea0301a8 | API Request: GET /api/health/stats | User: Unknown | School: 550e8400-e29b-41d4-a716-446655440000
2026-04-22 10:31:03.129 +05:30 [INF] Serilog.AspNetCore.RequestLoggingMiddleware | CorrelationId:41ad19117887435ebfd9f0a05139c4ca | HTTP GET /api/health/records responded 200 in 39.9854 ms
2026-04-22 10:31:03.134 +05:30 [INF] SmsApi.Middleware.LoggingActionFilter | CorrelationId:17281205e99e41cd8b31a3de8bd5174e | API Request: GET /api/health/records | User: Unknown | School: 550e8400-e29b-41d4-a716-446655440000
2026-04-22 10:31:03.139 +05:30 [INF] SmsApi.Middleware.LoggingActionFilter | CorrelationId:4b8a0e15541e499e8f0c6591ea0301a8 | API Response: GET /api/health/stats | Status: 200 | Duration: 9ms
2026-04-22 10:31:03.160 +05:30 [INF] Serilog.AspNetCore.RequestLoggingMiddleware | CorrelationId:4b8a0e15541e499e8f0c6591ea0301a8 | HTTP GET /api/health/stats responded 200 in 37.7195 ms
2026-04-22 10:31:03.161 +05:30 [INF] SmsApi.Middleware.LoggingActionFilter | CorrelationId:17281205e99e41cd8b31a3de8bd5174e | API Response: GET /api/health/records | Status: 200 | Duration: 26ms
2026-04-22 10:31:03.180 +05:30 [INF] Serilog.AspNetCore.RequestLoggingMiddleware | CorrelationId:17281205e99e41cd8b31a3de8bd5174e | HTTP GET /api/health/records responded 200 in 49.5822 ms
2026-04-22 10:31:14.877 +05:30 [INF] Serilog.AspNetCore.RequestLoggingMiddleware | CorrelationId:b85fc880a9684a949519138a9c780ede | HTTP OPTIONS /api/academics/academic-years responded 204 in 0.0488 ms
2026-04-22 10:31:14.877 +05:30 [INF] Serilog.AspNetCore.RequestLoggingMiddleware | CorrelationId:55fdff4221a544ff8733ab95a9517140 | HTTP OPTIONS /api/academics/academic-years responded 204 in 0.2402 ms
2026-04-22 10:31:14.938 +05:30 [INF] Serilog.AspNetCore.RequestLoggingMiddleware | CorrelationId:df2982f194594e55a596d54661487c6b | HTTP GET /api/academics/academic-years responded 401 in 0.6514 ms
2026-04-22 10:31:14.947 +05:30 [INF] Serilog.AspNetCore.RequestLoggingMiddleware | CorrelationId:3b00495ee35f489fa6959a7e5947b572 | HTTP GET /api/academics/academic-years responded 401 in 0.1237 ms
2026-04-22 10:31:20.869 +05:30 [INF] Serilog.AspNetCore.RequestLoggingMiddleware | CorrelationId:ae59926e02344f37b96fcb58921dce5d | HTTP OPTIONS /api/auth/login responded 204 in 0.0478 ms
2026-04-22 10:31:20.881 +05:30 [INF] SmsApi.Middleware.LoggingActionFilter | CorrelationId:92afa45983a34f1abe82a2786989177a | API Request: POST /api/auth/login | User: Unknown | School: Unknown
2026-04-22 10:31:21.346 +05:30 [INF] SmsApi.Controllers.AuthController | CorrelationId:92afa45983a34f1abe82a2786989177a | Login successful for superadmin (SchoolId: "00000000-0000-0000-0000-000000000001")
2026-04-22 10:31:21.348 +05:30 [INF] SmsApi.Middleware.LoggingActionFilter | CorrelationId:92afa45983a34f1abe82a2786989177a | API Response: POST /api/auth/login | Status: 200 | Duration: 467ms
2026-04-22 10:31:21.353 +05:30 [INF] Serilog.AspNetCore.RequestLoggingMiddleware | CorrelationId:92afa45983a34f1abe82a2786989177a | HTTP POST /api/auth/login responded 200 in 473.8266 ms
2026-04-22 10:31:21.435 +05:30 [INF] Serilog.AspNetCore.RequestLoggingMiddleware | CorrelationId:27ac5ef838034de5b14856421c29e89d | HTTP OPTIONS /api/settings/school/me responded 204 in 0.3305 ms
2026-04-22 10:31:21.558 +05:30 [INF] Serilog.AspNetCore.RequestLoggingMiddleware | CorrelationId:2bb0c048b91a476992f2ae35bba0e4d6 | HTTP OPTIONS /api/academics/academic-years responded 204 in 0.0407 ms
2026-04-22 10:31:21.560 +05:30 [INF] Serilog.AspNetCore.RequestLoggingMiddleware | CorrelationId:98b65f7fe67e492abdbcc69f955f3777 | HTTP OPTIONS /api/academics/academic-years responded 204 in 0.0388 ms
2026-04-22 10:31:21.563 +05:30 [INF] SmsApi.Middleware.LoggingActionFilter | CorrelationId:eaf9b61243b34ef384b2be888d03c2ad | API Request: GET /api/settings/school/me | User: Unknown | School: 00000000-0000-0000-0000-000000000001
2026-04-22 10:31:21.625 +05:30 [INF] Serilog.AspNetCore.RequestLoggingMiddleware | CorrelationId:1842e0a176fc48bc9aff9bc64cde9655 | HTTP OPTIONS /api/notifications/unread-count responded 204 in 0.0797 ms
2026-04-22 10:31:21.626 +05:30 [INF] Serilog.AspNetCore.RequestLoggingMiddleware | CorrelationId:88b4f3caef6245669f924c13788bd238 | HTTP OPTIONS /api/school-feature-permissions/stats responded 204 in 0.0048 ms
2026-04-22 10:31:21.650 +05:30 [INF] Serilog.AspNetCore.RequestLoggingMiddleware | CorrelationId:1381f8a3631f49ee81145869d011414b | HTTP OPTIONS /api/school-feature-permissions/schools/550e8400-e29b-41d4-a716-446655440000 responded 204 in 0.0397 ms
2026-04-22 10:31:21.654 +05:30 [INF] SmsApi.Middleware.LoggingActionFilter | CorrelationId:eaf9b61243b34ef384b2be888d03c2ad | API Response: GET /api/settings/school/me | Status: 200 | Duration: 91ms
2026-04-22 10:31:21.659 +05:30 [INF] Serilog.AspNetCore.RequestLoggingMiddleware | CorrelationId:c339d1bec6a548f9a5d2b0baff903f3e | HTTP OPTIONS /api/school-feature-permissions/schools responded 204 in 0.0335 ms
2026-04-22 10:31:21.660 +05:30 [INF] Serilog.AspNetCore.RequestLoggingMiddleware | CorrelationId:afe7fc246cad467e8b6ca35758e0cc8a | HTTP OPTIONS /api/school-feature-permissions/stats responded 204 in 0.0140 ms
2026-04-22 10:31:21.664 +05:30 [INF] Serilog.AspNetCore.RequestLoggingMiddleware | CorrelationId:7d086d667506453d81731999535ec1c3 | HTTP OPTIONS /api/school-feature-permissions/schools/550e8400-e29b-41d4-a716-446655440000 responded 204 in 1.1636 ms
2026-04-22 10:31:21.667 +05:30 [INF] Serilog.AspNetCore.RequestLoggingMiddleware | CorrelationId:eaf9b61243b34ef384b2be888d03c2ad | HTTP GET /api/settings/school/me responded 200 in 104.6837 ms
2026-04-22 10:31:21.673 +05:30 [INF] Serilog.AspNetCore.RequestLoggingMiddleware | CorrelationId:c90f9c9bdfa446279dad993e105bfdd3 | HTTP OPTIONS /api/school-feature-permissions/schools responded 204 in 0.0944 ms
2026-04-22 10:31:21.674 +05:30 [INF] SmsApi.Middleware.LoggingActionFilter | CorrelationId:883790f815b1477682eb9b3f9912edee | API Request: GET /api/academics/academic-years | User: Unknown | School: 00000000-0000-0000-0000-000000000001
2026-04-22 10:31:21.683 +05:30 [INF] SmsApi.Middleware.LoggingActionFilter | CorrelationId:a20791c520ea47a0a12cecfc4057d559 | API Request: GET /api/notifications/unread-count | User: Unknown | School: 00000000-0000-0000-0000-000000000001
2026-04-22 10:31:21.726 +05:30 [INF] SmsApi.Middleware.LoggingActionFilter | CorrelationId:c8961ec97f0b48cbb57f2d1859ab2c77 | API Request: GET /api/school-feature-permissions/stats | User: Unknown | School: 00000000-0000-0000-0000-000000000001
2026-04-22 10:31:21.735 +05:30 [INF] SmsApi.Middleware.LoggingActionFilter | CorrelationId:e7d0a6a3b1bc4415ac3f383ae784a3e7 | API Request: GET /api/school-feature-permissions/schools/550e8400-e29b-41d4-a716-446655440000 | User: Unknown | School: 00000000-0000-0000-0000-000000000001
2026-04-22 10:31:21.739 +05:30 [INF] SmsApi.Middleware.LoggingActionFilter | CorrelationId:738e79d958974275be3a10bc130d4c7f | API Request: GET /api/school-feature-permissions/schools | User: Unknown | School: 00000000-0000-0000-0000-000000000001
2026-04-22 10:31:21.741 +05:30 [INF] SmsApi.Middleware.LoggingActionFilter | CorrelationId:a20791c520ea47a0a12cecfc4057d559 | API Response: GET /api/notifications/unread-count | Status: 200 | Duration: 58ms
2026-04-22 10:31:21.745 +05:30 [INF] SmsApi.Middleware.LoggingActionFilter | CorrelationId:883790f815b1477682eb9b3f9912edee | API Response: GET /api/academics/academic-years | Status: 200 | Duration: 70ms
2026-04-22 10:31:21.751 +05:30 [INF] SmsApi.Middleware.LoggingActionFilter | CorrelationId:e7d0a6a3b1bc4415ac3f383ae784a3e7 | API Response: GET /api/school-feature-permissions/schools/550e8400-e29b-41d4-a716-446655440000 | Status: 200 | Duration: 15ms
2026-04-22 10:31:21.754 +05:30 [INF] Serilog.AspNetCore.RequestLoggingMiddleware | CorrelationId:a20791c520ea47a0a12cecfc4057d559 | HTTP GET /api/notifications/unread-count responded 200 in 77.8167 ms
2026-04-22 10:31:21.756 +05:30 [INF] Serilog.AspNetCore.RequestLoggingMiddleware | CorrelationId:883790f815b1477682eb9b3f9912edee | HTTP GET /api/academics/academic-years responded 200 in 82.1595 ms
2026-04-22 10:31:21.760 +05:30 [INF] SmsApi.Middleware.LoggingActionFilter | CorrelationId:738e79d958974275be3a10bc130d4c7f | API Response: GET /api/school-feature-permissions/schools | Status: 200 | Duration: 20ms
2026-04-22 10:31:21.763 +05:30 [INF] Serilog.AspNetCore.RequestLoggingMiddleware | CorrelationId:e7d0a6a3b1bc4415ac3f383ae784a3e7 | HTTP GET /api/school-feature-permissions/schools/550e8400-e29b-41d4-a716-446655440000 responded 200 in 29.0176 ms
2026-04-22 10:31:21.773 +05:30 [INF] SmsApi.Middleware.LoggingActionFilter | CorrelationId:c8961ec97f0b48cbb57f2d1859ab2c77 | API Response: GET /api/school-feature-permissions/stats | Status: 200 | Duration: 47ms
2026-04-22 10:31:21.779 +05:30 [INF] SmsApi.Middleware.LoggingActionFilter | CorrelationId:70ad171c0ba04d20b6feb0ea6c307546 | API Request: GET /api/academics/academic-years | User: Unknown | School: 00000000-0000-0000-0000-000000000001
2026-04-22 10:31:21.784 +05:30 [INF] Serilog.AspNetCore.RequestLoggingMiddleware | CorrelationId:738e79d958974275be3a10bc130d4c7f | HTTP GET /api/school-feature-permissions/schools responded 200 in 45.5230 ms
2026-04-22 10:31:21.793 +05:30 [INF] Serilog.AspNetCore.RequestLoggingMiddleware | CorrelationId:c8961ec97f0b48cbb57f2d1859ab2c77 | HTTP GET /api/school-feature-permissions/stats responded 200 in 67.4628 ms
2026-04-22 10:31:21.795 +05:30 [INF] SmsApi.Middleware.LoggingActionFilter | CorrelationId:b1c6c5524fc3463786f1d3c9925b99a2 | API Request: GET /api/school-feature-permissions/schools/550e8400-e29b-41d4-a716-446655440000 | User: Unknown | School: 00000000-0000-0000-0000-000000000001
2026-04-22 10:31:21.799 +05:30 [INF] SmsApi.Middleware.LoggingActionFilter | CorrelationId:94f09b5c6f694e0d84c685ea244c10a9 | API Request: GET /api/school-feature-permissions/schools | User: Unknown | School: 00000000-0000-0000-0000-000000000001
2026-04-22 10:31:21.808 +05:30 [INF] SmsApi.Middleware.LoggingActionFilter | CorrelationId:82340fb0f90642598a1b7e2fbc29dc11 | API Request: GET /api/school-feature-permissions/stats | User: Unknown | School: 00000000-0000-0000-0000-000000000001
2026-04-22 10:31:21.808 +05:30 [INF] SmsApi.Middleware.LoggingActionFilter | CorrelationId:70ad171c0ba04d20b6feb0ea6c307546 | API Response: GET /api/academics/academic-years | Status: 200 | Duration: 28ms
2026-04-22 10:31:21.812 +05:30 [INF] SmsApi.Middleware.LoggingActionFilter | CorrelationId:b1c6c5524fc3463786f1d3c9925b99a2 | API Response: GET /api/school-feature-permissions/schools/550e8400-e29b-41d4-a716-446655440000 | Status: 200 | Duration: 17ms
2026-04-22 10:31:21.828 +05:30 [INF] SmsApi.Middleware.LoggingActionFilter | CorrelationId:94f09b5c6f694e0d84c685ea244c10a9 | API Response: GET /api/school-feature-permissions/schools | Status: 200 | Duration: 28ms
2026-04-22 10:31:21.829 +05:30 [INF] Serilog.AspNetCore.RequestLoggingMiddleware | CorrelationId:70ad171c0ba04d20b6feb0ea6c307546 | HTTP GET /api/academics/academic-years responded 200 in 50.7477 ms
2026-04-22 10:31:21.832 +05:30 [INF] Serilog.AspNetCore.RequestLoggingMiddleware | CorrelationId:b1c6c5524fc3463786f1d3c9925b99a2 | HTTP GET /api/school-feature-permissions/schools/550e8400-e29b-41d4-a716-446655440000 responded 200 in 42.2022 ms
2026-04-22 10:31:21.835 +05:30 [INF] Serilog.AspNetCore.RequestLoggingMiddleware | CorrelationId:94f09b5c6f694e0d84c685ea244c10a9 | HTTP GET /api/school-feature-permissions/schools responded 200 in 35.9358 ms
2026-04-22 10:31:21.838 +05:30 [INF] SmsApi.Middleware.LoggingActionFilter | CorrelationId:82340fb0f90642598a1b7e2fbc29dc11 | API Response: GET /api/school-feature-permissions/stats | Status: 200 | Duration: 29ms
2026-04-22 10:31:21.858 +05:30 [INF] Serilog.AspNetCore.RequestLoggingMiddleware | CorrelationId:82340fb0f90642598a1b7e2fbc29dc11 | HTTP GET /api/school-feature-permissions/stats responded 200 in 50.9000 ms
2026-04-22 10:31:37.091 +05:30 [INF] Serilog.AspNetCore.RequestLoggingMiddleware | CorrelationId:48b3fff54906479cac5fe78c1ba2e63e | HTTP OPTIONS /api/school-feature-permissions/schools/550e8400-e29b-41d4-a716-446655440000/modules/transport responded 204 in 0.0760 ms
2026-04-22 10:31:37.106 +05:30 [INF] SmsApi.Middleware.LoggingActionFilter | CorrelationId:2cf7e62c82fc4e159b115533639406f1 | API Request: PUT /api/school-feature-permissions/schools/550e8400-e29b-41d4-a716-446655440000/modules/transport | User: Unknown | School: 00000000-0000-0000-0000-000000000001
2026-04-22 10:31:37.114 +05:30 [INF] SmsApi.Middleware.LoggingActionFilter | CorrelationId:2cf7e62c82fc4e159b115533639406f1 | API Response: PUT /api/school-feature-permissions/schools/550e8400-e29b-41d4-a716-446655440000/modules/transport | Status: 200 | Duration: 8ms
2026-04-22 10:31:37.122 +05:30 [INF] Serilog.AspNetCore.RequestLoggingMiddleware | CorrelationId:2cf7e62c82fc4e159b115533639406f1 | HTTP PUT /api/school-feature-permissions/schools/550e8400-e29b-41d4-a716-446655440000/modules/transport responded 200 in 16.5023 ms
2026-04-22 10:31:37.129 +05:30 [INF] Serilog.AspNetCore.RequestLoggingMiddleware | CorrelationId:830f9db5fd02438991cac7d18f2393a7 | HTTP OPTIONS /api/school-feature-permissions/schools/550e8400-e29b-41d4-a716-446655440000 responded 204 in 0.0550 ms
2026-04-22 10:31:37.135 +05:30 [INF] SmsApi.Middleware.LoggingActionFilter | CorrelationId:84377edf786c412dad586c8bb856c7c7 | API Request: GET /api/school-feature-permissions/schools/550e8400-e29b-41d4-a716-446655440000 | User: Unknown | School: 00000000-0000-0000-0000-000000000001
2026-04-22 10:31:37.140 +05:30 [INF] SmsApi.Middleware.LoggingActionFilter | CorrelationId:84377edf786c412dad586c8bb856c7c7 | API Response: GET /api/school-feature-permissions/schools/550e8400-e29b-41d4-a716-446655440000 | Status: 200 | Duration: 4ms
2026-04-22 10:31:37.143 +05:30 [INF] Serilog.AspNetCore.RequestLoggingMiddleware | CorrelationId:84377edf786c412dad586c8bb856c7c7 | HTTP GET /api/school-feature-permissions/schools/550e8400-e29b-41d4-a716-446655440000 responded 200 in 8.3604 ms
2026-04-22 10:31:40.167 +05:30 [INF] Serilog.AspNetCore.RequestLoggingMiddleware | CorrelationId:b3db8a2e0fb14180b4d28d6ae9b3d292 | HTTP OPTIONS /api/school-feature-permissions/stats responded 204 in 0.0566 ms
2026-04-22 10:31:40.167 +05:30 [INF] Serilog.AspNetCore.RequestLoggingMiddleware | CorrelationId:a1b14aa60b954a49af46bcead83a7e14 | HTTP OPTIONS /api/school-feature-permissions/stats responded 204 in 0.0216 ms
2026-04-22 10:31:40.348 +05:30 [INF] Serilog.AspNetCore.RequestLoggingMiddleware | CorrelationId:3c249a62715a47488c626660111e1af5 | HTTP OPTIONS /api/academics/academic-years responded 204 in 0.0463 ms
2026-04-22 10:31:40.348 +05:30 [INF] Serilog.AspNetCore.RequestLoggingMiddleware | CorrelationId:c3e1eaea16fd48c3972597ea774b2b43 | HTTP OPTIONS /api/academics/academic-years responded 204 in 0.0223 ms
2026-04-22 10:31:40.367 +05:30 [INF] Serilog.AspNetCore.RequestLoggingMiddleware | CorrelationId:c9f3797469454fec8c8017ef5657b426 | HTTP GET /api/academics/academic-years responded 401 in 0.1370 ms
2026-04-22 10:31:40.398 +05:30 [INF] Serilog.AspNetCore.RequestLoggingMiddleware | CorrelationId:615f0d6bbea14e86b368602318157786 | HTTP GET /api/academics/academic-years responded 401 in 0.4442 ms
2026-04-22 10:31:42.363 +05:30 [INF] Serilog.AspNetCore.RequestLoggingMiddleware | CorrelationId:774c319c3b7540cd86f362c9fd1fd92b | HTTP OPTIONS /api/auth/login responded 204 in 0.0727 ms
2026-04-22 10:31:42.381 +05:30 [INF] SmsApi.Middleware.LoggingActionFilter | CorrelationId:05de66cb8036443281836cfee4d5777b | API Request: POST /api/auth/login | User: Unknown | School: Unknown
2026-04-22 10:31:42.880 +05:30 [INF] SmsApi.Controllers.AuthController | CorrelationId:05de66cb8036443281836cfee4d5777b | Login successful for admin (SchoolId: "550e8400-e29b-41d4-a716-446655440000")
2026-04-22 10:31:42.881 +05:30 [INF] SmsApi.Middleware.LoggingActionFilter | CorrelationId:05de66cb8036443281836cfee4d5777b | API Response: POST /api/auth/login | Status: 200 | Duration: 500ms
2026-04-22 10:31:42.886 +05:30 [INF] Serilog.AspNetCore.RequestLoggingMiddleware | CorrelationId:05de66cb8036443281836cfee4d5777b | HTTP POST /api/auth/login responded 200 in 506.6328 ms
2026-04-22 10:31:42.892 +05:30 [WRN] SmsApi.Infrastructure.Performance.PerformanceMonitoringMiddleware | CorrelationId: | Slow request: POST /api/auth/login took 504ms — status 200.
2026-04-22 10:31:42.935 +05:30 [INF] Serilog.AspNetCore.RequestLoggingMiddleware | CorrelationId:b831116bf8f24d5eb04395143d90bcc2 | HTTP OPTIONS /api/settings/school/me responded 204 in 0.0941 ms
2026-04-22 10:31:42.949 +05:30 [INF] Serilog.AspNetCore.RequestLoggingMiddleware | CorrelationId:71a771fe7b3a405c8aea158dd9a1ec84 | HTTP OPTIONS /api/school-feature-permissions/schools/550e8400-e29b-41d4-a716-446655440000 responded 204 in 0.0612 ms
2026-04-22 10:31:43.063 +05:30 [INF] Serilog.AspNetCore.RequestLoggingMiddleware | CorrelationId:accbebcb370943d08421cd4a7b2b74dc | HTTP OPTIONS /api/academics/academic-years responded 204 in 0.0420 ms
2026-04-22 10:31:43.066 +05:30 [INF] Serilog.AspNetCore.RequestLoggingMiddleware | CorrelationId:946357025f024c80a44ba9ca092fb8fd | HTTP OPTIONS /api/academics/academic-years responded 204 in 0.0331 ms
2026-04-22 10:31:43.068 +05:30 [INF] SmsApi.Middleware.LoggingActionFilter | CorrelationId:6f8e189ec029403d9fa802aeaa7bdc0a | API Request: GET /api/school-feature-permissions/schools/550e8400-e29b-41d4-a716-446655440000 | User: Unknown | School: 550e8400-e29b-41d4-a716-446655440000
2026-04-22 10:31:43.069 +05:30 [INF] SmsApi.Middleware.LoggingActionFilter | CorrelationId:f3ad240791fe4b25b7d0fe2921b6d295 | API Request: GET /api/settings/school/me | User: Unknown | School: 550e8400-e29b-41d4-a716-446655440000
2026-04-22 10:31:43.081 +05:30 [INF] SmsApi.Middleware.LoggingActionFilter | CorrelationId:095e8f5b80374b969e7f3d7b83f0d138 | API Request: GET /api/academics/academic-years | User: Unknown | School: 550e8400-e29b-41d4-a716-446655440000
2026-04-22 10:31:43.107 +05:30 [INF] SmsApi.Middleware.LoggingActionFilter | CorrelationId:6f8e189ec029403d9fa802aeaa7bdc0a | API Response: GET /api/school-feature-permissions/schools/550e8400-e29b-41d4-a716-446655440000 | Status: 200 | Duration: 39ms
2026-04-22 10:31:43.114 +05:30 [INF] SmsApi.Middleware.LoggingActionFilter | CorrelationId:f3ad240791fe4b25b7d0fe2921b6d295 | API Response: GET /api/settings/school/me | Status: 200 | Duration: 45ms
2026-04-22 10:31:43.127 +05:30 [INF] Serilog.AspNetCore.RequestLoggingMiddleware | CorrelationId:8bfc62cbe05b4277b642233ecda187fd | HTTP OPTIONS /api/notifications/unread-count responded 204 in 0.0583 ms
2026-04-22 10:31:43.127 +05:30 [INF] Serilog.AspNetCore.RequestLoggingMiddleware | CorrelationId:08344901ef2a4650be265da28c9151d8 | HTTP OPTIONS /api/analytics/dashboard/summary responded 204 in 0.0047 ms
2026-04-22 10:31:43.127 +05:30 [INF] SmsApi.Middleware.LoggingActionFilter | CorrelationId:095e8f5b80374b969e7f3d7b83f0d138 | API Response: GET /api/academics/academic-years | Status: 200 | Duration: 41ms
2026-04-22 10:31:43.129 +05:30 [INF] Serilog.AspNetCore.RequestLoggingMiddleware | CorrelationId:6f8e189ec029403d9fa802aeaa7bdc0a | HTTP GET /api/school-feature-permissions/schools/550e8400-e29b-41d4-a716-446655440000 responded 200 in 63.1638 ms
2026-04-22 10:31:43.144 +05:30 [INF] Serilog.AspNetCore.RequestLoggingMiddleware | CorrelationId:1e654e4f6d9e4cc9a6829b15b88f1796 | HTTP OPTIONS /api/analytics/attendance responded 204 in 0.0698 ms
2026-04-22 10:31:43.147 +05:30 [INF] Serilog.AspNetCore.RequestLoggingMiddleware | CorrelationId:f3ad240791fe4b25b7d0fe2921b6d295 | HTTP GET /api/settings/school/me responded 200 in 78.9712 ms
2026-04-22 10:31:43.150 +05:30 [INF] Serilog.AspNetCore.RequestLoggingMiddleware | CorrelationId:6cfc46f984f84f03b96175d4cc362035 | HTTP OPTIONS /api/analytics/dashboard/summary responded 204 in 0.0414 ms
2026-04-22 10:31:43.156 +05:30 [INF] Serilog.AspNetCore.RequestLoggingMiddleware | CorrelationId:c2d74f7290474ba3978ccd1f6cf5861b | HTTP OPTIONS /api/analytics/attendance responded 204 in 0.0395 ms
2026-04-22 10:31:43.158 +05:30 [INF] Serilog.AspNetCore.RequestLoggingMiddleware | CorrelationId:095e8f5b80374b969e7f3d7b83f0d138 | HTTP GET /api/academics/academic-years responded 200 in 77.1171 ms
2026-04-22 10:31:43.161 +05:30 [INF] SmsApi.Middleware.LoggingActionFilter | CorrelationId:a0421db63bf24f7eb1d1c2167fccdbd1 | API Request: GET /api/notifications/unread-count | User: Unknown | School: 550e8400-e29b-41d4-a716-446655440000
2026-04-22 10:31:43.170 +05:30 [INF] SmsApi.Middleware.LoggingActionFilter | CorrelationId:41b7a698248d40c08a51444a03d635f9 | API Request: GET /api/analytics/dashboard/summary | User: Unknown | School: 550e8400-e29b-41d4-a716-446655440000
2026-04-22 10:31:43.174 +05:30 [INF] SmsApi.Middleware.LoggingActionFilter | CorrelationId:fea07e63fdc94b128527c00c477ce5a1 | API Request: GET /api/academics/academic-years | User: Unknown | School: 550e8400-e29b-41d4-a716-446655440000
2026-04-22 10:31:43.194 +05:30 [INF] SmsApi.Middleware.LoggingActionFilter | CorrelationId:69200364b3684d97960c88899c53c86f | API Request: GET /api/analytics/attendance | User: Unknown | School: 550e8400-e29b-41d4-a716-446655440000
2026-04-22 10:31:43.214 +05:30 [INF] SmsApi.Middleware.LoggingActionFilter | CorrelationId:a0421db63bf24f7eb1d1c2167fccdbd1 | API Response: GET /api/notifications/unread-count | Status: 200 | Duration: 52ms
2026-04-22 10:31:43.215 +05:30 [INF] SmsApi.Middleware.LoggingActionFilter | CorrelationId:41b7a698248d40c08a51444a03d635f9 | API Response: GET /api/analytics/dashboard/summary | Status: 200 | Duration: 45ms
2026-04-22 10:31:43.223 +05:30 [INF] SmsApi.Middleware.LoggingActionFilter | CorrelationId:fea07e63fdc94b128527c00c477ce5a1 | API Response: GET /api/academics/academic-years | Status: 200 | Duration: 48ms
2026-04-22 10:31:43.224 +05:30 [INF] Serilog.AspNetCore.RequestLoggingMiddleware | CorrelationId:a0421db63bf24f7eb1d1c2167fccdbd1 | HTTP GET /api/notifications/unread-count responded 200 in 62.8714 ms
2026-04-22 10:31:43.224 +05:30 [INF] SmsApi.Middleware.LoggingActionFilter | CorrelationId:69200364b3684d97960c88899c53c86f | API Response: GET /api/analytics/attendance | Status: 200 | Duration: 29ms
2026-04-22 10:31:43.225 +05:30 [INF] Serilog.AspNetCore.RequestLoggingMiddleware | CorrelationId:41b7a698248d40c08a51444a03d635f9 | HTTP GET /api/analytics/dashboard/summary responded 200 in 57.8306 ms
2026-04-22 10:31:43.227 +05:30 [INF] Serilog.AspNetCore.RequestLoggingMiddleware | CorrelationId:fea07e63fdc94b128527c00c477ce5a1 | HTTP GET /api/academics/academic-years responded 200 in 53.2133 ms
2026-04-22 10:31:43.232 +05:30 [INF] SmsApi.Middleware.LoggingActionFilter | CorrelationId:5ba1ac1fc3d640ccbd6b07a34c55b94c | API Request: GET /api/analytics/dashboard/summary | User: Unknown | School: 550e8400-e29b-41d4-a716-446655440000
2026-04-22 10:31:43.235 +05:30 [INF] Serilog.AspNetCore.RequestLoggingMiddleware | CorrelationId:69200364b3684d97960c88899c53c86f | HTTP GET /api/analytics/attendance responded 200 in 58.8912 ms
2026-04-22 10:31:43.241 +05:30 [INF] SmsApi.Middleware.LoggingActionFilter | CorrelationId:0cc0684ca6994a45bfbeb8b888da5cb2 | API Request: GET /api/analytics/attendance | User: Unknown | School: 550e8400-e29b-41d4-a716-446655440000
2026-04-22 10:31:43.248 +05:30 [INF] SmsApi.Middleware.LoggingActionFilter | CorrelationId:5ba1ac1fc3d640ccbd6b07a34c55b94c | API Response: GET /api/analytics/dashboard/summary | Status: 200 | Duration: 15ms
2026-04-22 10:31:43.257 +05:30 [INF] SmsApi.Middleware.LoggingActionFilter | CorrelationId:0cc0684ca6994a45bfbeb8b888da5cb2 | API Response: GET /api/analytics/attendance | Status: 200 | Duration: 16ms
2026-04-22 10:31:43.263 +05:30 [INF] Serilog.AspNetCore.RequestLoggingMiddleware | CorrelationId:0cc0684ca6994a45bfbeb8b888da5cb2 | HTTP GET /api/analytics/attendance responded 200 in 25.5465 ms
2026-04-22 10:31:43.262 +05:30 [INF] Serilog.AspNetCore.RequestLoggingMiddleware | CorrelationId:5ba1ac1fc3d640ccbd6b07a34c55b94c | HTTP GET /api/analytics/dashboard/summary responded 200 in 35.0015 ms
2026-04-22 10:31:45.040 +05:30 [INF] Serilog.AspNetCore.RequestLoggingMiddleware | CorrelationId:f4cc6ba2e8004e0c8d0ab8c6fc3c5d0d | HTTP OPTIONS /api/transport/routes responded 204 in 0.0367 ms
2026-04-22 10:31:45.040 +05:30 [INF] Serilog.AspNetCore.RequestLoggingMiddleware | CorrelationId:c941f91a95be4dbfa61b8c12aae86f58 | HTTP OPTIONS /api/transport/routes responded 204 in 0.0366 ms
2026-04-22 10:31:45.092 +05:30 [INF] SmsApi.Middleware.LoggingActionFilter | CorrelationId:38c52635daaf43cfa0a21ca9abf6370a | API Request: GET /api/transport/routes | User: Unknown | School: 550e8400-e29b-41d4-a716-446655440000
2026-04-22 10:31:45.169 +05:30 [INF] SmsApi.Middleware.LoggingActionFilter | CorrelationId:38c52635daaf43cfa0a21ca9abf6370a | API Response: GET /api/transport/routes | Status: 200 | Duration: 77ms
2026-04-22 10:31:45.266 +05:30 [INF] Serilog.AspNetCore.RequestLoggingMiddleware | CorrelationId:38c52635daaf43cfa0a21ca9abf6370a | HTTP GET /api/transport/routes responded 200 in 196.8328 ms
2026-04-22 10:31:45.270 +05:30 [INF] SmsApi.Middleware.LoggingActionFilter | CorrelationId:c310bef3d18c4be19f4ac56e352d164b | API Request: GET /api/transport/routes | User: Unknown | School: 550e8400-e29b-41d4-a716-446655440000
2026-04-22 10:31:45.281 +05:30 [INF] SmsApi.Middleware.LoggingActionFilter | CorrelationId:c310bef3d18c4be19f4ac56e352d164b | API Response: GET /api/transport/routes | Status: 200 | Duration: 10ms
2026-04-22 10:31:45.283 +05:30 [INF] Serilog.AspNetCore.RequestLoggingMiddleware | CorrelationId:c310bef3d18c4be19f4ac56e352d164b | HTTP GET /api/transport/routes responded 200 in 16.0210 ms
2026-04-22 10:31:48.378 +05:30 [INF] Serilog.AspNetCore.RequestLoggingMiddleware | CorrelationId:2fd039e9b3d94e00827e1cf3307b0aca | HTTP OPTIONS /api/analytics/dashboard/summary responded 204 in 0.9014 ms
2026-04-22 10:31:48.378 +05:30 [INF] Serilog.AspNetCore.RequestLoggingMiddleware | CorrelationId:1fd90dc3ba054a1b92c6e82ef62c32d4 | HTTP OPTIONS /api/analytics/attendance responded 204 in 0.0216 ms
2026-04-22 10:31:48.378 +05:30 [INF] Serilog.AspNetCore.RequestLoggingMiddleware | CorrelationId:9644d0eff5e1417494028b585da1ab88 | HTTP OPTIONS /api/analytics/dashboard/summary responded 204 in 0.0198 ms
2026-04-22 10:31:48.378 +05:30 [INF] Serilog.AspNetCore.RequestLoggingMiddleware | CorrelationId:9a730b5ed29747268040121ca5b3c7b3 | HTTP OPTIONS /api/analytics/attendance responded 204 in 0.0077 ms
2026-04-22 10:31:48.395 +05:30 [INF] SmsApi.Middleware.LoggingActionFilter | CorrelationId:b3f98dece5524fe7a37a2e746b51f2fe | API Request: GET /api/analytics/attendance | User: Unknown | School: 550e8400-e29b-41d4-a716-446655440000
2026-04-22 10:31:48.395 +05:30 [INF] SmsApi.Middleware.LoggingActionFilter | CorrelationId:e80ea017d00644cfb616b19869bdb468 | API Request: GET /api/analytics/dashboard/summary | User: Unknown | School: 550e8400-e29b-41d4-a716-446655440000
2026-04-22 10:31:48.405 +05:30 [INF] SmsApi.Middleware.LoggingActionFilter | CorrelationId:e80ea017d00644cfb616b19869bdb468 | API Response: GET /api/analytics/dashboard/summary | Status: 200 | Duration: 9ms
2026-04-22 10:31:48.405 +05:30 [INF] SmsApi.Middleware.LoggingActionFilter | CorrelationId:b3f98dece5524fe7a37a2e746b51f2fe | API Response: GET /api/analytics/attendance | Status: 200 | Duration: 9ms
2026-04-22 10:31:48.406 +05:30 [INF] Serilog.AspNetCore.RequestLoggingMiddleware | CorrelationId:e80ea017d00644cfb616b19869bdb468 | HTTP GET /api/analytics/dashboard/summary responded 200 in 15.3140 ms
2026-04-22 10:31:48.410 +05:30 [INF] Serilog.AspNetCore.RequestLoggingMiddleware | CorrelationId:b3f98dece5524fe7a37a2e746b51f2fe | HTTP GET /api/analytics/attendance responded 200 in 19.6444 ms
2026-04-22 10:31:48.415 +05:30 [INF] SmsApi.Middleware.LoggingActionFilter | CorrelationId:b1a141cb51e64bcaadce73969843a4d1 | API Request: GET /api/analytics/dashboard/summary | User: Unknown | School: 550e8400-e29b-41d4-a716-446655440000
2026-04-22 10:31:48.415 +05:30 [INF] SmsApi.Middleware.LoggingActionFilter | CorrelationId:1fc73674f0b64b6cb60da7985cd2abaf | API Request: GET /api/analytics/attendance | User: Unknown | School: 550e8400-e29b-41d4-a716-446655440000
2026-04-22 10:31:48.422 +05:30 [INF] SmsApi.Middleware.LoggingActionFilter | CorrelationId:b1a141cb51e64bcaadce73969843a4d1 | API Response: GET /api/analytics/dashboard/summary | Status: 200 | Duration: 7ms
2026-04-22 10:31:48.428 +05:30 [INF] SmsApi.Middleware.LoggingActionFilter | CorrelationId:1fc73674f0b64b6cb60da7985cd2abaf | API Response: GET /api/analytics/attendance | Status: 200 | Duration: 12ms
2026-04-22 10:31:48.431 +05:30 [INF] Serilog.AspNetCore.RequestLoggingMiddleware | CorrelationId:b1a141cb51e64bcaadce73969843a4d1 | HTTP GET /api/analytics/dashboard/summary responded 200 in 20.3773 ms
2026-04-22 10:31:48.446 +05:30 [INF] Serilog.AspNetCore.RequestLoggingMiddleware | CorrelationId:1fc73674f0b64b6cb60da7985cd2abaf | HTTP GET /api/analytics/attendance responded 200 in 33.3925 ms
2026-04-22 10:31:50.243 +05:30 [INF] Serilog.AspNetCore.RequestLoggingMiddleware | CorrelationId:64db2f815c28428da099f8ac690af210 | HTTP OPTIONS /api/transport/routes responded 204 in 0.0515 ms
2026-04-22 10:31:50.243 +05:30 [INF] Serilog.AspNetCore.RequestLoggingMiddleware | CorrelationId:f2ed447fc82e4dd39be2f9ec3953cdfd | HTTP OPTIONS /api/transport/routes responded 204 in 0.0157 ms
2026-04-22 10:31:50.273 +05:30 [INF] SmsApi.Middleware.LoggingActionFilter | CorrelationId:4d2101072c05487dbf179c480abde641 | API Request: GET /api/transport/routes | User: Unknown | School: 550e8400-e29b-41d4-a716-446655440000
2026-04-22 10:31:50.281 +05:30 [INF] SmsApi.Middleware.LoggingActionFilter | CorrelationId:4d2101072c05487dbf179c480abde641 | API Response: GET /api/transport/routes | Status: 200 | Duration: 7ms
2026-04-22 10:31:50.283 +05:30 [INF] Serilog.AspNetCore.RequestLoggingMiddleware | CorrelationId:4d2101072c05487dbf179c480abde641 | HTTP GET /api/transport/routes responded 200 in 13.0023 ms
2026-04-22 10:31:50.286 +05:30 [INF] SmsApi.Middleware.LoggingActionFilter | CorrelationId:6f21622f759b40e79342536b26574058 | API Request: GET /api/transport/routes | User: Unknown | School: 550e8400-e29b-41d4-a716-446655440000
2026-04-22 10:31:50.298 +05:30 [INF] SmsApi.Middleware.LoggingActionFilter | CorrelationId:6f21622f759b40e79342536b26574058 | API Response: GET /api/transport/routes | Status: 200 | Duration: 11ms
2026-04-22 10:31:50.300 +05:30 [INF] Serilog.AspNetCore.RequestLoggingMiddleware | CorrelationId:6f21622f759b40e79342536b26574058 | HTTP GET /api/transport/routes responded 200 in 16.3945 ms
2026-04-22 10:31:57.962 +05:30 [INF] Serilog.AspNetCore.RequestLoggingMiddleware | CorrelationId:39060414cc224ca6b27dda280acba179 | HTTP OPTIONS /api/transport/students responded 204 in 0.5353 ms
2026-04-22 10:31:57.975 +05:30 [INF] SmsApi.Middleware.LoggingActionFilter | CorrelationId:6c9096d67910475a9b0144737ca494c4 | API Request: GET /api/transport/students | User: Unknown | School: 550e8400-e29b-41d4-a716-446655440000
2026-04-22 10:31:58.032 +05:30 [INF] SmsApi.Middleware.LoggingActionFilter | CorrelationId:6c9096d67910475a9b0144737ca494c4 | API Response: GET /api/transport/students | Status: 200 | Duration: 56ms
2026-04-22 10:31:58.034 +05:30 [INF] Serilog.AspNetCore.RequestLoggingMiddleware | CorrelationId:6c9096d67910475a9b0144737ca494c4 | HTTP GET /api/transport/students responded 200 in 64.8445 ms
2026-04-22 10:32:02.616 +05:30 [INF] Serilog.AspNetCore.RequestLoggingMiddleware | CorrelationId:8294b2a01398445fba9090557d03aaac | HTTP OPTIONS /api/health/records responded 204 in 0.0385 ms
2026-04-22 10:32:02.616 +05:30 [INF] Serilog.AspNetCore.RequestLoggingMiddleware | CorrelationId:cc663deb8ae94c75a373cba41751501f | HTTP OPTIONS /api/health/stats responded 204 in 0.0125 ms
2026-04-22 10:32:02.616 +05:30 [INF] Serilog.AspNetCore.RequestLoggingMiddleware | CorrelationId:93955cac247849a7b3cb53bb62f9c7a4 | HTTP OPTIONS /api/health/records responded 204 in 0.0078 ms
2026-04-22 10:32:02.616 +05:30 [INF] Serilog.AspNetCore.RequestLoggingMiddleware | CorrelationId:66fedfb03e60446c91c8fa2d1dac7776 | HTTP OPTIONS /api/health/stats responded 204 in 0.0048 ms
2026-04-22 10:32:02.630 +05:30 [INF] SmsApi.Middleware.LoggingActionFilter | CorrelationId:dec750aed9ce4ca2a774e661e9d321d8 | API Request: GET /api/health/stats | User: Unknown | School: 550e8400-e29b-41d4-a716-446655440000
2026-04-22 10:32:02.633 +05:30 [INF] SmsApi.Middleware.LoggingActionFilter | CorrelationId:2f3f7dcfbee74d97af602d870dc74813 | API Request: GET /api/health/records | User: Unknown | School: 550e8400-e29b-41d4-a716-446655440000
2026-04-22 10:32:02.642 +05:30 [INF] SmsApi.Middleware.LoggingActionFilter | CorrelationId:dec750aed9ce4ca2a774e661e9d321d8 | API Response: GET /api/health/stats | Status: 200 | Duration: 12ms
2026-04-22 10:32:02.644 +05:30 [INF] SmsApi.Middleware.LoggingActionFilter | CorrelationId:2f3f7dcfbee74d97af602d870dc74813 | API Response: GET /api/health/records | Status: 200 | Duration: 11ms
2026-04-22 10:32:02.647 +05:30 [INF] Serilog.AspNetCore.RequestLoggingMiddleware | CorrelationId:dec750aed9ce4ca2a774e661e9d321d8 | HTTP GET /api/health/stats responded 200 in 23.0668 ms
2026-04-22 10:32:02.648 +05:30 [INF] Serilog.AspNetCore.RequestLoggingMiddleware | CorrelationId:2f3f7dcfbee74d97af602d870dc74813 | HTTP GET /api/health/records responded 200 in 17.7370 ms
2026-04-22 10:32:02.653 +05:30 [INF] SmsApi.Middleware.LoggingActionFilter | CorrelationId:ea2f12765306452693bf5e38e9a9ba34 | API Request: GET /api/health/stats | User: Unknown | School: 550e8400-e29b-41d4-a716-446655440000
2026-04-22 10:32:02.657 +05:30 [INF] SmsApi.Middleware.LoggingActionFilter | CorrelationId:15619dfcfca142efb40dd8cb9cb47b05 | API Request: GET /api/health/records | User: Unknown | School: 550e8400-e29b-41d4-a716-446655440000
2026-04-22 10:32:02.669 +05:30 [INF] SmsApi.Middleware.LoggingActionFilter | CorrelationId:ea2f12765306452693bf5e38e9a9ba34 | API Response: GET /api/health/stats | Status: 200 | Duration: 16ms
2026-04-22 10:32:02.674 +05:30 [INF] Serilog.AspNetCore.RequestLoggingMiddleware | CorrelationId:ea2f12765306452693bf5e38e9a9ba34 | HTTP GET /api/health/stats responded 200 in 25.2162 ms
2026-04-22 10:32:02.681 +05:30 [INF] SmsApi.Middleware.LoggingActionFilter | CorrelationId:15619dfcfca142efb40dd8cb9cb47b05 | API Response: GET /api/health/records | Status: 200 | Duration: 23ms
2026-04-22 10:32:02.692 +05:30 [INF] Serilog.AspNetCore.RequestLoggingMiddleware | CorrelationId:15619dfcfca142efb40dd8cb9cb47b05 | HTTP GET /api/health/records responded 200 in 43.2423 ms
2026-04-22 10:32:08.150 +05:30 [INF] Serilog.AspNetCore.RequestLoggingMiddleware | CorrelationId:5e21535f047a432f951c985acf6b22bd | HTTP OPTIONS /api/analytics/dashboard/summary responded 204 in 0.0633 ms
2026-04-22 10:32:08.151 +05:30 [INF] Serilog.AspNetCore.RequestLoggingMiddleware | CorrelationId:ce172ade651a4d4aacaad3ad05fbf1a5 | HTTP OPTIONS /api/analytics/attendance responded 204 in 0.0258 ms
2026-04-22 10:32:08.151 +05:30 [INF] Serilog.AspNetCore.RequestLoggingMiddleware | CorrelationId:f6671a7ede264f35ba3e83c48f76d6b6 | HTTP OPTIONS /api/analytics/dashboard/summary responded 204 in 0.0129 ms
2026-04-22 10:32:08.151 +05:30 [INF] Serilog.AspNetCore.RequestLoggingMiddleware | CorrelationId:922a49884c3f43f08abbb6dd1abb9f26 | HTTP OPTIONS /api/analytics/attendance responded 204 in 0.0233 ms
2026-04-22 10:32:08.168 +05:30 [INF] SmsApi.Middleware.LoggingActionFilter | CorrelationId:cb07a4b01c7f49029a0647309edfe4b6 | API Request: GET /api/analytics/dashboard/summary | User: Unknown | School: 550e8400-e29b-41d4-a716-446655440000
2026-04-22 10:32:08.169 +05:30 [INF] SmsApi.Middleware.LoggingActionFilter | CorrelationId:ca5a41f539b8452f8579c92fb469ac75 | API Request: GET /api/analytics/attendance | User: Unknown | School: 550e8400-e29b-41d4-a716-446655440000
2026-04-22 10:32:08.171 +05:30 [INF] SmsApi.Middleware.LoggingActionFilter | CorrelationId:cb07a4b01c7f49029a0647309edfe4b6 | API Response: GET /api/analytics/dashboard/summary | Status: 200 | Duration: 3ms
2026-04-22 10:32:08.177 +05:30 [INF] Serilog.AspNetCore.RequestLoggingMiddleware | CorrelationId:cb07a4b01c7f49029a0647309edfe4b6 | HTTP GET /api/analytics/dashboard/summary responded 200 in 17.5949 ms
2026-04-22 10:32:08.178 +05:30 [INF] SmsApi.Middleware.LoggingActionFilter | CorrelationId:ca5a41f539b8452f8579c92fb469ac75 | API Response: GET /api/analytics/attendance | Status: 200 | Duration: 8ms
2026-04-22 10:32:08.181 +05:30 [INF] SmsApi.Middleware.LoggingActionFilter | CorrelationId:a0c42d46860848a5b5d754aa633220d1 | API Request: GET /api/analytics/dashboard/summary | User: Unknown | School: 550e8400-e29b-41d4-a716-446655440000
2026-04-22 10:32:08.183 +05:30 [INF] Serilog.AspNetCore.RequestLoggingMiddleware | CorrelationId:ca5a41f539b8452f8579c92fb469ac75 | HTTP GET /api/analytics/attendance responded 200 in 16.8356 ms
2026-04-22 10:32:08.185 +05:30 [INF] SmsApi.Middleware.LoggingActionFilter | CorrelationId:a0c42d46860848a5b5d754aa633220d1 | API Response: GET /api/analytics/dashboard/summary | Status: 200 | Duration: 3ms
2026-04-22 10:32:08.190 +05:30 [INF] SmsApi.Middleware.LoggingActionFilter | CorrelationId:e0a72afe15fd4e918feefdbf4ff66293 | API Request: GET /api/analytics/attendance | User: Unknown | School: 550e8400-e29b-41d4-a716-446655440000
2026-04-22 10:32:08.194 +05:30 [INF] Serilog.AspNetCore.RequestLoggingMiddleware | CorrelationId:a0c42d46860848a5b5d754aa633220d1 | HTTP GET /api/analytics/dashboard/summary responded 200 in 15.6800 ms
2026-04-22 10:32:08.200 +05:30 [INF] SmsApi.Middleware.LoggingActionFilter | CorrelationId:e0a72afe15fd4e918feefdbf4ff66293 | API Response: GET /api/analytics/attendance | Status: 200 | Duration: 9ms
2026-04-22 10:32:08.208 +05:30 [INF] Serilog.AspNetCore.RequestLoggingMiddleware | CorrelationId:e0a72afe15fd4e918feefdbf4ff66293 | HTTP GET /api/analytics/attendance responded 200 in 24.1569 ms
2026-04-22 10:32:13.254 +05:30 [INF] Serilog.AspNetCore.RequestLoggingMiddleware | CorrelationId:454d5af12028450baeaff64b12ed4231 | HTTP OPTIONS /api/notifications/unread-count responded 204 in 0.0985 ms
2026-04-22 10:32:13.276 +05:30 [INF] SmsApi.Middleware.LoggingActionFilter | CorrelationId:19a94432f2fa44028cde1ab1055054c7 | API Request: GET /api/notifications/unread-count | User: Unknown | School: 550e8400-e29b-41d4-a716-446655440000
2026-04-22 10:32:13.290 +05:30 [INF] SmsApi.Middleware.LoggingActionFilter | CorrelationId:19a94432f2fa44028cde1ab1055054c7 | API Response: GET /api/notifications/unread-count | Status: 200 | Duration: 14ms
2026-04-22 10:32:13.300 +05:30 [INF] Serilog.AspNetCore.RequestLoggingMiddleware | CorrelationId:19a94432f2fa44028cde1ab1055054c7 | HTTP GET /api/notifications/unread-count responded 200 in 24.4855 ms
2026-04-22 10:32:43.314 +05:30 [INF] Serilog.AspNetCore.RequestLoggingMiddleware | CorrelationId:953fb0397e004b5b97d1ea11cecd23b8 | HTTP OPTIONS /api/notifications/unread-count responded 204 in 0.1280 ms
2026-04-22 10:32:43.320 +05:30 [INF] SmsApi.Middleware.LoggingActionFilter | CorrelationId:bbc3ae1b9f7343cfb72be2fb95f7483d | API Request: GET /api/notifications/unread-count | User: Unknown | School: 550e8400-e29b-41d4-a716-446655440000
2026-04-22 10:32:43.325 +05:30 [INF] SmsApi.Middleware.LoggingActionFilter | CorrelationId:bbc3ae1b9f7343cfb72be2fb95f7483d | API Response: GET /api/notifications/unread-count | Status: 200 | Duration: 4ms
2026-04-22 10:32:43.329 +05:30 [INF] Serilog.AspNetCore.RequestLoggingMiddleware | CorrelationId:bbc3ae1b9f7343cfb72be2fb95f7483d | HTTP GET /api/notifications/unread-count responded 200 in 9.8281 ms
2026-04-22 10:33:13.352 +05:30 [INF] Serilog.AspNetCore.RequestLoggingMiddleware | CorrelationId:d1feb115a80f409a9dcbece78c8b1437 | HTTP OPTIONS /api/notifications/unread-count responded 204 in 0.2144 ms
2026-04-22 10:33:13.365 +05:30 [INF] SmsApi.Middleware.LoggingActionFilter | CorrelationId:1d0e8632d1394abb974c2499cb80c150 | API Request: GET /api/notifications/unread-count | User: Unknown | School: 550e8400-e29b-41d4-a716-446655440000
2026-04-22 10:33:13.450 +05:30 [INF] SmsApi.Middleware.LoggingActionFilter | CorrelationId:1d0e8632d1394abb974c2499cb80c150 | API Response: GET /api/notifications/unread-count | Status: 200 | Duration: 84ms
2026-04-22 10:33:13.452 +05:30 [INF] Serilog.AspNetCore.RequestLoggingMiddleware | CorrelationId:1d0e8632d1394abb974c2499cb80c150 | HTTP GET /api/notifications/unread-count responded 200 in 88.2243 ms
2026-04-22 10:33:43.465 +05:30 [INF] Serilog.AspNetCore.RequestLoggingMiddleware | CorrelationId:09f8f11de9424cc39bb2432a87e99b33 | HTTP OPTIONS /api/notifications/unread-count responded 204 in 0.3101 ms
2026-04-22 10:33:43.478 +05:30 [INF] SmsApi.Middleware.LoggingActionFilter | CorrelationId:f6996d218b924ba59ece5afeeb65093a | API Request: GET /api/notifications/unread-count | User: Unknown | School: 550e8400-e29b-41d4-a716-446655440000
2026-04-22 10:33:43.484 +05:30 [INF] SmsApi.Middleware.LoggingActionFilter | CorrelationId:f6996d218b924ba59ece5afeeb65093a | API Response: GET /api/notifications/unread-count | Status: 200 | Duration: 6ms
2026-04-22 10:33:43.488 +05:30 [INF] Serilog.AspNetCore.RequestLoggingMiddleware | CorrelationId:f6996d218b924ba59ece5afeeb65093a | HTTP GET /api/notifications/unread-count responded 200 in 11.9104 ms
2026-04-22 10:34:13.502 +05:30 [INF] Serilog.AspNetCore.RequestLoggingMiddleware | CorrelationId:98657e7a6b424071aac2db3ea6888a5e | HTTP OPTIONS /api/notifications/unread-count responded 204 in 0.1924 ms
2026-04-22 10:34:13.509 +05:30 [INF] SmsApi.Middleware.LoggingActionFilter | CorrelationId:fa2e32ef05f445f0aff9ada39f4efade | API Request: GET /api/notifications/unread-count | User: Unknown | School: 550e8400-e29b-41d4-a716-446655440000
2026-04-22 10:34:13.516 +05:30 [INF] SmsApi.Middleware.LoggingActionFilter | CorrelationId:fa2e32ef05f445f0aff9ada39f4efade | API Response: GET /api/notifications/unread-count | Status: 200 | Duration: 6ms
2026-04-22 10:34:13.519 +05:30 [INF] Serilog.AspNetCore.RequestLoggingMiddleware | CorrelationId:fa2e32ef05f445f0aff9ada39f4efade | HTTP GET /api/notifications/unread-count responded 200 in 11.6141 ms
2026-04-22 10:34:43.541 +05:30 [INF] Serilog.AspNetCore.RequestLoggingMiddleware | CorrelationId:259f91daff184deb90b670bdb7514eeb | HTTP OPTIONS /api/notifications/unread-count responded 204 in 0.1962 ms
2026-04-22 10:34:43.696 +05:30 [INF] SmsApi.Middleware.LoggingActionFilter | CorrelationId:2578badba0e749ad99568b3640077e6e | API Request: GET /api/notifications/unread-count | User: Unknown | School: 550e8400-e29b-41d4-a716-446655440000
2026-04-22 10:34:43.725 +05:30 [INF] SmsApi.Middleware.LoggingActionFilter | CorrelationId:2578badba0e749ad99568b3640077e6e | API Response: GET /api/notifications/unread-count | Status: 200 | Duration: 22ms
2026-04-22 10:34:43.782 +05:30 [INF] Serilog.AspNetCore.RequestLoggingMiddleware | CorrelationId:2578badba0e749ad99568b3640077e6e | HTTP GET /api/notifications/unread-count responded 200 in 87.7069 ms
2026-04-22 10:35:13.793 +05:30 [INF] Serilog.AspNetCore.RequestLoggingMiddleware | CorrelationId:1b2661753f0b4258881b3f05a30e9907 | HTTP OPTIONS /api/notifications/unread-count responded 204 in 0.1495 ms
2026-04-22 10:35:13.803 +05:30 [INF] SmsApi.Middleware.LoggingActionFilter | CorrelationId:4d5256edcc4147d8a64ac8074b5de4f5 | API Request: GET /api/notifications/unread-count | User: Unknown | School: 550e8400-e29b-41d4-a716-446655440000
2026-04-22 10:35:13.813 +05:30 [INF] SmsApi.Middleware.LoggingActionFilter | CorrelationId:4d5256edcc4147d8a64ac8074b5de4f5 | API Response: GET /api/notifications/unread-count | Status: 200 | Duration: 10ms
2026-04-22 10:35:13.819 +05:30 [INF] Serilog.AspNetCore.RequestLoggingMiddleware | CorrelationId:4d5256edcc4147d8a64ac8074b5de4f5 | HTTP GET /api/notifications/unread-count responded 200 in 19.5655 ms
2026-04-22 10:35:43.845 +05:30 [INF] Serilog.AspNetCore.RequestLoggingMiddleware | CorrelationId:50417b50e25b487783500ac8afde77f8 | HTTP OPTIONS /api/notifications/unread-count responded 204 in 0.1338 ms
2026-04-22 10:35:43.858 +05:30 [INF] SmsApi.Middleware.LoggingActionFilter | CorrelationId:043378f10e6d46fc935936ec3c9bb97d | API Request: GET /api/notifications/unread-count | User: Unknown | School: 550e8400-e29b-41d4-a716-446655440000
2026-04-22 10:35:43.866 +05:30 [INF] SmsApi.Middleware.LoggingActionFilter | CorrelationId:043378f10e6d46fc935936ec3c9bb97d | API Response: GET /api/notifications/unread-count | Status: 200 | Duration: 7ms
2026-04-22 10:35:43.870 +05:30 [INF] Serilog.AspNetCore.RequestLoggingMiddleware | CorrelationId:043378f10e6d46fc935936ec3c9bb97d | HTTP GET /api/notifications/unread-count responded 200 in 12.6012 ms
2026-04-22 10:36:13.899 +05:30 [INF] Serilog.AspNetCore.RequestLoggingMiddleware | CorrelationId:7077ba9bc35245f387b18203da65f035 | HTTP OPTIONS /api/notifications/unread-count responded 204 in 0.3665 ms
2026-04-22 10:36:13.921 +05:30 [INF] SmsApi.Middleware.LoggingActionFilter | CorrelationId:c81ef00991214d1687b09e5e669e45a4 | API Request: GET /api/notifications/unread-count | User: Unknown | School: 550e8400-e29b-41d4-a716-446655440000
2026-04-22 10:36:13.933 +05:30 [INF] SmsApi.Middleware.LoggingActionFilter | CorrelationId:c81ef00991214d1687b09e5e669e45a4 | API Response: GET /api/notifications/unread-count | Status: 200 | Duration: 12ms
2026-04-22 10:36:13.938 +05:30 [INF] Serilog.AspNetCore.RequestLoggingMiddleware | CorrelationId:c81ef00991214d1687b09e5e669e45a4 | HTTP GET /api/notifications/unread-count responded 200 in 19.7419 ms
2026-04-22 10:36:43.963 +05:30 [INF] Serilog.AspNetCore.RequestLoggingMiddleware | CorrelationId:c5c54f8ce314461da399da881b9096c5 | HTTP OPTIONS /api/notifications/unread-count responded 204 in 0.1010 ms
2026-04-22 10:36:43.978 +05:30 [INF] SmsApi.Middleware.LoggingActionFilter | CorrelationId:59bfd1a1a9dd49c3a372d5b873be707a | API Request: GET /api/notifications/unread-count | User: Unknown | School: 550e8400-e29b-41d4-a716-446655440000
2026-04-22 10:36:43.989 +05:30 [INF] SmsApi.Middleware.LoggingActionFilter | CorrelationId:59bfd1a1a9dd49c3a372d5b873be707a | API Response: GET /api/notifications/unread-count | Status: 200 | Duration: 11ms
2026-04-22 10:36:43.995 +05:30 [INF] Serilog.AspNetCore.RequestLoggingMiddleware | CorrelationId:59bfd1a1a9dd49c3a372d5b873be707a | HTTP GET /api/notifications/unread-count responded 200 in 18.6483 ms
2026-04-22 10:37:14.029 +05:30 [INF] Serilog.AspNetCore.RequestLoggingMiddleware | CorrelationId:2766fa4b7159405c962588d822c39eb7 | HTTP OPTIONS /api/notifications/unread-count responded 204 in 0.2480 ms
2026-04-22 10:37:14.047 +05:30 [INF] SmsApi.Middleware.LoggingActionFilter | CorrelationId:2a17228cb5c34adb99d29b1438dc1da2 | API Request: GET /api/notifications/unread-count | User: Unknown | School: 550e8400-e29b-41d4-a716-446655440000
2026-04-22 10:37:14.058 +05:30 [INF] SmsApi.Middleware.LoggingActionFilter | CorrelationId:2a17228cb5c34adb99d29b1438dc1da2 | API Response: GET /api/notifications/unread-count | Status: 200 | Duration: 11ms
2026-04-22 10:37:14.063 +05:30 [INF] Serilog.AspNetCore.RequestLoggingMiddleware | CorrelationId:2a17228cb5c34adb99d29b1438dc1da2 | HTTP GET /api/notifications/unread-count responded 200 in 18.1434 ms
2026-04-22 10:37:44.077 +05:30 [INF] Serilog.AspNetCore.RequestLoggingMiddleware | CorrelationId:4799ecddbca14b299baed881133b5705 | HTTP OPTIONS /api/notifications/unread-count responded 204 in 0.1974 ms
2026-04-22 10:37:44.100 +05:30 [INF] SmsApi.Middleware.LoggingActionFilter | CorrelationId:c8df5a66e04d44febd185503341b88c3 | API Request: GET /api/notifications/unread-count | User: Unknown | School: 550e8400-e29b-41d4-a716-446655440000
2026-04-22 10:37:44.110 +05:30 [INF] SmsApi.Middleware.LoggingActionFilter | CorrelationId:c8df5a66e04d44febd185503341b88c3 | API Response: GET /api/notifications/unread-count | Status: 200 | Duration: 10ms
2026-04-22 10:37:44.117 +05:30 [INF] Serilog.AspNetCore.RequestLoggingMiddleware | CorrelationId:c8df5a66e04d44febd185503341b88c3 | HTTP GET /api/notifications/unread-count responded 200 in 18.2891 ms
2026-04-22 10:38:14.136 +05:30 [INF] Serilog.AspNetCore.RequestLoggingMiddleware | CorrelationId:86d3e4007b674b8da26f8a99bcb59569 | HTTP OPTIONS /api/notifications/unread-count responded 204 in 0.0983 ms
2026-04-22 10:38:14.143 +05:30 [INF] SmsApi.Middleware.LoggingActionFilter | CorrelationId:87447be1d1b34cc3bfa0f950f98944cc | API Request: GET /api/notifications/unread-count | User: Unknown | School: 550e8400-e29b-41d4-a716-446655440000
2026-04-22 10:38:14.218 +05:30 [INF] SmsApi.Middleware.LoggingActionFilter | CorrelationId:87447be1d1b34cc3bfa0f950f98944cc | API Response: GET /api/notifications/unread-count | Status: 200 | Duration: 75ms
2026-04-22 10:38:14.220 +05:30 [INF] Serilog.AspNetCore.RequestLoggingMiddleware | CorrelationId:87447be1d1b34cc3bfa0f950f98944cc | HTTP GET /api/notifications/unread-count responded 200 in 78.0556 ms
2026-04-22 10:38:44.248 +05:30 [INF] Serilog.AspNetCore.RequestLoggingMiddleware | CorrelationId:5c71694cbb0d4dbba14b97e8d1fd44a2 | HTTP OPTIONS /api/notifications/unread-count responded 204 in 0.1863 ms
2026-04-22 10:38:44.263 +05:30 [INF] SmsApi.Middleware.LoggingActionFilter | CorrelationId:5948ab77e3e445d5bf84de7548fe80cf | API Request: GET /api/notifications/unread-count | User: Unknown | School: 550e8400-e29b-41d4-a716-446655440000
2026-04-22 10:38:44.273 +05:30 [INF] SmsApi.Middleware.LoggingActionFilter | CorrelationId:5948ab77e3e445d5bf84de7548fe80cf | API Response: GET /api/notifications/unread-count | Status: 200 | Duration: 10ms
2026-04-22 10:38:44.280 +05:30 [INF] Serilog.AspNetCore.RequestLoggingMiddleware | CorrelationId:5948ab77e3e445d5bf84de7548fe80cf | HTTP GET /api/notifications/unread-count responded 200 in 18.2083 ms
2026-04-22 10:39:14.294 +05:30 [INF] Serilog.AspNetCore.RequestLoggingMiddleware | CorrelationId:fcb47260d4014d87bac1bf0a1fd15e43 | HTTP OPTIONS /api/notifications/unread-count responded 204 in 0.0993 ms
2026-04-22 10:39:14.319 +05:30 [INF] SmsApi.Middleware.LoggingActionFilter | CorrelationId:3015c279cc51466fbf1537260acec16f | API Request: GET /api/notifications/unread-count | User: Unknown | School: 550e8400-e29b-41d4-a716-446655440000
2026-04-22 10:39:14.326 +05:30 [INF] SmsApi.Middleware.LoggingActionFilter | CorrelationId:3015c279cc51466fbf1537260acec16f | API Response: GET /api/notifications/unread-count | Status: 200 | Duration: 6ms
2026-04-22 10:39:14.335 +05:30 [INF] Serilog.AspNetCore.RequestLoggingMiddleware | CorrelationId:3015c279cc51466fbf1537260acec16f | HTTP GET /api/notifications/unread-count responded 200 in 16.4749 ms
2026-04-22 10:39:44.357 +05:30 [INF] Serilog.AspNetCore.RequestLoggingMiddleware | CorrelationId:3bca2251f3ba4b3091ad9043c82f6521 | HTTP OPTIONS /api/notifications/unread-count responded 204 in 0.1720 ms
2026-04-22 10:39:44.363 +05:30 [INF] SmsApi.Middleware.LoggingActionFilter | CorrelationId:8b5f4717f6e8422690e93ebd4624cc8f | API Request: GET /api/notifications/unread-count | User: Unknown | School: 550e8400-e29b-41d4-a716-446655440000
2026-04-22 10:39:44.370 +05:30 [INF] SmsApi.Middleware.LoggingActionFilter | CorrelationId:8b5f4717f6e8422690e93ebd4624cc8f | API Response: GET /api/notifications/unread-count | Status: 200 | Duration: 7ms
2026-04-22 10:39:44.373 +05:30 [INF] Serilog.AspNetCore.RequestLoggingMiddleware | CorrelationId:8b5f4717f6e8422690e93ebd4624cc8f | HTTP GET /api/notifications/unread-count responded 200 in 11.3633 ms
2026-04-22 10:40:14.382 +05:30 [INF] Serilog.AspNetCore.RequestLoggingMiddleware | CorrelationId:aa3e0ec786934530ad5825ce24c9fc1f | HTTP OPTIONS /api/notifications/unread-count responded 204 in 0.1449 ms
2026-04-22 10:40:14.387 +05:30 [INF] SmsApi.Middleware.LoggingActionFilter | CorrelationId:b2324d4f35874696a207068217e2a8d3 | API Request: GET /api/notifications/unread-count | User: Unknown | School: 550e8400-e29b-41d4-a716-446655440000
2026-04-22 10:40:14.392 +05:30 [INF] SmsApi.Middleware.LoggingActionFilter | CorrelationId:b2324d4f35874696a207068217e2a8d3 | API Response: GET /api/notifications/unread-count | Status: 200 | Duration: 5ms
2026-04-22 10:40:14.395 +05:30 [INF] Serilog.AspNetCore.RequestLoggingMiddleware | CorrelationId:b2324d4f35874696a207068217e2a8d3 | HTTP GET /api/notifications/unread-count responded 200 in 9.1836 ms
2026-04-22 10:40:44.420 +05:30 [INF] Serilog.AspNetCore.RequestLoggingMiddleware | CorrelationId:545538111fe54a9189514cc27d8c8839 | HTTP OPTIONS /api/notifications/unread-count responded 204 in 0.1144 ms
2026-04-22 10:40:44.434 +05:30 [INF] SmsApi.Middleware.LoggingActionFilter | CorrelationId:4fac7bd20c0a408882aa184d65b0defd | API Request: GET /api/notifications/unread-count | User: Unknown | School: 550e8400-e29b-41d4-a716-446655440000
2026-04-22 10:40:44.440 +05:30 [INF] SmsApi.Middleware.LoggingActionFilter | CorrelationId:4fac7bd20c0a408882aa184d65b0defd | API Response: GET /api/notifications/unread-count | Status: 200 | Duration: 6ms
2026-04-22 10:40:44.445 +05:30 [INF] Serilog.AspNetCore.RequestLoggingMiddleware | CorrelationId:4fac7bd20c0a408882aa184d65b0defd | HTTP GET /api/notifications/unread-count responded 200 in 13.6785 ms
2026-04-22 10:41:14.453 +05:30 [INF] Serilog.AspNetCore.RequestLoggingMiddleware | CorrelationId:c1e0c505a152452fa87f3f0db7c251e5 | HTTP OPTIONS /api/notifications/unread-count responded 204 in 0.0613 ms
2026-04-22 10:41:14.460 +05:30 [INF] SmsApi.Middleware.LoggingActionFilter | CorrelationId:4e6ccfdc61154d72bc604d293e3627c9 | API Request: GET /api/notifications/unread-count | User: Unknown | School: 550e8400-e29b-41d4-a716-446655440000
2026-04-22 10:41:14.466 +05:30 [INF] SmsApi.Middleware.LoggingActionFilter | CorrelationId:4e6ccfdc61154d72bc604d293e3627c9 | API Response: GET /api/notifications/unread-count | Status: 200 | Duration: 6ms
2026-04-22 10:41:14.470 +05:30 [INF] Serilog.AspNetCore.RequestLoggingMiddleware | CorrelationId:4e6ccfdc61154d72bc604d293e3627c9 | HTTP GET /api/notifications/unread-count responded 200 in 10.7529 ms
2026-04-22 10:41:44.481 +05:30 [INF] Serilog.AspNetCore.RequestLoggingMiddleware | CorrelationId:d54dc9621d834725a2d3c7ac5fa92758 | HTTP OPTIONS /api/notifications/unread-count responded 204 in 0.2425 ms
2026-04-22 10:41:44.506 +05:30 [INF] SmsApi.Middleware.LoggingActionFilter | CorrelationId:14e25ac03b994a44bb09e0e12143222d | API Request: GET /api/notifications/unread-count | User: Unknown | School: 550e8400-e29b-41d4-a716-446655440000
2026-04-22 10:41:44.515 +05:30 [INF] SmsApi.Middleware.LoggingActionFilter | CorrelationId:14e25ac03b994a44bb09e0e12143222d | API Response: GET /api/notifications/unread-count | Status: 200 | Duration: 9ms
2026-04-22 10:41:44.522 +05:30 [INF] Serilog.AspNetCore.RequestLoggingMiddleware | CorrelationId:14e25ac03b994a44bb09e0e12143222d | HTTP GET /api/notifications/unread-count responded 200 in 16.5722 ms
2026-04-22 10:42:14.544 +05:30 [INF] Serilog.AspNetCore.RequestLoggingMiddleware | CorrelationId:1a38ac7f9de14eb9a61431b47234e080 | HTTP OPTIONS /api/notifications/unread-count responded 204 in 0.0534 ms
2026-04-22 10:42:14.550 +05:30 [INF] SmsApi.Middleware.LoggingActionFilter | CorrelationId:c621176326584a129f83281d95bede95 | API Request: GET /api/notifications/unread-count | User: Unknown | School: 550e8400-e29b-41d4-a716-446655440000
2026-04-22 10:42:14.559 +05:30 [INF] SmsApi.Middleware.LoggingActionFilter | CorrelationId:c621176326584a129f83281d95bede95 | API Response: GET /api/notifications/unread-count | Status: 200 | Duration: 8ms
2026-04-22 10:42:14.562 +05:30 [INF] Serilog.AspNetCore.RequestLoggingMiddleware | CorrelationId:c621176326584a129f83281d95bede95 | HTTP GET /api/notifications/unread-count responded 200 in 12.1122 ms
2026-04-22 10:42:44.583 +05:30 [INF] Serilog.AspNetCore.RequestLoggingMiddleware | CorrelationId:4b8ba8f035644345a44beb19319500cb | HTTP OPTIONS /api/notifications/unread-count responded 204 in 0.0633 ms
2026-04-22 10:42:44.592 +05:30 [INF] SmsApi.Middleware.LoggingActionFilter | CorrelationId:9279a6743d89469bbdb92aa3e575b8eb | API Request: GET /api/notifications/unread-count | User: Unknown | School: 550e8400-e29b-41d4-a716-446655440000
2026-04-22 10:42:44.599 +05:30 [INF] SmsApi.Middleware.LoggingActionFilter | CorrelationId:9279a6743d89469bbdb92aa3e575b8eb | API Response: GET /api/notifications/unread-count | Status: 200 | Duration: 7ms
2026-04-22 10:42:44.603 +05:30 [INF] Serilog.AspNetCore.RequestLoggingMiddleware | CorrelationId:9279a6743d89469bbdb92aa3e575b8eb | HTTP GET /api/notifications/unread-count responded 200 in 12.6397 ms
2026-04-22 10:43:14.620 +05:30 [INF] Serilog.AspNetCore.RequestLoggingMiddleware | CorrelationId:f751fa1bffe5453699be39fe32d41675 | HTTP OPTIONS /api/notifications/unread-count responded 204 in 0.1700 ms
2026-04-22 10:43:14.631 +05:30 [INF] SmsApi.Middleware.LoggingActionFilter | CorrelationId:dcfd216356674bd2a0975075ab6b0199 | API Request: GET /api/notifications/unread-count | User: Unknown | School: 550e8400-e29b-41d4-a716-446655440000
2026-04-22 10:43:14.708 +05:30 [INF] SmsApi.Middleware.LoggingActionFilter | CorrelationId:dcfd216356674bd2a0975075ab6b0199 | API Response: GET /api/notifications/unread-count | Status: 200 | Duration: 76ms
2026-04-22 10:43:14.710 +05:30 [INF] Serilog.AspNetCore.RequestLoggingMiddleware | CorrelationId:dcfd216356674bd2a0975075ab6b0199 | HTTP GET /api/notifications/unread-count responded 200 in 80.3888 ms
2026-04-22 10:43:44.726 +05:30 [INF] Serilog.AspNetCore.RequestLoggingMiddleware | CorrelationId:e21f51a59dc1422b9e02ea201a26a640 | HTTP OPTIONS /api/notifications/unread-count responded 204 in 0.1918 ms
2026-04-22 10:43:44.737 +05:30 [INF] SmsApi.Middleware.LoggingActionFilter | CorrelationId:8b323eb1b722443bb4e6f0beae4a7797 | API Request: GET /api/notifications/unread-count | User: Unknown | School: 550e8400-e29b-41d4-a716-446655440000
2026-04-22 10:43:44.742 +05:30 [INF] SmsApi.Middleware.LoggingActionFilter | CorrelationId:8b323eb1b722443bb4e6f0beae4a7797 | API Response: GET /api/notifications/unread-count | Status: 200 | Duration: 4ms
2026-04-22 10:43:44.747 +05:30 [INF] Serilog.AspNetCore.RequestLoggingMiddleware | CorrelationId:8b323eb1b722443bb4e6f0beae4a7797 | HTTP GET /api/notifications/unread-count responded 200 in 11.3887 ms
2026-04-22 10:43:46.526 +05:30 [INF] Serilog.AspNetCore.RequestLoggingMiddleware | CorrelationId:1fd55f21be184930becadb108152bdfd | HTTP OPTIONS /api/analytics/dashboard/summary responded 204 in 0.0649 ms
2026-04-22 10:43:46.528 +05:30 [INF] Serilog.AspNetCore.RequestLoggingMiddleware | CorrelationId:6826e3b26e7a4b138ba8d6c78616d7c6 | HTTP OPTIONS /api/analytics/attendance responded 204 in 0.0311 ms
2026-04-22 10:43:46.543 +05:30 [INF] SmsApi.Middleware.LoggingActionFilter | CorrelationId:aad33bd6197d45668e28cbb491a56324 | API Request: GET /api/analytics/dashboard/summary | User: Unknown | School: 550e8400-e29b-41d4-a716-446655440000
2026-04-22 10:43:46.551 +05:30 [INF] SmsApi.Middleware.LoggingActionFilter | CorrelationId:3825d07d3e9b4dff9a8b5c202ea4fe3d | API Request: GET /api/analytics/attendance | User: Unknown | School: 550e8400-e29b-41d4-a716-446655440000
2026-04-22 10:43:46.631 +05:30 [INF] SmsApi.Middleware.LoggingActionFilter | CorrelationId:aad33bd6197d45668e28cbb491a56324 | API Response: GET /api/analytics/dashboard/summary | Status: 200 | Duration: 88ms
2026-04-22 10:43:46.643 +05:30 [INF] SmsApi.Middleware.LoggingActionFilter | CorrelationId:3825d07d3e9b4dff9a8b5c202ea4fe3d | API Response: GET /api/analytics/attendance | Status: 200 | Duration: 91ms
2026-04-22 10:43:46.682 +05:30 [INF] Serilog.AspNetCore.RequestLoggingMiddleware | CorrelationId:aad33bd6197d45668e28cbb491a56324 | HTTP GET /api/analytics/dashboard/summary responded 200 in 151.1023 ms
2026-04-22 10:43:46.682 +05:30 [INF] Serilog.AspNetCore.RequestLoggingMiddleware | CorrelationId:3825d07d3e9b4dff9a8b5c202ea4fe3d | HTTP GET /api/analytics/attendance responded 200 in 135.5563 ms
2026-04-22 10:44:14.763 +05:30 [INF] Serilog.AspNetCore.RequestLoggingMiddleware | CorrelationId:5f130afc122d48fcabc20b79aa8fe3e7 | HTTP OPTIONS /api/notifications/unread-count responded 204 in 0.1250 ms
2026-04-22 10:44:14.773 +05:30 [INF] SmsApi.Middleware.LoggingActionFilter | CorrelationId:ae741ff5bd1648f491fc98d9424564ed | API Request: GET /api/notifications/unread-count | User: Unknown | School: 550e8400-e29b-41d4-a716-446655440000
2026-04-22 10:44:14.783 +05:30 [INF] SmsApi.Middleware.LoggingActionFilter | CorrelationId:ae741ff5bd1648f491fc98d9424564ed | API Response: GET /api/notifications/unread-count | Status: 200 | Duration: 9ms
2026-04-22 10:44:14.787 +05:30 [INF] Serilog.AspNetCore.RequestLoggingMiddleware | CorrelationId:ae741ff5bd1648f491fc98d9424564ed | HTTP GET /api/notifications/unread-count responded 200 in 15.6386 ms
2026-04-22 10:44:30.950 +05:30 [INF] Serilog.AspNetCore.RequestLoggingMiddleware | CorrelationId:925a4af9bb0b425f85d44b085b6e26ab | HTTP OPTIONS /api/school-feature-permissions/schools/550e8400-e29b-41d4-a716-446655440000 responded 204 in 0.1045 ms
2026-04-22 10:44:30.954 +05:30 [INF] Serilog.AspNetCore.RequestLoggingMiddleware | CorrelationId:124b9db5d5054c079cb64200d5dba5fa | HTTP OPTIONS /api/academics/academic-years responded 204 in 0.0756 ms
2026-04-22 10:44:30.954 +05:30 [INF] Serilog.AspNetCore.RequestLoggingMiddleware | CorrelationId:44a3bfded99241c882d8d45293bbf1dc | HTTP OPTIONS /api/settings/school/me responded 204 in 0.0312 ms
2026-04-22 10:44:30.958 +05:30 [INF] Serilog.AspNetCore.RequestLoggingMiddleware | CorrelationId:499bb828a80e43658fd652cc3250f80e | HTTP OPTIONS /api/academics/academic-years responded 204 in 0.0325 ms
2026-04-22 10:44:30.975 +05:30 [INF] SmsApi.Middleware.LoggingActionFilter | CorrelationId:4253ecfeab22464c9cb18b11d3c57965 | API Request: GET /api/school-feature-permissions/schools/550e8400-e29b-41d4-a716-446655440000 | User: Unknown | School: 550e8400-e29b-41d4-a716-446655440000
2026-04-22 10:44:30.984 +05:30 [INF] SmsApi.Middleware.LoggingActionFilter | CorrelationId:5b90bf309f314c7cb2c13a3ee24294b7 | API Request: GET /api/settings/school/me | User: Unknown | School: 550e8400-e29b-41d4-a716-446655440000
2026-04-22 10:44:30.978 +05:30 [INF] SmsApi.Middleware.LoggingActionFilter | CorrelationId:f95a6872a7f54314bb11c2e57aa9d616 | API Request: GET /api/academics/academic-years | User: Unknown | School: 550e8400-e29b-41d4-a716-446655440000
2026-04-22 10:44:31.029 +05:30 [INF] Serilog.AspNetCore.RequestLoggingMiddleware | CorrelationId:bc9d16fc66814aaf81578f3328059dfa | HTTP OPTIONS /api/notifications/unread-count responded 204 in 0.0358 ms
2026-04-22 10:44:31.052 +05:30 [INF] Serilog.AspNetCore.RequestLoggingMiddleware | CorrelationId:fc388712e9964df5ab8c035d691cce90 | HTTP OPTIONS /api/analytics/dashboard/summary responded 204 in 0.0762 ms
2026-04-22 10:44:31.060 +05:30 [INF] Serilog.AspNetCore.RequestLoggingMiddleware | CorrelationId:5cebdcc9f5714ca3b66c07549724b24d | HTTP OPTIONS /api/analytics/attendance responded 204 in 0.0370 ms
2026-04-22 10:44:31.071 +05:30 [INF] SmsApi.Middleware.LoggingActionFilter | CorrelationId:5b90bf309f314c7cb2c13a3ee24294b7 | API Response: GET /api/settings/school/me | Status: 200 | Duration: 86ms
2026-04-22 10:44:31.072 +05:30 [INF] SmsApi.Middleware.LoggingActionFilter | CorrelationId:4253ecfeab22464c9cb18b11d3c57965 | API Response: GET /api/school-feature-permissions/schools/550e8400-e29b-41d4-a716-446655440000 | Status: 200 | Duration: 96ms
2026-04-22 10:44:31.079 +05:30 [INF] SmsApi.Middleware.LoggingActionFilter | CorrelationId:f95a6872a7f54314bb11c2e57aa9d616 | API Response: GET /api/academics/academic-years | Status: 200 | Duration: 101ms
2026-04-22 10:44:31.101 +05:30 [INF] Serilog.AspNetCore.RequestLoggingMiddleware | CorrelationId:04536fd6f1fc42e39ad4566be7917351 | HTTP OPTIONS /api/analytics/dashboard/summary responded 204 in 0.0588 ms
2026-04-22 10:44:31.116 +05:30 [INF] Serilog.AspNetCore.RequestLoggingMiddleware | CorrelationId:c51fe87edc314eea9943e2db72777732 | HTTP OPTIONS /api/analytics/attendance responded 204 in 0.0335 ms
2026-04-22 10:44:31.118 +05:30 [INF] SmsApi.Middleware.LoggingActionFilter | CorrelationId:791c3dd4cff74c5793558221bfd9ed2c | API Request: GET /api/notifications/unread-count | User: Unknown | School: 550e8400-e29b-41d4-a716-446655440000
2026-04-22 10:44:31.120 +05:30 [INF] Serilog.AspNetCore.RequestLoggingMiddleware | CorrelationId:5b90bf309f314c7cb2c13a3ee24294b7 | HTTP GET /api/settings/school/me responded 200 in 136.8235 ms
2026-04-22 10:44:31.126 +05:30 [INF] Serilog.AspNetCore.RequestLoggingMiddleware | CorrelationId:4253ecfeab22464c9cb18b11d3c57965 | HTTP GET /api/school-feature-permissions/schools/550e8400-e29b-41d4-a716-446655440000 responded 200 in 152.6529 ms
2026-04-22 10:44:31.130 +05:30 [INF] Serilog.AspNetCore.RequestLoggingMiddleware | CorrelationId:f95a6872a7f54314bb11c2e57aa9d616 | HTTP GET /api/academics/academic-years responded 200 in 152.6582 ms
2026-04-22 10:44:31.136 +05:30 [INF] SmsApi.Middleware.LoggingActionFilter | CorrelationId:94805a07e29547949428fa2fe541943c | API Request: GET /api/analytics/dashboard/summary | User: Unknown | School: 550e8400-e29b-41d4-a716-446655440000
2026-04-22 10:44:31.142 +05:30 [INF] SmsApi.Middleware.LoggingActionFilter | CorrelationId:791c3dd4cff74c5793558221bfd9ed2c | API Response: GET /api/notifications/unread-count | Status: 200 | Duration: 23ms
2026-04-22 10:44:31.142 +05:30 [INF] SmsApi.Middleware.LoggingActionFilter | CorrelationId:e8cf7a9aff0c4a6186fb785ba6ebcf06 | API Request: GET /api/analytics/attendance | User: Unknown | School: 550e8400-e29b-41d4-a716-446655440000
2026-04-22 10:44:31.150 +05:30 [INF] SmsApi.Middleware.LoggingActionFilter | CorrelationId:bd6f975c91064cbc81526c9867d59aa8 | API Request: GET /api/academics/academic-years | User: Unknown | School: 550e8400-e29b-41d4-a716-446655440000
2026-04-22 10:44:31.166 +05:30 [INF] SmsApi.Middleware.LoggingActionFilter | CorrelationId:94805a07e29547949428fa2fe541943c | API Response: GET /api/analytics/dashboard/summary | Status: 200 | Duration: 29ms
2026-04-22 10:44:31.168 +05:30 [INF] Serilog.AspNetCore.RequestLoggingMiddleware | CorrelationId:791c3dd4cff74c5793558221bfd9ed2c | HTTP GET /api/notifications/unread-count responded 200 in 50.3044 ms
2026-04-22 10:44:31.178 +05:30 [INF] SmsApi.Middleware.LoggingActionFilter | CorrelationId:e8cf7a9aff0c4a6186fb785ba6ebcf06 | API Response: GET /api/analytics/attendance | Status: 200 | Duration: 35ms
2026-04-22 10:44:31.179 +05:30 [INF] SmsApi.Middleware.LoggingActionFilter | CorrelationId:bd6f975c91064cbc81526c9867d59aa8 | API Response: GET /api/academics/academic-years | Status: 200 | Duration: 28ms
2026-04-22 10:44:31.179 +05:30 [INF] Serilog.AspNetCore.RequestLoggingMiddleware | CorrelationId:94805a07e29547949428fa2fe541943c | HTTP GET /api/analytics/dashboard/summary responded 200 in 46.8892 ms
2026-04-22 10:44:31.185 +05:30 [INF] SmsApi.Middleware.LoggingActionFilter | CorrelationId:560b7e6da81541d78195162203d436a9 | API Request: GET /api/analytics/dashboard/summary | User: Unknown | School: 550e8400-e29b-41d4-a716-446655440000
2026-04-22 10:44:31.186 +05:30 [INF] Serilog.AspNetCore.RequestLoggingMiddleware | CorrelationId:e8cf7a9aff0c4a6186fb785ba6ebcf06 | HTTP GET /api/analytics/attendance responded 200 in 47.3950 ms
2026-04-22 10:44:31.190 +05:30 [INF] Serilog.AspNetCore.RequestLoggingMiddleware | CorrelationId:bd6f975c91064cbc81526c9867d59aa8 | HTTP GET /api/academics/academic-years responded 200 in 40.4351 ms
2026-04-22 10:44:31.195 +05:30 [INF] SmsApi.Middleware.LoggingActionFilter | CorrelationId:7e7fb0c0d48449478df88908c60aebad | API Request: GET /api/analytics/attendance | User: Unknown | School: 550e8400-e29b-41d4-a716-446655440000
2026-04-22 10:44:31.195 +05:30 [INF] SmsApi.Middleware.LoggingActionFilter | CorrelationId:560b7e6da81541d78195162203d436a9 | API Response: GET /api/analytics/dashboard/summary | Status: 200 | Duration: 10ms
2026-04-22 10:44:31.229 +05:30 [INF] Serilog.AspNetCore.RequestLoggingMiddleware | CorrelationId:560b7e6da81541d78195162203d436a9 | HTTP GET /api/analytics/dashboard/summary responded 200 in 47.4458 ms
2026-04-22 10:44:31.217 +05:30 [INF] SmsApi.Middleware.LoggingActionFilter | CorrelationId:7e7fb0c0d48449478df88908c60aebad | API Response: GET /api/analytics/attendance | Status: 200 | Duration: 21ms
2026-04-22 10:44:31.250 +05:30 [INF] Serilog.AspNetCore.RequestLoggingMiddleware | CorrelationId:7e7fb0c0d48449478df88908c60aebad | HTTP GET /api/analytics/attendance responded 200 in 60.0546 ms
2026-04-22 10:45:01.202 +05:30 [INF] Serilog.AspNetCore.RequestLoggingMiddleware | CorrelationId:1bc5086ee5b24e6dbedfc850c22a32b5 | HTTP OPTIONS /api/notifications/unread-count responded 204 in 0.0904 ms
2026-04-22 10:45:01.244 +05:30 [INF] SmsApi.Middleware.LoggingActionFilter | CorrelationId:07b50fbb700e4623afafb41b1c666a50 | API Request: GET /api/notifications/unread-count | User: Unknown | School: 550e8400-e29b-41d4-a716-446655440000
2026-04-22 10:45:01.249 +05:30 [INF] SmsApi.Middleware.LoggingActionFilter | CorrelationId:07b50fbb700e4623afafb41b1c666a50 | API Response: GET /api/notifications/unread-count | Status: 200 | Duration: 4ms
2026-04-22 10:45:01.251 +05:30 [INF] Serilog.AspNetCore.RequestLoggingMiddleware | CorrelationId:07b50fbb700e4623afafb41b1c666a50 | HTTP GET /api/notifications/unread-count responded 200 in 7.8885 ms
2026-04-22 10:45:31.282 +05:30 [INF] Serilog.AspNetCore.RequestLoggingMiddleware | CorrelationId:73c896752ce349cf8d38e95dff612ca4 | HTTP OPTIONS /api/notifications/unread-count responded 204 in 0.0938 ms
2026-04-22 10:45:32.848 +05:30 [WRN] SmsApi.Infrastructure.Performance.PerformanceMonitoringMiddleware | CorrelationId: | Slow request: OPTIONS /api/notifications/unread-count took 1565ms — status 204.
2026-04-22 10:45:33.013 +05:30 [INF] SmsApi.Middleware.LoggingActionFilter | CorrelationId:c75eff5a58194adcbaa1950b828ba856 | API Request: GET /api/notifications/unread-count | User: Unknown | School: 550e8400-e29b-41d4-a716-446655440000
2026-04-22 10:45:34.331 +05:30 [INF] SmsApi.Middleware.LoggingActionFilter | CorrelationId:c75eff5a58194adcbaa1950b828ba856 | API Response: GET /api/notifications/unread-count | Status: 200 | Duration: 1317ms
2026-04-22 10:45:35.194 +05:30 [INF] Serilog.AspNetCore.RequestLoggingMiddleware | CorrelationId:c75eff5a58194adcbaa1950b828ba856 | HTTP GET /api/notifications/unread-count responded 200 in 2180.9404 ms
2026-04-22 10:45:36.218 +05:30 [ERR] SmsApi.Infrastructure.Performance.PerformanceMonitoringMiddleware | CorrelationId: | SLA BREACH: GET /api/notifications/unread-count took 2180ms — status 200. Investigate immediately.
2026-04-22 10:46:06.721 +05:30 [INF] Serilog.AspNetCore.RequestLoggingMiddleware | CorrelationId:4341ddbc131941f0bd8cb392363ab2c5 | HTTP OPTIONS /api/notifications/unread-count responded 204 in 0.4952 ms
2026-04-22 10:46:06.736 +05:30 [INF] SmsApi.Middleware.LoggingActionFilter | CorrelationId:35c271a8014f45ecabb4a6566df59403 | API Request: GET /api/notifications/unread-count | User: Unknown | School: 550e8400-e29b-41d4-a716-446655440000
2026-04-22 10:46:06.749 +05:30 [INF] SmsApi.Middleware.LoggingActionFilter | CorrelationId:35c271a8014f45ecabb4a6566df59403 | API Response: GET /api/notifications/unread-count | Status: 200 | Duration: 13ms
2026-04-22 10:46:06.753 +05:30 [INF] Serilog.AspNetCore.RequestLoggingMiddleware | CorrelationId:35c271a8014f45ecabb4a6566df59403 | HTTP GET /api/notifications/unread-count responded 200 in 21.3209 ms
2026-04-22 10:46:36.772 +05:30 [INF] Serilog.AspNetCore.RequestLoggingMiddleware | CorrelationId:5031cfc422644077ba43c5c91f6a2a21 | HTTP OPTIONS /api/notifications/unread-count responded 204 in 0.1987 ms
2026-04-22 10:46:36.905 +05:30 [INF] SmsApi.Middleware.LoggingActionFilter | CorrelationId:c2c1443b510b413d995f97443a3970d8 | API Request: GET /api/notifications/unread-count | User: Unknown | School: 550e8400-e29b-41d4-a716-446655440000
2026-04-22 10:46:36.919 +05:30 [INF] SmsApi.Middleware.LoggingActionFilter | CorrelationId:c2c1443b510b413d995f97443a3970d8 | API Response: GET /api/notifications/unread-count | Status: 200 | Duration: 13ms
2026-04-22 10:46:36.929 +05:30 [INF] Serilog.AspNetCore.RequestLoggingMiddleware | CorrelationId:c2c1443b510b413d995f97443a3970d8 | HTTP GET /api/notifications/unread-count responded 200 in 26.1240 ms
2026-04-22 10:47:14.712 +05:30 [INF]  | CorrelationId: | Using distributed in-memory cache (development only)
2026-04-22 10:47:16.372 +05:30 [WRN] Microsoft.EntityFrameworkCore.Model.Validation | CorrelationId: | Entity 'Staff' has a global query filter defined and is the required end of a relationship with the entity 'Certificate'. This may lead to unexpected results when the required entity is filtered out. Either configure the navigation as optional, or define matching query filters for both entities in the navigation. See https://go.microsoft.com/fwlink/?linkid=2131316 for more information.
2026-04-22 10:47:16.373 +05:30 [WRN] Microsoft.EntityFrameworkCore.Model.Validation | CorrelationId: | Entity 'School' has a global query filter defined and is the required end of a relationship with the entity 'CertificateTemplate'. This may lead to unexpected results when the required entity is filtered out. Either configure the navigation as optional, or define matching query filters for both entities in the navigation. See https://go.microsoft.com/fwlink/?linkid=2131316 for more information.
2026-04-22 10:47:16.373 +05:30 [WRN] Microsoft.EntityFrameworkCore.Model.Validation | CorrelationId: | Entity 'School' has a global query filter defined and is the required end of a relationship with the entity 'Document'. This may lead to unexpected results when the required entity is filtered out. Either configure the navigation as optional, or define matching query filters for both entities in the navigation. See https://go.microsoft.com/fwlink/?linkid=2131316 for more information.
2026-04-22 10:47:16.373 +05:30 [WRN] Microsoft.EntityFrameworkCore.Model.Validation | CorrelationId: | Entity 'School' has a global query filter defined and is the required end of a relationship with the entity 'DocumentCategory'. This may lead to unexpected results when the required entity is filtered out. Either configure the navigation as optional, or define matching query filters for both entities in the navigation. See https://go.microsoft.com/fwlink/?linkid=2131316 for more information.
2026-04-22 10:47:16.373 +05:30 [WRN] Microsoft.EntityFrameworkCore.Model.Validation | CorrelationId: | Entity 'School' has a global query filter defined and is the required end of a relationship with the entity 'FeeAuditLog'. This may lead to unexpected results when the required entity is filtered out. Either configure the navigation as optional, or define matching query filters for both entities in the navigation. See https://go.microsoft.com/fwlink/?linkid=2131316 for more information.
2026-04-22 10:47:16.373 +05:30 [WRN] Microsoft.EntityFrameworkCore.Model.Validation | CorrelationId: | Entity 'School' has a global query filter defined and is the required end of a relationship with the entity 'Holiday'. This may lead to unexpected results when the required entity is filtered out. Either configure the navigation as optional, or define matching query filters for both entities in the navigation. See https://go.microsoft.com/fwlink/?linkid=2131316 for more information.
2026-04-22 10:47:16.373 +05:30 [WRN] Microsoft.EntityFrameworkCore.Model.Validation | CorrelationId: | Entity 'School' has a global query filter defined and is the required end of a relationship with the entity 'IDCard'. This may lead to unexpected results when the required entity is filtered out. Either configure the navigation as optional, or define matching query filters for both entities in the navigation. See https://go.microsoft.com/fwlink/?linkid=2131316 for more information.
2026-04-22 10:47:16.373 +05:30 [WRN] Microsoft.EntityFrameworkCore.Model.Validation | CorrelationId: | Entity 'School' has a global query filter defined and is the required end of a relationship with the entity 'IDCardTemplate'. This may lead to unexpected results when the required entity is filtered out. Either configure the navigation as optional, or define matching query filters for both entities in the navigation. See https://go.microsoft.com/fwlink/?linkid=2131316 for more information.
2026-04-22 10:47:16.374 +05:30 [WRN] Microsoft.EntityFrameworkCore.Model.Validation | CorrelationId: | Entity 'UserLogin' has a global query filter defined and is the required end of a relationship with the entity 'PasswordResetToken'. This may lead to unexpected results when the required entity is filtered out. Either configure the navigation as optional, or define matching query filters for both entities in the navigation. See https://go.microsoft.com/fwlink/?linkid=2131316 for more information.
2026-04-22 10:47:16.374 +05:30 [WRN] Microsoft.EntityFrameworkCore.Model.Validation | CorrelationId: | Entity 'School' has a global query filter defined and is the required end of a relationship with the entity 'PromotionHistory'. This may lead to unexpected results when the required entity is filtered out. Either configure the navigation as optional, or define matching query filters for both entities in the navigation. See https://go.microsoft.com/fwlink/?linkid=2131316 for more information.
2026-04-22 10:48:05.359 +05:30 [INF]  | CorrelationId: | Using distributed in-memory cache (development only)
2026-04-22 10:48:07.347 +05:30 [WRN] Microsoft.EntityFrameworkCore.Model.Validation | CorrelationId: | Entity 'Staff' has a global query filter defined and is the required end of a relationship with the entity 'Certificate'. This may lead to unexpected results when the required entity is filtered out. Either configure the navigation as optional, or define matching query filters for both entities in the navigation. See https://go.microsoft.com/fwlink/?linkid=2131316 for more information.
2026-04-22 10:48:07.350 +05:30 [WRN] Microsoft.EntityFrameworkCore.Model.Validation | CorrelationId: | Entity 'School' has a global query filter defined and is the required end of a relationship with the entity 'CertificateTemplate'. This may lead to unexpected results when the required entity is filtered out. Either configure the navigation as optional, or define matching query filters for both entities in the navigation. See https://go.microsoft.com/fwlink/?linkid=2131316 for more information.
2026-04-22 10:48:07.351 +05:30 [WRN] Microsoft.EntityFrameworkCore.Model.Validation | CorrelationId: | Entity 'School' has a global query filter defined and is the required end of a relationship with the entity 'Document'. This may lead to unexpected results when the required entity is filtered out. Either configure the navigation as optional, or define matching query filters for both entities in the navigation. See https://go.microsoft.com/fwlink/?linkid=2131316 for more information.
2026-04-22 10:48:07.352 +05:30 [WRN] Microsoft.EntityFrameworkCore.Model.Validation | CorrelationId: | Entity 'School' has a global query filter defined and is the required end of a relationship with the entity 'DocumentCategory'. This may lead to unexpected results when the required entity is filtered out. Either configure the navigation as optional, or define matching query filters for both entities in the navigation. See https://go.microsoft.com/fwlink/?linkid=2131316 for more information.
2026-04-22 10:48:07.353 +05:30 [WRN] Microsoft.EntityFrameworkCore.Model.Validation | CorrelationId: | Entity 'School' has a global query filter defined and is the required end of a relationship with the entity 'FeeAuditLog'. This may lead to unexpected results when the required entity is filtered out. Either configure the navigation as optional, or define matching query filters for both entities in the navigation. See https://go.microsoft.com/fwlink/?linkid=2131316 for more information.
2026-04-22 10:48:07.355 +05:30 [WRN] Microsoft.EntityFrameworkCore.Model.Validation | CorrelationId: | Entity 'School' has a global query filter defined and is the required end of a relationship with the entity 'Holiday'. This may lead to unexpected results when the required entity is filtered out. Either configure the navigation as optional, or define matching query filters for both entities in the navigation. See https://go.microsoft.com/fwlink/?linkid=2131316 for more information.
2026-04-22 10:48:07.356 +05:30 [WRN] Microsoft.EntityFrameworkCore.Model.Validation | CorrelationId: | Entity 'School' has a global query filter defined and is the required end of a relationship with the entity 'IDCard'. This may lead to unexpected results when the required entity is filtered out. Either configure the navigation as optional, or define matching query filters for both entities in the navigation. See https://go.microsoft.com/fwlink/?linkid=2131316 for more information.
2026-04-22 10:48:07.359 +05:30 [WRN] Microsoft.EntityFrameworkCore.Model.Validation | CorrelationId: | Entity 'School' has a global query filter defined and is the required end of a relationship with the entity 'IDCardTemplate'. This may lead to unexpected results when the required entity is filtered out. Either configure the navigation as optional, or define matching query filters for both entities in the navigation. See https://go.microsoft.com/fwlink/?linkid=2131316 for more information.
2026-04-22 10:48:07.360 +05:30 [WRN] Microsoft.EntityFrameworkCore.Model.Validation | CorrelationId: | Entity 'UserLogin' has a global query filter defined and is the required end of a relationship with the entity 'PasswordResetToken'. This may lead to unexpected results when the required entity is filtered out. Either configure the navigation as optional, or define matching query filters for both entities in the navigation. See https://go.microsoft.com/fwlink/?linkid=2131316 for more information.
2026-04-22 10:48:07.361 +05:30 [WRN] Microsoft.EntityFrameworkCore.Model.Validation | CorrelationId: | Entity 'School' has a global query filter defined and is the required end of a relationship with the entity 'PromotionHistory'. This may lead to unexpected results when the required entity is filtered out. Either configure the navigation as optional, or define matching query filters for both entities in the navigation. See https://go.microsoft.com/fwlink/?linkid=2131316 for more information.
2026-04-22 10:48:07.437 +05:30 [WRN] Microsoft.EntityFrameworkCore.Model.Validation | CorrelationId: | The foreign key property 'Staff.ReportingToId1' was created in shadow state because a conflicting property with the simple name 'ReportingToId' exists in the entity type, but is either not mapped, is already used for another relationship, or is incompatible with the associated primary key type. See https://aka.ms/efcore-relationships for information on mapping relationships in EF Core.
2026-04-22 10:48:08.457 +05:30 [INF] Program | CorrelationId: | Database migrations applied successfully.
2026-04-22 10:48:09.222 +05:30 [INF] Microsoft.Hosting.Lifetime | CorrelationId: | Now listening on: http://localhost:5092
2026-04-22 10:48:09.223 +05:30 [INF] Microsoft.Hosting.Lifetime | CorrelationId: | Application started. Press Ctrl+C to shut down.
2026-04-22 10:48:09.226 +05:30 [INF] Microsoft.Hosting.Lifetime | CorrelationId: | Hosting environment: Development
2026-04-22 10:48:09.227 +05:30 [INF] Microsoft.Hosting.Lifetime | CorrelationId: | Content root path: C:\Vitana\Vitana Group\sms-api
2026-04-22 10:48:18.519 +05:30 [INF] Serilog.AspNetCore.RequestLoggingMiddleware | CorrelationId:ff8034e91b084138998983983963e5e1 | HTTP OPTIONS /api/notifications/unread-count responded 204 in 8.9200 ms
2026-04-22 10:48:18.559 +05:30 [WRN] Microsoft.AspNetCore.HttpsPolicy.HttpsRedirectionMiddleware | CorrelationId:7515386428934a708b3e3575816163d6 | Failed to determine the https port for redirect.
2026-04-22 10:48:18.634 +05:30 [INF] SmsApi.Middleware.LoggingActionFilter | CorrelationId:7515386428934a708b3e3575816163d6 | API Request: GET /api/notifications/unread-count | User: Unknown | School: 550e8400-e29b-41d4-a716-446655440000
2026-04-22 10:48:18.693 +05:30 [INF] SmsApi.Middleware.LoggingActionFilter | CorrelationId:7515386428934a708b3e3575816163d6 | API Response: GET /api/notifications/unread-count | Status: 200 | Duration: 58ms
2026-04-22 10:48:18.727 +05:30 [INF] Serilog.AspNetCore.RequestLoggingMiddleware | CorrelationId:7515386428934a708b3e3575816163d6 | HTTP GET /api/notifications/unread-count responded 200 in 173.8996 ms
2026-04-22 10:48:30.784 +05:30 [INF] Serilog.AspNetCore.RequestLoggingMiddleware | CorrelationId:c3b2a5f79aad4d628b316980dbc5ef7b | HTTP GET /api/analytics/dashboard/summary responded 401 in 9.8633 ms
2026-04-22 10:48:48.761 +05:30 [INF] Serilog.AspNetCore.RequestLoggingMiddleware | CorrelationId:dfa54d5f64aa49648040b75eedd5bd33 | HTTP OPTIONS /api/notifications/unread-count responded 204 in 2.1350 ms
2026-04-22 10:48:48.779 +05:30 [INF] SmsApi.Middleware.LoggingActionFilter | CorrelationId:ebdb2a21e9d1450aaa528ffe31aecf83 | API Request: GET /api/notifications/unread-count | User: Unknown | School: 550e8400-e29b-41d4-a716-446655440000
2026-04-22 10:48:48.801 +05:30 [INF] SmsApi.Middleware.LoggingActionFilter | CorrelationId:ebdb2a21e9d1450aaa528ffe31aecf83 | API Response: GET /api/notifications/unread-count | Status: 200 | Duration: 21ms
2026-04-22 10:48:48.805 +05:30 [INF] Serilog.AspNetCore.RequestLoggingMiddleware | CorrelationId:ebdb2a21e9d1450aaa528ffe31aecf83 | HTTP GET /api/notifications/unread-count responded 200 in 36.7703 ms
2026-04-22 10:49:18.824 +05:30 [INF] Serilog.AspNetCore.RequestLoggingMiddleware | CorrelationId:e9e2a8de2cb6418bb8323bd3d9037cea | HTTP OPTIONS /api/notifications/unread-count responded 204 in 0.1514 ms
2026-04-22 10:49:18.846 +05:30 [INF] SmsApi.Middleware.LoggingActionFilter | CorrelationId:b8159768828e4c4d8c1c5073ad305146 | API Request: GET /api/notifications/unread-count | User: Unknown | School: 550e8400-e29b-41d4-a716-446655440000
2026-04-22 10:49:18.851 +05:30 [INF] SmsApi.Middleware.LoggingActionFilter | CorrelationId:b8159768828e4c4d8c1c5073ad305146 | API Response: GET /api/notifications/unread-count | Status: 200 | Duration: 4ms
2026-04-22 10:49:18.852 +05:30 [INF] Serilog.AspNetCore.RequestLoggingMiddleware | CorrelationId:b8159768828e4c4d8c1c5073ad305146 | HTTP GET /api/notifications/unread-count responded 200 in 8.5800 ms
2026-04-22 10:49:48.865 +05:30 [INF] Serilog.AspNetCore.RequestLoggingMiddleware | CorrelationId:0c90a861913d4874a28285945fd5d8c8 | HTTP OPTIONS /api/notifications/unread-count responded 204 in 0.3608 ms
2026-04-22 10:49:48.872 +05:30 [INF] SmsApi.Middleware.LoggingActionFilter | CorrelationId:c80df67a3c934184bd62bf9b241aca01 | API Request: GET /api/notifications/unread-count | User: Unknown | School: 550e8400-e29b-41d4-a716-446655440000
2026-04-22 10:49:48.878 +05:30 [INF] SmsApi.Middleware.LoggingActionFilter | CorrelationId:c80df67a3c934184bd62bf9b241aca01 | API Response: GET /api/notifications/unread-count | Status: 200 | Duration: 5ms
2026-04-22 10:49:48.880 +05:30 [INF] Serilog.AspNetCore.RequestLoggingMiddleware | CorrelationId:c80df67a3c934184bd62bf9b241aca01 | HTTP GET /api/notifications/unread-count responded 200 in 9.6370 ms
2026-04-22 10:50:18.910 +05:30 [INF] Serilog.AspNetCore.RequestLoggingMiddleware | CorrelationId:578d67df87b346ceb5d2d0b1a2800376 | HTTP OPTIONS /api/notifications/unread-count responded 204 in 0.7505 ms
2026-04-22 10:50:18.925 +05:30 [INF] SmsApi.Middleware.LoggingActionFilter | CorrelationId:5668b08646ce436db5089e201c4e5252 | API Request: GET /api/notifications/unread-count | User: Unknown | School: 550e8400-e29b-41d4-a716-446655440000
2026-04-22 10:50:18.935 +05:30 [INF] SmsApi.Middleware.LoggingActionFilter | CorrelationId:5668b08646ce436db5089e201c4e5252 | API Response: GET /api/notifications/unread-count | Status: 200 | Duration: 10ms
2026-04-22 10:50:18.940 +05:30 [INF] Serilog.AspNetCore.RequestLoggingMiddleware | CorrelationId:5668b08646ce436db5089e201c4e5252 | HTTP GET /api/notifications/unread-count responded 200 in 17.2559 ms
2026-04-22 10:50:48.969 +05:30 [INF] Serilog.AspNetCore.RequestLoggingMiddleware | CorrelationId:69274acd9a10469f9c7245970f162b8f | HTTP OPTIONS /api/notifications/unread-count responded 204 in 0.1675 ms
2026-04-22 10:50:49.004 +05:30 [INF] SmsApi.Middleware.LoggingActionFilter | CorrelationId:b2e7a50a3dc24898a921993ab8cff51d | API Request: GET /api/notifications/unread-count | User: Unknown | School: 550e8400-e29b-41d4-a716-446655440000
2026-04-22 10:50:49.009 +05:30 [INF] SmsApi.Middleware.LoggingActionFilter | CorrelationId:b2e7a50a3dc24898a921993ab8cff51d | API Response: GET /api/notifications/unread-count | Status: 200 | Duration: 5ms
2026-04-22 10:50:49.013 +05:30 [INF] Serilog.AspNetCore.RequestLoggingMiddleware | CorrelationId:b2e7a50a3dc24898a921993ab8cff51d | HTTP GET /api/notifications/unread-count responded 200 in 10.5164 ms
2026-04-22 10:51:19.067 +05:30 [INF] Serilog.AspNetCore.RequestLoggingMiddleware | CorrelationId:395d2ef75eee4010ad1910f8d0a34f50 | HTTP OPTIONS /api/notifications/unread-count responded 204 in 39.7537 ms
2026-04-22 10:51:19.131 +05:30 [INF] SmsApi.Middleware.LoggingActionFilter | CorrelationId:fc2dc6764a83489dbe63c56229eb7f45 | API Request: GET /api/notifications/unread-count | User: Unknown | School: 550e8400-e29b-41d4-a716-446655440000
2026-04-22 10:51:19.146 +05:30 [INF] SmsApi.Middleware.LoggingActionFilter | CorrelationId:fc2dc6764a83489dbe63c56229eb7f45 | API Response: GET /api/notifications/unread-count | Status: 200 | Duration: 14ms
2026-04-22 10:51:19.155 +05:30 [INF] Serilog.AspNetCore.RequestLoggingMiddleware | CorrelationId:fc2dc6764a83489dbe63c56229eb7f45 | HTTP GET /api/notifications/unread-count responded 200 in 24.8507 ms
2026-04-22 10:51:49.165 +05:30 [INF] Serilog.AspNetCore.RequestLoggingMiddleware | CorrelationId:d8e5b21a400441fd90d2084db4be2ef5 | HTTP OPTIONS /api/notifications/unread-count responded 204 in 0.2852 ms
2026-04-22 10:51:49.178 +05:30 [INF] SmsApi.Middleware.LoggingActionFilter | CorrelationId:6e0317ea900e478e90647b67f2b40f57 | API Request: GET /api/notifications/unread-count | User: Unknown | School: 550e8400-e29b-41d4-a716-446655440000
2026-04-22 10:51:49.185 +05:30 [INF] SmsApi.Middleware.LoggingActionFilter | CorrelationId:6e0317ea900e478e90647b67f2b40f57 | API Response: GET /api/notifications/unread-count | Status: 200 | Duration: 6ms
2026-04-22 10:51:49.189 +05:30 [INF] Serilog.AspNetCore.RequestLoggingMiddleware | CorrelationId:6e0317ea900e478e90647b67f2b40f57 | HTTP GET /api/notifications/unread-count responded 200 in 13.1148 ms
2026-04-22 10:52:19.207 +05:30 [INF] Serilog.AspNetCore.RequestLoggingMiddleware | CorrelationId:351bb361a8134aa297dc5a2b6a00d3c4 | HTTP OPTIONS /api/notifications/unread-count responded 204 in 0.3366 ms
2026-04-22 10:52:19.212 +05:30 [INF] SmsApi.Middleware.LoggingActionFilter | CorrelationId:720f571ac24c4b30b5098cc6809f3178 | API Request: GET /api/notifications/unread-count | User: Unknown | School: 550e8400-e29b-41d4-a716-446655440000
2026-04-22 10:52:19.216 +05:30 [INF] SmsApi.Middleware.LoggingActionFilter | CorrelationId:720f571ac24c4b30b5098cc6809f3178 | API Response: GET /api/notifications/unread-count | Status: 200 | Duration: 4ms
2026-04-22 10:52:19.219 +05:30 [INF] Serilog.AspNetCore.RequestLoggingMiddleware | CorrelationId:720f571ac24c4b30b5098cc6809f3178 | HTTP GET /api/notifications/unread-count responded 200 in 7.6228 ms
2026-04-22 10:52:49.238 +05:30 [INF] Serilog.AspNetCore.RequestLoggingMiddleware | CorrelationId:bf11fcd1b93743ea890422856e84953c | HTTP OPTIONS /api/notifications/unread-count responded 204 in 0.2514 ms
2026-04-22 10:52:49.253 +05:30 [INF] SmsApi.Middleware.LoggingActionFilter | CorrelationId:42609561a68646439a111ffe105972b7 | API Request: GET /api/notifications/unread-count | User: Unknown | School: 550e8400-e29b-41d4-a716-446655440000
2026-04-22 10:52:49.262 +05:30 [INF] SmsApi.Middleware.LoggingActionFilter | CorrelationId:42609561a68646439a111ffe105972b7 | API Response: GET /api/notifications/unread-count | Status: 200 | Duration: 9ms
2026-04-22 10:52:49.269 +05:30 [INF] Serilog.AspNetCore.RequestLoggingMiddleware | CorrelationId:42609561a68646439a111ffe105972b7 | HTTP GET /api/notifications/unread-count responded 200 in 19.0612 ms
2026-04-22 10:53:19.285 +05:30 [INF] Serilog.AspNetCore.RequestLoggingMiddleware | CorrelationId:5641ec6da0904e29b2847d6454e577a7 | HTTP OPTIONS /api/notifications/unread-count responded 204 in 0.1670 ms
2026-04-22 10:53:19.290 +05:30 [INF] SmsApi.Middleware.LoggingActionFilter | CorrelationId:fc77c0478ef54480bfac993b2e7d32f2 | API Request: GET /api/notifications/unread-count | User: Unknown | School: 550e8400-e29b-41d4-a716-446655440000
2026-04-22 10:53:19.352 +05:30 [INF] SmsApi.Middleware.LoggingActionFilter | CorrelationId:fc77c0478ef54480bfac993b2e7d32f2 | API Response: GET /api/notifications/unread-count | Status: 200 | Duration: 62ms
2026-04-22 10:53:19.354 +05:30 [INF] Serilog.AspNetCore.RequestLoggingMiddleware | CorrelationId:fc77c0478ef54480bfac993b2e7d32f2 | HTTP GET /api/notifications/unread-count responded 200 in 64.9159 ms
2026-04-22 10:53:49.373 +05:30 [INF] Serilog.AspNetCore.RequestLoggingMiddleware | CorrelationId:bc72d2adbd50482890f2dcd0dbd29071 | HTTP OPTIONS /api/notifications/unread-count responded 204 in 0.2084 ms
2026-04-22 10:53:49.386 +05:30 [INF] SmsApi.Middleware.LoggingActionFilter | CorrelationId:3128a5be07624b5886aa45ff19e13f7b | API Request: GET /api/notifications/unread-count | User: Unknown | School: 550e8400-e29b-41d4-a716-446655440000
2026-04-22 10:53:49.393 +05:30 [INF] SmsApi.Middleware.LoggingActionFilter | CorrelationId:3128a5be07624b5886aa45ff19e13f7b | API Response: GET /api/notifications/unread-count | Status: 200 | Duration: 6ms
2026-04-22 10:53:49.396 +05:30 [INF] Serilog.AspNetCore.RequestLoggingMiddleware | CorrelationId:3128a5be07624b5886aa45ff19e13f7b | HTTP GET /api/notifications/unread-count responded 200 in 12.0912 ms
2026-04-22 10:54:26.554 +05:30 [INF] Serilog.AspNetCore.RequestLoggingMiddleware | CorrelationId:f62ff8313ac5465fa8ca906a4842066f | HTTP OPTIONS /api/notifications/unread-count responded 204 in 0.8849 ms
2026-04-22 10:54:28.567 +05:30 [INF] SmsApi.Middleware.LoggingActionFilter | CorrelationId:83bb185a0cc240d8a421f829436f9415 | API Request: GET /api/notifications/unread-count | User: Unknown | School: 550e8400-e29b-41d4-a716-446655440000
2026-04-22 10:54:28.577 +05:30 [INF] SmsApi.Middleware.LoggingActionFilter | CorrelationId:83bb185a0cc240d8a421f829436f9415 | API Response: GET /api/notifications/unread-count | Status: 200 | Duration: 10ms
2026-04-22 10:54:28.581 +05:30 [INF] Serilog.AspNetCore.RequestLoggingMiddleware | CorrelationId:83bb185a0cc240d8a421f829436f9415 | HTTP GET /api/notifications/unread-count responded 200 in 18.0548 ms
2026-04-22 10:54:58.613 +05:30 [INF] Serilog.AspNetCore.RequestLoggingMiddleware | CorrelationId:494d677f7d5247f6a8c2c4261fb5bf06 | HTTP OPTIONS /api/notifications/unread-count responded 204 in 0.1433 ms
2026-04-22 10:54:58.621 +05:30 [INF] SmsApi.Middleware.LoggingActionFilter | CorrelationId:bf7d8ca725d94508863a84fbae452cc7 | API Request: GET /api/notifications/unread-count | User: Unknown | School: 550e8400-e29b-41d4-a716-446655440000
2026-04-22 10:54:58.627 +05:30 [INF] SmsApi.Middleware.LoggingActionFilter | CorrelationId:bf7d8ca725d94508863a84fbae452cc7 | API Response: GET /api/notifications/unread-count | Status: 200 | Duration: 6ms
2026-04-22 10:54:58.630 +05:30 [INF] Serilog.AspNetCore.RequestLoggingMiddleware | CorrelationId:bf7d8ca725d94508863a84fbae452cc7 | HTTP GET /api/notifications/unread-count responded 200 in 10.9858 ms
2026-04-22 11:02:13.987 +05:30 [INF] Serilog.AspNetCore.RequestLoggingMiddleware | CorrelationId:59784d8c6ed04eb18cf3db02741cc4e9 | HTTP OPTIONS /api/notifications/unread-count responded 204 in 0.4955 ms
2026-04-22 11:02:13.999 +05:30 [INF] SmsApi.Middleware.LoggingActionFilter | CorrelationId:cfafc252304142ea87b54a787ba8f15a | API Request: GET /api/notifications/unread-count | User: Unknown | School: 550e8400-e29b-41d4-a716-446655440000
2026-04-22 11:02:14.007 +05:30 [INF] SmsApi.Middleware.LoggingActionFilter | CorrelationId:cfafc252304142ea87b54a787ba8f15a | API Response: GET /api/notifications/unread-count | Status: 200 | Duration: 7ms
2026-04-22 11:02:14.010 +05:30 [INF] Serilog.AspNetCore.RequestLoggingMiddleware | CorrelationId:cfafc252304142ea87b54a787ba8f15a | HTTP GET /api/notifications/unread-count responded 200 in 13.3359 ms
2026-04-22 11:02:44.028 +05:30 [INF] Serilog.AspNetCore.RequestLoggingMiddleware | CorrelationId:f588d7063f3b4ca1bcccf806a0acad18 | HTTP OPTIONS /api/notifications/unread-count responded 204 in 0.3270 ms
2026-04-22 11:02:44.041 +05:30 [INF] SmsApi.Middleware.LoggingActionFilter | CorrelationId:4a6f7423cecb4c4aa922a18974b1dba4 | API Request: GET /api/notifications/unread-count | User: Unknown | School: 550e8400-e29b-41d4-a716-446655440000
2026-04-22 11:02:44.049 +05:30 [INF] SmsApi.Middleware.LoggingActionFilter | CorrelationId:4a6f7423cecb4c4aa922a18974b1dba4 | API Response: GET /api/notifications/unread-count | Status: 200 | Duration: 8ms
2026-04-22 11:02:44.054 +05:30 [INF] Serilog.AspNetCore.RequestLoggingMiddleware | CorrelationId:4a6f7423cecb4c4aa922a18974b1dba4 | HTTP GET /api/notifications/unread-count responded 200 in 14.8204 ms
2026-04-22 11:03:14.074 +05:30 [INF] Serilog.AspNetCore.RequestLoggingMiddleware | CorrelationId:6afa64f4a96443f99aa409787e619337 | HTTP OPTIONS /api/notifications/unread-count responded 204 in 0.3783 ms
2026-04-22 11:03:14.083 +05:30 [INF] SmsApi.Middleware.LoggingActionFilter | CorrelationId:aa1f41cb48b248399e9af617e98480ac | API Request: GET /api/notifications/unread-count | User: Unknown | School: 550e8400-e29b-41d4-a716-446655440000
2026-04-22 11:03:14.088 +05:30 [INF] SmsApi.Middleware.LoggingActionFilter | CorrelationId:aa1f41cb48b248399e9af617e98480ac | API Response: GET /api/notifications/unread-count | Status: 200 | Duration: 5ms
2026-04-22 11:03:14.092 +05:30 [INF] Serilog.AspNetCore.RequestLoggingMiddleware | CorrelationId:aa1f41cb48b248399e9af617e98480ac | HTTP GET /api/notifications/unread-count responded 200 in 11.3948 ms
2026-04-22 11:03:44.111 +05:30 [INF] Serilog.AspNetCore.RequestLoggingMiddleware | CorrelationId:f975c9cb80a64220979ef80cdd3bd699 | HTTP OPTIONS /api/notifications/unread-count responded 204 in 0.1328 ms
2026-04-22 11:03:44.122 +05:30 [INF] SmsApi.Middleware.LoggingActionFilter | CorrelationId:0f9688d2a1144cc1a8f2ced984669f4b | API Request: GET /api/notifications/unread-count | User: Unknown | School: 550e8400-e29b-41d4-a716-446655440000
2026-04-22 11:03:44.128 +05:30 [INF] SmsApi.Middleware.LoggingActionFilter | CorrelationId:0f9688d2a1144cc1a8f2ced984669f4b | API Response: GET /api/notifications/unread-count | Status: 200 | Duration: 6ms
2026-04-22 11:03:44.131 +05:30 [INF] Serilog.AspNetCore.RequestLoggingMiddleware | CorrelationId:0f9688d2a1144cc1a8f2ced984669f4b | HTTP GET /api/notifications/unread-count responded 200 in 11.3342 ms
2026-04-22 11:04:14.154 +05:30 [INF] Serilog.AspNetCore.RequestLoggingMiddleware | CorrelationId:6a8c08fb40be4c22be421799fb145864 | HTTP OPTIONS /api/notifications/unread-count responded 204 in 0.1613 ms
2026-04-22 11:04:14.161 +05:30 [INF] SmsApi.Middleware.LoggingActionFilter | CorrelationId:9089846e636c4c5b97375cd51db6c8be | API Request: GET /api/notifications/unread-count | User: Unknown | School: 550e8400-e29b-41d4-a716-446655440000
2026-04-22 11:04:14.166 +05:30 [INF] SmsApi.Middleware.LoggingActionFilter | CorrelationId:9089846e636c4c5b97375cd51db6c8be | API Response: GET /api/notifications/unread-count | Status: 200 | Duration: 5ms
2026-04-22 11:04:14.169 +05:30 [INF] Serilog.AspNetCore.RequestLoggingMiddleware | CorrelationId:9089846e636c4c5b97375cd51db6c8be | HTTP GET /api/notifications/unread-count responded 200 in 9.3184 ms
2026-04-22 11:04:44.198 +05:30 [INF] Serilog.AspNetCore.RequestLoggingMiddleware | CorrelationId:9bd7715cf16e4b2eade016133d89fcab | HTTP OPTIONS /api/notifications/unread-count responded 204 in 0.0991 ms
2026-04-22 11:04:44.205 +05:30 [INF] SmsApi.Middleware.LoggingActionFilter | CorrelationId:d7ae9b7b3f154b6b875a06015f94d0c1 | API Request: GET /api/notifications/unread-count | User: Unknown | School: 550e8400-e29b-41d4-a716-446655440000
2026-04-22 11:04:44.210 +05:30 [INF] SmsApi.Middleware.LoggingActionFilter | CorrelationId:d7ae9b7b3f154b6b875a06015f94d0c1 | API Response: GET /api/notifications/unread-count | Status: 200 | Duration: 5ms
2026-04-22 11:04:44.212 +05:30 [INF] Serilog.AspNetCore.RequestLoggingMiddleware | CorrelationId:d7ae9b7b3f154b6b875a06015f94d0c1 | HTTP GET /api/notifications/unread-count responded 200 in 8.5531 ms
2026-04-22 11:05:14.231 +05:30 [INF] Serilog.AspNetCore.RequestLoggingMiddleware | CorrelationId:a2ccd0e1a7984694af537c0ccfc12621 | HTTP OPTIONS /api/notifications/unread-count responded 204 in 0.3768 ms
2026-04-22 11:05:14.241 +05:30 [INF] SmsApi.Middleware.LoggingActionFilter | CorrelationId:2908ca8e09f743f3a3908678da6da0f1 | API Request: GET /api/notifications/unread-count | User: Unknown | School: 550e8400-e29b-41d4-a716-446655440000
2026-04-22 11:05:14.322 +05:30 [INF] SmsApi.Middleware.LoggingActionFilter | CorrelationId:2908ca8e09f743f3a3908678da6da0f1 | API Response: GET /api/notifications/unread-count | Status: 200 | Duration: 81ms
2026-04-22 11:05:14.324 +05:30 [INF] Serilog.AspNetCore.RequestLoggingMiddleware | CorrelationId:2908ca8e09f743f3a3908678da6da0f1 | HTTP GET /api/notifications/unread-count responded 200 in 85.6458 ms
2026-04-22 11:05:44.340 +05:30 [INF] Serilog.AspNetCore.RequestLoggingMiddleware | CorrelationId:fc598af67d3d4922960423fb4739fafc | HTTP OPTIONS /api/notifications/unread-count responded 204 in 0.4706 ms
2026-04-22 11:05:44.352 +05:30 [INF] SmsApi.Middleware.LoggingActionFilter | CorrelationId:cef1ab8adf9d46448ecf63481899afca | API Request: GET /api/notifications/unread-count | User: Unknown | School: 550e8400-e29b-41d4-a716-446655440000
2026-04-22 11:05:44.362 +05:30 [INF] SmsApi.Middleware.LoggingActionFilter | CorrelationId:cef1ab8adf9d46448ecf63481899afca | API Response: GET /api/notifications/unread-count | Status: 200 | Duration: 9ms
2026-04-22 11:05:44.366 +05:30 [INF] Serilog.AspNetCore.RequestLoggingMiddleware | CorrelationId:cef1ab8adf9d46448ecf63481899afca | HTTP GET /api/notifications/unread-count responded 200 in 17.1634 ms
2026-04-22 11:06:14.387 +05:30 [INF] Serilog.AspNetCore.RequestLoggingMiddleware | CorrelationId:f6b49b614eee4e079f1cf6a0979c789f | HTTP OPTIONS /api/notifications/unread-count responded 204 in 0.4702 ms
2026-04-22 11:06:14.401 +05:30 [INF] SmsApi.Middleware.LoggingActionFilter | CorrelationId:dbd916317c194bd7ae3ddc3c65b3efd2 | API Request: GET /api/notifications/unread-count | User: Unknown | School: 550e8400-e29b-41d4-a716-446655440000
2026-04-22 11:06:14.408 +05:30 [INF] SmsApi.Middleware.LoggingActionFilter | CorrelationId:dbd916317c194bd7ae3ddc3c65b3efd2 | API Response: GET /api/notifications/unread-count | Status: 200 | Duration: 6ms
2026-04-22 11:06:14.411 +05:30 [INF] Serilog.AspNetCore.RequestLoggingMiddleware | CorrelationId:dbd916317c194bd7ae3ddc3c65b3efd2 | HTTP GET /api/notifications/unread-count responded 200 in 13.1478 ms
2026-04-22 11:06:44.429 +05:30 [INF] Serilog.AspNetCore.RequestLoggingMiddleware | CorrelationId:e8c93fa42df940fa91c05a2f1d8f9bc3 | HTTP OPTIONS /api/notifications/unread-count responded 204 in 0.0774 ms
2026-04-22 11:06:44.432 +05:30 [INF] SmsApi.Middleware.LoggingActionFilter | CorrelationId:9fc94b0ca6d545809f67309af75b791f | API Request: GET /api/notifications/unread-count | User: Unknown | School: 550e8400-e29b-41d4-a716-446655440000
2026-04-22 11:06:44.436 +05:30 [INF] SmsApi.Middleware.LoggingActionFilter | CorrelationId:9fc94b0ca6d545809f67309af75b791f | API Response: GET /api/notifications/unread-count | Status: 200 | Duration: 3ms
2026-04-22 11:06:44.438 +05:30 [INF] Serilog.AspNetCore.RequestLoggingMiddleware | CorrelationId:9fc94b0ca6d545809f67309af75b791f | HTTP GET /api/notifications/unread-count responded 200 in 6.2895 ms
2026-04-22 11:07:14.465 +05:30 [INF] Serilog.AspNetCore.RequestLoggingMiddleware | CorrelationId:9385d96622bf47128483e7e6fea29c1c | HTTP OPTIONS /api/notifications/unread-count responded 204 in 0.2858 ms
2026-04-22 11:07:14.477 +05:30 [INF] SmsApi.Middleware.LoggingActionFilter | CorrelationId:c6da906bc0094eef99d71cd2e8e0a364 | API Request: GET /api/notifications/unread-count | User: Unknown | School: 550e8400-e29b-41d4-a716-446655440000
2026-04-22 11:07:14.483 +05:30 [INF] SmsApi.Middleware.LoggingActionFilter | CorrelationId:c6da906bc0094eef99d71cd2e8e0a364 | API Response: GET /api/notifications/unread-count | Status: 200 | Duration: 6ms
2026-04-22 11:07:14.486 +05:30 [INF] Serilog.AspNetCore.RequestLoggingMiddleware | CorrelationId:c6da906bc0094eef99d71cd2e8e0a364 | HTTP GET /api/notifications/unread-count responded 200 in 11.7980 ms
2026-04-22 11:07:44.504 +05:30 [INF] Serilog.AspNetCore.RequestLoggingMiddleware | CorrelationId:7640359464f74ce986a30c9e3645ff6a | HTTP OPTIONS /api/notifications/unread-count responded 204 in 0.2257 ms
2026-04-22 11:07:44.513 +05:30 [INF] SmsApi.Middleware.LoggingActionFilter | CorrelationId:b0453178456d4613bc5734e6fca63777 | API Request: GET /api/notifications/unread-count | User: Unknown | School: 550e8400-e29b-41d4-a716-446655440000
2026-04-22 11:07:44.521 +05:30 [INF] SmsApi.Middleware.LoggingActionFilter | CorrelationId:b0453178456d4613bc5734e6fca63777 | API Response: GET /api/notifications/unread-count | Status: 200 | Duration: 8ms
2026-04-22 11:07:44.525 +05:30 [INF] Serilog.AspNetCore.RequestLoggingMiddleware | CorrelationId:b0453178456d4613bc5734e6fca63777 | HTTP GET /api/notifications/unread-count responded 200 in 14.1878 ms
2026-04-22 11:08:14.558 +05:30 [INF] Serilog.AspNetCore.RequestLoggingMiddleware | CorrelationId:b598789258bf4ac4a178079b216c22f3 | HTTP OPTIONS /api/notifications/unread-count responded 204 in 1.0966 ms
2026-04-22 11:08:14.598 +05:30 [INF] SmsApi.Middleware.LoggingActionFilter | CorrelationId:82306921c96c47ec896c79d6b3655003 | API Request: GET /api/notifications/unread-count | User: Unknown | School: 550e8400-e29b-41d4-a716-446655440000
2026-04-22 11:08:14.620 +05:30 [INF] SmsApi.Middleware.LoggingActionFilter | CorrelationId:82306921c96c47ec896c79d6b3655003 | API Response: GET /api/notifications/unread-count | Status: 200 | Duration: 22ms
2026-04-22 11:08:14.642 +05:30 [INF] Serilog.AspNetCore.RequestLoggingMiddleware | CorrelationId:82306921c96c47ec896c79d6b3655003 | HTTP GET /api/notifications/unread-count responded 200 in 46.9234 ms
2026-04-22 11:08:44.694 +05:30 [INF] Serilog.AspNetCore.RequestLoggingMiddleware | CorrelationId:22a46655514d41efaea21735b76e8603 | HTTP OPTIONS /api/notifications/unread-count responded 204 in 0.1318 ms
2026-04-22 11:08:44.702 +05:30 [INF] SmsApi.Middleware.LoggingActionFilter | CorrelationId:9386f1c2a934414f9b202dda5a5698be | API Request: GET /api/notifications/unread-count | User: Unknown | School: 550e8400-e29b-41d4-a716-446655440000
2026-04-22 11:08:44.708 +05:30 [INF] SmsApi.Middleware.LoggingActionFilter | CorrelationId:9386f1c2a934414f9b202dda5a5698be | API Response: GET /api/notifications/unread-count | Status: 200 | Duration: 6ms
2026-04-22 11:08:44.711 +05:30 [INF] Serilog.AspNetCore.RequestLoggingMiddleware | CorrelationId:9386f1c2a934414f9b202dda5a5698be | HTTP GET /api/notifications/unread-count responded 200 in 10.9332 ms
2026-04-22 11:09:14.728 +05:30 [INF] Serilog.AspNetCore.RequestLoggingMiddleware | CorrelationId:c28efd96603942c9b4785dec8cceed2b | HTTP OPTIONS /api/notifications/unread-count responded 204 in 0.1452 ms
2026-04-22 11:09:14.739 +05:30 [INF] SmsApi.Middleware.LoggingActionFilter | CorrelationId:5c4635b8ab6f4935bc9770fea56ad565 | API Request: GET /api/notifications/unread-count | User: Unknown | School: 550e8400-e29b-41d4-a716-446655440000
2026-04-22 11:09:14.746 +05:30 [INF] SmsApi.Middleware.LoggingActionFilter | CorrelationId:5c4635b8ab6f4935bc9770fea56ad565 | API Response: GET /api/notifications/unread-count | Status: 200 | Duration: 6ms
2026-04-22 11:09:14.750 +05:30 [INF] Serilog.AspNetCore.RequestLoggingMiddleware | CorrelationId:5c4635b8ab6f4935bc9770fea56ad565 | HTTP GET /api/notifications/unread-count responded 200 in 11.7928 ms
2026-04-22 11:09:44.782 +05:30 [INF] Serilog.AspNetCore.RequestLoggingMiddleware | CorrelationId:4397e844cc48469e9af8ed87171d0e0f | HTTP OPTIONS /api/notifications/unread-count responded 204 in 0.1180 ms
2026-04-22 11:09:44.792 +05:30 [INF] SmsApi.Middleware.LoggingActionFilter | CorrelationId:177b99d68bf142f0b74e3d7bcc5c34c7 | API Request: GET /api/notifications/unread-count | User: Unknown | School: 550e8400-e29b-41d4-a716-446655440000
2026-04-22 11:09:44.799 +05:30 [INF] SmsApi.Middleware.LoggingActionFilter | CorrelationId:177b99d68bf142f0b74e3d7bcc5c34c7 | API Response: GET /api/notifications/unread-count | Status: 200 | Duration: 7ms
2026-04-22 11:09:44.803 +05:30 [INF] Serilog.AspNetCore.RequestLoggingMiddleware | CorrelationId:177b99d68bf142f0b74e3d7bcc5c34c7 | HTTP GET /api/notifications/unread-count responded 200 in 13.9670 ms
2026-04-22 11:10:14.835 +05:30 [INF] Serilog.AspNetCore.RequestLoggingMiddleware | CorrelationId:44002e5926e04768b187015212c1967e | HTTP OPTIONS /api/notifications/unread-count responded 204 in 0.4793 ms
2026-04-22 11:10:14.847 +05:30 [INF] SmsApi.Middleware.LoggingActionFilter | CorrelationId:c167d0af568c4e8c96f77e5ea6fdf722 | API Request: GET /api/notifications/unread-count | User: Unknown | School: 550e8400-e29b-41d4-a716-446655440000
2026-04-22 11:10:14.929 +05:30 [INF] SmsApi.Middleware.LoggingActionFilter | CorrelationId:c167d0af568c4e8c96f77e5ea6fdf722 | API Response: GET /api/notifications/unread-count | Status: 200 | Duration: 81ms
2026-04-22 11:10:14.931 +05:30 [INF] Serilog.AspNetCore.RequestLoggingMiddleware | CorrelationId:c167d0af568c4e8c96f77e5ea6fdf722 | HTTP GET /api/notifications/unread-count responded 200 in 86.8625 ms
2026-04-22 11:10:44.949 +05:30 [INF] Serilog.AspNetCore.RequestLoggingMiddleware | CorrelationId:f7cd9215726445a2b8bdd5e53027cc98 | HTTP OPTIONS /api/notifications/unread-count responded 204 in 0.2577 ms
2026-04-22 11:10:44.961 +05:30 [INF] SmsApi.Middleware.LoggingActionFilter | CorrelationId:6b927ca7e19d44588e6a9e1fcf4004a8 | API Request: GET /api/notifications/unread-count | User: Unknown | School: 550e8400-e29b-41d4-a716-446655440000
2026-04-22 11:10:44.969 +05:30 [INF] SmsApi.Middleware.LoggingActionFilter | CorrelationId:6b927ca7e19d44588e6a9e1fcf4004a8 | API Response: GET /api/notifications/unread-count | Status: 200 | Duration: 8ms
2026-04-22 11:10:44.973 +05:30 [INF] Serilog.AspNetCore.RequestLoggingMiddleware | CorrelationId:6b927ca7e19d44588e6a9e1fcf4004a8 | HTTP GET /api/notifications/unread-count responded 200 in 16.2915 ms
2026-04-22 11:11:15.895 +05:30 [INF] Serilog.AspNetCore.RequestLoggingMiddleware | CorrelationId:34374ba8fd1143f69f7ca159d86b08cf | HTTP OPTIONS /api/notifications/unread-count responded 204 in 0.2723 ms
2026-04-22 11:11:15.909 +05:30 [INF] SmsApi.Middleware.LoggingActionFilter | CorrelationId:1c24497e37ad4612b61d63b49fe59365 | API Request: GET /api/notifications/unread-count | User: Unknown | School: 550e8400-e29b-41d4-a716-446655440000
2026-04-22 11:11:15.919 +05:30 [INF] SmsApi.Middleware.LoggingActionFilter | CorrelationId:1c24497e37ad4612b61d63b49fe59365 | API Response: GET /api/notifications/unread-count | Status: 200 | Duration: 9ms
2026-04-22 11:11:15.922 +05:30 [INF] Serilog.AspNetCore.RequestLoggingMiddleware | CorrelationId:1c24497e37ad4612b61d63b49fe59365 | HTTP GET /api/notifications/unread-count responded 200 in 15.2994 ms
2026-04-22 11:23:18.991 +05:30 [INF] Serilog.AspNetCore.RequestLoggingMiddleware | CorrelationId:4f5bf69572da4066b9c3a75d1b371137 | HTTP OPTIONS /api/notifications/unread-count responded 204 in 0.3331 ms
2026-04-22 11:23:21.163 +05:30 [INF] SmsApi.Middleware.LoggingActionFilter | CorrelationId:0648d3f5bc3342f0b75a6c99e9406c7e | API Request: GET /api/notifications/unread-count | User: Unknown | School: 550e8400-e29b-41d4-a716-446655440000
2026-04-22 11:23:21.195 +05:30 [INF] SmsApi.Middleware.LoggingActionFilter | CorrelationId:0648d3f5bc3342f0b75a6c99e9406c7e | API Response: GET /api/notifications/unread-count | Status: 200 | Duration: 32ms
2026-04-22 11:23:21.199 +05:30 [INF] Serilog.AspNetCore.RequestLoggingMiddleware | CorrelationId:0648d3f5bc3342f0b75a6c99e9406c7e | HTTP GET /api/notifications/unread-count responded 200 in 41.4469 ms
2026-04-22 11:23:29.528 +05:30 [INF] Serilog.AspNetCore.RequestLoggingMiddleware | CorrelationId:8ced08ce3b31444880c307b1611b9b83 | HTTP OPTIONS /api/analytics/dashboard/summary responded 204 in 0.0359 ms
2026-04-22 11:23:29.528 +05:30 [INF] Serilog.AspNetCore.RequestLoggingMiddleware | CorrelationId:da4ebcf6c51f43f7b2382b527c08fcce | HTTP OPTIONS /api/analytics/attendance responded 204 in 0.0515 ms
2026-04-22 11:23:29.594 +05:30 [INF] SmsApi.Middleware.LoggingActionFilter | CorrelationId:50fc6165f0654349bae743b8368614ab | API Request: GET /api/analytics/dashboard/summary | User: Unknown | School: 550e8400-e29b-41d4-a716-446655440000
2026-04-22 11:23:29.613 +05:30 [INF] SmsApi.Middleware.LoggingActionFilter | CorrelationId:5bd3eca6a7a14d96b98d3105c35d65d2 | API Request: GET /api/analytics/attendance | User: Unknown | School: 550e8400-e29b-41d4-a716-446655440000
2026-04-22 11:23:29.643 +05:30 [INF] SmsApi.Middleware.LoggingActionFilter | CorrelationId:5bd3eca6a7a14d96b98d3105c35d65d2 | API Response: GET /api/analytics/attendance | Status: 200 | Duration: 29ms
2026-04-22 11:23:29.660 +05:30 [INF] Serilog.AspNetCore.RequestLoggingMiddleware | CorrelationId:5bd3eca6a7a14d96b98d3105c35d65d2 | HTTP GET /api/analytics/attendance responded 200 in 126.9991 ms
2026-04-22 11:23:29.682 +05:30 [INF] SmsApi.Middleware.LoggingActionFilter | CorrelationId:50fc6165f0654349bae743b8368614ab | API Response: GET /api/analytics/dashboard/summary | Status: 200 | Duration: 88ms
2026-04-22 11:23:29.684 +05:30 [INF] Serilog.AspNetCore.RequestLoggingMiddleware | CorrelationId:50fc6165f0654349bae743b8368614ab | HTTP GET /api/analytics/dashboard/summary responded 200 in 154.0775 ms
2026-04-22 11:23:30.889 +05:30 [INF] SmsApi.Middleware.LoggingActionFilter | CorrelationId:015bda2774ec49fdad97edaa74865ce3 | API Request: GET /api/analytics/attendance | User: Unknown | School: 550e8400-e29b-41d4-a716-446655440000
2026-04-22 11:23:30.889 +05:30 [INF] SmsApi.Middleware.LoggingActionFilter | CorrelationId:2e600659f4d64a9ab3bca292b0bccd4c | API Request: GET /api/analytics/dashboard/summary | User: Unknown | School: 550e8400-e29b-41d4-a716-446655440000
2026-04-22 11:23:30.897 +05:30 [INF] SmsApi.Middleware.LoggingActionFilter | CorrelationId:015bda2774ec49fdad97edaa74865ce3 | API Response: GET /api/analytics/attendance | Status: 200 | Duration: 7ms
2026-04-22 11:23:30.898 +05:30 [INF] Serilog.AspNetCore.RequestLoggingMiddleware | CorrelationId:015bda2774ec49fdad97edaa74865ce3 | HTTP GET /api/analytics/attendance responded 200 in 13.1545 ms
2026-04-22 11:23:30.916 +05:30 [INF] SmsApi.Middleware.LoggingActionFilter | CorrelationId:2e600659f4d64a9ab3bca292b0bccd4c | API Response: GET /api/analytics/dashboard/summary | Status: 200 | Duration: 26ms
2026-04-22 11:23:30.920 +05:30 [INF] Serilog.AspNetCore.RequestLoggingMiddleware | CorrelationId:2e600659f4d64a9ab3bca292b0bccd4c | HTTP GET /api/analytics/dashboard/summary responded 200 in 34.5334 ms
2026-04-22 11:23:50.784 +05:30 [INF] Serilog.AspNetCore.RequestLoggingMiddleware | CorrelationId:d5c37361d25a4a73b0a19e7804e97e01 | HTTP OPTIONS /api/analytics/dashboard/summary responded 204 in 0.0425 ms
2026-04-22 11:23:50.784 +05:30 [INF] Serilog.AspNetCore.RequestLoggingMiddleware | CorrelationId:28cafed78192496e8c1822257d157213 | HTTP OPTIONS /api/analytics/attendance responded 204 in 0.0156 ms
2026-04-22 11:23:50.784 +05:30 [INF] Serilog.AspNetCore.RequestLoggingMiddleware | CorrelationId:31e365d9d9454e01a89ebf2b82aeab26 | HTTP OPTIONS /api/school-feature-permissions/schools/550e8400-e29b-41d4-a716-446655440000 responded 204 in 0.0095 ms
2026-04-22 11:23:50.785 +05:30 [INF] Serilog.AspNetCore.RequestLoggingMiddleware | CorrelationId:3497c16b5f1349649a67f822943dc63e | HTTP OPTIONS /api/analytics/attendance responded 204 in 0.0283 ms
2026-04-22 11:23:50.801 +05:30 [INF] Serilog.AspNetCore.RequestLoggingMiddleware | CorrelationId:a53bf0de67dc4ba39fca874f5b5b73db | HTTP OPTIONS /api/analytics/dashboard/summary responded 204 in 0.0358 ms
2026-04-22 11:23:51.271 +05:30 [INF] Serilog.AspNetCore.RequestLoggingMiddleware | CorrelationId:a2c0bbf81e12416db21cfc582daa2ace | HTTP OPTIONS /api/academics/academic-years responded 204 in 0.0383 ms
2026-04-22 11:23:51.271 +05:30 [INF] Serilog.AspNetCore.RequestLoggingMiddleware | CorrelationId:85850837c1334a11a84bd9b09d1183f2 | HTTP OPTIONS /api/academics/academic-years responded 204 in 0.0048 ms
2026-04-22 11:23:51.273 +05:30 [INF] Serilog.AspNetCore.RequestLoggingMiddleware | CorrelationId:56c4d79841744527869ee78a25192167 | HTTP OPTIONS /api/settings/school/me responded 204 in 0.0524 ms
2026-04-22 11:23:51.281 +05:30 [INF] SmsApi.Middleware.LoggingActionFilter | CorrelationId:b28b701cdaef49b2bb13a8180949b49e | API Request: GET /api/school-feature-permissions/schools/550e8400-e29b-41d4-a716-446655440000 | User: Unknown | School: 550e8400-e29b-41d4-a716-446655440000
2026-04-22 11:23:51.317 +05:30 [INF] SmsApi.Middleware.LoggingActionFilter | CorrelationId:7efbb28107194574a83b2704a9ca984d | API Request: GET /api/academics/academic-years | User: Unknown | School: 550e8400-e29b-41d4-a716-446655440000
2026-04-22 11:23:51.334 +05:30 [INF] Serilog.AspNetCore.RequestLoggingMiddleware | CorrelationId:0e2581b1e8e6457a8879536f1d3d1fdc | HTTP OPTIONS /api/notifications/unread-count responded 204 in 0.0788 ms
2026-04-22 11:23:51.342 +05:30 [INF] SmsApi.Middleware.LoggingActionFilter | CorrelationId:645abe5995c24aa785bb54486df07b26 | API Request: GET /api/analytics/dashboard/summary | User: Unknown | School: 550e8400-e29b-41d4-a716-446655440000
2026-04-22 11:23:51.355 +05:30 [INF] SmsApi.Middleware.LoggingActionFilter | CorrelationId:81076c6909ed42148513f5f70d7c3d46 | API Request: GET /api/analytics/attendance | User: Unknown | School: 550e8400-e29b-41d4-a716-446655440000
2026-04-22 11:23:51.357 +05:30 [INF] SmsApi.Middleware.LoggingActionFilter | CorrelationId:79c1066a44a2408cb93adae5be519101 | API Request: GET /api/settings/school/me | User: Unknown | School: 550e8400-e29b-41d4-a716-446655440000
2026-04-22 11:23:51.361 +05:30 [INF] SmsApi.Middleware.LoggingActionFilter | CorrelationId:645abe5995c24aa785bb54486df07b26 | API Response: GET /api/analytics/dashboard/summary | Status: 200 | Duration: 19ms
2026-04-22 11:23:51.364 +05:30 [INF] Serilog.AspNetCore.RequestLoggingMiddleware | CorrelationId:645abe5995c24aa785bb54486df07b26 | HTTP GET /api/analytics/dashboard/summary responded 200 in 26.3498 ms
2026-04-22 11:23:51.406 +05:30 [INF] SmsApi.Middleware.LoggingActionFilter | CorrelationId:81076c6909ed42148513f5f70d7c3d46 | API Response: GET /api/analytics/attendance | Status: 200 | Duration: 50ms
2026-04-22 11:23:51.408 +05:30 [INF] SmsApi.Middleware.LoggingActionFilter | CorrelationId:b73f4f5a1433474a8fd21de33ac3b39e | API Request: GET /api/notifications/unread-count | User: Unknown | School: 550e8400-e29b-41d4-a716-446655440000
2026-04-22 11:23:51.410 +05:30 [INF] SmsApi.Middleware.LoggingActionFilter | CorrelationId:fe8c2de0974c4d6a843551971963b6d2 | API Request: GET /api/analytics/dashboard/summary | User: Unknown | School: 550e8400-e29b-41d4-a716-446655440000
2026-04-22 11:23:51.492 +05:30 [INF] SmsApi.Middleware.LoggingActionFilter | CorrelationId:79c1066a44a2408cb93adae5be519101 | API Response: GET /api/settings/school/me | Status: 200 | Duration: 134ms
2026-04-22 11:23:51.494 +05:30 [INF] Serilog.AspNetCore.RequestLoggingMiddleware | CorrelationId:81076c6909ed42148513f5f70d7c3d46 | HTTP GET /api/analytics/attendance responded 200 in 143.0915 ms
2026-04-22 11:23:51.496 +05:30 [INF] SmsApi.Middleware.LoggingActionFilter | CorrelationId:fe8c2de0974c4d6a843551971963b6d2 | API Response: GET /api/analytics/dashboard/summary | Status: 200 | Duration: 85ms
2026-04-22 11:23:51.503 +05:30 [INF] Serilog.AspNetCore.RequestLoggingMiddleware | CorrelationId:fe8c2de0974c4d6a843551971963b6d2 | HTTP GET /api/analytics/dashboard/summary responded 200 in 95.2339 ms
2026-04-22 11:23:51.500 +05:30 [INF] Serilog.AspNetCore.RequestLoggingMiddleware | CorrelationId:79c1066a44a2408cb93adae5be519101 | HTTP GET /api/settings/school/me responded 200 in 146.4629 ms
2026-04-22 11:23:51.500 +05:30 [INF] SmsApi.Middleware.LoggingActionFilter | CorrelationId:b73f4f5a1433474a8fd21de33ac3b39e | API Response: GET /api/notifications/unread-count | Status: 200 | Duration: 92ms
2026-04-22 11:23:51.510 +05:30 [INF] SmsApi.Middleware.LoggingActionFilter | CorrelationId:9787d881090b49c982d630a1d30a810b | API Request: GET /api/analytics/attendance | User: Unknown | School: 550e8400-e29b-41d4-a716-446655440000
2026-04-22 11:23:51.516 +05:30 [INF] Serilog.AspNetCore.RequestLoggingMiddleware | CorrelationId:b73f4f5a1433474a8fd21de33ac3b39e | HTTP GET /api/notifications/unread-count responded 200 in 108.6841 ms
2026-04-22 11:23:51.526 +05:30 [INF] SmsApi.Middleware.LoggingActionFilter | CorrelationId:7efbb28107194574a83b2704a9ca984d | API Response: GET /api/academics/academic-years | Status: 200 | Duration: 208ms
2026-04-22 11:23:51.530 +05:30 [INF] SmsApi.Middleware.LoggingActionFilter | CorrelationId:9787d881090b49c982d630a1d30a810b | API Response: GET /api/analytics/attendance | Status: 200 | Duration: 19ms
2026-04-22 11:23:51.539 +05:30 [INF] Serilog.AspNetCore.RequestLoggingMiddleware | CorrelationId:9787d881090b49c982d630a1d30a810b | HTTP GET /api/analytics/attendance responded 200 in 33.7832 ms
2026-04-22 11:23:51.542 +05:30 [INF] Serilog.AspNetCore.RequestLoggingMiddleware | CorrelationId:7efbb28107194574a83b2704a9ca984d | HTTP GET /api/academics/academic-years responded 200 in 232.0486 ms
2026-04-22 11:23:51.552 +05:30 [INF] SmsApi.Middleware.LoggingActionFilter | CorrelationId:887b1284ac2f49ebadc8a78b923e255b | API Request: GET /api/academics/academic-years | User: Unknown | School: 550e8400-e29b-41d4-a716-446655440000
2026-04-22 11:23:51.558 +05:30 [INF] SmsApi.Middleware.LoggingActionFilter | CorrelationId:b28b701cdaef49b2bb13a8180949b49e | API Response: GET /api/school-feature-permissions/schools/550e8400-e29b-41d4-a716-446655440000 | Status: 200 | Duration: 277ms
2026-04-22 11:23:51.562 +05:30 [INF] SmsApi.Middleware.LoggingActionFilter | CorrelationId:887b1284ac2f49ebadc8a78b923e255b | API Response: GET /api/academics/academic-years | Status: 200 | Duration: 9ms
2026-04-22 11:23:51.565 +05:30 [INF] Serilog.AspNetCore.RequestLoggingMiddleware | CorrelationId:887b1284ac2f49ebadc8a78b923e255b | HTTP GET /api/academics/academic-years responded 200 in 13.5454 ms
2026-04-22 11:23:51.569 +05:30 [INF] Serilog.AspNetCore.RequestLoggingMiddleware | CorrelationId:b28b701cdaef49b2bb13a8180949b49e | HTTP GET /api/school-feature-permissions/schools/550e8400-e29b-41d4-a716-446655440000 responded 200 in 294.2998 ms
2026-04-22 11:24:21.566 +05:30 [INF] Serilog.AspNetCore.RequestLoggingMiddleware | CorrelationId:6966a0d41c2346d58d739cc4f72b670d | HTTP OPTIONS /api/notifications/unread-count responded 204 in 0.0737 ms
2026-04-22 11:24:21.569 +05:30 [INF] SmsApi.Middleware.LoggingActionFilter | CorrelationId:332c930401514087ac17b39ff29ca37f | API Request: GET /api/notifications/unread-count | User: Unknown | School: 550e8400-e29b-41d4-a716-446655440000
2026-04-22 11:24:21.575 +05:30 [INF] SmsApi.Middleware.LoggingActionFilter | CorrelationId:332c930401514087ac17b39ff29ca37f | API Response: GET /api/notifications/unread-count | Status: 200 | Duration: 5ms
2026-04-22 11:24:21.577 +05:30 [INF] Serilog.AspNetCore.RequestLoggingMiddleware | CorrelationId:332c930401514087ac17b39ff29ca37f | HTTP GET /api/notifications/unread-count responded 200 in 8.6170 ms
2026-04-22 11:24:51.587 +05:30 [INF] Serilog.AspNetCore.RequestLoggingMiddleware | CorrelationId:5898525987ea4c559e43eec12dfbc135 | HTTP OPTIONS /api/notifications/unread-count responded 204 in 0.0698 ms
2026-04-22 11:24:51.597 +05:30 [INF] SmsApi.Middleware.LoggingActionFilter | CorrelationId:3f02063033b341388688f172e2c0205e | API Request: GET /api/notifications/unread-count | User: Unknown | School: 550e8400-e29b-41d4-a716-446655440000
2026-04-22 11:24:51.605 +05:30 [INF] SmsApi.Middleware.LoggingActionFilter | CorrelationId:3f02063033b341388688f172e2c0205e | API Response: GET /api/notifications/unread-count | Status: 200 | Duration: 7ms
2026-04-22 11:24:51.609 +05:30 [INF] Serilog.AspNetCore.RequestLoggingMiddleware | CorrelationId:3f02063033b341388688f172e2c0205e | HTTP GET /api/notifications/unread-count responded 200 in 12.6784 ms
2026-04-22 11:25:21.621 +05:30 [INF] Serilog.AspNetCore.RequestLoggingMiddleware | CorrelationId:4fcd51f2a1b94463b33dff855e24a814 | HTTP OPTIONS /api/notifications/unread-count responded 204 in 0.1653 ms
2026-04-22 11:25:21.630 +05:30 [INF] SmsApi.Middleware.LoggingActionFilter | CorrelationId:159cedf707c948f79a8a2cb78b1ff066 | API Request: GET /api/notifications/unread-count | User: Unknown | School: 550e8400-e29b-41d4-a716-446655440000
2026-04-22 11:25:21.638 +05:30 [INF] SmsApi.Middleware.LoggingActionFilter | CorrelationId:159cedf707c948f79a8a2cb78b1ff066 | API Response: GET /api/notifications/unread-count | Status: 200 | Duration: 7ms
2026-04-22 11:25:21.642 +05:30 [INF] Serilog.AspNetCore.RequestLoggingMiddleware | CorrelationId:159cedf707c948f79a8a2cb78b1ff066 | HTTP GET /api/notifications/unread-count responded 200 in 13.4942 ms
2026-04-22 11:25:51.662 +05:30 [INF] Serilog.AspNetCore.RequestLoggingMiddleware | CorrelationId:e3737f3be6a24d5f8f333fc954f0baf2 | HTTP OPTIONS /api/notifications/unread-count responded 204 in 0.1019 ms
2026-04-22 11:25:51.669 +05:30 [INF] SmsApi.Middleware.LoggingActionFilter | CorrelationId:5eb4fcf23416419f95df3d9b9b494574 | API Request: GET /api/notifications/unread-count | User: Unknown | School: 550e8400-e29b-41d4-a716-446655440000
2026-04-22 11:25:51.680 +05:30 [INF] SmsApi.Middleware.LoggingActionFilter | CorrelationId:5eb4fcf23416419f95df3d9b9b494574 | API Response: GET /api/notifications/unread-count | Status: 200 | Duration: 11ms
2026-04-22 11:25:51.683 +05:30 [INF] Serilog.AspNetCore.RequestLoggingMiddleware | CorrelationId:5eb4fcf23416419f95df3d9b9b494574 | HTTP GET /api/notifications/unread-count responded 200 in 15.2665 ms
2026-04-22 11:26:21.703 +05:30 [INF] Serilog.AspNetCore.RequestLoggingMiddleware | CorrelationId:a73e64a2c2f845f9bcb1999f13340ee3 | HTTP OPTIONS /api/notifications/unread-count responded 204 in 0.3038 ms
2026-04-22 11:26:21.712 +05:30 [INF] SmsApi.Middleware.LoggingActionFilter | CorrelationId:83201b8f51b14ece9fc3d3a43e34a4f8 | API Request: GET /api/notifications/unread-count | User: Unknown | School: 550e8400-e29b-41d4-a716-446655440000
2026-04-22 11:26:21.722 +05:30 [INF] SmsApi.Middleware.LoggingActionFilter | CorrelationId:83201b8f51b14ece9fc3d3a43e34a4f8 | API Response: GET /api/notifications/unread-count | Status: 200 | Duration: 9ms
2026-04-22 11:26:21.725 +05:30 [INF] Serilog.AspNetCore.RequestLoggingMiddleware | CorrelationId:83201b8f51b14ece9fc3d3a43e34a4f8 | HTTP GET /api/notifications/unread-count responded 200 in 14.9692 ms
2026-04-22 11:26:51.736 +05:30 [INF] Serilog.AspNetCore.RequestLoggingMiddleware | CorrelationId:4a7d2ec5ecb34491973406288d516de1 | HTTP OPTIONS /api/notifications/unread-count responded 204 in 0.0445 ms
2026-04-22 11:26:51.744 +05:30 [INF] SmsApi.Middleware.LoggingActionFilter | CorrelationId:eaa145228bc74fc493f5de432cbb6d07 | API Request: GET /api/notifications/unread-count | User: Unknown | School: 550e8400-e29b-41d4-a716-446655440000
2026-04-22 11:26:51.752 +05:30 [INF] SmsApi.Middleware.LoggingActionFilter | CorrelationId:eaa145228bc74fc493f5de432cbb6d07 | API Response: GET /api/notifications/unread-count | Status: 200 | Duration: 8ms
2026-04-22 11:26:51.755 +05:30 [INF] Serilog.AspNetCore.RequestLoggingMiddleware | CorrelationId:eaa145228bc74fc493f5de432cbb6d07 | HTTP GET /api/notifications/unread-count responded 200 in 12.1761 ms
2026-04-22 11:27:21.775 +05:30 [INF] Serilog.AspNetCore.RequestLoggingMiddleware | CorrelationId:84e83c894f0f45b6a0b11c7c58c0ed19 | HTTP OPTIONS /api/notifications/unread-count responded 204 in 0.1410 ms
2026-04-22 11:27:21.781 +05:30 [INF] SmsApi.Middleware.LoggingActionFilter | CorrelationId:d09d10c4b3354d969889a9492d7058a1 | API Request: GET /api/notifications/unread-count | User: Unknown | School: 550e8400-e29b-41d4-a716-446655440000
2026-04-22 11:27:21.847 +05:30 [INF] SmsApi.Middleware.LoggingActionFilter | CorrelationId:d09d10c4b3354d969889a9492d7058a1 | API Response: GET /api/notifications/unread-count | Status: 200 | Duration: 65ms
2026-04-22 11:27:21.848 +05:30 [INF] Serilog.AspNetCore.RequestLoggingMiddleware | CorrelationId:d09d10c4b3354d969889a9492d7058a1 | HTTP GET /api/notifications/unread-count responded 200 in 68.7613 ms
2026-04-22 11:27:51.869 +05:30 [INF] Serilog.AspNetCore.RequestLoggingMiddleware | CorrelationId:a3df980b619a4a8bbf8fed688bd841ae | HTTP OPTIONS /api/notifications/unread-count responded 204 in 0.0969 ms
2026-04-22 11:27:51.878 +05:30 [INF] SmsApi.Middleware.LoggingActionFilter | CorrelationId:0484873c5587405da7d5cf3171c908be | API Request: GET /api/notifications/unread-count | User: Unknown | School: 550e8400-e29b-41d4-a716-446655440000
2026-04-22 11:27:51.885 +05:30 [INF] SmsApi.Middleware.LoggingActionFilter | CorrelationId:0484873c5587405da7d5cf3171c908be | API Response: GET /api/notifications/unread-count | Status: 200 | Duration: 6ms
2026-04-22 11:27:51.889 +05:30 [INF] Serilog.AspNetCore.RequestLoggingMiddleware | CorrelationId:0484873c5587405da7d5cf3171c908be | HTTP GET /api/notifications/unread-count responded 200 in 11.9805 ms
2026-04-22 11:28:21.905 +05:30 [INF] Serilog.AspNetCore.RequestLoggingMiddleware | CorrelationId:9c17010c63954156878cfaa0776d0c27 | HTTP OPTIONS /api/notifications/unread-count responded 204 in 0.0682 ms
2026-04-22 11:28:21.912 +05:30 [INF] SmsApi.Middleware.LoggingActionFilter | CorrelationId:649f279c7ea14f7ca6de82e700c6d712 | API Request: GET /api/notifications/unread-count | User: Unknown | School: 550e8400-e29b-41d4-a716-446655440000
2026-04-22 11:28:21.917 +05:30 [INF] SmsApi.Middleware.LoggingActionFilter | CorrelationId:649f279c7ea14f7ca6de82e700c6d712 | API Response: GET /api/notifications/unread-count | Status: 200 | Duration: 4ms
2026-04-22 11:28:21.920 +05:30 [INF] Serilog.AspNetCore.RequestLoggingMiddleware | CorrelationId:649f279c7ea14f7ca6de82e700c6d712 | HTTP GET /api/notifications/unread-count responded 200 in 9.0327 ms
2026-04-22 11:28:51.939 +05:30 [INF] Serilog.AspNetCore.RequestLoggingMiddleware | CorrelationId:4ecae0c0201b41e988a59a34657b0150 | HTTP OPTIONS /api/notifications/unread-count responded 204 in 0.2335 ms
2026-04-22 11:28:51.946 +05:30 [INF] SmsApi.Middleware.LoggingActionFilter | CorrelationId:78cd64fd7bda4f1180eae13e90eddcd4 | API Request: GET /api/notifications/unread-count | User: Unknown | School: 550e8400-e29b-41d4-a716-446655440000
2026-04-22 11:28:51.953 +05:30 [INF] SmsApi.Middleware.LoggingActionFilter | CorrelationId:78cd64fd7bda4f1180eae13e90eddcd4 | API Response: GET /api/notifications/unread-count | Status: 200 | Duration: 6ms
2026-04-22 11:28:51.955 +05:30 [INF] Serilog.AspNetCore.RequestLoggingMiddleware | CorrelationId:78cd64fd7bda4f1180eae13e90eddcd4 | HTTP GET /api/notifications/unread-count responded 200 in 10.9099 ms
2026-04-22 11:29:21.964 +05:30 [INF] Serilog.AspNetCore.RequestLoggingMiddleware | CorrelationId:cd51e5ebc82e45008cb154ca731cd347 | HTTP OPTIONS /api/notifications/unread-count responded 204 in 0.0602 ms
2026-04-22 11:29:21.968 +05:30 [INF] SmsApi.Middleware.LoggingActionFilter | CorrelationId:8328351361bf474490f430ccd2496d08 | API Request: GET /api/notifications/unread-count | User: Unknown | School: 550e8400-e29b-41d4-a716-446655440000
2026-04-22 11:29:21.971 +05:30 [INF] SmsApi.Middleware.LoggingActionFilter | CorrelationId:8328351361bf474490f430ccd2496d08 | API Response: GET /api/notifications/unread-count | Status: 200 | Duration: 3ms
2026-04-22 11:29:21.973 +05:30 [INF] Serilog.AspNetCore.RequestLoggingMiddleware | CorrelationId:8328351361bf474490f430ccd2496d08 | HTTP GET /api/notifications/unread-count responded 200 in 5.7867 ms
2026-04-22 11:29:52.002 +05:30 [INF] Serilog.AspNetCore.RequestLoggingMiddleware | CorrelationId:28c4577d7bb442a8811ddc1f4bf0b406 | HTTP OPTIONS /api/notifications/unread-count responded 204 in 0.4182 ms
2026-04-22 11:29:52.013 +05:30 [INF] SmsApi.Middleware.LoggingActionFilter | CorrelationId:5ceb38e11af442259108650f1dd3ff24 | API Request: GET /api/notifications/unread-count | User: Unknown | School: 550e8400-e29b-41d4-a716-446655440000
2026-04-22 11:29:52.022 +05:30 [INF] SmsApi.Middleware.LoggingActionFilter | CorrelationId:5ceb38e11af442259108650f1dd3ff24 | API Response: GET /api/notifications/unread-count | Status: 200 | Duration: 9ms
2026-04-22 11:29:52.026 +05:30 [INF] Serilog.AspNetCore.RequestLoggingMiddleware | CorrelationId:5ceb38e11af442259108650f1dd3ff24 | HTTP GET /api/notifications/unread-count responded 200 in 15.6274 ms
2026-04-22 11:30:22.045 +05:30 [INF] Serilog.AspNetCore.RequestLoggingMiddleware | CorrelationId:4cf017d85e774bd78d5a2dd31c860167 | HTTP OPTIONS /api/notifications/unread-count responded 204 in 0.0385 ms
2026-04-22 11:30:22.050 +05:30 [INF] SmsApi.Middleware.LoggingActionFilter | CorrelationId:8220d296f5b240b892a694ad7d535b85 | API Request: GET /api/notifications/unread-count | User: Unknown | School: 550e8400-e29b-41d4-a716-446655440000
2026-04-22 11:30:22.052 +05:30 [INF] SmsApi.Middleware.LoggingActionFilter | CorrelationId:8220d296f5b240b892a694ad7d535b85 | API Response: GET /api/notifications/unread-count | Status: 200 | Duration: 2ms
2026-04-22 11:30:22.054 +05:30 [INF] Serilog.AspNetCore.RequestLoggingMiddleware | CorrelationId:8220d296f5b240b892a694ad7d535b85 | HTTP GET /api/notifications/unread-count responded 200 in 5.7764 ms
2026-04-22 11:30:52.065 +05:30 [INF] Serilog.AspNetCore.RequestLoggingMiddleware | CorrelationId:268c8e8c03904f2ebf375b862ece3116 | HTTP OPTIONS /api/notifications/unread-count responded 204 in 0.1464 ms
2026-04-22 11:30:52.071 +05:30 [INF] SmsApi.Middleware.LoggingActionFilter | CorrelationId:4f7084977d844166a7c00aa720a22a1b | API Request: GET /api/notifications/unread-count | User: Unknown | School: 550e8400-e29b-41d4-a716-446655440000
2026-04-22 11:30:52.083 +05:30 [INF] SmsApi.Middleware.LoggingActionFilter | CorrelationId:4f7084977d844166a7c00aa720a22a1b | API Response: GET /api/notifications/unread-count | Status: 200 | Duration: 11ms
2026-04-22 11:30:52.085 +05:30 [INF] Serilog.AspNetCore.RequestLoggingMiddleware | CorrelationId:4f7084977d844166a7c00aa720a22a1b | HTTP GET /api/notifications/unread-count responded 200 in 16.2841 ms
2026-04-22 11:31:22.098 +05:30 [INF] Serilog.AspNetCore.RequestLoggingMiddleware | CorrelationId:1f87010dbba04e4284d91a5cbce7ab69 | HTTP OPTIONS /api/notifications/unread-count responded 204 in 0.2546 ms
2026-04-22 11:31:22.103 +05:30 [INF] SmsApi.Middleware.LoggingActionFilter | CorrelationId:5a63ce7b199844e79fd4b2610dc13ca9 | API Request: GET /api/notifications/unread-count | User: Unknown | School: 550e8400-e29b-41d4-a716-446655440000
2026-04-22 11:31:22.107 +05:30 [INF] SmsApi.Middleware.LoggingActionFilter | CorrelationId:5a63ce7b199844e79fd4b2610dc13ca9 | API Response: GET /api/notifications/unread-count | Status: 200 | Duration: 3ms
2026-04-22 11:31:22.109 +05:30 [INF] Serilog.AspNetCore.RequestLoggingMiddleware | CorrelationId:5a63ce7b199844e79fd4b2610dc13ca9 | HTTP GET /api/notifications/unread-count responded 200 in 7.2770 ms
2026-04-22 11:31:51.502 +05:30 [INF] Serilog.AspNetCore.RequestLoggingMiddleware | CorrelationId:cbd0553f06034c1c90ba1e01ff5301b1 | HTTP OPTIONS /api/academics/academic-years responded 204 in 0.0468 ms
2026-04-22 11:31:51.502 +05:30 [INF] Serilog.AspNetCore.RequestLoggingMiddleware | CorrelationId:f488288615c74d309b561bf48463c086 | HTTP OPTIONS /api/academics/academic-years responded 204 in 0.0205 ms
2026-04-22 11:31:51.507 +05:30 [INF] Serilog.AspNetCore.RequestLoggingMiddleware | CorrelationId:ff4ddc907cb94c91b8c4a588b301bcc3 | HTTP GET /api/academics/academic-years responded 401 in 0.8143 ms
2026-04-22 11:31:51.511 +05:30 [INF] Serilog.AspNetCore.RequestLoggingMiddleware | CorrelationId:c0936acea68a405cbcf31a54cad708ac | HTTP GET /api/academics/academic-years responded 401 in 0.1309 ms
2026-04-22 11:35:53.663 +05:30 [INF] Serilog.AspNetCore.RequestLoggingMiddleware | CorrelationId:01e819697c6449a1bd37a4d63a8dc16c | HTTP OPTIONS /api/academics/academic-years responded 204 in 0.1740 ms
2026-04-22 11:35:53.670 +05:30 [INF] Serilog.AspNetCore.RequestLoggingMiddleware | CorrelationId:368049dc87bc4e4895efe9486cf5b195 | HTTP OPTIONS /api/academics/academic-years responded 204 in 0.0537 ms
2026-04-22 11:35:53.724 +05:30 [INF] Serilog.AspNetCore.RequestLoggingMiddleware | CorrelationId:e46797086ba740c28934df07c84fc052 | HTTP GET /api/academics/academic-years responded 401 in 0.5384 ms
2026-04-22 11:35:53.730 +05:30 [INF] Serilog.AspNetCore.RequestLoggingMiddleware | CorrelationId:2756b2fdf5634b9385157835121ff037 | HTTP GET /api/academics/academic-years responded 401 in 0.1572 ms
2026-04-22 11:36:00.610 +05:30 [INF] Serilog.AspNetCore.RequestLoggingMiddleware | CorrelationId:a92722cc9bba4dc89c05ed164ee35838 | HTTP OPTIONS /api/auth/login responded 204 in 0.1170 ms
2026-04-22 11:36:00.660 +05:30 [INF] SmsApi.Middleware.LoggingActionFilter | CorrelationId:38723d4836ab489ca2cf8f75bd1ae71a | API Request: POST /api/auth/login | User: Unknown | School: Unknown
2026-04-22 11:36:01.447 +05:30 [INF] SmsApi.Controllers.AuthController | CorrelationId:38723d4836ab489ca2cf8f75bd1ae71a | Login successful for admin (SchoolId: "550e8400-e29b-41d4-a716-446655440000")
2026-04-22 11:36:01.449 +05:30 [INF] SmsApi.Middleware.LoggingActionFilter | CorrelationId:38723d4836ab489ca2cf8f75bd1ae71a | API Response: POST /api/auth/login | Status: 200 | Duration: 789ms
2026-04-22 11:36:01.495 +05:30 [INF] Serilog.AspNetCore.RequestLoggingMiddleware | CorrelationId:38723d4836ab489ca2cf8f75bd1ae71a | HTTP POST /api/auth/login responded 200 in 873.4168 ms
2026-04-22 11:36:01.497 +05:30 [WRN] SmsApi.Infrastructure.Performance.PerformanceMonitoringMiddleware | CorrelationId: | Slow request: POST /api/auth/login took 830ms — status 200.
2026-04-22 11:36:01.555 +05:30 [INF] Serilog.AspNetCore.RequestLoggingMiddleware | CorrelationId:3f636a27a0604ec6af70c9910a4be40c | HTTP OPTIONS /api/school-feature-permissions/schools/550e8400-e29b-41d4-a716-446655440000 responded 204 in 0.0502 ms
2026-04-22 11:36:01.558 +05:30 [INF] Serilog.AspNetCore.RequestLoggingMiddleware | CorrelationId:64cfb673a1464813b6e262fc968b0cea | HTTP OPTIONS /api/settings/school/me responded 204 in 0.0416 ms
2026-04-22 11:36:01.572 +05:30 [INF] SmsApi.Middleware.LoggingActionFilter | CorrelationId:f8b94cbfab2e434dbd3240cb79e8f352 | API Request: GET /api/school-feature-permissions/schools/550e8400-e29b-41d4-a716-446655440000 | User: Unknown | School: 550e8400-e29b-41d4-a716-446655440000
2026-04-22 11:36:01.599 +05:30 [INF] SmsApi.Middleware.LoggingActionFilter | CorrelationId:6507230c46b64fa3948afac6021f1f05 | API Request: GET /api/settings/school/me | User: Unknown | School: 550e8400-e29b-41d4-a716-446655440000
2026-04-22 11:36:01.637 +05:30 [INF] SmsApi.Middleware.LoggingActionFilter | CorrelationId:f8b94cbfab2e434dbd3240cb79e8f352 | API Response: GET /api/school-feature-permissions/schools/550e8400-e29b-41d4-a716-446655440000 | Status: 200 | Duration: 65ms
2026-04-22 11:36:01.802 +05:30 [INF] SmsApi.Middleware.LoggingActionFilter | CorrelationId:6507230c46b64fa3948afac6021f1f05 | API Response: GET /api/settings/school/me | Status: 200 | Duration: 202ms
2026-04-22 11:36:01.809 +05:30 [INF] Serilog.AspNetCore.RequestLoggingMiddleware | CorrelationId:f8b94cbfab2e434dbd3240cb79e8f352 | HTTP GET /api/school-feature-permissions/schools/550e8400-e29b-41d4-a716-446655440000 responded 200 in 240.9950 ms
2026-04-22 11:36:01.887 +05:30 [INF] Serilog.AspNetCore.RequestLoggingMiddleware | CorrelationId:6507230c46b64fa3948afac6021f1f05 | HTTP GET /api/settings/school/me responded 200 in 310.8529 ms
2026-04-22 11:36:02.374 +05:30 [INF] Serilog.AspNetCore.RequestLoggingMiddleware | CorrelationId:3526aa5e07e74f1e8af8bd39eac9622d | HTTP OPTIONS /api/academics/academic-years responded 204 in 0.0423 ms
2026-04-22 11:36:02.384 +05:30 [INF] Serilog.AspNetCore.RequestLoggingMiddleware | CorrelationId:262aa087e9864fc5b7416531c0b5b349 | HTTP OPTIONS /api/school-feature-permissions/schools/550e8400-e29b-41d4-a716-446655440000 responded 204 in 0.0122 ms
2026-04-22 11:36:02.384 +05:30 [INF] Serilog.AspNetCore.RequestLoggingMiddleware | CorrelationId:81eab3e571e84efabc24dd868d0e5fec | HTTP OPTIONS /api/academics/academic-years responded 204 in 0.1078 ms
2026-04-22 11:36:02.385 +05:30 [INF] Serilog.AspNetCore.RequestLoggingMiddleware | CorrelationId:483021e35dee42f9b2e4eeca1415a632 | HTTP OPTIONS /api/settings/school/me responded 204 in 0.0356 ms
2026-04-22 11:36:02.422 +05:30 [INF] SmsApi.Middleware.LoggingActionFilter | CorrelationId:d9f20869ad794948a67de3f4f6dfc3a6 | API Request: GET /api/academics/academic-years | User: Unknown | School: 550e8400-e29b-41d4-a716-446655440000
2026-04-22 11:36:02.428 +05:30 [INF] SmsApi.Middleware.LoggingActionFilter | CorrelationId:3be3d6b0187849f28bbf4a6aed7433a3 | API Request: GET /api/school-feature-permissions/schools/550e8400-e29b-41d4-a716-446655440000 | User: Unknown | School: 550e8400-e29b-41d4-a716-446655440000
2026-04-22 11:36:02.505 +05:30 [INF] SmsApi.Middleware.LoggingActionFilter | CorrelationId:e3e1d18cf8384d80bbe00cd3c84c2ed4 | API Request: GET /api/settings/school/me | User: Unknown | School: 550e8400-e29b-41d4-a716-446655440000
2026-04-22 11:36:02.449 +05:30 [INF] SmsApi.Middleware.LoggingActionFilter | CorrelationId:e4ae5fea83a0458ab0e834ca344887d0 | API Request: GET /api/academics/academic-years | User: Unknown | School: 550e8400-e29b-41d4-a716-446655440000
2026-04-22 11:36:02.670 +05:30 [INF] SmsApi.Middleware.LoggingActionFilter | CorrelationId:3be3d6b0187849f28bbf4a6aed7433a3 | API Response: GET /api/school-feature-permissions/schools/550e8400-e29b-41d4-a716-446655440000 | Status: 200 | Duration: 241ms
2026-04-22 11:36:02.598 +05:30 [INF] Serilog.AspNetCore.RequestLoggingMiddleware | CorrelationId:91fb7adde30745a4b014c19bf01e7875 | HTTP OPTIONS /api/analytics/dashboard/summary responded 204 in 0.0392 ms
2026-04-22 11:36:02.647 +05:30 [INF] SmsApi.Middleware.LoggingActionFilter | CorrelationId:d9f20869ad794948a67de3f4f6dfc3a6 | API Response: GET /api/academics/academic-years | Status: 200 | Duration: 223ms
2026-04-22 11:36:02.670 +05:30 [INF] SmsApi.Middleware.LoggingActionFilter | CorrelationId:e3e1d18cf8384d80bbe00cd3c84c2ed4 | API Response: GET /api/settings/school/me | Status: 200 | Duration: 164ms
2026-04-22 11:36:02.567 +05:30 [INF] Serilog.AspNetCore.RequestLoggingMiddleware | CorrelationId:2f5acd5cab5c4c4a8d44cc8ef960b4c8 | HTTP OPTIONS /api/notifications/unread-count responded 204 in 0.1223 ms
2026-04-22 11:36:02.684 +05:30 [INF] Serilog.AspNetCore.RequestLoggingMiddleware | CorrelationId:3be3d6b0187849f28bbf4a6aed7433a3 | HTTP GET /api/school-feature-permissions/schools/550e8400-e29b-41d4-a716-446655440000 responded 200 in 255.7885 ms
2026-04-22 11:36:02.690 +05:30 [INF] Serilog.AspNetCore.RequestLoggingMiddleware | CorrelationId:15f3717de7fd42dbb2d5b4fb410ef7b5 | HTTP OPTIONS /api/analytics/attendance responded 204 in 0.1445 ms
2026-04-22 11:36:02.701 +05:30 [INF] Serilog.AspNetCore.RequestLoggingMiddleware | CorrelationId:d9f20869ad794948a67de3f4f6dfc3a6 | HTTP GET /api/academics/academic-years responded 200 in 283.6190 ms
2026-04-22 11:36:02.705 +05:30 [INF] Serilog.AspNetCore.RequestLoggingMiddleware | CorrelationId:e3e1d18cf8384d80bbe00cd3c84c2ed4 | HTTP GET /api/settings/school/me responded 200 in 201.2076 ms
2026-04-22 11:36:02.722 +05:30 [INF] Serilog.AspNetCore.RequestLoggingMiddleware | CorrelationId:99f1b4793da94c3ea4fb9c1aaf6fd651 | HTTP OPTIONS /api/analytics/dashboard/summary responded 204 in 0.0731 ms
2026-04-22 11:36:02.725 +05:30 [INF] Serilog.AspNetCore.RequestLoggingMiddleware | CorrelationId:b64cd4b9fd424191b25fc9eeafc68fad | HTTP OPTIONS /api/analytics/attendance responded 204 in 0.0350 ms
2026-04-22 11:36:02.743 +05:30 [INF] SmsApi.Middleware.LoggingActionFilter | CorrelationId:7ffd2bc8c2544b939c0d4ce02c6d2465 | API Request: GET /api/analytics/dashboard/summary | User: Unknown | School: 550e8400-e29b-41d4-a716-446655440000
2026-04-22 11:36:02.744 +05:30 [INF] SmsApi.Middleware.LoggingActionFilter | CorrelationId:d06d2599f0334e0297b01f2860873e30 | API Request: GET /api/notifications/unread-count | User: Unknown | School: 550e8400-e29b-41d4-a716-446655440000
2026-04-22 11:36:02.751 +05:30 [INF] SmsApi.Middleware.LoggingActionFilter | CorrelationId:e83489f9af8d49ed96f27c0a3e2424c0 | API Request: GET /api/analytics/attendance | User: Unknown | School: 550e8400-e29b-41d4-a716-446655440000
2026-04-22 11:36:02.761 +05:30 [INF] SmsApi.Middleware.LoggingActionFilter | CorrelationId:46d028e03a284aa1aec3a7af99ae0d55 | API Request: GET /api/analytics/dashboard/summary | User: Unknown | School: 550e8400-e29b-41d4-a716-446655440000
2026-04-22 11:36:02.777 +05:30 [INF] SmsApi.Middleware.LoggingActionFilter | CorrelationId:e4ae5fea83a0458ab0e834ca344887d0 | API Response: GET /api/academics/academic-years | Status: 200 | Duration: 328ms
2026-04-22 11:36:02.782 +05:30 [INF] SmsApi.Middleware.LoggingActionFilter | CorrelationId:d06d2599f0334e0297b01f2860873e30 | API Response: GET /api/notifications/unread-count | Status: 200 | Duration: 38ms
2026-04-22 11:36:02.786 +05:30 [INF] SmsApi.Middleware.LoggingActionFilter | CorrelationId:e83489f9af8d49ed96f27c0a3e2424c0 | API Response: GET /api/analytics/attendance | Status: 200 | Duration: 34ms
2026-04-22 11:36:02.787 +05:30 [INF] Serilog.AspNetCore.RequestLoggingMiddleware | CorrelationId:e4ae5fea83a0458ab0e834ca344887d0 | HTTP GET /api/academics/academic-years responded 200 in 344.6816 ms
2026-04-22 11:36:02.789 +05:30 [INF] Serilog.AspNetCore.RequestLoggingMiddleware | CorrelationId:d06d2599f0334e0297b01f2860873e30 | HTTP GET /api/notifications/unread-count responded 200 in 46.4615 ms
2026-04-22 11:36:02.798 +05:30 [INF] Serilog.AspNetCore.RequestLoggingMiddleware | CorrelationId:e83489f9af8d49ed96f27c0a3e2424c0 | HTTP GET /api/analytics/attendance responded 200 in 49.7337 ms
2026-04-22 11:36:02.798 +05:30 [INF] SmsApi.Middleware.LoggingActionFilter | CorrelationId:7ffd2bc8c2544b939c0d4ce02c6d2465 | API Response: GET /api/analytics/dashboard/summary | Status: 200 | Duration: 55ms
2026-04-22 11:36:02.817 +05:30 [INF] SmsApi.Middleware.LoggingActionFilter | CorrelationId:46d028e03a284aa1aec3a7af99ae0d55 | API Response: GET /api/analytics/dashboard/summary | Status: 200 | Duration: 56ms
2026-04-22 11:36:02.827 +05:30 [INF] Serilog.AspNetCore.RequestLoggingMiddleware | CorrelationId:46d028e03a284aa1aec3a7af99ae0d55 | HTTP GET /api/analytics/dashboard/summary responded 200 in 71.8133 ms
2026-04-22 11:36:02.827 +05:30 [INF] Serilog.AspNetCore.RequestLoggingMiddleware | CorrelationId:7ffd2bc8c2544b939c0d4ce02c6d2465 | HTTP GET /api/analytics/dashboard/summary responded 200 in 95.8846 ms
2026-04-22 11:36:02.863 +05:30 [INF] SmsApi.Middleware.LoggingActionFilter | CorrelationId:be7d1e14293741508fd7573b100fd5dc | API Request: GET /api/analytics/attendance | User: Unknown | School: 550e8400-e29b-41d4-a716-446655440000
2026-04-22 11:36:02.878 +05:30 [INF] SmsApi.Middleware.LoggingActionFilter | CorrelationId:be7d1e14293741508fd7573b100fd5dc | API Response: GET /api/analytics/attendance | Status: 200 | Duration: 15ms
2026-04-22 11:36:02.879 +05:30 [INF] Serilog.AspNetCore.RequestLoggingMiddleware | CorrelationId:be7d1e14293741508fd7573b100fd5dc | HTTP GET /api/analytics/attendance responded 200 in 121.2861 ms
2026-04-22 11:36:28.536 +05:30 [INF] Serilog.AspNetCore.RequestLoggingMiddleware | CorrelationId:dea4960136684d06978cbe6502e61a8c | HTTP OPTIONS /api/academics/academic-years responded 204 in 1.5656 ms
2026-04-22 11:36:28.555 +05:30 [INF] Serilog.AspNetCore.RequestLoggingMiddleware | CorrelationId:ab217749c5fc41349c19247793f39b1f | HTTP OPTIONS /api/academics/academic-years responded 204 in 2.8598 ms
2026-04-22 11:36:28.606 +05:30 [INF] Serilog.AspNetCore.RequestLoggingMiddleware | CorrelationId:3a4a90828fa044bea0c65f69c3628836 | HTTP OPTIONS /api/academics/classes responded 204 in 0.0450 ms
2026-04-22 11:36:28.607 +05:30 [INF] Serilog.AspNetCore.RequestLoggingMiddleware | CorrelationId:8b6881b4aa0247b9bfd73a889c0f3ad2 | HTTP OPTIONS /api/academics/academic-years responded 204 in 0.0310 ms
2026-04-22 11:36:28.610 +05:30 [INF] Serilog.AspNetCore.RequestLoggingMiddleware | CorrelationId:566ad873e7a3465b9e24c8c6214a5970 | HTTP OPTIONS /api/academics/academic-years responded 204 in 0.0691 ms
2026-04-22 11:36:28.610 +05:30 [INF] Serilog.AspNetCore.RequestLoggingMiddleware | CorrelationId:8407748f850f40538e0fdc04148e2ac6 | HTTP OPTIONS /api/academics/subjects responded 204 in 0.0289 ms
2026-04-22 11:36:28.625 +05:30 [INF] Serilog.AspNetCore.RequestLoggingMiddleware | CorrelationId:c372c6b74e394127a2cd5fd493cfcbeb | HTTP OPTIONS /api/academics/classes responded 204 in 0.0404 ms
2026-04-22 11:36:28.631 +05:30 [INF] Serilog.AspNetCore.RequestLoggingMiddleware | CorrelationId:299d87db9c8746ad8dcfdb1f28d8e0fa | HTTP OPTIONS /api/academics/subjects responded 204 in 0.0361 ms
2026-04-22 11:36:28.644 +05:30 [INF] SmsApi.Middleware.LoggingActionFilter | CorrelationId:298f91b87c1847f1a582c73acce0dca4 | API Request: GET /api/academics/academic-years | User: Unknown | School: 550e8400-e29b-41d4-a716-446655440000
2026-04-22 11:36:28.644 +05:30 [INF] SmsApi.Middleware.LoggingActionFilter | CorrelationId:774621e05c314b7a8c3e3213fd67ec07 | API Request: GET /api/academics/academic-years | User: Unknown | School: 550e8400-e29b-41d4-a716-446655440000
2026-04-22 11:36:28.667 +05:30 [INF] SmsApi.Middleware.LoggingActionFilter | CorrelationId:de503da0d690468f9eda7c3b316701cd | API Request: GET /api/academics/academic-years | User: Unknown | School: 550e8400-e29b-41d4-a716-446655440000
2026-04-22 11:36:28.669 +05:30 [INF] SmsApi.Middleware.LoggingActionFilter | CorrelationId:83cf84674f304c3ead252f1ccda7717e | API Request: GET /api/academics/academic-years | User: Unknown | School: 550e8400-e29b-41d4-a716-446655440000
2026-04-22 11:36:28.674 +05:30 [INF] SmsApi.Middleware.LoggingActionFilter | CorrelationId:ba8a7134ad104886be8a0a0de475abe5 | API Request: GET /api/academics/classes | User: Unknown | School: 550e8400-e29b-41d4-a716-446655440000
2026-04-22 11:36:28.686 +05:30 [INF] SmsApi.Middleware.LoggingActionFilter | CorrelationId:81a62e3f3d6d491caadc07a60de9bc50 | API Request: GET /api/academics/classes | User: Unknown | School: 550e8400-e29b-41d4-a716-446655440000
2026-04-22 11:36:28.699 +05:30 [INF] SmsApi.Middleware.LoggingActionFilter | CorrelationId:298f91b87c1847f1a582c73acce0dca4 | API Response: GET /api/academics/academic-years | Status: 200 | Duration: 55ms
2026-04-22 11:36:28.702 +05:30 [INF] SmsApi.Middleware.LoggingActionFilter | CorrelationId:774621e05c314b7a8c3e3213fd67ec07 | API Response: GET /api/academics/academic-years | Status: 200 | Duration: 57ms
2026-04-22 11:36:28.769 +05:30 [INF] SmsApi.Middleware.LoggingActionFilter | CorrelationId:de503da0d690468f9eda7c3b316701cd | API Response: GET /api/academics/academic-years | Status: 200 | Duration: 102ms
2026-04-22 11:36:28.785 +05:30 [INF] SmsApi.Middleware.LoggingActionFilter | CorrelationId:83cf84674f304c3ead252f1ccda7717e | API Response: GET /api/academics/academic-years | Status: 200 | Duration: 116ms
2026-04-22 11:36:28.790 +05:30 [INF] Serilog.AspNetCore.RequestLoggingMiddleware | CorrelationId:298f91b87c1847f1a582c73acce0dca4 | HTTP GET /api/academics/academic-years responded 200 in 147.1915 ms
2026-04-22 11:36:28.790 +05:30 [INF] Serilog.AspNetCore.RequestLoggingMiddleware | CorrelationId:774621e05c314b7a8c3e3213fd67ec07 | HTTP GET /api/academics/academic-years responded 200 in 152.8938 ms
2026-04-22 11:36:28.791 +05:30 [INF] Serilog.AspNetCore.RequestLoggingMiddleware | CorrelationId:de503da0d690468f9eda7c3b316701cd | HTTP GET /api/academics/academic-years responded 200 in 124.7080 ms
2026-04-22 11:36:28.794 +05:30 [INF] Serilog.AspNetCore.RequestLoggingMiddleware | CorrelationId:83cf84674f304c3ead252f1ccda7717e | HTTP GET /api/academics/academic-years responded 200 in 132.2480 ms
2026-04-22 11:36:28.837 +05:30 [INF] SmsApi.Middleware.LoggingActionFilter | CorrelationId:fb3ff924eb4e45f2ac23abacbfd3357f | API Request: GET /api/academics/subjects | User: Unknown | School: 550e8400-e29b-41d4-a716-446655440000
2026-04-22 11:36:28.837 +05:30 [INF] SmsApi.Middleware.LoggingActionFilter | CorrelationId:2db7819f23b441a69fc8c14084ce76a5 | API Request: GET /api/academics/subjects | User: Unknown | School: 550e8400-e29b-41d4-a716-446655440000
2026-04-22 11:36:29.052 +05:30 [INF] SmsApi.Middleware.LoggingActionFilter | CorrelationId:2db7819f23b441a69fc8c14084ce76a5 | API Response: GET /api/academics/subjects | Status: 200 | Duration: 214ms
2026-04-22 11:36:29.052 +05:30 [INF] SmsApi.Middleware.LoggingActionFilter | CorrelationId:fb3ff924eb4e45f2ac23abacbfd3357f | API Response: GET /api/academics/subjects | Status: 200 | Duration: 215ms
2026-04-22 11:36:29.065 +05:30 [INF] Serilog.AspNetCore.RequestLoggingMiddleware | CorrelationId:fb3ff924eb4e45f2ac23abacbfd3357f | HTTP GET /api/academics/subjects responded 200 in 243.1030 ms
2026-04-22 11:36:29.065 +05:30 [INF] Serilog.AspNetCore.RequestLoggingMiddleware | CorrelationId:2db7819f23b441a69fc8c14084ce76a5 | HTTP GET /api/academics/subjects responded 200 in 244.6634 ms
2026-04-22 11:36:29.163 +05:30 [INF] SmsApi.Middleware.LoggingActionFilter | CorrelationId:ba8a7134ad104886be8a0a0de475abe5 | API Response: GET /api/academics/classes | Status: 200 | Duration: 489ms
2026-04-22 11:36:29.163 +05:30 [INF] SmsApi.Middleware.LoggingActionFilter | CorrelationId:81a62e3f3d6d491caadc07a60de9bc50 | API Response: GET /api/academics/classes | Status: 200 | Duration: 477ms
2026-04-22 11:36:29.172 +05:30 [INF] Serilog.AspNetCore.RequestLoggingMiddleware | CorrelationId:ba8a7134ad104886be8a0a0de475abe5 | HTTP GET /api/academics/classes responded 200 in 525.4358 ms
2026-04-22 11:36:29.172 +05:30 [INF] Serilog.AspNetCore.RequestLoggingMiddleware | CorrelationId:81a62e3f3d6d491caadc07a60de9bc50 | HTTP GET /api/academics/classes responded 200 in 497.4698 ms
2026-04-22 11:36:29.176 +05:30 [WRN] SmsApi.Infrastructure.Performance.PerformanceMonitoringMiddleware | CorrelationId: | Slow request: GET /api/academics/classes took 525ms — status 200.
2026-04-22 11:36:32.184 +05:30 [INF] Serilog.AspNetCore.RequestLoggingMiddleware | CorrelationId:8ad6480e846b42bf945bff5c3781eed5 | HTTP OPTIONS /api/students responded 204 in 0.0656 ms
2026-04-22 11:36:32.186 +05:30 [INF] Serilog.AspNetCore.RequestLoggingMiddleware | CorrelationId:ef407904ace043c09c2b868588175c21 | HTTP OPTIONS /api/students responded 204 in 0.0313 ms
2026-04-22 11:36:32.224 +05:30 [INF] SmsApi.Middleware.LoggingActionFilter | CorrelationId:c61de9a77ceb49828fd826262c331e8d | API Request: GET /api/students | User: Unknown | School: 550e8400-e29b-41d4-a716-446655440000
2026-04-22 11:36:32.225 +05:30 [INF] SmsApi.Middleware.LoggingActionFilter | CorrelationId:46300b4a5230477ea662b6ed54788c10 | API Request: GET /api/students | User: Unknown | School: 550e8400-e29b-41d4-a716-446655440000
2026-04-22 11:36:32.289 +05:30 [INF] SmsApi.Middleware.LoggingActionFilter | CorrelationId:c61de9a77ceb49828fd826262c331e8d | API Response: GET /api/students | Status: 200 | Duration: 64ms
2026-04-22 11:36:32.289 +05:30 [INF] SmsApi.Middleware.LoggingActionFilter | CorrelationId:46300b4a5230477ea662b6ed54788c10 | API Response: GET /api/students | Status: 200 | Duration: 63ms
2026-04-22 11:36:32.298 +05:30 [INF] Serilog.AspNetCore.RequestLoggingMiddleware | CorrelationId:c61de9a77ceb49828fd826262c331e8d | HTTP GET /api/students responded 200 in 91.9373 ms
2026-04-22 11:36:32.298 +05:30 [INF] Serilog.AspNetCore.RequestLoggingMiddleware | CorrelationId:46300b4a5230477ea662b6ed54788c10 | HTTP GET /api/students responded 200 in 83.1301 ms
2026-04-22 11:36:32.836 +05:30 [INF] Serilog.AspNetCore.RequestLoggingMiddleware | CorrelationId:26603fe0b7e04c53b061f6caffc56ede | HTTP OPTIONS /api/notifications/unread-count responded 204 in 0.0434 ms
2026-04-22 11:36:32.842 +05:30 [INF] SmsApi.Middleware.LoggingActionFilter | CorrelationId:b660deb04b154df2b54bc7eca1389622 | API Request: GET /api/notifications/unread-count | User: Unknown | School: 550e8400-e29b-41d4-a716-446655440000
2026-04-22 11:36:32.845 +05:30 [INF] SmsApi.Middleware.LoggingActionFilter | CorrelationId:b660deb04b154df2b54bc7eca1389622 | API Response: GET /api/notifications/unread-count | Status: 200 | Duration: 3ms
2026-04-22 11:36:32.846 +05:30 [INF] Serilog.AspNetCore.RequestLoggingMiddleware | CorrelationId:b660deb04b154df2b54bc7eca1389622 | HTTP GET /api/notifications/unread-count responded 200 in 5.7372 ms
2026-04-22 11:36:36.593 +05:30 [INF] Serilog.AspNetCore.RequestLoggingMiddleware | CorrelationId:1d1564cd6e0d4af59fcd7684e19913e4 | HTTP OPTIONS /api/students responded 204 in 0.0402 ms
2026-04-22 11:36:36.593 +05:30 [INF] Serilog.AspNetCore.RequestLoggingMiddleware | CorrelationId:31169012cb12497f997db8f125629844 | HTTP OPTIONS /api/students responded 204 in 0.1356 ms
2026-04-22 11:36:36.593 +05:30 [INF] Serilog.AspNetCore.RequestLoggingMiddleware | CorrelationId:ee96118519b84facb6ba9de57ab21be6 | HTTP OPTIONS /api/students/7fac64ee-3090-41ca-8add-56cda22c41c6 responded 204 in 0.0323 ms
2026-04-22 11:36:36.593 +05:30 [INF] Serilog.AspNetCore.RequestLoggingMiddleware | CorrelationId:bccbc874ade64ed9840386ad12ad0d69 | HTTP OPTIONS /api/students/7fac64ee-3090-41ca-8add-56cda22c41c6 responded 204 in 0.0239 ms
2026-04-22 11:36:36.647 +05:30 [INF] SmsApi.Middleware.LoggingActionFilter | CorrelationId:1131844f77674e6cafc4dfac1a812d2b | API Request: GET /api/students | User: Unknown | School: 550e8400-e29b-41d4-a716-446655440000
2026-04-22 11:36:36.647 +05:30 [INF] SmsApi.Middleware.LoggingActionFilter | CorrelationId:f1aaf418fafe40059243f7e4fb014880 | API Request: GET /api/students | User: Unknown | School: 550e8400-e29b-41d4-a716-446655440000
2026-04-22 11:36:36.665 +05:30 [INF] SmsApi.Middleware.LoggingActionFilter | CorrelationId:bf0ac83d74314adeb399d0cb08d52e43 | API Request: GET /api/students/7fac64ee-3090-41ca-8add-56cda22c41c6 | User: Unknown | School: 550e8400-e29b-41d4-a716-446655440000
2026-04-22 11:36:36.667 +05:30 [INF] SmsApi.Middleware.LoggingActionFilter | CorrelationId:5682009e74d945c5a48b6fea3841852b | API Request: GET /api/students/7fac64ee-3090-41ca-8add-56cda22c41c6 | User: Unknown | School: 550e8400-e29b-41d4-a716-446655440000
2026-04-22 11:36:36.674 +05:30 [INF] SmsApi.Middleware.LoggingActionFilter | CorrelationId:1131844f77674e6cafc4dfac1a812d2b | API Response: GET /api/students | Status: 200 | Duration: 39ms
2026-04-22 11:36:36.674 +05:30 [INF] SmsApi.Middleware.LoggingActionFilter | CorrelationId:f1aaf418fafe40059243f7e4fb014880 | API Response: GET /api/students | Status: 200 | Duration: 26ms
2026-04-22 11:36:36.679 +05:30 [INF] Serilog.AspNetCore.RequestLoggingMiddleware | CorrelationId:1131844f77674e6cafc4dfac1a812d2b | HTTP GET /api/students responded 200 in 66.7314 ms
2026-04-22 11:36:36.681 +05:30 [INF] Serilog.AspNetCore.RequestLoggingMiddleware | CorrelationId:f1aaf418fafe40059243f7e4fb014880 | HTTP GET /api/students responded 200 in 60.0906 ms
2026-04-22 11:36:36.728 +05:30 [WRN] Microsoft.EntityFrameworkCore.Query | CorrelationId:bf0ac83d74314adeb399d0cb08d52e43 | Compiling a query which loads related collections for more than one collection navigation, either via 'Include' or through projection, but no 'QuerySplittingBehavior' has been configured. By default, Entity Framework will use 'QuerySplittingBehavior.SingleQuery', which can potentially result in slow query performance. See https://go.microsoft.com/fwlink/?linkid=2134277 for more information. To identify the query that's triggering this warning call 'ConfigureWarnings(w => w.Throw(RelationalEventId.MultipleCollectionIncludeWarning))'.
2026-04-22 11:36:36.793 +05:30 [INF] SmsApi.Middleware.LoggingActionFilter | CorrelationId:5682009e74d945c5a48b6fea3841852b | API Response: GET /api/students/7fac64ee-3090-41ca-8add-56cda22c41c6 | Status: 200 | Duration: 126ms
2026-04-22 11:36:36.793 +05:30 [INF] SmsApi.Middleware.LoggingActionFilter | CorrelationId:bf0ac83d74314adeb399d0cb08d52e43 | API Response: GET /api/students/7fac64ee-3090-41ca-8add-56cda22c41c6 | Status: 200 | Duration: 127ms
2026-04-22 11:36:36.806 +05:30 [INF] Serilog.AspNetCore.RequestLoggingMiddleware | CorrelationId:bf0ac83d74314adeb399d0cb08d52e43 | HTTP GET /api/students/7fac64ee-3090-41ca-8add-56cda22c41c6 responded 200 in 158.3024 ms
2026-04-22 11:36:36.806 +05:30 [INF] Serilog.AspNetCore.RequestLoggingMiddleware | CorrelationId:5682009e74d945c5a48b6fea3841852b | HTTP GET /api/students/7fac64ee-3090-41ca-8add-56cda22c41c6 responded 200 in 157.8258 ms
2026-04-22 11:36:36.810 +05:30 [INF] Serilog.AspNetCore.RequestLoggingMiddleware | CorrelationId:ebe68d39f3ee47f78bdca60a59aa5978 | HTTP OPTIONS /api/students/7fac64ee-3090-41ca-8add-56cda22c41c6/siblings responded 204 in 0.0800 ms
2026-04-22 11:36:36.814 +05:30 [INF] Serilog.AspNetCore.RequestLoggingMiddleware | CorrelationId:701f094713124713998929e51b3116f9 | HTTP OPTIONS /api/students/7fac64ee-3090-41ca-8add-56cda22c41c6/siblings responded 204 in 0.0748 ms
2026-04-22 11:36:36.823 +05:30 [INF] SmsApi.Middleware.LoggingActionFilter | CorrelationId:4f1af799987940208af9ea664ccad687 | API Request: GET /api/students/7fac64ee-3090-41ca-8add-56cda22c41c6/siblings | User: Unknown | School: 550e8400-e29b-41d4-a716-446655440000
2026-04-22 11:36:36.826 +05:30 [INF] SmsApi.Middleware.LoggingActionFilter | CorrelationId:dd37cc357ef047508db86c525016a0b2 | API Request: GET /api/students/7fac64ee-3090-41ca-8add-56cda22c41c6/siblings | User: Unknown | School: 550e8400-e29b-41d4-a716-446655440000
2026-04-22 11:36:36.844 +05:30 [INF] SmsApi.Middleware.LoggingActionFilter | CorrelationId:dd37cc357ef047508db86c525016a0b2 | API Response: GET /api/students/7fac64ee-3090-41ca-8add-56cda22c41c6/siblings | Status: 200 | Duration: 18ms
2026-04-22 11:36:36.844 +05:30 [INF] SmsApi.Middleware.LoggingActionFilter | CorrelationId:4f1af799987940208af9ea664ccad687 | API Response: GET /api/students/7fac64ee-3090-41ca-8add-56cda22c41c6/siblings | Status: 200 | Duration: 21ms
2026-04-22 11:36:36.847 +05:30 [INF] Serilog.AspNetCore.RequestLoggingMiddleware | CorrelationId:dd37cc357ef047508db86c525016a0b2 | HTTP GET /api/students/7fac64ee-3090-41ca-8add-56cda22c41c6/siblings responded 200 in 23.8691 ms
2026-04-22 11:36:36.849 +05:30 [INF] Serilog.AspNetCore.RequestLoggingMiddleware | CorrelationId:4f1af799987940208af9ea664ccad687 | HTTP GET /api/students/7fac64ee-3090-41ca-8add-56cda22c41c6/siblings responded 200 in 30.9871 ms
2026-04-22 11:36:36.853 +05:30 [INF] Serilog.AspNetCore.RequestLoggingMiddleware | CorrelationId:77f974e691114de0b8ff64a7fe236fbf | HTTP OPTIONS /api/students/7fac64ee-3090-41ca-8add-56cda22c41c6/profile-summary responded 204 in 0.0363 ms
2026-04-22 11:36:36.858 +05:30 [INF] Serilog.AspNetCore.RequestLoggingMiddleware | CorrelationId:5ded302a158648abb53938a452f571b1 | HTTP OPTIONS /api/students/7fac64ee-3090-41ca-8add-56cda22c41c6/profile-summary responded 204 in 0.0442 ms
2026-04-22 11:36:36.869 +05:30 [INF] SmsApi.Middleware.LoggingActionFilter | CorrelationId:ec1b26dbb79944d9a589982a5b3ab93b | API Request: GET /api/students/7fac64ee-3090-41ca-8add-56cda22c41c6/profile-summary | User: Unknown | School: 550e8400-e29b-41d4-a716-446655440000
2026-04-22 11:36:36.869 +05:30 [INF] SmsApi.Middleware.LoggingActionFilter | CorrelationId:9a49fec5371f442492c125c72ed398a5 | API Request: GET /api/students/7fac64ee-3090-41ca-8add-56cda22c41c6/profile-summary | User: Unknown | School: 550e8400-e29b-41d4-a716-446655440000
2026-04-22 11:36:37.377 +05:30 [INF] SmsApi.Middleware.LoggingActionFilter | CorrelationId:ec1b26dbb79944d9a589982a5b3ab93b | API Response: GET /api/students/7fac64ee-3090-41ca-8add-56cda22c41c6/profile-summary | Status: 200 | Duration: 507ms
2026-04-22 11:36:37.377 +05:30 [INF] SmsApi.Middleware.LoggingActionFilter | CorrelationId:9a49fec5371f442492c125c72ed398a5 | API Response: GET /api/students/7fac64ee-3090-41ca-8add-56cda22c41c6/profile-summary | Status: 200 | Duration: 507ms
2026-04-22 11:36:37.395 +05:30 [INF] Serilog.AspNetCore.RequestLoggingMiddleware | CorrelationId:ec1b26dbb79944d9a589982a5b3ab93b | HTTP GET /api/students/7fac64ee-3090-41ca-8add-56cda22c41c6/profile-summary responded 200 in 529.4580 ms
2026-04-22 11:36:37.399 +05:30 [WRN] SmsApi.Infrastructure.Performance.PerformanceMonitoringMiddleware | CorrelationId: | Slow request: GET /api/students/7fac64ee-3090-41ca-8add-56cda22c41c6/profile-summary took 529ms — status 200.
2026-04-22 11:36:37.395 +05:30 [INF] Serilog.AspNetCore.RequestLoggingMiddleware | CorrelationId:9a49fec5371f442492c125c72ed398a5 | HTTP GET /api/students/7fac64ee-3090-41ca-8add-56cda22c41c6/profile-summary responded 200 in 533.1040 ms
2026-04-22 11:36:37.425 +05:30 [INF] Serilog.AspNetCore.RequestLoggingMiddleware | CorrelationId:822222ebfcb644daabe9ce678839eee3 | HTTP OPTIONS /api/Attendance/records responded 204 in 0.0398 ms
2026-04-22 11:36:37.426 +05:30 [INF] Serilog.AspNetCore.RequestLoggingMiddleware | CorrelationId:432b905119a04afa9afe45a58a3b8693 | HTTP OPTIONS /api/Attendance/records responded 204 in 0.0150 ms
2026-04-22 11:36:37.427 +05:30 [WRN] SmsApi.Infrastructure.Performance.PerformanceMonitoringMiddleware | CorrelationId: | Slow request: GET /api/students/7fac64ee-3090-41ca-8add-56cda22c41c6/profile-summary took 533ms — status 200.
2026-04-22 11:36:37.471 +05:30 [INF] SmsApi.Middleware.LoggingActionFilter | CorrelationId:cf4bee56f57d48478bca9d1db3391907 | API Request: GET /api/Attendance/records | User: Unknown | School: 550e8400-e29b-41d4-a716-446655440000
2026-04-22 11:36:37.471 +05:30 [INF] SmsApi.Middleware.LoggingActionFilter | CorrelationId:474215981a624fe8a658b49e87b63ca0 | API Request: GET /api/Attendance/records | User: Unknown | School: 550e8400-e29b-41d4-a716-446655440000
2026-04-22 11:36:37.498 +05:30 [INF] SmsApi.Middleware.LoggingActionFilter | CorrelationId:cf4bee56f57d48478bca9d1db3391907 | API Response: GET /api/Attendance/records | Status: 200 | Duration: 27ms
2026-04-22 11:36:37.498 +05:30 [INF] SmsApi.Middleware.LoggingActionFilter | CorrelationId:474215981a624fe8a658b49e87b63ca0 | API Response: GET /api/Attendance/records | Status: 200 | Duration: 27ms
2026-04-22 11:36:37.501 +05:30 [INF] Serilog.AspNetCore.RequestLoggingMiddleware | CorrelationId:474215981a624fe8a658b49e87b63ca0 | HTTP GET /api/Attendance/records responded 200 in 57.8338 ms
2026-04-22 11:36:37.503 +05:30 [INF] Serilog.AspNetCore.RequestLoggingMiddleware | CorrelationId:cf4bee56f57d48478bca9d1db3391907 | HTTP GET /api/Attendance/records responded 200 in 71.3108 ms
2026-04-22 11:36:37.531 +05:30 [INF] Serilog.AspNetCore.RequestLoggingMiddleware | CorrelationId:4275f82eb22d43d3bebdd9ef77c44df9 | HTTP OPTIONS /api/Attendance/stats responded 204 in 0.0343 ms
2026-04-22 11:36:37.543 +05:30 [INF] Serilog.AspNetCore.RequestLoggingMiddleware | CorrelationId:2621a509ec28461091dc359cfd870166 | HTTP OPTIONS /api/Attendance/stats responded 204 in 0.0359 ms
2026-04-22 11:36:37.555 +05:30 [INF] SmsApi.Middleware.LoggingActionFilter | CorrelationId:b97e2bfe3c564474bc0a7a9f713f1fb6 | API Request: GET /api/Attendance/stats | User: Unknown | School: 550e8400-e29b-41d4-a716-446655440000
2026-04-22 11:36:37.560 +05:30 [INF] SmsApi.Middleware.LoggingActionFilter | CorrelationId:a066d7600db0466283957f11b10010cb | API Request: GET /api/Attendance/stats | User: Unknown | School: 550e8400-e29b-41d4-a716-446655440000
2026-04-22 11:36:37.603 +05:30 [INF] SmsApi.Middleware.LoggingActionFilter | CorrelationId:a066d7600db0466283957f11b10010cb | API Response: GET /api/Attendance/stats | Status: 200 | Duration: 43ms
2026-04-22 11:36:37.603 +05:30 [INF] SmsApi.Middleware.LoggingActionFilter | CorrelationId:b97e2bfe3c564474bc0a7a9f713f1fb6 | API Response: GET /api/Attendance/stats | Status: 200 | Duration: 47ms
2026-04-22 11:36:37.607 +05:30 [INF] Serilog.AspNetCore.RequestLoggingMiddleware | CorrelationId:a066d7600db0466283957f11b10010cb | HTTP GET /api/Attendance/stats responded 200 in 48.5470 ms
2026-04-22 11:36:37.607 +05:30 [INF] Serilog.AspNetCore.RequestLoggingMiddleware | CorrelationId:b97e2bfe3c564474bc0a7a9f713f1fb6 | HTTP GET /api/Attendance/stats responded 200 in 57.4271 ms
2026-04-22 11:40:46.938 +05:30 [INF] Serilog.AspNetCore.RequestLoggingMiddleware | CorrelationId:eccf1bf8fd1143dbac32b5e44bda620f | HTTP OPTIONS /api/fees/records responded 204 in 0.2095 ms
2026-04-22 11:40:46.938 +05:30 [INF] Serilog.AspNetCore.RequestLoggingMiddleware | CorrelationId:a203272a951147c48eefa09394e7fca7 | HTTP OPTIONS /api/fees/structures responded 204 in 0.0149 ms
2026-04-22 11:40:46.947 +05:30 [INF] Serilog.AspNetCore.RequestLoggingMiddleware | CorrelationId:ff84ca2f7e1441e4b3257525bb77fa06 | HTTP OPTIONS /api/fees/records responded 204 in 0.3820 ms
2026-04-22 11:40:46.947 +05:30 [INF] Serilog.AspNetCore.RequestLoggingMiddleware | CorrelationId:1d9fd1e5e95c40889eb439b727b35dd1 | HTTP OPTIONS /api/fees/stats responded 204 in 0.0190 ms
2026-04-22 11:40:46.953 +05:30 [INF] Serilog.AspNetCore.RequestLoggingMiddleware | CorrelationId:c5c41fa7c7404ea7b2d6a982510157f7 | HTTP OPTIONS /api/fees/stats responded 204 in 0.0484 ms
2026-04-22 11:40:46.954 +05:30 [INF] Serilog.AspNetCore.RequestLoggingMiddleware | CorrelationId:3ebfbc1a8b16421db134928652a0eb22 | HTTP OPTIONS /api/fees/structures responded 204 in 0.0117 ms
2026-04-22 11:40:47.005 +05:30 [INF] SmsApi.Middleware.LoggingActionFilter | CorrelationId:02211057f2b54e949bc4aadeb482afba | API Request: GET /api/fees/records | User: Unknown | School: 550e8400-e29b-41d4-a716-446655440000
2026-04-22 11:40:47.005 +05:30 [INF] SmsApi.Middleware.LoggingActionFilter | CorrelationId:e36e2c16a3fb49f3ba41a8491053e053 | API Request: GET /api/fees/structures | User: Unknown | School: 550e8400-e29b-41d4-a716-446655440000
2026-04-22 11:40:47.005 +05:30 [INF] SmsApi.Middleware.LoggingActionFilter | CorrelationId:b6f83f77a6314af0a1a6476725d82989 | API Request: GET /api/fees/stats | User: Unknown | School: 550e8400-e29b-41d4-a716-446655440000
2026-04-22 11:40:47.005 +05:30 [INF] SmsApi.Middleware.LoggingActionFilter | CorrelationId:83b1ccc7f41f40d795f22ebedd96f98a | API Request: GET /api/fees/stats | User: Unknown | School: 550e8400-e29b-41d4-a716-446655440000
2026-04-22 11:40:47.005 +05:30 [INF] SmsApi.Middleware.LoggingActionFilter | CorrelationId:a51eaf88c382412a8cac1f7a12706931 | API Request: GET /api/fees/structures | User: Unknown | School: 550e8400-e29b-41d4-a716-446655440000
2026-04-22 11:40:47.005 +05:30 [INF] SmsApi.Middleware.LoggingActionFilter | CorrelationId:b06e001f00bd4e6bb893ca508a8ea5e9 | API Request: GET /api/fees/records | User: Unknown | School: 550e8400-e29b-41d4-a716-446655440000
2026-04-22 11:40:47.100 +05:30 [INF] SmsApi.Middleware.LoggingActionFilter | CorrelationId:a51eaf88c382412a8cac1f7a12706931 | API Response: GET /api/fees/structures | Status: 200 | Duration: 95ms
2026-04-22 11:40:47.101 +05:30 [INF] SmsApi.Middleware.LoggingActionFilter | CorrelationId:e36e2c16a3fb49f3ba41a8491053e053 | API Response: GET /api/fees/structures | Status: 200 | Duration: 95ms
2026-04-22 11:40:47.112 +05:30 [INF] Serilog.AspNetCore.RequestLoggingMiddleware | CorrelationId:a51eaf88c382412a8cac1f7a12706931 | HTTP GET /api/fees/structures responded 200 in 144.1330 ms
2026-04-22 11:40:47.116 +05:30 [INF] Serilog.AspNetCore.RequestLoggingMiddleware | CorrelationId:e36e2c16a3fb49f3ba41a8491053e053 | HTTP GET /api/fees/structures responded 200 in 123.0539 ms
2026-04-22 11:40:47.243 +05:30 [INF] SmsApi.Middleware.LoggingActionFilter | CorrelationId:83b1ccc7f41f40d795f22ebedd96f98a | API Response: GET /api/fees/stats | Status: 200 | Duration: 238ms
2026-04-22 11:40:47.243 +05:30 [INF] SmsApi.Middleware.LoggingActionFilter | CorrelationId:b06e001f00bd4e6bb893ca508a8ea5e9 | API Response: GET /api/fees/records | Status: 200 | Duration: 238ms
2026-04-22 11:40:47.243 +05:30 [INF] SmsApi.Middleware.LoggingActionFilter | CorrelationId:b6f83f77a6314af0a1a6476725d82989 | API Response: GET /api/fees/stats | Status: 200 | Duration: 238ms
2026-04-22 11:40:47.244 +05:30 [INF] SmsApi.Middleware.LoggingActionFilter | CorrelationId:02211057f2b54e949bc4aadeb482afba | API Response: GET /api/fees/records | Status: 200 | Duration: 238ms
2026-04-22 11:40:47.255 +05:30 [INF] Serilog.AspNetCore.RequestLoggingMiddleware | CorrelationId:83b1ccc7f41f40d795f22ebedd96f98a | HTTP GET /api/fees/stats responded 200 in 281.7555 ms
2026-04-22 11:40:47.255 +05:30 [INF] Serilog.AspNetCore.RequestLoggingMiddleware | CorrelationId:b6f83f77a6314af0a1a6476725d82989 | HTTP GET /api/fees/stats responded 200 in 275.7368 ms
2026-04-22 11:40:47.271 +05:30 [INF] Serilog.AspNetCore.RequestLoggingMiddleware | CorrelationId:02211057f2b54e949bc4aadeb482afba | HTTP GET /api/fees/records responded 200 in 307.9859 ms
2026-04-22 11:40:47.273 +05:30 [INF] Serilog.AspNetCore.RequestLoggingMiddleware | CorrelationId:b06e001f00bd4e6bb893ca508a8ea5e9 | HTTP GET /api/fees/records responded 200 in 300.7902 ms
2026-04-22 11:40:55.328 +05:30 [INF] Serilog.AspNetCore.RequestLoggingMiddleware | CorrelationId:d83e0213531a4e378ce559322c61764a | HTTP OPTIONS /api/transport/routes responded 204 in 0.0542 ms
2026-04-22 11:40:55.328 +05:30 [INF] Serilog.AspNetCore.RequestLoggingMiddleware | CorrelationId:e757e3ebe5704bd799d7e5361414f38c | HTTP OPTIONS /api/transport/routes responded 204 in 0.0549 ms
2026-04-22 11:40:55.486 +05:30 [INF] SmsApi.Middleware.LoggingActionFilter | CorrelationId:91ee11d4fc4942a88f064f867e3c688e | API Request: GET /api/transport/routes | User: Unknown | School: 550e8400-e29b-41d4-a716-446655440000
2026-04-22 11:40:55.508 +05:30 [INF] SmsApi.Middleware.LoggingActionFilter | CorrelationId:dd82a2d2e1744183858f805b77486387 | API Request: GET /api/transport/routes | User: Unknown | School: 550e8400-e29b-41d4-a716-446655440000
2026-04-22 11:40:55.600 +05:30 [INF] SmsApi.Middleware.LoggingActionFilter | CorrelationId:dd82a2d2e1744183858f805b77486387 | API Response: GET /api/transport/routes | Status: 200 | Duration: 92ms
2026-04-22 11:40:55.600 +05:30 [INF] SmsApi.Middleware.LoggingActionFilter | CorrelationId:91ee11d4fc4942a88f064f867e3c688e | API Response: GET /api/transport/routes | Status: 200 | Duration: 114ms
2026-04-22 11:40:55.614 +05:30 [INF] Serilog.AspNetCore.RequestLoggingMiddleware | CorrelationId:dd82a2d2e1744183858f805b77486387 | HTTP GET /api/transport/routes responded 200 in 117.7392 ms
2026-04-22 11:40:55.614 +05:30 [INF] Serilog.AspNetCore.RequestLoggingMiddleware | CorrelationId:91ee11d4fc4942a88f064f867e3c688e | HTTP GET /api/transport/routes responded 200 in 172.1853 ms
2026-04-22 11:41:02.706 +05:30 [INF] Serilog.AspNetCore.RequestLoggingMiddleware | CorrelationId:741fb5f2e9354ebd8395a75fd9fb4ea0 | HTTP OPTIONS /api/store/stats responded 204 in 0.0395 ms
2026-04-22 11:41:02.706 +05:30 [INF] Serilog.AspNetCore.RequestLoggingMiddleware | CorrelationId:81f73501d27d4ac7be1c20011ae886b1 | HTTP OPTIONS /api/store/items responded 204 in 0.0393 ms
2026-04-22 11:41:02.706 +05:30 [INF] Serilog.AspNetCore.RequestLoggingMiddleware | CorrelationId:1bc83ee26acc4c4193555ecc20a3dd98 | HTTP OPTIONS /api/store/stats responded 204 in 0.0064 ms
2026-04-22 11:41:02.707 +05:30 [INF] Serilog.AspNetCore.RequestLoggingMiddleware | CorrelationId:58a030aa25974671b818e0e88f9527d9 | HTTP OPTIONS /api/store/items responded 204 in 0.0040 ms
2026-04-22 11:41:02.877 +05:30 [INF] Serilog.AspNetCore.RequestLoggingMiddleware | CorrelationId:b984018967b341cb80aef6d868e427a0 | HTTP OPTIONS /api/notifications/unread-count responded 204 in 0.0380 ms
2026-04-22 11:41:02.958 +05:30 [INF] SmsApi.Middleware.LoggingActionFilter | CorrelationId:c1a63e860053439681e47e267b951735 | API Request: GET /api/store/stats | User: Unknown | School: 550e8400-e29b-41d4-a716-446655440000
2026-04-22 11:41:02.973 +05:30 [INF] SmsApi.Middleware.LoggingActionFilter | CorrelationId:daea824924554e6fbc5b9687085d3ff3 | API Request: GET /api/store/items | User: Unknown | School: 550e8400-e29b-41d4-a716-446655440000
2026-04-22 11:41:02.988 +05:30 [INF] SmsApi.Middleware.LoggingActionFilter | CorrelationId:5e2234df0e194a84a678ac4903ab15b9 | API Request: GET /api/store/stats | User: Unknown | School: 550e8400-e29b-41d4-a716-446655440000
2026-04-22 11:41:02.996 +05:30 [INF] SmsApi.Middleware.LoggingActionFilter | CorrelationId:ef0254b8723c4980a9c8a24be5445671 | API Request: GET /api/store/items | User: Unknown | School: 550e8400-e29b-41d4-a716-446655440000
2026-04-22 11:41:03.001 +05:30 [INF] SmsApi.Middleware.LoggingActionFilter | CorrelationId:1e07775a4f1341f499aaeb013d78a6af | API Request: GET /api/notifications/unread-count | User: Unknown | School: 550e8400-e29b-41d4-a716-446655440000
2026-04-22 11:41:03.015 +05:30 [INF] SmsApi.Middleware.LoggingActionFilter | CorrelationId:1e07775a4f1341f499aaeb013d78a6af | API Response: GET /api/notifications/unread-count | Status: 200 | Duration: 13ms
2026-04-22 11:41:03.025 +05:30 [INF] Serilog.AspNetCore.RequestLoggingMiddleware | CorrelationId:1e07775a4f1341f499aaeb013d78a6af | HTTP GET /api/notifications/unread-count responded 200 in 24.5199 ms
2026-04-22 11:41:03.031 +05:30 [INF] SmsApi.Middleware.LoggingActionFilter | CorrelationId:daea824924554e6fbc5b9687085d3ff3 | API Response: GET /api/store/items | Status: 200 | Duration: 57ms
2026-04-22 11:41:03.031 +05:30 [INF] SmsApi.Middleware.LoggingActionFilter | CorrelationId:ef0254b8723c4980a9c8a24be5445671 | API Response: GET /api/store/items | Status: 200 | Duration: 34ms
2026-04-22 11:41:03.036 +05:30 [INF] Serilog.AspNetCore.RequestLoggingMiddleware | CorrelationId:daea824924554e6fbc5b9687085d3ff3 | HTTP GET /api/store/items responded 200 in 203.3286 ms
2026-04-22 11:41:03.037 +05:30 [INF] Serilog.AspNetCore.RequestLoggingMiddleware | CorrelationId:ef0254b8723c4980a9c8a24be5445671 | HTTP GET /api/store/items responded 200 in 171.0528 ms
2026-04-22 11:41:03.070 +05:30 [INF] SmsApi.Middleware.LoggingActionFilter | CorrelationId:5e2234df0e194a84a678ac4903ab15b9 | API Response: GET /api/store/stats | Status: 200 | Duration: 82ms
2026-04-22 11:41:03.070 +05:30 [INF] SmsApi.Middleware.LoggingActionFilter | CorrelationId:c1a63e860053439681e47e267b951735 | API Response: GET /api/store/stats | Status: 200 | Duration: 112ms
2026-04-22 11:41:03.074 +05:30 [INF] Serilog.AspNetCore.RequestLoggingMiddleware | CorrelationId:c1a63e860053439681e47e267b951735 | HTTP GET /api/store/stats responded 200 in 269.1960 ms
2026-04-22 11:41:03.074 +05:30 [INF] Serilog.AspNetCore.RequestLoggingMiddleware | CorrelationId:5e2234df0e194a84a678ac4903ab15b9 | HTTP GET /api/store/stats responded 200 in 224.7802 ms
2026-04-22 11:41:09.800 +05:30 [INF] Serilog.AspNetCore.RequestLoggingMiddleware | CorrelationId:6b83070b231b438ba4aa5c2561d3fa51 | HTTP OPTIONS /api/store/stats responded 204 in 0.0980 ms
2026-04-22 11:41:09.801 +05:30 [INF] Serilog.AspNetCore.RequestLoggingMiddleware | CorrelationId:8d495b531efd48f59d87f3ef8af39a8a | HTTP OPTIONS /api/store/items responded 204 in 0.0240 ms
2026-04-22 11:41:09.830 +05:30 [INF] SmsApi.Middleware.LoggingActionFilter | CorrelationId:fe24936edfa14adba85d573156ffe4a9 | API Request: GET /api/store/stats | User: Unknown | School: 550e8400-e29b-41d4-a716-446655440000
2026-04-22 11:41:09.802 +05:30 [INF] Serilog.AspNetCore.RequestLoggingMiddleware | CorrelationId:45186bffe8174ee2870daa258413df71 | HTTP OPTIONS /api/store/stats responded 204 in 0.0067 ms
2026-04-22 11:41:09.802 +05:30 [INF] Serilog.AspNetCore.RequestLoggingMiddleware | CorrelationId:ca3707f133244519b93b7ff72b7736c9 | HTTP OPTIONS /api/store/items responded 204 in 0.0099 ms
2026-04-22 11:41:09.835 +05:30 [INF] SmsApi.Middleware.LoggingActionFilter | CorrelationId:b7d7c93742854a21842e687df3e886a2 | API Request: GET /api/store/items | User: Unknown | School: 550e8400-e29b-41d4-a716-446655440000
2026-04-22 11:41:09.839 +05:30 [INF] SmsApi.Middleware.LoggingActionFilter | CorrelationId:fe24936edfa14adba85d573156ffe4a9 | API Response: GET /api/store/stats | Status: 200 | Duration: 8ms
2026-04-22 11:41:09.850 +05:30 [INF] SmsApi.Middleware.LoggingActionFilter | CorrelationId:b7d7c93742854a21842e687df3e886a2 | API Response: GET /api/store/items | Status: 200 | Duration: 15ms
2026-04-22 11:41:09.845 +05:30 [INF] SmsApi.Middleware.LoggingActionFilter | CorrelationId:250834de09954f068a699785c99b2a26 | API Request: GET /api/store/items | User: Unknown | School: 550e8400-e29b-41d4-a716-446655440000
2026-04-22 11:41:09.841 +05:30 [INF] SmsApi.Middleware.LoggingActionFilter | CorrelationId:f5c76d15e3ec45cd9d22ae386aaecf76 | API Request: GET /api/store/stats | User: Unknown | School: 550e8400-e29b-41d4-a716-446655440000
2026-04-22 11:41:09.851 +05:30 [INF] Serilog.AspNetCore.RequestLoggingMiddleware | CorrelationId:fe24936edfa14adba85d573156ffe4a9 | HTTP GET /api/store/stats responded 200 in 26.9966 ms
2026-04-22 11:41:09.853 +05:30 [INF] Serilog.AspNetCore.RequestLoggingMiddleware | CorrelationId:b7d7c93742854a21842e687df3e886a2 | HTTP GET /api/store/items responded 200 in 20.0134 ms
2026-04-22 11:41:09.858 +05:30 [INF] SmsApi.Middleware.LoggingActionFilter | CorrelationId:250834de09954f068a699785c99b2a26 | API Response: GET /api/store/items | Status: 200 | Duration: 13ms
2026-04-22 11:41:09.863 +05:30 [INF] SmsApi.Middleware.LoggingActionFilter | CorrelationId:f5c76d15e3ec45cd9d22ae386aaecf76 | API Response: GET /api/store/stats | Status: 200 | Duration: 22ms
2026-04-22 11:41:09.890 +05:30 [INF] Serilog.AspNetCore.RequestLoggingMiddleware | CorrelationId:250834de09954f068a699785c99b2a26 | HTTP GET /api/store/items responded 200 in 47.7285 ms
2026-04-22 11:41:09.891 +05:30 [INF] Serilog.AspNetCore.RequestLoggingMiddleware | CorrelationId:f5c76d15e3ec45cd9d22ae386aaecf76 | HTTP GET /api/store/stats responded 200 in 53.7001 ms
2026-04-22 11:41:17.669 +05:30 [INF] Serilog.AspNetCore.RequestLoggingMiddleware | CorrelationId:0091e8e7571c4aa8abf6a43d02a33341 | HTTP OPTIONS /api/academics/academic-years responded 204 in 0.0422 ms
2026-04-22 11:41:17.698 +05:30 [INF] Serilog.AspNetCore.RequestLoggingMiddleware | CorrelationId:0b4020e089d74d89aa5967422b37bf25 | HTTP OPTIONS /api/academics/academic-years responded 204 in 0.0337 ms
2026-04-22 11:41:17.802 +05:30 [INF] Serilog.AspNetCore.RequestLoggingMiddleware | CorrelationId:de95f625c58841aca1458d9f39d663a7 | HTTP GET /api/academics/academic-years responded 401 in 0.2779 ms
2026-04-22 11:41:17.804 +05:30 [INF] Serilog.AspNetCore.RequestLoggingMiddleware | CorrelationId:1f051113089542768d424371a2cf5a3b | HTTP GET /api/academics/academic-years responded 401 in 0.1216 ms
2026-04-22 11:41:22.069 +05:30 [INF] Serilog.AspNetCore.RequestLoggingMiddleware | CorrelationId:b55c8455def4455a9c17dab247180f00 | HTTP OPTIONS /api/auth/login responded 204 in 0.0660 ms
2026-04-22 11:41:22.078 +05:30 [INF] SmsApi.Middleware.LoggingActionFilter | CorrelationId:d0b55c3dcd20437c9cbac9855bc7a608 | API Request: POST /api/auth/login | User: Unknown | School: Unknown
2026-04-22 11:41:22.597 +05:30 [INF] SmsApi.Controllers.AuthController | CorrelationId:d0b55c3dcd20437c9cbac9855bc7a608 | Login successful for superadmin (SchoolId: "00000000-0000-0000-0000-000000000001")
2026-04-22 11:41:22.600 +05:30 [INF] SmsApi.Middleware.LoggingActionFilter | CorrelationId:d0b55c3dcd20437c9cbac9855bc7a608 | API Response: POST /api/auth/login | Status: 200 | Duration: 521ms
2026-04-22 11:41:22.611 +05:30 [INF] Serilog.AspNetCore.RequestLoggingMiddleware | CorrelationId:d0b55c3dcd20437c9cbac9855bc7a608 | HTTP POST /api/auth/login responded 200 in 537.8255 ms
2026-04-22 11:41:22.613 +05:30 [WRN] SmsApi.Infrastructure.Performance.PerformanceMonitoringMiddleware | CorrelationId: | Slow request: POST /api/auth/login took 529ms — status 200.
2026-04-22 11:41:22.679 +05:30 [INF] Serilog.AspNetCore.RequestLoggingMiddleware | CorrelationId:426f68072d994e1eb8dca7ee453884e1 | HTTP OPTIONS /api/settings/school/me responded 204 in 0.0445 ms
2026-04-22 11:41:23.899 +05:30 [INF] Serilog.AspNetCore.RequestLoggingMiddleware | CorrelationId:401c5bf9e0f74775bcd2676a1397f6fb | HTTP OPTIONS /api/academics/academic-years responded 204 in 0.1392 ms
2026-04-22 11:41:23.900 +05:30 [INF] Serilog.AspNetCore.RequestLoggingMiddleware | CorrelationId:df9953806b0b4a1ca6632ca1cc76cc47 | HTTP OPTIONS /api/academics/academic-years responded 204 in 0.2445 ms
2026-04-22 11:41:23.909 +05:30 [INF] Serilog.AspNetCore.RequestLoggingMiddleware | CorrelationId:40af592df0554d2491eb8b7cc4e15b02 | HTTP OPTIONS /api/settings/school/me responded 204 in 0.1249 ms
2026-04-22 11:41:24.058 +05:30 [INF] Serilog.AspNetCore.RequestLoggingMiddleware | CorrelationId:d564a7c3026f433ba90d3c8136fa0784 | HTTP OPTIONS /api/notifications/unread-count responded 204 in 0.0500 ms
2026-04-22 11:41:24.059 +05:30 [INF] Serilog.AspNetCore.RequestLoggingMiddleware | CorrelationId:9e33be8a0f7d494c922c8073d24265c2 | HTTP OPTIONS /api/school-feature-permissions/stats responded 204 in 0.1055 ms
2026-04-22 11:41:24.101 +05:30 [INF] SmsApi.Middleware.LoggingActionFilter | CorrelationId:1536bd66e81241bfba454a9ba1016d74 | API Request: GET /api/academics/academic-years | User: Unknown | School: 00000000-0000-0000-0000-000000000001
2026-04-22 11:41:24.104 +05:30 [INF] Serilog.AspNetCore.RequestLoggingMiddleware | CorrelationId:2fb8ed181cb64db0aff57ac020190462 | HTTP OPTIONS /api/school-feature-permissions/schools/550e8400-e29b-41d4-a716-446655440000 responded 204 in 0.0347 ms
2026-04-22 11:41:24.135 +05:30 [INF] Serilog.AspNetCore.RequestLoggingMiddleware | CorrelationId:c1125f0607434ac590caed5b59530c9e | HTTP OPTIONS /api/school-feature-permissions/schools responded 204 in 0.0501 ms
2026-04-22 11:41:24.140 +05:30 [INF] Serilog.AspNetCore.RequestLoggingMiddleware | CorrelationId:21ce8592cf1344f2a768332f676e0279 | HTTP OPTIONS /api/school-feature-permissions/stats responded 204 in 0.0396 ms
2026-04-22 11:41:24.146 +05:30 [INF] Serilog.AspNetCore.RequestLoggingMiddleware | CorrelationId:2d4041ff90414530a69e1ebfd8dfeccd | HTTP OPTIONS /api/school-feature-permissions/schools/550e8400-e29b-41d4-a716-446655440000 responded 204 in 0.0838 ms
2026-04-22 11:41:24.150 +05:30 [INF] Serilog.AspNetCore.RequestLoggingMiddleware | CorrelationId:3fddd95a251b4c59a4a160bc3eddf811 | HTTP OPTIONS /api/school-feature-permissions/schools responded 204 in 0.0477 ms
2026-04-22 11:41:24.155 +05:30 [INF] SmsApi.Middleware.LoggingActionFilter | CorrelationId:40831c4010d54ba8850446bca6f07d42 | API Request: GET /api/academics/academic-years | User: Unknown | School: 00000000-0000-0000-0000-000000000001
2026-04-22 11:41:24.163 +05:30 [INF] SmsApi.Middleware.LoggingActionFilter | CorrelationId:1536bd66e81241bfba454a9ba1016d74 | API Response: GET /api/academics/academic-years | Status: 200 | Duration: 61ms
2026-04-22 11:41:24.171 +05:30 [INF] SmsApi.Middleware.LoggingActionFilter | CorrelationId:6364f44f69ff46d2a66afe66eff4f25e | API Request: GET /api/settings/school/me | User: Unknown | School: 00000000-0000-0000-0000-000000000001
2026-04-22 11:41:24.186 +05:30 [INF] SmsApi.Middleware.LoggingActionFilter | CorrelationId:c1a4d90551cc4f8296e2be46e5ef8208 | API Request: GET /api/notifications/unread-count | User: Unknown | School: 00000000-0000-0000-0000-000000000001
2026-04-22 11:41:24.193 +05:30 [INF] SmsApi.Middleware.LoggingActionFilter | CorrelationId:c59ca2b177564abe921ea834b1a0d08a | API Request: GET /api/school-feature-permissions/stats | User: Unknown | School: 00000000-0000-0000-0000-000000000001
2026-04-22 11:41:24.194 +05:30 [INF] SmsApi.Middleware.LoggingActionFilter | CorrelationId:3ee935bd14d04356b1707cc682f0f0d5 | API Request: GET /api/school-feature-permissions/schools/550e8400-e29b-41d4-a716-446655440000 | User: Unknown | School: 00000000-0000-0000-0000-000000000001
2026-04-22 11:41:24.195 +05:30 [INF] Serilog.AspNetCore.RequestLoggingMiddleware | CorrelationId:1536bd66e81241bfba454a9ba1016d74 | HTTP GET /api/academics/academic-years responded 200 in 105.9430 ms
2026-04-22 11:41:24.209 +05:30 [INF] SmsApi.Middleware.LoggingActionFilter | CorrelationId:40831c4010d54ba8850446bca6f07d42 | API Response: GET /api/academics/academic-years | Status: 200 | Duration: 54ms
2026-04-22 11:41:24.212 +05:30 [INF] SmsApi.Middleware.LoggingActionFilter | CorrelationId:6364f44f69ff46d2a66afe66eff4f25e | API Response: GET /api/settings/school/me | Status: 200 | Duration: 41ms
2026-04-22 11:41:24.230 +05:30 [INF] SmsApi.Middleware.LoggingActionFilter | CorrelationId:c1a4d90551cc4f8296e2be46e5ef8208 | API Response: GET /api/notifications/unread-count | Status: 200 | Duration: 43ms
2026-04-22 11:41:24.279 +05:30 [INF] SmsApi.Middleware.LoggingActionFilter | CorrelationId:3ee935bd14d04356b1707cc682f0f0d5 | API Response: GET /api/school-feature-permissions/schools/550e8400-e29b-41d4-a716-446655440000 | Status: 200 | Duration: 85ms
2026-04-22 11:41:24.302 +05:30 [INF] SmsApi.Middleware.LoggingActionFilter | CorrelationId:1691a38825dc4dab9aed0853061059de | API Request: GET /api/school-feature-permissions/schools | User: Unknown | School: 00000000-0000-0000-0000-000000000001
2026-04-22 11:41:24.319 +05:30 [INF] Serilog.AspNetCore.RequestLoggingMiddleware | CorrelationId:40831c4010d54ba8850446bca6f07d42 | HTTP GET /api/academics/academic-years responded 200 in 165.2598 ms
2026-04-22 11:41:24.323 +05:30 [INF] Serilog.AspNetCore.RequestLoggingMiddleware | CorrelationId:6364f44f69ff46d2a66afe66eff4f25e | HTTP GET /api/settings/school/me responded 200 in 151.8769 ms
2026-04-22 11:41:24.325 +05:30 [INF] Serilog.AspNetCore.RequestLoggingMiddleware | CorrelationId:c1a4d90551cc4f8296e2be46e5ef8208 | HTTP GET /api/notifications/unread-count responded 200 in 139.6405 ms
2026-04-22 11:41:24.328 +05:30 [INF] Serilog.AspNetCore.RequestLoggingMiddleware | CorrelationId:3ee935bd14d04356b1707cc682f0f0d5 | HTTP GET /api/school-feature-permissions/schools/550e8400-e29b-41d4-a716-446655440000 responded 200 in 135.4461 ms
2026-04-22 11:41:24.345 +05:30 [INF] SmsApi.Middleware.LoggingActionFilter | CorrelationId:bf9eb8432d3e44158dced4625992612d | API Request: GET /api/school-feature-permissions/stats | User: Unknown | School: 00000000-0000-0000-0000-000000000001
2026-04-22 11:41:24.348 +05:30 [INF] SmsApi.Middleware.LoggingActionFilter | CorrelationId:c59ca2b177564abe921ea834b1a0d08a | API Response: GET /api/school-feature-permissions/stats | Status: 200 | Duration: 154ms
2026-04-22 11:41:24.352 +05:30 [INF] SmsApi.Middleware.LoggingActionFilter | CorrelationId:756b8320c17a4c30b5724011e108dfe6 | API Request: GET /api/school-feature-permissions/schools/550e8400-e29b-41d4-a716-446655440000 | User: Unknown | School: 00000000-0000-0000-0000-000000000001
2026-04-22 11:41:24.357 +05:30 [INF] SmsApi.Middleware.LoggingActionFilter | CorrelationId:329fe05e8a9240f5830faff94d126a20 | API Request: GET /api/school-feature-permissions/schools | User: Unknown | School: 00000000-0000-0000-0000-000000000001
2026-04-22 11:41:24.361 +05:30 [INF] SmsApi.Middleware.LoggingActionFilter | CorrelationId:1691a38825dc4dab9aed0853061059de | API Response: GET /api/school-feature-permissions/schools | Status: 200 | Duration: 58ms
2026-04-22 11:41:24.367 +05:30 [INF] Serilog.AspNetCore.RequestLoggingMiddleware | CorrelationId:c59ca2b177564abe921ea834b1a0d08a | HTTP GET /api/school-feature-permissions/stats responded 200 in 177.7188 ms
2026-04-22 11:41:24.378 +05:30 [INF] SmsApi.Middleware.LoggingActionFilter | CorrelationId:bf9eb8432d3e44158dced4625992612d | API Response: GET /api/school-feature-permissions/stats | Status: 200 | Duration: 32ms
2026-04-22 11:41:24.396 +05:30 [INF] Serilog.AspNetCore.RequestLoggingMiddleware | CorrelationId:bf9eb8432d3e44158dced4625992612d | HTTP GET /api/school-feature-permissions/stats responded 200 in 54.4810 ms
2026-04-22 11:41:24.382 +05:30 [INF] SmsApi.Middleware.LoggingActionFilter | CorrelationId:329fe05e8a9240f5830faff94d126a20 | API Response: GET /api/school-feature-permissions/schools | Status: 200 | Duration: 25ms
2026-04-22 11:41:24.393 +05:30 [INF] Serilog.AspNetCore.RequestLoggingMiddleware | CorrelationId:1691a38825dc4dab9aed0853061059de | HTTP GET /api/school-feature-permissions/schools responded 200 in 150.1236 ms
2026-04-22 11:41:24.382 +05:30 [INF] SmsApi.Middleware.LoggingActionFilter | CorrelationId:756b8320c17a4c30b5724011e108dfe6 | API Response: GET /api/school-feature-permissions/schools/550e8400-e29b-41d4-a716-446655440000 | Status: 200 | Duration: 30ms
2026-04-22 11:41:24.405 +05:30 [INF] Serilog.AspNetCore.RequestLoggingMiddleware | CorrelationId:329fe05e8a9240f5830faff94d126a20 | HTTP GET /api/school-feature-permissions/schools responded 200 in 48.2736 ms
2026-04-22 11:41:24.410 +05:30 [INF] Serilog.AspNetCore.RequestLoggingMiddleware | CorrelationId:756b8320c17a4c30b5724011e108dfe6 | HTTP GET /api/school-feature-permissions/schools/550e8400-e29b-41d4-a716-446655440000 responded 200 in 58.5188 ms
2026-04-22 11:41:31.432 +05:30 [INF] Serilog.AspNetCore.RequestLoggingMiddleware | CorrelationId:c2ac1f5d094a400eb7f0f30f4f1fa6ca | HTTP OPTIONS /api/school-feature-permissions/stats responded 204 in 0.1107 ms
2026-04-22 11:41:31.448 +05:30 [INF] SmsApi.Middleware.LoggingActionFilter | CorrelationId:b94fa01f96944adab4861cb4c37a15ae | API Request: GET /api/school-feature-permissions/stats | User: Unknown | School: 00000000-0000-0000-0000-000000000001
2026-04-22 11:41:31.457 +05:30 [INF] SmsApi.Middleware.LoggingActionFilter | CorrelationId:b94fa01f96944adab4861cb4c37a15ae | API Response: GET /api/school-feature-permissions/stats | Status: 200 | Duration: 7ms
2026-04-22 11:41:31.465 +05:30 [INF] Serilog.AspNetCore.RequestLoggingMiddleware | CorrelationId:b94fa01f96944adab4861cb4c37a15ae | HTTP GET /api/school-feature-permissions/stats responded 200 in 17.9068 ms
2026-04-22 11:41:38.620 +05:30 [INF] Serilog.AspNetCore.RequestLoggingMiddleware | CorrelationId:d870a4af39ff4b6ca7d9fa6bb38f8167 | HTTP OPTIONS /api/school-feature-permissions/stats responded 204 in 0.0439 ms
2026-04-22 11:41:38.621 +05:30 [INF] Serilog.AspNetCore.RequestLoggingMiddleware | CorrelationId:1e865fa29f964c5ea73497e116f462d9 | HTTP OPTIONS /api/school-feature-permissions/stats responded 204 in 0.0112 ms
2026-04-22 11:41:39.655 +05:30 [INF] Serilog.AspNetCore.RequestLoggingMiddleware | CorrelationId:0021ab5697d646aea6df5a5e4e702709 | HTTP OPTIONS /api/academics/academic-years responded 204 in 0.0585 ms
2026-04-22 11:41:39.661 +05:30 [INF] Serilog.AspNetCore.RequestLoggingMiddleware | CorrelationId:0b31d6a914954e35acd1acf4e694a66d | HTTP OPTIONS /api/academics/academic-years responded 204 in 0.0465 ms
2026-04-22 11:41:39.713 +05:30 [INF] Serilog.AspNetCore.RequestLoggingMiddleware | CorrelationId:4d3676f64e5341c28ca13301b491b1e9 | HTTP GET /api/academics/academic-years responded 401 in 2.0292 ms
2026-04-22 11:41:39.714 +05:30 [INF] Serilog.AspNetCore.RequestLoggingMiddleware | CorrelationId:da15d9dc22d942e59698adeecdccea67 | HTTP GET /api/academics/academic-years responded 401 in 0.1241 ms
2026-04-22 11:41:44.864 +05:30 [INF] Serilog.AspNetCore.RequestLoggingMiddleware | CorrelationId:422ab63f4f9d40a99f0976931a229862 | HTTP OPTIONS /api/auth/login responded 204 in 0.0376 ms
2026-04-22 11:41:44.870 +05:30 [INF] SmsApi.Middleware.LoggingActionFilter | CorrelationId:0af3a8e1685b4bcd8e0df4474b4955bf | API Request: POST /api/auth/login | User: Unknown | School: Unknown
2026-04-22 11:41:45.366 +05:30 [INF] SmsApi.Controllers.AuthController | CorrelationId:0af3a8e1685b4bcd8e0df4474b4955bf | Login successful for admin (SchoolId: "550e8400-e29b-41d4-a716-446655440000")
2026-04-22 11:41:45.368 +05:30 [INF] SmsApi.Middleware.LoggingActionFilter | CorrelationId:0af3a8e1685b4bcd8e0df4474b4955bf | API Response: POST /api/auth/login | Status: 200 | Duration: 497ms
2026-04-22 11:41:45.374 +05:30 [INF] Serilog.AspNetCore.RequestLoggingMiddleware | CorrelationId:0af3a8e1685b4bcd8e0df4474b4955bf | HTTP POST /api/auth/login responded 200 in 506.3812 ms
2026-04-22 11:41:45.422 +05:30 [INF] Serilog.AspNetCore.RequestLoggingMiddleware | CorrelationId:517b97b81d3c449e8f8da499c2f2576d | HTTP OPTIONS /api/settings/school/me responded 204 in 0.0883 ms
2026-04-22 11:41:45.499 +05:30 [INF] Serilog.AspNetCore.RequestLoggingMiddleware | CorrelationId:f29699075b504e5584fad162802b17d1 | HTTP OPTIONS /api/school-feature-permissions/schools/550e8400-e29b-41d4-a716-446655440000 responded 204 in 0.0453 ms
2026-04-22 11:41:45.512 +05:30 [INF] SmsApi.Middleware.LoggingActionFilter | CorrelationId:58378d6386d84e7c96b896d9da14eea4 | API Request: GET /api/settings/school/me | User: Unknown | School: 550e8400-e29b-41d4-a716-446655440000
2026-04-22 11:41:45.515 +05:30 [INF] SmsApi.Middleware.LoggingActionFilter | CorrelationId:51860bff94ee40259b7dde2155f36847 | API Request: GET /api/school-feature-permissions/schools/550e8400-e29b-41d4-a716-446655440000 | User: Unknown | School: 550e8400-e29b-41d4-a716-446655440000
2026-04-22 11:41:45.519 +05:30 [INF] SmsApi.Middleware.LoggingActionFilter | CorrelationId:58378d6386d84e7c96b896d9da14eea4 | API Response: GET /api/settings/school/me | Status: 200 | Duration: 6ms
2026-04-22 11:41:45.566 +05:30 [INF] SmsApi.Middleware.LoggingActionFilter | CorrelationId:51860bff94ee40259b7dde2155f36847 | API Response: GET /api/school-feature-permissions/schools/550e8400-e29b-41d4-a716-446655440000 | Status: 200 | Duration: 50ms
2026-04-22 11:41:45.891 +05:30 [INF] Serilog.AspNetCore.RequestLoggingMiddleware | CorrelationId:58378d6386d84e7c96b896d9da14eea4 | HTTP GET /api/settings/school/me responded 200 in 379.9040 ms
2026-04-22 11:41:45.892 +05:30 [INF] Serilog.AspNetCore.RequestLoggingMiddleware | CorrelationId:51860bff94ee40259b7dde2155f36847 | HTTP GET /api/school-feature-permissions/schools/550e8400-e29b-41d4-a716-446655440000 responded 200 in 378.4395 ms
2026-04-22 11:41:46.561 +05:30 [INF] Serilog.AspNetCore.RequestLoggingMiddleware | CorrelationId:ff9a1c0c477d41d2a79799341b229847 | HTTP OPTIONS /api/academics/academic-years responded 204 in 0.0526 ms
2026-04-22 11:41:46.570 +05:30 [INF] Serilog.AspNetCore.RequestLoggingMiddleware | CorrelationId:a769857220bd4d98a301be3ec7dd77d2 | HTTP OPTIONS /api/academics/academic-years responded 204 in 0.1402 ms
2026-04-22 11:41:46.575 +05:30 [INF] Serilog.AspNetCore.RequestLoggingMiddleware | CorrelationId:1273a85d566d4f55acbb33e3a19ad89d | HTTP OPTIONS /api/school-feature-permissions/schools/550e8400-e29b-41d4-a716-446655440000 responded 204 in 0.0410 ms
2026-04-22 11:41:46.577 +05:30 [INF] Serilog.AspNetCore.RequestLoggingMiddleware | CorrelationId:8a7327063796413eadb991d568548b9c | HTTP OPTIONS /api/settings/school/me responded 204 in 0.0520 ms
2026-04-22 11:41:46.628 +05:30 [INF] SmsApi.Middleware.LoggingActionFilter | CorrelationId:eb7a19e0d60e4cda90042cd438164227 | API Request: GET /api/academics/academic-years | User: Unknown | School: 550e8400-e29b-41d4-a716-446655440000
2026-04-22 11:41:46.648 +05:30 [INF] SmsApi.Middleware.LoggingActionFilter | CorrelationId:7dd024c8acc74388bfe51c9aec1d6322 | API Request: GET /api/academics/academic-years | User: Unknown | School: 550e8400-e29b-41d4-a716-446655440000
2026-04-22 11:41:46.674 +05:30 [INF] SmsApi.Middleware.LoggingActionFilter | CorrelationId:6b6c8dffa83b405a9a9c17422a4d94ce | API Request: GET /api/school-feature-permissions/schools/550e8400-e29b-41d4-a716-446655440000 | User: Unknown | School: 550e8400-e29b-41d4-a716-446655440000
2026-04-22 11:41:46.744 +05:30 [INF] Serilog.AspNetCore.RequestLoggingMiddleware | CorrelationId:800947b5beea40788ac501471e28dd3f | HTTP OPTIONS /api/notifications/unread-count responded 204 in 0.0475 ms
2026-04-22 11:41:46.834 +05:30 [INF] SmsApi.Middleware.LoggingActionFilter | CorrelationId:26accf725b204b269cc3d82d595b2b49 | API Request: GET /api/settings/school/me | User: Unknown | School: 550e8400-e29b-41d4-a716-446655440000
2026-04-22 11:41:46.837 +05:30 [INF] Serilog.AspNetCore.RequestLoggingMiddleware | CorrelationId:486bb52c50c340e295f348955ce621c7 | HTTP OPTIONS /api/analytics/dashboard/summary responded 204 in 0.0391 ms
2026-04-22 11:41:46.848 +05:30 [INF] SmsApi.Middleware.LoggingActionFilter | CorrelationId:eb7a19e0d60e4cda90042cd438164227 | API Response: GET /api/academics/academic-years | Status: 200 | Duration: 219ms
2026-04-22 11:41:46.854 +05:30 [INF] SmsApi.Middleware.LoggingActionFilter | CorrelationId:7dd024c8acc74388bfe51c9aec1d6322 | API Response: GET /api/academics/academic-years | Status: 200 | Duration: 205ms
2026-04-22 11:41:46.863 +05:30 [INF] SmsApi.Middleware.LoggingActionFilter | CorrelationId:6b6c8dffa83b405a9a9c17422a4d94ce | API Response: GET /api/school-feature-permissions/schools/550e8400-e29b-41d4-a716-446655440000 | Status: 200 | Duration: 188ms
2026-04-22 11:41:46.866 +05:30 [INF] Serilog.AspNetCore.RequestLoggingMiddleware | CorrelationId:1f505268f4d74e46b017867a68af3b00 | HTTP OPTIONS /api/analytics/attendance responded 204 in 0.0585 ms
2026-04-22 11:41:46.868 +05:30 [INF] SmsApi.Middleware.LoggingActionFilter | CorrelationId:26accf725b204b269cc3d82d595b2b49 | API Response: GET /api/settings/school/me | Status: 200 | Duration: 33ms
2026-04-22 11:41:46.869 +05:30 [INF] Serilog.AspNetCore.RequestLoggingMiddleware | CorrelationId:7f96529fc36f45c7b2514f9155424d84 | HTTP OPTIONS /api/analytics/dashboard/summary responded 204 in 0.0348 ms
2026-04-22 11:41:46.870 +05:30 [INF] Serilog.AspNetCore.RequestLoggingMiddleware | CorrelationId:eb7a19e0d60e4cda90042cd438164227 | HTTP GET /api/academics/academic-years responded 200 in 246.1933 ms
2026-04-22 11:41:46.872 +05:30 [INF] Serilog.AspNetCore.RequestLoggingMiddleware | CorrelationId:7dd024c8acc74388bfe51c9aec1d6322 | HTTP GET /api/academics/academic-years responded 200 in 224.5287 ms
2026-04-22 11:41:46.874 +05:30 [INF] Serilog.AspNetCore.RequestLoggingMiddleware | CorrelationId:6b6c8dffa83b405a9a9c17422a4d94ce | HTTP GET /api/school-feature-permissions/schools/550e8400-e29b-41d4-a716-446655440000 responded 200 in 200.8422 ms
2026-04-22 11:41:46.877 +05:30 [INF] Serilog.AspNetCore.RequestLoggingMiddleware | CorrelationId:2d4fda72fcd348ebb4d159d1a5f88377 | HTTP OPTIONS /api/analytics/attendance responded 204 in 0.0390 ms
2026-04-22 11:41:46.882 +05:30 [INF] Serilog.AspNetCore.RequestLoggingMiddleware | CorrelationId:26accf725b204b269cc3d82d595b2b49 | HTTP GET /api/settings/school/me responded 200 in 48.9471 ms
2026-04-22 11:41:46.887 +05:30 [INF] SmsApi.Middleware.LoggingActionFilter | CorrelationId:60a7791005af47f2a4f748573e733044 | API Request: GET /api/notifications/unread-count | User: Unknown | School: 550e8400-e29b-41d4-a716-446655440000
2026-04-22 11:41:46.900 +05:30 [INF] SmsApi.Middleware.LoggingActionFilter | CorrelationId:48ad6501b59547a09b16f148652fce3d | API Request: GET /api/analytics/dashboard/summary | User: Unknown | School: 550e8400-e29b-41d4-a716-446655440000
2026-04-22 11:41:46.917 +05:30 [INF] SmsApi.Middleware.LoggingActionFilter | CorrelationId:91fce3fa36674b38ad1fa8c1d265c400 | API Request: GET /api/analytics/attendance | User: Unknown | School: 550e8400-e29b-41d4-a716-446655440000
2026-04-22 11:41:46.927 +05:30 [INF] SmsApi.Middleware.LoggingActionFilter | CorrelationId:674a38db31c14ce880e32f3ac4bc6749 | API Request: GET /api/analytics/dashboard/summary | User: Unknown | School: 550e8400-e29b-41d4-a716-446655440000
2026-04-22 11:41:46.930 +05:30 [INF] SmsApi.Middleware.LoggingActionFilter | CorrelationId:bd12f66685224834bdc9c462ac184581 | API Request: GET /api/analytics/attendance | User: Unknown | School: 550e8400-e29b-41d4-a716-446655440000
2026-04-22 11:41:46.935 +05:30 [INF] SmsApi.Middleware.LoggingActionFilter | CorrelationId:60a7791005af47f2a4f748573e733044 | API Response: GET /api/notifications/unread-count | Status: 200 | Duration: 47ms
2026-04-22 11:41:46.960 +05:30 [INF] SmsApi.Middleware.LoggingActionFilter | CorrelationId:91fce3fa36674b38ad1fa8c1d265c400 | API Response: GET /api/analytics/attendance | Status: 200 | Duration: 42ms
2026-04-22 11:41:46.973 +05:30 [INF] Serilog.AspNetCore.RequestLoggingMiddleware | CorrelationId:60a7791005af47f2a4f748573e733044 | HTTP GET /api/notifications/unread-count responded 200 in 86.1487 ms
2026-04-22 11:41:46.975 +05:30 [INF] SmsApi.Middleware.LoggingActionFilter | CorrelationId:bd12f66685224834bdc9c462ac184581 | API Response: GET /api/analytics/attendance | Status: 200 | Duration: 44ms
2026-04-22 11:41:46.983 +05:30 [INF] Serilog.AspNetCore.RequestLoggingMiddleware | CorrelationId:bd12f66685224834bdc9c462ac184581 | HTTP GET /api/analytics/attendance responded 200 in 55.1245 ms
2026-04-22 11:41:46.977 +05:30 [INF] Serilog.AspNetCore.RequestLoggingMiddleware | CorrelationId:91fce3fa36674b38ad1fa8c1d265c400 | HTTP GET /api/analytics/attendance responded 200 in 62.9660 ms
2026-04-22 11:41:46.975 +05:30 [INF] SmsApi.Middleware.LoggingActionFilter | CorrelationId:48ad6501b59547a09b16f148652fce3d | API Response: GET /api/analytics/dashboard/summary | Status: 200 | Duration: 74ms
2026-04-22 11:41:46.998 +05:30 [INF] Serilog.AspNetCore.RequestLoggingMiddleware | CorrelationId:48ad6501b59547a09b16f148652fce3d | HTTP GET /api/analytics/dashboard/summary responded 200 in 103.6206 ms
2026-04-22 11:41:46.989 +05:30 [INF] SmsApi.Middleware.LoggingActionFilter | CorrelationId:674a38db31c14ce880e32f3ac4bc6749 | API Response: GET /api/analytics/dashboard/summary | Status: 200 | Duration: 61ms
2026-04-22 11:41:47.003 +05:30 [INF] Serilog.AspNetCore.RequestLoggingMiddleware | CorrelationId:674a38db31c14ce880e32f3ac4bc6749 | HTTP GET /api/analytics/dashboard/summary responded 200 in 86.0275 ms
2026-04-22 11:41:52.155 +05:30 [INF] Serilog.AspNetCore.RequestLoggingMiddleware | CorrelationId:ee39e409ab8b49aeb4aa8908f8f59e56 | HTTP OPTIONS /api/students responded 204 in 0.0504 ms
2026-04-22 11:41:52.155 +05:30 [INF] Serilog.AspNetCore.RequestLoggingMiddleware | CorrelationId:078c3043acd24a2fb456102dd110fe6d | HTTP OPTIONS /api/students responded 204 in 0.0159 ms
2026-04-22 11:41:52.201 +05:30 [INF] SmsApi.Middleware.LoggingActionFilter | CorrelationId:c1229c305e6f47818fe78fc4ce4c2986 | API Request: GET /api/students | User: Unknown | School: 550e8400-e29b-41d4-a716-446655440000
2026-04-22 11:41:52.208 +05:30 [INF] SmsApi.Middleware.LoggingActionFilter | CorrelationId:cd1ddda09fb64dcc996ca90e5d7c7634 | API Request: GET /api/students | User: Unknown | School: 550e8400-e29b-41d4-a716-446655440000
2026-04-22 11:41:52.243 +05:30 [INF] SmsApi.Middleware.LoggingActionFilter | CorrelationId:cd1ddda09fb64dcc996ca90e5d7c7634 | API Response: GET /api/students | Status: 200 | Duration: 35ms
2026-04-22 11:41:52.243 +05:30 [INF] SmsApi.Middleware.LoggingActionFilter | CorrelationId:c1229c305e6f47818fe78fc4ce4c2986 | API Response: GET /api/students | Status: 200 | Duration: 41ms
2026-04-22 11:41:52.249 +05:30 [INF] Serilog.AspNetCore.RequestLoggingMiddleware | CorrelationId:c1229c305e6f47818fe78fc4ce4c2986 | HTTP GET /api/students responded 200 in 50.4029 ms
2026-04-22 11:41:52.248 +05:30 [INF] Serilog.AspNetCore.RequestLoggingMiddleware | CorrelationId:cd1ddda09fb64dcc996ca90e5d7c7634 | HTTP GET /api/students responded 200 in 46.3925 ms
2026-04-22 11:41:57.145 +05:30 [INF] Serilog.AspNetCore.RequestLoggingMiddleware | CorrelationId:3e59b95dcb5c4025a0221a963e415e5b | HTTP OPTIONS /api/staff responded 204 in 0.0614 ms
2026-04-22 11:41:57.146 +05:30 [INF] Serilog.AspNetCore.RequestLoggingMiddleware | CorrelationId:814fdfb8777b4f5f8849dbaf6052dbed | HTTP OPTIONS /api/staff responded 204 in 0.0084 ms
2026-04-22 11:41:57.190 +05:30 [INF] SmsApi.Middleware.LoggingActionFilter | CorrelationId:e12be586ecba468b85379b9085b717a6 | API Request: GET /api/staff | User: Unknown | School: 550e8400-e29b-41d4-a716-446655440000
2026-04-22 11:41:57.201 +05:30 [INF] SmsApi.Middleware.LoggingActionFilter | CorrelationId:a326d9fd99b145b3aa63232296f871a5 | API Request: GET /api/staff | User: Unknown | School: 550e8400-e29b-41d4-a716-446655440000
2026-04-22 11:41:57.242 +05:30 [INF] SmsApi.Middleware.LoggingActionFilter | CorrelationId:a326d9fd99b145b3aa63232296f871a5 | API Response: GET /api/staff | Status: 200 | Duration: 41ms
2026-04-22 11:41:57.250 +05:30 [INF] SmsApi.Middleware.LoggingActionFilter | CorrelationId:e12be586ecba468b85379b9085b717a6 | API Response: GET /api/staff | Status: 200 | Duration: 60ms
2026-04-22 11:41:57.259 +05:30 [INF] Serilog.AspNetCore.RequestLoggingMiddleware | CorrelationId:a326d9fd99b145b3aa63232296f871a5 | HTTP GET /api/staff responded 200 in 60.6048 ms
2026-04-22 11:41:57.259 +05:30 [INF] Serilog.AspNetCore.RequestLoggingMiddleware | CorrelationId:e12be586ecba468b85379b9085b717a6 | HTTP GET /api/staff responded 200 in 107.6928 ms
2026-04-22 11:41:59.267 +05:30 [INF] Serilog.AspNetCore.RequestLoggingMiddleware | CorrelationId:5cfacad69f814dc08256174a4bd95d44 | HTTP OPTIONS /api/students responded 204 in 0.0140 ms
2026-04-22 11:41:59.267 +05:30 [INF] Serilog.AspNetCore.RequestLoggingMiddleware | CorrelationId:671f91be097d45ebb4d19a3a46db6faa | HTTP OPTIONS /api/students responded 204 in 0.0893 ms
2026-04-22 11:41:59.275 +05:30 [INF] SmsApi.Middleware.LoggingActionFilter | CorrelationId:29912a219d37482c90803e13ecb66cc7 | API Request: GET /api/students | User: Unknown | School: 550e8400-e29b-41d4-a716-446655440000
2026-04-22 11:41:59.277 +05:30 [INF] SmsApi.Middleware.LoggingActionFilter | CorrelationId:c5a1d600965445ac8422246e69ed37dc | API Request: GET /api/students | User: Unknown | School: 550e8400-e29b-41d4-a716-446655440000
2026-04-22 11:41:59.286 +05:30 [INF] SmsApi.Middleware.LoggingActionFilter | CorrelationId:c5a1d600965445ac8422246e69ed37dc | API Response: GET /api/students | Status: 200 | Duration: 8ms
2026-04-22 11:41:59.286 +05:30 [INF] SmsApi.Middleware.LoggingActionFilter | CorrelationId:29912a219d37482c90803e13ecb66cc7 | API Response: GET /api/students | Status: 200 | Duration: 10ms
2026-04-22 11:41:59.303 +05:30 [INF] Serilog.AspNetCore.RequestLoggingMiddleware | CorrelationId:29912a219d37482c90803e13ecb66cc7 | HTTP GET /api/students responded 200 in 31.0530 ms
2026-04-22 11:41:59.302 +05:30 [INF] Serilog.AspNetCore.RequestLoggingMiddleware | CorrelationId:c5a1d600965445ac8422246e69ed37dc | HTTP GET /api/students responded 200 in 27.8340 ms
2026-04-22 11:42:01.015 +05:30 [INF] Serilog.AspNetCore.RequestLoggingMiddleware | CorrelationId:2a53b20506504401ae49ff91fdaaa201 | HTTP OPTIONS /api/academics/academic-years responded 204 in 0.1140 ms
2026-04-22 11:42:01.017 +05:30 [INF] Serilog.AspNetCore.RequestLoggingMiddleware | CorrelationId:9d157163943743aaa1cccb3c2535d7b0 | HTTP OPTIONS /api/academics/academic-years responded 204 in 0.0389 ms
2026-04-22 11:42:01.017 +05:30 [INF] Serilog.AspNetCore.RequestLoggingMiddleware | CorrelationId:08c8694ad55942afba5d284e06b8a71e | HTTP OPTIONS /api/academics/classes responded 204 in 0.0093 ms
2026-04-22 11:42:01.017 +05:30 [INF] Serilog.AspNetCore.RequestLoggingMiddleware | CorrelationId:f941156ede3247279f106c7e467fd698 | HTTP OPTIONS /api/academics/subjects responded 204 in 0.0070 ms
2026-04-22 11:42:01.018 +05:30 [INF] Serilog.AspNetCore.RequestLoggingMiddleware | CorrelationId:36f5295a642847bea706256d0061cff6 | HTTP OPTIONS /api/academics/academic-years responded 204 in 0.0133 ms
2026-04-22 11:42:01.018 +05:30 [INF] Serilog.AspNetCore.RequestLoggingMiddleware | CorrelationId:1f473873a4f54da6b1bde1b709a8e1a1 | HTTP OPTIONS /api/academics/academic-years responded 204 in 0.0059 ms
2026-04-22 11:42:01.060 +05:30 [INF] SmsApi.Middleware.LoggingActionFilter | CorrelationId:7192d77ad60b4c31ac3d6c580771372e | API Request: GET /api/academics/classes | User: Unknown | School: 550e8400-e29b-41d4-a716-446655440000
2026-04-22 11:42:01.048 +05:30 [INF] Serilog.AspNetCore.RequestLoggingMiddleware | CorrelationId:77bd3059ef404829be4ae4c7c3c0f0de | HTTP OPTIONS /api/academics/subjects responded 204 in 0.0480 ms
2026-04-22 11:42:01.056 +05:30 [INF] SmsApi.Middleware.LoggingActionFilter | CorrelationId:7ec5de07096148be9c6271a0d5f0185f | API Request: GET /api/academics/academic-years | User: Unknown | School: 550e8400-e29b-41d4-a716-446655440000
2026-04-22 11:42:01.058 +05:30 [INF] SmsApi.Middleware.LoggingActionFilter | CorrelationId:700c722a837149beba49f463f6eaeb1b | API Request: GET /api/academics/academic-years | User: Unknown | School: 550e8400-e29b-41d4-a716-446655440000
2026-04-22 11:42:01.045 +05:30 [INF] Serilog.AspNetCore.RequestLoggingMiddleware | CorrelationId:f48737ec92834124b0c108aa8ba13597 | HTTP OPTIONS /api/academics/classes responded 204 in 0.0350 ms
2026-04-22 11:42:01.063 +05:30 [INF] SmsApi.Middleware.LoggingActionFilter | CorrelationId:2daef66c04b940d0a4571d5133c675fb | API Request: GET /api/academics/subjects | User: Unknown | School: 550e8400-e29b-41d4-a716-446655440000
2026-04-22 11:42:01.073 +05:30 [INF] SmsApi.Middleware.LoggingActionFilter | CorrelationId:a9363ebceaf541d89999327bbd81c5d4 | API Request: GET /api/academics/academic-years | User: Unknown | School: 550e8400-e29b-41d4-a716-446655440000
2026-04-22 11:42:01.076 +05:30 [INF] SmsApi.Middleware.LoggingActionFilter | CorrelationId:7ec5de07096148be9c6271a0d5f0185f | API Response: GET /api/academics/academic-years | Status: 200 | Duration: 19ms
2026-04-22 11:42:01.083 +05:30 [INF] SmsApi.Middleware.LoggingActionFilter | CorrelationId:700c722a837149beba49f463f6eaeb1b | API Response: GET /api/academics/academic-years | Status: 200 | Duration: 25ms
2026-04-22 11:42:01.092 +05:30 [INF] SmsApi.Middleware.LoggingActionFilter | CorrelationId:96d95de8ee5f41eaa78cc67ddc840cdc | API Request: GET /api/academics/academic-years | User: Unknown | School: 550e8400-e29b-41d4-a716-446655440000
2026-04-22 11:42:01.092 +05:30 [INF] SmsApi.Middleware.LoggingActionFilter | CorrelationId:7192d77ad60b4c31ac3d6c580771372e | API Response: GET /api/academics/classes | Status: 200 | Duration: 32ms
2026-04-22 11:42:01.093 +05:30 [INF] Serilog.AspNetCore.RequestLoggingMiddleware | CorrelationId:7ec5de07096148be9c6271a0d5f0185f | HTTP GET /api/academics/academic-years responded 200 in 37.9466 ms
2026-04-22 11:42:01.093 +05:30 [INF] SmsApi.Middleware.LoggingActionFilter | CorrelationId:a9363ebceaf541d89999327bbd81c5d4 | API Response: GET /api/academics/academic-years | Status: 200 | Duration: 20ms
2026-04-22 11:42:01.119 +05:30 [INF] Serilog.AspNetCore.RequestLoggingMiddleware | CorrelationId:a9363ebceaf541d89999327bbd81c5d4 | HTTP GET /api/academics/academic-years responded 200 in 46.0600 ms
2026-04-22 11:42:01.103 +05:30 [INF] SmsApi.Middleware.LoggingActionFilter | CorrelationId:2daef66c04b940d0a4571d5133c675fb | API Response: GET /api/academics/subjects | Status: 200 | Duration: 39ms
2026-04-22 11:42:01.106 +05:30 [INF] SmsApi.Middleware.LoggingActionFilter | CorrelationId:96d95de8ee5f41eaa78cc67ddc840cdc | API Response: GET /api/academics/academic-years | Status: 200 | Duration: 14ms
2026-04-22 11:42:01.108 +05:30 [INF] Serilog.AspNetCore.RequestLoggingMiddleware | CorrelationId:7192d77ad60b4c31ac3d6c580771372e | HTTP GET /api/academics/classes responded 200 in 48.1234 ms
2026-04-22 11:42:01.097 +05:30 [INF] Serilog.AspNetCore.RequestLoggingMiddleware | CorrelationId:700c722a837149beba49f463f6eaeb1b | HTTP GET /api/academics/academic-years responded 200 in 39.6699 ms
2026-04-22 11:42:01.127 +05:30 [INF] SmsApi.Middleware.LoggingActionFilter | CorrelationId:6885712860dc46eea540b582bbef7292 | API Request: GET /api/academics/subjects | User: Unknown | School: 550e8400-e29b-41d4-a716-446655440000
2026-04-22 11:42:01.126 +05:30 [INF] SmsApi.Middleware.LoggingActionFilter | CorrelationId:604cc31f802d4298a3fb141429e5dc80 | API Request: GET /api/academics/classes | User: Unknown | School: 550e8400-e29b-41d4-a716-446655440000
2026-04-22 11:42:01.128 +05:30 [INF] Serilog.AspNetCore.RequestLoggingMiddleware | CorrelationId:2daef66c04b940d0a4571d5133c675fb | HTTP GET /api/academics/subjects responded 200 in 65.4457 ms
2026-04-22 11:42:01.129 +05:30 [INF] Serilog.AspNetCore.RequestLoggingMiddleware | CorrelationId:96d95de8ee5f41eaa78cc67ddc840cdc | HTTP GET /api/academics/academic-years responded 200 in 37.9068 ms
2026-04-22 11:42:01.151 +05:30 [INF] SmsApi.Middleware.LoggingActionFilter | CorrelationId:6885712860dc46eea540b582bbef7292 | API Response: GET /api/academics/subjects | Status: 200 | Duration: 23ms
2026-04-22 11:42:01.160 +05:30 [INF] Serilog.AspNetCore.RequestLoggingMiddleware | CorrelationId:6885712860dc46eea540b582bbef7292 | HTTP GET /api/academics/subjects responded 200 in 42.8400 ms
2026-04-22 11:42:01.171 +05:30 [INF] SmsApi.Middleware.LoggingActionFilter | CorrelationId:604cc31f802d4298a3fb141429e5dc80 | API Response: GET /api/academics/classes | Status: 200 | Duration: 44ms
2026-04-22 11:42:01.180 +05:30 [INF] Serilog.AspNetCore.RequestLoggingMiddleware | CorrelationId:604cc31f802d4298a3fb141429e5dc80 | HTTP GET /api/academics/classes responded 200 in 54.3767 ms
2026-04-22 11:45:27.842 +05:30 [INF] Serilog.AspNetCore.RequestLoggingMiddleware | CorrelationId:3179347346a84cdb8b35652bc23ee022 | HTTP OPTIONS /api/notifications/unread-count responded 204 in 0.1939 ms
2026-04-22 11:45:27.860 +05:30 [INF] SmsApi.Middleware.LoggingActionFilter | CorrelationId:03cf830ef630412cb43c4e9961208055 | API Request: GET /api/notifications/unread-count | User: Unknown | School: 550e8400-e29b-41d4-a716-446655440000
2026-04-22 11:45:27.871 +05:30 [INF] SmsApi.Middleware.LoggingActionFilter | CorrelationId:03cf830ef630412cb43c4e9961208055 | API Response: GET /api/notifications/unread-count | Status: 200 | Duration: 10ms
2026-04-22 11:45:27.878 +05:30 [INF] Serilog.AspNetCore.RequestLoggingMiddleware | CorrelationId:03cf830ef630412cb43c4e9961208055 | HTTP GET /api/notifications/unread-count responded 200 in 20.0123 ms
2026-04-22 11:51:13.278 +05:30 [INF] Serilog.AspNetCore.RequestLoggingMiddleware | CorrelationId:1f6603a10ed54fbaa652cf19c7944ffc | HTTP OPTIONS /api/notifications/unread-count responded 204 in 0.3122 ms
2026-04-22 11:51:13.293 +05:30 [INF] SmsApi.Middleware.LoggingActionFilter | CorrelationId:428c3d9b86a5405ba80858d052cc88f8 | API Request: GET /api/notifications/unread-count | User: Unknown | School: 550e8400-e29b-41d4-a716-446655440000
2026-04-22 11:51:13.379 +05:30 [INF] SmsApi.Middleware.LoggingActionFilter | CorrelationId:428c3d9b86a5405ba80858d052cc88f8 | API Response: GET /api/notifications/unread-count | Status: 200 | Duration: 85ms
2026-04-22 11:51:13.381 +05:30 [INF] Serilog.AspNetCore.RequestLoggingMiddleware | CorrelationId:428c3d9b86a5405ba80858d052cc88f8 | HTTP GET /api/notifications/unread-count responded 200 in 90.8552 ms
2026-04-22 11:57:15.034 +05:30 [INF] Serilog.AspNetCore.RequestLoggingMiddleware | CorrelationId:1f30f6747cd347248a15e18e1b234918 | HTTP OPTIONS /api/notifications/unread-count responded 204 in 0.3080 ms
2026-04-22 11:57:15.039 +05:30 [INF] SmsApi.Middleware.LoggingActionFilter | CorrelationId:44186c0384af48cfbabb1309371c3339 | API Request: GET /api/notifications/unread-count | User: Unknown | School: 550e8400-e29b-41d4-a716-446655440000
2026-04-22 11:57:15.153 +05:30 [INF] SmsApi.Middleware.LoggingActionFilter | CorrelationId:44186c0384af48cfbabb1309371c3339 | API Response: GET /api/notifications/unread-count | Status: 200 | Duration: 114ms
2026-04-22 11:57:15.157 +05:30 [INF] Serilog.AspNetCore.RequestLoggingMiddleware | CorrelationId:44186c0384af48cfbabb1309371c3339 | HTTP GET /api/notifications/unread-count responded 200 in 120.0440 ms
2026-04-22 12:33:47.090 +05:30 [INF] Serilog.AspNetCore.RequestLoggingMiddleware | CorrelationId:617709b078c14cc2a975fc3b9b4a931f | HTTP OPTIONS /api/notifications/unread-count responded 204 in 0.5943 ms
2026-04-22 12:33:47.106 +05:30 [INF] SmsApi.Middleware.LoggingActionFilter | CorrelationId:ed103e42afa3499fb1a91a99fa00d5e7 | API Request: GET /api/notifications/unread-count | User: Unknown | School: 550e8400-e29b-41d4-a716-446655440000
2026-04-22 12:33:47.233 +05:30 [INF] SmsApi.Middleware.LoggingActionFilter | CorrelationId:ed103e42afa3499fb1a91a99fa00d5e7 | API Response: GET /api/notifications/unread-count | Status: 200 | Duration: 127ms
2026-04-22 12:33:47.238 +05:30 [INF] Serilog.AspNetCore.RequestLoggingMiddleware | CorrelationId:ed103e42afa3499fb1a91a99fa00d5e7 | HTTP GET /api/notifications/unread-count responded 200 in 138.5903 ms
2026-04-22 12:41:54.928 +05:30 [INF] Serilog.AspNetCore.RequestLoggingMiddleware | CorrelationId:baa97e46a2144a0e8090fc8443a79fa6 | HTTP OPTIONS /api/academics/academic-years responded 204 in 0.3551 ms
2026-04-22 12:41:54.929 +05:30 [INF] Serilog.AspNetCore.RequestLoggingMiddleware | CorrelationId:9441248c10e54b2c8199b98fe785df35 | HTTP OPTIONS /api/academics/academic-years responded 204 in 0.0217 ms
2026-04-22 12:41:54.946 +05:30 [INF] Serilog.AspNetCore.RequestLoggingMiddleware | CorrelationId:3983407856b34975849b4d8285d60099 | HTTP GET /api/academics/academic-years responded 401 in 7.1970 ms
2026-04-22 12:41:54.946 +05:30 [INF] Serilog.AspNetCore.RequestLoggingMiddleware | CorrelationId:e038e8910f754e479995fb8ab7ff0a78 | HTTP GET /api/academics/academic-years responded 401 in 10.7427 ms
