2026-04-21 18:46:58.285 +05:30 [INF]  | CorrelationId: | Using distributed in-memory cache (development only)
2026-04-21 18:47:02.059 +05:30 [WRN] Microsoft.EntityFrameworkCore.Model.Validation | CorrelationId: | Entity 'Staff' has a global query filter defined and is the required end of a relationship with the entity 'Certificate'. This may lead to unexpected results when the required entity is filtered out. Either configure the navigation as optional, or define matching query filters for both entities in the navigation. See https://go.microsoft.com/fwlink/?linkid=2131316 for more information.
2026-04-21 18:47:02.068 +05:30 [WRN] Microsoft.EntityFrameworkCore.Model.Validation | CorrelationId: | Entity 'School' has a global query filter defined and is the required end of a relationship with the entity 'CertificateTemplate'. This may lead to unexpected results when the required entity is filtered out. Either configure the navigation as optional, or define matching query filters for both entities in the navigation. See https://go.microsoft.com/fwlink/?linkid=2131316 for more information.
2026-04-21 18:47:02.072 +05:30 [WRN] Microsoft.EntityFrameworkCore.Model.Validation | CorrelationId: | Entity 'School' has a global query filter defined and is the required end of a relationship with the entity 'Document'. This may lead to unexpected results when the required entity is filtered out. Either configure the navigation as optional, or define matching query filters for both entities in the navigation. See https://go.microsoft.com/fwlink/?linkid=2131316 for more information.
2026-04-21 18:47:02.075 +05:30 [WRN] Microsoft.EntityFrameworkCore.Model.Validation | CorrelationId: | Entity 'School' has a global query filter defined and is the required end of a relationship with the entity 'DocumentCategory'. This may lead to unexpected results when the required entity is filtered out. Either configure the navigation as optional, or define matching query filters for both entities in the navigation. See https://go.microsoft.com/fwlink/?linkid=2131316 for more information.
2026-04-21 18:47:02.078 +05:30 [WRN] Microsoft.EntityFrameworkCore.Model.Validation | CorrelationId: | Entity 'School' has a global query filter defined and is the required end of a relationship with the entity 'FeeAuditLog'. This may lead to unexpected results when the required entity is filtered out. Either configure the navigation as optional, or define matching query filters for both entities in the navigation. See https://go.microsoft.com/fwlink/?linkid=2131316 for more information.
2026-04-21 18:47:02.093 +05:30 [WRN] Microsoft.EntityFrameworkCore.Model.Validation | CorrelationId: | Entity 'School' has a global query filter defined and is the required end of a relationship with the entity 'Holiday'. This may lead to unexpected results when the required entity is filtered out. Either configure the navigation as optional, or define matching query filters for both entities in the navigation. See https://go.microsoft.com/fwlink/?linkid=2131316 for more information.
2026-04-21 18:47:02.101 +05:30 [WRN] Microsoft.EntityFrameworkCore.Model.Validation | CorrelationId: | Entity 'School' has a global query filter defined and is the required end of a relationship with the entity 'IDCard'. This may lead to unexpected results when the required entity is filtered out. Either configure the navigation as optional, or define matching query filters for both entities in the navigation. See https://go.microsoft.com/fwlink/?linkid=2131316 for more information.
2026-04-21 18:47:02.110 +05:30 [WRN] Microsoft.EntityFrameworkCore.Model.Validation | CorrelationId: | Entity 'School' has a global query filter defined and is the required end of a relationship with the entity 'IDCardTemplate'. This may lead to unexpected results when the required entity is filtered out. Either configure the navigation as optional, or define matching query filters for both entities in the navigation. See https://go.microsoft.com/fwlink/?linkid=2131316 for more information.
2026-04-21 18:47:02.120 +05:30 [WRN] Microsoft.EntityFrameworkCore.Model.Validation | CorrelationId: | Entity 'UserLogin' has a global query filter defined and is the required end of a relationship with the entity 'PasswordResetToken'. This may lead to unexpected results when the required entity is filtered out. Either configure the navigation as optional, or define matching query filters for both entities in the navigation. See https://go.microsoft.com/fwlink/?linkid=2131316 for more information.
2026-04-21 18:47:02.123 +05:30 [WRN] Microsoft.EntityFrameworkCore.Model.Validation | CorrelationId: | Entity 'School' has a global query filter defined and is the required end of a relationship with the entity 'PromotionHistory'. This may lead to unexpected results when the required entity is filtered out. Either configure the navigation as optional, or define matching query filters for both entities in the navigation. See https://go.microsoft.com/fwlink/?linkid=2131316 for more information.
2026-04-21 18:47:02.217 +05:30 [WRN] Microsoft.EntityFrameworkCore.Model.Validation | CorrelationId: | The foreign key property 'Staff.ReportingToId1' was created in shadow state because a conflicting property with the simple name 'ReportingToId' exists in the entity type, but is either not mapped, is already used for another relationship, or is incompatible with the associated primary key type. See https://aka.ms/efcore-relationships for information on mapping relationships in EF Core.
2026-04-21 18:47:03.677 +05:30 [INF] Program | CorrelationId: | Database migrations applied successfully.
2026-04-21 18:47:04.774 +05:30 [INF] Microsoft.Hosting.Lifetime | CorrelationId: | Now listening on: http://localhost:5092
2026-04-21 18:47:04.775 +05:30 [INF] Microsoft.Hosting.Lifetime | CorrelationId: | Application started. Press Ctrl+C to shut down.
2026-04-21 18:47:04.776 +05:30 [INF] Microsoft.Hosting.Lifetime | CorrelationId: | Hosting environment: Development
2026-04-21 18:47:04.777 +05:30 [INF] Microsoft.Hosting.Lifetime | CorrelationId: | Content root path: C:\Vitana\Vitana Group\sms-api
2026-04-21 18:54:13.650 +05:30 [INF]  | CorrelationId: | Using distributed in-memory cache (development only)
2026-04-21 18:54:16.184 +05:30 [WRN] Microsoft.EntityFrameworkCore.Model.Validation | CorrelationId: | Entity 'Staff' has a global query filter defined and is the required end of a relationship with the entity 'Certificate'. This may lead to unexpected results when the required entity is filtered out. Either configure the navigation as optional, or define matching query filters for both entities in the navigation. See https://go.microsoft.com/fwlink/?linkid=2131316 for more information.
2026-04-21 18:54:16.190 +05:30 [WRN] Microsoft.EntityFrameworkCore.Model.Validation | CorrelationId: | Entity 'School' has a global query filter defined and is the required end of a relationship with the entity 'CertificateTemplate'. This may lead to unexpected results when the required entity is filtered out. Either configure the navigation as optional, or define matching query filters for both entities in the navigation. See https://go.microsoft.com/fwlink/?linkid=2131316 for more information.
2026-04-21 18:54:16.195 +05:30 [WRN] Microsoft.EntityFrameworkCore.Model.Validation | CorrelationId: | Entity 'School' has a global query filter defined and is the required end of a relationship with the entity 'Document'. This may lead to unexpected results when the required entity is filtered out. Either configure the navigation as optional, or define matching query filters for both entities in the navigation. See https://go.microsoft.com/fwlink/?linkid=2131316 for more information.
2026-04-21 18:54:16.198 +05:30 [WRN] Microsoft.EntityFrameworkCore.Model.Validation | CorrelationId: | Entity 'School' has a global query filter defined and is the required end of a relationship with the entity 'DocumentCategory'. This may lead to unexpected results when the required entity is filtered out. Either configure the navigation as optional, or define matching query filters for both entities in the navigation. See https://go.microsoft.com/fwlink/?linkid=2131316 for more information.
2026-04-21 18:54:16.201 +05:30 [WRN] Microsoft.EntityFrameworkCore.Model.Validation | CorrelationId: | Entity 'School' has a global query filter defined and is the required end of a relationship with the entity 'FeeAuditLog'. This may lead to unexpected results when the required entity is filtered out. Either configure the navigation as optional, or define matching query filters for both entities in the navigation. See https://go.microsoft.com/fwlink/?linkid=2131316 for more information.
2026-04-21 18:54:16.205 +05:30 [WRN] Microsoft.EntityFrameworkCore.Model.Validation | CorrelationId: | Entity 'School' has a global query filter defined and is the required end of a relationship with the entity 'Holiday'. This may lead to unexpected results when the required entity is filtered out. Either configure the navigation as optional, or define matching query filters for both entities in the navigation. See https://go.microsoft.com/fwlink/?linkid=2131316 for more information.
2026-04-21 18:54:16.207 +05:30 [WRN] Microsoft.EntityFrameworkCore.Model.Validation | CorrelationId: | Entity 'School' has a global query filter defined and is the required end of a relationship with the entity 'IDCard'. This may lead to unexpected results when the required entity is filtered out. Either configure the navigation as optional, or define matching query filters for both entities in the navigation. See https://go.microsoft.com/fwlink/?linkid=2131316 for more information.
2026-04-21 18:54:16.211 +05:30 [WRN] Microsoft.EntityFrameworkCore.Model.Validation | CorrelationId: | Entity 'School' has a global query filter defined and is the required end of a relationship with the entity 'IDCardTemplate'. This may lead to unexpected results when the required entity is filtered out. Either configure the navigation as optional, or define matching query filters for both entities in the navigation. See https://go.microsoft.com/fwlink/?linkid=2131316 for more information.
2026-04-21 18:54:16.219 +05:30 [WRN] Microsoft.EntityFrameworkCore.Model.Validation | CorrelationId: | Entity 'UserLogin' has a global query filter defined and is the required end of a relationship with the entity 'PasswordResetToken'. This may lead to unexpected results when the required entity is filtered out. Either configure the navigation as optional, or define matching query filters for both entities in the navigation. See https://go.microsoft.com/fwlink/?linkid=2131316 for more information.
2026-04-21 18:54:16.224 +05:30 [WRN] Microsoft.EntityFrameworkCore.Model.Validation | CorrelationId: | Entity 'School' has a global query filter defined and is the required end of a relationship with the entity 'PromotionHistory'. This may lead to unexpected results when the required entity is filtered out. Either configure the navigation as optional, or define matching query filters for both entities in the navigation. See https://go.microsoft.com/fwlink/?linkid=2131316 for more information.
2026-04-21 18:54:16.317 +05:30 [WRN] Microsoft.EntityFrameworkCore.Model.Validation | CorrelationId: | The foreign key property 'Staff.ReportingToId1' was created in shadow state because a conflicting property with the simple name 'ReportingToId' exists in the entity type, but is either not mapped, is already used for another relationship, or is incompatible with the associated primary key type. See https://aka.ms/efcore-relationships for information on mapping relationships in EF Core.
2026-04-21 18:54:17.472 +05:30 [INF] Program | CorrelationId: | Database migrations applied successfully.
2026-04-21 18:54:18.225 +05:30 [INF] Microsoft.Hosting.Lifetime | CorrelationId: | Now listening on: http://localhost:5092
2026-04-21 18:54:18.226 +05:30 [INF] Microsoft.Hosting.Lifetime | CorrelationId: | Application started. Press Ctrl+C to shut down.
2026-04-21 18:54:18.228 +05:30 [INF] Microsoft.Hosting.Lifetime | CorrelationId: | Hosting environment: Development
2026-04-21 18:54:18.229 +05:30 [INF] Microsoft.Hosting.Lifetime | CorrelationId: | Content root path: C:\Vitana\Vitana Group\sms-api
2026-04-21 22:00:01.812 +05:30 [INF] Serilog.AspNetCore.RequestLoggingMiddleware | CorrelationId:e410bb7748694d4aad2eeae2b54e1c0f | HTTP OPTIONS /api/academics/academic-years responded 204 in 199.4416 ms
2026-04-21 22:00:01.812 +05:30 [INF] Serilog.AspNetCore.RequestLoggingMiddleware | CorrelationId:40abfa9bf07c44a59caf841c81c6d34e | HTTP OPTIONS /api/academics/academic-years responded 204 in 193.9996 ms
2026-04-21 22:00:02.446 +05:30 [WRN] Microsoft.AspNetCore.HttpsPolicy.HttpsRedirectionMiddleware | CorrelationId:e4defba9804d421aa66f1fb736496269 | Failed to determine the https port for redirect.
2026-04-21 22:00:03.900 +05:30 [INF] Serilog.AspNetCore.RequestLoggingMiddleware | CorrelationId:e4defba9804d421aa66f1fb736496269 | HTTP GET /api/academics/academic-years responded 401 in 1494.7548 ms
2026-04-21 22:00:03.906 +05:30 [INF] Serilog.AspNetCore.RequestLoggingMiddleware | CorrelationId:948657de2c5944d28f0a2b1977896aab | HTTP GET /api/academics/academic-years responded 401 in 1509.8273 ms
2026-04-21 22:00:03.967 +05:30 [WRN] SmsApi.Infrastructure.Performance.PerformanceMonitoringMiddleware | CorrelationId: | Slow request: GET /api/academics/academic-years took 1556ms — status 401.
2026-04-21 22:00:04.002 +05:30 [WRN] SmsApi.Infrastructure.Performance.PerformanceMonitoringMiddleware | CorrelationId: | Slow request: GET /api/academics/academic-years took 1607ms — status 401.
2026-04-21 22:00:08.509 +05:30 [INF] Serilog.AspNetCore.RequestLoggingMiddleware | CorrelationId:9ad0a42276924acea0ff3c7313285f73 | HTTP OPTIONS /api/academics/academic-years responded 204 in 160.4728 ms
2026-04-21 22:00:08.868 +05:30 [INF] Serilog.AspNetCore.RequestLoggingMiddleware | CorrelationId:10faf20605e640738eec575cf41098ca | HTTP OPTIONS /api/academics/academic-years responded 204 in 0.3344 ms
2026-04-21 22:00:09.971 +05:30 [WRN] SmsApi.Infrastructure.Performance.PerformanceMonitoringMiddleware | CorrelationId: | Slow request: OPTIONS /api/academics/academic-years took 1627ms — status 204.
2026-04-21 22:00:09.994 +05:30 [WRN] SmsApi.Infrastructure.Performance.PerformanceMonitoringMiddleware | CorrelationId: | Slow request: OPTIONS /api/academics/academic-years took 1126ms — status 204.
2026-04-21 22:00:10.088 +05:30 [INF] Serilog.AspNetCore.RequestLoggingMiddleware | CorrelationId:8bd19bd0229840c7869fb6e0585ef843 | HTTP GET /api/academics/academic-years responded 401 in 35.0515 ms
2026-04-21 22:00:10.089 +05:30 [INF] Serilog.AspNetCore.RequestLoggingMiddleware | CorrelationId:0d1b12fa8faa47a680827e51d894e9b9 | HTTP GET /api/academics/academic-years responded 401 in 1.0302 ms
2026-04-21 22:03:58.731 +05:30 [INF] Serilog.AspNetCore.RequestLoggingMiddleware | CorrelationId:844b0cd8934341f79a487ca0eb6cbcd9 | HTTP OPTIONS /api/auth/login responded 204 in 29.4668 ms
2026-04-21 22:03:58.972 +05:30 [INF] SmsApi.Middleware.LoggingActionFilter | CorrelationId:00196d3a899e415ab9cbae57ba6e2726 | API Request: POST /api/auth/login | User: Unknown | School: Unknown
2026-04-21 22:04:00.387 +05:30 [INF] SmsApi.Controllers.AuthController | CorrelationId:00196d3a899e415ab9cbae57ba6e2726 | Login successful for admin (SchoolId: "550e8400-e29b-41d4-a716-446655440000")
2026-04-21 22:04:00.392 +05:30 [INF] SmsApi.Middleware.LoggingActionFilter | CorrelationId:00196d3a899e415ab9cbae57ba6e2726 | API Response: POST /api/auth/login | Status: 200 | Duration: 1420ms
2026-04-21 22:04:00.626 +05:30 [INF] Serilog.AspNetCore.RequestLoggingMiddleware | CorrelationId:00196d3a899e415ab9cbae57ba6e2726 | HTTP POST /api/auth/login responded 200 in 1877.0978 ms
2026-04-21 22:04:00.635 +05:30 [WRN] SmsApi.Infrastructure.Performance.PerformanceMonitoringMiddleware | CorrelationId: | Slow request: POST /api/auth/login took 1712ms — status 200.
2026-04-21 22:04:00.885 +05:30 [INF] Serilog.AspNetCore.RequestLoggingMiddleware | CorrelationId:e7ec8fe9a1b94f188720244d3aed86e2 | HTTP OPTIONS /api/settings/school/me responded 204 in 0.1889 ms
2026-04-21 22:04:00.988 +05:30 [INF] SmsApi.Middleware.LoggingActionFilter | CorrelationId:6e78fdfedb8145e4b2b78117484968b7 | API Request: GET /api/settings/school/me | User: Unknown | School: 550e8400-e29b-41d4-a716-446655440000
2026-04-21 22:04:01.233 +05:30 [INF] SmsApi.Middleware.LoggingActionFilter | CorrelationId:6e78fdfedb8145e4b2b78117484968b7 | API Response: GET /api/settings/school/me | Status: 200 | Duration: 244ms
2026-04-21 22:04:01.333 +05:30 [INF] Serilog.AspNetCore.RequestLoggingMiddleware | CorrelationId:6e78fdfedb8145e4b2b78117484968b7 | HTTP GET /api/settings/school/me responded 200 in 397.8542 ms
2026-04-21 22:04:01.671 +05:30 [WRN] SmsApi.Infrastructure.Performance.PerformanceMonitoringMiddleware | CorrelationId: | Slow request: GET /api/settings/school/me took 735ms — status 200.
2026-04-21 22:04:02.654 +05:30 [INF] Serilog.AspNetCore.RequestLoggingMiddleware | CorrelationId:7424922539c545c3bc146162743ba939 | HTTP OPTIONS /api/academics/academic-years responded 204 in 0.0922 ms
2026-04-21 22:04:02.654 +05:30 [INF] Serilog.AspNetCore.RequestLoggingMiddleware | CorrelationId:33c5132a26f94bdc88b2c33f8446ff7f | HTTP OPTIONS /api/settings/school/me responded 204 in 0.0735 ms
2026-04-21 22:04:02.673 +05:30 [INF] Serilog.AspNetCore.RequestLoggingMiddleware | CorrelationId:c0190d3f767f45b6bad73c3763c22ebc | HTTP OPTIONS /api/academics/academic-years responded 204 in 0.1529 ms
2026-04-21 22:04:02.874 +05:30 [INF] SmsApi.Middleware.LoggingActionFilter | CorrelationId:caa56f08a77a433f8ce2071d37f36965 | API Request: GET /api/settings/school/me | User: Unknown | School: 550e8400-e29b-41d4-a716-446655440000
2026-04-21 22:04:02.944 +05:30 [INF] SmsApi.Middleware.LoggingActionFilter | CorrelationId:775c2f20b19d4213b74c104a24df0b49 | API Request: GET /api/academics/academic-years | User: Unknown | School: 550e8400-e29b-41d4-a716-446655440000
2026-04-21 22:04:02.952 +05:30 [INF] SmsApi.Middleware.LoggingActionFilter | CorrelationId:17da6746c2d44f23b282547510ab700b | API Request: GET /api/academics/academic-years | User: Unknown | School: 550e8400-e29b-41d4-a716-446655440000
2026-04-21 22:04:02.965 +05:30 [INF] SmsApi.Middleware.LoggingActionFilter | CorrelationId:caa56f08a77a433f8ce2071d37f36965 | API Response: GET /api/settings/school/me | Status: 200 | Duration: 91ms
2026-04-21 22:04:03.306 +05:30 [INF] Serilog.AspNetCore.RequestLoggingMiddleware | CorrelationId:caa56f08a77a433f8ce2071d37f36965 | HTTP GET /api/settings/school/me responded 200 in 433.6567 ms
2026-04-21 22:04:04.516 +05:30 [INF] SmsApi.Middleware.LoggingActionFilter | CorrelationId:775c2f20b19d4213b74c104a24df0b49 | API Response: GET /api/academics/academic-years | Status: 200 | Duration: 1572ms
2026-04-21 22:04:04.522 +05:30 [INF] SmsApi.Middleware.LoggingActionFilter | CorrelationId:17da6746c2d44f23b282547510ab700b | API Response: GET /api/academics/academic-years | Status: 200 | Duration: 1569ms
2026-04-21 22:04:05.013 +05:30 [INF] Serilog.AspNetCore.RequestLoggingMiddleware | CorrelationId:17da6746c2d44f23b282547510ab700b | HTTP GET /api/academics/academic-years responded 200 in 2070.5306 ms
2026-04-21 22:04:05.022 +05:30 [INF] Serilog.AspNetCore.RequestLoggingMiddleware | CorrelationId:775c2f20b19d4213b74c104a24df0b49 | HTTP GET /api/academics/academic-years responded 200 in 2173.4431 ms
2026-04-21 22:04:05.886 +05:30 [ERR] SmsApi.Infrastructure.Performance.PerformanceMonitoringMiddleware | CorrelationId: | SLA BREACH: GET /api/academics/academic-years took 2173ms — status 200. Investigate immediately.
2026-04-21 22:04:05.864 +05:30 [ERR] SmsApi.Infrastructure.Performance.PerformanceMonitoringMiddleware | CorrelationId: | SLA BREACH: GET /api/academics/academic-years took 2070ms — status 200. Investigate immediately.
2026-04-21 22:04:16.441 +05:30 [INF] Serilog.AspNetCore.RequestLoggingMiddleware | CorrelationId:501011dac6c5490e968353b9c73371a7 | HTTP OPTIONS /api/academics/academic-years responded 204 in 0.4718 ms
2026-04-21 22:04:16.459 +05:30 [INF] Serilog.AspNetCore.RequestLoggingMiddleware | CorrelationId:b82ff34f0446458e87b0996813cb325b | HTTP OPTIONS /api/settings/school/me responded 204 in 0.4082 ms
2026-04-21 22:04:16.480 +05:30 [INF] Serilog.AspNetCore.RequestLoggingMiddleware | CorrelationId:317672fdee8e468eadfce85b8233d77f | HTTP OPTIONS /api/academics/academic-years responded 204 in 0.1311 ms
2026-04-21 22:04:16.893 +05:30 [INF] Serilog.AspNetCore.RequestLoggingMiddleware | CorrelationId:bfc1993cf3c04f2aa5ce50c2e4388c0a | HTTP OPTIONS /api/analytics/dashboard/summary responded 204 in 0.0651 ms
2026-04-21 22:04:16.899 +05:30 [INF] Serilog.AspNetCore.RequestLoggingMiddleware | CorrelationId:8ad556646c1744e6b2745dcb91fa246e | HTTP OPTIONS /api/notifications/unread-count responded 204 in 17.0561 ms
2026-04-21 22:04:17.483 +05:30 [WRN] SmsApi.Infrastructure.Performance.PerformanceMonitoringMiddleware | CorrelationId: | Slow request: OPTIONS /api/academics/academic-years took 1034ms — status 204.
2026-04-21 22:04:17.557 +05:30 [WRN] SmsApi.Infrastructure.Performance.PerformanceMonitoringMiddleware | CorrelationId: | Slow request: OPTIONS /api/settings/school/me took 1098ms — status 204.
2026-04-21 22:04:17.628 +05:30 [WRN] SmsApi.Infrastructure.Performance.PerformanceMonitoringMiddleware | CorrelationId: | Slow request: OPTIONS /api/academics/academic-years took 1169ms — status 204.
2026-04-21 22:04:17.679 +05:30 [WRN] SmsApi.Infrastructure.Performance.PerformanceMonitoringMiddleware | CorrelationId: | Slow request: OPTIONS /api/analytics/dashboard/summary took 785ms — status 204.
2026-04-21 22:04:17.718 +05:30 [WRN] SmsApi.Infrastructure.Performance.PerformanceMonitoringMiddleware | CorrelationId: | Slow request: OPTIONS /api/notifications/unread-count took 835ms — status 204.
2026-04-21 22:04:17.772 +05:30 [INF] Serilog.AspNetCore.RequestLoggingMiddleware | CorrelationId:bd863d6211074344a7d8648aa29cf729 | HTTP OPTIONS /api/analytics/dashboard/summary responded 204 in 0.3950 ms
2026-04-21 22:04:17.855 +05:30 [INF] SmsApi.Middleware.LoggingActionFilter | CorrelationId:c5450f00ab994689bc13ec44484bf7a5 | API Request: GET /api/settings/school/me | User: Unknown | School: 550e8400-e29b-41d4-a716-446655440000
2026-04-21 22:04:17.860 +05:30 [INF] SmsApi.Middleware.LoggingActionFilter | CorrelationId:299050edbdb24cd4a619d0a69c248343 | API Request: GET /api/academics/academic-years | User: Unknown | School: 550e8400-e29b-41d4-a716-446655440000
2026-04-21 22:04:17.871 +05:30 [INF] SmsApi.Middleware.LoggingActionFilter | CorrelationId:6d507145ac854ed9b1cbf88946ba3032 | API Request: GET /api/academics/academic-years | User: Unknown | School: 550e8400-e29b-41d4-a716-446655440000
2026-04-21 22:04:17.992 +05:30 [INF] SmsApi.Middleware.LoggingActionFilter | CorrelationId:c5450f00ab994689bc13ec44484bf7a5 | API Response: GET /api/settings/school/me | Status: 200 | Duration: 140ms
2026-04-21 22:04:18.004 +05:30 [INF] SmsApi.Middleware.LoggingActionFilter | CorrelationId:299050edbdb24cd4a619d0a69c248343 | API Response: GET /api/academics/academic-years | Status: 200 | Duration: 144ms
2026-04-21 22:04:18.007 +05:30 [INF] SmsApi.Middleware.LoggingActionFilter | CorrelationId:6868a1cfa9704d7f90f12afe1a6a8e57 | API Request: GET /api/notifications/unread-count | User: Unknown | School: 550e8400-e29b-41d4-a716-446655440000
2026-04-21 22:04:18.032 +05:30 [INF] SmsApi.Middleware.LoggingActionFilter | CorrelationId:6d507145ac854ed9b1cbf88946ba3032 | API Response: GET /api/academics/academic-years | Status: 200 | Duration: 160ms
2026-04-21 22:04:18.183 +05:30 [INF] SmsApi.Middleware.LoggingActionFilter | CorrelationId:171388cf885649f3ab14a22ce3f25284 | API Request: GET /api/analytics/dashboard/summary | User: Unknown | School: 550e8400-e29b-41d4-a716-446655440000
2026-04-21 22:04:18.206 +05:30 [INF] Serilog.AspNetCore.RequestLoggingMiddleware | CorrelationId:c5450f00ab994689bc13ec44484bf7a5 | HTTP GET /api/settings/school/me responded 200 in 379.6574 ms
2026-04-21 22:04:18.219 +05:30 [INF] Serilog.AspNetCore.RequestLoggingMiddleware | CorrelationId:299050edbdb24cd4a619d0a69c248343 | HTTP GET /api/academics/academic-years responded 200 in 378.3976 ms
2026-04-21 22:04:18.238 +05:30 [INF] Serilog.AspNetCore.RequestLoggingMiddleware | CorrelationId:6d507145ac854ed9b1cbf88946ba3032 | HTTP GET /api/academics/academic-years responded 200 in 369.1361 ms
2026-04-21 22:04:18.310 +05:30 [INF] SmsApi.Middleware.LoggingActionFilter | CorrelationId:8489a02e1a244a6d93eeedbb9a7bd444 | API Request: GET /api/analytics/dashboard/summary | User: Unknown | School: 550e8400-e29b-41d4-a716-446655440000
2026-04-21 22:04:18.407 +05:30 [INF] SmsApi.Middleware.LoggingActionFilter | CorrelationId:6868a1cfa9704d7f90f12afe1a6a8e57 | API Response: GET /api/notifications/unread-count | Status: 200 | Duration: 399ms
2026-04-21 22:04:18.549 +05:30 [INF] Serilog.AspNetCore.RequestLoggingMiddleware | CorrelationId:6868a1cfa9704d7f90f12afe1a6a8e57 | HTTP GET /api/notifications/unread-count responded 200 in 596.1763 ms
2026-04-21 22:04:18.593 +05:30 [WRN] SmsApi.Infrastructure.Performance.PerformanceMonitoringMiddleware | CorrelationId: | Slow request: GET /api/notifications/unread-count took 596ms — status 200.
2026-04-21 22:04:18.652 +05:30 [INF] SmsApi.Middleware.LoggingActionFilter | CorrelationId:171388cf885649f3ab14a22ce3f25284 | API Response: GET /api/analytics/dashboard/summary | Status: 200 | Duration: 469ms
2026-04-21 22:04:18.652 +05:30 [INF] SmsApi.Middleware.LoggingActionFilter | CorrelationId:8489a02e1a244a6d93eeedbb9a7bd444 | API Response: GET /api/analytics/dashboard/summary | Status: 200 | Duration: 342ms
2026-04-21 22:04:18.664 +05:30 [INF] Serilog.AspNetCore.RequestLoggingMiddleware | CorrelationId:171388cf885649f3ab14a22ce3f25284 | HTTP GET /api/analytics/dashboard/summary responded 200 in 683.6761 ms
2026-04-21 22:04:18.677 +05:30 [INF] Serilog.AspNetCore.RequestLoggingMiddleware | CorrelationId:8489a02e1a244a6d93eeedbb9a7bd444 | HTTP GET /api/analytics/dashboard/summary responded 200 in 765.1691 ms
2026-04-21 22:04:18.766 +05:30 [WRN] SmsApi.Infrastructure.Performance.PerformanceMonitoringMiddleware | CorrelationId: | Slow request: GET /api/analytics/dashboard/summary took 683ms — status 200.
2026-04-21 22:04:18.768 +05:30 [WRN] SmsApi.Infrastructure.Performance.PerformanceMonitoringMiddleware | CorrelationId: | Slow request: GET /api/analytics/dashboard/summary took 765ms — status 200.
2026-04-21 22:04:21.508 +05:30 [INF] Serilog.AspNetCore.RequestLoggingMiddleware | CorrelationId:95f856000c5e49268b4f5fa27838372e | HTTP OPTIONS /api/notifications/my responded 204 in 0.1060 ms
2026-04-21 22:04:21.565 +05:30 [INF] SmsApi.Middleware.LoggingActionFilter | CorrelationId:cc918b51dab8469b835861831abfc92d | API Request: GET /api/notifications/my | User: Unknown | School: 550e8400-e29b-41d4-a716-446655440000
2026-04-21 22:04:21.669 +05:30 [INF] SmsApi.Middleware.LoggingActionFilter | CorrelationId:cc918b51dab8469b835861831abfc92d | API Response: GET /api/notifications/my | Status: 200 | Duration: 104ms
2026-04-21 22:04:21.682 +05:30 [INF] Serilog.AspNetCore.RequestLoggingMiddleware | CorrelationId:cc918b51dab8469b835861831abfc92d | HTTP GET /api/notifications/my responded 200 in 126.0690 ms
2026-04-21 22:04:28.379 +05:30 [INF] Serilog.AspNetCore.RequestLoggingMiddleware | CorrelationId:59dad48c4a6d4ed39aef6d44bc93c2b5 | HTTP OPTIONS /api/academics/academic-years responded 204 in 0.9364 ms
2026-04-21 22:04:28.380 +05:30 [INF] Serilog.AspNetCore.RequestLoggingMiddleware | CorrelationId:69caa6e74ac942b799b3113f819bf7f3 | HTTP OPTIONS /api/academics/academic-years responded 204 in 0.0962 ms
2026-04-21 22:04:28.390 +05:30 [INF] Serilog.AspNetCore.RequestLoggingMiddleware | CorrelationId:a724c14745ba4be9866e6c4af6533a05 | HTTP OPTIONS /api/settings/school/me responded 204 in 0.1455 ms
2026-04-21 22:04:28.640 +05:30 [INF] Serilog.AspNetCore.RequestLoggingMiddleware | CorrelationId:75546de1fa5c4aacb87162b53634c78f | HTTP OPTIONS /api/notifications/unread-count responded 204 in 0.0590 ms
2026-04-21 22:04:28.640 +05:30 [INF] Serilog.AspNetCore.RequestLoggingMiddleware | CorrelationId:02e887c6981c47b086a54a4646b406d7 | HTTP OPTIONS /api/analytics/dashboard/summary responded 204 in 0.0192 ms
2026-04-21 22:04:28.876 +05:30 [INF] Serilog.AspNetCore.RequestLoggingMiddleware | CorrelationId:8006edfbdee54c39b6b79d17a155ed48 | HTTP OPTIONS /api/analytics/dashboard/summary responded 204 in 0.0803 ms
2026-04-21 22:04:28.884 +05:30 [WRN] SmsApi.Infrastructure.Performance.PerformanceMonitoringMiddleware | CorrelationId: | Slow request: OPTIONS /api/academics/academic-years took 504ms — status 204.
2026-04-21 22:04:28.917 +05:30 [INF] SmsApi.Middleware.LoggingActionFilter | CorrelationId:fdf657621e5c44b7bf616bb20175632a | API Request: GET /api/settings/school/me | User: Unknown | School: 550e8400-e29b-41d4-a716-446655440000
2026-04-21 22:04:28.927 +05:30 [INF] SmsApi.Middleware.LoggingActionFilter | CorrelationId:aefe83407b1445b18f4ab686171bce1c | API Request: GET /api/academics/academic-years | User: Unknown | School: 550e8400-e29b-41d4-a716-446655440000
2026-04-21 22:04:28.949 +05:30 [INF] SmsApi.Middleware.LoggingActionFilter | CorrelationId:9237995ce83046ad9238aec88107bc34 | API Request: GET /api/notifications/unread-count | User: Unknown | School: 550e8400-e29b-41d4-a716-446655440000
2026-04-21 22:04:28.960 +05:30 [INF] SmsApi.Middleware.LoggingActionFilter | CorrelationId:a53985f01ddb4adfa7f98a6c138f7bc7 | API Request: GET /api/analytics/dashboard/summary | User: Unknown | School: 550e8400-e29b-41d4-a716-446655440000
2026-04-21 22:04:28.997 +05:30 [INF] SmsApi.Middleware.LoggingActionFilter | CorrelationId:fdf657621e5c44b7bf616bb20175632a | API Response: GET /api/settings/school/me | Status: 200 | Duration: 79ms
2026-04-21 22:04:29.000 +05:30 [INF] SmsApi.Middleware.LoggingActionFilter | CorrelationId:0ee31522c46949a3b2e6d111d805f3f2 | API Request: GET /api/analytics/dashboard/summary | User: Unknown | School: 550e8400-e29b-41d4-a716-446655440000
2026-04-21 22:04:29.028 +05:30 [INF] SmsApi.Middleware.LoggingActionFilter | CorrelationId:29e8e018fbe14eaeb518ad022ee46890 | API Request: GET /api/academics/academic-years | User: Unknown | School: 550e8400-e29b-41d4-a716-446655440000
2026-04-21 22:04:29.030 +05:30 [INF] SmsApi.Middleware.LoggingActionFilter | CorrelationId:a53985f01ddb4adfa7f98a6c138f7bc7 | API Response: GET /api/analytics/dashboard/summary | Status: 200 | Duration: 70ms
2026-04-21 22:04:29.031 +05:30 [INF] SmsApi.Middleware.LoggingActionFilter | CorrelationId:9237995ce83046ad9238aec88107bc34 | API Response: GET /api/notifications/unread-count | Status: 200 | Duration: 82ms
2026-04-21 22:04:29.033 +05:30 [INF] Serilog.AspNetCore.RequestLoggingMiddleware | CorrelationId:fdf657621e5c44b7bf616bb20175632a | HTTP GET /api/settings/school/me responded 200 in 117.0387 ms
2026-04-21 22:04:29.039 +05:30 [INF] SmsApi.Middleware.LoggingActionFilter | CorrelationId:0ee31522c46949a3b2e6d111d805f3f2 | API Response: GET /api/analytics/dashboard/summary | Status: 200 | Duration: 39ms
2026-04-21 22:04:29.106 +05:30 [INF] Serilog.AspNetCore.RequestLoggingMiddleware | CorrelationId:0ee31522c46949a3b2e6d111d805f3f2 | HTTP GET /api/analytics/dashboard/summary responded 200 in 137.3111 ms
2026-04-21 22:04:29.067 +05:30 [INF] Serilog.AspNetCore.RequestLoggingMiddleware | CorrelationId:a53985f01ddb4adfa7f98a6c138f7bc7 | HTTP GET /api/analytics/dashboard/summary responded 200 in 115.4532 ms
2026-04-21 22:04:29.072 +05:30 [INF] Serilog.AspNetCore.RequestLoggingMiddleware | CorrelationId:9237995ce83046ad9238aec88107bc34 | HTTP GET /api/notifications/unread-count responded 200 in 129.6740 ms
2026-04-21 22:04:29.097 +05:30 [INF] SmsApi.Middleware.LoggingActionFilter | CorrelationId:29e8e018fbe14eaeb518ad022ee46890 | API Response: GET /api/academics/academic-years | Status: 200 | Duration: 69ms
2026-04-21 22:04:29.210 +05:30 [INF] Serilog.AspNetCore.RequestLoggingMiddleware | CorrelationId:29e8e018fbe14eaeb518ad022ee46890 | HTTP GET /api/academics/academic-years responded 200 in 194.9493 ms
2026-04-21 22:04:29.047 +05:30 [INF] SmsApi.Middleware.LoggingActionFilter | CorrelationId:aefe83407b1445b18f4ab686171bce1c | API Response: GET /api/academics/academic-years | Status: 200 | Duration: 120ms
2026-04-21 22:04:29.330 +05:30 [INF] Serilog.AspNetCore.RequestLoggingMiddleware | CorrelationId:aefe83407b1445b18f4ab686171bce1c | HTTP GET /api/academics/academic-years responded 200 in 413.2970 ms
2026-04-21 22:04:59.296 +05:30 [INF] Serilog.AspNetCore.RequestLoggingMiddleware | CorrelationId:6284cf5620c44c04a419ae77dac7c068 | HTTP OPTIONS /api/notifications/unread-count responded 204 in 13.4318 ms
2026-04-21 22:05:00.133 +05:30 [WRN] SmsApi.Infrastructure.Performance.PerformanceMonitoringMiddleware | CorrelationId: | Slow request: OPTIONS /api/notifications/unread-count took 850ms — status 204.
2026-04-21 22:05:00.231 +05:30 [INF] SmsApi.Middleware.LoggingActionFilter | CorrelationId:d3c5c3210edd4996a3dd50aa905bad98 | API Request: GET /api/notifications/unread-count | User: Unknown | School: 550e8400-e29b-41d4-a716-446655440000
2026-04-21 22:05:00.284 +05:30 [INF] SmsApi.Middleware.LoggingActionFilter | CorrelationId:d3c5c3210edd4996a3dd50aa905bad98 | API Response: GET /api/notifications/unread-count | Status: 200 | Duration: 53ms
2026-04-21 22:05:00.340 +05:30 [INF] Serilog.AspNetCore.RequestLoggingMiddleware | CorrelationId:d3c5c3210edd4996a3dd50aa905bad98 | HTTP GET /api/notifications/unread-count responded 200 in 122.9378 ms
2026-04-21 22:05:07.032 +05:30 [INF] Serilog.AspNetCore.RequestLoggingMiddleware | CorrelationId:6aa3b3a020394b028c24e2ed238df728 | HTTP OPTIONS /api/academics/academic-years responded 204 in 0.5506 ms
2026-04-21 22:05:07.088 +05:30 [INF] Serilog.AspNetCore.RequestLoggingMiddleware | CorrelationId:631b832f3fa5471ba37998685d5f2eac | HTTP OPTIONS /api/settings/school/me responded 204 in 0.1443 ms
2026-04-21 22:05:07.930 +05:30 [WRN] SmsApi.Infrastructure.Performance.PerformanceMonitoringMiddleware | CorrelationId: | Slow request: OPTIONS /api/settings/school/me took 842ms — status 204.
2026-04-21 22:05:07.885 +05:30 [WRN] SmsApi.Infrastructure.Performance.PerformanceMonitoringMiddleware | CorrelationId: | Slow request: OPTIONS /api/academics/academic-years took 854ms — status 204.
2026-04-21 22:05:07.117 +05:30 [INF] Serilog.AspNetCore.RequestLoggingMiddleware | CorrelationId:12bdd74270ad4ed5821a17b0ca4c6619 | HTTP OPTIONS /api/academics/academic-years responded 204 in 0.0448 ms
2026-04-21 22:05:08.768 +05:30 [INF] Serilog.AspNetCore.RequestLoggingMiddleware | CorrelationId:d8ed5a659ace42648594ee8c83adf3ba | HTTP OPTIONS /api/notifications/unread-count responded 204 in 0.7045 ms
2026-04-21 22:05:09.661 +05:30 [ERR] SmsApi.Infrastructure.Performance.PerformanceMonitoringMiddleware | CorrelationId: | SLA BREACH: OPTIONS /api/academics/academic-years took 2569ms — status 204. Investigate immediately.
2026-04-21 22:05:09.662 +05:30 [INF] Serilog.AspNetCore.RequestLoggingMiddleware | CorrelationId:de6effd79adf41e3bb1ab81838cf7571 | HTTP OPTIONS /api/students responded 204 in 0.3892 ms
2026-04-21 22:05:09.670 +05:30 [WRN] SmsApi.Infrastructure.Performance.PerformanceMonitoringMiddleware | CorrelationId: | Slow request: OPTIONS /api/notifications/unread-count took 903ms — status 204.
2026-04-21 22:05:09.675 +05:30 [INF] Serilog.AspNetCore.RequestLoggingMiddleware | CorrelationId:14f681ab48df41f8a04fb413992e3f65 | HTTP OPTIONS /api/students responded 204 in 0.1507 ms
2026-04-21 22:05:09.821 +05:30 [INF] SmsApi.Middleware.LoggingActionFilter | CorrelationId:ff4a7473946b4750aaf969944367514c | API Request: GET /api/settings/school/me | User: Unknown | School: 550e8400-e29b-41d4-a716-446655440000
2026-04-21 22:05:09.861 +05:30 [INF] SmsApi.Middleware.LoggingActionFilter | CorrelationId:ff4a7473946b4750aaf969944367514c | API Response: GET /api/settings/school/me | Status: 200 | Duration: 39ms
2026-04-21 22:05:09.873 +05:30 [INF] Serilog.AspNetCore.RequestLoggingMiddleware | CorrelationId:ff4a7473946b4750aaf969944367514c | HTTP GET /api/settings/school/me responded 200 in 54.3671 ms
2026-04-21 22:05:09.873 +05:30 [INF] SmsApi.Middleware.LoggingActionFilter | CorrelationId:c533128b6ba044f9a7b2037c017bad45 | API Request: GET /api/academics/academic-years | User: Unknown | School: 550e8400-e29b-41d4-a716-446655440000
2026-04-21 22:05:09.873 +05:30 [INF] SmsApi.Middleware.LoggingActionFilter | CorrelationId:3178c105c92a4fc2a4dcdadf2150f182 | API Request: GET /api/academics/academic-years | User: Unknown | School: 550e8400-e29b-41d4-a716-446655440000
2026-04-21 22:05:09.873 +05:30 [INF] SmsApi.Middleware.LoggingActionFilter | CorrelationId:7a8092a05f94497b95bd9d1e127e521e | API Request: GET /api/notifications/unread-count | User: Unknown | School: 550e8400-e29b-41d4-a716-446655440000
2026-04-21 22:05:09.923 +05:30 [INF] SmsApi.Middleware.LoggingActionFilter | CorrelationId:7a8092a05f94497b95bd9d1e127e521e | API Response: GET /api/notifications/unread-count | Status: 200 | Duration: 49ms
2026-04-21 22:05:09.928 +05:30 [INF] Serilog.AspNetCore.RequestLoggingMiddleware | CorrelationId:7a8092a05f94497b95bd9d1e127e521e | HTTP GET /api/notifications/unread-count responded 200 in 57.5466 ms
2026-04-21 22:05:10.010 +05:30 [INF] SmsApi.Middleware.LoggingActionFilter | CorrelationId:a1bf3a29957148bbb4a83707ec83c7f3 | API Request: GET /api/students | User: Unknown | School: 550e8400-e29b-41d4-a716-446655440000
2026-04-21 22:05:10.055 +05:30 [INF] SmsApi.Middleware.LoggingActionFilter | CorrelationId:ec4b1ab195e7414ea54eee2641c4f4a3 | API Request: GET /api/students | User: Unknown | School: 550e8400-e29b-41d4-a716-446655440000
2026-04-21 22:05:10.070 +05:30 [INF] SmsApi.Middleware.LoggingActionFilter | CorrelationId:c533128b6ba044f9a7b2037c017bad45 | API Response: GET /api/academics/academic-years | Status: 200 | Duration: 196ms
2026-04-21 22:05:10.091 +05:30 [INF] Serilog.AspNetCore.RequestLoggingMiddleware | CorrelationId:c533128b6ba044f9a7b2037c017bad45 | HTTP GET /api/academics/academic-years responded 200 in 242.3682 ms
2026-04-21 22:05:10.833 +05:30 [INF] SmsApi.Middleware.LoggingActionFilter | CorrelationId:ec4b1ab195e7414ea54eee2641c4f4a3 | API Response: GET /api/students | Status: 200 | Duration: 777ms
2026-04-21 22:05:10.877 +05:30 [INF] SmsApi.Middleware.LoggingActionFilter | CorrelationId:a1bf3a29957148bbb4a83707ec83c7f3 | API Response: GET /api/students | Status: 200 | Duration: 867ms
2026-04-21 22:05:11.147 +05:30 [INF] Serilog.AspNetCore.RequestLoggingMiddleware | CorrelationId:ec4b1ab195e7414ea54eee2641c4f4a3 | HTTP GET /api/students responded 200 in 1315.3097 ms
2026-04-21 22:05:11.598 +05:30 [INF] Serilog.AspNetCore.RequestLoggingMiddleware | CorrelationId:a1bf3a29957148bbb4a83707ec83c7f3 | HTTP GET /api/students responded 200 in 1696.3743 ms
2026-04-21 22:05:11.632 +05:30 [WRN] SmsApi.Infrastructure.Performance.PerformanceMonitoringMiddleware | CorrelationId: | Slow request: GET /api/students took 1315ms — status 200.
2026-04-21 22:05:11.816 +05:30 [WRN] SmsApi.Infrastructure.Performance.PerformanceMonitoringMiddleware | CorrelationId: | Slow request: GET /api/students took 1696ms — status 200.
2026-04-21 22:05:12.417 +05:30 [INF] SmsApi.Middleware.LoggingActionFilter | CorrelationId:3178c105c92a4fc2a4dcdadf2150f182 | API Response: GET /api/academics/academic-years | Status: 200 | Duration: 2543ms
2026-04-21 22:05:16.760 +05:30 [INF] Serilog.AspNetCore.RequestLoggingMiddleware | CorrelationId:3178c105c92a4fc2a4dcdadf2150f182 | HTTP GET /api/academics/academic-years responded 200 in 6953.5006 ms
2026-04-21 22:05:17.434 +05:30 [ERR] SmsApi.Infrastructure.Performance.PerformanceMonitoringMiddleware | CorrelationId: | SLA BREACH: GET /api/academics/academic-years took 6953ms — status 200. Investigate immediately.
2026-04-21 22:05:18.280 +05:30 [INF] Serilog.AspNetCore.RequestLoggingMiddleware | CorrelationId:b3667a8d2b0744929b6e0098c9868cfb | HTTP OPTIONS /api/staff responded 204 in 92.3344 ms
2026-04-21 22:05:18.296 +05:30 [INF] Serilog.AspNetCore.RequestLoggingMiddleware | CorrelationId:622d6324f1b8498386e36471b2741c8d | HTTP OPTIONS /api/staff responded 204 in 73.7689 ms
2026-04-21 22:05:18.467 +05:30 [INF] SmsApi.Middleware.LoggingActionFilter | CorrelationId:945c88771f8746ffa8c2cda7b3771c56 | API Request: GET /api/staff | User: Unknown | School: 550e8400-e29b-41d4-a716-446655440000
2026-04-21 22:05:18.468 +05:30 [INF] SmsApi.Middleware.LoggingActionFilter | CorrelationId:dc6592bdd9e043aab8d7efd37b2347d1 | API Request: GET /api/staff | User: Unknown | School: 550e8400-e29b-41d4-a716-446655440000
2026-04-21 22:05:18.599 +05:30 [INF] SmsApi.Middleware.LoggingActionFilter | CorrelationId:945c88771f8746ffa8c2cda7b3771c56 | API Response: GET /api/staff | Status: 200 | Duration: 131ms
2026-04-21 22:05:18.599 +05:30 [INF] SmsApi.Middleware.LoggingActionFilter | CorrelationId:dc6592bdd9e043aab8d7efd37b2347d1 | API Response: GET /api/staff | Status: 200 | Duration: 131ms
2026-04-21 22:05:18.633 +05:30 [INF] Serilog.AspNetCore.RequestLoggingMiddleware | CorrelationId:945c88771f8746ffa8c2cda7b3771c56 | HTTP GET /api/staff responded 200 in 268.6408 ms
2026-04-21 22:05:18.727 +05:30 [INF] Serilog.AspNetCore.RequestLoggingMiddleware | CorrelationId:dc6592bdd9e043aab8d7efd37b2347d1 | HTTP GET /api/staff responded 200 in 327.7760 ms
2026-04-21 22:05:21.288 +05:30 [INF] Serilog.AspNetCore.RequestLoggingMiddleware | CorrelationId:2a77ed96805d43acab48602b0aed00c2 | HTTP OPTIONS /api/transport/routes responded 204 in 0.2252 ms
2026-04-21 22:05:21.291 +05:30 [INF] Serilog.AspNetCore.RequestLoggingMiddleware | CorrelationId:1359dfd595a14f3e98cf45bffdf9dc2e | HTTP OPTIONS /api/transport/routes responded 204 in 0.0910 ms
2026-04-21 22:05:21.608 +05:30 [INF] SmsApi.Middleware.LoggingActionFilter | CorrelationId:d039ae91542f4f81aff059c9fcb52380 | API Request: GET /api/transport/routes | User: Unknown | School: 550e8400-e29b-41d4-a716-446655440000
2026-04-21 22:05:21.613 +05:30 [INF] SmsApi.Middleware.LoggingActionFilter | CorrelationId:0f263a6a3ff34283bb55132d88d27a13 | API Request: GET /api/transport/routes | User: Unknown | School: 550e8400-e29b-41d4-a716-446655440000
2026-04-21 22:05:21.851 +05:30 [INF] SmsApi.Middleware.LoggingActionFilter | CorrelationId:0f263a6a3ff34283bb55132d88d27a13 | API Response: GET /api/transport/routes | Status: 200 | Duration: 238ms
2026-04-21 22:05:21.851 +05:30 [INF] SmsApi.Middleware.LoggingActionFilter | CorrelationId:d039ae91542f4f81aff059c9fcb52380 | API Response: GET /api/transport/routes | Status: 200 | Duration: 242ms
2026-04-21 22:05:21.903 +05:30 [INF] Serilog.AspNetCore.RequestLoggingMiddleware | CorrelationId:0f263a6a3ff34283bb55132d88d27a13 | HTTP GET /api/transport/routes responded 200 in 314.9720 ms
2026-04-21 22:05:21.903 +05:30 [INF] Serilog.AspNetCore.RequestLoggingMiddleware | CorrelationId:d039ae91542f4f81aff059c9fcb52380 | HTTP GET /api/transport/routes responded 200 in 341.2632 ms
2026-04-21 22:05:25.235 +05:30 [INF] Serilog.AspNetCore.RequestLoggingMiddleware | CorrelationId:c983d3b27f804a76a559ea42ae897bbd | HTTP OPTIONS /api/hostel/rooms responded 204 in 0.1088 ms
2026-04-21 22:05:25.235 +05:30 [INF] Serilog.AspNetCore.RequestLoggingMiddleware | CorrelationId:03b5ffe5e7c447b2922df558953e6673 | HTTP OPTIONS /api/hostel/rooms responded 204 in 0.3357 ms
2026-04-21 22:05:25.364 +05:30 [INF] SmsApi.Middleware.LoggingActionFilter | CorrelationId:76302f7ef9824ff086d02524e062f0cb | API Request: GET /api/hostel/rooms | User: Unknown | School: 550e8400-e29b-41d4-a716-446655440000
2026-04-21 22:05:25.364 +05:30 [INF] SmsApi.Middleware.LoggingActionFilter | CorrelationId:712f1342c27445ceba80f173af506228 | API Request: GET /api/hostel/rooms | User: Unknown | School: 550e8400-e29b-41d4-a716-446655440000
2026-04-21 22:05:25.554 +05:30 [INF] SmsApi.Middleware.LoggingActionFilter | CorrelationId:76302f7ef9824ff086d02524e062f0cb | API Response: GET /api/hostel/rooms | Status: 200 | Duration: 190ms
2026-04-21 22:05:25.554 +05:30 [INF] SmsApi.Middleware.LoggingActionFilter | CorrelationId:712f1342c27445ceba80f173af506228 | API Response: GET /api/hostel/rooms | Status: 200 | Duration: 190ms
2026-04-21 22:05:25.576 +05:30 [INF] Serilog.AspNetCore.RequestLoggingMiddleware | CorrelationId:76302f7ef9824ff086d02524e062f0cb | HTTP GET /api/hostel/rooms responded 200 in 263.2645 ms
2026-04-21 22:05:25.614 +05:30 [INF] Serilog.AspNetCore.RequestLoggingMiddleware | CorrelationId:712f1342c27445ceba80f173af506228 | HTTP GET /api/hostel/rooms responded 200 in 258.4968 ms
2026-04-21 22:05:27.719 +05:30 [INF] Serilog.AspNetCore.RequestLoggingMiddleware | CorrelationId:00dceab1bff54192a85b6ab542cf310b | HTTP OPTIONS /api/health/records responded 204 in 0.1186 ms
2026-04-21 22:05:27.719 +05:30 [INF] Serilog.AspNetCore.RequestLoggingMiddleware | CorrelationId:51524e1f9cf249ebbc2e0a3d43ae22d4 | HTTP OPTIONS /api/health/stats responded 204 in 0.0315 ms
2026-04-21 22:05:27.719 +05:30 [INF] Serilog.AspNetCore.RequestLoggingMiddleware | CorrelationId:52ac50b3b3f64518976ce42a0d33b85a | HTTP OPTIONS /api/health/records responded 204 in 0.0163 ms
2026-04-21 22:05:27.719 +05:30 [INF] Serilog.AspNetCore.RequestLoggingMiddleware | CorrelationId:62955c5613dc49c3815ef309fd1e6eaf | HTTP OPTIONS /api/health/stats responded 204 in 0.0156 ms
2026-04-21 22:05:27.951 +05:30 [INF] SmsApi.Middleware.LoggingActionFilter | CorrelationId:c71620b7ffad4110b312325eb301666d | API Request: GET /api/health/stats | User: Unknown | School: 550e8400-e29b-41d4-a716-446655440000
2026-04-21 22:05:27.985 +05:30 [INF] SmsApi.Middleware.LoggingActionFilter | CorrelationId:9ab917e954a949289071ec9635933bc7 | API Request: GET /api/health/stats | User: Unknown | School: 550e8400-e29b-41d4-a716-446655440000
2026-04-21 22:05:28.018 +05:30 [INF] SmsApi.Middleware.LoggingActionFilter | CorrelationId:9468f99c93a0494d8f1bb35d72eb0d70 | API Request: GET /api/health/records | User: Unknown | School: 550e8400-e29b-41d4-a716-446655440000
2026-04-21 22:05:28.020 +05:30 [INF] SmsApi.Middleware.LoggingActionFilter | CorrelationId:d5b0c1a0511d48d79b4cab399ee15a74 | API Request: GET /api/health/records | User: Unknown | School: 550e8400-e29b-41d4-a716-446655440000
2026-04-21 22:05:28.080 +05:30 [INF] SmsApi.Middleware.LoggingActionFilter | CorrelationId:9ab917e954a949289071ec9635933bc7 | API Response: GET /api/health/stats | Status: 200 | Duration: 94ms
2026-04-21 22:05:28.080 +05:30 [INF] SmsApi.Middleware.LoggingActionFilter | CorrelationId:c71620b7ffad4110b312325eb301666d | API Response: GET /api/health/stats | Status: 200 | Duration: 128ms
2026-04-21 22:05:28.092 +05:30 [INF] Serilog.AspNetCore.RequestLoggingMiddleware | CorrelationId:c71620b7ffad4110b312325eb301666d | HTTP GET /api/health/stats responded 200 in 261.1315 ms
2026-04-21 22:05:28.092 +05:30 [INF] Serilog.AspNetCore.RequestLoggingMiddleware | CorrelationId:9ab917e954a949289071ec9635933bc7 | HTTP GET /api/health/stats responded 200 in 124.2905 ms
2026-04-21 22:05:28.216 +05:30 [INF] SmsApi.Middleware.LoggingActionFilter | CorrelationId:d5b0c1a0511d48d79b4cab399ee15a74 | API Response: GET /api/health/records | Status: 200 | Duration: 195ms
2026-04-21 22:05:28.216 +05:30 [INF] SmsApi.Middleware.LoggingActionFilter | CorrelationId:9468f99c93a0494d8f1bb35d72eb0d70 | API Response: GET /api/health/records | Status: 200 | Duration: 197ms
2026-04-21 22:05:28.231 +05:30 [INF] Serilog.AspNetCore.RequestLoggingMiddleware | CorrelationId:d5b0c1a0511d48d79b4cab399ee15a74 | HTTP GET /api/health/records responded 200 in 412.8810 ms
2026-04-21 22:05:28.231 +05:30 [INF] Serilog.AspNetCore.RequestLoggingMiddleware | CorrelationId:9468f99c93a0494d8f1bb35d72eb0d70 | HTTP GET /api/health/records responded 200 in 300.9380 ms
2026-04-21 22:05:30.155 +05:30 [INF] Serilog.AspNetCore.RequestLoggingMiddleware | CorrelationId:83cc2ca8543a401c8901c42d5c5929fb | HTTP OPTIONS /api/visitor/stats responded 204 in 0.1485 ms
2026-04-21 22:05:30.156 +05:30 [INF] Serilog.AspNetCore.RequestLoggingMiddleware | CorrelationId:1093376da56846a4b3a76ec30a4ecfbf | HTTP OPTIONS /api/visitor/currently-inside responded 204 in 0.0356 ms
2026-04-21 22:05:30.157 +05:30 [INF] Serilog.AspNetCore.RequestLoggingMiddleware | CorrelationId:ef4b058da16e42eb89d8219b8ec2ba63 | HTTP OPTIONS /api/visitor/today responded 204 in 0.2095 ms
2026-04-21 22:05:30.157 +05:30 [INF] Serilog.AspNetCore.RequestLoggingMiddleware | CorrelationId:8bcb9e5deb0a45f0910c317dcecac6b7 | HTTP OPTIONS /api/visitor/currently-inside responded 204 in 0.1043 ms
2026-04-21 22:05:30.177 +05:30 [INF] Serilog.AspNetCore.RequestLoggingMiddleware | CorrelationId:152778c25faf4ada8e8219b7dce134db | HTTP OPTIONS /api/visitor/stats responded 204 in 0.0661 ms
2026-04-21 22:05:30.216 +05:30 [INF] Serilog.AspNetCore.RequestLoggingMiddleware | CorrelationId:5ea612f45c694968889970d8f0218b39 | HTTP OPTIONS /api/visitor/today responded 204 in 0.0659 ms
2026-04-21 22:05:30.267 +05:30 [INF] SmsApi.Middleware.LoggingActionFilter | CorrelationId:297a3fc923854805a6db4d84f0cfb013 | API Request: GET /api/visitor/currently-inside | User: Unknown | School: 550e8400-e29b-41d4-a716-446655440000
2026-04-21 22:05:30.271 +05:30 [INF] SmsApi.Middleware.LoggingActionFilter | CorrelationId:661bce6efddc4b8bbe36437f1cac673f | API Request: GET /api/visitor/stats | User: Unknown | School: 550e8400-e29b-41d4-a716-446655440000
2026-04-21 22:05:30.281 +05:30 [INF] SmsApi.Middleware.LoggingActionFilter | CorrelationId:168ffbda8b734437bf34b9def485753f | API Request: GET /api/visitor/today | User: Unknown | School: 550e8400-e29b-41d4-a716-446655440000
2026-04-21 22:05:30.306 +05:30 [INF] SmsApi.Middleware.LoggingActionFilter | CorrelationId:a69c5e11f9df40f0966573a2fcad2acc | API Request: GET /api/visitor/currently-inside | User: Unknown | School: 550e8400-e29b-41d4-a716-446655440000
2026-04-21 22:05:30.399 +05:30 [INF] SmsApi.Middleware.LoggingActionFilter | CorrelationId:3de6426946fa4580a43e79c228d3030d | API Request: GET /api/visitor/stats | User: Unknown | School: 550e8400-e29b-41d4-a716-446655440000
2026-04-21 22:05:30.417 +05:30 [INF] SmsApi.Middleware.LoggingActionFilter | CorrelationId:a6b46a4dbf0f48dea12ce0df4997b867 | API Request: GET /api/visitor/today | User: Unknown | School: 550e8400-e29b-41d4-a716-446655440000
2026-04-21 22:05:30.430 +05:30 [INF] SmsApi.Middleware.LoggingActionFilter | CorrelationId:661bce6efddc4b8bbe36437f1cac673f | API Response: GET /api/visitor/stats | Status: 200 | Duration: 158ms
2026-04-21 22:05:30.430 +05:30 [INF] SmsApi.Middleware.LoggingActionFilter | CorrelationId:168ffbda8b734437bf34b9def485753f | API Response: GET /api/visitor/today | Status: 200 | Duration: 148ms
2026-04-21 22:05:30.430 +05:30 [INF] SmsApi.Middleware.LoggingActionFilter | CorrelationId:a69c5e11f9df40f0966573a2fcad2acc | API Response: GET /api/visitor/currently-inside | Status: 200 | Duration: 124ms
2026-04-21 22:05:30.439 +05:30 [INF] SmsApi.Middleware.LoggingActionFilter | CorrelationId:297a3fc923854805a6db4d84f0cfb013 | API Response: GET /api/visitor/currently-inside | Status: 200 | Duration: 172ms
2026-04-21 22:05:30.456 +05:30 [INF] Serilog.AspNetCore.RequestLoggingMiddleware | CorrelationId:168ffbda8b734437bf34b9def485753f | HTTP GET /api/visitor/today responded 200 in 189.1622 ms
2026-04-21 22:05:30.456 +05:30 [INF] Serilog.AspNetCore.RequestLoggingMiddleware | CorrelationId:a69c5e11f9df40f0966573a2fcad2acc | HTTP GET /api/visitor/currently-inside responded 200 in 160.0093 ms
2026-04-21 22:05:30.458 +05:30 [INF] Serilog.AspNetCore.RequestLoggingMiddleware | CorrelationId:297a3fc923854805a6db4d84f0cfb013 | HTTP GET /api/visitor/currently-inside responded 200 in 217.8672 ms
2026-04-21 22:05:30.469 +05:30 [INF] SmsApi.Middleware.LoggingActionFilter | CorrelationId:a6b46a4dbf0f48dea12ce0df4997b867 | API Response: GET /api/visitor/today | Status: 200 | Duration: 51ms
2026-04-21 22:05:30.470 +05:30 [INF] Serilog.AspNetCore.RequestLoggingMiddleware | CorrelationId:661bce6efddc4b8bbe36437f1cac673f | HTTP GET /api/visitor/stats responded 200 in 231.6247 ms
2026-04-21 22:05:30.524 +05:30 [INF] Serilog.AspNetCore.RequestLoggingMiddleware | CorrelationId:a6b46a4dbf0f48dea12ce0df4997b867 | HTTP GET /api/visitor/today responded 200 in 114.0822 ms
2026-04-21 22:05:30.636 +05:30 [INF] SmsApi.Middleware.LoggingActionFilter | CorrelationId:3de6426946fa4580a43e79c228d3030d | API Response: GET /api/visitor/stats | Status: 200 | Duration: 236ms
2026-04-21 22:05:30.645 +05:30 [INF] Serilog.AspNetCore.RequestLoggingMiddleware | CorrelationId:3de6426946fa4580a43e79c228d3030d | HTTP GET /api/visitor/stats responded 200 in 246.5977 ms
2026-04-21 22:05:32.413 +05:30 [INF] Serilog.AspNetCore.RequestLoggingMiddleware | CorrelationId:4c06b1f55643416ea28ab8535919e410 | HTTP OPTIONS /api/students responded 204 in 0.1176 ms
2026-04-21 22:05:32.413 +05:30 [INF] Serilog.AspNetCore.RequestLoggingMiddleware | CorrelationId:3ed6fcefe2904e769e7defde3bba05f7 | HTTP OPTIONS /api/students responded 204 in 0.0569 ms
2026-04-21 22:05:32.493 +05:30 [INF] SmsApi.Middleware.LoggingActionFilter | CorrelationId:d89f4eff6d83457eac1444d30bf2962e | API Request: GET /api/students | User: Unknown | School: 550e8400-e29b-41d4-a716-446655440000
2026-04-21 22:05:32.539 +05:30 [INF] SmsApi.Middleware.LoggingActionFilter | CorrelationId:6c8ca5a9d08d4b7daea5a2cd8b124546 | API Request: GET /api/students | User: Unknown | School: 550e8400-e29b-41d4-a716-446655440000
2026-04-21 22:05:32.544 +05:30 [INF] SmsApi.Middleware.LoggingActionFilter | CorrelationId:d89f4eff6d83457eac1444d30bf2962e | API Response: GET /api/students | Status: 200 | Duration: 50ms
2026-04-21 22:05:32.578 +05:30 [INF] Serilog.AspNetCore.RequestLoggingMiddleware | CorrelationId:d89f4eff6d83457eac1444d30bf2962e | HTTP GET /api/students responded 200 in 96.4343 ms
2026-04-21 22:05:32.587 +05:30 [INF] SmsApi.Middleware.LoggingActionFilter | CorrelationId:6c8ca5a9d08d4b7daea5a2cd8b124546 | API Response: GET /api/students | Status: 200 | Duration: 47ms
2026-04-21 22:05:32.608 +05:30 [INF] Serilog.AspNetCore.RequestLoggingMiddleware | CorrelationId:6c8ca5a9d08d4b7daea5a2cd8b124546 | HTTP GET /api/students responded 200 in 84.3246 ms
2026-04-21 22:05:34.259 +05:30 [INF] Serilog.AspNetCore.RequestLoggingMiddleware | CorrelationId:08c54d948c0d4d14b5e0b13aff989f67 | HTTP OPTIONS /api/analytics/dashboard/summary responded 204 in 0.0481 ms
2026-04-21 22:05:34.259 +05:30 [INF] Serilog.AspNetCore.RequestLoggingMiddleware | CorrelationId:e5766d8cbb594229b3644271d145ab70 | HTTP OPTIONS /api/analytics/dashboard/summary responded 204 in 0.0048 ms
2026-04-21 22:05:34.316 +05:30 [INF] SmsApi.Middleware.LoggingActionFilter | CorrelationId:00297fd90c6447b58cc46c4f0e20e98b | API Request: GET /api/analytics/dashboard/summary | User: Unknown | School: 550e8400-e29b-41d4-a716-446655440000
2026-04-21 22:05:34.322 +05:30 [INF] SmsApi.Middleware.LoggingActionFilter | CorrelationId:1f75bccb98454b67b4f983525463d263 | API Request: GET /api/analytics/dashboard/summary | User: Unknown | School: 550e8400-e29b-41d4-a716-446655440000
2026-04-21 22:05:34.346 +05:30 [INF] SmsApi.Middleware.LoggingActionFilter | CorrelationId:00297fd90c6447b58cc46c4f0e20e98b | API Response: GET /api/analytics/dashboard/summary | Status: 200 | Duration: 29ms
2026-04-21 22:05:34.351 +05:30 [INF] SmsApi.Middleware.LoggingActionFilter | CorrelationId:1f75bccb98454b67b4f983525463d263 | API Response: GET /api/analytics/dashboard/summary | Status: 200 | Duration: 28ms
2026-04-21 22:05:34.355 +05:30 [INF] Serilog.AspNetCore.RequestLoggingMiddleware | CorrelationId:00297fd90c6447b58cc46c4f0e20e98b | HTTP GET /api/analytics/dashboard/summary responded 200 in 62.9725 ms
2026-04-21 22:05:34.366 +05:30 [INF] Serilog.AspNetCore.RequestLoggingMiddleware | CorrelationId:1f75bccb98454b67b4f983525463d263 | HTTP GET /api/analytics/dashboard/summary responded 200 in 53.5535 ms
2026-04-21 22:05:37.168 +05:30 [INF] Serilog.AspNetCore.RequestLoggingMiddleware | CorrelationId:1ec5f6d7cd1d48ac89ed11e8337e7f6b | HTTP OPTIONS /api/alumni/stats responded 204 in 0.0531 ms
2026-04-21 22:05:37.183 +05:30 [INF] Serilog.AspNetCore.RequestLoggingMiddleware | CorrelationId:a988513c425a4c448b82ad067c410bd3 | HTTP OPTIONS /api/alumni/stats responded 204 in 0.0541 ms
2026-04-21 22:05:37.247 +05:30 [INF] SmsApi.Middleware.LoggingActionFilter | CorrelationId:022bc0d18fb147d9b9999db84eb71050 | API Request: GET /api/alumni/stats | User: Unknown | School: 550e8400-e29b-41d4-a716-446655440000
2026-04-21 22:05:37.259 +05:30 [INF] SmsApi.Middleware.LoggingActionFilter | CorrelationId:a3b300d26a804d44a5cdefd27edc506d | API Request: GET /api/alumni/stats | User: Unknown | School: 550e8400-e29b-41d4-a716-446655440000
2026-04-21 22:05:37.362 +05:30 [INF] SmsApi.Middleware.LoggingActionFilter | CorrelationId:a3b300d26a804d44a5cdefd27edc506d | API Response: GET /api/alumni/stats | Status: 200 | Duration: 102ms
2026-04-21 22:05:37.362 +05:30 [INF] SmsApi.Middleware.LoggingActionFilter | CorrelationId:022bc0d18fb147d9b9999db84eb71050 | API Response: GET /api/alumni/stats | Status: 200 | Duration: 114ms
2026-04-21 22:05:37.370 +05:30 [INF] Serilog.AspNetCore.RequestLoggingMiddleware | CorrelationId:022bc0d18fb147d9b9999db84eb71050 | HTTP GET /api/alumni/stats responded 200 in 149.8084 ms
2026-04-21 22:05:37.372 +05:30 [INF] Serilog.AspNetCore.RequestLoggingMiddleware | CorrelationId:a3b300d26a804d44a5cdefd27edc506d | HTTP GET /api/alumni/stats responded 200 in 113.6385 ms
2026-04-21 22:05:39.921 +05:30 [INF] Serilog.AspNetCore.RequestLoggingMiddleware | CorrelationId:763f74a6b0254f16a28e1369139775cf | HTTP OPTIONS /api/finance/categories responded 204 in 0.3562 ms
2026-04-21 22:05:39.921 +05:30 [INF] Serilog.AspNetCore.RequestLoggingMiddleware | CorrelationId:1b9d4bc52633446084729bc419f3146d | HTTP OPTIONS /api/finance/stats responded 204 in 0.0243 ms
2026-04-21 22:05:39.928 +05:30 [INF] Serilog.AspNetCore.RequestLoggingMiddleware | CorrelationId:c439066dd14a4cc3a5b9a17df266ec39 | HTTP OPTIONS /api/finance/stats responded 204 in 0.1091 ms
2026-04-21 22:05:39.932 +05:30 [INF] Serilog.AspNetCore.RequestLoggingMiddleware | CorrelationId:af8c8479c3c643fb9a8ca26ef808c376 | HTTP OPTIONS /api/finance/transactions responded 204 in 0.1656 ms
2026-04-21 22:05:39.932 +05:30 [INF] Serilog.AspNetCore.RequestLoggingMiddleware | CorrelationId:a30441aec8704b988770805e1979f2e3 | HTTP OPTIONS /api/finance/accounts responded 204 in 0.0590 ms
2026-04-21 22:05:39.933 +05:30 [INF] Serilog.AspNetCore.RequestLoggingMiddleware | CorrelationId:a78f60d4ca2c4b59a828343b74f49c40 | HTTP OPTIONS /api/finance/accounts responded 204 in 0.0285 ms
2026-04-21 22:05:39.963 +05:30 [INF] Serilog.AspNetCore.RequestLoggingMiddleware | CorrelationId:bc473d79ff81426dba3651d95574945f | HTTP OPTIONS /api/finance/categories responded 204 in 0.0573 ms
2026-04-21 22:05:40.028 +05:30 [INF] Serilog.AspNetCore.RequestLoggingMiddleware | CorrelationId:5dd17bf716b043a5b6ecdb62f2f943fa | HTTP OPTIONS /api/finance/transactions responded 204 in 0.2893 ms
2026-04-21 22:05:40.121 +05:30 [INF] Serilog.AspNetCore.RequestLoggingMiddleware | CorrelationId:d1992486463645f78b26c9ba64c40e34 | HTTP OPTIONS /api/notifications/unread-count responded 204 in 0.0690 ms
2026-04-21 22:05:40.122 +05:30 [INF] SmsApi.Middleware.LoggingActionFilter | CorrelationId:4a76fb504933441fafd641726c269e9f | API Request: GET /api/finance/categories | User: Unknown | School: 550e8400-e29b-41d4-a716-446655440000
2026-04-21 22:05:40.178 +05:30 [INF] SmsApi.Middleware.LoggingActionFilter | CorrelationId:deb55a711f124fbd96b179d0b4f15c23 | API Request: GET /api/finance/stats | User: Unknown | School: 550e8400-e29b-41d4-a716-446655440000
2026-04-21 22:05:40.187 +05:30 [INF] SmsApi.Middleware.LoggingActionFilter | CorrelationId:4edfabc84c0148a19e43413885901e47 | API Request: GET /api/finance/stats | User: Unknown | School: 550e8400-e29b-41d4-a716-446655440000
2026-04-21 22:05:40.253 +05:30 [INF] SmsApi.Middleware.LoggingActionFilter | CorrelationId:d9cd744738d74ed0a0a81ca61b24d1fd | API Request: GET /api/finance/transactions | User: Unknown | School: 550e8400-e29b-41d4-a716-446655440000
2026-04-21 22:05:40.264 +05:30 [INF] SmsApi.Middleware.LoggingActionFilter | CorrelationId:89e2eec951a748b188d3ca0c1c4f8f42 | API Request: GET /api/finance/accounts | User: Unknown | School: 550e8400-e29b-41d4-a716-446655440000
2026-04-21 22:05:40.280 +05:30 [INF] SmsApi.Middleware.LoggingActionFilter | CorrelationId:28cb36917ad04297970d3a760d864886 | API Request: GET /api/finance/accounts | User: Unknown | School: 550e8400-e29b-41d4-a716-446655440000
2026-04-21 22:05:40.350 +05:30 [INF] SmsApi.Middleware.LoggingActionFilter | CorrelationId:4a76fb504933441fafd641726c269e9f | API Response: GET /api/finance/categories | Status: 200 | Duration: 227ms
2026-04-21 22:05:40.464 +05:30 [INF] SmsApi.Middleware.LoggingActionFilter | CorrelationId:28cb36917ad04297970d3a760d864886 | API Response: GET /api/finance/accounts | Status: 200 | Duration: 184ms
2026-04-21 22:05:40.467 +05:30 [INF] SmsApi.Middleware.LoggingActionFilter | CorrelationId:89e2eec951a748b188d3ca0c1c4f8f42 | API Response: GET /api/finance/accounts | Status: 200 | Duration: 202ms
2026-04-21 22:05:40.470 +05:30 [INF] Serilog.AspNetCore.RequestLoggingMiddleware | CorrelationId:4a76fb504933441fafd641726c269e9f | HTTP GET /api/finance/categories responded 200 in 384.0401 ms
2026-04-21 22:05:40.620 +05:30 [INF] Serilog.AspNetCore.RequestLoggingMiddleware | CorrelationId:28cb36917ad04297970d3a760d864886 | HTTP GET /api/finance/accounts responded 200 in 354.4487 ms
2026-04-21 22:05:40.639 +05:30 [INF] Serilog.AspNetCore.RequestLoggingMiddleware | CorrelationId:89e2eec951a748b188d3ca0c1c4f8f42 | HTTP GET /api/finance/accounts responded 200 in 414.8026 ms
2026-04-21 22:05:40.649 +05:30 [INF] SmsApi.Middleware.LoggingActionFilter | CorrelationId:d9cd744738d74ed0a0a81ca61b24d1fd | API Response: GET /api/finance/transactions | Status: 200 | Duration: 395ms
2026-04-21 22:05:40.673 +05:30 [INF] SmsApi.Middleware.LoggingActionFilter | CorrelationId:deb55a711f124fbd96b179d0b4f15c23 | API Response: GET /api/finance/stats | Status: 200 | Duration: 495ms
2026-04-21 22:05:40.674 +05:30 [INF] SmsApi.Middleware.LoggingActionFilter | CorrelationId:4edfabc84c0148a19e43413885901e47 | API Response: GET /api/finance/stats | Status: 200 | Duration: 486ms
2026-04-21 22:05:40.755 +05:30 [INF] SmsApi.Middleware.LoggingActionFilter | CorrelationId:59679f9e9fde4068b3b48bb84e8ce8a2 | API Request: GET /api/finance/categories | User: Unknown | School: 550e8400-e29b-41d4-a716-446655440000
2026-04-21 22:05:40.775 +05:30 [INF] Serilog.AspNetCore.RequestLoggingMiddleware | CorrelationId:d9cd744738d74ed0a0a81ca61b24d1fd | HTTP GET /api/finance/transactions responded 200 in 564.7360 ms
2026-04-21 22:05:40.796 +05:30 [INF] Serilog.AspNetCore.RequestLoggingMiddleware | CorrelationId:deb55a711f124fbd96b179d0b4f15c23 | HTTP GET /api/finance/stats responded 200 in 668.5156 ms
2026-04-21 22:05:40.808 +05:30 [INF] Serilog.AspNetCore.RequestLoggingMiddleware | CorrelationId:4edfabc84c0148a19e43413885901e47 | HTTP GET /api/finance/stats responded 200 in 628.8755 ms
2026-04-21 22:05:40.841 +05:30 [INF] SmsApi.Middleware.LoggingActionFilter | CorrelationId:57499ec35bfd4f3fa836d27f884b83d3 | API Request: GET /api/finance/transactions | User: Unknown | School: 550e8400-e29b-41d4-a716-446655440000
2026-04-21 22:05:40.858 +05:30 [WRN] SmsApi.Infrastructure.Performance.PerformanceMonitoringMiddleware | CorrelationId: | Slow request: GET /api/finance/transactions took 564ms — status 200.
2026-04-21 22:05:40.864 +05:30 [WRN] SmsApi.Infrastructure.Performance.PerformanceMonitoringMiddleware | CorrelationId: | Slow request: GET /api/finance/stats took 668ms — status 200.
2026-04-21 22:05:40.894 +05:30 [WRN] SmsApi.Infrastructure.Performance.PerformanceMonitoringMiddleware | CorrelationId: | Slow request: GET /api/finance/stats took 628ms — status 200.
2026-04-21 22:05:40.913 +05:30 [INF] SmsApi.Middleware.LoggingActionFilter | CorrelationId:59679f9e9fde4068b3b48bb84e8ce8a2 | API Response: GET /api/finance/categories | Status: 200 | Duration: 158ms
2026-04-21 22:05:40.954 +05:30 [INF] SmsApi.Middleware.LoggingActionFilter | CorrelationId:b1e96f33bc1248c18dd51d7148bebdfc | API Request: GET /api/notifications/unread-count | User: Unknown | School: 550e8400-e29b-41d4-a716-446655440000
2026-04-21 22:05:40.967 +05:30 [INF] SmsApi.Middleware.LoggingActionFilter | CorrelationId:57499ec35bfd4f3fa836d27f884b83d3 | API Response: GET /api/finance/transactions | Status: 200 | Duration: 125ms
2026-04-21 22:05:41.003 +05:30 [INF] Serilog.AspNetCore.RequestLoggingMiddleware | CorrelationId:57499ec35bfd4f3fa836d27f884b83d3 | HTTP GET /api/finance/transactions responded 200 in 164.7501 ms
2026-04-21 22:05:41.000 +05:30 [INF] SmsApi.Middleware.LoggingActionFilter | CorrelationId:b1e96f33bc1248c18dd51d7148bebdfc | API Response: GET /api/notifications/unread-count | Status: 200 | Duration: 46ms
2026-04-21 22:05:40.988 +05:30 [INF] Serilog.AspNetCore.RequestLoggingMiddleware | CorrelationId:59679f9e9fde4068b3b48bb84e8ce8a2 | HTTP GET /api/finance/categories responded 200 in 232.6959 ms
2026-04-21 22:05:41.155 +05:30 [INF] Serilog.AspNetCore.RequestLoggingMiddleware | CorrelationId:b1e96f33bc1248c18dd51d7148bebdfc | HTTP GET /api/notifications/unread-count responded 200 in 201.2290 ms
2026-04-21 22:05:43.594 +05:30 [INF] Serilog.AspNetCore.RequestLoggingMiddleware | CorrelationId:0b469b3bb781456eba86b673a1ebf2fc | HTTP OPTIONS /api/analytics/dashboard/summary responded 204 in 0.3572 ms
2026-04-21 22:05:43.594 +05:30 [INF] Serilog.AspNetCore.RequestLoggingMiddleware | CorrelationId:c4f16e4f48d245608848cf5a85260692 | HTTP OPTIONS /api/analytics/dashboard/summary responded 204 in 0.3174 ms
2026-04-21 22:05:43.677 +05:30 [INF] SmsApi.Middleware.LoggingActionFilter | CorrelationId:e59f54f6520249a2bb2eb4fccd2dbfbb | API Request: GET /api/analytics/dashboard/summary | User: Unknown | School: 550e8400-e29b-41d4-a716-446655440000
2026-04-21 22:05:43.707 +05:30 [INF] SmsApi.Middleware.LoggingActionFilter | CorrelationId:e59f54f6520249a2bb2eb4fccd2dbfbb | API Response: GET /api/analytics/dashboard/summary | Status: 200 | Duration: 30ms
2026-04-21 22:05:43.709 +05:30 [INF] SmsApi.Middleware.LoggingActionFilter | CorrelationId:7de6ccc141444422b7c3f8d5dfa0a5c0 | API Request: GET /api/analytics/dashboard/summary | User: Unknown | School: 550e8400-e29b-41d4-a716-446655440000
2026-04-21 22:05:43.714 +05:30 [INF] Serilog.AspNetCore.RequestLoggingMiddleware | CorrelationId:e59f54f6520249a2bb2eb4fccd2dbfbb | HTTP GET /api/analytics/dashboard/summary responded 200 in 106.6596 ms
2026-04-21 22:05:43.717 +05:30 [INF] SmsApi.Middleware.LoggingActionFilter | CorrelationId:7de6ccc141444422b7c3f8d5dfa0a5c0 | API Response: GET /api/analytics/dashboard/summary | Status: 200 | Duration: 7ms
2026-04-21 22:05:43.768 +05:30 [INF] Serilog.AspNetCore.RequestLoggingMiddleware | CorrelationId:7de6ccc141444422b7c3f8d5dfa0a5c0 | HTTP GET /api/analytics/dashboard/summary responded 200 in 65.5849 ms
2026-04-21 22:05:46.763 +05:30 [INF] Serilog.AspNetCore.RequestLoggingMiddleware | CorrelationId:2e796a9200414d9486285fae8a4087b0 | HTTP OPTIONS /api/notifications/my responded 204 in 0.1249 ms
2026-04-21 22:05:46.814 +05:30 [INF] SmsApi.Middleware.LoggingActionFilter | CorrelationId:ee26993afd314731947b46406377c490 | API Request: GET /api/notifications/my | User: Unknown | School: 550e8400-e29b-41d4-a716-446655440000
2026-04-21 22:05:46.906 +05:30 [INF] SmsApi.Middleware.LoggingActionFilter | CorrelationId:ee26993afd314731947b46406377c490 | API Response: GET /api/notifications/my | Status: 200 | Duration: 92ms
2026-04-21 22:05:46.929 +05:30 [INF] Serilog.AspNetCore.RequestLoggingMiddleware | CorrelationId:ee26993afd314731947b46406377c490 | HTTP GET /api/notifications/my responded 200 in 142.6238 ms
2026-04-21 22:05:50.365 +05:30 [INF] Serilog.AspNetCore.RequestLoggingMiddleware | CorrelationId:8eceedc95d8f4ac297167fa819698333 | HTTP OPTIONS /api/notifications/read-all responded 204 in 0.0879 ms
2026-04-21 22:05:50.412 +05:30 [INF] SmsApi.Middleware.LoggingActionFilter | CorrelationId:9aa1db7893244776896bbfce442537dc | API Request: PUT /api/notifications/read-all | User: Unknown | School: 550e8400-e29b-41d4-a716-446655440000
2026-04-21 22:05:50.489 +05:30 [INF] SmsApi.Middleware.LoggingActionFilter | CorrelationId:9aa1db7893244776896bbfce442537dc | API Response: PUT /api/notifications/read-all | Status: 200 | Duration: 77ms
2026-04-21 22:05:50.520 +05:30 [INF] Serilog.AspNetCore.RequestLoggingMiddleware | CorrelationId:9aa1db7893244776896bbfce442537dc | HTTP PUT /api/notifications/read-all responded 200 in 115.0364 ms
2026-04-21 22:05:50.531 +05:30 [INF] Serilog.AspNetCore.RequestLoggingMiddleware | CorrelationId:d45446720b7147968903a43ce2008c9d | HTTP OPTIONS /api/notifications/unread-count responded 204 in 0.2127 ms
2026-04-21 22:05:50.537 +05:30 [INF] Serilog.AspNetCore.RequestLoggingMiddleware | CorrelationId:a3bdda466cb5403b84e6217272659c3f | HTTP OPTIONS /api/notifications/my responded 204 in 0.0724 ms
2026-04-21 22:05:50.552 +05:30 [INF] SmsApi.Middleware.LoggingActionFilter | CorrelationId:e661d7e9356a4aea9799920fc9169ef7 | API Request: GET /api/notifications/unread-count | User: Unknown | School: 550e8400-e29b-41d4-a716-446655440000
2026-04-21 22:05:50.559 +05:30 [INF] SmsApi.Middleware.LoggingActionFilter | CorrelationId:506b42479cdb43e287152f22373a4027 | API Request: GET /api/notifications/my | User: Unknown | School: 550e8400-e29b-41d4-a716-446655440000
2026-04-21 22:05:50.569 +05:30 [INF] SmsApi.Middleware.LoggingActionFilter | CorrelationId:e661d7e9356a4aea9799920fc9169ef7 | API Response: GET /api/notifications/unread-count | Status: 200 | Duration: 17ms
2026-04-21 22:05:50.580 +05:30 [INF] SmsApi.Middleware.LoggingActionFilter | CorrelationId:506b42479cdb43e287152f22373a4027 | API Response: GET /api/notifications/my | Status: 200 | Duration: 21ms
2026-04-21 22:05:50.582 +05:30 [INF] Serilog.AspNetCore.RequestLoggingMiddleware | CorrelationId:e661d7e9356a4aea9799920fc9169ef7 | HTTP GET /api/notifications/unread-count responded 200 in 32.1549 ms
2026-04-21 22:05:50.606 +05:30 [INF] Serilog.AspNetCore.RequestLoggingMiddleware | CorrelationId:506b42479cdb43e287152f22373a4027 | HTTP GET /api/notifications/my responded 200 in 48.0420 ms
2026-04-21 22:06:23.623 +05:30 [INF] Serilog.AspNetCore.RequestLoggingMiddleware | CorrelationId:0a0cd8d7dcca42168f0cd5fb2920f0b3 | HTTP OPTIONS /api/academics/academic-years responded 204 in 0.9031 ms
2026-04-21 22:06:23.695 +05:30 [INF] Serilog.AspNetCore.RequestLoggingMiddleware | CorrelationId:7236e1bd71184f058d8ad313e1383952 | HTTP OPTIONS /api/academics/academic-years responded 204 in 103.7503 ms
2026-04-21 22:06:23.818 +05:30 [INF] Serilog.AspNetCore.RequestLoggingMiddleware | CorrelationId:5dae81caa798452d9210a8bd27c7ad78 | HTTP OPTIONS /api/settings/school/me responded 204 in 7.5230 ms
2026-04-21 22:06:24.344 +05:30 [INF] Serilog.AspNetCore.RequestLoggingMiddleware | CorrelationId:dcdede8c00884027abd564f49f9f20b8 | HTTP OPTIONS /api/analytics/dashboard/summary responded 204 in 0.2975 ms
2026-04-21 22:06:24.344 +05:30 [INF] Serilog.AspNetCore.RequestLoggingMiddleware | CorrelationId:fac065b262624ca392d57de2464327d8 | HTTP OPTIONS /api/notifications/unread-count responded 204 in 0.2986 ms
2026-04-21 22:06:24.344 +05:30 [INF] Serilog.AspNetCore.RequestLoggingMiddleware | CorrelationId:000f516f029f4f3fb4b580aa027dc0c8 | HTTP OPTIONS /api/analytics/dashboard/summary responded 204 in 0.0281 ms
2026-04-21 22:06:24.656 +05:30 [WRN] SmsApi.Infrastructure.Performance.PerformanceMonitoringMiddleware | CorrelationId: | Slow request: OPTIONS /api/academics/academic-years took 1034ms — status 204.
2026-04-21 22:06:24.680 +05:30 [WRN] SmsApi.Infrastructure.Performance.PerformanceMonitoringMiddleware | CorrelationId: | Slow request: OPTIONS /api/academics/academic-years took 1088ms — status 204.
2026-04-21 22:06:24.688 +05:30 [WRN] SmsApi.Infrastructure.Performance.PerformanceMonitoringMiddleware | CorrelationId: | Slow request: OPTIONS /api/settings/school/me took 878ms — status 204.
2026-04-21 22:06:24.885 +05:30 [INF] SmsApi.Middleware.LoggingActionFilter | CorrelationId:fc11b0a18ac74ba99b6e3a3cbe321789 | API Request: GET /api/analytics/dashboard/summary | User: Unknown | School: 550e8400-e29b-41d4-a716-446655440000
2026-04-21 22:06:25.023 +05:30 [WRN] SmsApi.Infrastructure.Performance.PerformanceMonitoringMiddleware | CorrelationId: | Slow request: OPTIONS /api/notifications/unread-count took 679ms — status 204.
2026-04-21 22:06:25.026 +05:30 [WRN] SmsApi.Infrastructure.Performance.PerformanceMonitoringMiddleware | CorrelationId: | Slow request: OPTIONS /api/analytics/dashboard/summary took 681ms — status 204.
2026-04-21 22:06:25.047 +05:30 [INF] SmsApi.Middleware.LoggingActionFilter | CorrelationId:eb02a70f7ddd4b33b4983b3731af04eb | API Request: GET /api/academics/academic-years | User: Unknown | School: 550e8400-e29b-41d4-a716-446655440000
2026-04-21 22:06:25.048 +05:30 [INF] SmsApi.Middleware.LoggingActionFilter | CorrelationId:b8e460a69d854db4bc62b64df9a288a2 | API Request: GET /api/academics/academic-years | User: Unknown | School: 550e8400-e29b-41d4-a716-446655440000
2026-04-21 22:06:25.061 +05:30 [INF] SmsApi.Middleware.LoggingActionFilter | CorrelationId:7fb7b14c3c5443a39ccbdd2cce300051 | API Request: GET /api/settings/school/me | User: Unknown | School: 550e8400-e29b-41d4-a716-446655440000
2026-04-21 22:06:25.062 +05:30 [INF] SmsApi.Middleware.LoggingActionFilter | CorrelationId:fc11b0a18ac74ba99b6e3a3cbe321789 | API Response: GET /api/analytics/dashboard/summary | Status: 200 | Duration: 177ms
2026-04-21 22:06:25.085 +05:30 [INF] SmsApi.Middleware.LoggingActionFilter | CorrelationId:d0c8d77d41164488b9c3415e689b6df8 | API Request: GET /api/notifications/unread-count | User: Unknown | School: 550e8400-e29b-41d4-a716-446655440000
2026-04-21 22:06:25.101 +05:30 [INF] SmsApi.Middleware.LoggingActionFilter | CorrelationId:cb727bc987034adcafc9a19efc506e4a | API Request: GET /api/analytics/dashboard/summary | User: Unknown | School: 550e8400-e29b-41d4-a716-446655440000
2026-04-21 22:06:25.146 +05:30 [INF] SmsApi.Middleware.LoggingActionFilter | CorrelationId:eb02a70f7ddd4b33b4983b3731af04eb | API Response: GET /api/academics/academic-years | Status: 200 | Duration: 99ms
2026-04-21 22:06:25.187 +05:30 [INF] Serilog.AspNetCore.RequestLoggingMiddleware | CorrelationId:fc11b0a18ac74ba99b6e3a3cbe321789 | HTTP GET /api/analytics/dashboard/summary responded 200 in 327.9072 ms
2026-04-21 22:06:25.196 +05:30 [INF] SmsApi.Middleware.LoggingActionFilter | CorrelationId:7fb7b14c3c5443a39ccbdd2cce300051 | API Response: GET /api/settings/school/me | Status: 200 | Duration: 135ms
2026-04-21 22:06:25.209 +05:30 [INF] SmsApi.Middleware.LoggingActionFilter | CorrelationId:cb727bc987034adcafc9a19efc506e4a | API Response: GET /api/analytics/dashboard/summary | Status: 200 | Duration: 107ms
2026-04-21 22:06:25.215 +05:30 [INF] Serilog.AspNetCore.RequestLoggingMiddleware | CorrelationId:eb02a70f7ddd4b33b4983b3731af04eb | HTTP GET /api/academics/academic-years responded 200 in 169.2369 ms
2026-04-21 22:06:25.227 +05:30 [INF] SmsApi.Middleware.LoggingActionFilter | CorrelationId:d0c8d77d41164488b9c3415e689b6df8 | API Response: GET /api/notifications/unread-count | Status: 200 | Duration: 142ms
2026-04-21 22:06:25.235 +05:30 [INF] Serilog.AspNetCore.RequestLoggingMiddleware | CorrelationId:7fb7b14c3c5443a39ccbdd2cce300051 | HTTP GET /api/settings/school/me responded 200 in 179.4211 ms
2026-04-21 22:06:25.246 +05:30 [INF] Serilog.AspNetCore.RequestLoggingMiddleware | CorrelationId:cb727bc987034adcafc9a19efc506e4a | HTTP GET /api/analytics/dashboard/summary responded 200 in 154.3171 ms
2026-04-21 22:06:25.262 +05:30 [INF] SmsApi.Middleware.LoggingActionFilter | CorrelationId:b8e460a69d854db4bc62b64df9a288a2 | API Response: GET /api/academics/academic-years | Status: 200 | Duration: 213ms
2026-04-21 22:06:25.269 +05:30 [INF] Serilog.AspNetCore.RequestLoggingMiddleware | CorrelationId:d0c8d77d41164488b9c3415e689b6df8 | HTTP GET /api/notifications/unread-count responded 200 in 185.6271 ms
2026-04-21 22:06:25.413 +05:30 [INF] Serilog.AspNetCore.RequestLoggingMiddleware | CorrelationId:b8e460a69d854db4bc62b64df9a288a2 | HTTP GET /api/academics/academic-years responded 200 in 365.1391 ms
2026-04-21 22:06:55.478 +05:30 [INF] Serilog.AspNetCore.RequestLoggingMiddleware | CorrelationId:b0dda47caa194ed287877e8ff970b3f7 | HTTP OPTIONS /api/notifications/unread-count responded 204 in 3.8483 ms
2026-04-21 22:06:55.591 +05:30 [INF] SmsApi.Middleware.LoggingActionFilter | CorrelationId:9516208548cb40438e3f186b3153f272 | API Request: GET /api/notifications/unread-count | User: Unknown | School: 550e8400-e29b-41d4-a716-446655440000
2026-04-21 22:06:55.611 +05:30 [INF] SmsApi.Middleware.LoggingActionFilter | CorrelationId:9516208548cb40438e3f186b3153f272 | API Response: GET /api/notifications/unread-count | Status: 200 | Duration: 19ms
2026-04-21 22:06:55.619 +05:30 [INF] Serilog.AspNetCore.RequestLoggingMiddleware | CorrelationId:9516208548cb40438e3f186b3153f272 | HTTP GET /api/notifications/unread-count responded 200 in 37.5845 ms
2026-04-21 22:07:25.722 +05:30 [INF] Serilog.AspNetCore.RequestLoggingMiddleware | CorrelationId:6352e13108e142879f01fc67db0a1776 | HTTP OPTIONS /api/notifications/unread-count responded 204 in 2.6478 ms
2026-04-21 22:07:25.915 +05:30 [INF] SmsApi.Middleware.LoggingActionFilter | CorrelationId:03726e9844304714b8dd6e8dadb8c65c | API Request: GET /api/notifications/unread-count | User: Unknown | School: 550e8400-e29b-41d4-a716-446655440000
2026-04-21 22:07:25.962 +05:30 [INF] SmsApi.Middleware.LoggingActionFilter | CorrelationId:03726e9844304714b8dd6e8dadb8c65c | API Response: GET /api/notifications/unread-count | Status: 200 | Duration: 47ms
2026-04-21 22:07:25.975 +05:30 [INF] Serilog.AspNetCore.RequestLoggingMiddleware | CorrelationId:03726e9844304714b8dd6e8dadb8c65c | HTTP GET /api/notifications/unread-count responded 200 in 72.6330 ms
2026-04-21 22:07:56.042 +05:30 [INF] Serilog.AspNetCore.RequestLoggingMiddleware | CorrelationId:5b381ddfef2a4daa86cbbecbacf15e5a | HTTP OPTIONS /api/notifications/unread-count responded 204 in 0.7007 ms
2026-04-21 22:07:56.201 +05:30 [INF] SmsApi.Middleware.LoggingActionFilter | CorrelationId:b886ff7ed523430489e56736edaf7e2e | API Request: GET /api/notifications/unread-count | User: Unknown | School: 550e8400-e29b-41d4-a716-446655440000
2026-04-21 22:07:56.270 +05:30 [INF] SmsApi.Middleware.LoggingActionFilter | CorrelationId:b886ff7ed523430489e56736edaf7e2e | API Response: GET /api/notifications/unread-count | Status: 200 | Duration: 70ms
2026-04-21 22:07:56.281 +05:30 [INF] Serilog.AspNetCore.RequestLoggingMiddleware | CorrelationId:b886ff7ed523430489e56736edaf7e2e | HTTP GET /api/notifications/unread-count responded 200 in 98.0627 ms
2026-04-21 22:08:26.362 +05:30 [INF] Serilog.AspNetCore.RequestLoggingMiddleware | CorrelationId:c363835ff8f44dc5b9ee0d8ca43479d5 | HTTP OPTIONS /api/notifications/unread-count responded 204 in 0.6449 ms
2026-04-21 22:08:26.398 +05:30 [INF] SmsApi.Middleware.LoggingActionFilter | CorrelationId:df985efa6ee9467da9963310abb24318 | API Request: GET /api/notifications/unread-count | User: Unknown | School: 550e8400-e29b-41d4-a716-446655440000
2026-04-21 22:08:26.421 +05:30 [INF] SmsApi.Middleware.LoggingActionFilter | CorrelationId:df985efa6ee9467da9963310abb24318 | API Response: GET /api/notifications/unread-count | Status: 200 | Duration: 23ms
2026-04-21 22:08:26.424 +05:30 [INF] Serilog.AspNetCore.RequestLoggingMiddleware | CorrelationId:df985efa6ee9467da9963310abb24318 | HTTP GET /api/notifications/unread-count responded 200 in 32.6965 ms
2026-04-21 22:08:49.120 +05:30 [INF] Serilog.AspNetCore.RequestLoggingMiddleware | CorrelationId:8dbd71dc4aa9492bbe8279dafa61f432 | HTTP OPTIONS /api/academics/academic-years responded 204 in 0.3807 ms
2026-04-21 22:08:49.406 +05:30 [INF] Serilog.AspNetCore.RequestLoggingMiddleware | CorrelationId:279cd1443d144fc280f26c8e4a6fcbd3 | HTTP OPTIONS /api/settings/school/me responded 204 in 0.0712 ms
2026-04-21 22:08:49.184 +05:30 [INF] Serilog.AspNetCore.RequestLoggingMiddleware | CorrelationId:b01820afe50a4f3ebd5a0135d0e73096 | HTTP OPTIONS /api/academics/academic-years responded 204 in 0.0558 ms
2026-04-21 22:08:49.758 +05:30 [INF] Serilog.AspNetCore.RequestLoggingMiddleware | CorrelationId:335e5990700f4e50bf30bf4f86a3d973 | HTTP OPTIONS /api/notifications/unread-count responded 204 in 0.2161 ms
2026-04-21 22:08:51.351 +05:30 [ERR] SmsApi.Infrastructure.Performance.PerformanceMonitoringMiddleware | CorrelationId: | SLA BREACH: OPTIONS /api/academics/academic-years took 2231ms — status 204. Investigate immediately.
2026-04-21 22:08:51.374 +05:30 [WRN] SmsApi.Infrastructure.Performance.PerformanceMonitoringMiddleware | CorrelationId: | Slow request: OPTIONS /api/settings/school/me took 1968ms — status 204.
2026-04-21 22:08:51.385 +05:30 [ERR] SmsApi.Infrastructure.Performance.PerformanceMonitoringMiddleware | CorrelationId: | SLA BREACH: OPTIONS /api/academics/academic-years took 2202ms — status 204. Investigate immediately.
2026-04-21 22:08:51.396 +05:30 [WRN] SmsApi.Infrastructure.Performance.PerformanceMonitoringMiddleware | CorrelationId: | Slow request: OPTIONS /api/notifications/unread-count took 1638ms — status 204.
2026-04-21 22:08:51.443 +05:30 [INF] Serilog.AspNetCore.RequestLoggingMiddleware | CorrelationId:8eca82b77bcd4bdd981a429556c4c401 | HTTP OPTIONS /api/analytics/dashboard/summary responded 204 in 0.0781 ms
2026-04-21 22:08:51.475 +05:30 [INF] Serilog.AspNetCore.RequestLoggingMiddleware | CorrelationId:c8455e2634374d0fbc1b90b5285e13dc | HTTP OPTIONS /api/analytics/dashboard/summary responded 204 in 0.0993 ms
2026-04-21 22:08:51.639 +05:30 [INF] SmsApi.Middleware.LoggingActionFilter | CorrelationId:106c97f0ebdf45858c65bf111ea37cb2 | API Request: GET /api/settings/school/me | User: Unknown | School: 550e8400-e29b-41d4-a716-446655440000
2026-04-21 22:08:51.640 +05:30 [INF] SmsApi.Middleware.LoggingActionFilter | CorrelationId:d9fa160a40a64a91aa4f4e1cb6de44b5 | API Request: GET /api/academics/academic-years | User: Unknown | School: 550e8400-e29b-41d4-a716-446655440000
2026-04-21 22:08:51.651 +05:30 [INF] SmsApi.Middleware.LoggingActionFilter | CorrelationId:d42e52fb2ef44d6b8c0f30d335fbbfaa | API Request: GET /api/academics/academic-years | User: Unknown | School: 550e8400-e29b-41d4-a716-446655440000
2026-04-21 22:08:51.671 +05:30 [INF] SmsApi.Middleware.LoggingActionFilter | CorrelationId:ef9a7957d2b74a2ca3c10e1c3a5a0bfc | API Request: GET /api/notifications/unread-count | User: Unknown | School: 550e8400-e29b-41d4-a716-446655440000
2026-04-21 22:08:51.980 +05:30 [INF] SmsApi.Middleware.LoggingActionFilter | CorrelationId:106c97f0ebdf45858c65bf111ea37cb2 | API Response: GET /api/settings/school/me | Status: 200 | Duration: 341ms
2026-04-21 22:08:51.989 +05:30 [INF] SmsApi.Middleware.LoggingActionFilter | CorrelationId:aeee1718a6984f8884d45deaf9038149 | API Request: GET /api/analytics/dashboard/summary | User: Unknown | School: 550e8400-e29b-41d4-a716-446655440000
2026-04-21 22:08:52.484 +05:30 [INF] SmsApi.Middleware.LoggingActionFilter | CorrelationId:543a8c8900244aab88705353548af0f1 | API Request: GET /api/analytics/dashboard/summary | User: Unknown | School: 550e8400-e29b-41d4-a716-446655440000
2026-04-21 22:08:52.654 +05:30 [INF] SmsApi.Middleware.LoggingActionFilter | CorrelationId:d9fa160a40a64a91aa4f4e1cb6de44b5 | API Response: GET /api/academics/academic-years | Status: 200 | Duration: 1014ms
2026-04-21 22:08:52.669 +05:30 [INF] Serilog.AspNetCore.RequestLoggingMiddleware | CorrelationId:106c97f0ebdf45858c65bf111ea37cb2 | HTTP GET /api/settings/school/me responded 200 in 1031.0958 ms
2026-04-21 22:08:52.707 +05:30 [INF] SmsApi.Middleware.LoggingActionFilter | CorrelationId:ef9a7957d2b74a2ca3c10e1c3a5a0bfc | API Response: GET /api/notifications/unread-count | Status: 200 | Duration: 1036ms
2026-04-21 22:08:52.751 +05:30 [INF] SmsApi.Middleware.LoggingActionFilter | CorrelationId:d42e52fb2ef44d6b8c0f30d335fbbfaa | API Response: GET /api/academics/academic-years | Status: 200 | Duration: 1100ms
2026-04-21 22:08:53.085 +05:30 [INF] Serilog.AspNetCore.RequestLoggingMiddleware | CorrelationId:d9fa160a40a64a91aa4f4e1cb6de44b5 | HTTP GET /api/academics/academic-years responded 200 in 1512.4343 ms
2026-04-21 22:08:53.108 +05:30 [WRN] SmsApi.Infrastructure.Performance.PerformanceMonitoringMiddleware | CorrelationId: | Slow request: GET /api/settings/school/me took 1030ms — status 200.
2026-04-21 22:08:53.124 +05:30 [INF] Serilog.AspNetCore.RequestLoggingMiddleware | CorrelationId:ef9a7957d2b74a2ca3c10e1c3a5a0bfc | HTTP GET /api/notifications/unread-count responded 200 in 1454.0902 ms
2026-04-21 22:08:53.150 +05:30 [INF] Serilog.AspNetCore.RequestLoggingMiddleware | CorrelationId:d42e52fb2ef44d6b8c0f30d335fbbfaa | HTTP GET /api/academics/academic-years responded 200 in 1501.0071 ms
2026-04-21 22:08:53.184 +05:30 [WRN] SmsApi.Infrastructure.Performance.PerformanceMonitoringMiddleware | CorrelationId: | Slow request: GET /api/academics/academic-years took 1512ms — status 200.
2026-04-21 22:08:53.236 +05:30 [WRN] SmsApi.Infrastructure.Performance.PerformanceMonitoringMiddleware | CorrelationId: | Slow request: GET /api/notifications/unread-count took 1454ms — status 200.
2026-04-21 22:08:53.264 +05:30 [WRN] SmsApi.Infrastructure.Performance.PerformanceMonitoringMiddleware | CorrelationId: | Slow request: GET /api/academics/academic-years took 1500ms — status 200.
2026-04-21 22:08:53.282 +05:30 [INF] Serilog.AspNetCore.RequestLoggingMiddleware | CorrelationId:8383b2876e9a402ebc8a0ea5ab0da739 | HTTP OPTIONS /api/library/books responded 204 in 0.0617 ms
2026-04-21 22:08:53.468 +05:30 [INF] Serilog.AspNetCore.RequestLoggingMiddleware | CorrelationId:2b1524f066ef4401b50b7310c99c3eb1 | HTTP OPTIONS /api/library/books responded 204 in 0.0482 ms
2026-04-21 22:08:53.478 +05:30 [INF] SmsApi.Middleware.LoggingActionFilter | CorrelationId:aeee1718a6984f8884d45deaf9038149 | API Response: GET /api/analytics/dashboard/summary | Status: 200 | Duration: 1488ms
2026-04-21 22:08:53.479 +05:30 [INF] SmsApi.Middleware.LoggingActionFilter | CorrelationId:543a8c8900244aab88705353548af0f1 | API Response: GET /api/analytics/dashboard/summary | Status: 200 | Duration: 994ms
2026-04-21 22:08:53.498 +05:30 [INF] Serilog.AspNetCore.RequestLoggingMiddleware | CorrelationId:731a36be8ea8429285ddb59f884b8099 | HTTP OPTIONS /api/library/issues responded 204 in 0.0753 ms
2026-04-21 22:08:53.530 +05:30 [INF] Serilog.AspNetCore.RequestLoggingMiddleware | CorrelationId:b4621a24b8924becbe189d58a1ad608c | HTTP OPTIONS /api/library/issues responded 204 in 0.0844 ms
2026-04-21 22:08:53.576 +05:30 [INF] Serilog.AspNetCore.RequestLoggingMiddleware | CorrelationId:d6fa51f172754dfdb19e938cad6dd539 | HTTP OPTIONS /api/library/stats responded 204 in 0.0414 ms
2026-04-21 22:08:53.604 +05:30 [INF] Serilog.AspNetCore.RequestLoggingMiddleware | CorrelationId:d2475b01eab84dffb5ebfe325039db0e | HTTP OPTIONS /api/library/books responded 204 in 0.0403 ms
2026-04-21 22:08:53.619 +05:30 [INF] Serilog.AspNetCore.RequestLoggingMiddleware | CorrelationId:aeee1718a6984f8884d45deaf9038149 | HTTP GET /api/analytics/dashboard/summary responded 200 in 1706.4962 ms
2026-04-21 22:08:53.683 +05:30 [INF] Serilog.AspNetCore.RequestLoggingMiddleware | CorrelationId:543a8c8900244aab88705353548af0f1 | HTTP GET /api/analytics/dashboard/summary responded 200 in 1749.8357 ms
2026-04-21 22:08:53.920 +05:30 [WRN] SmsApi.Infrastructure.Performance.PerformanceMonitoringMiddleware | CorrelationId: | Slow request: GET /api/analytics/dashboard/summary took 1749ms — status 200.
2026-04-21 22:08:53.761 +05:30 [INF] Serilog.AspNetCore.RequestLoggingMiddleware | CorrelationId:b298ea72d746427893181704bfa4672e | HTTP OPTIONS /api/students responded 204 in 0.0780 ms
2026-04-21 22:08:53.805 +05:30 [INF] Serilog.AspNetCore.RequestLoggingMiddleware | CorrelationId:e5caa669ae2b4f1eb2ced26407574851 | HTTP OPTIONS /api/library/books responded 204 in 0.0568 ms
2026-04-21 22:08:53.854 +05:30 [INF] Serilog.AspNetCore.RequestLoggingMiddleware | CorrelationId:b9f352aa3355417c9897cf14c371f653 | HTTP OPTIONS /api/library/books responded 204 in 0.0393 ms
2026-04-21 22:08:53.894 +05:30 [WRN] SmsApi.Infrastructure.Performance.PerformanceMonitoringMiddleware | CorrelationId: | Slow request: GET /api/analytics/dashboard/summary took 1706ms — status 200.
2026-04-21 22:08:53.718 +05:30 [INF] Serilog.AspNetCore.RequestLoggingMiddleware | CorrelationId:5a2322b36f4242808778ac5f911234d9 | HTTP OPTIONS /api/library/issues responded 204 in 0.0421 ms
2026-04-21 22:08:53.980 +05:30 [INF] Serilog.AspNetCore.RequestLoggingMiddleware | CorrelationId:cae568742a2f417bb62d5fe8ac4d4713 | HTTP OPTIONS /api/library/issues responded 204 in 0.0662 ms
2026-04-21 22:08:54.005 +05:30 [INF] Serilog.AspNetCore.RequestLoggingMiddleware | CorrelationId:4a14dd1db049479fb8a71077bb799458 | HTTP OPTIONS /api/library/issues responded 204 in 0.0540 ms
2026-04-21 22:08:54.046 +05:30 [INF] Serilog.AspNetCore.RequestLoggingMiddleware | CorrelationId:53f9393e2c804212995771496f7b1326 | HTTP OPTIONS /api/library/stats responded 204 in 0.0626 ms
2026-04-21 22:08:54.055 +05:30 [INF] Serilog.AspNetCore.RequestLoggingMiddleware | CorrelationId:36be37b4a198404e95a0cd4edf5131da | HTTP OPTIONS /api/library/books responded 204 in 0.0925 ms
2026-04-21 22:08:54.072 +05:30 [INF] Serilog.AspNetCore.RequestLoggingMiddleware | CorrelationId:2fe89e8e86da42e9af6c7b6e1d218b8b | HTTP OPTIONS /api/library/issues responded 204 in 0.0497 ms
2026-04-21 22:08:54.094 +05:30 [INF] Serilog.AspNetCore.RequestLoggingMiddleware | CorrelationId:fd8096820fb949dcbe6c673d7be2ac7e | HTTP OPTIONS /api/students responded 204 in 0.0388 ms
2026-04-21 22:08:54.113 +05:30 [INF] Serilog.AspNetCore.RequestLoggingMiddleware | CorrelationId:0eb41394478a44a0957393ca8ab09bc1 | HTTP OPTIONS /api/library/books responded 204 in 0.0524 ms
2026-04-21 22:08:54.267 +05:30 [INF] SmsApi.Middleware.LoggingActionFilter | CorrelationId:7a236fe46c094995bd2c9d9b411afd1b | API Request: GET /api/library/stats | User: Unknown | School: 550e8400-e29b-41d4-a716-446655440000
2026-04-21 22:08:54.273 +05:30 [INF] SmsApi.Middleware.LoggingActionFilter | CorrelationId:7b16879357b0493ba867c066e9a12cc5 | API Request: GET /api/library/issues | User: Unknown | School: 550e8400-e29b-41d4-a716-446655440000
2026-04-21 22:08:54.273 +05:30 [INF] SmsApi.Middleware.LoggingActionFilter | CorrelationId:f2a8af41bed7470cabd1ae78dd388774 | API Request: GET /api/library/books | User: Unknown | School: 550e8400-e29b-41d4-a716-446655440000
2026-04-21 22:08:54.273 +05:30 [INF] SmsApi.Middleware.LoggingActionFilter | CorrelationId:e9a033bdda4c41e1b5464acdebe4bde6 | API Request: GET /api/library/books | User: Unknown | School: 550e8400-e29b-41d4-a716-446655440000
2026-04-21 22:08:54.273 +05:30 [INF] SmsApi.Middleware.LoggingActionFilter | CorrelationId:e80851b8d30f408aa9ebdc996905d83f | API Request: GET /api/library/issues | User: Unknown | School: 550e8400-e29b-41d4-a716-446655440000
2026-04-21 22:08:54.276 +05:30 [INF] SmsApi.Middleware.LoggingActionFilter | CorrelationId:a00459a372134e08b5fe065555fac92d | API Request: GET /api/library/books | User: Unknown | School: 550e8400-e29b-41d4-a716-446655440000
2026-04-21 22:08:54.575 +05:30 [INF] SmsApi.Middleware.LoggingActionFilter | CorrelationId:f2a8af41bed7470cabd1ae78dd388774 | API Response: GET /api/library/books | Status: 200 | Duration: 302ms
2026-04-21 22:08:54.575 +05:30 [INF] SmsApi.Middleware.LoggingActionFilter | CorrelationId:a00459a372134e08b5fe065555fac92d | API Response: GET /api/library/books | Status: 200 | Duration: 298ms
2026-04-21 22:08:54.575 +05:30 [INF] SmsApi.Middleware.LoggingActionFilter | CorrelationId:e9a033bdda4c41e1b5464acdebe4bde6 | API Response: GET /api/library/books | Status: 200 | Duration: 301ms
2026-04-21 22:08:54.640 +05:30 [INF] Serilog.AspNetCore.RequestLoggingMiddleware | CorrelationId:f2a8af41bed7470cabd1ae78dd388774 | HTTP GET /api/library/books responded 200 in 515.2234 ms
2026-04-21 22:08:54.643 +05:30 [INF] SmsApi.Middleware.LoggingActionFilter | CorrelationId:7b16879357b0493ba867c066e9a12cc5 | API Response: GET /api/library/issues | Status: 200 | Duration: 370ms
2026-04-21 22:08:54.653 +05:30 [INF] Serilog.AspNetCore.RequestLoggingMiddleware | CorrelationId:a00459a372134e08b5fe065555fac92d | HTTP GET /api/library/books responded 200 in 419.4763 ms
2026-04-21 22:08:54.655 +05:30 [INF] Serilog.AspNetCore.RequestLoggingMiddleware | CorrelationId:e9a033bdda4c41e1b5464acdebe4bde6 | HTTP GET /api/library/books responded 200 in 502.0082 ms
2026-04-21 22:08:54.675 +05:30 [WRN] SmsApi.Infrastructure.Performance.PerformanceMonitoringMiddleware | CorrelationId: | Slow request: GET /api/library/books took 501ms — status 200.
2026-04-21 22:08:54.673 +05:30 [INF] Serilog.AspNetCore.RequestLoggingMiddleware | CorrelationId:7b16879357b0493ba867c066e9a12cc5 | HTTP GET /api/library/issues responded 200 in 474.3702 ms
2026-04-21 22:08:54.658 +05:30 [WRN] SmsApi.Infrastructure.Performance.PerformanceMonitoringMiddleware | CorrelationId: | Slow request: GET /api/library/books took 515ms — status 200.
2026-04-21 22:08:54.749 +05:30 [INF] SmsApi.Middleware.LoggingActionFilter | CorrelationId:7a236fe46c094995bd2c9d9b411afd1b | API Response: GET /api/library/stats | Status: 200 | Duration: 482ms
2026-04-21 22:08:54.823 +05:30 [INF] SmsApi.Middleware.LoggingActionFilter | CorrelationId:a3dbbf486a794dd49f757d7537d6aa9c | API Request: GET /api/library/books | User: Unknown | School: 550e8400-e29b-41d4-a716-446655440000
2026-04-21 22:08:54.858 +05:30 [INF] SmsApi.Middleware.LoggingActionFilter | CorrelationId:d8008b4fcd0c41f39a0928121002e25a | API Request: GET /api/students | User: Unknown | School: 550e8400-e29b-41d4-a716-446655440000
2026-04-21 22:08:54.862 +05:30 [INF] SmsApi.Middleware.LoggingActionFilter | CorrelationId:5e0f1b1381ef47d88ba1d08c285430b2 | API Request: GET /api/library/books | User: Unknown | School: 550e8400-e29b-41d4-a716-446655440000
2026-04-21 22:08:54.873 +05:30 [INF] Serilog.AspNetCore.RequestLoggingMiddleware | CorrelationId:7a236fe46c094995bd2c9d9b411afd1b | HTTP GET /api/library/stats responded 200 in 657.6572 ms
2026-04-21 22:08:54.877 +05:30 [INF] SmsApi.Middleware.LoggingActionFilter | CorrelationId:e80851b8d30f408aa9ebdc996905d83f | API Response: GET /api/library/issues | Status: 200 | Duration: 604ms
2026-04-21 22:08:54.893 +05:30 [INF] SmsApi.Middleware.LoggingActionFilter | CorrelationId:5e0f1b1381ef47d88ba1d08c285430b2 | API Response: GET /api/library/books | Status: 200 | Duration: 31ms
2026-04-21 22:08:54.897 +05:30 [INF] SmsApi.Middleware.LoggingActionFilter | CorrelationId:a3dbbf486a794dd49f757d7537d6aa9c | API Response: GET /api/library/books | Status: 200 | Duration: 74ms
2026-04-21 22:08:54.900 +05:30 [WRN] SmsApi.Infrastructure.Performance.PerformanceMonitoringMiddleware | CorrelationId: | Slow request: GET /api/library/stats took 657ms — status 200.
2026-04-21 22:08:54.905 +05:30 [INF] Serilog.AspNetCore.RequestLoggingMiddleware | CorrelationId:e80851b8d30f408aa9ebdc996905d83f | HTTP GET /api/library/issues responded 200 in 731.3737 ms
2026-04-21 22:08:54.908 +05:30 [INF] Serilog.AspNetCore.RequestLoggingMiddleware | CorrelationId:5e0f1b1381ef47d88ba1d08c285430b2 | HTTP GET /api/library/books responded 200 in 69.3919 ms
2026-04-21 22:08:54.909 +05:30 [INF] Serilog.AspNetCore.RequestLoggingMiddleware | CorrelationId:a3dbbf486a794dd49f757d7537d6aa9c | HTTP GET /api/library/books responded 200 in 88.6528 ms
2026-04-21 22:08:54.932 +05:30 [INF] SmsApi.Middleware.LoggingActionFilter | CorrelationId:f532f8afa0c34410960ac5746d1fbab7 | API Request: GET /api/library/issues | User: Unknown | School: 550e8400-e29b-41d4-a716-446655440000
2026-04-21 22:08:54.963 +05:30 [WRN] SmsApi.Infrastructure.Performance.PerformanceMonitoringMiddleware | CorrelationId: | Slow request: GET /api/library/issues took 731ms — status 200.
2026-04-21 22:08:54.972 +05:30 [INF] SmsApi.Middleware.LoggingActionFilter | CorrelationId:d8008b4fcd0c41f39a0928121002e25a | API Response: GET /api/students | Status: 200 | Duration: 114ms
2026-04-21 22:08:55.000 +05:30 [INF] SmsApi.Middleware.LoggingActionFilter | CorrelationId:516942d8f8ca4e9ab401e312fd63b63e | API Request: GET /api/library/issues | User: Unknown | School: 550e8400-e29b-41d4-a716-446655440000
2026-04-21 22:08:55.045 +05:30 [INF] SmsApi.Middleware.LoggingActionFilter | CorrelationId:a751049a1a79425c853b9d108a2c8dd9 | API Request: GET /api/library/issues | User: Unknown | School: 550e8400-e29b-41d4-a716-446655440000
2026-04-21 22:08:55.041 +05:30 [INF] Serilog.AspNetCore.RequestLoggingMiddleware | CorrelationId:d8008b4fcd0c41f39a0928121002e25a | HTTP GET /api/students responded 200 in 266.0348 ms
2026-04-21 22:08:55.015 +05:30 [INF] SmsApi.Middleware.LoggingActionFilter | CorrelationId:f532f8afa0c34410960ac5746d1fbab7 | API Response: GET /api/library/issues | Status: 200 | Duration: 82ms
2026-04-21 22:08:55.053 +05:30 [INF] SmsApi.Middleware.LoggingActionFilter | CorrelationId:ca8184f0fdd5435aa73a6474bb70a926 | API Request: GET /api/library/stats | User: Unknown | School: 550e8400-e29b-41d4-a716-446655440000
2026-04-21 22:08:55.078 +05:30 [INF] SmsApi.Middleware.LoggingActionFilter | CorrelationId:516942d8f8ca4e9ab401e312fd63b63e | API Response: GET /api/library/issues | Status: 200 | Duration: 78ms
2026-04-21 22:08:55.124 +05:30 [INF] SmsApi.Middleware.LoggingActionFilter | CorrelationId:3549aa28bfca4dc1bc8a00e41f14e241 | API Request: GET /api/library/books | User: Unknown | School: 550e8400-e29b-41d4-a716-446655440000
2026-04-21 22:08:55.140 +05:30 [INF] Serilog.AspNetCore.RequestLoggingMiddleware | CorrelationId:f532f8afa0c34410960ac5746d1fbab7 | HTTP GET /api/library/issues responded 200 in 212.3793 ms
2026-04-21 22:08:55.147 +05:30 [INF] SmsApi.Middleware.LoggingActionFilter | CorrelationId:a751049a1a79425c853b9d108a2c8dd9 | API Response: GET /api/library/issues | Status: 200 | Duration: 101ms
2026-04-21 22:08:55.164 +05:30 [INF] SmsApi.Middleware.LoggingActionFilter | CorrelationId:b545afee3373448daaf1d1fface9d797 | API Request: GET /api/library/issues | User: Unknown | School: 550e8400-e29b-41d4-a716-446655440000
2026-04-21 22:08:55.171 +05:30 [INF] Serilog.AspNetCore.RequestLoggingMiddleware | CorrelationId:516942d8f8ca4e9ab401e312fd63b63e | HTTP GET /api/library/issues responded 200 in 188.5677 ms
2026-04-21 22:08:55.180 +05:30 [INF] SmsApi.Middleware.LoggingActionFilter | CorrelationId:ca8184f0fdd5435aa73a6474bb70a926 | API Response: GET /api/library/stats | Status: 200 | Duration: 126ms
2026-04-21 22:08:55.181 +05:30 [INF] SmsApi.Middleware.LoggingActionFilter | CorrelationId:3549aa28bfca4dc1bc8a00e41f14e241 | API Response: GET /api/library/books | Status: 200 | Duration: 57ms
2026-04-21 22:08:55.207 +05:30 [INF] Serilog.AspNetCore.RequestLoggingMiddleware | CorrelationId:a751049a1a79425c853b9d108a2c8dd9 | HTTP GET /api/library/issues responded 200 in 178.2601 ms
2026-04-21 22:08:55.210 +05:30 [INF] SmsApi.Middleware.LoggingActionFilter | CorrelationId:feac3bfa15684d959c7f5c16a0db53d3 | API Request: GET /api/students | User: Unknown | School: 550e8400-e29b-41d4-a716-446655440000
2026-04-21 22:08:55.239 +05:30 [INF] SmsApi.Middleware.LoggingActionFilter | CorrelationId:b545afee3373448daaf1d1fface9d797 | API Response: GET /api/library/issues | Status: 200 | Duration: 75ms
2026-04-21 22:08:55.244 +05:30 [INF] SmsApi.Middleware.LoggingActionFilter | CorrelationId:001b2e8f31a242b1ba7b5d6e5d3a5a6e | API Request: GET /api/library/books | User: Unknown | School: 550e8400-e29b-41d4-a716-446655440000
2026-04-21 22:08:55.245 +05:30 [INF] Serilog.AspNetCore.RequestLoggingMiddleware | CorrelationId:ca8184f0fdd5435aa73a6474bb70a926 | HTTP GET /api/library/stats responded 200 in 211.1417 ms
2026-04-21 22:08:55.251 +05:30 [INF] Serilog.AspNetCore.RequestLoggingMiddleware | CorrelationId:3549aa28bfca4dc1bc8a00e41f14e241 | HTTP GET /api/library/books responded 200 in 135.9910 ms
2026-04-21 22:08:55.280 +05:30 [INF] Serilog.AspNetCore.RequestLoggingMiddleware | CorrelationId:b545afee3373448daaf1d1fface9d797 | HTTP GET /api/library/issues responded 200 in 130.5842 ms
2026-04-21 22:08:55.285 +05:30 [INF] SmsApi.Middleware.LoggingActionFilter | CorrelationId:feac3bfa15684d959c7f5c16a0db53d3 | API Response: GET /api/students | Status: 200 | Duration: 75ms
2026-04-21 22:08:55.293 +05:30 [INF] SmsApi.Middleware.LoggingActionFilter | CorrelationId:001b2e8f31a242b1ba7b5d6e5d3a5a6e | API Response: GET /api/library/books | Status: 200 | Duration: 49ms
2026-04-21 22:08:55.373 +05:30 [INF] Serilog.AspNetCore.RequestLoggingMiddleware | CorrelationId:feac3bfa15684d959c7f5c16a0db53d3 | HTTP GET /api/students responded 200 in 168.1201 ms
2026-04-21 22:08:55.384 +05:30 [INF] Serilog.AspNetCore.RequestLoggingMiddleware | CorrelationId:001b2e8f31a242b1ba7b5d6e5d3a5a6e | HTTP GET /api/library/books responded 200 in 158.3072 ms
2026-04-21 22:08:59.373 +05:30 [INF] Serilog.AspNetCore.RequestLoggingMiddleware | CorrelationId:a520b13ca44142829e3da8a85dfdb03c | HTTP OPTIONS /api/students responded 204 in 0.0698 ms
2026-04-21 22:08:59.373 +05:30 [INF] Serilog.AspNetCore.RequestLoggingMiddleware | CorrelationId:33d7b63ceb944c01b9d01728cedcd934 | HTTP OPTIONS /api/students responded 204 in 0.0699 ms
2026-04-21 22:08:59.514 +05:30 [INF] SmsApi.Middleware.LoggingActionFilter | CorrelationId:c9083f6509b14e55ae7646f49b6f1a4f | API Request: GET /api/students | User: Unknown | School: 550e8400-e29b-41d4-a716-446655440000
2026-04-21 22:08:59.529 +05:30 [INF] SmsApi.Middleware.LoggingActionFilter | CorrelationId:e150610cd64b42a593efbef2fbe6aeae | API Request: GET /api/students | User: Unknown | School: 550e8400-e29b-41d4-a716-446655440000
2026-04-21 22:08:59.533 +05:30 [INF] SmsApi.Middleware.LoggingActionFilter | CorrelationId:c9083f6509b14e55ae7646f49b6f1a4f | API Response: GET /api/students | Status: 200 | Duration: 18ms
2026-04-21 22:08:59.550 +05:30 [INF] Serilog.AspNetCore.RequestLoggingMiddleware | CorrelationId:c9083f6509b14e55ae7646f49b6f1a4f | HTTP GET /api/students responded 200 in 107.0616 ms
2026-04-21 22:08:59.556 +05:30 [INF] SmsApi.Middleware.LoggingActionFilter | CorrelationId:e150610cd64b42a593efbef2fbe6aeae | API Response: GET /api/students | Status: 200 | Duration: 27ms
2026-04-21 22:08:59.604 +05:30 [INF] Serilog.AspNetCore.RequestLoggingMiddleware | CorrelationId:e150610cd64b42a593efbef2fbe6aeae | HTTP GET /api/students responded 200 in 76.9449 ms
2026-04-21 22:09:11.122 +05:30 [INF] Serilog.AspNetCore.RequestLoggingMiddleware | CorrelationId:b4b299efc5b44c308c9310826df7c51f | HTTP OPTIONS /api/settings/school/me responded 204 in 0.3915 ms
2026-04-21 22:09:11.123 +05:30 [INF] Serilog.AspNetCore.RequestLoggingMiddleware | CorrelationId:fffda999217845ff9dceb62ad3ff8e86 | HTTP OPTIONS /api/academics/academic-years responded 204 in 0.0175 ms
2026-04-21 22:09:11.150 +05:30 [INF] Serilog.AspNetCore.RequestLoggingMiddleware | CorrelationId:04627c34a4604c938b6f79d20ea9a775 | HTTP OPTIONS /api/academics/academic-years responded 204 in 0.0566 ms
2026-04-21 22:09:11.496 +05:30 [INF] SmsApi.Middleware.LoggingActionFilter | CorrelationId:6e0971e496c04290bc6558b5bfcff7cb | API Request: GET /api/settings/school/me | User: Unknown | School: 550e8400-e29b-41d4-a716-446655440000
2026-04-21 22:09:11.509 +05:30 [INF] SmsApi.Middleware.LoggingActionFilter | CorrelationId:4691a09d3afd481397ab98d6e1dbf1da | API Request: GET /api/academics/academic-years | User: Unknown | School: 550e8400-e29b-41d4-a716-446655440000
2026-04-21 22:09:11.534 +05:30 [INF] SmsApi.Middleware.LoggingActionFilter | CorrelationId:699ecdbec52046e685c5d1a95ab6174f | API Request: GET /api/academics/academic-years | User: Unknown | School: 550e8400-e29b-41d4-a716-446655440000
2026-04-21 22:09:11.567 +05:30 [INF] SmsApi.Middleware.LoggingActionFilter | CorrelationId:6e0971e496c04290bc6558b5bfcff7cb | API Response: GET /api/settings/school/me | Status: 200 | Duration: 71ms
2026-04-21 22:09:11.603 +05:30 [INF] SmsApi.Middleware.LoggingActionFilter | CorrelationId:4691a09d3afd481397ab98d6e1dbf1da | API Response: GET /api/academics/academic-years | Status: 200 | Duration: 94ms
2026-04-21 22:09:11.635 +05:30 [INF] Serilog.AspNetCore.RequestLoggingMiddleware | CorrelationId:4691a09d3afd481397ab98d6e1dbf1da | HTTP GET /api/academics/academic-years responded 200 in 129.1804 ms
2026-04-21 22:09:11.633 +05:30 [INF] Serilog.AspNetCore.RequestLoggingMiddleware | CorrelationId:6e0971e496c04290bc6558b5bfcff7cb | HTTP GET /api/settings/school/me responded 200 in 141.4457 ms
2026-04-21 22:09:11.761 +05:30 [INF] SmsApi.Middleware.LoggingActionFilter | CorrelationId:699ecdbec52046e685c5d1a95ab6174f | API Response: GET /api/academics/academic-years | Status: 200 | Duration: 227ms
2026-04-21 22:09:11.910 +05:30 [INF] Serilog.AspNetCore.RequestLoggingMiddleware | CorrelationId:699ecdbec52046e685c5d1a95ab6174f | HTTP GET /api/academics/academic-years responded 200 in 385.1472 ms
2026-04-21 22:09:12.769 +05:30 [INF] Serilog.AspNetCore.RequestLoggingMiddleware | CorrelationId:dd192c6c1670409ea266e7e13c353239 | HTTP OPTIONS /api/notifications/unread-count responded 204 in 0.0651 ms
2026-04-21 22:09:12.771 +05:30 [INF] Serilog.AspNetCore.RequestLoggingMiddleware | CorrelationId:e801e426815f4033afba1d18b5176da6 | HTTP OPTIONS /api/students responded 204 in 0.0391 ms
2026-04-21 22:09:12.774 +05:30 [INF] Serilog.AspNetCore.RequestLoggingMiddleware | CorrelationId:a895d2d523724ed4a0e6a1509c3b1572 | HTTP OPTIONS /api/students responded 204 in 0.0948 ms
2026-04-21 22:09:12.776 +05:30 [INF] Serilog.AspNetCore.RequestLoggingMiddleware | CorrelationId:47632d6d96fa4d71842fca6599c764bb | HTTP OPTIONS /api/students/38185fcb-c48f-45a6-9ba2-c31b4cb3668c responded 204 in 0.0404 ms
2026-04-21 22:09:12.777 +05:30 [INF] Serilog.AspNetCore.RequestLoggingMiddleware | CorrelationId:9d1c43c317754a19933d1a6af8f8fa9b | HTTP OPTIONS /api/students/38185fcb-c48f-45a6-9ba2-c31b4cb3668c responded 204 in 0.0486 ms
2026-04-21 22:09:12.933 +05:30 [INF] SmsApi.Middleware.LoggingActionFilter | CorrelationId:3345b6c0143b4d2ab41c13d636f59b97 | API Request: GET /api/notifications/unread-count | User: Unknown | School: 550e8400-e29b-41d4-a716-446655440000
2026-04-21 22:09:12.958 +05:30 [INF] SmsApi.Middleware.LoggingActionFilter | CorrelationId:3a590e9ad9434c3193d1ee4fcaa3771f | API Request: GET /api/students | User: Unknown | School: 550e8400-e29b-41d4-a716-446655440000
2026-04-21 22:09:12.969 +05:30 [INF] SmsApi.Middleware.LoggingActionFilter | CorrelationId:c3d97e189ce64e6ab5fcb10b5dbc1fc2 | API Request: GET /api/students | User: Unknown | School: 550e8400-e29b-41d4-a716-446655440000
2026-04-21 22:09:13.010 +05:30 [INF] SmsApi.Middleware.LoggingActionFilter | CorrelationId:3345b6c0143b4d2ab41c13d636f59b97 | API Response: GET /api/notifications/unread-count | Status: 200 | Duration: 76ms
2026-04-21 22:09:13.031 +05:30 [INF] SmsApi.Middleware.LoggingActionFilter | CorrelationId:3a590e9ad9434c3193d1ee4fcaa3771f | API Response: GET /api/students | Status: 200 | Duration: 72ms
2026-04-21 22:09:13.036 +05:30 [INF] Serilog.AspNetCore.RequestLoggingMiddleware | CorrelationId:3345b6c0143b4d2ab41c13d636f59b97 | HTTP GET /api/notifications/unread-count responded 200 in 106.0455 ms
2026-04-21 22:09:13.042 +05:30 [INF] SmsApi.Middleware.LoggingActionFilter | CorrelationId:c3d97e189ce64e6ab5fcb10b5dbc1fc2 | API Response: GET /api/students | Status: 200 | Duration: 73ms
2026-04-21 22:09:13.069 +05:30 [INF] Serilog.AspNetCore.RequestLoggingMiddleware | CorrelationId:c3d97e189ce64e6ab5fcb10b5dbc1fc2 | HTTP GET /api/students responded 200 in 109.4570 ms
2026-04-21 22:09:13.051 +05:30 [INF] SmsApi.Middleware.LoggingActionFilter | CorrelationId:b8dad7b49edb4edea0cc796f01346c62 | API Request: GET /api/students/38185fcb-c48f-45a6-9ba2-c31b4cb3668c | User: Unknown | School: 550e8400-e29b-41d4-a716-446655440000
2026-04-21 22:09:13.051 +05:30 [INF] SmsApi.Middleware.LoggingActionFilter | CorrelationId:2d50e28e55c144d48e1d7c9bbfbb3add | API Request: GET /api/students/38185fcb-c48f-45a6-9ba2-c31b4cb3668c | User: Unknown | School: 550e8400-e29b-41d4-a716-446655440000
2026-04-21 22:09:13.047 +05:30 [INF] Serilog.AspNetCore.RequestLoggingMiddleware | CorrelationId:3a590e9ad9434c3193d1ee4fcaa3771f | HTTP GET /api/students responded 200 in 102.6268 ms
2026-04-21 22:09:13.254 +05:30 [WRN] Microsoft.EntityFrameworkCore.Query | CorrelationId:2d50e28e55c144d48e1d7c9bbfbb3add | Compiling a query which loads related collections for more than one collection navigation, either via 'Include' or through projection, but no 'QuerySplittingBehavior' has been configured. By default, Entity Framework will use 'QuerySplittingBehavior.SingleQuery', which can potentially result in slow query performance. See https://go.microsoft.com/fwlink/?linkid=2134277 for more information. To identify the query that's triggering this warning call 'ConfigureWarnings(w => w.Throw(RelationalEventId.MultipleCollectionIncludeWarning))'.
2026-04-21 22:09:13.484 +05:30 [INF] SmsApi.Middleware.LoggingActionFilter | CorrelationId:b8dad7b49edb4edea0cc796f01346c62 | API Response: GET /api/students/38185fcb-c48f-45a6-9ba2-c31b4cb3668c | Status: 200 | Duration: 432ms
2026-04-21 22:09:13.484 +05:30 [INF] SmsApi.Middleware.LoggingActionFilter | CorrelationId:2d50e28e55c144d48e1d7c9bbfbb3add | API Response: GET /api/students/38185fcb-c48f-45a6-9ba2-c31b4cb3668c | Status: 200 | Duration: 432ms
2026-04-21 22:09:13.525 +05:30 [INF] Serilog.AspNetCore.RequestLoggingMiddleware | CorrelationId:2d50e28e55c144d48e1d7c9bbfbb3add | HTTP GET /api/students/38185fcb-c48f-45a6-9ba2-c31b4cb3668c responded 200 in 541.8730 ms
2026-04-21 22:09:13.525 +05:30 [INF] Serilog.AspNetCore.RequestLoggingMiddleware | CorrelationId:b8dad7b49edb4edea0cc796f01346c62 | HTTP GET /api/students/38185fcb-c48f-45a6-9ba2-c31b4cb3668c responded 200 in 528.1828 ms
2026-04-21 22:09:13.532 +05:30 [WRN] SmsApi.Infrastructure.Performance.PerformanceMonitoringMiddleware | CorrelationId: | Slow request: GET /api/students/38185fcb-c48f-45a6-9ba2-c31b4cb3668c took 541ms — status 200.
2026-04-21 22:09:13.534 +05:30 [WRN] SmsApi.Infrastructure.Performance.PerformanceMonitoringMiddleware | CorrelationId: | Slow request: GET /api/students/38185fcb-c48f-45a6-9ba2-c31b4cb3668c took 528ms — status 200.
2026-04-21 22:09:13.551 +05:30 [INF] Serilog.AspNetCore.RequestLoggingMiddleware | CorrelationId:2458baf018a947b6a7556c27026e3437 | HTTP OPTIONS /api/students/38185fcb-c48f-45a6-9ba2-c31b4cb3668c/siblings responded 204 in 0.0472 ms
2026-04-21 22:09:13.676 +05:30 [INF] Serilog.AspNetCore.RequestLoggingMiddleware | CorrelationId:80a9316da507466db047186b0d92a9ba | HTTP OPTIONS /api/students/38185fcb-c48f-45a6-9ba2-c31b4cb3668c/siblings responded 204 in 0.0572 ms
2026-04-21 22:09:13.691 +05:30 [INF] SmsApi.Middleware.LoggingActionFilter | CorrelationId:293ed6713df84c12877d8468415cd963 | API Request: GET /api/students/38185fcb-c48f-45a6-9ba2-c31b4cb3668c/siblings | User: Unknown | School: 550e8400-e29b-41d4-a716-446655440000
2026-04-21 22:09:13.703 +05:30 [INF] SmsApi.Middleware.LoggingActionFilter | CorrelationId:142208733042438d99bda1c8f043319c | API Request: GET /api/students/38185fcb-c48f-45a6-9ba2-c31b4cb3668c/siblings | User: Unknown | School: 550e8400-e29b-41d4-a716-446655440000
2026-04-21 22:09:13.727 +05:30 [INF] SmsApi.Middleware.LoggingActionFilter | CorrelationId:142208733042438d99bda1c8f043319c | API Response: GET /api/students/38185fcb-c48f-45a6-9ba2-c31b4cb3668c/siblings | Status: 200 | Duration: 24ms
2026-04-21 22:09:13.727 +05:30 [INF] SmsApi.Middleware.LoggingActionFilter | CorrelationId:293ed6713df84c12877d8468415cd963 | API Response: GET /api/students/38185fcb-c48f-45a6-9ba2-c31b4cb3668c/siblings | Status: 200 | Duration: 36ms
2026-04-21 22:09:13.732 +05:30 [INF] Serilog.AspNetCore.RequestLoggingMiddleware | CorrelationId:142208733042438d99bda1c8f043319c | HTTP GET /api/students/38185fcb-c48f-45a6-9ba2-c31b4cb3668c/siblings responded 200 in 30.5943 ms
2026-04-21 22:09:13.736 +05:30 [INF] Serilog.AspNetCore.RequestLoggingMiddleware | CorrelationId:293ed6713df84c12877d8468415cd963 | HTTP GET /api/students/38185fcb-c48f-45a6-9ba2-c31b4cb3668c/siblings responded 200 in 50.6992 ms
2026-04-21 22:09:13.746 +05:30 [INF] Serilog.AspNetCore.RequestLoggingMiddleware | CorrelationId:057c66f6ddfd444cba72302a9e4216e1 | HTTP OPTIONS /api/students/38185fcb-c48f-45a6-9ba2-c31b4cb3668c/profile-summary responded 204 in 0.0644 ms
2026-04-21 22:09:13.755 +05:30 [INF] Serilog.AspNetCore.RequestLoggingMiddleware | CorrelationId:4f15946c346d4c6a89489b4bb7e553d3 | HTTP OPTIONS /api/students/38185fcb-c48f-45a6-9ba2-c31b4cb3668c/profile-summary responded 204 in 0.0559 ms
2026-04-21 22:09:13.776 +05:30 [INF] SmsApi.Middleware.LoggingActionFilter | CorrelationId:ea0e3eed4876411ea2cf52d77823cc74 | API Request: GET /api/students/38185fcb-c48f-45a6-9ba2-c31b4cb3668c/profile-summary | User: Unknown | School: 550e8400-e29b-41d4-a716-446655440000
2026-04-21 22:09:13.797 +05:30 [INF] SmsApi.Middleware.LoggingActionFilter | CorrelationId:41321a2674524745ae0ce54386103845 | API Request: GET /api/students/38185fcb-c48f-45a6-9ba2-c31b4cb3668c/profile-summary | User: Unknown | School: 550e8400-e29b-41d4-a716-446655440000
2026-04-21 22:09:14.172 +05:30 [INF] SmsApi.Middleware.LoggingActionFilter | CorrelationId:41321a2674524745ae0ce54386103845 | API Response: GET /api/students/38185fcb-c48f-45a6-9ba2-c31b4cb3668c/profile-summary | Status: 200 | Duration: 375ms
2026-04-21 22:09:14.180 +05:30 [INF] SmsApi.Middleware.LoggingActionFilter | CorrelationId:ea0e3eed4876411ea2cf52d77823cc74 | API Response: GET /api/students/38185fcb-c48f-45a6-9ba2-c31b4cb3668c/profile-summary | Status: 200 | Duration: 403ms
2026-04-21 22:09:14.195 +05:30 [INF] Serilog.AspNetCore.RequestLoggingMiddleware | CorrelationId:ea0e3eed4876411ea2cf52d77823cc74 | HTTP GET /api/students/38185fcb-c48f-45a6-9ba2-c31b4cb3668c/profile-summary responded 200 in 429.7588 ms
2026-04-21 22:09:14.195 +05:30 [INF] Serilog.AspNetCore.RequestLoggingMiddleware | CorrelationId:41321a2674524745ae0ce54386103845 | HTTP GET /api/students/38185fcb-c48f-45a6-9ba2-c31b4cb3668c/profile-summary responded 200 in 402.6419 ms
2026-04-21 22:09:14.265 +05:30 [INF] Serilog.AspNetCore.RequestLoggingMiddleware | CorrelationId:b9d6d60d71c64c19809b580e063343b1 | HTTP OPTIONS /api/Attendance/records responded 204 in 0.4937 ms
2026-04-21 22:09:14.265 +05:30 [INF] Serilog.AspNetCore.RequestLoggingMiddleware | CorrelationId:2605d3de83ea4b51b0955b79840100a8 | HTTP OPTIONS /api/Attendance/records responded 204 in 0.0321 ms
2026-04-21 22:09:14.484 +05:30 [INF] SmsApi.Middleware.LoggingActionFilter | CorrelationId:53920aebcfb94b8babec8e77a0a1af14 | API Request: GET /api/Attendance/records | User: Unknown | School: 550e8400-e29b-41d4-a716-446655440000
2026-04-21 22:09:14.484 +05:30 [INF] SmsApi.Middleware.LoggingActionFilter | CorrelationId:5eefb82b01034538b7d1b01144f1cd0b | API Request: GET /api/Attendance/records | User: Unknown | School: 550e8400-e29b-41d4-a716-446655440000
2026-04-21 22:09:14.518 +05:30 [INF] SmsApi.Middleware.LoggingActionFilter | CorrelationId:53920aebcfb94b8babec8e77a0a1af14 | API Response: GET /api/Attendance/records | Status: 200 | Duration: 34ms
2026-04-21 22:09:14.518 +05:30 [INF] SmsApi.Middleware.LoggingActionFilter | CorrelationId:5eefb82b01034538b7d1b01144f1cd0b | API Response: GET /api/Attendance/records | Status: 200 | Duration: 34ms
2026-04-21 22:09:14.525 +05:30 [INF] Serilog.AspNetCore.RequestLoggingMiddleware | CorrelationId:5eefb82b01034538b7d1b01144f1cd0b | HTTP GET /api/Attendance/records responded 200 in 131.0004 ms
2026-04-21 22:09:14.525 +05:30 [INF] Serilog.AspNetCore.RequestLoggingMiddleware | CorrelationId:53920aebcfb94b8babec8e77a0a1af14 | HTTP GET /api/Attendance/records responded 200 in 132.3562 ms
2026-04-21 22:09:19.906 +05:30 [INF] Serilog.AspNetCore.RequestLoggingMiddleware | CorrelationId:f5b43e0ee0334b81b5712f95e2278911 | HTTP OPTIONS /api/students responded 204 in 0.0224 ms
2026-04-21 22:09:19.906 +05:30 [INF] Serilog.AspNetCore.RequestLoggingMiddleware | CorrelationId:b1cc1aff6c5e45b48c028ae6b6aaea02 | HTTP OPTIONS /api/students responded 204 in 0.2439 ms
2026-04-21 22:09:19.961 +05:30 [INF] SmsApi.Middleware.LoggingActionFilter | CorrelationId:8ee74695b1a24a9eb9257f086f35f6a2 | API Request: GET /api/students | User: Unknown | School: 550e8400-e29b-41d4-a716-446655440000
2026-04-21 22:09:19.961 +05:30 [INF] SmsApi.Middleware.LoggingActionFilter | CorrelationId:31a961f3aeb14faebbc55988459ed4e4 | API Request: GET /api/students | User: Unknown | School: 550e8400-e29b-41d4-a716-446655440000
2026-04-21 22:09:19.981 +05:30 [INF] SmsApi.Middleware.LoggingActionFilter | CorrelationId:8ee74695b1a24a9eb9257f086f35f6a2 | API Response: GET /api/students | Status: 200 | Duration: 20ms
2026-04-21 22:09:19.995 +05:30 [INF] SmsApi.Middleware.LoggingActionFilter | CorrelationId:31a961f3aeb14faebbc55988459ed4e4 | API Response: GET /api/students | Status: 200 | Duration: 33ms
2026-04-21 22:09:19.998 +05:30 [INF] Serilog.AspNetCore.RequestLoggingMiddleware | CorrelationId:8ee74695b1a24a9eb9257f086f35f6a2 | HTTP GET /api/students responded 200 in 48.3879 ms
2026-04-21 22:09:20.009 +05:30 [INF] Serilog.AspNetCore.RequestLoggingMiddleware | CorrelationId:31a961f3aeb14faebbc55988459ed4e4 | HTTP GET /api/students responded 200 in 54.8412 ms
2026-04-21 22:09:24.633 +05:30 [INF] Serilog.AspNetCore.RequestLoggingMiddleware | CorrelationId:1baf13985a764713afe4f9ecc2b525e2 | HTTP OPTIONS /api/students/55c6dc10-a64f-4549-b251-dc64708a3212 responded 204 in 0.0541 ms
2026-04-21 22:09:24.633 +05:30 [INF] Serilog.AspNetCore.RequestLoggingMiddleware | CorrelationId:703e390400a741618b9dba5a86039efa | HTTP OPTIONS /api/students responded 204 in 0.0093 ms
2026-04-21 22:09:24.633 +05:30 [INF] Serilog.AspNetCore.RequestLoggingMiddleware | CorrelationId:7901846ed62b49e59ea3f038bcfefbf4 | HTTP OPTIONS /api/students/55c6dc10-a64f-4549-b251-dc64708a3212 responded 204 in 0.0119 ms
2026-04-21 22:09:24.633 +05:30 [INF] Serilog.AspNetCore.RequestLoggingMiddleware | CorrelationId:484ee306cd3e4105b5be6c1f97f75040 | HTTP OPTIONS /api/students responded 204 in 0.0364 ms
2026-04-21 22:09:24.687 +05:30 [INF] SmsApi.Middleware.LoggingActionFilter | CorrelationId:cabd65456de944a89d6be50d1f0a7472 | API Request: GET /api/students/55c6dc10-a64f-4549-b251-dc64708a3212 | User: Unknown | School: 550e8400-e29b-41d4-a716-446655440000
2026-04-21 22:09:24.690 +05:30 [INF] SmsApi.Middleware.LoggingActionFilter | CorrelationId:41a7de2a2ab744389b15aa11460f20aa | API Request: GET /api/students | User: Unknown | School: 550e8400-e29b-41d4-a716-446655440000
2026-04-21 22:09:24.700 +05:30 [INF] SmsApi.Middleware.LoggingActionFilter | CorrelationId:abf3bca9d1494724bfb8012820a8d9ac | API Request: GET /api/students/55c6dc10-a64f-4549-b251-dc64708a3212 | User: Unknown | School: 550e8400-e29b-41d4-a716-446655440000
2026-04-21 22:09:24.705 +05:30 [INF] SmsApi.Middleware.LoggingActionFilter | CorrelationId:063b6015ea8e4034a94e59f51770d38e | API Request: GET /api/students | User: Unknown | School: 550e8400-e29b-41d4-a716-446655440000
2026-04-21 22:09:24.729 +05:30 [INF] SmsApi.Middleware.LoggingActionFilter | CorrelationId:abf3bca9d1494724bfb8012820a8d9ac | API Response: GET /api/students/55c6dc10-a64f-4549-b251-dc64708a3212 | Status: 200 | Duration: 29ms
2026-04-21 22:09:24.723 +05:30 [INF] SmsApi.Middleware.LoggingActionFilter | CorrelationId:41a7de2a2ab744389b15aa11460f20aa | API Response: GET /api/students | Status: 200 | Duration: 33ms
2026-04-21 22:09:24.721 +05:30 [INF] SmsApi.Middleware.LoggingActionFilter | CorrelationId:cabd65456de944a89d6be50d1f0a7472 | API Response: GET /api/students/55c6dc10-a64f-4549-b251-dc64708a3212 | Status: 200 | Duration: 34ms
2026-04-21 22:09:24.735 +05:30 [INF] SmsApi.Middleware.LoggingActionFilter | CorrelationId:063b6015ea8e4034a94e59f51770d38e | API Response: GET /api/students | Status: 200 | Duration: 30ms
2026-04-21 22:09:24.740 +05:30 [INF] Serilog.AspNetCore.RequestLoggingMiddleware | CorrelationId:abf3bca9d1494724bfb8012820a8d9ac | HTTP GET /api/students/55c6dc10-a64f-4549-b251-dc64708a3212 responded 200 in 47.7382 ms
2026-04-21 22:09:24.744 +05:30 [INF] Serilog.AspNetCore.RequestLoggingMiddleware | CorrelationId:41a7de2a2ab744389b15aa11460f20aa | HTTP GET /api/students responded 200 in 59.0148 ms
2026-04-21 22:09:24.747 +05:30 [INF] Serilog.AspNetCore.RequestLoggingMiddleware | CorrelationId:cabd65456de944a89d6be50d1f0a7472 | HTTP GET /api/students/55c6dc10-a64f-4549-b251-dc64708a3212 responded 200 in 66.4140 ms
2026-04-21 22:09:24.750 +05:30 [INF] Serilog.AspNetCore.RequestLoggingMiddleware | CorrelationId:063b6015ea8e4034a94e59f51770d38e | HTTP GET /api/students responded 200 in 48.8378 ms
2026-04-21 22:09:24.760 +05:30 [INF] Serilog.AspNetCore.RequestLoggingMiddleware | CorrelationId:7f39cc9dcde14e01b826a5b6efd07ac2 | HTTP OPTIONS /api/students/55c6dc10-a64f-4549-b251-dc64708a3212/siblings responded 204 in 0.0502 ms
2026-04-21 22:09:24.789 +05:30 [INF] Serilog.AspNetCore.RequestLoggingMiddleware | CorrelationId:15830014ebe14c06b866782275793fe4 | HTTP OPTIONS /api/students/55c6dc10-a64f-4549-b251-dc64708a3212/siblings responded 204 in 0.0598 ms
2026-04-21 22:09:24.826 +05:30 [INF] SmsApi.Middleware.LoggingActionFilter | CorrelationId:722cbe495c7a4b3eae82946d01f28c63 | API Request: GET /api/students/55c6dc10-a64f-4549-b251-dc64708a3212/siblings | User: Unknown | School: 550e8400-e29b-41d4-a716-446655440000
2026-04-21 22:09:24.828 +05:30 [INF] SmsApi.Middleware.LoggingActionFilter | CorrelationId:2471df987ab24898a92d40b6defa261e | API Request: GET /api/students/55c6dc10-a64f-4549-b251-dc64708a3212/siblings | User: Unknown | School: 550e8400-e29b-41d4-a716-446655440000
2026-04-21 22:09:24.844 +05:30 [INF] SmsApi.Middleware.LoggingActionFilter | CorrelationId:722cbe495c7a4b3eae82946d01f28c63 | API Response: GET /api/students/55c6dc10-a64f-4549-b251-dc64708a3212/siblings | Status: 200 | Duration: 17ms
2026-04-21 22:09:24.854 +05:30 [INF] SmsApi.Middleware.LoggingActionFilter | CorrelationId:2471df987ab24898a92d40b6defa261e | API Response: GET /api/students/55c6dc10-a64f-4549-b251-dc64708a3212/siblings | Status: 200 | Duration: 25ms
2026-04-21 22:09:24.861 +05:30 [INF] Serilog.AspNetCore.RequestLoggingMiddleware | CorrelationId:722cbe495c7a4b3eae82946d01f28c63 | HTTP GET /api/students/55c6dc10-a64f-4549-b251-dc64708a3212/siblings responded 200 in 48.0425 ms
2026-04-21 22:09:24.868 +05:30 [INF] Serilog.AspNetCore.RequestLoggingMiddleware | CorrelationId:2471df987ab24898a92d40b6defa261e | HTTP GET /api/students/55c6dc10-a64f-4549-b251-dc64708a3212/siblings responded 200 in 45.2270 ms
2026-04-21 22:09:24.898 +05:30 [INF] Serilog.AspNetCore.RequestLoggingMiddleware | CorrelationId:5e88883f04954f41a6e5942ad6ff4693 | HTTP OPTIONS /api/students/55c6dc10-a64f-4549-b251-dc64708a3212/profile-summary responded 204 in 0.0509 ms
2026-04-21 22:09:24.918 +05:30 [INF] Serilog.AspNetCore.RequestLoggingMiddleware | CorrelationId:2863ec49b6e342abaec74366c89d9bf5 | HTTP OPTIONS /api/students/55c6dc10-a64f-4549-b251-dc64708a3212/profile-summary responded 204 in 0.0398 ms
2026-04-21 22:09:24.992 +05:30 [INF] SmsApi.Middleware.LoggingActionFilter | CorrelationId:8ff8a2cf0949458fbdd51b3ac9bef3bb | API Request: GET /api/students/55c6dc10-a64f-4549-b251-dc64708a3212/profile-summary | User: Unknown | School: 550e8400-e29b-41d4-a716-446655440000
2026-04-21 22:09:25.006 +05:30 [INF] SmsApi.Middleware.LoggingActionFilter | CorrelationId:6f2f334052e1493d98966fbf7fe545db | API Request: GET /api/students/55c6dc10-a64f-4549-b251-dc64708a3212/profile-summary | User: Unknown | School: 550e8400-e29b-41d4-a716-446655440000
2026-04-21 22:09:25.055 +05:30 [INF] SmsApi.Middleware.LoggingActionFilter | CorrelationId:8ff8a2cf0949458fbdd51b3ac9bef3bb | API Response: GET /api/students/55c6dc10-a64f-4549-b251-dc64708a3212/profile-summary | Status: 200 | Duration: 63ms
2026-04-21 22:09:25.055 +05:30 [INF] SmsApi.Middleware.LoggingActionFilter | CorrelationId:6f2f334052e1493d98966fbf7fe545db | API Response: GET /api/students/55c6dc10-a64f-4549-b251-dc64708a3212/profile-summary | Status: 200 | Duration: 49ms
2026-04-21 22:09:25.061 +05:30 [INF] Serilog.AspNetCore.RequestLoggingMiddleware | CorrelationId:8ff8a2cf0949458fbdd51b3ac9bef3bb | HTTP GET /api/students/55c6dc10-a64f-4549-b251-dc64708a3212/profile-summary responded 200 in 72.1168 ms
2026-04-21 22:09:25.061 +05:30 [INF] Serilog.AspNetCore.RequestLoggingMiddleware | CorrelationId:6f2f334052e1493d98966fbf7fe545db | HTTP GET /api/students/55c6dc10-a64f-4549-b251-dc64708a3212/profile-summary responded 200 in 60.2615 ms
2026-04-21 22:09:25.096 +05:30 [INF] Serilog.AspNetCore.RequestLoggingMiddleware | CorrelationId:c3dd1fbe6d3c47c5849799ad66b9b581 | HTTP OPTIONS /api/Attendance/records responded 204 in 0.0623 ms
2026-04-21 22:09:25.097 +05:30 [INF] Serilog.AspNetCore.RequestLoggingMiddleware | CorrelationId:e91605e0482f4c6794b30495055880e9 | HTTP OPTIONS /api/Attendance/records responded 204 in 0.0175 ms
2026-04-21 22:09:25.182 +05:30 [INF] SmsApi.Middleware.LoggingActionFilter | CorrelationId:d3186ab6c219455aa76d2e3cfed13d68 | API Request: GET /api/Attendance/records | User: Unknown | School: 550e8400-e29b-41d4-a716-446655440000
2026-04-21 22:09:25.296 +05:30 [INF] SmsApi.Middleware.LoggingActionFilter | CorrelationId:7042f336dede460eb3ddbe7aded75f73 | API Request: GET /api/Attendance/records | User: Unknown | School: 550e8400-e29b-41d4-a716-446655440000
2026-04-21 22:09:25.307 +05:30 [INF] SmsApi.Middleware.LoggingActionFilter | CorrelationId:d3186ab6c219455aa76d2e3cfed13d68 | API Response: GET /api/Attendance/records | Status: 200 | Duration: 125ms
2026-04-21 22:09:25.323 +05:30 [INF] SmsApi.Middleware.LoggingActionFilter | CorrelationId:7042f336dede460eb3ddbe7aded75f73 | API Response: GET /api/Attendance/records | Status: 200 | Duration: 26ms
2026-04-21 22:09:25.324 +05:30 [INF] Serilog.AspNetCore.RequestLoggingMiddleware | CorrelationId:d3186ab6c219455aa76d2e3cfed13d68 | HTTP GET /api/Attendance/records responded 200 in 148.2934 ms
2026-04-21 22:09:25.333 +05:30 [INF] Serilog.AspNetCore.RequestLoggingMiddleware | CorrelationId:7042f336dede460eb3ddbe7aded75f73 | HTTP GET /api/Attendance/records responded 200 in 52.0025 ms
2026-04-21 22:09:43.076 +05:30 [INF] Serilog.AspNetCore.RequestLoggingMiddleware | CorrelationId:c4d7c75ae0c64f25af2a73b504775149 | HTTP OPTIONS /api/notifications/unread-count responded 204 in 0.1672 ms
2026-04-21 22:09:43.216 +05:30 [INF] SmsApi.Middleware.LoggingActionFilter | CorrelationId:75dea5006dbc4c34a2a5fad1920fbcfc | API Request: GET /api/notifications/unread-count | User: Unknown | School: 550e8400-e29b-41d4-a716-446655440000
2026-04-21 22:09:43.234 +05:30 [INF] SmsApi.Middleware.LoggingActionFilter | CorrelationId:75dea5006dbc4c34a2a5fad1920fbcfc | API Response: GET /api/notifications/unread-count | Status: 200 | Duration: 18ms
2026-04-21 22:09:43.488 +05:30 [INF] Serilog.AspNetCore.RequestLoggingMiddleware | CorrelationId:75dea5006dbc4c34a2a5fad1920fbcfc | HTTP GET /api/notifications/unread-count responded 200 in 273.1461 ms
2026-04-21 22:10:13.659 +05:30 [INF] Serilog.AspNetCore.RequestLoggingMiddleware | CorrelationId:52248dcb02bc4c649be4e6d976de969d | HTTP OPTIONS /api/notifications/unread-count responded 204 in 0.2431 ms
2026-04-21 22:10:13.669 +05:30 [INF] SmsApi.Middleware.LoggingActionFilter | CorrelationId:d1e99dbb7415408aa0d3a21914843ea6 | API Request: GET /api/notifications/unread-count | User: Unknown | School: 550e8400-e29b-41d4-a716-446655440000
2026-04-21 22:10:13.759 +05:30 [INF] SmsApi.Middleware.LoggingActionFilter | CorrelationId:d1e99dbb7415408aa0d3a21914843ea6 | API Response: GET /api/notifications/unread-count | Status: 200 | Duration: 89ms
2026-04-21 22:10:13.762 +05:30 [INF] Serilog.AspNetCore.RequestLoggingMiddleware | CorrelationId:d1e99dbb7415408aa0d3a21914843ea6 | HTTP GET /api/notifications/unread-count responded 200 in 94.5764 ms
2026-04-21 22:10:43.839 +05:30 [INF] Serilog.AspNetCore.RequestLoggingMiddleware | CorrelationId:d22d1f8b81f546c4886859846e57de3f | HTTP OPTIONS /api/notifications/unread-count responded 204 in 2.4545 ms
2026-04-21 22:10:43.972 +05:30 [INF] SmsApi.Middleware.LoggingActionFilter | CorrelationId:5bece643f83d4aa8b5a72a987e577118 | API Request: GET /api/notifications/unread-count | User: Unknown | School: 550e8400-e29b-41d4-a716-446655440000
2026-04-21 22:10:44.003 +05:30 [INF] SmsApi.Middleware.LoggingActionFilter | CorrelationId:5bece643f83d4aa8b5a72a987e577118 | API Response: GET /api/notifications/unread-count | Status: 200 | Duration: 31ms
2026-04-21 22:10:44.019 +05:30 [INF] Serilog.AspNetCore.RequestLoggingMiddleware | CorrelationId:5bece643f83d4aa8b5a72a987e577118 | HTTP GET /api/notifications/unread-count responded 200 in 55.9778 ms
2026-04-21 22:11:14.066 +05:30 [INF] Serilog.AspNetCore.RequestLoggingMiddleware | CorrelationId:fcc625ebfd874e04a1ed7e754b9bf0e7 | HTTP OPTIONS /api/notifications/unread-count responded 204 in 0.6488 ms
2026-04-21 22:11:14.136 +05:30 [INF] SmsApi.Middleware.LoggingActionFilter | CorrelationId:25476b7be1704be0a1135b399227815f | API Request: GET /api/notifications/unread-count | User: Unknown | School: 550e8400-e29b-41d4-a716-446655440000
2026-04-21 22:11:14.163 +05:30 [INF] SmsApi.Middleware.LoggingActionFilter | CorrelationId:25476b7be1704be0a1135b399227815f | API Response: GET /api/notifications/unread-count | Status: 200 | Duration: 27ms
2026-04-21 22:11:14.179 +05:30 [INF] Serilog.AspNetCore.RequestLoggingMiddleware | CorrelationId:25476b7be1704be0a1135b399227815f | HTTP GET /api/notifications/unread-count responded 200 in 49.5413 ms
2026-04-21 22:11:44.272 +05:30 [INF] Serilog.AspNetCore.RequestLoggingMiddleware | CorrelationId:e375cc50ed654b0e865b5f33d5e8140e | HTTP OPTIONS /api/notifications/unread-count responded 204 in 4.2690 ms
2026-04-21 22:11:44.299 +05:30 [INF] SmsApi.Middleware.LoggingActionFilter | CorrelationId:e28287afbf1f4283acfc98246fac4494 | API Request: GET /api/notifications/unread-count | User: Unknown | School: 550e8400-e29b-41d4-a716-446655440000
2026-04-21 22:11:44.363 +05:30 [INF] SmsApi.Middleware.LoggingActionFilter | CorrelationId:e28287afbf1f4283acfc98246fac4494 | API Response: GET /api/notifications/unread-count | Status: 200 | Duration: 63ms
2026-04-21 22:11:44.411 +05:30 [INF] Serilog.AspNetCore.RequestLoggingMiddleware | CorrelationId:e28287afbf1f4283acfc98246fac4494 | HTTP GET /api/notifications/unread-count responded 200 in 120.1768 ms
2026-04-21 22:12:08.827 +05:30 [INF] Serilog.AspNetCore.RequestLoggingMiddleware | CorrelationId:5c53c798a0d044bb83e2ba3c822775bc | HTTP OPTIONS /api/Attendance/records responded 204 in 0.3105 ms
2026-04-21 22:12:08.976 +05:30 [INF] SmsApi.Middleware.LoggingActionFilter | CorrelationId:e510e98c60d44d41b2c9896e90e09f40 | API Request: GET /api/Attendance/records | User: Unknown | School: 550e8400-e29b-41d4-a716-446655440000
2026-04-21 22:12:09.001 +05:30 [INF] SmsApi.Middleware.LoggingActionFilter | CorrelationId:e510e98c60d44d41b2c9896e90e09f40 | API Response: GET /api/Attendance/records | Status: 200 | Duration: 25ms
2026-04-21 22:12:09.006 +05:30 [INF] Serilog.AspNetCore.RequestLoggingMiddleware | CorrelationId:e510e98c60d44d41b2c9896e90e09f40 | HTTP GET /api/Attendance/records responded 200 in 46.5722 ms
2026-04-21 22:12:13.665 +05:30 [INF] Serilog.AspNetCore.RequestLoggingMiddleware | CorrelationId:c8e99f7385c34bb38a7ed2e2c5f909ba | HTTP OPTIONS /api/staff responded 204 in 0.1143 ms
2026-04-21 22:12:13.679 +05:30 [INF] Serilog.AspNetCore.RequestLoggingMiddleware | CorrelationId:01eca72ae7094f10bb27c66363d90067 | HTTP OPTIONS /api/staff responded 204 in 0.0666 ms
2026-04-21 22:12:13.801 +05:30 [INF] SmsApi.Middleware.LoggingActionFilter | CorrelationId:3f6b2d56bd044ee89ac146be52256210 | API Request: GET /api/staff | User: Unknown | School: 550e8400-e29b-41d4-a716-446655440000
2026-04-21 22:12:13.801 +05:30 [INF] SmsApi.Middleware.LoggingActionFilter | CorrelationId:9034bb76632a47ecaa9ded5c8562bcfe | API Request: GET /api/staff | User: Unknown | School: 550e8400-e29b-41d4-a716-446655440000
2026-04-21 22:12:13.830 +05:30 [INF] SmsApi.Middleware.LoggingActionFilter | CorrelationId:3f6b2d56bd044ee89ac146be52256210 | API Response: GET /api/staff | Status: 200 | Duration: 29ms
2026-04-21 22:12:13.835 +05:30 [INF] SmsApi.Middleware.LoggingActionFilter | CorrelationId:9034bb76632a47ecaa9ded5c8562bcfe | API Response: GET /api/staff | Status: 200 | Duration: 33ms
2026-04-21 22:12:13.851 +05:30 [INF] Serilog.AspNetCore.RequestLoggingMiddleware | CorrelationId:3f6b2d56bd044ee89ac146be52256210 | HTTP GET /api/staff responded 200 in 57.2581 ms
2026-04-21 22:12:13.851 +05:30 [INF] Serilog.AspNetCore.RequestLoggingMiddleware | CorrelationId:9034bb76632a47ecaa9ded5c8562bcfe | HTTP GET /api/staff responded 200 in 61.9637 ms
2026-04-21 22:12:14.494 +05:30 [INF] Serilog.AspNetCore.RequestLoggingMiddleware | CorrelationId:48b49b4874fb4fc6b763e1412b311e40 | HTTP OPTIONS /api/notifications/unread-count responded 204 in 0.1561 ms
2026-04-21 22:12:14.883 +05:30 [INF] SmsApi.Middleware.LoggingActionFilter | CorrelationId:1f202daa1422466b8010ee95bccf3b50 | API Request: GET /api/notifications/unread-count | User: Unknown | School: 550e8400-e29b-41d4-a716-446655440000
2026-04-21 22:12:14.908 +05:30 [INF] SmsApi.Middleware.LoggingActionFilter | CorrelationId:1f202daa1422466b8010ee95bccf3b50 | API Response: GET /api/notifications/unread-count | Status: 200 | Duration: 24ms
2026-04-21 22:12:14.953 +05:30 [INF] Serilog.AspNetCore.RequestLoggingMiddleware | CorrelationId:1f202daa1422466b8010ee95bccf3b50 | HTTP GET /api/notifications/unread-count responded 200 in 71.3941 ms
2026-04-21 22:12:19.288 +05:30 [INF] Serilog.AspNetCore.RequestLoggingMiddleware | CorrelationId:058cb7e278fa4d28bf326b7430e629c2 | HTTP OPTIONS /api/staff/a2a6a05c-5b3c-4809-94ac-51dad9bc451a responded 204 in 0.3364 ms
2026-04-21 22:12:19.301 +05:30 [INF] Serilog.AspNetCore.RequestLoggingMiddleware | CorrelationId:f0f659506c44411791b6c731a3f942f4 | HTTP OPTIONS /api/staff/a2a6a05c-5b3c-4809-94ac-51dad9bc451a responded 204 in 0.1478 ms
2026-04-21 22:12:19.580 +05:30 [INF] SmsApi.Middleware.LoggingActionFilter | CorrelationId:012714a64d5e4a0ca902499f90126c12 | API Request: GET /api/staff/a2a6a05c-5b3c-4809-94ac-51dad9bc451a | User: Unknown | School: 550e8400-e29b-41d4-a716-446655440000
2026-04-21 22:12:19.581 +05:30 [INF] SmsApi.Middleware.LoggingActionFilter | CorrelationId:4f835b6cc95c4e78a7c3c44feb5145cf | API Request: GET /api/staff/a2a6a05c-5b3c-4809-94ac-51dad9bc451a | User: Unknown | School: 550e8400-e29b-41d4-a716-446655440000
2026-04-21 22:12:20.041 +05:30 [INF] SmsApi.Middleware.LoggingActionFilter | CorrelationId:012714a64d5e4a0ca902499f90126c12 | API Response: GET /api/staff/a2a6a05c-5b3c-4809-94ac-51dad9bc451a | Status: 200 | Duration: 461ms
2026-04-21 22:12:20.041 +05:30 [INF] SmsApi.Middleware.LoggingActionFilter | CorrelationId:4f835b6cc95c4e78a7c3c44feb5145cf | API Response: GET /api/staff/a2a6a05c-5b3c-4809-94ac-51dad9bc451a | Status: 200 | Duration: 459ms
2026-04-21 22:12:20.079 +05:30 [INF] Serilog.AspNetCore.RequestLoggingMiddleware | CorrelationId:4f835b6cc95c4e78a7c3c44feb5145cf | HTTP GET /api/staff/a2a6a05c-5b3c-4809-94ac-51dad9bc451a responded 200 in 597.3440 ms
2026-04-21 22:12:20.081 +05:30 [INF] Serilog.AspNetCore.RequestLoggingMiddleware | CorrelationId:012714a64d5e4a0ca902499f90126c12 | HTTP GET /api/staff/a2a6a05c-5b3c-4809-94ac-51dad9bc451a responded 200 in 594.5095 ms
2026-04-21 22:12:20.333 +05:30 [WRN] SmsApi.Infrastructure.Performance.PerformanceMonitoringMiddleware | CorrelationId: | Slow request: GET /api/staff/a2a6a05c-5b3c-4809-94ac-51dad9bc451a took 597ms — status 200.
2026-04-21 22:12:20.349 +05:30 [WRN] SmsApi.Infrastructure.Performance.PerformanceMonitoringMiddleware | CorrelationId: | Slow request: GET /api/staff/a2a6a05c-5b3c-4809-94ac-51dad9bc451a took 594ms — status 200.
2026-04-21 22:12:22.736 +05:30 [INF] Serilog.AspNetCore.RequestLoggingMiddleware | CorrelationId:48af8f08ce524a72a58872340b5007f0 | HTTP OPTIONS /api/staff responded 204 in 0.2363 ms
2026-04-21 22:12:22.741 +05:30 [INF] Serilog.AspNetCore.RequestLoggingMiddleware | CorrelationId:dd09afd829494d9a98f456032139bdc8 | HTTP OPTIONS /api/staff responded 204 in 0.0826 ms
2026-04-21 22:12:22.800 +05:30 [INF] SmsApi.Middleware.LoggingActionFilter | CorrelationId:2da5a696d6b44d478b9ced3780ef778c | API Request: GET /api/staff | User: Unknown | School: 550e8400-e29b-41d4-a716-446655440000
2026-04-21 22:12:22.810 +05:30 [INF] SmsApi.Middleware.LoggingActionFilter | CorrelationId:a9bd266f6a0f4ef8ba273213e9b2be2f | API Request: GET /api/staff | User: Unknown | School: 550e8400-e29b-41d4-a716-446655440000
2026-04-21 22:12:22.833 +05:30 [INF] SmsApi.Middleware.LoggingActionFilter | CorrelationId:2da5a696d6b44d478b9ced3780ef778c | API Response: GET /api/staff | Status: 200 | Duration: 32ms
2026-04-21 22:12:22.842 +05:30 [INF] SmsApi.Middleware.LoggingActionFilter | CorrelationId:a9bd266f6a0f4ef8ba273213e9b2be2f | API Response: GET /api/staff | Status: 200 | Duration: 32ms
2026-04-21 22:12:22.852 +05:30 [INF] Serilog.AspNetCore.RequestLoggingMiddleware | CorrelationId:2da5a696d6b44d478b9ced3780ef778c | HTTP GET /api/staff responded 200 in 65.8190 ms
2026-04-21 22:12:22.852 +05:30 [INF] Serilog.AspNetCore.RequestLoggingMiddleware | CorrelationId:a9bd266f6a0f4ef8ba273213e9b2be2f | HTTP GET /api/staff responded 200 in 58.3656 ms
2026-04-21 22:12:26.819 +05:30 [INF] Serilog.AspNetCore.RequestLoggingMiddleware | CorrelationId:c1e630e1aa244a3db7204a76e57536c5 | HTTP OPTIONS /api/academics/academic-years responded 204 in 23.3478 ms
2026-04-21 22:12:26.820 +05:30 [INF] Serilog.AspNetCore.RequestLoggingMiddleware | CorrelationId:3fabe00644a54c7282aebffc976758b0 | HTTP OPTIONS /api/settings/school/me responded 204 in 0.0405 ms
2026-04-21 22:12:28.341 +05:30 [WRN] SmsApi.Infrastructure.Performance.PerformanceMonitoringMiddleware | CorrelationId: | Slow request: OPTIONS /api/settings/school/me took 1521ms — status 204.
2026-04-21 22:12:28.319 +05:30 [WRN] SmsApi.Infrastructure.Performance.PerformanceMonitoringMiddleware | CorrelationId: | Slow request: OPTIONS /api/academics/academic-years took 1527ms — status 204.
2026-04-21 22:12:26.830 +05:30 [INF] Serilog.AspNetCore.RequestLoggingMiddleware | CorrelationId:efca99b358a4415da238bbe1f9e05661 | HTTP OPTIONS /api/academics/academic-years responded 204 in 0.0559 ms
2026-04-21 22:12:28.661 +05:30 [INF] Serilog.AspNetCore.RequestLoggingMiddleware | CorrelationId:23577ad7c3b6431cb3ff0c3e2c5c4324 | HTTP OPTIONS /api/staff responded 204 in 8.0638 ms
2026-04-21 22:12:28.665 +05:30 [INF] Serilog.AspNetCore.RequestLoggingMiddleware | CorrelationId:098443b2beca4f7f8a176db8d1f8441b | HTTP OPTIONS /api/notifications/unread-count responded 204 in 0.0787 ms
2026-04-21 22:12:28.665 +05:30 [INF] Serilog.AspNetCore.RequestLoggingMiddleware | CorrelationId:8b71e0473bab446996dc93c6ca02b703 | HTTP OPTIONS /api/staff responded 204 in 0.0946 ms
2026-04-21 22:12:29.093 +05:30 [ERR] SmsApi.Infrastructure.Performance.PerformanceMonitoringMiddleware | CorrelationId: | SLA BREACH: OPTIONS /api/academics/academic-years took 2262ms — status 204. Investigate immediately.
2026-04-21 22:12:29.163 +05:30 [INF] SmsApi.Middleware.LoggingActionFilter | CorrelationId:3cd4eecfe2ff4c10a9fa8ac06f9be38c | API Request: GET /api/settings/school/me | User: Unknown | School: 550e8400-e29b-41d4-a716-446655440000
2026-04-21 22:12:29.182 +05:30 [WRN] SmsApi.Infrastructure.Performance.PerformanceMonitoringMiddleware | CorrelationId: | Slow request: OPTIONS /api/notifications/unread-count took 554ms — status 204.
2026-04-21 22:12:29.187 +05:30 [WRN] SmsApi.Infrastructure.Performance.PerformanceMonitoringMiddleware | CorrelationId: | Slow request: OPTIONS /api/staff took 541ms — status 204.
2026-04-21 22:12:29.215 +05:30 [INF] SmsApi.Middleware.LoggingActionFilter | CorrelationId:e7b584dfdb354b7f8887b33e9da216da | API Request: GET /api/academics/academic-years | User: Unknown | School: 550e8400-e29b-41d4-a716-446655440000
2026-04-21 22:12:29.232 +05:30 [INF] SmsApi.Middleware.LoggingActionFilter | CorrelationId:3cd4eecfe2ff4c10a9fa8ac06f9be38c | API Response: GET /api/settings/school/me | Status: 200 | Duration: 68ms
2026-04-21 22:12:29.239 +05:30 [INF] SmsApi.Middleware.LoggingActionFilter | CorrelationId:12011b374d9e4d259125723a9d0f0c89 | API Request: GET /api/staff | User: Unknown | School: 550e8400-e29b-41d4-a716-446655440000
2026-04-21 22:12:29.244 +05:30 [INF] SmsApi.Middleware.LoggingActionFilter | CorrelationId:a4393dbf8e3a4293a2bceab29f7aa5e9 | API Request: GET /api/academics/academic-years | User: Unknown | School: 550e8400-e29b-41d4-a716-446655440000
2026-04-21 22:12:29.264 +05:30 [INF] SmsApi.Middleware.LoggingActionFilter | CorrelationId:b1de03d37d7d48708c731a4114410cae | API Request: GET /api/notifications/unread-count | User: Unknown | School: 550e8400-e29b-41d4-a716-446655440000
2026-04-21 22:12:29.266 +05:30 [INF] Serilog.AspNetCore.RequestLoggingMiddleware | CorrelationId:3cd4eecfe2ff4c10a9fa8ac06f9be38c | HTTP GET /api/settings/school/me responded 200 in 109.6951 ms
2026-04-21 22:12:29.280 +05:30 [INF] SmsApi.Middleware.LoggingActionFilter | CorrelationId:e7b584dfdb354b7f8887b33e9da216da | API Response: GET /api/academics/academic-years | Status: 200 | Duration: 64ms
2026-04-21 22:12:29.303 +05:30 [INF] SmsApi.Middleware.LoggingActionFilter | CorrelationId:12011b374d9e4d259125723a9d0f0c89 | API Response: GET /api/staff | Status: 200 | Duration: 64ms
2026-04-21 22:12:29.309 +05:30 [INF] SmsApi.Middleware.LoggingActionFilter | CorrelationId:a4393dbf8e3a4293a2bceab29f7aa5e9 | API Response: GET /api/academics/academic-years | Status: 200 | Duration: 65ms
2026-04-21 22:12:29.318 +05:30 [INF] SmsApi.Middleware.LoggingActionFilter | CorrelationId:529ffa2eff1a44bcad185f2ee915a4b0 | API Request: GET /api/staff | User: Unknown | School: 550e8400-e29b-41d4-a716-446655440000
2026-04-21 22:12:29.346 +05:30 [INF] Serilog.AspNetCore.RequestLoggingMiddleware | CorrelationId:e7b584dfdb354b7f8887b33e9da216da | HTTP GET /api/academics/academic-years responded 200 in 133.9990 ms
2026-04-21 22:12:29.396 +05:30 [INF] Serilog.AspNetCore.RequestLoggingMiddleware | CorrelationId:12011b374d9e4d259125723a9d0f0c89 | HTTP GET /api/staff responded 200 in 172.6533 ms
2026-04-21 22:12:29.407 +05:30 [INF] Serilog.AspNetCore.RequestLoggingMiddleware | CorrelationId:a4393dbf8e3a4293a2bceab29f7aa5e9 | HTTP GET /api/academics/academic-years responded 200 in 163.6012 ms
2026-04-21 22:12:29.463 +05:30 [INF] SmsApi.Middleware.LoggingActionFilter | CorrelationId:529ffa2eff1a44bcad185f2ee915a4b0 | API Response: GET /api/staff | Status: 200 | Duration: 144ms
2026-04-21 22:12:29.723 +05:30 [INF] SmsApi.Middleware.LoggingActionFilter | CorrelationId:b1de03d37d7d48708c731a4114410cae | API Response: GET /api/notifications/unread-count | Status: 200 | Duration: 458ms
2026-04-21 22:12:29.768 +05:30 [INF] Serilog.AspNetCore.RequestLoggingMiddleware | CorrelationId:b1de03d37d7d48708c731a4114410cae | HTTP GET /api/notifications/unread-count responded 200 in 503.9472 ms
2026-04-21 22:12:29.772 +05:30 [WRN] SmsApi.Infrastructure.Performance.PerformanceMonitoringMiddleware | CorrelationId: | Slow request: GET /api/notifications/unread-count took 503ms — status 200.
2026-04-21 22:12:29.765 +05:30 [INF] Serilog.AspNetCore.RequestLoggingMiddleware | CorrelationId:529ffa2eff1a44bcad185f2ee915a4b0 | HTTP GET /api/staff responded 200 in 451.5349 ms
2026-04-21 22:12:43.324 +05:30 [INF] Serilog.AspNetCore.RequestLoggingMiddleware | CorrelationId:811bf7bd119e44eebdf6ffaede9c4d94 | HTTP OPTIONS /api/students responded 204 in 0.8632 ms
2026-04-21 22:12:43.324 +05:30 [INF] Serilog.AspNetCore.RequestLoggingMiddleware | CorrelationId:5454deaf6e5c464f896018507ef84dcf | HTTP OPTIONS /api/students responded 204 in 0.8634 ms
2026-04-21 22:12:43.694 +05:30 [INF] SmsApi.Middleware.LoggingActionFilter | CorrelationId:5668b445eff845f0a3a6437dab5ce3c1 | API Request: GET /api/students | User: Unknown | School: 550e8400-e29b-41d4-a716-446655440000
2026-04-21 22:12:43.755 +05:30 [INF] SmsApi.Middleware.LoggingActionFilter | CorrelationId:c1285522f74744d1898e2caeb39c8389 | API Request: GET /api/students | User: Unknown | School: 550e8400-e29b-41d4-a716-446655440000
2026-04-21 22:12:43.870 +05:30 [INF] SmsApi.Middleware.LoggingActionFilter | CorrelationId:c1285522f74744d1898e2caeb39c8389 | API Response: GET /api/students | Status: 200 | Duration: 115ms
2026-04-21 22:12:43.882 +05:30 [INF] SmsApi.Middleware.LoggingActionFilter | CorrelationId:5668b445eff845f0a3a6437dab5ce3c1 | API Response: GET /api/students | Status: 200 | Duration: 195ms
2026-04-21 22:12:44.255 +05:30 [INF] Serilog.AspNetCore.RequestLoggingMiddleware | CorrelationId:c1285522f74744d1898e2caeb39c8389 | HTTP GET /api/students responded 200 in 510.0830 ms
2026-04-21 22:12:44.316 +05:30 [INF] Serilog.AspNetCore.RequestLoggingMiddleware | CorrelationId:5668b445eff845f0a3a6437dab5ce3c1 | HTTP GET /api/students responded 200 in 668.2620 ms
2026-04-21 22:12:44.365 +05:30 [WRN] SmsApi.Infrastructure.Performance.PerformanceMonitoringMiddleware | CorrelationId: | Slow request: GET /api/students took 510ms — status 200.
2026-04-21 22:12:44.404 +05:30 [WRN] SmsApi.Infrastructure.Performance.PerformanceMonitoringMiddleware | CorrelationId: | Slow request: GET /api/students took 668ms — status 200.
2026-04-21 22:12:47.426 +05:30 [INF] Serilog.AspNetCore.RequestLoggingMiddleware | CorrelationId:1c4f28e4ff004a7ea66ee34ecc125a00 | HTTP OPTIONS /api/students responded 204 in 0.1253 ms
2026-04-21 22:12:47.501 +05:30 [INF] Serilog.AspNetCore.RequestLoggingMiddleware | CorrelationId:26e9970dfe88487eb0bcf03bfb850b4c | HTTP OPTIONS /api/students responded 204 in 0.0712 ms
2026-04-21 22:12:47.504 +05:30 [INF] Serilog.AspNetCore.RequestLoggingMiddleware | CorrelationId:4f23de7df8aa401a8e30a3da705fb9fe | HTTP OPTIONS /api/students/38185fcb-c48f-45a6-9ba2-c31b4cb3668c responded 204 in 0.7988 ms
2026-04-21 22:12:47.572 +05:30 [INF] Serilog.AspNetCore.RequestLoggingMiddleware | CorrelationId:dc33bff16e0c4f26a1149ab72299a9e4 | HTTP OPTIONS /api/students/38185fcb-c48f-45a6-9ba2-c31b4cb3668c responded 204 in 1.4750 ms
2026-04-21 22:12:47.774 +05:30 [INF] SmsApi.Middleware.LoggingActionFilter | CorrelationId:88dcc61a4a534082ad8e797bc05102fb | API Request: GET /api/students | User: Unknown | School: 550e8400-e29b-41d4-a716-446655440000
2026-04-21 22:12:47.842 +05:30 [INF] SmsApi.Middleware.LoggingActionFilter | CorrelationId:75f6bafdfe6b444f9f6e4e5e6d1c1e99 | API Request: GET /api/students | User: Unknown | School: 550e8400-e29b-41d4-a716-446655440000
2026-04-21 22:12:47.904 +05:30 [INF] SmsApi.Middleware.LoggingActionFilter | CorrelationId:88dcc61a4a534082ad8e797bc05102fb | API Response: GET /api/students | Status: 200 | Duration: 129ms
2026-04-21 22:12:47.917 +05:30 [INF] SmsApi.Middleware.LoggingActionFilter | CorrelationId:75f6bafdfe6b444f9f6e4e5e6d1c1e99 | API Response: GET /api/students | Status: 200 | Duration: 75ms
2026-04-21 22:12:47.924 +05:30 [INF] SmsApi.Middleware.LoggingActionFilter | CorrelationId:e5ed1c22f7a84ba5af269c8c123b5dbb | API Request: GET /api/students/38185fcb-c48f-45a6-9ba2-c31b4cb3668c | User: Unknown | School: 550e8400-e29b-41d4-a716-446655440000
2026-04-21 22:12:47.979 +05:30 [INF] SmsApi.Middleware.LoggingActionFilter | CorrelationId:2083eef423e3483a9950dfd3583f758f | API Request: GET /api/students/38185fcb-c48f-45a6-9ba2-c31b4cb3668c | User: Unknown | School: 550e8400-e29b-41d4-a716-446655440000
2026-04-21 22:12:48.014 +05:30 [INF] Serilog.AspNetCore.RequestLoggingMiddleware | CorrelationId:88dcc61a4a534082ad8e797bc05102fb | HTTP GET /api/students responded 200 in 297.5258 ms
2026-04-21 22:12:48.021 +05:30 [INF] Serilog.AspNetCore.RequestLoggingMiddleware | CorrelationId:75f6bafdfe6b444f9f6e4e5e6d1c1e99 | HTTP GET /api/students responded 200 in 353.1791 ms
2026-04-21 22:12:48.055 +05:30 [INF] SmsApi.Middleware.LoggingActionFilter | CorrelationId:e5ed1c22f7a84ba5af269c8c123b5dbb | API Response: GET /api/students/38185fcb-c48f-45a6-9ba2-c31b4cb3668c | Status: 200 | Duration: 131ms
2026-04-21 22:12:48.098 +05:30 [INF] Serilog.AspNetCore.RequestLoggingMiddleware | CorrelationId:e5ed1c22f7a84ba5af269c8c123b5dbb | HTTP GET /api/students/38185fcb-c48f-45a6-9ba2-c31b4cb3668c responded 200 in 324.3909 ms
2026-04-21 22:12:48.078 +05:30 [INF] SmsApi.Middleware.LoggingActionFilter | CorrelationId:2083eef423e3483a9950dfd3583f758f | API Response: GET /api/students/38185fcb-c48f-45a6-9ba2-c31b4cb3668c | Status: 200 | Duration: 98ms
2026-04-21 22:12:48.234 +05:30 [INF] Serilog.AspNetCore.RequestLoggingMiddleware | CorrelationId:a993c3aa749b4e8ebb9a3530340c192d | HTTP OPTIONS /api/students/38185fcb-c48f-45a6-9ba2-c31b4cb3668c/siblings responded 204 in 0.0502 ms
2026-04-21 22:12:48.241 +05:30 [INF] Serilog.AspNetCore.RequestLoggingMiddleware | CorrelationId:2083eef423e3483a9950dfd3583f758f | HTTP GET /api/students/38185fcb-c48f-45a6-9ba2-c31b4cb3668c responded 200 in 444.7545 ms
2026-04-21 22:12:48.272 +05:30 [INF] SmsApi.Middleware.LoggingActionFilter | CorrelationId:d949d1b5caac417b93c315a5414d26cb | API Request: GET /api/students/38185fcb-c48f-45a6-9ba2-c31b4cb3668c/siblings | User: Unknown | School: 550e8400-e29b-41d4-a716-446655440000
2026-04-21 22:12:48.405 +05:30 [INF] Serilog.AspNetCore.RequestLoggingMiddleware | CorrelationId:305af3076593415db369307e01d263cd | HTTP OPTIONS /api/students/38185fcb-c48f-45a6-9ba2-c31b4cb3668c/siblings responded 204 in 0.0431 ms
2026-04-21 22:12:48.415 +05:30 [INF] SmsApi.Middleware.LoggingActionFilter | CorrelationId:d949d1b5caac417b93c315a5414d26cb | API Response: GET /api/students/38185fcb-c48f-45a6-9ba2-c31b4cb3668c/siblings | Status: 200 | Duration: 143ms
2026-04-21 22:12:48.633 +05:30 [INF] SmsApi.Middleware.LoggingActionFilter | CorrelationId:ca8f003612314281bb13763545c3abbe | API Request: GET /api/students/38185fcb-c48f-45a6-9ba2-c31b4cb3668c/siblings | User: Unknown | School: 550e8400-e29b-41d4-a716-446655440000
2026-04-21 22:12:48.647 +05:30 [INF] Serilog.AspNetCore.RequestLoggingMiddleware | CorrelationId:d949d1b5caac417b93c315a5414d26cb | HTTP GET /api/students/38185fcb-c48f-45a6-9ba2-c31b4cb3668c/siblings responded 200 in 378.4690 ms
2026-04-21 22:12:48.654 +05:30 [INF] SmsApi.Middleware.LoggingActionFilter | CorrelationId:ca8f003612314281bb13763545c3abbe | API Response: GET /api/students/38185fcb-c48f-45a6-9ba2-c31b4cb3668c/siblings | Status: 200 | Duration: 21ms
2026-04-21 22:12:48.904 +05:30 [INF] Serilog.AspNetCore.RequestLoggingMiddleware | CorrelationId:ca8f003612314281bb13763545c3abbe | HTTP GET /api/students/38185fcb-c48f-45a6-9ba2-c31b4cb3668c/siblings responded 200 in 281.5712 ms
2026-04-21 22:12:48.899 +05:30 [INF] Serilog.AspNetCore.RequestLoggingMiddleware | CorrelationId:0bf27abd20d04256bb77f36b1b61ca99 | HTTP OPTIONS /api/students/38185fcb-c48f-45a6-9ba2-c31b4cb3668c/profile-summary responded 204 in 0.0579 ms
2026-04-21 22:12:48.964 +05:30 [INF] Serilog.AspNetCore.RequestLoggingMiddleware | CorrelationId:c89d504644c24093ac2582508c46b085 | HTTP OPTIONS /api/students/38185fcb-c48f-45a6-9ba2-c31b4cb3668c/profile-summary responded 204 in 0.0477 ms
2026-04-21 22:12:49.009 +05:30 [INF] SmsApi.Middleware.LoggingActionFilter | CorrelationId:210553a63d4f42e6b14d5891193496c7 | API Request: GET /api/students/38185fcb-c48f-45a6-9ba2-c31b4cb3668c/profile-summary | User: Unknown | School: 550e8400-e29b-41d4-a716-446655440000
2026-04-21 22:12:49.040 +05:30 [INF] SmsApi.Middleware.LoggingActionFilter | CorrelationId:18883cffe19c4e26895428b766672d8c | API Request: GET /api/students/38185fcb-c48f-45a6-9ba2-c31b4cb3668c/profile-summary | User: Unknown | School: 550e8400-e29b-41d4-a716-446655440000
2026-04-21 22:12:49.156 +05:30 [INF] SmsApi.Middleware.LoggingActionFilter | CorrelationId:210553a63d4f42e6b14d5891193496c7 | API Response: GET /api/students/38185fcb-c48f-45a6-9ba2-c31b4cb3668c/profile-summary | Status: 200 | Duration: 145ms
2026-04-21 22:12:49.161 +05:30 [INF] SmsApi.Middleware.LoggingActionFilter | CorrelationId:18883cffe19c4e26895428b766672d8c | API Response: GET /api/students/38185fcb-c48f-45a6-9ba2-c31b4cb3668c/profile-summary | Status: 200 | Duration: 121ms
2026-04-21 22:12:49.218 +05:30 [INF] Serilog.AspNetCore.RequestLoggingMiddleware | CorrelationId:210553a63d4f42e6b14d5891193496c7 | HTTP GET /api/students/38185fcb-c48f-45a6-9ba2-c31b4cb3668c/profile-summary responded 200 in 227.2142 ms
2026-04-21 22:12:49.247 +05:30 [INF] Serilog.AspNetCore.RequestLoggingMiddleware | CorrelationId:18883cffe19c4e26895428b766672d8c | HTTP GET /api/students/38185fcb-c48f-45a6-9ba2-c31b4cb3668c/profile-summary responded 200 in 214.1237 ms
2026-04-21 22:12:49.300 +05:30 [INF] Serilog.AspNetCore.RequestLoggingMiddleware | CorrelationId:7cb0ac6c13f24061b2e2fe0a83ac95ff | HTTP OPTIONS /api/Attendance/records responded 204 in 0.0398 ms
2026-04-21 22:12:49.300 +05:30 [INF] Serilog.AspNetCore.RequestLoggingMiddleware | CorrelationId:e119396d99824720ae89e094ad06d856 | HTTP OPTIONS /api/Attendance/records responded 204 in 0.0116 ms
2026-04-21 22:12:49.496 +05:30 [INF] SmsApi.Middleware.LoggingActionFilter | CorrelationId:6063e81a8da64b71b193c59211ac2bd5 | API Request: GET /api/Attendance/records | User: Unknown | School: 550e8400-e29b-41d4-a716-446655440000
2026-04-21 22:12:49.551 +05:30 [INF] SmsApi.Middleware.LoggingActionFilter | CorrelationId:88a74c01f21045048629bcb5cd55c63c | API Request: GET /api/Attendance/records | User: Unknown | School: 550e8400-e29b-41d4-a716-446655440000
2026-04-21 22:12:49.575 +05:30 [INF] SmsApi.Middleware.LoggingActionFilter | CorrelationId:6063e81a8da64b71b193c59211ac2bd5 | API Response: GET /api/Attendance/records | Status: 200 | Duration: 78ms
2026-04-21 22:12:49.594 +05:30 [INF] Serilog.AspNetCore.RequestLoggingMiddleware | CorrelationId:6063e81a8da64b71b193c59211ac2bd5 | HTTP GET /api/Attendance/records responded 200 in 104.7340 ms
2026-04-21 22:12:49.582 +05:30 [INF] SmsApi.Middleware.LoggingActionFilter | CorrelationId:88a74c01f21045048629bcb5cd55c63c | API Response: GET /api/Attendance/records | Status: 200 | Duration: 30ms
2026-04-21 22:12:49.670 +05:30 [INF] Serilog.AspNetCore.RequestLoggingMiddleware | CorrelationId:88a74c01f21045048629bcb5cd55c63c | HTTP GET /api/Attendance/records responded 200 in 132.5224 ms
2026-04-21 22:12:49.658 +05:30 [INF] Serilog.AspNetCore.RequestLoggingMiddleware | CorrelationId:83cc409b9c9d4a5492e0638689a58657 | HTTP OPTIONS /api/Attendance/stats responded 204 in 0.0475 ms
2026-04-21 22:12:49.698 +05:30 [INF] Serilog.AspNetCore.RequestLoggingMiddleware | CorrelationId:b69fdd355dc34014a5172a877136e057 | HTTP OPTIONS /api/Attendance/stats responded 204 in 0.0424 ms
2026-04-21 22:12:49.788 +05:30 [INF] SmsApi.Middleware.LoggingActionFilter | CorrelationId:f1d28fc5f78941fd98f47b37a35f754b | API Request: GET /api/Attendance/stats | User: Unknown | School: 550e8400-e29b-41d4-a716-446655440000
2026-04-21 22:12:49.788 +05:30 [INF] SmsApi.Middleware.LoggingActionFilter | CorrelationId:8d3a6bf138114316b342eb29526227ce | API Request: GET /api/Attendance/stats | User: Unknown | School: 550e8400-e29b-41d4-a716-446655440000
2026-04-21 22:12:49.951 +05:30 [INF] SmsApi.Middleware.LoggingActionFilter | CorrelationId:8d3a6bf138114316b342eb29526227ce | API Response: GET /api/Attendance/stats | Status: 200 | Duration: 163ms
2026-04-21 22:12:49.952 +05:30 [INF] SmsApi.Middleware.LoggingActionFilter | CorrelationId:f1d28fc5f78941fd98f47b37a35f754b | API Response: GET /api/Attendance/stats | Status: 200 | Duration: 163ms
2026-04-21 22:12:50.011 +05:30 [INF] Serilog.AspNetCore.RequestLoggingMiddleware | CorrelationId:f1d28fc5f78941fd98f47b37a35f754b | HTTP GET /api/Attendance/stats responded 200 in 228.3473 ms
2026-04-21 22:12:50.011 +05:30 [INF] Serilog.AspNetCore.RequestLoggingMiddleware | CorrelationId:8d3a6bf138114316b342eb29526227ce | HTTP GET /api/Attendance/stats responded 200 in 255.3798 ms
2026-04-21 22:12:56.307 +05:30 [INF] Serilog.AspNetCore.RequestLoggingMiddleware | CorrelationId:fde6ede27327465386c93952204e3228 | HTTP OPTIONS /api/Attendance/records responded 204 in 23.2013 ms
2026-04-21 22:12:56.324 +05:30 [INF] Serilog.AspNetCore.RequestLoggingMiddleware | CorrelationId:d53b6b45cd4947ac9f7143124065ac78 | HTTP OPTIONS /api/Attendance/records responded 204 in 0.0421 ms
2026-04-21 22:12:56.817 +05:30 [INF] SmsApi.Middleware.LoggingActionFilter | CorrelationId:8edf24bb89694adfbb3559a159c7f334 | API Request: GET /api/Attendance/records | User: Unknown | School: 550e8400-e29b-41d4-a716-446655440000
2026-04-21 22:12:56.835 +05:30 [INF] SmsApi.Middleware.LoggingActionFilter | CorrelationId:6646609130a54f6eb5c498c1dfcf20f6 | API Request: GET /api/Attendance/records | User: Unknown | School: 550e8400-e29b-41d4-a716-446655440000
2026-04-21 22:12:56.849 +05:30 [INF] SmsApi.Middleware.LoggingActionFilter | CorrelationId:8edf24bb89694adfbb3559a159c7f334 | API Response: GET /api/Attendance/records | Status: 200 | Duration: 31ms
2026-04-21 22:12:56.852 +05:30 [INF] SmsApi.Middleware.LoggingActionFilter | CorrelationId:6646609130a54f6eb5c498c1dfcf20f6 | API Response: GET /api/Attendance/records | Status: 200 | Duration: 16ms
2026-04-21 22:12:57.060 +05:30 [INF] Serilog.AspNetCore.RequestLoggingMiddleware | CorrelationId:8edf24bb89694adfbb3559a159c7f334 | HTTP GET /api/Attendance/records responded 200 in 270.1393 ms
2026-04-21 22:12:57.171 +05:30 [INF] Serilog.AspNetCore.RequestLoggingMiddleware | CorrelationId:6646609130a54f6eb5c498c1dfcf20f6 | HTTP GET /api/Attendance/records responded 200 in 340.8889 ms
2026-04-21 22:12:57.199 +05:30 [INF] Serilog.AspNetCore.RequestLoggingMiddleware | CorrelationId:bf4abd60e0d64e05b4f4419f6a4638b0 | HTTP OPTIONS /api/Attendance/stats responded 204 in 0.0634 ms
2026-04-21 22:12:57.263 +05:30 [INF] Serilog.AspNetCore.RequestLoggingMiddleware | CorrelationId:b3b895ed3fa54151aab20ad471e407f2 | HTTP OPTIONS /api/Attendance/stats responded 204 in 0.0480 ms
2026-04-21 22:12:57.300 +05:30 [INF] SmsApi.Middleware.LoggingActionFilter | CorrelationId:b05f52aa7e5a49ebb00110b90d876d15 | API Request: GET /api/Attendance/stats | User: Unknown | School: 550e8400-e29b-41d4-a716-446655440000
2026-04-21 22:12:57.326 +05:30 [INF] SmsApi.Middleware.LoggingActionFilter | CorrelationId:56e13919f1314966a718c3deb71e18ae | API Request: GET /api/Attendance/stats | User: Unknown | School: 550e8400-e29b-41d4-a716-446655440000
2026-04-21 22:12:57.348 +05:30 [INF] SmsApi.Middleware.LoggingActionFilter | CorrelationId:b05f52aa7e5a49ebb00110b90d876d15 | API Response: GET /api/Attendance/stats | Status: 200 | Duration: 48ms
2026-04-21 22:12:57.363 +05:30 [INF] SmsApi.Middleware.LoggingActionFilter | CorrelationId:56e13919f1314966a718c3deb71e18ae | API Response: GET /api/Attendance/stats | Status: 200 | Duration: 36ms
2026-04-21 22:12:57.369 +05:30 [INF] Serilog.AspNetCore.RequestLoggingMiddleware | CorrelationId:b05f52aa7e5a49ebb00110b90d876d15 | HTTP GET /api/Attendance/stats responded 200 in 77.5007 ms
2026-04-21 22:12:57.442 +05:30 [INF] Serilog.AspNetCore.RequestLoggingMiddleware | CorrelationId:56e13919f1314966a718c3deb71e18ae | HTTP GET /api/Attendance/stats responded 200 in 120.1656 ms
2026-04-21 22:12:59.862 +05:30 [INF] Serilog.AspNetCore.RequestLoggingMiddleware | CorrelationId:d8c82aad22074cadaea1a54100b8efe4 | HTTP OPTIONS /api/notifications/unread-count responded 204 in 0.3175 ms
2026-04-21 22:12:59.923 +05:30 [INF] SmsApi.Middleware.LoggingActionFilter | CorrelationId:9f3da42def6d444b965d032d8f8fe4b1 | API Request: GET /api/notifications/unread-count | User: Unknown | School: 550e8400-e29b-41d4-a716-446655440000
2026-04-21 22:13:00.037 +05:30 [INF] SmsApi.Middleware.LoggingActionFilter | CorrelationId:9f3da42def6d444b965d032d8f8fe4b1 | API Response: GET /api/notifications/unread-count | Status: 200 | Duration: 113ms
2026-04-21 22:13:00.144 +05:30 [INF] Serilog.AspNetCore.RequestLoggingMiddleware | CorrelationId:9f3da42def6d444b965d032d8f8fe4b1 | HTTP GET /api/notifications/unread-count responded 200 in 225.2128 ms
2026-04-21 22:13:02.260 +05:30 [INF] Serilog.AspNetCore.RequestLoggingMiddleware | CorrelationId:999968fc6ac2491782fe3fc8dfaf2570 | HTTP OPTIONS /api/Attendance/records responded 204 in 0.1704 ms
2026-04-21 22:13:02.262 +05:30 [INF] Serilog.AspNetCore.RequestLoggingMiddleware | CorrelationId:a99a349137574e998a828e3634b249aa | HTTP OPTIONS /api/Attendance/records responded 204 in 0.0465 ms
2026-04-21 22:13:02.408 +05:30 [INF] SmsApi.Middleware.LoggingActionFilter | CorrelationId:07de70341e604797868b3c96d42814e4 | API Request: GET /api/Attendance/records | User: Unknown | School: 550e8400-e29b-41d4-a716-446655440000
2026-04-21 22:13:02.408 +05:30 [INF] SmsApi.Middleware.LoggingActionFilter | CorrelationId:58e1cc74246c471c8e0a9d82644a1b1d | API Request: GET /api/Attendance/records | User: Unknown | School: 550e8400-e29b-41d4-a716-446655440000
2026-04-21 22:13:02.452 +05:30 [INF] SmsApi.Middleware.LoggingActionFilter | CorrelationId:07de70341e604797868b3c96d42814e4 | API Response: GET /api/Attendance/records | Status: 200 | Duration: 44ms
2026-04-21 22:13:02.470 +05:30 [INF] SmsApi.Middleware.LoggingActionFilter | CorrelationId:58e1cc74246c471c8e0a9d82644a1b1d | API Response: GET /api/Attendance/records | Status: 200 | Duration: 61ms
2026-04-21 22:13:02.494 +05:30 [INF] Serilog.AspNetCore.RequestLoggingMiddleware | CorrelationId:58e1cc74246c471c8e0a9d82644a1b1d | HTTP GET /api/Attendance/records responded 200 in 117.1189 ms
2026-04-21 22:13:02.481 +05:30 [INF] Serilog.AspNetCore.RequestLoggingMiddleware | CorrelationId:07de70341e604797868b3c96d42814e4 | HTTP GET /api/Attendance/records responded 200 in 90.2024 ms
2026-04-21 22:13:02.654 +05:30 [INF] Serilog.AspNetCore.RequestLoggingMiddleware | CorrelationId:279fcc093b954ea9bbd21817ce9238f9 | HTTP OPTIONS /api/Attendance/stats responded 204 in 0.1097 ms
2026-04-21 22:13:02.661 +05:30 [INF] Serilog.AspNetCore.RequestLoggingMiddleware | CorrelationId:e47a6de342b548399b0d5aa7fd8461b3 | HTTP OPTIONS /api/Attendance/stats responded 204 in 0.0432 ms
2026-04-21 22:13:02.701 +05:30 [INF] SmsApi.Middleware.LoggingActionFilter | CorrelationId:2e836141517b4de0abce60dcca072a2e | API Request: GET /api/Attendance/stats | User: Unknown | School: 550e8400-e29b-41d4-a716-446655440000
2026-04-21 22:13:02.741 +05:30 [INF] SmsApi.Middleware.LoggingActionFilter | CorrelationId:7e8beb49a1a14e14b547330621e12301 | API Request: GET /api/Attendance/stats | User: Unknown | School: 550e8400-e29b-41d4-a716-446655440000
2026-04-21 22:13:02.751 +05:30 [INF] SmsApi.Middleware.LoggingActionFilter | CorrelationId:2e836141517b4de0abce60dcca072a2e | API Response: GET /api/Attendance/stats | Status: 200 | Duration: 50ms
2026-04-21 22:13:02.764 +05:30 [INF] SmsApi.Middleware.LoggingActionFilter | CorrelationId:7e8beb49a1a14e14b547330621e12301 | API Response: GET /api/Attendance/stats | Status: 200 | Duration: 22ms
2026-04-21 22:13:02.765 +05:30 [INF] Serilog.AspNetCore.RequestLoggingMiddleware | CorrelationId:2e836141517b4de0abce60dcca072a2e | HTTP GET /api/Attendance/stats responded 200 in 74.2649 ms
2026-04-21 22:13:02.813 +05:30 [INF] Serilog.AspNetCore.RequestLoggingMiddleware | CorrelationId:7e8beb49a1a14e14b547330621e12301 | HTTP GET /api/Attendance/stats responded 200 in 78.5165 ms
2026-04-21 22:13:05.413 +05:30 [INF] Serilog.AspNetCore.RequestLoggingMiddleware | CorrelationId:d939176ece7547129de989d48dba8446 | HTTP OPTIONS /api/students/38185fcb-c48f-45a6-9ba2-c31b4cb3668c responded 204 in 0.0619 ms
2026-04-21 22:13:05.419 +05:30 [INF] Serilog.AspNetCore.RequestLoggingMiddleware | CorrelationId:908e1a5d87cb45c2887f469247ed8f57 | HTTP OPTIONS /api/students/38185fcb-c48f-45a6-9ba2-c31b4cb3668c responded 204 in 0.0484 ms
2026-04-21 22:13:05.532 +05:30 [INF] SmsApi.Middleware.LoggingActionFilter | CorrelationId:d943930f77d14517bbf0b92498dd2b76 | API Request: GET /api/students/38185fcb-c48f-45a6-9ba2-c31b4cb3668c | User: Unknown | School: 550e8400-e29b-41d4-a716-446655440000
2026-04-21 22:13:05.545 +05:30 [INF] SmsApi.Middleware.LoggingActionFilter | CorrelationId:6446a90ad6924bf8b933b299be1c339e | API Request: GET /api/students/38185fcb-c48f-45a6-9ba2-c31b4cb3668c | User: Unknown | School: 550e8400-e29b-41d4-a716-446655440000
2026-04-21 22:13:05.558 +05:30 [INF] SmsApi.Middleware.LoggingActionFilter | CorrelationId:d943930f77d14517bbf0b92498dd2b76 | API Response: GET /api/students/38185fcb-c48f-45a6-9ba2-c31b4cb3668c | Status: 200 | Duration: 25ms
2026-04-21 22:13:05.565 +05:30 [INF] SmsApi.Middleware.LoggingActionFilter | CorrelationId:6446a90ad6924bf8b933b299be1c339e | API Response: GET /api/students/38185fcb-c48f-45a6-9ba2-c31b4cb3668c | Status: 200 | Duration: 19ms
2026-04-21 22:13:05.565 +05:30 [INF] Serilog.AspNetCore.RequestLoggingMiddleware | CorrelationId:d943930f77d14517bbf0b92498dd2b76 | HTTP GET /api/students/38185fcb-c48f-45a6-9ba2-c31b4cb3668c responded 200 in 38.6552 ms
2026-04-21 22:13:05.571 +05:30 [INF] Serilog.AspNetCore.RequestLoggingMiddleware | CorrelationId:6446a90ad6924bf8b933b299be1c339e | HTTP GET /api/students/38185fcb-c48f-45a6-9ba2-c31b4cb3668c responded 200 in 29.7309 ms
2026-04-21 22:13:07.101 +05:30 [INF] Serilog.AspNetCore.RequestLoggingMiddleware | CorrelationId:2c4e78d6d9584459a377e491a81aca7f | HTTP OPTIONS /api/students/38185fcb-c48f-45a6-9ba2-c31b4cb3668c responded 204 in 0.0691 ms
2026-04-21 22:13:07.102 +05:30 [INF] Serilog.AspNetCore.RequestLoggingMiddleware | CorrelationId:e2f9aae561f748469a1a262933ab5eed | HTTP OPTIONS /api/students responded 204 in 0.0240 ms
2026-04-21 22:13:07.103 +05:30 [INF] Serilog.AspNetCore.RequestLoggingMiddleware | CorrelationId:3be847c989594f2385e6c1f5ffffc79d | HTTP OPTIONS /api/students/38185fcb-c48f-45a6-9ba2-c31b4cb3668c responded 204 in 0.0170 ms
2026-04-21 22:13:07.103 +05:30 [INF] Serilog.AspNetCore.RequestLoggingMiddleware | CorrelationId:4931db45b2404d46a1f741caf136716b | HTTP OPTIONS /api/students responded 204 in 0.0387 ms
2026-04-21 22:13:07.143 +05:30 [INF] SmsApi.Middleware.LoggingActionFilter | CorrelationId:57c5a7bf26304ec1928c64eb24ae5787 | API Request: GET /api/students/38185fcb-c48f-45a6-9ba2-c31b4cb3668c | User: Unknown | School: 550e8400-e29b-41d4-a716-446655440000
2026-04-21 22:13:07.157 +05:30 [INF] SmsApi.Middleware.LoggingActionFilter | CorrelationId:18bbc59fa602471c9619feec71e1157f | API Request: GET /api/students | User: Unknown | School: 550e8400-e29b-41d4-a716-446655440000
2026-04-21 22:13:07.163 +05:30 [INF] SmsApi.Middleware.LoggingActionFilter | CorrelationId:e4a89ae557b24e9189a711f2a971dd0f | API Request: GET /api/students/38185fcb-c48f-45a6-9ba2-c31b4cb3668c | User: Unknown | School: 550e8400-e29b-41d4-a716-446655440000
2026-04-21 22:13:07.173 +05:30 [INF] SmsApi.Middleware.LoggingActionFilter | CorrelationId:5116b2bebeeb4cc1841cccff09a63dc9 | API Request: GET /api/students | User: Unknown | School: 550e8400-e29b-41d4-a716-446655440000
2026-04-21 22:13:07.177 +05:30 [INF] SmsApi.Middleware.LoggingActionFilter | CorrelationId:57c5a7bf26304ec1928c64eb24ae5787 | API Response: GET /api/students/38185fcb-c48f-45a6-9ba2-c31b4cb3668c | Status: 200 | Duration: 34ms
2026-04-21 22:13:07.183 +05:30 [INF] SmsApi.Middleware.LoggingActionFilter | CorrelationId:18bbc59fa602471c9619feec71e1157f | API Response: GET /api/students | Status: 200 | Duration: 25ms
2026-04-21 22:13:07.201 +05:30 [INF] SmsApi.Middleware.LoggingActionFilter | CorrelationId:e4a89ae557b24e9189a711f2a971dd0f | API Response: GET /api/students/38185fcb-c48f-45a6-9ba2-c31b4cb3668c | Status: 200 | Duration: 37ms
2026-04-21 22:13:07.248 +05:30 [INF] SmsApi.Middleware.LoggingActionFilter | CorrelationId:5116b2bebeeb4cc1841cccff09a63dc9 | API Response: GET /api/students | Status: 200 | Duration: 74ms
2026-04-21 22:13:07.254 +05:30 [INF] Serilog.AspNetCore.RequestLoggingMiddleware | CorrelationId:57c5a7bf26304ec1928c64eb24ae5787 | HTTP GET /api/students/38185fcb-c48f-45a6-9ba2-c31b4cb3668c responded 200 in 114.7214 ms
2026-04-21 22:13:07.275 +05:30 [INF] Serilog.AspNetCore.RequestLoggingMiddleware | CorrelationId:18bbc59fa602471c9619feec71e1157f | HTTP GET /api/students responded 200 in 120.8932 ms
2026-04-21 22:13:07.315 +05:30 [INF] Serilog.AspNetCore.RequestLoggingMiddleware | CorrelationId:e4a89ae557b24e9189a711f2a971dd0f | HTTP GET /api/students/38185fcb-c48f-45a6-9ba2-c31b4cb3668c responded 200 in 154.0275 ms
2026-04-21 22:13:07.336 +05:30 [INF] Serilog.AspNetCore.RequestLoggingMiddleware | CorrelationId:5116b2bebeeb4cc1841cccff09a63dc9 | HTTP GET /api/students responded 200 in 169.0417 ms
2026-04-21 22:13:07.357 +05:30 [INF] Serilog.AspNetCore.RequestLoggingMiddleware | CorrelationId:88cb0beb177343bfa547676b7324b7b9 | HTTP OPTIONS /api/students/38185fcb-c48f-45a6-9ba2-c31b4cb3668c/siblings responded 204 in 0.0389 ms
2026-04-21 22:13:07.411 +05:30 [INF] Serilog.AspNetCore.RequestLoggingMiddleware | CorrelationId:a0e4d353313944bc98850360de66f253 | HTTP OPTIONS /api/students/38185fcb-c48f-45a6-9ba2-c31b4cb3668c/siblings responded 204 in 0.0543 ms
2026-04-21 22:13:07.431 +05:30 [INF] SmsApi.Middleware.LoggingActionFilter | CorrelationId:f1631211135b4889bd8c87bab79e3ad9 | API Request: GET /api/students/38185fcb-c48f-45a6-9ba2-c31b4cb3668c/siblings | User: Unknown | School: 550e8400-e29b-41d4-a716-446655440000
2026-04-21 22:13:07.457 +05:30 [INF] SmsApi.Middleware.LoggingActionFilter | CorrelationId:1a18a0e20d5e4e5fb8c286bae9e56fa4 | API Request: GET /api/students/38185fcb-c48f-45a6-9ba2-c31b4cb3668c/siblings | User: Unknown | School: 550e8400-e29b-41d4-a716-446655440000
2026-04-21 22:13:07.462 +05:30 [INF] SmsApi.Middleware.LoggingActionFilter | CorrelationId:f1631211135b4889bd8c87bab79e3ad9 | API Response: GET /api/students/38185fcb-c48f-45a6-9ba2-c31b4cb3668c/siblings | Status: 200 | Duration: 31ms
2026-04-21 22:13:07.468 +05:30 [INF] SmsApi.Middleware.LoggingActionFilter | CorrelationId:1a18a0e20d5e4e5fb8c286bae9e56fa4 | API Response: GET /api/students/38185fcb-c48f-45a6-9ba2-c31b4cb3668c/siblings | Status: 200 | Duration: 11ms
2026-04-21 22:13:07.469 +05:30 [INF] Serilog.AspNetCore.RequestLoggingMiddleware | CorrelationId:f1631211135b4889bd8c87bab79e3ad9 | HTTP GET /api/students/38185fcb-c48f-45a6-9ba2-c31b4cb3668c/siblings responded 200 in 40.9570 ms
2026-04-21 22:13:07.473 +05:30 [INF] Serilog.AspNetCore.RequestLoggingMiddleware | CorrelationId:1a18a0e20d5e4e5fb8c286bae9e56fa4 | HTTP GET /api/students/38185fcb-c48f-45a6-9ba2-c31b4cb3668c/siblings responded 200 in 18.6317 ms
2026-04-21 22:13:07.498 +05:30 [INF] Serilog.AspNetCore.RequestLoggingMiddleware | CorrelationId:e831042a621e4c0c8b2afc42d526b683 | HTTP OPTIONS /api/students/38185fcb-c48f-45a6-9ba2-c31b4cb3668c/profile-summary responded 204 in 0.0448 ms
2026-04-21 22:13:07.563 +05:30 [INF] Serilog.AspNetCore.RequestLoggingMiddleware | CorrelationId:3a5cd0141a0f446dbb95e6c2180daed8 | HTTP OPTIONS /api/students/38185fcb-c48f-45a6-9ba2-c31b4cb3668c/profile-summary responded 204 in 0.0685 ms
2026-04-21 22:13:07.594 +05:30 [INF] SmsApi.Middleware.LoggingActionFilter | CorrelationId:d5edf3eb29cc46469b5f4695fbe5e213 | API Request: GET /api/students/38185fcb-c48f-45a6-9ba2-c31b4cb3668c/profile-summary | User: Unknown | School: 550e8400-e29b-41d4-a716-446655440000
2026-04-21 22:13:07.666 +05:30 [INF] SmsApi.Middleware.LoggingActionFilter | CorrelationId:8e007878d2bd491cbe34131558c67b9b | API Request: GET /api/students/38185fcb-c48f-45a6-9ba2-c31b4cb3668c/profile-summary | User: Unknown | School: 550e8400-e29b-41d4-a716-446655440000
2026-04-21 22:13:07.685 +05:30 [INF] SmsApi.Middleware.LoggingActionFilter | CorrelationId:d5edf3eb29cc46469b5f4695fbe5e213 | API Response: GET /api/students/38185fcb-c48f-45a6-9ba2-c31b4cb3668c/profile-summary | Status: 200 | Duration: 91ms
2026-04-21 22:13:07.694 +05:30 [INF] SmsApi.Middleware.LoggingActionFilter | CorrelationId:8e007878d2bd491cbe34131558c67b9b | API Response: GET /api/students/38185fcb-c48f-45a6-9ba2-c31b4cb3668c/profile-summary | Status: 200 | Duration: 28ms
2026-04-21 22:13:07.705 +05:30 [INF] Serilog.AspNetCore.RequestLoggingMiddleware | CorrelationId:d5edf3eb29cc46469b5f4695fbe5e213 | HTTP GET /api/students/38185fcb-c48f-45a6-9ba2-c31b4cb3668c/profile-summary responded 200 in 116.6982 ms
2026-04-21 22:13:07.710 +05:30 [INF] Serilog.AspNetCore.RequestLoggingMiddleware | CorrelationId:8e007878d2bd491cbe34131558c67b9b | HTTP GET /api/students/38185fcb-c48f-45a6-9ba2-c31b4cb3668c/profile-summary responded 200 in 46.9087 ms
2026-04-21 22:13:07.742 +05:30 [INF] Serilog.AspNetCore.RequestLoggingMiddleware | CorrelationId:63287a081d2e475cbd97617fca1e7afc | HTTP OPTIONS /api/Attendance/records responded 204 in 0.0515 ms
2026-04-21 22:13:07.742 +05:30 [INF] Serilog.AspNetCore.RequestLoggingMiddleware | CorrelationId:35fe8e82035242fea8cc8c9f980bbdd4 | HTTP OPTIONS /api/Attendance/records responded 204 in 0.0428 ms
2026-04-21 22:13:07.918 +05:30 [INF] SmsApi.Middleware.LoggingActionFilter | CorrelationId:9fedd9e316a84ec6b141587ab68e19b9 | API Request: GET /api/Attendance/records | User: Unknown | School: 550e8400-e29b-41d4-a716-446655440000
2026-04-21 22:13:07.943 +05:30 [INF] SmsApi.Middleware.LoggingActionFilter | CorrelationId:e99ff8ebf86049e5b1d9d2d7219b5c4e | API Request: GET /api/Attendance/records | User: Unknown | School: 550e8400-e29b-41d4-a716-446655440000
2026-04-21 22:13:07.952 +05:30 [INF] SmsApi.Middleware.LoggingActionFilter | CorrelationId:9fedd9e316a84ec6b141587ab68e19b9 | API Response: GET /api/Attendance/records | Status: 200 | Duration: 33ms
2026-04-21 22:13:07.957 +05:30 [INF] SmsApi.Middleware.LoggingActionFilter | CorrelationId:e99ff8ebf86049e5b1d9d2d7219b5c4e | API Response: GET /api/Attendance/records | Status: 200 | Duration: 13ms
2026-04-21 22:13:07.966 +05:30 [INF] Serilog.AspNetCore.RequestLoggingMiddleware | CorrelationId:9fedd9e316a84ec6b141587ab68e19b9 | HTTP GET /api/Attendance/records responded 200 in 51.6971 ms
2026-04-21 22:13:07.996 +05:30 [INF] Serilog.AspNetCore.RequestLoggingMiddleware | CorrelationId:e99ff8ebf86049e5b1d9d2d7219b5c4e | HTTP GET /api/Attendance/records responded 200 in 55.2390 ms
2026-04-21 22:13:08.033 +05:30 [INF] Serilog.AspNetCore.RequestLoggingMiddleware | CorrelationId:5ff46540c8bc4e63baa91a33eff75ffd | HTTP OPTIONS /api/Attendance/stats responded 204 in 2.3030 ms
2026-04-21 22:13:08.042 +05:30 [INF] Serilog.AspNetCore.RequestLoggingMiddleware | CorrelationId:e4aeecae58194ea7b9857b6aaa6c5ce8 | HTTP OPTIONS /api/Attendance/stats responded 204 in 0.0515 ms
2026-04-21 22:13:08.054 +05:30 [INF] SmsApi.Middleware.LoggingActionFilter | CorrelationId:fbddbd4c2a0648c5b4b404659c9d661e | API Request: GET /api/Attendance/stats | User: Unknown | School: 550e8400-e29b-41d4-a716-446655440000
2026-04-21 22:13:08.098 +05:30 [INF] SmsApi.Middleware.LoggingActionFilter | CorrelationId:82df30d08174454da00772c714502c60 | API Request: GET /api/Attendance/stats | User: Unknown | School: 550e8400-e29b-41d4-a716-446655440000
2026-04-21 22:13:08.105 +05:30 [INF] SmsApi.Middleware.LoggingActionFilter | CorrelationId:fbddbd4c2a0648c5b4b404659c9d661e | API Response: GET /api/Attendance/stats | Status: 200 | Duration: 51ms
2026-04-21 22:13:08.174 +05:30 [INF] SmsApi.Middleware.LoggingActionFilter | CorrelationId:82df30d08174454da00772c714502c60 | API Response: GET /api/Attendance/stats | Status: 200 | Duration: 76ms
2026-04-21 22:13:08.184 +05:30 [INF] Serilog.AspNetCore.RequestLoggingMiddleware | CorrelationId:fbddbd4c2a0648c5b4b404659c9d661e | HTTP GET /api/Attendance/stats responded 200 in 134.4855 ms
2026-04-21 22:13:08.193 +05:30 [INF] Serilog.AspNetCore.RequestLoggingMiddleware | CorrelationId:82df30d08174454da00772c714502c60 | HTTP GET /api/Attendance/stats responded 200 in 107.3855 ms
2026-04-21 22:13:08.565 +05:30 [INF] Serilog.AspNetCore.RequestLoggingMiddleware | CorrelationId:cb0133abfd1841a8bcf15f8f04666095 | HTTP OPTIONS /api/students responded 204 in 0.0458 ms
2026-04-21 22:13:08.576 +05:30 [INF] Serilog.AspNetCore.RequestLoggingMiddleware | CorrelationId:b6a8c81d2e994b3f9fbb60f0095f4c44 | HTTP OPTIONS /api/students responded 204 in 0.0850 ms
2026-04-21 22:13:08.628 +05:30 [INF] SmsApi.Middleware.LoggingActionFilter | CorrelationId:0ff0012da0c84b4089a48d21fe8ec443 | API Request: GET /api/students | User: Unknown | School: 550e8400-e29b-41d4-a716-446655440000
2026-04-21 22:13:08.660 +05:30 [INF] SmsApi.Middleware.LoggingActionFilter | CorrelationId:07530301d8ea471691effd08263a69d2 | API Request: GET /api/students | User: Unknown | School: 550e8400-e29b-41d4-a716-446655440000
2026-04-21 22:13:08.682 +05:30 [INF] SmsApi.Middleware.LoggingActionFilter | CorrelationId:0ff0012da0c84b4089a48d21fe8ec443 | API Response: GET /api/students | Status: 200 | Duration: 53ms
2026-04-21 22:13:08.687 +05:30 [INF] SmsApi.Middleware.LoggingActionFilter | CorrelationId:07530301d8ea471691effd08263a69d2 | API Response: GET /api/students | Status: 200 | Duration: 27ms
2026-04-21 22:13:08.705 +05:30 [INF] Serilog.AspNetCore.RequestLoggingMiddleware | CorrelationId:0ff0012da0c84b4089a48d21fe8ec443 | HTTP GET /api/students responded 200 in 82.6372 ms
2026-04-21 22:13:08.713 +05:30 [INF] Serilog.AspNetCore.RequestLoggingMiddleware | CorrelationId:07530301d8ea471691effd08263a69d2 | HTTP GET /api/students responded 200 in 58.9156 ms
2026-04-21 22:13:30.210 +05:30 [INF] Serilog.AspNetCore.RequestLoggingMiddleware | CorrelationId:005a0b5b86f940c39f41f9e536f48eae | HTTP OPTIONS /api/notifications/unread-count responded 204 in 0.2661 ms
2026-04-21 22:13:30.245 +05:30 [INF] SmsApi.Middleware.LoggingActionFilter | CorrelationId:4493f964cda545fa83eb18dc83fbe32b | API Request: GET /api/notifications/unread-count | User: Unknown | School: 550e8400-e29b-41d4-a716-446655440000
2026-04-21 22:13:30.262 +05:30 [INF] SmsApi.Middleware.LoggingActionFilter | CorrelationId:4493f964cda545fa83eb18dc83fbe32b | API Response: GET /api/notifications/unread-count | Status: 200 | Duration: 16ms
2026-04-21 22:13:30.270 +05:30 [INF] Serilog.AspNetCore.RequestLoggingMiddleware | CorrelationId:4493f964cda545fa83eb18dc83fbe32b | HTTP GET /api/notifications/unread-count responded 200 in 28.6698 ms
2026-04-21 22:14:00.307 +05:30 [INF] Serilog.AspNetCore.RequestLoggingMiddleware | CorrelationId:40260ae128ad48f680eac9efd4f26023 | HTTP OPTIONS /api/notifications/unread-count responded 204 in 0.2858 ms
2026-04-21 22:14:00.355 +05:30 [INF] SmsApi.Middleware.LoggingActionFilter | CorrelationId:0b28db4c008b408abcf968504cb542ba | API Request: GET /api/notifications/unread-count | User: Unknown | School: 550e8400-e29b-41d4-a716-446655440000
2026-04-21 22:14:00.373 +05:30 [INF] SmsApi.Middleware.LoggingActionFilter | CorrelationId:0b28db4c008b408abcf968504cb542ba | API Response: GET /api/notifications/unread-count | Status: 200 | Duration: 18ms
2026-04-21 22:14:00.400 +05:30 [INF] Serilog.AspNetCore.RequestLoggingMiddleware | CorrelationId:0b28db4c008b408abcf968504cb542ba | HTTP GET /api/notifications/unread-count responded 200 in 47.7770 ms
2026-04-21 22:14:44.155 +05:30 [INF] Serilog.AspNetCore.RequestLoggingMiddleware | CorrelationId:6cca33fd0f6943d799e7e2abbf7fddd9 | HTTP OPTIONS /api/students/7fac64ee-3090-41ca-8add-56cda22c41c6 responded 204 in 0.3999 ms
2026-04-21 22:14:44.156 +05:30 [INF] Serilog.AspNetCore.RequestLoggingMiddleware | CorrelationId:bacec950e94c4620a4e059eb166bd751 | HTTP OPTIONS /api/students responded 204 in 0.0375 ms
2026-04-21 22:14:44.156 +05:30 [INF] Serilog.AspNetCore.RequestLoggingMiddleware | CorrelationId:d3e22443a6b644f48869ed50f298b6e3 | HTTP OPTIONS /api/students/7fac64ee-3090-41ca-8add-56cda22c41c6 responded 204 in 0.0217 ms
2026-04-21 22:14:44.156 +05:30 [INF] Serilog.AspNetCore.RequestLoggingMiddleware | CorrelationId:75a5a946346245e3949196289cd771f1 | HTTP OPTIONS /api/students responded 204 in 0.0120 ms
2026-04-21 22:14:44.197 +05:30 [INF] SmsApi.Middleware.LoggingActionFilter | CorrelationId:182321e4c6a14c61a1582b15dac70515 | API Request: GET /api/students | User: Unknown | School: 550e8400-e29b-41d4-a716-446655440000
2026-04-21 22:14:44.202 +05:30 [INF] SmsApi.Middleware.LoggingActionFilter | CorrelationId:4ea7e3f6d7334d62b9ecab9c32a960f1 | API Request: GET /api/students/7fac64ee-3090-41ca-8add-56cda22c41c6 | User: Unknown | School: 550e8400-e29b-41d4-a716-446655440000
2026-04-21 22:14:44.205 +05:30 [INF] SmsApi.Middleware.LoggingActionFilter | CorrelationId:efc85aade6004e7fa2c8cce0547f0847 | API Request: GET /api/students | User: Unknown | School: 550e8400-e29b-41d4-a716-446655440000
2026-04-21 22:14:44.213 +05:30 [INF] SmsApi.Middleware.LoggingActionFilter | CorrelationId:4ea7e3f6d7334d62b9ecab9c32a960f1 | API Response: GET /api/students/7fac64ee-3090-41ca-8add-56cda22c41c6 | Status: 200 | Duration: 10ms
2026-04-21 22:14:44.219 +05:30 [INF] Serilog.AspNetCore.RequestLoggingMiddleware | CorrelationId:4ea7e3f6d7334d62b9ecab9c32a960f1 | HTTP GET /api/students/7fac64ee-3090-41ca-8add-56cda22c41c6 responded 200 in 21.4122 ms
2026-04-21 22:14:44.245 +05:30 [INF] Serilog.AspNetCore.RequestLoggingMiddleware | CorrelationId:7f2e2be0e5554b698a07941db4bb548f | HTTP OPTIONS /api/students/7fac64ee-3090-41ca-8add-56cda22c41c6/siblings responded 204 in 0.0694 ms
2026-04-21 22:14:44.385 +05:30 [INF] SmsApi.Middleware.LoggingActionFilter | CorrelationId:fe602e7e6f6b44ad8f8dc0ccc0736d96 | API Request: GET /api/students/7fac64ee-3090-41ca-8add-56cda22c41c6/siblings | User: Unknown | School: 550e8400-e29b-41d4-a716-446655440000
2026-04-21 22:14:44.398 +05:30 [INF] SmsApi.Middleware.LoggingActionFilter | CorrelationId:fe602e7e6f6b44ad8f8dc0ccc0736d96 | API Response: GET /api/students/7fac64ee-3090-41ca-8add-56cda22c41c6/siblings | Status: 200 | Duration: 12ms
2026-04-21 22:14:44.409 +05:30 [INF] SmsApi.Middleware.LoggingActionFilter | CorrelationId:527a429758ff4a378527c4b645d84481 | API Request: GET /api/students/7fac64ee-3090-41ca-8add-56cda22c41c6 | User: Unknown | School: 550e8400-e29b-41d4-a716-446655440000
2026-04-21 22:14:44.412 +05:30 [INF] Serilog.AspNetCore.RequestLoggingMiddleware | CorrelationId:fe602e7e6f6b44ad8f8dc0ccc0736d96 | HTTP GET /api/students/7fac64ee-3090-41ca-8add-56cda22c41c6/siblings responded 200 in 30.2793 ms
2026-04-21 22:14:44.421 +05:30 [INF] SmsApi.Middleware.LoggingActionFilter | CorrelationId:efc85aade6004e7fa2c8cce0547f0847 | API Response: GET /api/students | Status: 200 | Duration: 215ms
2026-04-21 22:14:44.432 +05:30 [INF] SmsApi.Middleware.LoggingActionFilter | CorrelationId:527a429758ff4a378527c4b645d84481 | API Response: GET /api/students/7fac64ee-3090-41ca-8add-56cda22c41c6 | Status: 200 | Duration: 22ms
2026-04-21 22:14:44.436 +05:30 [INF] Serilog.AspNetCore.RequestLoggingMiddleware | CorrelationId:bb1597fcee754e6888c75cf64c4c4e75 | HTTP OPTIONS /api/students/7fac64ee-3090-41ca-8add-56cda22c41c6/profile-summary responded 204 in 0.0380 ms
2026-04-21 22:14:44.437 +05:30 [INF] Serilog.AspNetCore.RequestLoggingMiddleware | CorrelationId:efc85aade6004e7fa2c8cce0547f0847 | HTTP GET /api/students responded 200 in 235.1465 ms
2026-04-21 22:14:44.441 +05:30 [INF] Serilog.AspNetCore.RequestLoggingMiddleware | CorrelationId:527a429758ff4a378527c4b645d84481 | HTTP GET /api/students/7fac64ee-3090-41ca-8add-56cda22c41c6 responded 200 in 262.4227 ms
2026-04-21 22:14:44.443 +05:30 [INF] SmsApi.Middleware.LoggingActionFilter | CorrelationId:182321e4c6a14c61a1582b15dac70515 | API Response: GET /api/students | Status: 200 | Duration: 246ms
2026-04-21 22:14:44.459 +05:30 [INF] SmsApi.Middleware.LoggingActionFilter | CorrelationId:d55497f122b945e2b523bc945d5995cc | API Request: GET /api/students/7fac64ee-3090-41ca-8add-56cda22c41c6/profile-summary | User: Unknown | School: 550e8400-e29b-41d4-a716-446655440000
2026-04-21 22:14:44.463 +05:30 [INF] Serilog.AspNetCore.RequestLoggingMiddleware | CorrelationId:9745b36b949d448e9f223a074ee59b0f | HTTP OPTIONS /api/students/7fac64ee-3090-41ca-8add-56cda22c41c6/siblings responded 204 in 0.1265 ms
2026-04-21 22:14:44.465 +05:30 [INF] Serilog.AspNetCore.RequestLoggingMiddleware | CorrelationId:182321e4c6a14c61a1582b15dac70515 | HTTP GET /api/students responded 200 in 282.7068 ms
2026-04-21 22:14:44.482 +05:30 [INF] SmsApi.Middleware.LoggingActionFilter | CorrelationId:830f851cb33f44caa03d834bc6a5e19d | API Request: GET /api/students/7fac64ee-3090-41ca-8add-56cda22c41c6/siblings | User: Unknown | School: 550e8400-e29b-41d4-a716-446655440000
2026-04-21 22:14:44.495 +05:30 [INF] SmsApi.Middleware.LoggingActionFilter | CorrelationId:830f851cb33f44caa03d834bc6a5e19d | API Response: GET /api/students/7fac64ee-3090-41ca-8add-56cda22c41c6/siblings | Status: 200 | Duration: 13ms
2026-04-21 22:14:44.499 +05:30 [INF] Serilog.AspNetCore.RequestLoggingMiddleware | CorrelationId:830f851cb33f44caa03d834bc6a5e19d | HTTP GET /api/students/7fac64ee-3090-41ca-8add-56cda22c41c6/siblings responded 200 in 21.3679 ms
2026-04-21 22:14:44.507 +05:30 [INF] Serilog.AspNetCore.RequestLoggingMiddleware | CorrelationId:5f88c43d6e1f4a1f8cef47e0ddadf9d1 | HTTP OPTIONS /api/students/7fac64ee-3090-41ca-8add-56cda22c41c6/profile-summary responded 204 in 0.0586 ms
2026-04-21 22:14:44.514 +05:30 [INF] SmsApi.Middleware.LoggingActionFilter | CorrelationId:0f5de47d513d4095bfb3b947a921eb52 | API Request: GET /api/students/7fac64ee-3090-41ca-8add-56cda22c41c6/profile-summary | User: Unknown | School: 550e8400-e29b-41d4-a716-446655440000
2026-04-21 22:14:44.808 +05:30 [INF] SmsApi.Middleware.LoggingActionFilter | CorrelationId:d55497f122b945e2b523bc945d5995cc | API Response: GET /api/students/7fac64ee-3090-41ca-8add-56cda22c41c6/profile-summary | Status: 200 | Duration: 348ms
2026-04-21 22:14:44.808 +05:30 [INF] SmsApi.Middleware.LoggingActionFilter | CorrelationId:0f5de47d513d4095bfb3b947a921eb52 | API Response: GET /api/students/7fac64ee-3090-41ca-8add-56cda22c41c6/profile-summary | Status: 200 | Duration: 293ms
2026-04-21 22:14:44.813 +05:30 [INF] Serilog.AspNetCore.RequestLoggingMiddleware | CorrelationId:d55497f122b945e2b523bc945d5995cc | HTTP GET /api/students/7fac64ee-3090-41ca-8add-56cda22c41c6/profile-summary responded 200 in 356.8651 ms
2026-04-21 22:14:44.813 +05:30 [INF] Serilog.AspNetCore.RequestLoggingMiddleware | CorrelationId:0f5de47d513d4095bfb3b947a921eb52 | HTTP GET /api/students/7fac64ee-3090-41ca-8add-56cda22c41c6/profile-summary responded 200 in 302.3654 ms
2026-04-21 22:14:44.860 +05:30 [INF] Serilog.AspNetCore.RequestLoggingMiddleware | CorrelationId:2442eac6ec1b4ad6bbc32146fb03440f | HTTP OPTIONS /api/Attendance/records responded 204 in 0.0536 ms
2026-04-21 22:14:44.860 +05:30 [INF] Serilog.AspNetCore.RequestLoggingMiddleware | CorrelationId:a7bb21389c114950925b7531d884e20c | HTTP OPTIONS /api/Attendance/records responded 204 in 0.0589 ms
2026-04-21 22:14:44.897 +05:30 [INF] SmsApi.Middleware.LoggingActionFilter | CorrelationId:3d1f74fca40745dfac4e39240aa97d93 | API Request: GET /api/Attendance/records | User: Unknown | School: 550e8400-e29b-41d4-a716-446655440000
2026-04-21 22:14:44.900 +05:30 [INF] SmsApi.Middleware.LoggingActionFilter | CorrelationId:affc0085760b4edaa3ed5d44ca2b6aee | API Request: GET /api/Attendance/records | User: Unknown | School: 550e8400-e29b-41d4-a716-446655440000
2026-04-21 22:14:44.908 +05:30 [INF] SmsApi.Middleware.LoggingActionFilter | CorrelationId:3d1f74fca40745dfac4e39240aa97d93 | API Response: GET /api/Attendance/records | Status: 200 | Duration: 10ms
2026-04-21 22:14:44.910 +05:30 [INF] Serilog.AspNetCore.RequestLoggingMiddleware | CorrelationId:3d1f74fca40745dfac4e39240aa97d93 | HTTP GET /api/Attendance/records responded 200 in 24.0801 ms
2026-04-21 22:14:44.913 +05:30 [INF] SmsApi.Middleware.LoggingActionFilter | CorrelationId:affc0085760b4edaa3ed5d44ca2b6aee | API Response: GET /api/Attendance/records | Status: 200 | Duration: 13ms
2026-04-21 22:14:44.924 +05:30 [INF] Serilog.AspNetCore.RequestLoggingMiddleware | CorrelationId:fa412822fb4949a18c8fa61bcb3fe436 | HTTP OPTIONS /api/Attendance/stats responded 204 in 0.0889 ms
2026-04-21 22:14:44.924 +05:30 [INF] Serilog.AspNetCore.RequestLoggingMiddleware | CorrelationId:affc0085760b4edaa3ed5d44ca2b6aee | HTTP GET /api/Attendance/records responded 200 in 31.3335 ms
2026-04-21 22:14:44.939 +05:30 [INF] SmsApi.Middleware.LoggingActionFilter | CorrelationId:ed00b40f1a924331a8527e5ba3c13d24 | API Request: GET /api/Attendance/stats | User: Unknown | School: 550e8400-e29b-41d4-a716-446655440000
2026-04-21 22:14:44.941 +05:30 [INF] Serilog.AspNetCore.RequestLoggingMiddleware | CorrelationId:caf87af24ae44dc2a0b042e9aea0c3be | HTTP OPTIONS /api/Attendance/stats responded 204 in 0.1042 ms
2026-04-21 22:14:44.955 +05:30 [INF] SmsApi.Middleware.LoggingActionFilter | CorrelationId:ed00b40f1a924331a8527e5ba3c13d24 | API Response: GET /api/Attendance/stats | Status: 200 | Duration: 15ms
2026-04-21 22:14:44.958 +05:30 [INF] SmsApi.Middleware.LoggingActionFilter | CorrelationId:47cfed09543a4f298cca385db2c2e7f0 | API Request: GET /api/Attendance/stats | User: Unknown | School: 550e8400-e29b-41d4-a716-446655440000
2026-04-21 22:14:44.966 +05:30 [INF] Serilog.AspNetCore.RequestLoggingMiddleware | CorrelationId:ed00b40f1a924331a8527e5ba3c13d24 | HTTP GET /api/Attendance/stats responded 200 in 31.1421 ms
2026-04-21 22:14:44.973 +05:30 [INF] SmsApi.Middleware.LoggingActionFilter | CorrelationId:47cfed09543a4f298cca385db2c2e7f0 | API Response: GET /api/Attendance/stats | Status: 200 | Duration: 15ms
2026-04-21 22:14:44.991 +05:30 [INF] Serilog.AspNetCore.RequestLoggingMiddleware | CorrelationId:47cfed09543a4f298cca385db2c2e7f0 | HTTP GET /api/Attendance/stats responded 200 in 40.9908 ms
2026-04-21 22:15:00.450 +05:30 [INF] Serilog.AspNetCore.RequestLoggingMiddleware | CorrelationId:02d7673f8df34b3ba02d2554031b5929 | HTTP OPTIONS /api/notifications/unread-count responded 204 in 0.3797 ms
2026-04-21 22:15:00.532 +05:30 [INF] SmsApi.Middleware.LoggingActionFilter | CorrelationId:b38d523537354712969f4bfa0e845c63 | API Request: GET /api/notifications/unread-count | User: Unknown | School: 550e8400-e29b-41d4-a716-446655440000
2026-04-21 22:15:00.550 +05:30 [INF] SmsApi.Middleware.LoggingActionFilter | CorrelationId:b38d523537354712969f4bfa0e845c63 | API Response: GET /api/notifications/unread-count | Status: 200 | Duration: 18ms
2026-04-21 22:15:00.555 +05:30 [INF] Serilog.AspNetCore.RequestLoggingMiddleware | CorrelationId:b38d523537354712969f4bfa0e845c63 | HTTP GET /api/notifications/unread-count responded 200 in 25.7785 ms
2026-04-21 22:15:30.652 +05:30 [INF] Serilog.AspNetCore.RequestLoggingMiddleware | CorrelationId:7cf24372a605426c9caf2ed739566c09 | HTTP OPTIONS /api/notifications/unread-count responded 204 in 0.7208 ms
2026-04-21 22:15:30.950 +05:30 [INF] SmsApi.Middleware.LoggingActionFilter | CorrelationId:bf65db4f96e6494aba27d9d90eb00640 | API Request: GET /api/notifications/unread-count | User: Unknown | School: 550e8400-e29b-41d4-a716-446655440000
2026-04-21 22:15:31.289 +05:30 [INF] SmsApi.Middleware.LoggingActionFilter | CorrelationId:bf65db4f96e6494aba27d9d90eb00640 | API Response: GET /api/notifications/unread-count | Status: 200 | Duration: 338ms
2026-04-21 22:15:31.536 +05:30 [INF] Serilog.AspNetCore.RequestLoggingMiddleware | CorrelationId:bf65db4f96e6494aba27d9d90eb00640 | HTTP GET /api/notifications/unread-count responded 200 in 589.4411 ms
2026-04-21 22:15:31.665 +05:30 [WRN] SmsApi.Infrastructure.Performance.PerformanceMonitoringMiddleware | CorrelationId: | Slow request: GET /api/notifications/unread-count took 588ms — status 200.
2026-04-21 22:15:32.657 +05:30 [INF] Serilog.AspNetCore.RequestLoggingMiddleware | CorrelationId:adc2c0af3e2e48af98fe5fc11166b2b8 | HTTP OPTIONS /api/analytics/dashboard/summary responded 204 in 0.0556 ms
2026-04-21 22:15:32.657 +05:30 [INF] Serilog.AspNetCore.RequestLoggingMiddleware | CorrelationId:ac9586d9557c4f6e9b7ec334125fb616 | HTTP OPTIONS /api/analytics/dashboard/summary responded 204 in 0.0708 ms
2026-04-21 22:15:33.059 +05:30 [INF] SmsApi.Middleware.LoggingActionFilter | CorrelationId:3a5556d16dfe448ea3a2f5a0d1f4e9a1 | API Request: GET /api/analytics/dashboard/summary | User: Unknown | School: 550e8400-e29b-41d4-a716-446655440000
2026-04-21 22:15:33.105 +05:30 [INF] SmsApi.Middleware.LoggingActionFilter | CorrelationId:c18a5624a43246f28284132378914f85 | API Request: GET /api/analytics/dashboard/summary | User: Unknown | School: 550e8400-e29b-41d4-a716-446655440000
2026-04-21 22:15:33.181 +05:30 [INF] SmsApi.Middleware.LoggingActionFilter | CorrelationId:3a5556d16dfe448ea3a2f5a0d1f4e9a1 | API Response: GET /api/analytics/dashboard/summary | Status: 200 | Duration: 122ms
2026-04-21 22:15:33.188 +05:30 [INF] Serilog.AspNetCore.RequestLoggingMiddleware | CorrelationId:3a5556d16dfe448ea3a2f5a0d1f4e9a1 | HTTP GET /api/analytics/dashboard/summary responded 200 in 162.4091 ms
2026-04-21 22:15:33.188 +05:30 [INF] SmsApi.Middleware.LoggingActionFilter | CorrelationId:c18a5624a43246f28284132378914f85 | API Response: GET /api/analytics/dashboard/summary | Status: 200 | Duration: 83ms
2026-04-21 22:15:33.214 +05:30 [INF] Serilog.AspNetCore.RequestLoggingMiddleware | CorrelationId:c18a5624a43246f28284132378914f85 | HTTP GET /api/analytics/dashboard/summary responded 200 in 120.8473 ms
2026-04-21 22:15:41.901 +05:30 [INF] Serilog.AspNetCore.RequestLoggingMiddleware | CorrelationId:5c0d2d11ade049d48d83a88f2b92f4ee | HTTP OPTIONS /api/permissions/roles responded 204 in 0.2874 ms
2026-04-21 22:15:41.906 +05:30 [INF] Serilog.AspNetCore.RequestLoggingMiddleware | CorrelationId:a74dea7d3ef344c880a6149d8f7396fd | HTTP OPTIONS /api/permissions/roles responded 204 in 0.0561 ms
2026-04-21 22:15:41.906 +05:30 [INF] Serilog.AspNetCore.RequestLoggingMiddleware | CorrelationId:fc08c669c04145eba44c15e155b58baf | HTTP OPTIONS /api/permissions/stats responded 204 in 0.0156 ms
2026-04-21 22:15:41.907 +05:30 [INF] Serilog.AspNetCore.RequestLoggingMiddleware | CorrelationId:419bb580be814851a1dbfb216dfc4e50 | HTTP OPTIONS /api/permissions/stats responded 204 in 0.0324 ms
2026-04-21 22:15:42.102 +05:30 [INF] SmsApi.Middleware.LoggingActionFilter | CorrelationId:0b74757b21eb428daef7bb1ad67cda5e | API Request: GET /api/permissions/stats | User: Unknown | School: 550e8400-e29b-41d4-a716-446655440000
2026-04-21 22:15:42.102 +05:30 [INF] SmsApi.Middleware.LoggingActionFilter | CorrelationId:4e0bcd6792c34006855500bb1f9f8a31 | API Request: GET /api/permissions/stats | User: Unknown | School: 550e8400-e29b-41d4-a716-446655440000
2026-04-21 22:15:42.106 +05:30 [INF] SmsApi.Middleware.LoggingActionFilter | CorrelationId:411c005d60f34db3bd107aa6b61f5966 | API Request: GET /api/permissions/roles | User: Unknown | School: 550e8400-e29b-41d4-a716-446655440000
2026-04-21 22:15:42.106 +05:30 [INF] SmsApi.Middleware.LoggingActionFilter | CorrelationId:e6ca0f4ed5514adf993867d9fbb537a0 | API Request: GET /api/permissions/roles | User: Unknown | School: 550e8400-e29b-41d4-a716-446655440000
2026-04-21 22:15:42.349 +05:30 [INF] SmsApi.Middleware.LoggingActionFilter | CorrelationId:4e0bcd6792c34006855500bb1f9f8a31 | API Response: GET /api/permissions/stats | Status: 200 | Duration: 246ms
2026-04-21 22:15:42.349 +05:30 [INF] SmsApi.Middleware.LoggingActionFilter | CorrelationId:0b74757b21eb428daef7bb1ad67cda5e | API Response: GET /api/permissions/stats | Status: 200 | Duration: 246ms
2026-04-21 22:15:42.371 +05:30 [INF] Serilog.AspNetCore.RequestLoggingMiddleware | CorrelationId:4e0bcd6792c34006855500bb1f9f8a31 | HTTP GET /api/permissions/stats responded 200 in 337.5847 ms
2026-04-21 22:15:42.371 +05:30 [INF] Serilog.AspNetCore.RequestLoggingMiddleware | CorrelationId:0b74757b21eb428daef7bb1ad67cda5e | HTTP GET /api/permissions/stats responded 200 in 349.6527 ms
2026-04-21 22:15:42.405 +05:30 [INF] SmsApi.Middleware.LoggingActionFilter | CorrelationId:e6ca0f4ed5514adf993867d9fbb537a0 | API Response: GET /api/permissions/roles | Status: 200 | Duration: 298ms
2026-04-21 22:15:42.405 +05:30 [INF] SmsApi.Middleware.LoggingActionFilter | CorrelationId:411c005d60f34db3bd107aa6b61f5966 | API Response: GET /api/permissions/roles | Status: 200 | Duration: 299ms
2026-04-21 22:15:42.449 +05:30 [INF] Serilog.AspNetCore.RequestLoggingMiddleware | CorrelationId:e6ca0f4ed5514adf993867d9fbb537a0 | HTTP GET /api/permissions/roles responded 200 in 463.4136 ms
2026-04-21 22:15:42.449 +05:30 [INF] Serilog.AspNetCore.RequestLoggingMiddleware | CorrelationId:411c005d60f34db3bd107aa6b61f5966 | HTTP GET /api/permissions/roles responded 200 in 464.2954 ms
2026-04-21 22:15:53.511 +05:30 [INF] Serilog.AspNetCore.RequestLoggingMiddleware | CorrelationId:04e03865e9dd492e904720f387d62954 | HTTP OPTIONS /api/academics/academic-years responded 204 in 0.1984 ms
2026-04-21 22:15:53.524 +05:30 [INF] Serilog.AspNetCore.RequestLoggingMiddleware | CorrelationId:d573f423e9ad4378adcd9cc41291b244 | HTTP OPTIONS /api/settings/school/me responded 204 in 0.2051 ms
2026-04-21 22:15:54.672 +05:30 [WRN] SmsApi.Infrastructure.Performance.PerformanceMonitoringMiddleware | CorrelationId: | Slow request: OPTIONS /api/settings/school/me took 1147ms — status 204.
2026-04-21 22:15:54.289 +05:30 [INF] Serilog.AspNetCore.RequestLoggingMiddleware | CorrelationId:0dbda5f59cca4f8687a241fa9974252f | HTTP OPTIONS /api/notifications/unread-count responded 204 in 0.0513 ms
2026-04-21 22:15:54.466 +05:30 [INF] Serilog.AspNetCore.RequestLoggingMiddleware | CorrelationId:a1ede0d7b7254fd6bc61195a8c5fa5d3 | HTTP OPTIONS /api/permissions/stats responded 204 in 0.2293 ms
2026-04-21 22:15:54.470 +05:30 [INF] Serilog.AspNetCore.RequestLoggingMiddleware | CorrelationId:7e005765eb7b4e1f8b304c4c1c6131bb | HTTP OPTIONS /api/permissions/roles responded 204 in 0.1284 ms
2026-04-21 22:15:54.666 +05:30 [WRN] SmsApi.Infrastructure.Performance.PerformanceMonitoringMiddleware | CorrelationId: | Slow request: OPTIONS /api/academics/academic-years took 1154ms — status 204.
2026-04-21 22:15:53.528 +05:30 [INF] Serilog.AspNetCore.RequestLoggingMiddleware | CorrelationId:ceab6d22ec674de59c111e15dcafe6fe | HTTP OPTIONS /api/academics/academic-years responded 204 in 18.0366 ms
2026-04-21 22:15:54.701 +05:30 [INF] Serilog.AspNetCore.RequestLoggingMiddleware | CorrelationId:0cdb4bd89a384ac29c350a9d6d16a426 | HTTP OPTIONS /api/permissions/roles responded 204 in 2.2465 ms
2026-04-21 22:15:54.704 +05:30 [WRN] SmsApi.Infrastructure.Performance.PerformanceMonitoringMiddleware | CorrelationId: | Slow request: OPTIONS /api/notifications/unread-count took 569ms — status 204.
2026-04-21 22:15:54.711 +05:30 [INF] Serilog.AspNetCore.RequestLoggingMiddleware | CorrelationId:6c17b4fb37c34fcc909ec8f971fa003a | HTTP OPTIONS /api/permissions/stats responded 204 in 0.0483 ms
2026-04-21 22:15:54.743 +05:30 [INF] SmsApi.Middleware.LoggingActionFilter | CorrelationId:670ee0e219a64aa891343bd227a64c9a | API Request: GET /api/settings/school/me | User: Unknown | School: 550e8400-e29b-41d4-a716-446655440000
2026-04-21 22:36:12.683 +05:30 [INF]  | CorrelationId: | Using distributed in-memory cache (development only)
2026-04-21 22:36:15.259 +05:30 [WRN] Microsoft.EntityFrameworkCore.Model.Validation | CorrelationId: | Entity 'Staff' has a global query filter defined and is the required end of a relationship with the entity 'Certificate'. This may lead to unexpected results when the required entity is filtered out. Either configure the navigation as optional, or define matching query filters for both entities in the navigation. See https://go.microsoft.com/fwlink/?linkid=2131316 for more information.
2026-04-21 22:36:15.263 +05:30 [WRN] Microsoft.EntityFrameworkCore.Model.Validation | CorrelationId: | Entity 'School' has a global query filter defined and is the required end of a relationship with the entity 'CertificateTemplate'. This may lead to unexpected results when the required entity is filtered out. Either configure the navigation as optional, or define matching query filters for both entities in the navigation. See https://go.microsoft.com/fwlink/?linkid=2131316 for more information.
2026-04-21 22:36:15.265 +05:30 [WRN] Microsoft.EntityFrameworkCore.Model.Validation | CorrelationId: | Entity 'School' has a global query filter defined and is the required end of a relationship with the entity 'Document'. This may lead to unexpected results when the required entity is filtered out. Either configure the navigation as optional, or define matching query filters for both entities in the navigation. See https://go.microsoft.com/fwlink/?linkid=2131316 for more information.
2026-04-21 22:36:15.274 +05:30 [WRN] Microsoft.EntityFrameworkCore.Model.Validation | CorrelationId: | Entity 'School' has a global query filter defined and is the required end of a relationship with the entity 'DocumentCategory'. This may lead to unexpected results when the required entity is filtered out. Either configure the navigation as optional, or define matching query filters for both entities in the navigation. See https://go.microsoft.com/fwlink/?linkid=2131316 for more information.
2026-04-21 22:36:15.276 +05:30 [WRN] Microsoft.EntityFrameworkCore.Model.Validation | CorrelationId: | Entity 'School' has a global query filter defined and is the required end of a relationship with the entity 'FeeAuditLog'. This may lead to unexpected results when the required entity is filtered out. Either configure the navigation as optional, or define matching query filters for both entities in the navigation. See https://go.microsoft.com/fwlink/?linkid=2131316 for more information.
2026-04-21 22:36:15.278 +05:30 [WRN] Microsoft.EntityFrameworkCore.Model.Validation | CorrelationId: | Entity 'School' has a global query filter defined and is the required end of a relationship with the entity 'Holiday'. This may lead to unexpected results when the required entity is filtered out. Either configure the navigation as optional, or define matching query filters for both entities in the navigation. See https://go.microsoft.com/fwlink/?linkid=2131316 for more information.
2026-04-21 22:36:15.280 +05:30 [WRN] Microsoft.EntityFrameworkCore.Model.Validation | CorrelationId: | Entity 'School' has a global query filter defined and is the required end of a relationship with the entity 'IDCard'. This may lead to unexpected results when the required entity is filtered out. Either configure the navigation as optional, or define matching query filters for both entities in the navigation. See https://go.microsoft.com/fwlink/?linkid=2131316 for more information.
2026-04-21 22:36:15.281 +05:30 [WRN] Microsoft.EntityFrameworkCore.Model.Validation | CorrelationId: | Entity 'School' has a global query filter defined and is the required end of a relationship with the entity 'IDCardTemplate'. This may lead to unexpected results when the required entity is filtered out. Either configure the navigation as optional, or define matching query filters for both entities in the navigation. See https://go.microsoft.com/fwlink/?linkid=2131316 for more information.
2026-04-21 22:36:15.283 +05:30 [WRN] Microsoft.EntityFrameworkCore.Model.Validation | CorrelationId: | Entity 'UserLogin' has a global query filter defined and is the required end of a relationship with the entity 'PasswordResetToken'. This may lead to unexpected results when the required entity is filtered out. Either configure the navigation as optional, or define matching query filters for both entities in the navigation. See https://go.microsoft.com/fwlink/?linkid=2131316 for more information.
2026-04-21 22:36:15.301 +05:30 [WRN] Microsoft.EntityFrameworkCore.Model.Validation | CorrelationId: | Entity 'School' has a global query filter defined and is the required end of a relationship with the entity 'PromotionHistory'. This may lead to unexpected results when the required entity is filtered out. Either configure the navigation as optional, or define matching query filters for both entities in the navigation. See https://go.microsoft.com/fwlink/?linkid=2131316 for more information.
2026-04-21 22:36:15.415 +05:30 [WRN] Microsoft.EntityFrameworkCore.Model.Validation | CorrelationId: | The foreign key property 'Staff.ReportingToId1' was created in shadow state because a conflicting property with the simple name 'ReportingToId' exists in the entity type, but is either not mapped, is already used for another relationship, or is incompatible with the associated primary key type. See https://aka.ms/efcore-relationships for information on mapping relationships in EF Core.
2026-04-21 22:36:16.715 +05:30 [INF] Program | CorrelationId: | Database migrations applied successfully.
2026-04-21 22:36:17.740 +05:30 [INF] Microsoft.Hosting.Lifetime | CorrelationId: | Now listening on: http://localhost:5092
2026-04-21 22:36:17.741 +05:30 [INF] Microsoft.Hosting.Lifetime | CorrelationId: | Application started. Press Ctrl+C to shut down.
2026-04-21 22:36:17.743 +05:30 [INF] Microsoft.Hosting.Lifetime | CorrelationId: | Hosting environment: Development
2026-04-21 22:36:17.746 +05:30 [INF] Microsoft.Hosting.Lifetime | CorrelationId: | Content root path: C:\Vitana\Vitana Group\sms-api
2026-04-21 22:37:04.108 +05:30 [INF] Serilog.AspNetCore.RequestLoggingMiddleware | CorrelationId:e6d764d498f147489172d90d6be79ad4 | HTTP OPTIONS /api/academics/academic-years responded 204 in 17.2009 ms
2026-04-21 22:37:04.108 +05:30 [INF] Serilog.AspNetCore.RequestLoggingMiddleware | CorrelationId:ccf1b7fc11d54fe397343facb15685a4 | HTTP OPTIONS /api/academics/academic-years responded 204 in 14.8958 ms
2026-04-21 22:37:04.108 +05:30 [INF] Serilog.AspNetCore.RequestLoggingMiddleware | CorrelationId:f19e63e4a569497a9904076e1851dccf | HTTP OPTIONS /api/notifications/unread-count responded 204 in 16.5672 ms
2026-04-21 22:37:04.108 +05:30 [INF] Serilog.AspNetCore.RequestLoggingMiddleware | CorrelationId:b968013bf7b14e16a33fb8d7dd2be57a | HTTP OPTIONS /api/analytics/dashboard/summary responded 204 in 16.4028 ms
2026-04-21 22:37:04.108 +05:30 [INF] Serilog.AspNetCore.RequestLoggingMiddleware | CorrelationId:3a206124267544b4b6bb178fb0e910d3 | HTTP OPTIONS /api/analytics/dashboard/summary responded 204 in 17.1769 ms
2026-04-21 22:37:04.108 +05:30 [INF] Serilog.AspNetCore.RequestLoggingMiddleware | CorrelationId:bbf2a8b8411e4d4588e5e200321ba83e | HTTP OPTIONS /api/settings/school/me responded 204 in 16.2214 ms
2026-04-21 22:37:04.276 +05:30 [WRN] Microsoft.AspNetCore.HttpsPolicy.HttpsRedirectionMiddleware | CorrelationId:9c75bd9d0b4846c1a194dbd10fd170d4 | Failed to determine the https port for redirect.
2026-04-21 22:37:04.473 +05:30 [INF] SmsApi.Middleware.LoggingActionFilter | CorrelationId:b71540b4037f4c6fa25b8b4b69bf7aa6 | API Request: GET /api/notifications/unread-count | User: Unknown | School: 550e8400-e29b-41d4-a716-446655440000
2026-04-21 22:37:04.473 +05:30 [INF] SmsApi.Middleware.LoggingActionFilter | CorrelationId:0a786183cb23499c815d4c8be7e67c01 | API Request: GET /api/settings/school/me | User: Unknown | School: 550e8400-e29b-41d4-a716-446655440000
2026-04-21 22:37:04.497 +05:30 [INF] SmsApi.Middleware.LoggingActionFilter | CorrelationId:6af185b2335142ffb47f283ddb8e1ecc | API Request: GET /api/academics/academic-years | User: Unknown | School: 550e8400-e29b-41d4-a716-446655440000
2026-04-21 22:37:04.497 +05:30 [INF] SmsApi.Middleware.LoggingActionFilter | CorrelationId:9c75bd9d0b4846c1a194dbd10fd170d4 | API Request: GET /api/academics/academic-years | User: Unknown | School: 550e8400-e29b-41d4-a716-446655440000
2026-04-21 22:37:04.661 +05:30 [INF] SmsApi.Middleware.LoggingActionFilter | CorrelationId:f0b86a31a07b4ed7baaf2c40a7f18424 | API Request: GET /api/analytics/dashboard/summary | User: Unknown | School: 550e8400-e29b-41d4-a716-446655440000
2026-04-21 22:37:04.674 +05:30 [INF] SmsApi.Middleware.LoggingActionFilter | CorrelationId:3c2deb7f46964172abd0c7943c22049b | API Request: GET /api/analytics/dashboard/summary | User: Unknown | School: 550e8400-e29b-41d4-a716-446655440000
2026-04-21 22:37:04.719 +05:30 [INF] SmsApi.Middleware.LoggingActionFilter | CorrelationId:0a786183cb23499c815d4c8be7e67c01 | API Response: GET /api/settings/school/me | Status: 200 | Duration: 247ms
2026-04-21 22:37:04.808 +05:30 [INF] SmsApi.Middleware.LoggingActionFilter | CorrelationId:b71540b4037f4c6fa25b8b4b69bf7aa6 | API Response: GET /api/notifications/unread-count | Status: 200 | Duration: 336ms
2026-04-21 22:37:04.812 +05:30 [INF] SmsApi.Middleware.LoggingActionFilter | CorrelationId:9c75bd9d0b4846c1a194dbd10fd170d4 | API Response: GET /api/academics/academic-years | Status: 200 | Duration: 314ms
2026-04-21 22:37:04.812 +05:30 [INF] SmsApi.Middleware.LoggingActionFilter | CorrelationId:6af185b2335142ffb47f283ddb8e1ecc | API Response: GET /api/academics/academic-years | Status: 200 | Duration: 315ms
2026-04-21 22:37:04.922 +05:30 [INF] Serilog.AspNetCore.RequestLoggingMiddleware | CorrelationId:6af185b2335142ffb47f283ddb8e1ecc | HTTP GET /api/academics/academic-years responded 200 in 669.7700 ms
2026-04-21 22:37:04.922 +05:30 [INF] Serilog.AspNetCore.RequestLoggingMiddleware | CorrelationId:0a786183cb23499c815d4c8be7e67c01 | HTTP GET /api/settings/school/me responded 200 in 602.0138 ms
2026-04-21 22:37:04.923 +05:30 [INF] Serilog.AspNetCore.RequestLoggingMiddleware | CorrelationId:9c75bd9d0b4846c1a194dbd10fd170d4 | HTTP GET /api/academics/academic-years responded 200 in 680.6458 ms
2026-04-21 22:37:04.923 +05:30 [INF] Serilog.AspNetCore.RequestLoggingMiddleware | CorrelationId:b71540b4037f4c6fa25b8b4b69bf7aa6 | HTTP GET /api/notifications/unread-count responded 200 in 640.3894 ms
2026-04-21 22:37:04.988 +05:30 [WRN] SmsApi.Infrastructure.Performance.PerformanceMonitoringMiddleware | CorrelationId: | Slow request: GET /api/academics/academic-years took 667ms — status 200.
2026-04-21 22:37:04.989 +05:30 [INF] SmsApi.Middleware.LoggingActionFilter | CorrelationId:3c2deb7f46964172abd0c7943c22049b | API Response: GET /api/analytics/dashboard/summary | Status: 200 | Duration: 314ms
2026-04-21 22:37:04.989 +05:30 [INF] SmsApi.Middleware.LoggingActionFilter | CorrelationId:f0b86a31a07b4ed7baaf2c40a7f18424 | API Response: GET /api/analytics/dashboard/summary | Status: 200 | Duration: 328ms
2026-04-21 22:37:04.992 +05:30 [WRN] SmsApi.Infrastructure.Performance.PerformanceMonitoringMiddleware | CorrelationId: | Slow request: GET /api/settings/school/me took 599ms — status 200.
2026-04-21 22:37:04.994 +05:30 [WRN] SmsApi.Infrastructure.Performance.PerformanceMonitoringMiddleware | CorrelationId: | Slow request: GET /api/academics/academic-years took 689ms — status 200.
2026-04-21 22:37:04.998 +05:30 [WRN] SmsApi.Infrastructure.Performance.PerformanceMonitoringMiddleware | CorrelationId: | Slow request: GET /api/notifications/unread-count took 636ms — status 200.
2026-04-21 22:37:05.015 +05:30 [INF] Serilog.AspNetCore.RequestLoggingMiddleware | CorrelationId:3c2deb7f46964172abd0c7943c22049b | HTTP GET /api/analytics/dashboard/summary responded 200 in 712.7543 ms
2026-04-21 22:37:05.034 +05:30 [INF] Serilog.AspNetCore.RequestLoggingMiddleware | CorrelationId:f0b86a31a07b4ed7baaf2c40a7f18424 | HTTP GET /api/analytics/dashboard/summary responded 200 in 737.7594 ms
2026-04-21 22:37:05.097 +05:30 [WRN] SmsApi.Infrastructure.Performance.PerformanceMonitoringMiddleware | CorrelationId: | Slow request: GET /api/analytics/dashboard/summary took 712ms — status 200.
2026-04-21 22:37:05.100 +05:30 [WRN] SmsApi.Infrastructure.Performance.PerformanceMonitoringMiddleware | CorrelationId: | Slow request: GET /api/analytics/dashboard/summary took 737ms — status 200.
2026-04-21 22:37:11.226 +05:30 [INF] Serilog.AspNetCore.RequestLoggingMiddleware | CorrelationId:895cb41f451845db9c0a807d64d6c912 | HTTP OPTIONS /api/academics/classes responded 204 in 0.0443 ms
2026-04-21 22:37:11.232 +05:30 [INF] Serilog.AspNetCore.RequestLoggingMiddleware | CorrelationId:db244a9166c74a84b7623971a1e637fc | HTTP OPTIONS /api/academics/academic-years responded 204 in 0.8980 ms
2026-04-21 22:37:11.232 +05:30 [INF] Serilog.AspNetCore.RequestLoggingMiddleware | CorrelationId:6211ba2352f5428383f7d1de688cfd5b | HTTP OPTIONS /api/academics/academic-years responded 204 in 0.4802 ms
2026-04-21 22:37:11.271 +05:30 [INF] Serilog.AspNetCore.RequestLoggingMiddleware | CorrelationId:5352563318a645f2b4eefc08a59c212f | HTTP OPTIONS /api/academics/subjects responded 204 in 0.1389 ms
2026-04-21 22:37:11.272 +05:30 [INF] Serilog.AspNetCore.RequestLoggingMiddleware | CorrelationId:c3ca050c01974e13921beccb55339071 | HTTP OPTIONS /api/academics/academic-years responded 204 in 0.1012 ms
2026-04-21 22:37:11.277 +05:30 [INF] Serilog.AspNetCore.RequestLoggingMiddleware | CorrelationId:c7f891a8dfc44b71af89d040d44cc643 | HTTP OPTIONS /api/academics/academic-years responded 204 in 0.7587 ms
2026-04-21 22:37:11.329 +05:30 [INF] Serilog.AspNetCore.RequestLoggingMiddleware | CorrelationId:a0564d2d3c50481392bde4f98c8e89ad | HTTP OPTIONS /api/academics/classes responded 204 in 0.0931 ms
2026-04-21 22:37:11.335 +05:30 [INF] Serilog.AspNetCore.RequestLoggingMiddleware | CorrelationId:c2f14f5fe5a04e0bbe1156e29c718a2d | HTTP OPTIONS /api/academics/subjects responded 204 in 0.0758 ms
2026-04-21 22:37:11.390 +05:30 [INF] SmsApi.Middleware.LoggingActionFilter | CorrelationId:7bce4fa6b9524f5eb6ed53e6f6c18e86 | API Request: GET /api/academics/classes | User: Unknown | School: 550e8400-e29b-41d4-a716-446655440000
2026-04-21 22:37:11.404 +05:30 [INF] SmsApi.Middleware.LoggingActionFilter | CorrelationId:c1df71644d25423a91af13b6a2f24be4 | API Request: GET /api/academics/academic-years | User: Unknown | School: 550e8400-e29b-41d4-a716-446655440000
2026-04-21 22:37:11.430 +05:30 [INF] SmsApi.Middleware.LoggingActionFilter | CorrelationId:7d6924c8806f4389b99fc2d32c91355c | API Request: GET /api/academics/academic-years | User: Unknown | School: 550e8400-e29b-41d4-a716-446655440000
2026-04-21 22:37:11.470 +05:30 [INF] SmsApi.Middleware.LoggingActionFilter | CorrelationId:fe823b0f92f14ae99a3241dd03e56012 | API Request: GET /api/academics/subjects | User: Unknown | School: 550e8400-e29b-41d4-a716-446655440000
2026-04-21 22:37:11.474 +05:30 [INF] SmsApi.Middleware.LoggingActionFilter | CorrelationId:f65c5e9ad8324b1d8d8fee72bfa91a5d | API Request: GET /api/academics/academic-years | User: Unknown | School: 550e8400-e29b-41d4-a716-446655440000
2026-04-21 22:37:11.484 +05:30 [INF] SmsApi.Middleware.LoggingActionFilter | CorrelationId:1b2dcf568c834afa92e941c321b04db3 | API Request: GET /api/academics/academic-years | User: Unknown | School: 550e8400-e29b-41d4-a716-446655440000
2026-04-21 22:37:11.577 +05:30 [INF] SmsApi.Middleware.LoggingActionFilter | CorrelationId:c1df71644d25423a91af13b6a2f24be4 | API Response: GET /api/academics/academic-years | Status: 200 | Duration: 173ms
2026-04-21 22:37:11.579 +05:30 [INF] SmsApi.Middleware.LoggingActionFilter | CorrelationId:7d6924c8806f4389b99fc2d32c91355c | API Response: GET /api/academics/academic-years | Status: 200 | Duration: 148ms
2026-04-21 22:37:11.593 +05:30 [INF] SmsApi.Middleware.LoggingActionFilter | CorrelationId:f65c5e9ad8324b1d8d8fee72bfa91a5d | API Response: GET /api/academics/academic-years | Status: 200 | Duration: 119ms
2026-04-21 22:37:11.606 +05:30 [INF] Serilog.AspNetCore.RequestLoggingMiddleware | CorrelationId:c1df71644d25423a91af13b6a2f24be4 | HTTP GET /api/academics/academic-years responded 200 in 203.3918 ms
2026-04-21 22:37:11.613 +05:30 [INF] Serilog.AspNetCore.RequestLoggingMiddleware | CorrelationId:7d6924c8806f4389b99fc2d32c91355c | HTTP GET /api/academics/academic-years responded 200 in 183.8292 ms
2026-04-21 22:37:11.622 +05:30 [INF] Serilog.AspNetCore.RequestLoggingMiddleware | CorrelationId:f65c5e9ad8324b1d8d8fee72bfa91a5d | HTTP GET /api/academics/academic-years responded 200 in 151.1705 ms
2026-04-21 22:37:11.632 +05:30 [INF] SmsApi.Middleware.LoggingActionFilter | CorrelationId:1b2dcf568c834afa92e941c321b04db3 | API Response: GET /api/academics/academic-years | Status: 200 | Duration: 147ms
2026-04-21 22:37:11.657 +05:30 [INF] SmsApi.Middleware.LoggingActionFilter | CorrelationId:a27966385154439585d8bba5eaf2f56c | API Request: GET /api/academics/classes | User: Unknown | School: 550e8400-e29b-41d4-a716-446655440000
2026-04-21 22:37:11.690 +05:30 [INF] Serilog.AspNetCore.RequestLoggingMiddleware | CorrelationId:1b2dcf568c834afa92e941c321b04db3 | HTTP GET /api/academics/academic-years responded 200 in 206.9084 ms
2026-04-21 22:37:11.711 +05:30 [INF] SmsApi.Middleware.LoggingActionFilter | CorrelationId:39f4515313bd4fa0a69f3a4ab32c5393 | API Request: GET /api/academics/subjects | User: Unknown | School: 550e8400-e29b-41d4-a716-446655440000
2026-04-21 22:37:11.881 +05:30 [INF] SmsApi.Middleware.LoggingActionFilter | CorrelationId:fe823b0f92f14ae99a3241dd03e56012 | API Response: GET /api/academics/subjects | Status: 200 | Duration: 411ms
2026-04-21 22:37:11.880 +05:30 [INF] SmsApi.Middleware.LoggingActionFilter | CorrelationId:39f4515313bd4fa0a69f3a4ab32c5393 | API Response: GET /api/academics/subjects | Status: 200 | Duration: 169ms
2026-04-21 22:37:11.915 +05:30 [INF] Serilog.AspNetCore.RequestLoggingMiddleware | CorrelationId:fe823b0f92f14ae99a3241dd03e56012 | HTTP GET /api/academics/subjects responded 200 in 459.7312 ms
2026-04-21 22:37:11.915 +05:30 [INF] Serilog.AspNetCore.RequestLoggingMiddleware | CorrelationId:39f4515313bd4fa0a69f3a4ab32c5393 | HTTP GET /api/academics/subjects responded 200 in 216.8772 ms
2026-04-21 22:37:12.107 +05:30 [INF] SmsApi.Middleware.LoggingActionFilter | CorrelationId:7bce4fa6b9524f5eb6ed53e6f6c18e86 | API Response: GET /api/academics/classes | Status: 200 | Duration: 716ms
2026-04-21 22:37:12.107 +05:30 [INF] SmsApi.Middleware.LoggingActionFilter | CorrelationId:a27966385154439585d8bba5eaf2f56c | API Response: GET /api/academics/classes | Status: 200 | Duration: 449ms
2026-04-21 22:37:12.252 +05:30 [INF] Serilog.AspNetCore.RequestLoggingMiddleware | CorrelationId:7bce4fa6b9524f5eb6ed53e6f6c18e86 | HTTP GET /api/academics/classes responded 200 in 888.4015 ms
2026-04-21 22:37:12.282 +05:30 [INF] Serilog.AspNetCore.RequestLoggingMiddleware | CorrelationId:a27966385154439585d8bba5eaf2f56c | HTTP GET /api/academics/classes responded 200 in 632.5785 ms
2026-04-21 22:37:12.344 +05:30 [WRN] SmsApi.Infrastructure.Performance.PerformanceMonitoringMiddleware | CorrelationId: | Slow request: GET /api/academics/classes took 888ms — status 200.
2026-04-21 22:37:12.365 +05:30 [WRN] SmsApi.Infrastructure.Performance.PerformanceMonitoringMiddleware | CorrelationId: | Slow request: GET /api/academics/classes took 631ms — status 200.
2026-04-21 22:37:13.608 +05:30 [INF] Serilog.AspNetCore.RequestLoggingMiddleware | CorrelationId:997c900cd0c1416d9aafb00f5c699a70 | HTTP OPTIONS /api/students responded 204 in 0.0948 ms
2026-04-21 22:37:13.610 +05:30 [INF] Serilog.AspNetCore.RequestLoggingMiddleware | CorrelationId:830e12f1235b46cca07e0dab9c7f96dd | HTTP OPTIONS /api/students responded 204 in 0.0503 ms
2026-04-21 22:37:13.793 +05:30 [INF] SmsApi.Middleware.LoggingActionFilter | CorrelationId:9b1e85901bbf4eae9ab9fed769ce108f | API Request: GET /api/students | User: Unknown | School: 550e8400-e29b-41d4-a716-446655440000
2026-04-21 22:37:13.797 +05:30 [INF] SmsApi.Middleware.LoggingActionFilter | CorrelationId:ef83c097e4d849549fdb27a757d0fa69 | API Request: GET /api/students | User: Unknown | School: 550e8400-e29b-41d4-a716-446655440000
2026-04-21 22:37:13.883 +05:30 [INF] SmsApi.Middleware.LoggingActionFilter | CorrelationId:9b1e85901bbf4eae9ab9fed769ce108f | API Response: GET /api/students | Status: 200 | Duration: 89ms
2026-04-21 22:37:13.895 +05:30 [INF] SmsApi.Middleware.LoggingActionFilter | CorrelationId:ef83c097e4d849549fdb27a757d0fa69 | API Response: GET /api/students | Status: 200 | Duration: 97ms
2026-04-21 22:37:13.904 +05:30 [INF] Serilog.AspNetCore.RequestLoggingMiddleware | CorrelationId:ef83c097e4d849549fdb27a757d0fa69 | HTTP GET /api/students responded 200 in 111.4777 ms
2026-04-21 22:37:13.904 +05:30 [INF] Serilog.AspNetCore.RequestLoggingMiddleware | CorrelationId:9b1e85901bbf4eae9ab9fed769ce108f | HTTP GET /api/students responded 200 in 137.7180 ms
2026-04-21 22:37:16.519 +05:30 [INF] Serilog.AspNetCore.RequestLoggingMiddleware | CorrelationId:1187d42648fe4279aa5b1107142e4310 | HTTP OPTIONS /api/students/7fac64ee-3090-41ca-8add-56cda22c41c6 responded 204 in 0.0692 ms
2026-04-21 22:37:16.527 +05:30 [INF] Serilog.AspNetCore.RequestLoggingMiddleware | CorrelationId:2d4346e28960462ab4043c60aa7255e4 | HTTP OPTIONS /api/students responded 204 in 0.0738 ms
2026-04-21 22:37:16.536 +05:30 [INF] Serilog.AspNetCore.RequestLoggingMiddleware | CorrelationId:23085457bb4247469fc2f177fa01db46 | HTTP OPTIONS /api/students/7fac64ee-3090-41ca-8add-56cda22c41c6 responded 204 in 0.0810 ms
2026-04-21 22:37:16.539 +05:30 [INF] Serilog.AspNetCore.RequestLoggingMiddleware | CorrelationId:c6f446e89b86491fb07c92d081b5298b | HTTP OPTIONS /api/students responded 204 in 0.0703 ms
2026-04-21 22:37:16.592 +05:30 [INF] SmsApi.Middleware.LoggingActionFilter | CorrelationId:5335ba118e71461596aac5e4b5e56c06 | API Request: GET /api/students | User: Unknown | School: 550e8400-e29b-41d4-a716-446655440000
2026-04-21 22:37:16.592 +05:30 [INF] SmsApi.Middleware.LoggingActionFilter | CorrelationId:61eb27c2dd6f4d3a85149c24bfc3880e | API Request: GET /api/students/7fac64ee-3090-41ca-8add-56cda22c41c6 | User: Unknown | School: 550e8400-e29b-41d4-a716-446655440000
2026-04-21 22:37:16.605 +05:30 [INF] SmsApi.Middleware.LoggingActionFilter | CorrelationId:0ab30c4380ff4a6c9137d04b8215dbe9 | API Request: GET /api/students/7fac64ee-3090-41ca-8add-56cda22c41c6 | User: Unknown | School: 550e8400-e29b-41d4-a716-446655440000
2026-04-21 22:37:16.607 +05:30 [INF] SmsApi.Middleware.LoggingActionFilter | CorrelationId:83de199c1da64028b00097de03a8c5bd | API Request: GET /api/students | User: Unknown | School: 550e8400-e29b-41d4-a716-446655440000
2026-04-21 22:37:16.628 +05:30 [INF] SmsApi.Middleware.LoggingActionFilter | CorrelationId:5335ba118e71461596aac5e4b5e56c06 | API Response: GET /api/students | Status: 200 | Duration: 35ms
2026-04-21 22:37:16.643 +05:30 [INF] SmsApi.Middleware.LoggingActionFilter | CorrelationId:83de199c1da64028b00097de03a8c5bd | API Response: GET /api/students | Status: 200 | Duration: 35ms
2026-04-21 22:37:16.646 +05:30 [INF] Serilog.AspNetCore.RequestLoggingMiddleware | CorrelationId:5335ba118e71461596aac5e4b5e56c06 | HTTP GET /api/students responded 200 in 65.3437 ms
2026-04-21 22:37:16.652 +05:30 [INF] Serilog.AspNetCore.RequestLoggingMiddleware | CorrelationId:83de199c1da64028b00097de03a8c5bd | HTTP GET /api/students responded 200 in 49.3696 ms
2026-04-21 22:37:16.709 +05:30 [WRN] Microsoft.EntityFrameworkCore.Query | CorrelationId:0ab30c4380ff4a6c9137d04b8215dbe9 | Compiling a query which loads related collections for more than one collection navigation, either via 'Include' or through projection, but no 'QuerySplittingBehavior' has been configured. By default, Entity Framework will use 'QuerySplittingBehavior.SingleQuery', which can potentially result in slow query performance. See https://go.microsoft.com/fwlink/?linkid=2134277 for more information. To identify the query that's triggering this warning call 'ConfigureWarnings(w => w.Throw(RelationalEventId.MultipleCollectionIncludeWarning))'.
2026-04-21 22:37:16.779 +05:30 [INF] SmsApi.Middleware.LoggingActionFilter | CorrelationId:61eb27c2dd6f4d3a85149c24bfc3880e | API Response: GET /api/students/7fac64ee-3090-41ca-8add-56cda22c41c6 | Status: 200 | Duration: 187ms
2026-04-21 22:37:16.779 +05:30 [INF] SmsApi.Middleware.LoggingActionFilter | CorrelationId:0ab30c4380ff4a6c9137d04b8215dbe9 | API Response: GET /api/students/7fac64ee-3090-41ca-8add-56cda22c41c6 | Status: 200 | Duration: 174ms
2026-04-21 22:37:16.800 +05:30 [INF] Serilog.AspNetCore.RequestLoggingMiddleware | CorrelationId:61eb27c2dd6f4d3a85149c24bfc3880e | HTTP GET /api/students/7fac64ee-3090-41ca-8add-56cda22c41c6 responded 200 in 229.7578 ms
2026-04-21 22:37:16.800 +05:30 [INF] Serilog.AspNetCore.RequestLoggingMiddleware | CorrelationId:0ab30c4380ff4a6c9137d04b8215dbe9 | HTTP GET /api/students/7fac64ee-3090-41ca-8add-56cda22c41c6 responded 200 in 206.0219 ms
2026-04-21 22:37:16.840 +05:30 [INF] Serilog.AspNetCore.RequestLoggingMiddleware | CorrelationId:65b1e3faf5464549a2cef67634afb912 | HTTP OPTIONS /api/students/7fac64ee-3090-41ca-8add-56cda22c41c6/siblings responded 204 in 1.4165 ms
2026-04-21 22:37:16.866 +05:30 [INF] Serilog.AspNetCore.RequestLoggingMiddleware | CorrelationId:c4afcb65204c42789dd5b5c1944bc7dc | HTTP OPTIONS /api/students/7fac64ee-3090-41ca-8add-56cda22c41c6/siblings responded 204 in 0.2576 ms
2026-04-21 22:37:16.882 +05:30 [INF] SmsApi.Middleware.LoggingActionFilter | CorrelationId:85f0047a80bd4ba1814034fdc93d70e9 | API Request: GET /api/students/7fac64ee-3090-41ca-8add-56cda22c41c6/siblings | User: Unknown | School: 550e8400-e29b-41d4-a716-446655440000
2026-04-21 22:37:16.897 +05:30 [INF] SmsApi.Middleware.LoggingActionFilter | CorrelationId:0fb01c6b500048ac826f6bfe970202da | API Request: GET /api/students/7fac64ee-3090-41ca-8add-56cda22c41c6/siblings | User: Unknown | School: 550e8400-e29b-41d4-a716-446655440000
2026-04-21 22:37:16.913 +05:30 [INF] SmsApi.Middleware.LoggingActionFilter | CorrelationId:0fb01c6b500048ac826f6bfe970202da | API Response: GET /api/students/7fac64ee-3090-41ca-8add-56cda22c41c6/siblings | Status: 200 | Duration: 16ms
2026-04-21 22:37:16.915 +05:30 [INF] SmsApi.Middleware.LoggingActionFilter | CorrelationId:85f0047a80bd4ba1814034fdc93d70e9 | API Response: GET /api/students/7fac64ee-3090-41ca-8add-56cda22c41c6/siblings | Status: 200 | Duration: 33ms
2026-04-21 22:37:16.921 +05:30 [INF] Serilog.AspNetCore.RequestLoggingMiddleware | CorrelationId:0fb01c6b500048ac826f6bfe970202da | HTTP GET /api/students/7fac64ee-3090-41ca-8add-56cda22c41c6/siblings responded 200 in 26.8928 ms
2026-04-21 22:37:16.925 +05:30 [INF] Serilog.AspNetCore.RequestLoggingMiddleware | CorrelationId:85f0047a80bd4ba1814034fdc93d70e9 | HTTP GET /api/students/7fac64ee-3090-41ca-8add-56cda22c41c6/siblings responded 200 in 50.4333 ms
2026-04-21 22:37:16.933 +05:30 [INF] Serilog.AspNetCore.RequestLoggingMiddleware | CorrelationId:2ea059a2823f4d4abd50bb1af68a37cb | HTTP OPTIONS /api/students/7fac64ee-3090-41ca-8add-56cda22c41c6/profile-summary responded 204 in 0.0715 ms
2026-04-21 22:37:16.941 +05:30 [INF] Serilog.AspNetCore.RequestLoggingMiddleware | CorrelationId:edbe6524ac054dc7bb2d04240bc5c343 | HTTP OPTIONS /api/students/7fac64ee-3090-41ca-8add-56cda22c41c6/profile-summary responded 204 in 0.0755 ms
2026-04-21 22:37:16.965 +05:30 [INF] SmsApi.Middleware.LoggingActionFilter | CorrelationId:6dcb7e225045479ba5b4b6b12c7de071 | API Request: GET /api/students/7fac64ee-3090-41ca-8add-56cda22c41c6/profile-summary | User: Unknown | School: 550e8400-e29b-41d4-a716-446655440000
2026-04-21 22:37:16.988 +05:30 [INF] SmsApi.Middleware.LoggingActionFilter | CorrelationId:9d3addc416e248539d0ddccd013857ae | API Request: GET /api/students/7fac64ee-3090-41ca-8add-56cda22c41c6/profile-summary | User: Unknown | School: 550e8400-e29b-41d4-a716-446655440000
2026-04-21 22:37:17.389 +05:30 [INF] SmsApi.Middleware.LoggingActionFilter | CorrelationId:9d3addc416e248539d0ddccd013857ae | API Response: GET /api/students/7fac64ee-3090-41ca-8add-56cda22c41c6/profile-summary | Status: 200 | Duration: 400ms
2026-04-21 22:37:17.389 +05:30 [INF] SmsApi.Middleware.LoggingActionFilter | CorrelationId:6dcb7e225045479ba5b4b6b12c7de071 | API Response: GET /api/students/7fac64ee-3090-41ca-8add-56cda22c41c6/profile-summary | Status: 200 | Duration: 423ms
2026-04-21 22:37:17.412 +05:30 [INF] Serilog.AspNetCore.RequestLoggingMiddleware | CorrelationId:6dcb7e225045479ba5b4b6b12c7de071 | HTTP GET /api/students/7fac64ee-3090-41ca-8add-56cda22c41c6/profile-summary responded 200 in 461.0708 ms
2026-04-21 22:37:17.412 +05:30 [INF] Serilog.AspNetCore.RequestLoggingMiddleware | CorrelationId:9d3addc416e248539d0ddccd013857ae | HTTP GET /api/students/7fac64ee-3090-41ca-8add-56cda22c41c6/profile-summary responded 200 in 428.5188 ms
2026-04-21 22:37:17.449 +05:30 [INF] Serilog.AspNetCore.RequestLoggingMiddleware | CorrelationId:6761d522ab324ce69fffb6d8b5516f4c | HTTP OPTIONS /api/Attendance/records responded 204 in 0.0755 ms
2026-04-21 22:37:17.449 +05:30 [INF] Serilog.AspNetCore.RequestLoggingMiddleware | CorrelationId:16d2c3dcb84e4f72b3e9df39c6fd20f0 | HTTP OPTIONS /api/Attendance/records responded 204 in 0.0184 ms
2026-04-21 22:37:17.684 +05:30 [INF] SmsApi.Middleware.LoggingActionFilter | CorrelationId:dcf65a2fd3d64a4d962102221df22bab | API Request: GET /api/Attendance/records | User: Unknown | School: 550e8400-e29b-41d4-a716-446655440000
2026-04-21 22:37:17.684 +05:30 [INF] SmsApi.Middleware.LoggingActionFilter | CorrelationId:334fe50fe5694506b116bc2174835d84 | API Request: GET /api/Attendance/records | User: Unknown | School: 550e8400-e29b-41d4-a716-446655440000
2026-04-21 22:37:17.720 +05:30 [INF] SmsApi.Middleware.LoggingActionFilter | CorrelationId:dcf65a2fd3d64a4d962102221df22bab | API Response: GET /api/Attendance/records | Status: 200 | Duration: 35ms
2026-04-21 22:37:17.722 +05:30 [INF] SmsApi.Middleware.LoggingActionFilter | CorrelationId:334fe50fe5694506b116bc2174835d84 | API Response: GET /api/Attendance/records | Status: 200 | Duration: 37ms
2026-04-21 22:37:17.728 +05:30 [INF] Serilog.AspNetCore.RequestLoggingMiddleware | CorrelationId:334fe50fe5694506b116bc2174835d84 | HTTP GET /api/Attendance/records responded 200 in 100.9206 ms
2026-04-21 22:37:17.728 +05:30 [INF] Serilog.AspNetCore.RequestLoggingMiddleware | CorrelationId:dcf65a2fd3d64a4d962102221df22bab | HTTP GET /api/Attendance/records responded 200 in 88.1851 ms
2026-04-21 22:37:17.751 +05:30 [INF] Serilog.AspNetCore.RequestLoggingMiddleware | CorrelationId:b79074a06e9346a8bca2bb15ac642a0e | HTTP OPTIONS /api/Attendance/stats responded 204 in 0.0888 ms
2026-04-21 22:37:17.764 +05:30 [INF] Serilog.AspNetCore.RequestLoggingMiddleware | CorrelationId:62ffaf85558f4275a33f3754575099cc | HTTP OPTIONS /api/Attendance/stats responded 204 in 0.0688 ms
2026-04-21 22:37:17.802 +05:30 [INF] SmsApi.Middleware.LoggingActionFilter | CorrelationId:f58c48de8ed64e79a72d38d1ddfa0636 | API Request: GET /api/Attendance/stats | User: Unknown | School: 550e8400-e29b-41d4-a716-446655440000
2026-04-21 22:37:17.824 +05:30 [INF] SmsApi.Middleware.LoggingActionFilter | CorrelationId:ac606a70c10945ffb8853082b9580185 | API Request: GET /api/Attendance/stats | User: Unknown | School: 550e8400-e29b-41d4-a716-446655440000
2026-04-21 22:37:17.876 +05:30 [INF] SmsApi.Middleware.LoggingActionFilter | CorrelationId:ac606a70c10945ffb8853082b9580185 | API Response: GET /api/Attendance/stats | Status: 200 | Duration: 51ms
2026-04-21 22:37:17.877 +05:30 [INF] SmsApi.Middleware.LoggingActionFilter | CorrelationId:f58c48de8ed64e79a72d38d1ddfa0636 | API Response: GET /api/Attendance/stats | Status: 200 | Duration: 74ms
2026-04-21 22:37:17.886 +05:30 [INF] Serilog.AspNetCore.RequestLoggingMiddleware | CorrelationId:ac606a70c10945ffb8853082b9580185 | HTTP GET /api/Attendance/stats responded 200 in 66.6263 ms
2026-04-21 22:37:17.886 +05:30 [INF] Serilog.AspNetCore.RequestLoggingMiddleware | CorrelationId:f58c48de8ed64e79a72d38d1ddfa0636 | HTTP GET /api/Attendance/stats responded 200 in 95.2399 ms
2026-04-21 22:37:23.179 +05:30 [INF] Serilog.AspNetCore.RequestLoggingMiddleware | CorrelationId:4f19b40195e34f228ebd4cd1649ab639 | HTTP OPTIONS /api/analytics/dashboard/summary responded 204 in 0.1037 ms
2026-04-21 22:37:23.179 +05:30 [INF] Serilog.AspNetCore.RequestLoggingMiddleware | CorrelationId:b7476a8b3c754bc6b937c6790c5117a3 | HTTP OPTIONS /api/analytics/dashboard/summary responded 204 in 0.0135 ms
2026-04-21 22:37:23.223 +05:30 [INF] SmsApi.Middleware.LoggingActionFilter | CorrelationId:06f621601ec14759b94aba8d91fd5c98 | API Request: GET /api/analytics/dashboard/summary | User: Unknown | School: 550e8400-e29b-41d4-a716-446655440000
2026-04-21 22:37:23.232 +05:30 [INF] SmsApi.Middleware.LoggingActionFilter | CorrelationId:64a0ada3cf3d41259c5bd2c2cfaf46ce | API Request: GET /api/analytics/dashboard/summary | User: Unknown | School: 550e8400-e29b-41d4-a716-446655440000
2026-04-21 22:37:23.364 +05:30 [INF] SmsApi.Middleware.LoggingActionFilter | CorrelationId:06f621601ec14759b94aba8d91fd5c98 | API Response: GET /api/analytics/dashboard/summary | Status: 200 | Duration: 140ms
2026-04-21 22:37:23.376 +05:30 [INF] SmsApi.Middleware.LoggingActionFilter | CorrelationId:64a0ada3cf3d41259c5bd2c2cfaf46ce | API Response: GET /api/analytics/dashboard/summary | Status: 200 | Duration: 143ms
2026-04-21 22:37:23.421 +05:30 [INF] Serilog.AspNetCore.RequestLoggingMiddleware | CorrelationId:06f621601ec14759b94aba8d91fd5c98 | HTTP GET /api/analytics/dashboard/summary responded 200 in 224.3139 ms
2026-04-21 22:37:23.427 +05:30 [INF] Serilog.AspNetCore.RequestLoggingMiddleware | CorrelationId:64a0ada3cf3d41259c5bd2c2cfaf46ce | HTTP GET /api/analytics/dashboard/summary responded 200 in 197.7856 ms
2026-04-21 22:37:35.098 +05:30 [INF] Serilog.AspNetCore.RequestLoggingMiddleware | CorrelationId:8e183047e9804e51b8772d666dd6ab85 | HTTP OPTIONS /api/notifications/unread-count responded 204 in 0.0605 ms
2026-04-21 22:37:35.130 +05:30 [INF] SmsApi.Middleware.LoggingActionFilter | CorrelationId:7d961d5fc5c04d5c8227fc88554ed7d9 | API Request: GET /api/notifications/unread-count | User: Unknown | School: 550e8400-e29b-41d4-a716-446655440000
2026-04-21 22:37:35.141 +05:30 [INF] SmsApi.Middleware.LoggingActionFilter | CorrelationId:7d961d5fc5c04d5c8227fc88554ed7d9 | API Response: GET /api/notifications/unread-count | Status: 200 | Duration: 10ms
2026-04-21 22:37:35.150 +05:30 [INF] Serilog.AspNetCore.RequestLoggingMiddleware | CorrelationId:7d961d5fc5c04d5c8227fc88554ed7d9 | HTTP GET /api/notifications/unread-count responded 200 in 21.7845 ms
2026-04-21 22:37:37.382 +05:30 [INF] Serilog.AspNetCore.RequestLoggingMiddleware | CorrelationId:8061a0b95cce4bbc92616c92a55435e3 | HTTP OPTIONS /api/analytics/dashboard/summary responded 204 in 0.0565 ms
2026-04-21 22:37:37.425 +05:30 [INF] SmsApi.Middleware.LoggingActionFilter | CorrelationId:1d21872d447a4cafa01641c610b82b4b | API Request: GET /api/analytics/dashboard/summary | User: Unknown | School: 550e8400-e29b-41d4-a716-446655440000
2026-04-21 22:37:37.432 +05:30 [INF] SmsApi.Middleware.LoggingActionFilter | CorrelationId:1d21872d447a4cafa01641c610b82b4b | API Response: GET /api/analytics/dashboard/summary | Status: 200 | Duration: 7ms
2026-04-21 22:37:37.439 +05:30 [INF] Serilog.AspNetCore.RequestLoggingMiddleware | CorrelationId:1d21872d447a4cafa01641c610b82b4b | HTTP GET /api/analytics/dashboard/summary responded 200 in 18.1670 ms
2026-04-21 22:37:38.640 +05:30 [INF] Serilog.AspNetCore.RequestLoggingMiddleware | CorrelationId:ea6fea3df5aa4e5797e5f5aeb1cf10ea | HTTP OPTIONS /api/analytics/dashboard/summary responded 204 in 0.0482 ms
2026-04-21 22:37:38.670 +05:30 [INF] SmsApi.Middleware.LoggingActionFilter | CorrelationId:f34f476091cd4461afe2d36ec6a062cf | API Request: GET /api/analytics/dashboard/summary | User: Unknown | School: 550e8400-e29b-41d4-a716-446655440000
2026-04-21 22:37:38.680 +05:30 [INF] SmsApi.Middleware.LoggingActionFilter | CorrelationId:f34f476091cd4461afe2d36ec6a062cf | API Response: GET /api/analytics/dashboard/summary | Status: 200 | Duration: 10ms
2026-04-21 22:37:38.690 +05:30 [INF] Serilog.AspNetCore.RequestLoggingMiddleware | CorrelationId:f34f476091cd4461afe2d36ec6a062cf | HTTP GET /api/analytics/dashboard/summary responded 200 in 23.3042 ms
2026-04-21 22:37:39.906 +05:30 [INF] Serilog.AspNetCore.RequestLoggingMiddleware | CorrelationId:57142d48d3564f8ab3653746d4d0eab8 | HTTP OPTIONS /api/analytics/dashboard/summary responded 204 in 0.0503 ms
2026-04-21 22:37:39.935 +05:30 [INF] SmsApi.Middleware.LoggingActionFilter | CorrelationId:b7d68ebce0e2466ab53a0afee72e014f | API Request: GET /api/analytics/dashboard/summary | User: Unknown | School: 550e8400-e29b-41d4-a716-446655440000
2026-04-21 22:37:39.945 +05:30 [INF] SmsApi.Middleware.LoggingActionFilter | CorrelationId:b7d68ebce0e2466ab53a0afee72e014f | API Response: GET /api/analytics/dashboard/summary | Status: 200 | Duration: 9ms
2026-04-21 22:37:39.957 +05:30 [INF] Serilog.AspNetCore.RequestLoggingMiddleware | CorrelationId:b7d68ebce0e2466ab53a0afee72e014f | HTTP GET /api/analytics/dashboard/summary responded 200 in 25.3842 ms
2026-04-21 22:37:40.402 +05:30 [INF] Serilog.AspNetCore.RequestLoggingMiddleware | CorrelationId:da99b3668fca474582d643010e10ef8a | HTTP OPTIONS /api/analytics/dashboard/summary responded 204 in 0.0537 ms
2026-04-21 22:37:40.437 +05:30 [INF] SmsApi.Middleware.LoggingActionFilter | CorrelationId:d1d2745babc1477fabda6330702128d9 | API Request: GET /api/analytics/dashboard/summary | User: Unknown | School: 550e8400-e29b-41d4-a716-446655440000
2026-04-21 22:37:40.440 +05:30 [INF] SmsApi.Middleware.LoggingActionFilter | CorrelationId:d1d2745babc1477fabda6330702128d9 | API Response: GET /api/analytics/dashboard/summary | Status: 200 | Duration: 3ms
2026-04-21 22:37:40.447 +05:30 [INF] Serilog.AspNetCore.RequestLoggingMiddleware | CorrelationId:d1d2745babc1477fabda6330702128d9 | HTTP GET /api/analytics/dashboard/summary responded 200 in 13.3664 ms
2026-04-21 22:37:40.705 +05:30 [INF] Serilog.AspNetCore.RequestLoggingMiddleware | CorrelationId:0091efb0b0e040d7b0d22f73775b63e2 | HTTP OPTIONS /api/analytics/dashboard/summary responded 204 in 0.4396 ms
2026-04-21 22:37:40.733 +05:30 [INF] SmsApi.Middleware.LoggingActionFilter | CorrelationId:944609dbbccc436ab8545653ccce2fe3 | API Request: GET /api/analytics/dashboard/summary | User: Unknown | School: 550e8400-e29b-41d4-a716-446655440000
2026-04-21 22:37:40.738 +05:30 [INF] SmsApi.Middleware.LoggingActionFilter | CorrelationId:944609dbbccc436ab8545653ccce2fe3 | API Response: GET /api/analytics/dashboard/summary | Status: 200 | Duration: 5ms
2026-04-21 22:37:40.747 +05:30 [INF] Serilog.AspNetCore.RequestLoggingMiddleware | CorrelationId:944609dbbccc436ab8545653ccce2fe3 | HTTP GET /api/analytics/dashboard/summary responded 200 in 18.2246 ms
2026-04-21 22:37:43.681 +05:30 [INF] Serilog.AspNetCore.RequestLoggingMiddleware | CorrelationId:c8ffac27565e4265b2d9ad1de07092b4 | HTTP OPTIONS /api/academics/academic-years responded 204 in 0.0496 ms
2026-04-21 22:37:43.683 +05:30 [INF] Serilog.AspNetCore.RequestLoggingMiddleware | CorrelationId:9742891d6cc74d1396107eec8e576e0e | HTTP OPTIONS /api/academics/academic-years responded 204 in 0.0370 ms
2026-04-21 22:37:43.696 +05:30 [INF] Serilog.AspNetCore.RequestLoggingMiddleware | CorrelationId:4001e0a601214c87940626e66b623e9d | HTTP OPTIONS /api/settings/school/me responded 204 in 0.0430 ms
2026-04-21 22:37:44.022 +05:30 [INF] Serilog.AspNetCore.RequestLoggingMiddleware | CorrelationId:d9622618abeb4f8c914752d351a41993 | HTTP OPTIONS /api/notifications/unread-count responded 204 in 0.0429 ms
2026-04-21 22:37:44.138 +05:30 [INF] Serilog.AspNetCore.RequestLoggingMiddleware | CorrelationId:e7ba54bb4e5d4f3ebd5457d0d46f24f8 | HTTP OPTIONS /api/analytics/dashboard/summary responded 204 in 0.0405 ms
2026-04-21 22:37:44.152 +05:30 [INF] SmsApi.Middleware.LoggingActionFilter | CorrelationId:efb3a6cdd7f4437fad95d4253fec2e1a | API Request: GET /api/academics/academic-years | User: Unknown | School: 550e8400-e29b-41d4-a716-446655440000
2026-04-21 22:37:44.153 +05:30 [INF] Serilog.AspNetCore.RequestLoggingMiddleware | CorrelationId:7c87b4c48f09443cb1d140ce7c16c259 | HTTP OPTIONS /api/analytics/dashboard/summary responded 204 in 0.0512 ms
2026-04-21 22:37:44.161 +05:30 [INF] SmsApi.Middleware.LoggingActionFilter | CorrelationId:7b601e5b00fd4e34830cedbbd687f210 | API Request: GET /api/academics/academic-years | User: Unknown | School: 550e8400-e29b-41d4-a716-446655440000
2026-04-21 22:37:44.164 +05:30 [INF] SmsApi.Middleware.LoggingActionFilter | CorrelationId:824af37dfe974557a719cfe47b2554f9 | API Request: GET /api/settings/school/me | User: Unknown | School: 550e8400-e29b-41d4-a716-446655440000
2026-04-21 22:37:44.177 +05:30 [INF] SmsApi.Middleware.LoggingActionFilter | CorrelationId:a634ee4bb5ac49c393ba02eab3b9f707 | API Request: GET /api/notifications/unread-count | User: Unknown | School: 550e8400-e29b-41d4-a716-446655440000
2026-04-21 22:37:44.187 +05:30 [INF] SmsApi.Middleware.LoggingActionFilter | CorrelationId:423f231c71424969b0de003169e32221 | API Request: GET /api/analytics/dashboard/summary | User: Unknown | School: 550e8400-e29b-41d4-a716-446655440000
2026-04-21 22:37:44.210 +05:30 [INF] SmsApi.Middleware.LoggingActionFilter | CorrelationId:efb3a6cdd7f4437fad95d4253fec2e1a | API Response: GET /api/academics/academic-years | Status: 200 | Duration: 57ms
2026-04-21 22:37:44.218 +05:30 [INF] SmsApi.Middleware.LoggingActionFilter | CorrelationId:35b2ad46555a482dadfa886b868fbe54 | API Request: GET /api/analytics/dashboard/summary | User: Unknown | School: 550e8400-e29b-41d4-a716-446655440000
2026-04-21 22:37:44.229 +05:30 [INF] SmsApi.Middleware.LoggingActionFilter | CorrelationId:7b601e5b00fd4e34830cedbbd687f210 | API Response: GET /api/academics/academic-years | Status: 200 | Duration: 68ms
2026-04-21 22:37:44.230 +05:30 [INF] SmsApi.Middleware.LoggingActionFilter | CorrelationId:824af37dfe974557a719cfe47b2554f9 | API Response: GET /api/settings/school/me | Status: 200 | Duration: 66ms
2026-04-21 22:37:44.233 +05:30 [INF] SmsApi.Middleware.LoggingActionFilter | CorrelationId:a634ee4bb5ac49c393ba02eab3b9f707 | API Response: GET /api/notifications/unread-count | Status: 200 | Duration: 56ms
2026-04-21 22:37:44.260 +05:30 [INF] Serilog.AspNetCore.RequestLoggingMiddleware | CorrelationId:a634ee4bb5ac49c393ba02eab3b9f707 | HTTP GET /api/notifications/unread-count responded 200 in 85.1834 ms
2026-04-21 22:37:44.242 +05:30 [INF] Serilog.AspNetCore.RequestLoggingMiddleware | CorrelationId:efb3a6cdd7f4437fad95d4253fec2e1a | HTTP GET /api/academics/academic-years responded 200 in 93.0683 ms
2026-04-21 22:37:44.248 +05:30 [INF] SmsApi.Middleware.LoggingActionFilter | CorrelationId:35b2ad46555a482dadfa886b868fbe54 | API Response: GET /api/analytics/dashboard/summary | Status: 200 | Duration: 30ms
2026-04-21 22:37:44.252 +05:30 [INF] Serilog.AspNetCore.RequestLoggingMiddleware | CorrelationId:7b601e5b00fd4e34830cedbbd687f210 | HTTP GET /api/academics/academic-years responded 200 in 92.6638 ms
2026-04-21 22:37:44.258 +05:30 [INF] Serilog.AspNetCore.RequestLoggingMiddleware | CorrelationId:824af37dfe974557a719cfe47b2554f9 | HTTP GET /api/settings/school/me responded 200 in 94.2208 ms
2026-04-21 22:37:44.237 +05:30 [INF] SmsApi.Middleware.LoggingActionFilter | CorrelationId:423f231c71424969b0de003169e32221 | API Response: GET /api/analytics/dashboard/summary | Status: 200 | Duration: 49ms
2026-04-21 22:37:44.289 +05:30 [INF] Serilog.AspNetCore.RequestLoggingMiddleware | CorrelationId:35b2ad46555a482dadfa886b868fbe54 | HTTP GET /api/analytics/dashboard/summary responded 200 in 73.5762 ms
2026-04-21 22:37:44.328 +05:30 [INF] Serilog.AspNetCore.RequestLoggingMiddleware | CorrelationId:423f231c71424969b0de003169e32221 | HTTP GET /api/analytics/dashboard/summary responded 200 in 143.7076 ms
2026-04-21 22:37:50.946 +05:30 [INF] Serilog.AspNetCore.RequestLoggingMiddleware | CorrelationId:7e3d6c68a1644a8a81dcdf19215b40be | HTTP OPTIONS /api/staff responded 204 in 0.0523 ms
2026-04-21 22:37:50.947 +05:30 [INF] Serilog.AspNetCore.RequestLoggingMiddleware | CorrelationId:0b6b2f760edc4356b42d8f454ed797fa | HTTP OPTIONS /api/staff responded 204 in 0.0511 ms
2026-04-21 22:37:51.137 +05:30 [INF] SmsApi.Middleware.LoggingActionFilter | CorrelationId:876eba1405bb4f73b3c112c4488f3383 | API Request: GET /api/staff | User: Unknown | School: 550e8400-e29b-41d4-a716-446655440000
2026-04-21 22:37:51.149 +05:30 [INF] SmsApi.Middleware.LoggingActionFilter | CorrelationId:55bb3608aad84b578ab068f01848c737 | API Request: GET /api/staff | User: Unknown | School: 550e8400-e29b-41d4-a716-446655440000
2026-04-21 22:37:51.269 +05:30 [INF] SmsApi.Middleware.LoggingActionFilter | CorrelationId:876eba1405bb4f73b3c112c4488f3383 | API Response: GET /api/staff | Status: 200 | Duration: 132ms
2026-04-21 22:37:51.270 +05:30 [INF] SmsApi.Middleware.LoggingActionFilter | CorrelationId:55bb3608aad84b578ab068f01848c737 | API Response: GET /api/staff | Status: 200 | Duration: 121ms
2026-04-21 22:37:51.280 +05:30 [INF] Serilog.AspNetCore.RequestLoggingMiddleware | CorrelationId:876eba1405bb4f73b3c112c4488f3383 | HTTP GET /api/staff responded 200 in 167.2296 ms
2026-04-21 22:37:51.280 +05:30 [INF] Serilog.AspNetCore.RequestLoggingMiddleware | CorrelationId:55bb3608aad84b578ab068f01848c737 | HTTP GET /api/staff responded 200 in 135.1538 ms
2026-04-21 22:37:52.818 +05:30 [INF] Serilog.AspNetCore.RequestLoggingMiddleware | CorrelationId:e944f92d254b45858fd02d637651d2fa | HTTP OPTIONS /api/students responded 204 in 0.0544 ms
2026-04-21 22:37:52.818 +05:30 [INF] Serilog.AspNetCore.RequestLoggingMiddleware | CorrelationId:c3f052c2b9354a3a8e6f3385136d282c | HTTP OPTIONS /api/students responded 204 in 0.0161 ms
2026-04-21 22:37:52.958 +05:30 [INF] SmsApi.Middleware.LoggingActionFilter | CorrelationId:931e7da71dc74a45b355315d1d54ed43 | API Request: GET /api/students | User: Unknown | School: 550e8400-e29b-41d4-a716-446655440000
2026-04-21 22:37:52.973 +05:30 [INF] SmsApi.Middleware.LoggingActionFilter | CorrelationId:d2c0638d615f47c18920c50047fe06e1 | API Request: GET /api/students | User: Unknown | School: 550e8400-e29b-41d4-a716-446655440000
2026-04-21 22:37:53.000 +05:30 [INF] SmsApi.Middleware.LoggingActionFilter | CorrelationId:931e7da71dc74a45b355315d1d54ed43 | API Response: GET /api/students | Status: 200 | Duration: 41ms
2026-04-21 22:37:53.010 +05:30 [INF] SmsApi.Middleware.LoggingActionFilter | CorrelationId:d2c0638d615f47c18920c50047fe06e1 | API Response: GET /api/students | Status: 200 | Duration: 37ms
2026-04-21 22:37:53.013 +05:30 [INF] Serilog.AspNetCore.RequestLoggingMiddleware | CorrelationId:931e7da71dc74a45b355315d1d54ed43 | HTTP GET /api/students responded 200 in 59.7621 ms
2026-04-21 22:37:53.020 +05:30 [INF] Serilog.AspNetCore.RequestLoggingMiddleware | CorrelationId:d2c0638d615f47c18920c50047fe06e1 | HTTP GET /api/students responded 200 in 50.0204 ms
2026-04-21 22:37:54.795 +05:30 [INF] Serilog.AspNetCore.RequestLoggingMiddleware | CorrelationId:aa4c79d16d60422b9f12e2abb3427b8b | HTTP OPTIONS /api/analytics/dashboard/summary responded 204 in 0.0552 ms
2026-04-21 22:37:54.795 +05:30 [INF] Serilog.AspNetCore.RequestLoggingMiddleware | CorrelationId:c26db585d2c64e59beecd460862b2dd1 | HTTP OPTIONS /api/analytics/dashboard/summary responded 204 in 0.0083 ms
2026-04-21 22:37:54.910 +05:30 [INF] SmsApi.Middleware.LoggingActionFilter | CorrelationId:2f6f1d29fd16460886bda59d00b0b8c8 | API Request: GET /api/analytics/dashboard/summary | User: Unknown | School: 550e8400-e29b-41d4-a716-446655440000
2026-04-21 22:37:54.924 +05:30 [INF] SmsApi.Middleware.LoggingActionFilter | CorrelationId:1a0ece81e36d4288821a389f300a6a57 | API Request: GET /api/analytics/dashboard/summary | User: Unknown | School: 550e8400-e29b-41d4-a716-446655440000
2026-04-21 22:37:54.926 +05:30 [INF] SmsApi.Middleware.LoggingActionFilter | CorrelationId:2f6f1d29fd16460886bda59d00b0b8c8 | API Response: GET /api/analytics/dashboard/summary | Status: 200 | Duration: 15ms
2026-04-21 22:37:54.929 +05:30 [INF] SmsApi.Middleware.LoggingActionFilter | CorrelationId:1a0ece81e36d4288821a389f300a6a57 | API Response: GET /api/analytics/dashboard/summary | Status: 200 | Duration: 5ms
2026-04-21 22:37:54.941 +05:30 [INF] Serilog.AspNetCore.RequestLoggingMiddleware | CorrelationId:2f6f1d29fd16460886bda59d00b0b8c8 | HTTP GET /api/analytics/dashboard/summary responded 200 in 40.5655 ms
2026-04-21 22:37:54.950 +05:30 [INF] Serilog.AspNetCore.RequestLoggingMiddleware | CorrelationId:1a0ece81e36d4288821a389f300a6a57 | HTTP GET /api/analytics/dashboard/summary responded 200 in 33.0273 ms
2026-04-21 22:38:08.117 +05:30 [INF] Serilog.AspNetCore.RequestLoggingMiddleware | CorrelationId:9d47594835924fb2809220bb0a36a1ed | HTTP OPTIONS /api/notifications/my responded 204 in 1.1415 ms
2026-04-21 22:38:08.181 +05:30 [INF] SmsApi.Middleware.LoggingActionFilter | CorrelationId:7fa65c4f12df44659eabf257ef8b099b | API Request: GET /api/notifications/my | User: Unknown | School: 550e8400-e29b-41d4-a716-446655440000
2026-04-21 22:38:08.239 +05:30 [INF] SmsApi.Middleware.LoggingActionFilter | CorrelationId:7fa65c4f12df44659eabf257ef8b099b | API Response: GET /api/notifications/my | Status: 200 | Duration: 58ms
2026-04-21 22:38:08.248 +05:30 [INF] Serilog.AspNetCore.RequestLoggingMiddleware | CorrelationId:7fa65c4f12df44659eabf257ef8b099b | HTTP GET /api/notifications/my responded 200 in 81.7099 ms
2026-04-21 22:38:12.538 +05:30 [INF] Serilog.AspNetCore.RequestLoggingMiddleware | CorrelationId:58c7b572210643c6aad9eec7cbaae32a | HTTP OPTIONS /api/academics/academic-years responded 204 in 0.0442 ms
2026-04-21 22:38:12.538 +05:30 [INF] Serilog.AspNetCore.RequestLoggingMiddleware | CorrelationId:3d68586ea5ed45e3b715716d95e5eb74 | HTTP OPTIONS /api/academics/academic-years responded 204 in 0.0153 ms
2026-04-21 22:38:12.714 +05:30 [INF] Serilog.AspNetCore.RequestLoggingMiddleware | CorrelationId:f99d8115541644dea1736a7fe4c949ac | HTTP GET /api/academics/academic-years responded 401 in 8.2808 ms
2026-04-21 22:38:12.716 +05:30 [INF] Serilog.AspNetCore.RequestLoggingMiddleware | CorrelationId:6ce347de4fe142c6aa2679df39cd793b | HTTP GET /api/academics/academic-years responded 401 in 0.3948 ms
2026-04-21 22:38:14.633 +05:30 [INF] Serilog.AspNetCore.RequestLoggingMiddleware | CorrelationId:a76bf9e82da54107a3b2ca0c2a8e46c7 | HTTP OPTIONS /api/auth/login responded 204 in 0.0341 ms
2026-04-21 22:38:14.693 +05:30 [INF] SmsApi.Middleware.LoggingActionFilter | CorrelationId:ca2f31ea5d2c400380bd647b45b1e2de | API Request: POST /api/auth/login | User: Unknown | School: Unknown
2026-04-21 22:38:15.420 +05:30 [INF] SmsApi.Controllers.AuthController | CorrelationId:ca2f31ea5d2c400380bd647b45b1e2de | Login successful for arjun.sharma (SchoolId: "550e8400-e29b-41d4-a716-446655440000")
2026-04-21 22:38:15.423 +05:30 [INF] SmsApi.Middleware.LoggingActionFilter | CorrelationId:ca2f31ea5d2c400380bd647b45b1e2de | API Response: POST /api/auth/login | Status: 200 | Duration: 729ms
2026-04-21 22:38:15.486 +05:30 [INF] Serilog.AspNetCore.RequestLoggingMiddleware | CorrelationId:ca2f31ea5d2c400380bd647b45b1e2de | HTTP POST /api/auth/login responded 200 in 824.3533 ms
2026-04-21 22:38:15.489 +05:30 [WRN] SmsApi.Infrastructure.Performance.PerformanceMonitoringMiddleware | CorrelationId: | Slow request: POST /api/auth/login took 767ms — status 200.
2026-04-21 22:38:15.865 +05:30 [INF] Serilog.AspNetCore.RequestLoggingMiddleware | CorrelationId:2b9451ac8c97435fba7d1cf1e383213b | HTTP OPTIONS /api/settings/school/me responded 204 in 0.0363 ms
2026-04-21 22:38:16.806 +05:30 [INF] Serilog.AspNetCore.RequestLoggingMiddleware | CorrelationId:ee69659285be452bb8878bc49d8fb7a9 | HTTP OPTIONS /api/academics/academic-years responded 204 in 0.0832 ms
2026-04-21 22:38:16.822 +05:30 [INF] Serilog.AspNetCore.RequestLoggingMiddleware | CorrelationId:7d9b738f10ab4856be56d5a261c250a3 | HTTP OPTIONS /api/academics/academic-years responded 204 in 0.0673 ms
2026-04-21 22:38:16.840 +05:30 [INF] Serilog.AspNetCore.RequestLoggingMiddleware | CorrelationId:2af87ed59d1d4f8687825dea3eb68f2c | HTTP OPTIONS /api/settings/school/me responded 204 in 0.0490 ms
2026-04-21 22:38:16.947 +05:30 [INF] Serilog.AspNetCore.RequestLoggingMiddleware | CorrelationId:daf861ae0c8b4181900bf952bfa83eb2 | HTTP OPTIONS /api/students/my-children responded 204 in 0.0568 ms
2026-04-21 22:38:17.047 +05:30 [INF] Serilog.AspNetCore.RequestLoggingMiddleware | CorrelationId:1a07b0a0345a4265ad9043162e973ab2 | HTTP OPTIONS /api/notifications/my responded 204 in 0.0429 ms
2026-04-21 22:38:17.053 +05:30 [INF] Serilog.AspNetCore.RequestLoggingMiddleware | CorrelationId:ea9378101e6f4b7e83ff99d784a46150 | HTTP OPTIONS /api/students/my-children responded 204 in 0.0318 ms
2026-04-21 22:38:17.065 +05:30 [INF] Serilog.AspNetCore.RequestLoggingMiddleware | CorrelationId:1eb20512adc14cce894c5b2bd0c09827 | HTTP OPTIONS /api/notifications/my responded 204 in 0.0894 ms
2026-04-21 22:38:17.094 +05:30 [INF] Serilog.AspNetCore.RequestLoggingMiddleware | CorrelationId:4ebe2aedabb84db2b1fe9205257976a0 | HTTP GET /api/academics/academic-years responded 403 in 8.6453 ms
2026-04-21 22:38:17.095 +05:30 [INF] SmsApi.Middleware.LoggingActionFilter | CorrelationId:fe86f24823f740efa7e4e39b5283c1df | API Request: GET /api/settings/school/me | User: Unknown | School: 550e8400-e29b-41d4-a716-446655440000
2026-04-21 22:38:17.106 +05:30 [INF] Serilog.AspNetCore.RequestLoggingMiddleware | CorrelationId:533b823b93fc4c8a9eaa8e3706527edc | HTTP GET /api/academics/academic-years responded 403 in 3.3234 ms
2026-04-21 22:38:17.134 +05:30 [INF] SmsApi.Middleware.LoggingActionFilter | CorrelationId:5eb24506b273456b839d30c080a5ee1e | API Request: GET /api/notifications/my | User: Unknown | School: 550e8400-e29b-41d4-a716-446655440000
2026-04-21 22:38:17.137 +05:30 [INF] SmsApi.Middleware.LoggingActionFilter | CorrelationId:3d063629c1b744a597290981b5ab14f1 | API Request: GET /api/students/my-children | User: Unknown | School: 550e8400-e29b-41d4-a716-446655440000
2026-04-21 22:38:17.137 +05:30 [INF] SmsApi.Middleware.LoggingActionFilter | CorrelationId:3765499b913c4ad9bc823097e52b8cd3 | API Request: GET /api/students/my-children | User: Unknown | School: 550e8400-e29b-41d4-a716-446655440000
2026-04-21 22:38:17.156 +05:30 [INF] SmsApi.Middleware.LoggingActionFilter | CorrelationId:8c77aea2d6b74077bf859d738fba58cb | API Request: GET /api/notifications/my | User: Unknown | School: 550e8400-e29b-41d4-a716-446655440000
2026-04-21 22:38:17.165 +05:30 [INF] SmsApi.Middleware.LoggingActionFilter | CorrelationId:fe86f24823f740efa7e4e39b5283c1df | API Response: GET /api/settings/school/me | Status: 200 | Duration: 70ms
2026-04-21 22:38:17.193 +05:30 [INF] SmsApi.Middleware.LoggingActionFilter | CorrelationId:5eb24506b273456b839d30c080a5ee1e | API Response: GET /api/notifications/my | Status: 200 | Duration: 59ms
2026-04-21 22:38:17.208 +05:30 [INF] Serilog.AspNetCore.RequestLoggingMiddleware | CorrelationId:fe86f24823f740efa7e4e39b5283c1df | HTTP GET /api/settings/school/me responded 200 in 116.7022 ms
2026-04-21 22:38:17.211 +05:30 [INF] SmsApi.Middleware.LoggingActionFilter | CorrelationId:8c77aea2d6b74077bf859d738fba58cb | API Response: GET /api/notifications/my | Status: 200 | Duration: 54ms
2026-04-21 22:38:17.217 +05:30 [INF] Serilog.AspNetCore.RequestLoggingMiddleware | CorrelationId:5eb24506b273456b839d30c080a5ee1e | HTTP GET /api/notifications/my responded 200 in 83.1761 ms
2026-04-21 22:38:17.242 +05:30 [INF] Serilog.AspNetCore.RequestLoggingMiddleware | CorrelationId:8c77aea2d6b74077bf859d738fba58cb | HTTP GET /api/notifications/my responded 200 in 94.6592 ms
2026-04-21 22:38:17.270 +05:30 [INF] SmsApi.Middleware.LoggingActionFilter | CorrelationId:3765499b913c4ad9bc823097e52b8cd3 | API Response: GET /api/students/my-children | Status: 200 | Duration: 133ms
2026-04-21 22:38:17.270 +05:30 [INF] SmsApi.Middleware.LoggingActionFilter | CorrelationId:3d063629c1b744a597290981b5ab14f1 | API Response: GET /api/students/my-children | Status: 200 | Duration: 133ms
2026-04-21 22:38:17.285 +05:30 [INF] Serilog.AspNetCore.RequestLoggingMiddleware | CorrelationId:3765499b913c4ad9bc823097e52b8cd3 | HTTP GET /api/students/my-children responded 200 in 157.4550 ms
2026-04-21 22:38:17.289 +05:30 [INF] Serilog.AspNetCore.RequestLoggingMiddleware | CorrelationId:3d063629c1b744a597290981b5ab14f1 | HTTP GET /api/students/my-children responded 200 in 160.8105 ms
2026-04-21 22:38:17.308 +05:30 [INF] Serilog.AspNetCore.RequestLoggingMiddleware | CorrelationId:8524e8782c08421a9230b25ef3219076 | HTTP OPTIONS /api/students/67e1d74f-5eab-42a8-918b-bf30c64111c3/profile-summary responded 204 in 0.1277 ms
2026-04-21 22:38:17.310 +05:30 [INF] Serilog.AspNetCore.RequestLoggingMiddleware | CorrelationId:6b7312ad04c14f25912ca769a4a98af3 | HTTP OPTIONS /api/students/c0a80101-0000-4000-8000-000000000001/profile-summary responded 204 in 0.0299 ms
2026-04-21 22:38:17.317 +05:30 [INF] Serilog.AspNetCore.RequestLoggingMiddleware | CorrelationId:ab66e645ce7544d1abe2c325ea073ba7 | HTTP OPTIONS /api/students/67e1d74f-5eab-42a8-918b-bf30c64111c3/profile-summary responded 204 in 0.1427 ms
2026-04-21 22:38:17.317 +05:30 [INF] Serilog.AspNetCore.RequestLoggingMiddleware | CorrelationId:d31c5ea022184e858fd0dad8828aab1f | HTTP OPTIONS /api/students/c0a80101-0000-4000-8000-000000000001/profile-summary responded 204 in 0.0153 ms
2026-04-21 22:38:17.342 +05:30 [INF] SmsApi.Middleware.LoggingActionFilter | CorrelationId:ce46b84de01541c3b77fc0437a23938f | API Request: GET /api/students/67e1d74f-5eab-42a8-918b-bf30c64111c3/profile-summary | User: Unknown | School: 550e8400-e29b-41d4-a716-446655440000
2026-04-21 22:38:17.354 +05:30 [INF] SmsApi.Middleware.LoggingActionFilter | CorrelationId:e8c12e1c3f9c417a976a16a07fd0ae0c | API Request: GET /api/students/c0a80101-0000-4000-8000-000000000001/profile-summary | User: Unknown | School: 550e8400-e29b-41d4-a716-446655440000
2026-04-21 22:38:17.372 +05:30 [INF] SmsApi.Middleware.LoggingActionFilter | CorrelationId:62545c3783e74c498e1b1320f71c60b0 | API Request: GET /api/students/67e1d74f-5eab-42a8-918b-bf30c64111c3/profile-summary | User: Unknown | School: 550e8400-e29b-41d4-a716-446655440000
2026-04-21 22:38:17.389 +05:30 [INF] SmsApi.Middleware.LoggingActionFilter | CorrelationId:743cd8cf31f845c5a13fdad60630f854 | API Request: GET /api/students/c0a80101-0000-4000-8000-000000000001/profile-summary | User: Unknown | School: 550e8400-e29b-41d4-a716-446655440000
2026-04-21 22:38:17.438 +05:30 [INF] SmsApi.Middleware.LoggingActionFilter | CorrelationId:ce46b84de01541c3b77fc0437a23938f | API Response: GET /api/students/67e1d74f-5eab-42a8-918b-bf30c64111c3/profile-summary | Status: 200 | Duration: 95ms
2026-04-21 22:38:17.442 +05:30 [INF] SmsApi.Middleware.LoggingActionFilter | CorrelationId:e8c12e1c3f9c417a976a16a07fd0ae0c | API Response: GET /api/students/c0a80101-0000-4000-8000-000000000001/profile-summary | Status: 200 | Duration: 88ms
2026-04-21 22:38:17.450 +05:30 [INF] SmsApi.Middleware.LoggingActionFilter | CorrelationId:62545c3783e74c498e1b1320f71c60b0 | API Response: GET /api/students/67e1d74f-5eab-42a8-918b-bf30c64111c3/profile-summary | Status: 200 | Duration: 78ms
2026-04-21 22:38:17.519 +05:30 [INF] Serilog.AspNetCore.RequestLoggingMiddleware | CorrelationId:62545c3783e74c498e1b1320f71c60b0 | HTTP GET /api/students/67e1d74f-5eab-42a8-918b-bf30c64111c3/profile-summary responded 200 in 151.7579 ms
2026-04-21 22:38:17.468 +05:30 [INF] Serilog.AspNetCore.RequestLoggingMiddleware | CorrelationId:ce46b84de01541c3b77fc0437a23938f | HTTP GET /api/students/67e1d74f-5eab-42a8-918b-bf30c64111c3/profile-summary responded 200 in 142.6367 ms
2026-04-21 22:38:17.512 +05:30 [INF] Serilog.AspNetCore.RequestLoggingMiddleware | CorrelationId:e8c12e1c3f9c417a976a16a07fd0ae0c | HTTP GET /api/students/c0a80101-0000-4000-8000-000000000001/profile-summary responded 200 in 161.6123 ms
2026-04-21 22:38:17.459 +05:30 [INF] SmsApi.Middleware.LoggingActionFilter | CorrelationId:743cd8cf31f845c5a13fdad60630f854 | API Response: GET /api/students/c0a80101-0000-4000-8000-000000000001/profile-summary | Status: 200 | Duration: 70ms
2026-04-21 22:38:17.775 +05:30 [INF] Serilog.AspNetCore.RequestLoggingMiddleware | CorrelationId:743cd8cf31f845c5a13fdad60630f854 | HTTP GET /api/students/c0a80101-0000-4000-8000-000000000001/profile-summary responded 200 in 390.5794 ms
2026-04-21 22:38:32.347 +05:30 [INF] Serilog.AspNetCore.RequestLoggingMiddleware | CorrelationId:c9224ebada6f4a2184dbba8264b2e7ed | HTTP OPTIONS /api/students/my-children responded 204 in 0.0615 ms
2026-04-21 22:38:32.347 +05:30 [INF] Serilog.AspNetCore.RequestLoggingMiddleware | CorrelationId:8f15e777628d4510bce1da4fd5e93b72 | HTTP OPTIONS /api/students/my-children responded 204 in 0.0248 ms
2026-04-21 22:38:32.412 +05:30 [INF] SmsApi.Middleware.LoggingActionFilter | CorrelationId:57f9217d16df4bf396483b1dc0a72486 | API Request: GET /api/students/my-children | User: Unknown | School: 550e8400-e29b-41d4-a716-446655440000
2026-04-21 22:38:32.423 +05:30 [INF] SmsApi.Middleware.LoggingActionFilter | CorrelationId:0a92a4a3d5884e0da19d1b279e6108fc | API Request: GET /api/students/my-children | User: Unknown | School: 550e8400-e29b-41d4-a716-446655440000
2026-04-21 22:38:32.454 +05:30 [INF] SmsApi.Middleware.LoggingActionFilter | CorrelationId:0a92a4a3d5884e0da19d1b279e6108fc | API Response: GET /api/students/my-children | Status: 200 | Duration: 30ms
2026-04-21 22:38:32.454 +05:30 [INF] SmsApi.Middleware.LoggingActionFilter | CorrelationId:57f9217d16df4bf396483b1dc0a72486 | API Response: GET /api/students/my-children | Status: 200 | Duration: 41ms
2026-04-21 22:38:32.459 +05:30 [INF] Serilog.AspNetCore.RequestLoggingMiddleware | CorrelationId:0a92a4a3d5884e0da19d1b279e6108fc | HTTP GET /api/students/my-children responded 200 in 38.2714 ms
2026-04-21 22:38:32.465 +05:30 [INF] Serilog.AspNetCore.RequestLoggingMiddleware | CorrelationId:57f9217d16df4bf396483b1dc0a72486 | HTTP GET /api/students/my-children responded 200 in 59.8379 ms
2026-04-21 22:38:32.485 +05:30 [INF] Serilog.AspNetCore.RequestLoggingMiddleware | CorrelationId:e6f227a208bd41f287f4c4c9da3d6343 | HTTP OPTIONS /api/fees/records responded 204 in 0.0369 ms
2026-04-21 22:38:32.496 +05:30 [INF] Serilog.AspNetCore.RequestLoggingMiddleware | CorrelationId:6dbccd716c86477f8da1dbce97de35b0 | HTTP OPTIONS /api/fees/records responded 204 in 0.0908 ms
2026-04-21 22:38:32.508 +05:30 [INF] Serilog.AspNetCore.RequestLoggingMiddleware | CorrelationId:5153a60fab2944aaae4801a4a74891e5 | HTTP OPTIONS /api/fees/records responded 204 in 0.0363 ms
2026-04-21 22:38:32.513 +05:30 [INF] Serilog.AspNetCore.RequestLoggingMiddleware | CorrelationId:27e1e8dc54444264a169aa3f2d9ac26b | HTTP OPTIONS /api/fees/records responded 204 in 0.0458 ms
2026-04-21 22:38:32.631 +05:30 [INF] SmsApi.Middleware.LoggingActionFilter | CorrelationId:ef13624ef3cd422582ae8d552f18bc99 | API Request: GET /api/fees/records | User: Unknown | School: 550e8400-e29b-41d4-a716-446655440000
2026-04-21 22:38:32.632 +05:30 [INF] SmsApi.Middleware.LoggingActionFilter | CorrelationId:a2ac399b4943441481767f8ce15fac63 | API Request: GET /api/fees/records | User: Unknown | School: 550e8400-e29b-41d4-a716-446655440000
2026-04-21 22:38:32.651 +05:30 [INF] SmsApi.Middleware.LoggingActionFilter | CorrelationId:664bd42f4fa1414d83925bc287b7fb5b | API Request: GET /api/fees/records | User: Unknown | School: 550e8400-e29b-41d4-a716-446655440000
2026-04-21 22:38:32.661 +05:30 [INF] SmsApi.Middleware.LoggingActionFilter | CorrelationId:4744614a6f7c4ee0a38d524989826db1 | API Request: GET /api/fees/records | User: Unknown | School: 550e8400-e29b-41d4-a716-446655440000
2026-04-21 22:38:32.720 +05:30 [INF] SmsApi.Services.FeeService | CorrelationId:4744614a6f7c4ee0a38d524989826db1 | Late fee calculation with partial payment: Total=18000.00, Paid=6000.00, Remaining=12000.00
2026-04-21 22:38:32.720 +05:30 [INF] SmsApi.Services.FeeService | CorrelationId:ef13624ef3cd422582ae8d552f18bc99 | Late fee calculation with partial payment: Total=20000.00, Paid=12000.00, Remaining=8000.00
2026-04-21 22:38:32.721 +05:30 [INF] SmsApi.Services.FeeService | CorrelationId:a2ac399b4943441481767f8ce15fac63 | Late fee calculation with partial payment: Total=18000.00, Paid=6000.00, Remaining=12000.00
2026-04-21 22:38:32.721 +05:30 [INF] SmsApi.Services.FeeService | CorrelationId:664bd42f4fa1414d83925bc287b7fb5b | Late fee calculation with partial payment: Total=20000.00, Paid=12000.00, Remaining=8000.00
2026-04-21 22:38:32.778 +05:30 [INF] SmsApi.Services.FeeService | CorrelationId:ef13624ef3cd422582ae8d552f18bc99 | Late fee (daily): Days=257, Months=8, RemainingDays=17, DailyFee=50.00, MonthlyMax=1500.00, Total=12850.00
2026-04-21 22:38:32.778 +05:30 [INF] SmsApi.Services.FeeService | CorrelationId:4744614a6f7c4ee0a38d524989826db1 | Late fee (daily): Days=257, Months=8, RemainingDays=17, DailyFee=50.00, MonthlyMax=1500.00, Total=12850.00
2026-04-21 22:38:32.779 +05:30 [INF] SmsApi.Services.FeeService | CorrelationId:664bd42f4fa1414d83925bc287b7fb5b | Late fee (daily): Days=257, Months=8, RemainingDays=17, DailyFee=50.00, MonthlyMax=1500.00, Total=12850.00
2026-04-21 22:38:32.779 +05:30 [INF] SmsApi.Services.FeeService | CorrelationId:a2ac399b4943441481767f8ce15fac63 | Late fee (daily): Days=257, Months=8, RemainingDays=17, DailyFee=50.00, MonthlyMax=1500.00, Total=12850.00
2026-04-21 22:38:32.780 +05:30 [WRN] SmsApi.Services.FeeService | CorrelationId:ef13624ef3cd422582ae8d552f18bc99 | Late fee capped: Calculated=12850.00, Max=1500.00
2026-04-21 22:38:32.781 +05:30 [WRN] SmsApi.Services.FeeService | CorrelationId:4744614a6f7c4ee0a38d524989826db1 | Late fee capped: Calculated=12850.00, Max=1500.00
2026-04-21 22:38:32.783 +05:30 [WRN] SmsApi.Services.FeeService | CorrelationId:664bd42f4fa1414d83925bc287b7fb5b | Late fee capped: Calculated=12850.00, Max=1500.00
2026-04-21 22:38:32.784 +05:30 [WRN] SmsApi.Services.FeeService | CorrelationId:a2ac399b4943441481767f8ce15fac63 | Late fee capped: Calculated=12850.00, Max=1500.00
2026-04-21 22:38:32.802 +05:30 [INF] SmsApi.Services.FeeService | CorrelationId:664bd42f4fa1414d83925bc287b7fb5b | ✅ CRITICAL: Late fee calculated for fee record f1000001-0001-4000-8000-000000000001: 1500.00 (Days overdue: 257, Config type: daily)
2026-04-21 22:38:32.802 +05:30 [INF] SmsApi.Services.FeeService | CorrelationId:ef13624ef3cd422582ae8d552f18bc99 | ✅ CRITICAL: Late fee calculated for fee record f1000001-0001-4000-8000-000000000001: 1500.00 (Days overdue: 257, Config type: daily)
2026-04-21 22:38:32.802 +05:30 [INF] SmsApi.Services.FeeService | CorrelationId:4744614a6f7c4ee0a38d524989826db1 | ✅ CRITICAL: Late fee calculated for fee record f1000001-0001-4000-8000-000000000002: 1500.00 (Days overdue: 257, Config type: daily)
2026-04-21 22:38:32.802 +05:30 [INF] SmsApi.Services.FeeService | CorrelationId:a2ac399b4943441481767f8ce15fac63 | ✅ CRITICAL: Late fee calculated for fee record f1000001-0001-4000-8000-000000000002: 1500.00 (Days overdue: 257, Config type: daily)
2026-04-21 22:38:32.875 +05:30 [INF] SmsApi.Middleware.LoggingActionFilter | CorrelationId:4744614a6f7c4ee0a38d524989826db1 | API Response: GET /api/fees/records | Status: 200 | Duration: 214ms
2026-04-21 22:38:32.875 +05:30 [INF] SmsApi.Middleware.LoggingActionFilter | CorrelationId:a2ac399b4943441481767f8ce15fac63 | API Response: GET /api/fees/records | Status: 200 | Duration: 243ms
2026-04-21 22:38:32.875 +05:30 [INF] SmsApi.Middleware.LoggingActionFilter | CorrelationId:ef13624ef3cd422582ae8d552f18bc99 | API Response: GET /api/fees/records | Status: 200 | Duration: 244ms
2026-04-21 22:38:32.875 +05:30 [INF] SmsApi.Middleware.LoggingActionFilter | CorrelationId:664bd42f4fa1414d83925bc287b7fb5b | API Response: GET /api/fees/records | Status: 200 | Duration: 224ms
2026-04-21 22:38:32.917 +05:30 [INF] Serilog.AspNetCore.RequestLoggingMiddleware | CorrelationId:664bd42f4fa1414d83925bc287b7fb5b | HTTP GET /api/fees/records responded 200 in 275.3391 ms
2026-04-21 22:38:32.884 +05:30 [INF] Serilog.AspNetCore.RequestLoggingMiddleware | CorrelationId:a2ac399b4943441481767f8ce15fac63 | HTTP GET /api/fees/records responded 200 in 357.2292 ms
2026-04-21 22:38:32.905 +05:30 [INF] Serilog.AspNetCore.RequestLoggingMiddleware | CorrelationId:ef13624ef3cd422582ae8d552f18bc99 | HTTP GET /api/fees/records responded 200 in 387.5153 ms
2026-04-21 22:38:32.884 +05:30 [INF] Serilog.AspNetCore.RequestLoggingMiddleware | CorrelationId:4744614a6f7c4ee0a38d524989826db1 | HTTP GET /api/fees/records responded 200 in 226.4512 ms
2026-04-21 22:38:34.916 +05:30 [INF] Serilog.AspNetCore.RequestLoggingMiddleware | CorrelationId:34e48c046db6426bb03bbbc85276852b | HTTP OPTIONS /api/notifications/my responded 204 in 0.0496 ms
2026-04-21 22:38:34.919 +05:30 [INF] Serilog.AspNetCore.RequestLoggingMiddleware | CorrelationId:9be5ef5a4e29480287825a08b37648d6 | HTTP OPTIONS /api/notifications/my responded 204 in 0.2615 ms
2026-04-21 22:38:34.991 +05:30 [INF] SmsApi.Middleware.LoggingActionFilter | CorrelationId:6da99392ef4d4b2aabc548d5559eb640 | API Request: GET /api/notifications/my | User: Unknown | School: 550e8400-e29b-41d4-a716-446655440000
2026-04-21 22:38:35.015 +05:30 [INF] SmsApi.Middleware.LoggingActionFilter | CorrelationId:5e0cca9ba5334da6bd064f1c3a645788 | API Request: GET /api/notifications/my | User: Unknown | School: 550e8400-e29b-41d4-a716-446655440000
2026-04-21 22:38:35.039 +05:30 [INF] SmsApi.Middleware.LoggingActionFilter | CorrelationId:6da99392ef4d4b2aabc548d5559eb640 | API Response: GET /api/notifications/my | Status: 200 | Duration: 48ms
2026-04-21 22:38:35.047 +05:30 [INF] Serilog.AspNetCore.RequestLoggingMiddleware | CorrelationId:6da99392ef4d4b2aabc548d5559eb640 | HTTP GET /api/notifications/my responded 200 in 61.6861 ms
2026-04-21 22:38:35.054 +05:30 [INF] SmsApi.Middleware.LoggingActionFilter | CorrelationId:5e0cca9ba5334da6bd064f1c3a645788 | API Response: GET /api/notifications/my | Status: 200 | Duration: 39ms
2026-04-21 22:38:35.084 +05:30 [INF] Serilog.AspNetCore.RequestLoggingMiddleware | CorrelationId:5e0cca9ba5334da6bd064f1c3a645788 | HTTP GET /api/notifications/my responded 200 in 69.2879 ms
2026-04-21 22:38:36.018 +05:30 [INF] Serilog.AspNetCore.RequestLoggingMiddleware | CorrelationId:388a4c98c5a542738107363ce244cbaa | HTTP OPTIONS /api/students/my-children responded 204 in 0.1477 ms
2026-04-21 22:38:36.018 +05:30 [INF] Serilog.AspNetCore.RequestLoggingMiddleware | CorrelationId:449aea00dadf4876a9de7af038896475 | HTTP OPTIONS /api/students/my-children responded 204 in 0.0104 ms
2026-04-21 22:38:36.090 +05:30 [INF] SmsApi.Middleware.LoggingActionFilter | CorrelationId:3920ac9a907a48abaf3794a749c34e57 | API Request: GET /api/students/my-children | User: Unknown | School: 550e8400-e29b-41d4-a716-446655440000
2026-04-21 22:38:36.094 +05:30 [INF] SmsApi.Middleware.LoggingActionFilter | CorrelationId:bcca351e505f40ff995e0654ab7323d7 | API Request: GET /api/students/my-children | User: Unknown | School: 550e8400-e29b-41d4-a716-446655440000
2026-04-21 22:38:36.104 +05:30 [INF] SmsApi.Middleware.LoggingActionFilter | CorrelationId:3920ac9a907a48abaf3794a749c34e57 | API Response: GET /api/students/my-children | Status: 200 | Duration: 13ms
2026-04-21 22:38:36.106 +05:30 [INF] SmsApi.Middleware.LoggingActionFilter | CorrelationId:bcca351e505f40ff995e0654ab7323d7 | API Response: GET /api/students/my-children | Status: 200 | Duration: 12ms
2026-04-21 22:38:36.110 +05:30 [INF] Serilog.AspNetCore.RequestLoggingMiddleware | CorrelationId:3920ac9a907a48abaf3794a749c34e57 | HTTP GET /api/students/my-children responded 200 in 24.2647 ms
2026-04-21 22:38:36.114 +05:30 [INF] Serilog.AspNetCore.RequestLoggingMiddleware | CorrelationId:bcca351e505f40ff995e0654ab7323d7 | HTTP GET /api/students/my-children responded 200 in 25.7602 ms
2026-04-21 22:38:36.192 +05:30 [INF] Serilog.AspNetCore.RequestLoggingMiddleware | CorrelationId:43750377aa324f30862f3290d8b04f07 | HTTP OPTIONS /api/students/c0a80101-0000-4000-8000-000000000001/profile-summary responded 204 in 0.0380 ms
2026-04-21 22:38:36.208 +05:30 [INF] SmsApi.Middleware.LoggingActionFilter | CorrelationId:9303f19b5f1941c98dc0e9e57ff54a3a | API Request: GET /api/students/c0a80101-0000-4000-8000-000000000001/profile-summary | User: Unknown | School: 550e8400-e29b-41d4-a716-446655440000
2026-04-21 22:38:36.307 +05:30 [INF] SmsApi.Middleware.LoggingActionFilter | CorrelationId:9303f19b5f1941c98dc0e9e57ff54a3a | API Response: GET /api/students/c0a80101-0000-4000-8000-000000000001/profile-summary | Status: 200 | Duration: 99ms
2026-04-21 22:38:36.319 +05:30 [INF] Serilog.AspNetCore.RequestLoggingMiddleware | CorrelationId:9303f19b5f1941c98dc0e9e57ff54a3a | HTTP GET /api/students/c0a80101-0000-4000-8000-000000000001/profile-summary responded 200 in 113.0685 ms
2026-04-21 22:38:40.051 +05:30 [INF] Serilog.AspNetCore.RequestLoggingMiddleware | CorrelationId:e2a4bdd95fd34a8895a44f8a1bfeae11 | HTTP OPTIONS /api/students/my-children responded 204 in 0.0859 ms
2026-04-21 22:38:40.051 +05:30 [INF] Serilog.AspNetCore.RequestLoggingMiddleware | CorrelationId:e4485fb303754b1c886ab91cd3a2fc5a | HTTP OPTIONS /api/students/my-children responded 204 in 0.0143 ms
2026-04-21 22:38:40.051 +05:30 [INF] Serilog.AspNetCore.RequestLoggingMiddleware | CorrelationId:68727f1545024cce956023522dda77bd | HTTP OPTIONS /api/notifications/my responded 204 in 0.0108 ms
2026-04-21 22:38:40.051 +05:30 [INF] Serilog.AspNetCore.RequestLoggingMiddleware | CorrelationId:143c52b31ae943cb96c4ac895dd2469d | HTTP OPTIONS /api/notifications/my responded 204 in 0.0108 ms
2026-04-21 22:38:40.113 +05:30 [INF] SmsApi.Middleware.LoggingActionFilter | CorrelationId:efc8042fb1ac4357b051a6691ed20618 | API Request: GET /api/students/my-children | User: Unknown | School: 550e8400-e29b-41d4-a716-446655440000
2026-04-21 22:38:40.165 +05:30 [INF] SmsApi.Middleware.LoggingActionFilter | CorrelationId:ef18bba71b3a42c4bf3bdd5b5721296e | API Request: GET /api/students/my-children | User: Unknown | School: 550e8400-e29b-41d4-a716-446655440000
2026-04-21 22:38:40.225 +05:30 [INF] SmsApi.Middleware.LoggingActionFilter | CorrelationId:a96a07320b5c432c90a7ee77c08adee9 | API Request: GET /api/notifications/my | User: Unknown | School: 550e8400-e29b-41d4-a716-446655440000
2026-04-21 22:38:40.249 +05:30 [INF] SmsApi.Middleware.LoggingActionFilter | CorrelationId:8b75c3969e1d4ba8a5aabb5b901d3014 | API Request: GET /api/notifications/my | User: Unknown | School: 550e8400-e29b-41d4-a716-446655440000
2026-04-21 22:38:40.258 +05:30 [INF] SmsApi.Middleware.LoggingActionFilter | CorrelationId:efc8042fb1ac4357b051a6691ed20618 | API Response: GET /api/students/my-children | Status: 200 | Duration: 144ms
2026-04-21 22:38:40.280 +05:30 [INF] SmsApi.Middleware.LoggingActionFilter | CorrelationId:ef18bba71b3a42c4bf3bdd5b5721296e | API Response: GET /api/students/my-children | Status: 200 | Duration: 114ms
2026-04-21 22:38:40.284 +05:30 [INF] SmsApi.Middleware.LoggingActionFilter | CorrelationId:a96a07320b5c432c90a7ee77c08adee9 | API Response: GET /api/notifications/my | Status: 200 | Duration: 58ms
2026-04-21 22:38:40.307 +05:30 [INF] Serilog.AspNetCore.RequestLoggingMiddleware | CorrelationId:a96a07320b5c432c90a7ee77c08adee9 | HTTP GET /api/notifications/my responded 200 in 83.2521 ms
2026-04-21 22:38:40.291 +05:30 [INF] SmsApi.Middleware.LoggingActionFilter | CorrelationId:8b75c3969e1d4ba8a5aabb5b901d3014 | API Response: GET /api/notifications/my | Status: 200 | Duration: 42ms
2026-04-21 22:38:40.298 +05:30 [INF] Serilog.AspNetCore.RequestLoggingMiddleware | CorrelationId:ef18bba71b3a42c4bf3bdd5b5721296e | HTTP GET /api/students/my-children responded 200 in 185.1474 ms
2026-04-21 22:38:40.289 +05:30 [INF] Serilog.AspNetCore.RequestLoggingMiddleware | CorrelationId:efc8042fb1ac4357b051a6691ed20618 | HTTP GET /api/students/my-children responded 200 in 200.3213 ms
2026-04-21 22:38:40.365 +05:30 [INF] Serilog.AspNetCore.RequestLoggingMiddleware | CorrelationId:8b75c3969e1d4ba8a5aabb5b901d3014 | HTTP GET /api/notifications/my responded 200 in 116.2778 ms
2026-04-21 22:38:40.389 +05:30 [INF] Serilog.AspNetCore.RequestLoggingMiddleware | CorrelationId:dc7ced17d12c4de4a33fabfad2e3a105 | HTTP OPTIONS /api/students/67e1d74f-5eab-42a8-918b-bf30c64111c3/profile-summary responded 204 in 0.1195 ms
2026-04-21 22:38:40.390 +05:30 [INF] Serilog.AspNetCore.RequestLoggingMiddleware | CorrelationId:31c42e7b3b664fe7b1637850974f3b92 | HTTP OPTIONS /api/students/c0a80101-0000-4000-8000-000000000001/profile-summary responded 204 in 0.0170 ms
2026-04-21 22:38:40.410 +05:30 [INF] Serilog.AspNetCore.RequestLoggingMiddleware | CorrelationId:2241f75d21ea43f787a911f3244ad9f0 | HTTP OPTIONS /api/students/67e1d74f-5eab-42a8-918b-bf30c64111c3/profile-summary responded 204 in 0.0403 ms
2026-04-21 22:38:40.418 +05:30 [INF] Serilog.AspNetCore.RequestLoggingMiddleware | CorrelationId:224cda6de4df41a498a704ad19ce7d79 | HTTP OPTIONS /api/students/c0a80101-0000-4000-8000-000000000001/profile-summary responded 204 in 0.0369 ms
2026-04-21 22:38:40.434 +05:30 [INF] SmsApi.Middleware.LoggingActionFilter | CorrelationId:fc28d2ef40de456194237d1e1921a5d9 | API Request: GET /api/students/67e1d74f-5eab-42a8-918b-bf30c64111c3/profile-summary | User: Unknown | School: 550e8400-e29b-41d4-a716-446655440000
2026-04-21 22:38:40.449 +05:30 [INF] SmsApi.Middleware.LoggingActionFilter | CorrelationId:be076b2784a54f2f8c3ecb1c804e4d8b | API Request: GET /api/students/c0a80101-0000-4000-8000-000000000001/profile-summary | User: Unknown | School: 550e8400-e29b-41d4-a716-446655440000
2026-04-21 22:38:40.455 +05:30 [INF] SmsApi.Middleware.LoggingActionFilter | CorrelationId:9b4d76b56e0e4a42933ed7ee4bf8f7ab | API Request: GET /api/students/67e1d74f-5eab-42a8-918b-bf30c64111c3/profile-summary | User: Unknown | School: 550e8400-e29b-41d4-a716-446655440000
2026-04-21 22:38:40.462 +05:30 [INF] SmsApi.Middleware.LoggingActionFilter | CorrelationId:d8fe035a74bc4e25aa6e723c52f1e8eb | API Request: GET /api/students/c0a80101-0000-4000-8000-000000000001/profile-summary | User: Unknown | School: 550e8400-e29b-41d4-a716-446655440000
2026-04-21 22:38:40.486 +05:30 [INF] SmsApi.Middleware.LoggingActionFilter | CorrelationId:fc28d2ef40de456194237d1e1921a5d9 | API Response: GET /api/students/67e1d74f-5eab-42a8-918b-bf30c64111c3/profile-summary | Status: 200 | Duration: 51ms
2026-04-21 22:38:40.495 +05:30 [INF] SmsApi.Middleware.LoggingActionFilter | CorrelationId:be076b2784a54f2f8c3ecb1c804e4d8b | API Response: GET /api/students/c0a80101-0000-4000-8000-000000000001/profile-summary | Status: 200 | Duration: 45ms
2026-04-21 22:38:40.500 +05:30 [INF] SmsApi.Middleware.LoggingActionFilter | CorrelationId:d8fe035a74bc4e25aa6e723c52f1e8eb | API Response: GET /api/students/c0a80101-0000-4000-8000-000000000001/profile-summary | Status: 200 | Duration: 38ms
2026-04-21 22:38:40.501 +05:30 [INF] SmsApi.Middleware.LoggingActionFilter | CorrelationId:9b4d76b56e0e4a42933ed7ee4bf8f7ab | API Response: GET /api/students/67e1d74f-5eab-42a8-918b-bf30c64111c3/profile-summary | Status: 200 | Duration: 45ms
2026-04-21 22:38:40.511 +05:30 [INF] Serilog.AspNetCore.RequestLoggingMiddleware | CorrelationId:fc28d2ef40de456194237d1e1921a5d9 | HTTP GET /api/students/67e1d74f-5eab-42a8-918b-bf30c64111c3/profile-summary responded 200 in 82.6793 ms
2026-04-21 22:38:40.514 +05:30 [INF] Serilog.AspNetCore.RequestLoggingMiddleware | CorrelationId:be076b2784a54f2f8c3ecb1c804e4d8b | HTTP GET /api/students/c0a80101-0000-4000-8000-000000000001/profile-summary responded 200 in 70.5556 ms
2026-04-21 22:38:40.521 +05:30 [INF] Serilog.AspNetCore.RequestLoggingMiddleware | CorrelationId:d8fe035a74bc4e25aa6e723c52f1e8eb | HTTP GET /api/students/c0a80101-0000-4000-8000-000000000001/profile-summary responded 200 in 64.3197 ms
2026-04-21 22:38:40.529 +05:30 [INF] Serilog.AspNetCore.RequestLoggingMiddleware | CorrelationId:9b4d76b56e0e4a42933ed7ee4bf8f7ab | HTTP GET /api/students/67e1d74f-5eab-42a8-918b-bf30c64111c3/profile-summary responded 200 in 77.3338 ms
2026-04-21 22:38:46.700 +05:30 [INF] Serilog.AspNetCore.RequestLoggingMiddleware | CorrelationId:eb593a8b91f8428a9302555a3b10e3d4 | HTTP OPTIONS /api/notifications/unread-count responded 204 in 0.0773 ms
2026-04-21 22:38:48.207 +05:30 [INF] Serilog.AspNetCore.RequestLoggingMiddleware | CorrelationId:f9a5581f53cb4e089a1f02b170b9886b | HTTP OPTIONS /api/academics/academic-years responded 204 in 0.3241 ms
2026-04-21 22:38:48.302 +05:30 [INF] Serilog.AspNetCore.RequestLoggingMiddleware | CorrelationId:33778927cc5d45cab06594b65205b9af | HTTP OPTIONS /api/academics/academic-years responded 204 in 0.0698 ms
2026-04-21 22:38:48.615 +05:30 [INF] Serilog.AspNetCore.RequestLoggingMiddleware | CorrelationId:f402e0f2313c4a96a213cf625b034ba6 | HTTP GET /api/academics/academic-years responded 401 in 0.6092 ms
2026-04-21 22:38:48.631 +05:30 [INF] Serilog.AspNetCore.RequestLoggingMiddleware | CorrelationId:b8766568ef3c4e9c90ce7355dcd3460f | HTTP GET /api/academics/academic-years responded 401 in 0.3792 ms
2026-04-21 22:40:17.565 +05:30 [INF] Serilog.AspNetCore.RequestLoggingMiddleware | CorrelationId:629444247fa34222815a36e67df64aa0 | HTTP OPTIONS /api/auth/login responded 204 in 0.2939 ms
2026-04-21 22:40:17.601 +05:30 [INF] SmsApi.Middleware.LoggingActionFilter | CorrelationId:1b4c24de41954689a92bebb458f5cb9c | API Request: POST /api/auth/login | User: Unknown | School: Unknown
2026-04-21 22:40:18.134 +05:30 [INF] SmsApi.Controllers.AuthController | CorrelationId:1b4c24de41954689a92bebb458f5cb9c | Login successful for suresh.nair (SchoolId: "550e8400-e29b-41d4-a716-446655440000")
2026-04-21 22:40:18.136 +05:30 [INF] SmsApi.Middleware.LoggingActionFilter | CorrelationId:1b4c24de41954689a92bebb458f5cb9c | API Response: POST /api/auth/login | Status: 200 | Duration: 534ms
2026-04-21 22:40:18.156 +05:30 [INF] Serilog.AspNetCore.RequestLoggingMiddleware | CorrelationId:1b4c24de41954689a92bebb458f5cb9c | HTTP POST /api/auth/login responded 200 in 561.4693 ms
2026-04-21 22:40:18.181 +05:30 [WRN] SmsApi.Infrastructure.Performance.PerformanceMonitoringMiddleware | CorrelationId: | Slow request: POST /api/auth/login took 547ms — status 200.
2026-04-21 22:40:18.568 +05:30 [INF] Serilog.AspNetCore.RequestLoggingMiddleware | CorrelationId:05c1798b1b3d4cbb855eb71f7f191084 | HTTP OPTIONS /api/settings/school/me responded 204 in 0.0482 ms
2026-04-21 22:40:19.655 +05:30 [INF] Serilog.AspNetCore.RequestLoggingMiddleware | CorrelationId:bd3f0cf004e14c6a951abcfd52666135 | HTTP OPTIONS /api/academics/academic-years responded 204 in 0.0153 ms
2026-04-21 22:40:19.655 +05:30 [INF] Serilog.AspNetCore.RequestLoggingMiddleware | CorrelationId:27e99d7b0d98427e9fba8524d9e47c5b | HTTP OPTIONS /api/academics/academic-years responded 204 in 0.0853 ms
2026-04-21 22:40:19.656 +05:30 [INF] Serilog.AspNetCore.RequestLoggingMiddleware | CorrelationId:576ea608d7db43e0a3d5466be2cb8a4a | HTTP OPTIONS /api/settings/school/me responded 204 in 0.1083 ms
2026-04-21 22:40:19.775 +05:30 [INF] Serilog.AspNetCore.RequestLoggingMiddleware | CorrelationId:fdb4027d04ae4ba5928fc983e35f569a | HTTP OPTIONS /api/notifications/unread-count responded 204 in 0.0574 ms
2026-04-21 22:40:19.953 +05:30 [INF] Serilog.AspNetCore.RequestLoggingMiddleware | CorrelationId:a881f0271f6f462aa479dbfbdc135bec | HTTP OPTIONS /api/academics/my-class-assignments responded 204 in 0.2064 ms
2026-04-21 22:40:20.038 +05:30 [INF] Serilog.AspNetCore.RequestLoggingMiddleware | CorrelationId:31e43635312348bb8ff1eca194aeae72 | HTTP OPTIONS /api/communication/staff/class-students responded 204 in 0.0444 ms
2026-04-21 22:40:20.068 +05:30 [INF] Serilog.AspNetCore.RequestLoggingMiddleware | CorrelationId:f480b2183cbe4dd3ba316fc9f233bf2e | HTTP OPTIONS /api/LeaveManagement/my-requests responded 204 in 0.0702 ms
2026-04-21 22:40:20.081 +05:30 [INF] Serilog.AspNetCore.RequestLoggingMiddleware | CorrelationId:007d3c66aa4f41f2972e59b65df64f63 | HTTP OPTIONS /api/Announcements responded 204 in 0.0497 ms
2026-04-21 22:40:20.097 +05:30 [INF] Serilog.AspNetCore.RequestLoggingMiddleware | CorrelationId:60b147b68ede498b8d0ea519619b9d09 | HTTP OPTIONS /api/communication/staff/messages-sent responded 204 in 0.0439 ms
2026-04-21 22:40:20.126 +05:30 [INF] Serilog.AspNetCore.RequestLoggingMiddleware | CorrelationId:2728f746cd224726bf0a8a7de9380029 | HTTP OPTIONS /api/academics/my-class-assignments responded 204 in 0.0800 ms
2026-04-21 22:40:20.129 +05:30 [INF] Serilog.AspNetCore.RequestLoggingMiddleware | CorrelationId:842abece8b744f808cf17df2af54106a | HTTP OPTIONS /api/communication/staff/class-students responded 204 in 0.0466 ms
2026-04-21 22:40:20.145 +05:30 [INF] Serilog.AspNetCore.RequestLoggingMiddleware | CorrelationId:ae37f77c504f40f6ade213cfe4baeee7 | HTTP OPTIONS /api/LeaveManagement/my-requests responded 204 in 0.6352 ms
2026-04-21 22:40:20.151 +05:30 [INF] Serilog.AspNetCore.RequestLoggingMiddleware | CorrelationId:df4b861b35ca4b8ab458c5d608f6aebe | HTTP OPTIONS /api/Announcements responded 204 in 0.1374 ms
2026-04-21 22:40:20.156 +05:30 [INF] Serilog.AspNetCore.RequestLoggingMiddleware | CorrelationId:ec4eaadf42a14b3cad8c813cc1e97021 | HTTP OPTIONS /api/communication/staff/messages-sent responded 204 in 0.0367 ms
2026-04-21 22:40:20.169 +05:30 [INF] SmsApi.Middleware.LoggingActionFilter | CorrelationId:3353a36c6c2b466f8675b935268f7b40 | API Request: GET /api/academics/academic-years | User: Unknown | School: 550e8400-e29b-41d4-a716-446655440000
2026-04-21 22:40:20.186 +05:30 [INF] SmsApi.Middleware.LoggingActionFilter | CorrelationId:d0d8a7a0a2194ccc9b331ebd6b9f2bdb | API Request: GET /api/academics/academic-years | User: Unknown | School: 550e8400-e29b-41d4-a716-446655440000
2026-04-21 22:40:20.203 +05:30 [INF] SmsApi.Middleware.LoggingActionFilter | CorrelationId:25aa45ad38124b74ac796160fe606e18 | API Request: GET /api/settings/school/me | User: Unknown | School: 550e8400-e29b-41d4-a716-446655440000
2026-04-21 22:40:20.227 +05:30 [INF] SmsApi.Middleware.LoggingActionFilter | CorrelationId:886fd9a729c9408096dd1d3d1540dcef | API Request: GET /api/notifications/unread-count | User: Unknown | School: 550e8400-e29b-41d4-a716-446655440000
2026-04-21 22:40:20.250 +05:30 [INF] SmsApi.Middleware.LoggingActionFilter | CorrelationId:aa0e0cfe0d5a458e8676a8567e47284c | API Request: GET /api/academics/my-class-assignments | User: Unknown | School: 550e8400-e29b-41d4-a716-446655440000
2026-04-21 22:40:20.270 +05:30 [INF] SmsApi.Middleware.LoggingActionFilter | CorrelationId:3353a36c6c2b466f8675b935268f7b40 | API Response: GET /api/academics/academic-years | Status: 200 | Duration: 100ms
2026-04-21 22:40:20.279 +05:30 [INF] SmsApi.Middleware.LoggingActionFilter | CorrelationId:00b9d998ae9d49d698826f4bc5b017c8 | API Request: GET /api/communication/staff/class-students | User: Unknown | School: 550e8400-e29b-41d4-a716-446655440000
2026-04-21 22:40:20.282 +05:30 [INF] SmsApi.Middleware.LoggingActionFilter | CorrelationId:d0d8a7a0a2194ccc9b331ebd6b9f2bdb | API Response: GET /api/academics/academic-years | Status: 200 | Duration: 95ms
2026-04-21 22:40:20.287 +05:30 [INF] SmsApi.Middleware.LoggingActionFilter | CorrelationId:25aa45ad38124b74ac796160fe606e18 | API Response: GET /api/settings/school/me | Status: 200 | Duration: 83ms
2026-04-21 22:40:20.289 +05:30 [INF] SmsApi.Middleware.LoggingActionFilter | CorrelationId:886fd9a729c9408096dd1d3d1540dcef | API Response: GET /api/notifications/unread-count | Status: 200 | Duration: 61ms
2026-04-21 22:40:20.303 +05:30 [INF] Serilog.AspNetCore.RequestLoggingMiddleware | CorrelationId:3353a36c6c2b466f8675b935268f7b40 | HTTP GET /api/academics/academic-years responded 200 in 134.5770 ms
2026-04-21 22:40:20.312 +05:30 [INF] Serilog.AspNetCore.RequestLoggingMiddleware | CorrelationId:d0d8a7a0a2194ccc9b331ebd6b9f2bdb | HTTP GET /api/academics/academic-years responded 200 in 131.1448 ms
2026-04-21 22:40:20.322 +05:30 [INF] Serilog.AspNetCore.RequestLoggingMiddleware | CorrelationId:25aa45ad38124b74ac796160fe606e18 | HTTP GET /api/settings/school/me responded 200 in 120.1352 ms
2026-04-21 22:40:20.335 +05:30 [INF] Serilog.AspNetCore.RequestLoggingMiddleware | CorrelationId:886fd9a729c9408096dd1d3d1540dcef | HTTP GET /api/notifications/unread-count responded 200 in 107.5444 ms
2026-04-21 22:40:20.386 +05:30 [INF] SmsApi.Middleware.LoggingActionFilter | CorrelationId:f967698312024a88bc3c80a2ab112f20 | API Request: GET /api/LeaveManagement/my-requests | User: Unknown | School: 550e8400-e29b-41d4-a716-446655440000
2026-04-21 22:40:20.420 +05:30 [INF] SmsApi.Middleware.LoggingActionFilter | CorrelationId:b0cc4f509293495c863481895ba9579d | API Request: GET /api/Announcements | User: Unknown | School: 550e8400-e29b-41d4-a716-446655440000
2026-04-21 22:40:20.460 +05:30 [INF] SmsApi.Middleware.LoggingActionFilter | CorrelationId:5c71ee25eb894ab9bbc331cece1eb28a | API Request: GET /api/communication/staff/messages-sent | User: Unknown | School: 550e8400-e29b-41d4-a716-446655440000
2026-04-21 22:40:20.479 +05:30 [INF] SmsApi.Middleware.LoggingActionFilter | CorrelationId:14a55630c2944055897df7b6dd4e7503 | API Request: GET /api/academics/my-class-assignments | User: Unknown | School: 550e8400-e29b-41d4-a716-446655440000
2026-04-21 22:40:20.631 +05:30 [INF] SmsApi.Middleware.LoggingActionFilter | CorrelationId:5c71ee25eb894ab9bbc331cece1eb28a | API Response: GET /api/communication/staff/messages-sent | Status: 200 | Duration: 171ms
2026-04-21 22:40:20.675 +05:30 [INF] SmsApi.Middleware.LoggingActionFilter | CorrelationId:f967698312024a88bc3c80a2ab112f20 | API Response: GET /api/LeaveManagement/my-requests | Status: 200 | Duration: 289ms
2026-04-21 22:40:20.681 +05:30 [INF] SmsApi.Middleware.LoggingActionFilter | CorrelationId:aa0e0cfe0d5a458e8676a8567e47284c | API Response: GET /api/academics/my-class-assignments | Status: 200 | Duration: 430ms
2026-04-21 22:40:20.681 +05:30 [INF] SmsApi.Middleware.LoggingActionFilter | CorrelationId:14a55630c2944055897df7b6dd4e7503 | API Response: GET /api/academics/my-class-assignments | Status: 200 | Duration: 201ms
2026-04-21 22:40:20.698 +05:30 [INF] Serilog.AspNetCore.RequestLoggingMiddleware | CorrelationId:5c71ee25eb894ab9bbc331cece1eb28a | HTTP GET /api/communication/staff/messages-sent responded 200 in 254.8096 ms
2026-04-21 22:40:20.729 +05:30 [INF] Serilog.AspNetCore.RequestLoggingMiddleware | CorrelationId:f967698312024a88bc3c80a2ab112f20 | HTTP GET /api/LeaveManagement/my-requests responded 200 in 359.5718 ms
2026-04-21 22:40:20.739 +05:30 [INF] Serilog.AspNetCore.RequestLoggingMiddleware | CorrelationId:aa0e0cfe0d5a458e8676a8567e47284c | HTTP GET /api/academics/my-class-assignments responded 200 in 497.6860 ms
2026-04-21 22:40:20.757 +05:30 [INF] SmsApi.Middleware.LoggingActionFilter | CorrelationId:00b9d998ae9d49d698826f4bc5b017c8 | API Response: GET /api/communication/staff/class-students | Status: 200 | Duration: 477ms
2026-04-21 22:40:20.761 +05:30 [INF] Serilog.AspNetCore.RequestLoggingMiddleware | CorrelationId:14a55630c2944055897df7b6dd4e7503 | HTTP GET /api/academics/my-class-assignments responded 200 in 284.5025 ms
2026-04-21 22:40:20.780 +05:30 [INF] SmsApi.Middleware.LoggingActionFilter | CorrelationId:bda30cca11dc4ceab2dde4eb4dd9f235 | API Request: GET /api/communication/staff/class-students | User: Unknown | School: 550e8400-e29b-41d4-a716-446655440000
2026-04-21 22:40:20.796 +05:30 [INF] SmsApi.Middleware.LoggingActionFilter | CorrelationId:37c7258af2354aa6b9053dad19bf4d48 | API Request: GET /api/LeaveManagement/my-requests | User: Unknown | School: 550e8400-e29b-41d4-a716-446655440000
2026-04-21 22:40:20.814 +05:30 [INF] SmsApi.Middleware.LoggingActionFilter | CorrelationId:eb4105fc2409497e8126cbcbc1192a8f | API Request: GET /api/Announcements | User: Unknown | School: 550e8400-e29b-41d4-a716-446655440000
2026-04-21 22:40:20.824 +05:30 [INF] Serilog.AspNetCore.RequestLoggingMiddleware | CorrelationId:00b9d998ae9d49d698826f4bc5b017c8 | HTTP GET /api/communication/staff/class-students responded 200 in 570.5354 ms
2026-04-21 22:40:20.838 +05:30 [INF] SmsApi.Middleware.LoggingActionFilter | CorrelationId:b0cc4f509293495c863481895ba9579d | API Response: GET /api/Announcements | Status: 200 | Duration: 417ms
2026-04-21 22:40:20.856 +05:30 [INF] SmsApi.Middleware.LoggingActionFilter | CorrelationId:45a6b0de8dad49b2b955e3a2730ad7f4 | API Request: GET /api/communication/staff/messages-sent | User: Unknown | School: 550e8400-e29b-41d4-a716-446655440000
2026-04-21 22:40:20.887 +05:30 [INF] SmsApi.Middleware.LoggingActionFilter | CorrelationId:bda30cca11dc4ceab2dde4eb4dd9f235 | API Response: GET /api/communication/staff/class-students | Status: 200 | Duration: 106ms
2026-04-21 22:40:20.897 +05:30 [INF] SmsApi.Middleware.LoggingActionFilter | CorrelationId:37c7258af2354aa6b9053dad19bf4d48 | API Response: GET /api/LeaveManagement/my-requests | Status: 200 | Duration: 100ms
2026-04-21 22:40:20.907 +05:30 [INF] SmsApi.Middleware.LoggingActionFilter | CorrelationId:eb4105fc2409497e8126cbcbc1192a8f | API Response: GET /api/Announcements | Status: 200 | Duration: 92ms
2026-04-21 22:40:20.909 +05:30 [WRN] SmsApi.Infrastructure.Performance.PerformanceMonitoringMiddleware | CorrelationId: | Slow request: GET /api/communication/staff/class-students took 570ms — status 200.
2026-04-21 22:40:20.922 +05:30 [INF] Serilog.AspNetCore.RequestLoggingMiddleware | CorrelationId:b0cc4f509293495c863481895ba9579d | HTTP GET /api/Announcements responded 200 in 521.7087 ms
2026-04-21 22:40:20.937 +05:30 [INF] SmsApi.Middleware.LoggingActionFilter | CorrelationId:45a6b0de8dad49b2b955e3a2730ad7f4 | API Response: GET /api/communication/staff/messages-sent | Status: 200 | Duration: 80ms
2026-04-21 22:40:20.938 +05:30 [INF] Serilog.AspNetCore.RequestLoggingMiddleware | CorrelationId:bda30cca11dc4ceab2dde4eb4dd9f235 | HTTP GET /api/communication/staff/class-students responded 200 in 165.9951 ms
2026-04-21 22:40:20.943 +05:30 [INF] Serilog.AspNetCore.RequestLoggingMiddleware | CorrelationId:37c7258af2354aa6b9053dad19bf4d48 | HTTP GET /api/LeaveManagement/my-requests responded 200 in 149.6258 ms
2026-04-21 22:40:20.949 +05:30 [INF] Serilog.AspNetCore.RequestLoggingMiddleware | CorrelationId:eb4105fc2409497e8126cbcbc1192a8f | HTTP GET /api/Announcements responded 200 in 136.8641 ms
2026-04-21 22:40:20.959 +05:30 [WRN] SmsApi.Infrastructure.Performance.PerformanceMonitoringMiddleware | CorrelationId: | Slow request: GET /api/Announcements took 521ms — status 200.
2026-04-21 22:40:20.962 +05:30 [INF] Serilog.AspNetCore.RequestLoggingMiddleware | CorrelationId:45a6b0de8dad49b2b955e3a2730ad7f4 | HTTP GET /api/communication/staff/messages-sent responded 200 in 109.3370 ms
2026-04-21 22:40:24.430 +05:30 [INF] Serilog.AspNetCore.RequestLoggingMiddleware | CorrelationId:2465832a67b04f3a862bbd5536272fb0 | HTTP OPTIONS /api/academics/my-class-assignments responded 204 in 0.0383 ms
2026-04-21 22:40:24.431 +05:30 [INF] Serilog.AspNetCore.RequestLoggingMiddleware | CorrelationId:5ccf0ca0a5cf4a148ba038e5d2c6a14b | HTTP OPTIONS /api/academics/my-class-assignments responded 204 in 0.0208 ms
2026-04-21 22:40:24.489 +05:30 [INF] SmsApi.Middleware.LoggingActionFilter | CorrelationId:1bb3682b41f74da1a9a942bbde4bd444 | API Request: GET /api/academics/my-class-assignments | User: Unknown | School: 550e8400-e29b-41d4-a716-446655440000
2026-04-21 22:40:24.497 +05:30 [INF] SmsApi.Middleware.LoggingActionFilter | CorrelationId:f1e9d71cc90a457dad5504f314cf081a | API Request: GET /api/academics/my-class-assignments | User: Unknown | School: 550e8400-e29b-41d4-a716-446655440000
2026-04-21 22:40:24.507 +05:30 [INF] SmsApi.Middleware.LoggingActionFilter | CorrelationId:1bb3682b41f74da1a9a942bbde4bd444 | API Response: GET /api/academics/my-class-assignments | Status: 200 | Duration: 17ms
2026-04-21 22:40:24.513 +05:30 [INF] Serilog.AspNetCore.RequestLoggingMiddleware | CorrelationId:1bb3682b41f74da1a9a942bbde4bd444 | HTTP GET /api/academics/my-class-assignments responded 200 in 27.7375 ms
2026-04-21 22:40:24.515 +05:30 [INF] SmsApi.Middleware.LoggingActionFilter | CorrelationId:f1e9d71cc90a457dad5504f314cf081a | API Response: GET /api/academics/my-class-assignments | Status: 200 | Duration: 18ms
2026-04-21 22:40:24.551 +05:30 [INF] Serilog.AspNetCore.RequestLoggingMiddleware | CorrelationId:f1e9d71cc90a457dad5504f314cf081a | HTTP GET /api/academics/my-class-assignments responded 200 in 54.8315 ms
2026-04-21 22:40:26.078 +05:30 [INF] Serilog.AspNetCore.RequestLoggingMiddleware | CorrelationId:3707c270629647aebe4b3e8f783a5513 | HTTP OPTIONS /api/academics/my-class-assignments responded 204 in 0.0413 ms
2026-04-21 22:40:26.082 +05:30 [INF] Serilog.AspNetCore.RequestLoggingMiddleware | CorrelationId:438bd77c13ad43379a23bab8c772681f | HTTP OPTIONS /api/academics/my-class-assignments responded 204 in 0.0471 ms
2026-04-21 22:40:26.117 +05:30 [INF] SmsApi.Middleware.LoggingActionFilter | CorrelationId:f6c3e91e4c044e74ab4ebed2510d8dd4 | API Request: GET /api/academics/my-class-assignments | User: Unknown | School: 550e8400-e29b-41d4-a716-446655440000
2026-04-21 22:40:26.125 +05:30 [INF] SmsApi.Middleware.LoggingActionFilter | CorrelationId:ef0a0b3945fc47f9a9d5620d97ebe898 | API Request: GET /api/academics/my-class-assignments | User: Unknown | School: 550e8400-e29b-41d4-a716-446655440000
2026-04-21 22:40:26.141 +05:30 [INF] SmsApi.Middleware.LoggingActionFilter | CorrelationId:ef0a0b3945fc47f9a9d5620d97ebe898 | API Response: GET /api/academics/my-class-assignments | Status: 200 | Duration: 16ms
2026-04-21 22:40:26.141 +05:30 [INF] SmsApi.Middleware.LoggingActionFilter | CorrelationId:f6c3e91e4c044e74ab4ebed2510d8dd4 | API Response: GET /api/academics/my-class-assignments | Status: 200 | Duration: 23ms
2026-04-21 22:40:26.152 +05:30 [INF] Serilog.AspNetCore.RequestLoggingMiddleware | CorrelationId:ef0a0b3945fc47f9a9d5620d97ebe898 | HTTP GET /api/academics/my-class-assignments responded 200 in 27.1506 ms
2026-04-21 22:40:26.157 +05:30 [INF] Serilog.AspNetCore.RequestLoggingMiddleware | CorrelationId:f6c3e91e4c044e74ab4ebed2510d8dd4 | HTTP GET /api/academics/my-class-assignments responded 200 in 42.8706 ms
2026-04-21 22:40:26.196 +05:30 [INF] Serilog.AspNetCore.RequestLoggingMiddleware | CorrelationId:a8ae6c7514884124b63565dbb9fae89a | HTTP OPTIONS /api/academics/classes/7e8c2747-32a7-41b8-8a21-2114213b8219/subjects responded 204 in 0.0353 ms
2026-04-21 22:40:26.196 +05:30 [INF] Serilog.AspNetCore.RequestLoggingMiddleware | CorrelationId:0bafdd1bae4a456387fcd8c814e2cffb | HTTP OPTIONS /api/grades/categories responded 204 in 0.0348 ms
2026-04-21 22:40:26.199 +05:30 [INF] Serilog.AspNetCore.RequestLoggingMiddleware | CorrelationId:11443a7b110e4bc9aa27d3aaceee9263 | HTTP OPTIONS /api/students responded 204 in 0.0772 ms
2026-04-21 22:40:26.225 +05:30 [INF] Serilog.AspNetCore.RequestLoggingMiddleware | CorrelationId:116e3aeea22c4a32a6d5b027197c243d | HTTP OPTIONS /api/academics/classes/7e8c2747-32a7-41b8-8a21-2114213b8219/subjects responded 204 in 0.0471 ms
2026-04-21 22:40:26.225 +05:30 [INF] Serilog.AspNetCore.RequestLoggingMiddleware | CorrelationId:013197dfa10a4c0f983523a21ba22299 | HTTP OPTIONS /api/grades/categories responded 204 in 0.0209 ms
2026-04-21 22:40:26.227 +05:30 [INF] Serilog.AspNetCore.RequestLoggingMiddleware | CorrelationId:34d94997da7e44f28615e052005c1d57 | HTTP OPTIONS /api/students responded 204 in 0.0260 ms
2026-04-21 22:40:26.262 +05:30 [INF] SmsApi.Middleware.LoggingActionFilter | CorrelationId:d0a9127fab5040a6b6766b3153b7b3d5 | API Request: GET /api/academics/classes/7e8c2747-32a7-41b8-8a21-2114213b8219/subjects | User: Unknown | School: 550e8400-e29b-41d4-a716-446655440000
2026-04-21 22:40:26.275 +05:30 [INF] SmsApi.Middleware.LoggingActionFilter | CorrelationId:3ad4535d4a0e4e8ea16ed6d7c577938e | API Request: GET /api/grades/categories | User: Unknown | School: 550e8400-e29b-41d4-a716-446655440000
2026-04-21 22:40:26.282 +05:30 [INF] SmsApi.Middleware.LoggingActionFilter | CorrelationId:bf3d6d5143a440539832eee43870d55b | API Request: GET /api/students | User: Unknown | School: 550e8400-e29b-41d4-a716-446655440000
2026-04-21 22:40:26.298 +05:30 [INF] SmsApi.Middleware.LoggingActionFilter | CorrelationId:27fe5c8935ef49b7b22a91f6bc5111ad | API Request: GET /api/academics/classes/7e8c2747-32a7-41b8-8a21-2114213b8219/subjects | User: Unknown | School: 550e8400-e29b-41d4-a716-446655440000
2026-04-21 22:40:26.309 +05:30 [INF] SmsApi.Middleware.LoggingActionFilter | CorrelationId:cc0f3029d8dc499b9aa7224ffc0db0ed | API Request: GET /api/grades/categories | User: Unknown | School: 550e8400-e29b-41d4-a716-446655440000
2026-04-21 22:40:26.322 +05:30 [INF] SmsApi.Middleware.LoggingActionFilter | CorrelationId:155ce671db0143118fd4f0214d482760 | API Request: GET /api/students | User: Unknown | School: 550e8400-e29b-41d4-a716-446655440000
2026-04-21 22:40:26.371 +05:30 [INF] SmsApi.Middleware.LoggingActionFilter | CorrelationId:bf3d6d5143a440539832eee43870d55b | API Response: GET /api/students | Status: 200 | Duration: 89ms
2026-04-21 22:40:26.396 +05:30 [INF] SmsApi.Middleware.LoggingActionFilter | CorrelationId:27fe5c8935ef49b7b22a91f6bc5111ad | API Response: GET /api/academics/classes/7e8c2747-32a7-41b8-8a21-2114213b8219/subjects | Status: 200 | Duration: 98ms
2026-04-21 22:40:26.397 +05:30 [INF] SmsApi.Middleware.LoggingActionFilter | CorrelationId:d0a9127fab5040a6b6766b3153b7b3d5 | API Response: GET /api/academics/classes/7e8c2747-32a7-41b8-8a21-2114213b8219/subjects | Status: 200 | Duration: 135ms
2026-04-21 22:40:26.428 +05:30 [INF] Serilog.AspNetCore.RequestLoggingMiddleware | CorrelationId:d0a9127fab5040a6b6766b3153b7b3d5 | HTTP GET /api/academics/classes/7e8c2747-32a7-41b8-8a21-2114213b8219/subjects responded 200 in 182.5680 ms
2026-04-21 22:40:26.414 +05:30 [INF] Serilog.AspNetCore.RequestLoggingMiddleware | CorrelationId:bf3d6d5143a440539832eee43870d55b | HTTP GET /api/students responded 200 in 135.8465 ms
2026-04-21 22:40:26.415 +05:30 [INF] SmsApi.Middleware.LoggingActionFilter | CorrelationId:3ad4535d4a0e4e8ea16ed6d7c577938e | API Response: GET /api/grades/categories | Status: 200 | Duration: 140ms
2026-04-21 22:40:26.416 +05:30 [INF] SmsApi.Middleware.LoggingActionFilter | CorrelationId:cc0f3029d8dc499b9aa7224ffc0db0ed | API Response: GET /api/grades/categories | Status: 200 | Duration: 106ms
2026-04-21 22:40:26.422 +05:30 [INF] Serilog.AspNetCore.RequestLoggingMiddleware | CorrelationId:27fe5c8935ef49b7b22a91f6bc5111ad | HTTP GET /api/academics/classes/7e8c2747-32a7-41b8-8a21-2114213b8219/subjects responded 200 in 124.8196 ms
2026-04-21 22:40:26.413 +05:30 [INF] SmsApi.Middleware.LoggingActionFilter | CorrelationId:155ce671db0143118fd4f0214d482760 | API Response: GET /api/students | Status: 200 | Duration: 91ms
2026-04-21 22:40:26.478 +05:30 [INF] Serilog.AspNetCore.RequestLoggingMiddleware | CorrelationId:cc0f3029d8dc499b9aa7224ffc0db0ed | HTTP GET /api/grades/categories responded 200 in 170.8509 ms
2026-04-21 22:40:26.483 +05:30 [INF] Serilog.AspNetCore.RequestLoggingMiddleware | CorrelationId:3ad4535d4a0e4e8ea16ed6d7c577938e | HTTP GET /api/grades/categories responded 200 in 228.4799 ms
2026-04-21 22:40:26.500 +05:30 [INF] Serilog.AspNetCore.RequestLoggingMiddleware | CorrelationId:155ce671db0143118fd4f0214d482760 | HTTP GET /api/students responded 200 in 183.3673 ms
2026-04-21 22:40:30.986 +05:30 [INF] Serilog.AspNetCore.RequestLoggingMiddleware | CorrelationId:b44078e850874d7e848885a442f9ed16 | HTTP OPTIONS /api/academics/my-class-assignments responded 204 in 0.0430 ms
2026-04-21 22:40:30.986 +05:30 [INF] Serilog.AspNetCore.RequestLoggingMiddleware | CorrelationId:355f9ea0b97c4d1286da7185cc3bac04 | HTTP OPTIONS /api/academics/my-class-assignments responded 204 in 0.0089 ms
2026-04-21 22:40:31.026 +05:30 [INF] SmsApi.Middleware.LoggingActionFilter | CorrelationId:58cf7aefd4664e53b857c30946798a85 | API Request: GET /api/academics/my-class-assignments | User: Unknown | School: 550e8400-e29b-41d4-a716-446655440000
2026-04-21 22:40:31.030 +05:30 [INF] SmsApi.Middleware.LoggingActionFilter | CorrelationId:91518e5ab8064ebdb8d322c6bf90d760 | API Request: GET /api/academics/my-class-assignments | User: Unknown | School: 550e8400-e29b-41d4-a716-446655440000
2026-04-21 22:40:31.042 +05:30 [INF] SmsApi.Middleware.LoggingActionFilter | CorrelationId:58cf7aefd4664e53b857c30946798a85 | API Response: GET /api/academics/my-class-assignments | Status: 200 | Duration: 15ms
2026-04-21 22:40:31.064 +05:30 [INF] SmsApi.Middleware.LoggingActionFilter | CorrelationId:91518e5ab8064ebdb8d322c6bf90d760 | API Response: GET /api/academics/my-class-assignments | Status: 200 | Duration: 34ms
2026-04-21 22:40:31.070 +05:30 [INF] Serilog.AspNetCore.RequestLoggingMiddleware | CorrelationId:58cf7aefd4664e53b857c30946798a85 | HTTP GET /api/academics/my-class-assignments responded 200 in 46.9518 ms
2026-04-21 22:40:31.074 +05:30 [INF] Serilog.AspNetCore.RequestLoggingMiddleware | CorrelationId:91518e5ab8064ebdb8d322c6bf90d760 | HTTP GET /api/academics/my-class-assignments responded 200 in 44.6305 ms
2026-04-21 22:40:32.167 +05:30 [INF] Serilog.AspNetCore.RequestLoggingMiddleware | CorrelationId:33d371dfa66a4201b41dd4cdae545345 | HTTP OPTIONS /api/academics/my-class-assignments responded 204 in 0.0669 ms
2026-04-21 22:40:32.167 +05:30 [INF] Serilog.AspNetCore.RequestLoggingMiddleware | CorrelationId:32d2193c306b4919b71ec87199a700b7 | HTTP OPTIONS /api/academics/my-class-assignments responded 204 in 0.0145 ms
2026-04-21 22:40:32.226 +05:30 [INF] SmsApi.Middleware.LoggingActionFilter | CorrelationId:49e644aa60434beeac95d03960e52508 | API Request: GET /api/academics/my-class-assignments | User: Unknown | School: 550e8400-e29b-41d4-a716-446655440000
2026-04-21 22:40:32.233 +05:30 [INF] SmsApi.Middleware.LoggingActionFilter | CorrelationId:91dfd848ae0b4beca0c67d9dd6508e16 | API Request: GET /api/academics/my-class-assignments | User: Unknown | School: 550e8400-e29b-41d4-a716-446655440000
2026-04-21 22:40:32.273 +05:30 [INF] SmsApi.Middleware.LoggingActionFilter | CorrelationId:49e644aa60434beeac95d03960e52508 | API Response: GET /api/academics/my-class-assignments | Status: 200 | Duration: 47ms
2026-04-21 22:40:32.282 +05:30 [INF] SmsApi.Middleware.LoggingActionFilter | CorrelationId:91dfd848ae0b4beca0c67d9dd6508e16 | API Response: GET /api/academics/my-class-assignments | Status: 200 | Duration: 49ms
2026-04-21 22:40:32.291 +05:30 [INF] Serilog.AspNetCore.RequestLoggingMiddleware | CorrelationId:49e644aa60434beeac95d03960e52508 | HTTP GET /api/academics/my-class-assignments responded 200 in 65.3349 ms
2026-04-21 22:40:32.300 +05:30 [INF] Serilog.AspNetCore.RequestLoggingMiddleware | CorrelationId:91dfd848ae0b4beca0c67d9dd6508e16 | HTTP GET /api/academics/my-class-assignments responded 200 in 68.0265 ms
2026-04-21 22:40:32.334 +05:30 [INF] Serilog.AspNetCore.RequestLoggingMiddleware | CorrelationId:477ed1ac034148249dbf7c89fe340266 | HTTP OPTIONS /api/students responded 204 in 0.0400 ms
2026-04-21 22:40:32.361 +05:30 [INF] Serilog.AspNetCore.RequestLoggingMiddleware | CorrelationId:c1db125396ed41debe0c156c52111b64 | HTTP OPTIONS /api/students responded 204 in 0.0435 ms
2026-04-21 22:40:32.373 +05:30 [INF] SmsApi.Middleware.LoggingActionFilter | CorrelationId:1d001654e07d4646a0cae41d4b394155 | API Request: GET /api/students | User: Unknown | School: 550e8400-e29b-41d4-a716-446655440000
2026-04-21 22:40:32.388 +05:30 [INF] SmsApi.Middleware.LoggingActionFilter | CorrelationId:9641f11e63be486ca57ecca770ee43bf | API Request: GET /api/students | User: Unknown | School: 550e8400-e29b-41d4-a716-446655440000
2026-04-21 22:40:32.402 +05:30 [INF] SmsApi.Middleware.LoggingActionFilter | CorrelationId:1d001654e07d4646a0cae41d4b394155 | API Response: GET /api/students | Status: 200 | Duration: 28ms
2026-04-21 22:40:32.403 +05:30 [INF] SmsApi.Middleware.LoggingActionFilter | CorrelationId:9641f11e63be486ca57ecca770ee43bf | API Response: GET /api/students | Status: 200 | Duration: 15ms
2026-04-21 22:40:32.408 +05:30 [INF] Serilog.AspNetCore.RequestLoggingMiddleware | CorrelationId:1d001654e07d4646a0cae41d4b394155 | HTTP GET /api/students responded 200 in 38.8030 ms
2026-04-21 22:40:32.412 +05:30 [INF] Serilog.AspNetCore.RequestLoggingMiddleware | CorrelationId:9641f11e63be486ca57ecca770ee43bf | HTTP GET /api/students responded 200 in 33.2696 ms
2026-04-21 22:40:32.445 +05:30 [INF] Serilog.AspNetCore.RequestLoggingMiddleware | CorrelationId:67303422d19c4d638ba98a9a59644e05 | HTTP OPTIONS /api/Attendance/records responded 204 in 0.0374 ms
2026-04-21 22:40:32.482 +05:30 [INF] Serilog.AspNetCore.RequestLoggingMiddleware | CorrelationId:0a4ff49b56124b79918f3bd95377a3fb | HTTP OPTIONS /api/Attendance/records responded 204 in 0.0823 ms
2026-04-21 22:40:32.638 +05:30 [INF] SmsApi.Middleware.LoggingActionFilter | CorrelationId:26b22fafcdae44078a3be4dd6e42dfff | API Request: GET /api/Attendance/records | User: Unknown | School: 550e8400-e29b-41d4-a716-446655440000
2026-04-21 22:40:32.644 +05:30 [INF] SmsApi.Middleware.LoggingActionFilter | CorrelationId:3a374dcae6eb4ab4adfb46c1468a5707 | API Request: GET /api/Attendance/records | User: Unknown | School: 550e8400-e29b-41d4-a716-446655440000
2026-04-21 22:40:32.668 +05:30 [INF] SmsApi.Middleware.LoggingActionFilter | CorrelationId:26b22fafcdae44078a3be4dd6e42dfff | API Response: GET /api/Attendance/records | Status: 200 | Duration: 29ms
2026-04-21 22:40:32.675 +05:30 [INF] Serilog.AspNetCore.RequestLoggingMiddleware | CorrelationId:26b22fafcdae44078a3be4dd6e42dfff | HTTP GET /api/Attendance/records responded 200 in 42.4078 ms
2026-04-21 22:40:32.677 +05:30 [INF] SmsApi.Middleware.LoggingActionFilter | CorrelationId:3a374dcae6eb4ab4adfb46c1468a5707 | API Response: GET /api/Attendance/records | Status: 200 | Duration: 33ms
2026-04-21 22:40:32.691 +05:30 [INF] Serilog.AspNetCore.RequestLoggingMiddleware | CorrelationId:3a374dcae6eb4ab4adfb46c1468a5707 | HTTP GET /api/Attendance/records responded 200 in 48.9115 ms
2026-04-21 22:40:35.384 +05:30 [INF] Serilog.AspNetCore.RequestLoggingMiddleware | CorrelationId:9f1d351cea0c4fe18e4729f4ca01d277 | HTTP OPTIONS /api/communication/staff/class-students responded 204 in 0.0417 ms
2026-04-21 22:40:35.385 +05:30 [INF] Serilog.AspNetCore.RequestLoggingMiddleware | CorrelationId:823542da403d42fca6714c7dc723a221 | HTTP OPTIONS /api/communication/staff/messages-sent responded 204 in 0.0244 ms
2026-04-21 22:40:35.394 +05:30 [INF] Serilog.AspNetCore.RequestLoggingMiddleware | CorrelationId:cb3c3c1a78e14d88b4f1ce9b576550c3 | HTTP OPTIONS /api/communication/staff/class-students responded 204 in 0.0434 ms
2026-04-21 22:40:35.394 +05:30 [INF] Serilog.AspNetCore.RequestLoggingMiddleware | CorrelationId:3cc441d460044e08b359115043c9b1a2 | HTTP OPTIONS /api/communication/staff/messages-sent responded 204 in 0.0100 ms
2026-04-21 22:40:35.418 +05:30 [INF] SmsApi.Middleware.LoggingActionFilter | CorrelationId:0632caaff5214382bb7e60d17fb2016b | API Request: GET /api/communication/staff/class-students | User: Unknown | School: 550e8400-e29b-41d4-a716-446655440000
2026-04-21 22:40:35.429 +05:30 [INF] SmsApi.Middleware.LoggingActionFilter | CorrelationId:b919827435c94f11a2660699c5a8deb6 | API Request: GET /api/communication/staff/messages-sent | User: Unknown | School: 550e8400-e29b-41d4-a716-446655440000
2026-04-21 22:40:35.441 +05:30 [INF] SmsApi.Middleware.LoggingActionFilter | CorrelationId:ed889f927ae74abaaea6ba0a625128a6 | API Request: GET /api/communication/staff/class-students | User: Unknown | School: 550e8400-e29b-41d4-a716-446655440000
2026-04-21 22:40:35.451 +05:30 [INF] SmsApi.Middleware.LoggingActionFilter | CorrelationId:c13566fb6f85426cb4823da5b548eda0 | API Request: GET /api/communication/staff/messages-sent | User: Unknown | School: 550e8400-e29b-41d4-a716-446655440000
2026-04-21 22:40:35.475 +05:30 [INF] SmsApi.Middleware.LoggingActionFilter | CorrelationId:0632caaff5214382bb7e60d17fb2016b | API Response: GET /api/communication/staff/class-students | Status: 200 | Duration: 57ms
2026-04-21 22:40:35.484 +05:30 [INF] SmsApi.Middleware.LoggingActionFilter | CorrelationId:b919827435c94f11a2660699c5a8deb6 | API Response: GET /api/communication/staff/messages-sent | Status: 200 | Duration: 54ms
2026-04-21 22:40:35.495 +05:30 [INF] SmsApi.Middleware.LoggingActionFilter | CorrelationId:ed889f927ae74abaaea6ba0a625128a6 | API Response: GET /api/communication/staff/class-students | Status: 200 | Duration: 54ms
2026-04-21 22:40:35.501 +05:30 [INF] SmsApi.Middleware.LoggingActionFilter | CorrelationId:c13566fb6f85426cb4823da5b548eda0 | API Response: GET /api/communication/staff/messages-sent | Status: 200 | Duration: 49ms
2026-04-21 22:40:35.505 +05:30 [INF] Serilog.AspNetCore.RequestLoggingMiddleware | CorrelationId:0632caaff5214382bb7e60d17fb2016b | HTTP GET /api/communication/staff/class-students responded 200 in 91.7665 ms
2026-04-21 22:40:35.515 +05:30 [INF] Serilog.AspNetCore.RequestLoggingMiddleware | CorrelationId:b919827435c94f11a2660699c5a8deb6 | HTTP GET /api/communication/staff/messages-sent responded 200 in 93.1012 ms
2026-04-21 22:40:35.522 +05:30 [INF] Serilog.AspNetCore.RequestLoggingMiddleware | CorrelationId:ed889f927ae74abaaea6ba0a625128a6 | HTTP GET /api/communication/staff/class-students responded 200 in 87.1472 ms
2026-04-21 22:40:35.540 +05:30 [INF] Serilog.AspNetCore.RequestLoggingMiddleware | CorrelationId:c13566fb6f85426cb4823da5b548eda0 | HTTP GET /api/communication/staff/messages-sent responded 200 in 91.1588 ms
2026-04-21 22:40:38.124 +05:30 [INF] Serilog.AspNetCore.RequestLoggingMiddleware | CorrelationId:833f709be252426b9383a17a375e4aba | HTTP OPTIONS /api/academics/my-class-assignments responded 204 in 0.0591 ms
2026-04-21 22:40:38.124 +05:30 [INF] Serilog.AspNetCore.RequestLoggingMiddleware | CorrelationId:8258f0624d034397b7f013302c8e390b | HTTP OPTIONS /api/academics/my-class-assignments responded 204 in 0.1965 ms
2026-04-21 22:40:38.138 +05:30 [INF] SmsApi.Middleware.LoggingActionFilter | CorrelationId:0da856d80aff4f0a9245917db59e1495 | API Request: GET /api/academics/my-class-assignments | User: Unknown | School: 550e8400-e29b-41d4-a716-446655440000
2026-04-21 22:40:38.162 +05:30 [INF] SmsApi.Middleware.LoggingActionFilter | CorrelationId:6a08f802b8894cfd80df5d2ac999da7f | API Request: GET /api/academics/my-class-assignments | User: Unknown | School: 550e8400-e29b-41d4-a716-446655440000
2026-04-21 22:40:38.182 +05:30 [INF] SmsApi.Middleware.LoggingActionFilter | CorrelationId:0da856d80aff4f0a9245917db59e1495 | API Response: GET /api/academics/my-class-assignments | Status: 200 | Duration: 43ms
2026-04-21 22:40:38.190 +05:30 [INF] SmsApi.Middleware.LoggingActionFilter | CorrelationId:6a08f802b8894cfd80df5d2ac999da7f | API Response: GET /api/academics/my-class-assignments | Status: 200 | Duration: 28ms
2026-04-21 22:40:38.194 +05:30 [INF] Serilog.AspNetCore.RequestLoggingMiddleware | CorrelationId:0da856d80aff4f0a9245917db59e1495 | HTTP GET /api/academics/my-class-assignments responded 200 in 56.0734 ms
2026-04-21 22:40:38.207 +05:30 [INF] Serilog.AspNetCore.RequestLoggingMiddleware | CorrelationId:6a08f802b8894cfd80df5d2ac999da7f | HTTP GET /api/academics/my-class-assignments responded 200 in 46.0473 ms
2026-04-21 22:40:39.971 +05:30 [INF] Serilog.AspNetCore.RequestLoggingMiddleware | CorrelationId:9c5ad979759e448fb12ea3fc79799671 | HTTP OPTIONS /api/academics/my-class-assignments responded 204 in 0.0789 ms
2026-04-21 22:40:39.973 +05:30 [INF] Serilog.AspNetCore.RequestLoggingMiddleware | CorrelationId:712c484715fe4747b743ee66bed2380d | HTTP OPTIONS /api/communication/staff/class-students responded 204 in 0.0680 ms
2026-04-21 22:40:39.974 +05:30 [INF] Serilog.AspNetCore.RequestLoggingMiddleware | CorrelationId:c5a2c0cf749b4614bd7899ff6222de70 | HTTP OPTIONS /api/LeaveManagement/my-requests responded 204 in 0.0153 ms
2026-04-21 22:40:39.974 +05:30 [INF] Serilog.AspNetCore.RequestLoggingMiddleware | CorrelationId:98f654d8d0134c0d8c18454577ef5a6b | HTTP OPTIONS /api/Announcements responded 204 in 0.0143 ms
2026-04-21 22:40:39.974 +05:30 [INF] Serilog.AspNetCore.RequestLoggingMiddleware | CorrelationId:7b3a95f6ea6d4a7d809a51696a3f65f8 | HTTP OPTIONS /api/academics/my-class-assignments responded 204 in 0.0174 ms
2026-04-21 22:40:39.974 +05:30 [INF] Serilog.AspNetCore.RequestLoggingMiddleware | CorrelationId:32cb5b27393e4638804fadc7b63280dd | HTTP OPTIONS /api/communication/staff/messages-sent responded 204 in 0.0213 ms
2026-04-21 22:40:40.019 +05:30 [INF] Serilog.AspNetCore.RequestLoggingMiddleware | CorrelationId:25bf7762071b4b54a861ae5b13a183db | HTTP OPTIONS /api/communication/staff/class-students responded 204 in 0.0549 ms
2026-04-21 22:40:40.022 +05:30 [INF] Serilog.AspNetCore.RequestLoggingMiddleware | CorrelationId:2b6caf05479647a7b34476cc758f584b | HTTP OPTIONS /api/LeaveManagement/my-requests responded 204 in 0.0380 ms
2026-04-21 22:40:40.035 +05:30 [INF] Serilog.AspNetCore.RequestLoggingMiddleware | CorrelationId:4dda24f5301f4017a5e1825d0cb1a719 | HTTP OPTIONS /api/Announcements responded 204 in 0.0404 ms
2026-04-21 22:40:40.044 +05:30 [INF] Serilog.AspNetCore.RequestLoggingMiddleware | CorrelationId:4a46d48d875344e8ad3b22d4f2e89563 | HTTP OPTIONS /api/communication/staff/messages-sent responded 204 in 0.0529 ms
2026-04-21 22:40:40.054 +05:30 [INF] SmsApi.Middleware.LoggingActionFilter | CorrelationId:a8289ac7b1e846f0898688dcd011a542 | API Request: GET /api/academics/my-class-assignments | User: Unknown | School: 550e8400-e29b-41d4-a716-446655440000
2026-04-21 22:40:40.070 +05:30 [INF] SmsApi.Middleware.LoggingActionFilter | CorrelationId:753b9c9322924d96b29ecc6da746c834 | API Request: GET /api/communication/staff/class-students | User: Unknown | School: 550e8400-e29b-41d4-a716-446655440000
2026-04-21 22:40:40.081 +05:30 [INF] SmsApi.Middleware.LoggingActionFilter | CorrelationId:dc6ed033eef144d2b9f639db33b54af8 | API Request: GET /api/LeaveManagement/my-requests | User: Unknown | School: 550e8400-e29b-41d4-a716-446655440000
2026-04-21 22:40:40.098 +05:30 [INF] SmsApi.Middleware.LoggingActionFilter | CorrelationId:6c7d69f29c2f4323ad81e6efc9e79a78 | API Request: GET /api/Announcements | User: Unknown | School: 550e8400-e29b-41d4-a716-446655440000
2026-04-21 22:40:40.103 +05:30 [INF] SmsApi.Middleware.LoggingActionFilter | CorrelationId:1a2ca0179db646c0a28ceffa5836e61e | API Request: GET /api/academics/my-class-assignments | User: Unknown | School: 550e8400-e29b-41d4-a716-446655440000
2026-04-21 22:40:40.112 +05:30 [INF] SmsApi.Middleware.LoggingActionFilter | CorrelationId:4e335a3e972447bcb340e94e1203981e | API Request: GET /api/communication/staff/messages-sent | User: Unknown | School: 550e8400-e29b-41d4-a716-446655440000
2026-04-21 22:40:40.120 +05:30 [INF] SmsApi.Middleware.LoggingActionFilter | CorrelationId:a8289ac7b1e846f0898688dcd011a542 | API Response: GET /api/academics/my-class-assignments | Status: 200 | Duration: 66ms
2026-04-21 22:40:40.145 +05:30 [INF] SmsApi.Middleware.LoggingActionFilter | CorrelationId:753b9c9322924d96b29ecc6da746c834 | API Response: GET /api/communication/staff/class-students | Status: 200 | Duration: 74ms
2026-04-21 22:40:40.153 +05:30 [INF] SmsApi.Middleware.LoggingActionFilter | CorrelationId:dc6ed033eef144d2b9f639db33b54af8 | API Response: GET /api/LeaveManagement/my-requests | Status: 200 | Duration: 72ms
2026-04-21 22:40:40.161 +05:30 [INF] SmsApi.Middleware.LoggingActionFilter | CorrelationId:1a2ca0179db646c0a28ceffa5836e61e | API Response: GET /api/academics/my-class-assignments | Status: 200 | Duration: 57ms
2026-04-21 22:40:40.203 +05:30 [INF] Serilog.AspNetCore.RequestLoggingMiddleware | CorrelationId:1a2ca0179db646c0a28ceffa5836e61e | HTTP GET /api/academics/my-class-assignments responded 200 in 99.7419 ms
2026-04-21 22:40:40.180 +05:30 [INF] SmsApi.Middleware.LoggingActionFilter | CorrelationId:4e335a3e972447bcb340e94e1203981e | API Response: GET /api/communication/staff/messages-sent | Status: 200 | Duration: 67ms
2026-04-21 22:40:40.182 +05:30 [INF] Serilog.AspNetCore.RequestLoggingMiddleware | CorrelationId:a8289ac7b1e846f0898688dcd011a542 | HTTP GET /api/academics/my-class-assignments responded 200 in 129.0958 ms
2026-04-21 22:40:40.187 +05:30 [INF] Serilog.AspNetCore.RequestLoggingMiddleware | CorrelationId:753b9c9322924d96b29ecc6da746c834 | HTTP GET /api/communication/staff/class-students responded 200 in 123.9053 ms
2026-04-21 22:40:40.192 +05:30 [INF] Serilog.AspNetCore.RequestLoggingMiddleware | CorrelationId:dc6ed033eef144d2b9f639db33b54af8 | HTTP GET /api/LeaveManagement/my-requests responded 200 in 115.4027 ms
2026-04-21 22:40:40.166 +05:30 [INF] SmsApi.Middleware.LoggingActionFilter | CorrelationId:6c7d69f29c2f4323ad81e6efc9e79a78 | API Response: GET /api/Announcements | Status: 200 | Duration: 67ms
2026-04-21 22:40:40.215 +05:30 [INF] SmsApi.Middleware.LoggingActionFilter | CorrelationId:b914d82b7fb64b338f8515990da4cac6 | API Request: GET /api/communication/staff/class-students | User: Unknown | School: 550e8400-e29b-41d4-a716-446655440000
2026-04-21 22:40:40.218 +05:30 [INF] Serilog.AspNetCore.RequestLoggingMiddleware | CorrelationId:4e335a3e972447bcb340e94e1203981e | HTTP GET /api/communication/staff/messages-sent responded 200 in 107.4036 ms
2026-04-21 22:40:40.225 +05:30 [INF] SmsApi.Middleware.LoggingActionFilter | CorrelationId:8e781dcff11549e6995257eae197f38e | API Request: GET /api/LeaveManagement/my-requests | User: Unknown | School: 550e8400-e29b-41d4-a716-446655440000
2026-04-21 22:40:40.249 +05:30 [INF] Serilog.AspNetCore.RequestLoggingMiddleware | CorrelationId:6c7d69f29c2f4323ad81e6efc9e79a78 | HTTP GET /api/Announcements responded 200 in 158.3438 ms
2026-04-21 22:40:40.268 +05:30 [INF] SmsApi.Middleware.LoggingActionFilter | CorrelationId:27deb5739c0f4ef690c182fb0ebb79c5 | API Request: GET /api/communication/staff/messages-sent | User: Unknown | School: 550e8400-e29b-41d4-a716-446655440000
2026-04-21 22:40:40.285 +05:30 [INF] SmsApi.Middleware.LoggingActionFilter | CorrelationId:8258c0d679a4405282d4ea446e9b6d29 | API Request: GET /api/Announcements | User: Unknown | School: 550e8400-e29b-41d4-a716-446655440000
2026-04-21 22:40:40.308 +05:30 [INF] SmsApi.Middleware.LoggingActionFilter | CorrelationId:b914d82b7fb64b338f8515990da4cac6 | API Response: GET /api/communication/staff/class-students | Status: 200 | Duration: 92ms
2026-04-21 22:40:40.312 +05:30 [INF] SmsApi.Middleware.LoggingActionFilter | CorrelationId:8e781dcff11549e6995257eae197f38e | API Response: GET /api/LeaveManagement/my-requests | Status: 200 | Duration: 86ms
2026-04-21 22:40:40.364 +05:30 [INF] Serilog.AspNetCore.RequestLoggingMiddleware | CorrelationId:b914d82b7fb64b338f8515990da4cac6 | HTTP GET /api/communication/staff/class-students responded 200 in 151.0581 ms
2026-04-21 22:40:40.380 +05:30 [INF] SmsApi.Middleware.LoggingActionFilter | CorrelationId:8258c0d679a4405282d4ea446e9b6d29 | API Response: GET /api/Announcements | Status: 200 | Duration: 95ms
2026-04-21 22:40:40.382 +05:30 [INF] SmsApi.Middleware.LoggingActionFilter | CorrelationId:27deb5739c0f4ef690c182fb0ebb79c5 | API Response: GET /api/communication/staff/messages-sent | Status: 200 | Duration: 114ms
2026-04-21 22:40:40.422 +05:30 [INF] Serilog.AspNetCore.RequestLoggingMiddleware | CorrelationId:27deb5739c0f4ef690c182fb0ebb79c5 | HTTP GET /api/communication/staff/messages-sent responded 200 in 155.9608 ms
2026-04-21 22:40:40.417 +05:30 [INF] Serilog.AspNetCore.RequestLoggingMiddleware | CorrelationId:8258c0d679a4405282d4ea446e9b6d29 | HTTP GET /api/Announcements responded 200 in 155.0664 ms
2026-04-21 22:40:40.383 +05:30 [INF] Serilog.AspNetCore.RequestLoggingMiddleware | CorrelationId:8e781dcff11549e6995257eae197f38e | HTTP GET /api/LeaveManagement/my-requests responded 200 in 158.0302 ms
2026-04-21 22:40:42.194 +05:30 [INF] Serilog.AspNetCore.RequestLoggingMiddleware | CorrelationId:9154c2247acf4110aed2d92afb83ab2f | HTTP OPTIONS /api/academics/my-class-assignments responded 204 in 0.0552 ms
2026-04-21 22:40:42.194 +05:30 [INF] Serilog.AspNetCore.RequestLoggingMiddleware | CorrelationId:66b9e41db23943d2b208ef837b3d98c6 | HTTP OPTIONS /api/communication/staff/class-students responded 204 in 0.0155 ms
2026-04-21 22:40:42.194 +05:30 [INF] Serilog.AspNetCore.RequestLoggingMiddleware | CorrelationId:9d5a33fbe4b44af5beaf93b8d9021350 | HTTP OPTIONS /api/LeaveManagement/my-requests responded 204 in 0.0181 ms
2026-04-21 22:40:42.195 +05:30 [INF] Serilog.AspNetCore.RequestLoggingMiddleware | CorrelationId:e912339098d64218b59f215b3d591257 | HTTP OPTIONS /api/communication/staff/messages-sent responded 204 in 0.0085 ms
2026-04-21 22:40:42.195 +05:30 [INF] Serilog.AspNetCore.RequestLoggingMiddleware | CorrelationId:d0b1c671e7fd475f90dae89d3e1f97d2 | HTTP OPTIONS /api/Announcements responded 204 in 0.0086 ms
2026-04-21 22:40:42.202 +05:30 [INF] SmsApi.Middleware.LoggingActionFilter | CorrelationId:000f98a016b44e33a0077ff80045497f | API Request: GET /api/academics/my-class-assignments | User: Unknown | School: 550e8400-e29b-41d4-a716-446655440000
2026-04-21 22:40:42.233 +05:30 [INF] SmsApi.Middleware.LoggingActionFilter | CorrelationId:48e027dbafd346d5bacd4b121068a344 | API Request: GET /api/communication/staff/class-students | User: Unknown | School: 550e8400-e29b-41d4-a716-446655440000
2026-04-21 22:40:42.242 +05:30 [INF] SmsApi.Middleware.LoggingActionFilter | CorrelationId:46b6adec098f4624af7f021651526ad3 | API Request: GET /api/LeaveManagement/my-requests | User: Unknown | School: 550e8400-e29b-41d4-a716-446655440000
2026-04-21 22:40:42.255 +05:30 [INF] SmsApi.Middleware.LoggingActionFilter | CorrelationId:044df3ae792246ef8fe167eb7889d0ff | API Request: GET /api/communication/staff/messages-sent | User: Unknown | School: 550e8400-e29b-41d4-a716-446655440000
2026-04-21 22:40:42.261 +05:30 [INF] SmsApi.Middleware.LoggingActionFilter | CorrelationId:5f2d0b9fd61540d1838c07b130dd1bbd | API Request: GET /api/Announcements | User: Unknown | School: 550e8400-e29b-41d4-a716-446655440000
2026-04-21 22:40:42.269 +05:30 [INF] SmsApi.Middleware.LoggingActionFilter | CorrelationId:000f98a016b44e33a0077ff80045497f | API Response: GET /api/academics/my-class-assignments | Status: 200 | Duration: 66ms
2026-04-21 22:40:42.276 +05:30 [INF] SmsApi.Middleware.LoggingActionFilter | CorrelationId:46b6adec098f4624af7f021651526ad3 | API Response: GET /api/LeaveManagement/my-requests | Status: 200 | Duration: 34ms
2026-04-21 22:40:42.279 +05:30 [INF] SmsApi.Middleware.LoggingActionFilter | CorrelationId:48e027dbafd346d5bacd4b121068a344 | API Response: GET /api/communication/staff/class-students | Status: 200 | Duration: 45ms
2026-04-21 22:40:42.291 +05:30 [INF] SmsApi.Middleware.LoggingActionFilter | CorrelationId:044df3ae792246ef8fe167eb7889d0ff | API Response: GET /api/communication/staff/messages-sent | Status: 200 | Duration: 35ms
2026-04-21 22:40:42.293 +05:30 [INF] Serilog.AspNetCore.RequestLoggingMiddleware | CorrelationId:000f98a016b44e33a0077ff80045497f | HTTP GET /api/academics/my-class-assignments responded 200 in 91.6639 ms
2026-04-21 22:40:42.300 +05:30 [INF] Serilog.AspNetCore.RequestLoggingMiddleware | CorrelationId:46b6adec098f4624af7f021651526ad3 | HTTP GET /api/LeaveManagement/my-requests responded 200 in 60.2805 ms
2026-04-21 22:40:42.301 +05:30 [INF] SmsApi.Middleware.LoggingActionFilter | CorrelationId:5f2d0b9fd61540d1838c07b130dd1bbd | API Response: GET /api/Announcements | Status: 200 | Duration: 40ms
2026-04-21 22:40:42.304 +05:30 [INF] Serilog.AspNetCore.RequestLoggingMiddleware | CorrelationId:48e027dbafd346d5bacd4b121068a344 | HTTP GET /api/communication/staff/class-students responded 200 in 78.9293 ms
2026-04-21 22:40:42.308 +05:30 [INF] Serilog.AspNetCore.RequestLoggingMiddleware | CorrelationId:044df3ae792246ef8fe167eb7889d0ff | HTTP GET /api/communication/staff/messages-sent responded 200 in 59.4407 ms
2026-04-21 22:40:42.334 +05:30 [INF] Serilog.AspNetCore.RequestLoggingMiddleware | CorrelationId:5f2d0b9fd61540d1838c07b130dd1bbd | HTTP GET /api/Announcements responded 200 in 74.9917 ms
2026-04-21 22:40:50.473 +05:30 [INF] Serilog.AspNetCore.RequestLoggingMiddleware | CorrelationId:31b874372c954e31bf0cd9db610bab92 | HTTP OPTIONS /api/notifications/unread-count responded 204 in 0.1778 ms
2026-04-21 22:40:50.509 +05:30 [INF] SmsApi.Middleware.LoggingActionFilter | CorrelationId:bd622177c7f2497a88de9913fd8c9073 | API Request: GET /api/notifications/unread-count | User: Unknown | School: 550e8400-e29b-41d4-a716-446655440000
2026-04-21 22:40:50.519 +05:30 [INF] SmsApi.Middleware.LoggingActionFilter | CorrelationId:bd622177c7f2497a88de9913fd8c9073 | API Response: GET /api/notifications/unread-count | Status: 200 | Duration: 9ms
2026-04-21 22:40:50.528 +05:30 [INF] Serilog.AspNetCore.RequestLoggingMiddleware | CorrelationId:bd622177c7f2497a88de9913fd8c9073 | HTTP GET /api/notifications/unread-count responded 200 in 21.8144 ms
2026-04-21 22:41:20.549 +05:30 [INF] Serilog.AspNetCore.RequestLoggingMiddleware | CorrelationId:426bb5858f074b72815b0fa6c939a1b1 | HTTP OPTIONS /api/notifications/unread-count responded 204 in 0.0724 ms
2026-04-21 22:41:20.580 +05:30 [INF] SmsApi.Middleware.LoggingActionFilter | CorrelationId:613fc8d8e1eb46d68bfd7415872824cd | API Request: GET /api/notifications/unread-count | User: Unknown | School: 550e8400-e29b-41d4-a716-446655440000
2026-04-21 22:41:20.661 +05:30 [INF] SmsApi.Middleware.LoggingActionFilter | CorrelationId:613fc8d8e1eb46d68bfd7415872824cd | API Response: GET /api/notifications/unread-count | Status: 200 | Duration: 80ms
2026-04-21 22:41:20.663 +05:30 [INF] Serilog.AspNetCore.RequestLoggingMiddleware | CorrelationId:613fc8d8e1eb46d68bfd7415872824cd | HTTP GET /api/notifications/unread-count responded 200 in 84.1330 ms
2026-04-21 22:41:50.677 +05:30 [INF] Serilog.AspNetCore.RequestLoggingMiddleware | CorrelationId:a4224196f2b94443b10b57ba38afc8fc | HTTP OPTIONS /api/notifications/unread-count responded 204 in 0.1946 ms
2026-04-21 22:41:50.713 +05:30 [INF] SmsApi.Middleware.LoggingActionFilter | CorrelationId:7ae4c4786c384483b5aaada5f48133fe | API Request: GET /api/notifications/unread-count | User: Unknown | School: 550e8400-e29b-41d4-a716-446655440000
2026-04-21 22:41:50.726 +05:30 [INF] SmsApi.Middleware.LoggingActionFilter | CorrelationId:7ae4c4786c384483b5aaada5f48133fe | API Response: GET /api/notifications/unread-count | Status: 200 | Duration: 13ms
2026-04-21 22:41:50.732 +05:30 [INF] Serilog.AspNetCore.RequestLoggingMiddleware | CorrelationId:7ae4c4786c384483b5aaada5f48133fe | HTTP GET /api/notifications/unread-count responded 200 in 21.1909 ms
2026-04-21 22:41:55.727 +05:30 [INF] Serilog.AspNetCore.RequestLoggingMiddleware | CorrelationId:8be39ac222b64505b30e077d75130202 | HTTP OPTIONS /api/LeaveManagement/types responded 204 in 0.0529 ms
2026-04-21 22:41:55.733 +05:30 [INF] Serilog.AspNetCore.RequestLoggingMiddleware | CorrelationId:5c3a3aa4e0fe46f2ac69ecf9817a1a90 | HTTP OPTIONS /api/LeaveManagement/my-requests responded 204 in 0.0741 ms
2026-04-21 22:41:55.739 +05:30 [INF] Serilog.AspNetCore.RequestLoggingMiddleware | CorrelationId:5e905c0f2892439fbc6a636090f677bd | HTTP OPTIONS /api/LeaveManagement/my-requests responded 204 in 0.0665 ms
2026-04-21 22:41:55.740 +05:30 [INF] Serilog.AspNetCore.RequestLoggingMiddleware | CorrelationId:337199531dc14145965ffc60e8201aa3 | HTTP OPTIONS /api/LeaveManagement/types responded 204 in 0.0379 ms
2026-04-21 22:41:55.827 +05:30 [INF] SmsApi.Middleware.LoggingActionFilter | CorrelationId:eb8eabc8793a48dd8446d009c8a6845a | API Request: GET /api/LeaveManagement/types | User: Unknown | School: 550e8400-e29b-41d4-a716-446655440000
2026-04-21 22:41:55.955 +05:30 [INF] SmsApi.Middleware.LoggingActionFilter | CorrelationId:e0c528413f96420e9d977cef080fe1e1 | API Request: GET /api/LeaveManagement/my-requests | User: Unknown | School: 550e8400-e29b-41d4-a716-446655440000
2026-04-21 22:41:55.958 +05:30 [INF] SmsApi.Middleware.LoggingActionFilter | CorrelationId:6c7aaeba8c2740a9833cc9e73e731b22 | API Request: GET /api/LeaveManagement/my-requests | User: Unknown | School: 550e8400-e29b-41d4-a716-446655440000
2026-04-21 22:41:55.961 +05:30 [INF] SmsApi.Middleware.LoggingActionFilter | CorrelationId:c49a84476c6c4c6da80824cf2f52bcbf | API Request: GET /api/LeaveManagement/types | User: Unknown | School: 550e8400-e29b-41d4-a716-446655440000
2026-04-21 22:41:56.126 +05:30 [INF] SmsApi.Middleware.LoggingActionFilter | CorrelationId:eb8eabc8793a48dd8446d009c8a6845a | API Response: GET /api/LeaveManagement/types | Status: 200 | Duration: 299ms
2026-04-21 22:41:56.127 +05:30 [INF] SmsApi.Middleware.LoggingActionFilter | CorrelationId:6c7aaeba8c2740a9833cc9e73e731b22 | API Response: GET /api/LeaveManagement/my-requests | Status: 200 | Duration: 168ms
2026-04-21 22:41:56.153 +05:30 [INF] SmsApi.Middleware.LoggingActionFilter | CorrelationId:c49a84476c6c4c6da80824cf2f52bcbf | API Response: GET /api/LeaveManagement/types | Status: 200 | Duration: 191ms
2026-04-21 22:41:56.171 +05:30 [INF] Serilog.AspNetCore.RequestLoggingMiddleware | CorrelationId:eb8eabc8793a48dd8446d009c8a6845a | HTTP GET /api/LeaveManagement/types responded 200 in 413.6428 ms
2026-04-21 22:41:56.205 +05:30 [INF] Serilog.AspNetCore.RequestLoggingMiddleware | CorrelationId:6c7aaeba8c2740a9833cc9e73e731b22 | HTTP GET /api/LeaveManagement/my-requests responded 200 in 246.9032 ms
2026-04-21 22:41:56.210 +05:30 [INF] Serilog.AspNetCore.RequestLoggingMiddleware | CorrelationId:c49a84476c6c4c6da80824cf2f52bcbf | HTTP GET /api/LeaveManagement/types responded 200 in 249.1131 ms
2026-04-21 22:41:56.248 +05:30 [INF] SmsApi.Middleware.LoggingActionFilter | CorrelationId:e0c528413f96420e9d977cef080fe1e1 | API Response: GET /api/LeaveManagement/my-requests | Status: 200 | Duration: 293ms
2026-04-21 22:41:56.302 +05:30 [INF] Serilog.AspNetCore.RequestLoggingMiddleware | CorrelationId:e0c528413f96420e9d977cef080fe1e1 | HTTP GET /api/LeaveManagement/my-requests responded 200 in 347.2688 ms
2026-04-21 22:42:04.680 +05:30 [INF] Serilog.AspNetCore.RequestLoggingMiddleware | CorrelationId:c405afd4236549ebae64310299162cd7 | HTTP OPTIONS /api/academics/academic-years responded 204 in 0.0655 ms
2026-04-21 22:42:04.700 +05:30 [INF] Serilog.AspNetCore.RequestLoggingMiddleware | CorrelationId:2595d4632a7b402ba9865c3918116c68 | HTTP OPTIONS /api/academics/academic-years responded 204 in 0.0469 ms
2026-04-21 22:42:04.802 +05:30 [INF] Serilog.AspNetCore.RequestLoggingMiddleware | CorrelationId:d2b9e32bf2324d65b7ad8d363523cb10 | HTTP GET /api/academics/academic-years responded 401 in 1.3993 ms
2026-04-21 22:42:04.812 +05:30 [INF] Serilog.AspNetCore.RequestLoggingMiddleware | CorrelationId:a3932a0897ed409199651e8c9cc26d63 | HTTP GET /api/academics/academic-years responded 401 in 0.1893 ms
2026-04-21 22:47:32.050 +05:30 [INF] Serilog.AspNetCore.RequestLoggingMiddleware | CorrelationId:7e93a3c97b98404397d9e0fd708e7f6a | HTTP OPTIONS /api/auth/login responded 204 in 0.1900 ms
2026-04-21 22:47:32.106 +05:30 [INF] SmsApi.Middleware.LoggingActionFilter | CorrelationId:0ec2015eeb2f43e7ab0355f7845d8bf0 | API Request: POST /api/auth/login | User: Unknown | School: Unknown
2026-04-21 22:47:32.779 +05:30 [INF] SmsApi.Controllers.AuthController | CorrelationId:0ec2015eeb2f43e7ab0355f7845d8bf0 | Login successful for superadmin (SchoolId: "00000000-0000-0000-0000-000000000001")
2026-04-21 22:47:32.802 +05:30 [INF] SmsApi.Middleware.LoggingActionFilter | CorrelationId:0ec2015eeb2f43e7ab0355f7845d8bf0 | API Response: POST /api/auth/login | Status: 200 | Duration: 695ms
2026-04-21 22:47:32.828 +05:30 [INF] Serilog.AspNetCore.RequestLoggingMiddleware | CorrelationId:0ec2015eeb2f43e7ab0355f7845d8bf0 | HTTP POST /api/auth/login responded 200 in 733.0635 ms
2026-04-21 22:47:32.849 +05:30 [WRN] SmsApi.Infrastructure.Performance.PerformanceMonitoringMiddleware | CorrelationId: | Slow request: POST /api/auth/login took 711ms — status 200.
2026-04-21 22:47:33.253 +05:30 [INF] Serilog.AspNetCore.RequestLoggingMiddleware | CorrelationId:97d0a7fb97684d8fa67b87dabc1278d3 | HTTP OPTIONS /api/settings/school/me responded 204 in 0.3671 ms
2026-04-21 22:47:35.744 +05:30 [INF] Serilog.AspNetCore.RequestLoggingMiddleware | CorrelationId:11139f1140d846cb93c7b62abfb71e95 | HTTP OPTIONS /api/academics/academic-years responded 204 in 0.2070 ms
2026-04-21 22:47:35.748 +05:30 [INF] Serilog.AspNetCore.RequestLoggingMiddleware | CorrelationId:fd0f737d21694612a0058170a53340aa | HTTP OPTIONS /api/settings/school/me responded 204 in 0.0186 ms
2026-04-21 22:47:35.750 +05:30 [INF] Serilog.AspNetCore.RequestLoggingMiddleware | CorrelationId:4bac564cbfe64030b186bcba59a4067f | HTTP OPTIONS /api/academics/academic-years responded 204 in 0.3555 ms
2026-04-21 22:47:35.825 +05:30 [INF] SmsApi.Middleware.LoggingActionFilter | CorrelationId:ef152cd2173c4bbfa65d7b1bf1f461ba | API Request: GET /api/academics/academic-years | User: Unknown | School: 00000000-0000-0000-0000-000000000001
2026-04-21 22:47:35.833 +05:30 [INF] SmsApi.Middleware.LoggingActionFilter | CorrelationId:d4776220e7eb44909f8bae6a7e479b6e | API Request: GET /api/settings/school/me | User: Unknown | School: 00000000-0000-0000-0000-000000000001
2026-04-21 22:47:35.856 +05:30 [INF] SmsApi.Middleware.LoggingActionFilter | CorrelationId:341309c370b14d0cbaf76c38387035cf | API Request: GET /api/academics/academic-years | User: Unknown | School: 00000000-0000-0000-0000-000000000001
2026-04-21 22:47:35.897 +05:30 [INF] SmsApi.Middleware.LoggingActionFilter | CorrelationId:d4776220e7eb44909f8bae6a7e479b6e | API Response: GET /api/settings/school/me | Status: 200 | Duration: 64ms
2026-04-21 22:47:35.898 +05:30 [INF] SmsApi.Middleware.LoggingActionFilter | CorrelationId:ef152cd2173c4bbfa65d7b1bf1f461ba | API Response: GET /api/academics/academic-years | Status: 200 | Duration: 72ms
2026-04-21 22:47:35.906 +05:30 [INF] SmsApi.Middleware.LoggingActionFilter | CorrelationId:341309c370b14d0cbaf76c38387035cf | API Response: GET /api/academics/academic-years | Status: 200 | Duration: 49ms
2026-04-21 22:47:35.914 +05:30 [INF] Serilog.AspNetCore.RequestLoggingMiddleware | CorrelationId:d4776220e7eb44909f8bae6a7e479b6e | HTTP GET /api/settings/school/me responded 200 in 84.0005 ms
2026-04-21 22:47:35.958 +05:30 [ERR] Serilog.AspNetCore.RequestLoggingMiddleware | CorrelationId:ef152cd2173c4bbfa65d7b1bf1f461ba | HTTP GET /api/academics/academic-years responded 500 in 148.7055 ms
2026-04-21 22:47:35.962 +05:30 [ERR] Serilog.AspNetCore.RequestLoggingMiddleware | CorrelationId:341309c370b14d0cbaf76c38387035cf | HTTP GET /api/academics/academic-years responded 500 in 107.8778 ms
2026-04-21 22:47:45.416 +05:30 [INF] Serilog.AspNetCore.RequestLoggingMiddleware | CorrelationId:d8d82c3525b4477286da275c11a866ee | HTTP OPTIONS /api/academics/academic-years responded 204 in 0.2268 ms
2026-04-21 22:47:45.419 +05:30 [INF] Serilog.AspNetCore.RequestLoggingMiddleware | CorrelationId:6351eca93e4d4bde8ba10832891cc956 | HTTP OPTIONS /api/settings/school/me responded 204 in 0.0576 ms
2026-04-21 22:47:45.423 +05:30 [INF] Serilog.AspNetCore.RequestLoggingMiddleware | CorrelationId:bf7dae0d5ff44d50ab6f8f36d8106845 | HTTP OPTIONS /api/academics/academic-years responded 204 in 0.0548 ms
2026-04-21 22:47:46.023 +05:30 [INF] Serilog.AspNetCore.RequestLoggingMiddleware | CorrelationId:5ca4ea70c51f4731ae6da3bba699d226 | HTTP OPTIONS /api/notifications/unread-count responded 204 in 0.0448 ms
2026-04-21 22:47:46.042 +05:30 [INF] Serilog.AspNetCore.RequestLoggingMiddleware | CorrelationId:d0ea41897991472d9a88a06dda3416fc | HTTP OPTIONS /api/school-feature-permissions/schools responded 204 in 0.0447 ms
2026-04-21 22:47:46.043 +05:30 [INF] Serilog.AspNetCore.RequestLoggingMiddleware | CorrelationId:75b22f6c9129417896455821df21bae9 | HTTP OPTIONS /api/school-feature-permissions/stats responded 204 in 0.1037 ms
2026-04-21 22:47:46.056 +05:30 [INF] SmsApi.Middleware.LoggingActionFilter | CorrelationId:9db23321a79140d58124de29abc495f4 | API Request: GET /api/academics/academic-years | User: Unknown | School: 00000000-0000-0000-0000-000000000001
2026-04-21 22:47:46.209 +05:30 [WRN] SmsApi.Infrastructure.Performance.PerformanceMonitoringMiddleware | CorrelationId: | Slow request: OPTIONS /api/settings/school/me took 789ms — status 204.
2026-04-21 22:47:46.220 +05:30 [WRN] SmsApi.Infrastructure.Performance.PerformanceMonitoringMiddleware | CorrelationId: | Slow request: OPTIONS /api/academics/academic-years took 797ms — status 204.
2026-04-21 22:47:46.239 +05:30 [INF] Serilog.AspNetCore.RequestLoggingMiddleware | CorrelationId:8253cfb86dec4885b01cbd7c2e97e9fb | HTTP OPTIONS /api/school-feature-permissions/stats responded 204 in 0.1298 ms
2026-04-21 22:47:46.252 +05:30 [INF] Serilog.AspNetCore.RequestLoggingMiddleware | CorrelationId:b751353a45aa4f6fbd8ed879812556d4 | HTTP OPTIONS /api/school-feature-permissions/schools responded 204 in 0.0718 ms
2026-04-21 22:47:46.278 +05:30 [INF] SmsApi.Middleware.LoggingActionFilter | CorrelationId:df55475c4a3d4864a372d4b30b23e418 | API Request: GET /api/notifications/unread-count | User: Unknown | School: 00000000-0000-0000-0000-000000000001
2026-04-21 22:47:46.279 +05:30 [INF] SmsApi.Middleware.LoggingActionFilter | CorrelationId:9db23321a79140d58124de29abc495f4 | API Response: GET /api/academics/academic-years | Status: 200 | Duration: 222ms
2026-04-21 22:47:46.382 +05:30 [INF] SmsApi.Middleware.LoggingActionFilter | CorrelationId:e2003604d7f244818edf95952edff8a9 | API Request: GET /api/settings/school/me | User: Unknown | School: 00000000-0000-0000-0000-000000000001
2026-04-21 22:47:46.534 +05:30 [INF] SmsApi.Middleware.LoggingActionFilter | CorrelationId:e2003604d7f244818edf95952edff8a9 | API Response: GET /api/settings/school/me | Status: 200 | Duration: 151ms
2026-04-21 22:47:46.485 +05:30 [INF] SmsApi.Middleware.LoggingActionFilter | CorrelationId:899f44993ca14d5f90982ecaa6efed73 | API Request: GET /api/school-feature-permissions/stats | User: Unknown | School: 00000000-0000-0000-0000-000000000001
2026-04-21 22:47:46.490 +05:30 [INF] SmsApi.Middleware.LoggingActionFilter | CorrelationId:71e2423eb55c4b269a87358e9e522579 | API Request: GET /api/school-feature-permissions/schools | User: Unknown | School: 00000000-0000-0000-0000-000000000001
2026-04-21 22:47:46.512 +05:30 [ERR] Serilog.AspNetCore.RequestLoggingMiddleware | CorrelationId:9db23321a79140d58124de29abc495f4 | HTTP GET /api/academics/academic-years responded 500 in 473.2502 ms
2026-04-21 22:47:46.404 +05:30 [INF] SmsApi.Middleware.LoggingActionFilter | CorrelationId:50ffbf3cfc5f4d518d4c58fc0a46ca1f | API Request: GET /api/academics/academic-years | User: Unknown | School: 00000000-0000-0000-0000-000000000001
2026-04-21 22:47:46.537 +05:30 [INF] SmsApi.Middleware.LoggingActionFilter | CorrelationId:df55475c4a3d4864a372d4b30b23e418 | API Response: GET /api/notifications/unread-count | Status: 200 | Duration: 258ms
2026-04-21 22:47:46.555 +05:30 [INF] Serilog.AspNetCore.RequestLoggingMiddleware | CorrelationId:e2003604d7f244818edf95952edff8a9 | HTTP GET /api/settings/school/me responded 200 in 178.2207 ms
2026-04-21 22:47:46.596 +05:30 [INF] SmsApi.Middleware.LoggingActionFilter | CorrelationId:a1ca3873ff344a448e1a6156f9d42613 | API Request: GET /api/school-feature-permissions/stats | User: Unknown | School: 00000000-0000-0000-0000-000000000001
2026-04-21 22:47:46.610 +05:30 [INF] SmsApi.Middleware.LoggingActionFilter | CorrelationId:50ffbf3cfc5f4d518d4c58fc0a46ca1f | API Response: GET /api/academics/academic-years | Status: 200 | Duration: 205ms
2026-04-21 22:47:46.627 +05:30 [INF] Serilog.AspNetCore.RequestLoggingMiddleware | CorrelationId:df55475c4a3d4864a372d4b30b23e418 | HTTP GET /api/notifications/unread-count responded 200 in 353.7224 ms
2026-04-21 22:47:46.660 +05:30 [INF] SmsApi.Middleware.LoggingActionFilter | CorrelationId:89402654e0394abd828231dde14b10a3 | API Request: GET /api/school-feature-permissions/schools | User: Unknown | School: 00000000-0000-0000-0000-000000000001
2026-04-21 22:47:46.669 +05:30 [ERR] Serilog.AspNetCore.RequestLoggingMiddleware | CorrelationId:50ffbf3cfc5f4d518d4c58fc0a46ca1f | HTTP GET /api/academics/academic-years responded 500 in 265.6682 ms
2026-04-21 22:47:46.857 +05:30 [INF] SmsApi.Middleware.LoggingActionFilter | CorrelationId:899f44993ca14d5f90982ecaa6efed73 | API Response: GET /api/school-feature-permissions/stats | Status: 200 | Duration: 371ms
2026-04-21 22:47:46.875 +05:30 [INF] SmsApi.Middleware.LoggingActionFilter | CorrelationId:71e2423eb55c4b269a87358e9e522579 | API Response: GET /api/school-feature-permissions/schools | Status: 200 | Duration: 385ms
2026-04-21 22:47:46.988 +05:30 [INF] Serilog.AspNetCore.RequestLoggingMiddleware | CorrelationId:899f44993ca14d5f90982ecaa6efed73 | HTTP GET /api/school-feature-permissions/stats responded 200 in 638.3073 ms
2026-04-21 22:47:47.000 +05:30 [INF] SmsApi.Middleware.LoggingActionFilter | CorrelationId:a1ca3873ff344a448e1a6156f9d42613 | API Response: GET /api/school-feature-permissions/stats | Status: 200 | Duration: 403ms
2026-04-21 22:47:47.013 +05:30 [INF] Serilog.AspNetCore.RequestLoggingMiddleware | CorrelationId:71e2423eb55c4b269a87358e9e522579 | HTTP GET /api/school-feature-permissions/schools responded 200 in 705.3837 ms
2026-04-21 22:47:47.024 +05:30 [INF] SmsApi.Middleware.LoggingActionFilter | CorrelationId:89402654e0394abd828231dde14b10a3 | API Response: GET /api/school-feature-permissions/schools | Status: 200 | Duration: 363ms
2026-04-21 22:47:47.048 +05:30 [WRN] SmsApi.Infrastructure.Performance.PerformanceMonitoringMiddleware | CorrelationId: | Slow request: GET /api/school-feature-permissions/stats took 638ms — status 200.
2026-04-21 22:47:47.051 +05:30 [INF] Serilog.AspNetCore.RequestLoggingMiddleware | CorrelationId:a1ca3873ff344a448e1a6156f9d42613 | HTTP GET /api/school-feature-permissions/stats responded 200 in 456.0010 ms
2026-04-21 22:47:47.056 +05:30 [WRN] SmsApi.Infrastructure.Performance.PerformanceMonitoringMiddleware | CorrelationId: | Slow request: GET /api/school-feature-permissions/schools took 705ms — status 200.
2026-04-21 22:47:47.067 +05:30 [INF] Serilog.AspNetCore.RequestLoggingMiddleware | CorrelationId:89402654e0394abd828231dde14b10a3 | HTTP GET /api/school-feature-permissions/schools responded 200 in 414.2184 ms
2026-04-21 22:47:47.191 +05:30 [INF] Serilog.AspNetCore.RequestLoggingMiddleware | CorrelationId:f42544fcd14b43728bfa5695d406bb5d | HTTP OPTIONS /api/settings/school/me responded 204 in 0.0586 ms
2026-04-21 22:47:47.195 +05:30 [INF] Serilog.AspNetCore.RequestLoggingMiddleware | CorrelationId:3f3af26664d945918edd7725e40cb225 | HTTP OPTIONS /api/school-feature-permissions/schools/550e8400-e29b-41d4-a716-446655440000 responded 204 in 0.0739 ms
2026-04-21 22:47:47.279 +05:30 [INF] SmsApi.Middleware.LoggingActionFilter | CorrelationId:e60f4a165e51447081ab517e9164c5f2 | API Request: GET /api/settings/school/me | User: Unknown | School: 00000000-0000-0000-0000-000000000001
2026-04-21 22:47:47.318 +05:30 [INF] SmsApi.Middleware.LoggingActionFilter | CorrelationId:1ad83cd7354d4c7eb3093c7f68f83a41 | API Request: GET /api/school-feature-permissions/schools/550e8400-e29b-41d4-a716-446655440000 | User: Unknown | School: 00000000-0000-0000-0000-000000000001
2026-04-21 22:47:47.455 +05:30 [INF] SmsApi.Middleware.LoggingActionFilter | CorrelationId:e60f4a165e51447081ab517e9164c5f2 | API Response: GET /api/settings/school/me | Status: 200 | Duration: 175ms
2026-04-21 22:47:47.605 +05:30 [INF] Serilog.AspNetCore.RequestLoggingMiddleware | CorrelationId:e60f4a165e51447081ab517e9164c5f2 | HTTP GET /api/settings/school/me responded 200 in 332.3994 ms
2026-04-21 22:47:48.203 +05:30 [INF] SmsApi.Middleware.LoggingActionFilter | CorrelationId:1ad83cd7354d4c7eb3093c7f68f83a41 | API Response: GET /api/school-feature-permissions/schools/550e8400-e29b-41d4-a716-446655440000 | Status: 200 | Duration: 884ms
2026-04-21 22:47:48.226 +05:30 [INF] Serilog.AspNetCore.RequestLoggingMiddleware | CorrelationId:1ad83cd7354d4c7eb3093c7f68f83a41 | HTTP GET /api/school-feature-permissions/schools/550e8400-e29b-41d4-a716-446655440000 responded 200 in 922.0721 ms
2026-04-21 22:47:48.276 +05:30 [WRN] SmsApi.Infrastructure.Performance.PerformanceMonitoringMiddleware | CorrelationId: | Slow request: GET /api/school-feature-permissions/schools/550e8400-e29b-41d4-a716-446655440000 took 922ms — status 200.
2026-04-21 22:47:52.333 +05:30 [INF] Serilog.AspNetCore.RequestLoggingMiddleware | CorrelationId:00037dfc64f440d5a3fefaa23986a7fe | HTTP OPTIONS /api/staff responded 204 in 0.0451 ms
2026-04-21 22:47:52.333 +05:30 [INF] Serilog.AspNetCore.RequestLoggingMiddleware | CorrelationId:34cb87a4f89f44429d1cbe6ddb87ac70 | HTTP OPTIONS /api/staff responded 204 in 0.0083 ms
2026-04-21 22:47:52.544 +05:30 [INF] SmsApi.Middleware.LoggingActionFilter | CorrelationId:25388a33a01f49448a9b99a39408b492 | API Request: GET /api/staff | User: Unknown | School: 00000000-0000-0000-0000-000000000001
2026-04-21 22:47:52.567 +05:30 [INF] SmsApi.Middleware.LoggingActionFilter | CorrelationId:7cc2f11bb8064d20bedec25a5e741e64 | API Request: GET /api/staff | User: Unknown | School: 00000000-0000-0000-0000-000000000001
2026-04-21 22:47:52.609 +05:30 [INF] SmsApi.Middleware.LoggingActionFilter | CorrelationId:25388a33a01f49448a9b99a39408b492 | API Response: GET /api/staff | Status: 200 | Duration: 65ms
2026-04-21 22:47:52.610 +05:30 [INF] SmsApi.Middleware.LoggingActionFilter | CorrelationId:7cc2f11bb8064d20bedec25a5e741e64 | API Response: GET /api/staff | Status: 200 | Duration: 42ms
2026-04-21 22:47:52.621 +05:30 [INF] Serilog.AspNetCore.RequestLoggingMiddleware | CorrelationId:25388a33a01f49448a9b99a39408b492 | HTTP GET /api/staff responded 200 in 90.2088 ms
2026-04-21 22:47:52.628 +05:30 [INF] Serilog.AspNetCore.RequestLoggingMiddleware | CorrelationId:7cc2f11bb8064d20bedec25a5e741e64 | HTTP GET /api/staff responded 200 in 63.9029 ms
2026-04-21 22:47:56.039 +05:30 [INF] Serilog.AspNetCore.RequestLoggingMiddleware | CorrelationId:6e9505dca9224d809eb17eff9dab8374 | HTTP OPTIONS /api/communication/templates responded 204 in 1.9944 ms
2026-04-21 22:47:56.040 +05:30 [INF] Serilog.AspNetCore.RequestLoggingMiddleware | CorrelationId:63f25673d7a2440889409bc1354ef98a | HTTP OPTIONS /api/communication/stats responded 204 in 0.1007 ms
2026-04-21 22:47:56.083 +05:30 [INF] Serilog.AspNetCore.RequestLoggingMiddleware | CorrelationId:ff28665003114058958221cd468f7e9d | HTTP OPTIONS /api/communication/templates responded 204 in 3.1182 ms
2026-04-21 22:47:56.093 +05:30 [INF] Serilog.AspNetCore.RequestLoggingMiddleware | CorrelationId:ca233f19cda84701a35bdd58ec88628c | HTTP OPTIONS /api/communication/stats responded 204 in 0.0485 ms
2026-04-21 22:47:56.211 +05:30 [INF] SmsApi.Middleware.LoggingActionFilter | CorrelationId:d5b89734ff2f48f3a4d18de73ff123be | API Request: GET /api/communication/templates | User: Unknown | School: 00000000-0000-0000-0000-000000000001
2026-04-21 22:47:56.213 +05:30 [INF] SmsApi.Middleware.LoggingActionFilter | CorrelationId:5a6b4db2f2ee491da897081ae958cfda | API Request: GET /api/communication/stats | User: Unknown | School: 00000000-0000-0000-0000-000000000001
2026-04-21 22:47:56.228 +05:30 [INF] SmsApi.Middleware.LoggingActionFilter | CorrelationId:7bd4f0cd52954319829bba79962a8cd4 | API Request: GET /api/communication/templates | User: Unknown | School: 00000000-0000-0000-0000-000000000001
2026-04-21 22:47:56.242 +05:30 [INF] SmsApi.Middleware.LoggingActionFilter | CorrelationId:548fb6e8abc04872b0ac8b212f293ee5 | API Request: GET /api/communication/stats | User: Unknown | School: 00000000-0000-0000-0000-000000000001
2026-04-21 22:47:56.365 +05:30 [INF] SmsApi.Middleware.LoggingActionFilter | CorrelationId:7bd4f0cd52954319829bba79962a8cd4 | API Response: GET /api/communication/templates | Status: 200 | Duration: 137ms
2026-04-21 22:47:56.370 +05:30 [INF] SmsApi.Middleware.LoggingActionFilter | CorrelationId:d5b89734ff2f48f3a4d18de73ff123be | API Response: GET /api/communication/templates | Status: 200 | Duration: 159ms
2026-04-21 22:47:56.393 +05:30 [INF] Serilog.AspNetCore.RequestLoggingMiddleware | CorrelationId:d5b89734ff2f48f3a4d18de73ff123be | HTTP GET /api/communication/templates responded 200 in 216.6243 ms
2026-04-21 22:47:56.395 +05:30 [INF] Serilog.AspNetCore.RequestLoggingMiddleware | CorrelationId:7bd4f0cd52954319829bba79962a8cd4 | HTTP GET /api/communication/templates responded 200 in 170.0260 ms
2026-04-21 22:47:56.427 +05:30 [INF] SmsApi.Middleware.LoggingActionFilter | CorrelationId:548fb6e8abc04872b0ac8b212f293ee5 | API Response: GET /api/communication/stats | Status: 200 | Duration: 184ms
2026-04-21 22:47:56.427 +05:30 [INF] SmsApi.Middleware.LoggingActionFilter | CorrelationId:5a6b4db2f2ee491da897081ae958cfda | API Response: GET /api/communication/stats | Status: 200 | Duration: 213ms
2026-04-21 22:47:56.465 +05:30 [INF] Serilog.AspNetCore.RequestLoggingMiddleware | CorrelationId:548fb6e8abc04872b0ac8b212f293ee5 | HTTP GET /api/communication/stats responded 200 in 228.8487 ms
2026-04-21 22:47:56.465 +05:30 [INF] Serilog.AspNetCore.RequestLoggingMiddleware | CorrelationId:5a6b4db2f2ee491da897081ae958cfda | HTTP GET /api/communication/stats responded 200 in 287.2990 ms
2026-04-21 22:48:01.381 +05:30 [INF] Serilog.AspNetCore.RequestLoggingMiddleware | CorrelationId:4f2374e21ad7456b8a80dd3545bf4dd5 | HTTP OPTIONS /api/fees/records responded 204 in 1.4129 ms
2026-04-21 22:48:01.390 +05:30 [INF] Serilog.AspNetCore.RequestLoggingMiddleware | CorrelationId:bc0fb9adc9c94b5bba814ca90e4d60f6 | HTTP OPTIONS /api/fees/records responded 204 in 0.0343 ms
2026-04-21 22:48:01.391 +05:30 [INF] Serilog.AspNetCore.RequestLoggingMiddleware | CorrelationId:c0c12f4b7e0848b88b1a679dfc1484fe | HTTP OPTIONS /api/fees/stats responded 204 in 0.0425 ms
2026-04-21 22:48:01.391 +05:30 [INF] Serilog.AspNetCore.RequestLoggingMiddleware | CorrelationId:e79a8a0eec804c64b644993380ff1997 | HTTP OPTIONS /api/fees/structures responded 204 in 0.0115 ms
2026-04-21 22:48:01.396 +05:30 [INF] Serilog.AspNetCore.RequestLoggingMiddleware | CorrelationId:8a785091b5e8487d87279016eb0402f4 | HTTP OPTIONS /api/fees/structures responded 204 in 0.0461 ms
2026-04-21 22:48:01.405 +05:30 [INF] Serilog.AspNetCore.RequestLoggingMiddleware | CorrelationId:8b206ff67c9341e5b7f43692112df422 | HTTP OPTIONS /api/fees/stats responded 204 in 0.0677 ms
2026-04-21 22:48:01.491 +05:30 [INF] SmsApi.Middleware.LoggingActionFilter | CorrelationId:4f92328af2c84076b102a9f9333d8a03 | API Request: GET /api/fees/records | User: Unknown | School: 00000000-0000-0000-0000-000000000001
2026-04-21 22:48:01.499 +05:30 [INF] SmsApi.Middleware.LoggingActionFilter | CorrelationId:1bfb1ead5ff74d5498314f3948e31595 | API Request: GET /api/fees/records | User: Unknown | School: 00000000-0000-0000-0000-000000000001
2026-04-21 22:48:01.509 +05:30 [INF] SmsApi.Middleware.LoggingActionFilter | CorrelationId:eecd3df37b764f2fa27c128f64be7664 | API Request: GET /api/fees/stats | User: Unknown | School: 00000000-0000-0000-0000-000000000001
2026-04-21 22:48:01.535 +05:30 [INF] SmsApi.Middleware.LoggingActionFilter | CorrelationId:5ee8a0db448342e29c160f7e01a762dd | API Request: GET /api/fees/structures | User: Unknown | School: 00000000-0000-0000-0000-000000000001
2026-04-21 22:48:01.535 +05:30 [INF] SmsApi.Middleware.LoggingActionFilter | CorrelationId:c5b069e61ea546ae9313dbd82c654c80 | API Request: GET /api/fees/structures | User: Unknown | School: 00000000-0000-0000-0000-000000000001
2026-04-21 22:48:01.575 +05:30 [INF] SmsApi.Middleware.LoggingActionFilter | CorrelationId:5d49723319914ce7a715922e42488955 | API Request: GET /api/fees/stats | User: Unknown | School: 00000000-0000-0000-0000-000000000001
2026-04-21 22:48:01.666 +05:30 [INF] SmsApi.Middleware.LoggingActionFilter | CorrelationId:5ee8a0db448342e29c160f7e01a762dd | API Response: GET /api/fees/structures | Status: 200 | Duration: 131ms
2026-04-21 22:48:01.670 +05:30 [INF] SmsApi.Middleware.LoggingActionFilter | CorrelationId:c5b069e61ea546ae9313dbd82c654c80 | API Response: GET /api/fees/structures | Status: 200 | Duration: 135ms
2026-04-21 22:48:01.683 +05:30 [INF] SmsApi.Middleware.LoggingActionFilter | CorrelationId:4f92328af2c84076b102a9f9333d8a03 | API Response: GET /api/fees/records | Status: 200 | Duration: 191ms
2026-04-21 22:48:01.688 +05:30 [INF] SmsApi.Middleware.LoggingActionFilter | CorrelationId:1bfb1ead5ff74d5498314f3948e31595 | API Response: GET /api/fees/records | Status: 200 | Duration: 188ms
2026-04-21 22:48:01.720 +05:30 [INF] Serilog.AspNetCore.RequestLoggingMiddleware | CorrelationId:5ee8a0db448342e29c160f7e01a762dd | HTTP GET /api/fees/structures responded 200 in 210.4620 ms
2026-04-21 22:48:01.729 +05:30 [INF] Serilog.AspNetCore.RequestLoggingMiddleware | CorrelationId:c5b069e61ea546ae9313dbd82c654c80 | HTTP GET /api/fees/structures responded 200 in 198.5119 ms
2026-04-21 22:48:01.799 +05:30 [INF] Serilog.AspNetCore.RequestLoggingMiddleware | CorrelationId:1bfb1ead5ff74d5498314f3948e31595 | HTTP GET /api/fees/records responded 200 in 328.7805 ms
2026-04-21 22:48:01.804 +05:30 [INF] Serilog.AspNetCore.RequestLoggingMiddleware | CorrelationId:4f92328af2c84076b102a9f9333d8a03 | HTTP GET /api/fees/records responded 200 in 324.4420 ms
2026-04-21 22:48:01.915 +05:30 [INF] SmsApi.Middleware.LoggingActionFilter | CorrelationId:5d49723319914ce7a715922e42488955 | API Response: GET /api/fees/stats | Status: 200 | Duration: 340ms
2026-04-21 22:48:01.916 +05:30 [INF] SmsApi.Middleware.LoggingActionFilter | CorrelationId:eecd3df37b764f2fa27c128f64be7664 | API Response: GET /api/fees/stats | Status: 200 | Duration: 406ms
2026-04-21 22:48:02.172 +05:30 [INF] Serilog.AspNetCore.RequestLoggingMiddleware | CorrelationId:eecd3df37b764f2fa27c128f64be7664 | HTTP GET /api/fees/stats responded 200 in 680.6122 ms
2026-04-21 22:48:02.203 +05:30 [INF] Serilog.AspNetCore.RequestLoggingMiddleware | CorrelationId:5d49723319914ce7a715922e42488955 | HTTP GET /api/fees/stats responded 200 in 625.3915 ms
2026-04-21 22:48:02.256 +05:30 [WRN] SmsApi.Infrastructure.Performance.PerformanceMonitoringMiddleware | CorrelationId: | Slow request: GET /api/fees/stats took 625ms — status 200.
2026-04-21 22:48:02.250 +05:30 [WRN] SmsApi.Infrastructure.Performance.PerformanceMonitoringMiddleware | CorrelationId: | Slow request: GET /api/fees/stats took 680ms — status 200.
2026-04-21 22:48:08.094 +05:30 [INF] Serilog.AspNetCore.RequestLoggingMiddleware | CorrelationId:2e518ff45e2a4023b0143f0e5df0325f | HTTP OPTIONS /api/library/issues responded 204 in 0.2331 ms
2026-04-21 22:48:08.095 +05:30 [INF] Serilog.AspNetCore.RequestLoggingMiddleware | CorrelationId:3e6830f82c14430ead8171efbdf05d68 | HTTP OPTIONS /api/library/issues responded 204 in 0.0172 ms
2026-04-21 22:48:08.095 +05:30 [INF] Serilog.AspNetCore.RequestLoggingMiddleware | CorrelationId:0c4efbdb9dc04d9588eb11b588e1b39b | HTTP OPTIONS /api/library/books responded 204 in 0.0212 ms
2026-04-21 22:48:08.169 +05:30 [INF] Serilog.AspNetCore.RequestLoggingMiddleware | CorrelationId:5c7e1204d8cd434eb1269a9860dc690d | HTTP OPTIONS /api/library/stats responded 204 in 0.0848 ms
2026-04-21 22:48:08.170 +05:30 [INF] Serilog.AspNetCore.RequestLoggingMiddleware | CorrelationId:34ca3a0c67974d60ad3afe8831ad6aba | HTTP OPTIONS /api/library/books responded 204 in 0.0438 ms
2026-04-21 22:48:08.170 +05:30 [INF] Serilog.AspNetCore.RequestLoggingMiddleware | CorrelationId:eb0b6d8bed41489280dda806a973c9fb | HTTP OPTIONS /api/library/books responded 204 in 0.0234 ms
2026-04-21 22:48:08.279 +05:30 [INF] Serilog.AspNetCore.RequestLoggingMiddleware | CorrelationId:804192cacc7f4a5cbf3587d035274aec | HTTP OPTIONS /api/library/issues responded 204 in 0.0899 ms
2026-04-21 22:48:08.287 +05:30 [INF] Serilog.AspNetCore.RequestLoggingMiddleware | CorrelationId:f7514417c3394df6a0a6bf1131c440c5 | HTTP OPTIONS /api/students responded 204 in 0.0478 ms
2026-04-21 22:48:08.395 +05:30 [INF] Serilog.AspNetCore.RequestLoggingMiddleware | CorrelationId:aad83843e1884c20815aa72427a80858 | HTTP OPTIONS /api/library/books responded 204 in 0.0640 ms
2026-04-21 22:48:08.456 +05:30 [INF] Serilog.AspNetCore.RequestLoggingMiddleware | CorrelationId:935561c0572640bca078a3e30385eeba | HTTP OPTIONS /api/library/books responded 204 in 0.0510 ms
2026-04-21 22:48:08.519 +05:30 [INF] Serilog.AspNetCore.RequestLoggingMiddleware | CorrelationId:68de3fbcedc948eca58e6b88dbc77488 | HTTP OPTIONS /api/library/issues responded 204 in 0.0436 ms
2026-04-21 22:48:08.539 +05:30 [INF] Serilog.AspNetCore.RequestLoggingMiddleware | CorrelationId:2b74644e557c4ae4a33d4baddab4e1f7 | HTTP OPTIONS /api/library/issues responded 204 in 0.0410 ms
2026-04-21 22:48:08.548 +05:30 [INF] Serilog.AspNetCore.RequestLoggingMiddleware | CorrelationId:6092e13ef5014b75af08631ce0e440f9 | HTTP OPTIONS /api/library/stats responded 204 in 0.0835 ms
2026-04-21 22:48:08.568 +05:30 [INF] Serilog.AspNetCore.RequestLoggingMiddleware | CorrelationId:0cbcb2c9807343b682ed9d4087e03de8 | HTTP OPTIONS /api/library/books responded 204 in 0.0420 ms
2026-04-21 22:48:08.575 +05:30 [INF] Serilog.AspNetCore.RequestLoggingMiddleware | CorrelationId:134e0bea86f145f9869d8c99e10ceb09 | HTTP OPTIONS /api/library/issues responded 204 in 0.1218 ms
2026-04-21 22:48:08.581 +05:30 [INF] Serilog.AspNetCore.RequestLoggingMiddleware | CorrelationId:356ebf73bdf0490f8049cac2b36d40e4 | HTTP OPTIONS /api/students responded 204 in 0.0807 ms
2026-04-21 22:48:08.690 +05:30 [INF] SmsApi.Middleware.LoggingActionFilter | CorrelationId:615a16d816784a9bb04dea5b4b3352be | API Request: GET /api/library/issues | User: Unknown | School: 00000000-0000-0000-0000-000000000001
2026-04-21 22:48:08.692 +05:30 [INF] SmsApi.Middleware.LoggingActionFilter | CorrelationId:f844d9b6f6524926ab98b375059960fd | API Request: GET /api/library/issues | User: Unknown | School: 00000000-0000-0000-0000-000000000001
2026-04-21 22:48:08.697 +05:30 [INF] Serilog.AspNetCore.RequestLoggingMiddleware | CorrelationId:0f4a4796e77647fa845bce30e5f23afb | HTTP OPTIONS /api/library/books responded 204 in 0.0413 ms
2026-04-21 22:48:08.752 +05:30 [INF] SmsApi.Middleware.LoggingActionFilter | CorrelationId:f9560c6f93414dd2bc339fafa63bb38e | API Request: GET /api/library/books | User: Unknown | School: 00000000-0000-0000-0000-000000000001
2026-04-21 22:48:08.787 +05:30 [INF] SmsApi.Middleware.LoggingActionFilter | CorrelationId:0ccbfa07360d4c8f9ebc78450b0c5bda | API Request: GET /api/library/stats | User: Unknown | School: 00000000-0000-0000-0000-000000000001
2026-04-21 22:48:08.800 +05:30 [INF] SmsApi.Middleware.LoggingActionFilter | CorrelationId:01c4e678a5464592b6e0515573e5adcd | API Request: GET /api/library/books | User: Unknown | School: 00000000-0000-0000-0000-000000000001
2026-04-21 22:48:08.877 +05:30 [INF] SmsApi.Middleware.LoggingActionFilter | CorrelationId:1ae94dfd795f45daa792d3811440aeb3 | API Request: GET /api/library/books | User: Unknown | School: 00000000-0000-0000-0000-000000000001
2026-04-21 22:48:09.084 +05:30 [INF] SmsApi.Middleware.LoggingActionFilter | CorrelationId:01c4e678a5464592b6e0515573e5adcd | API Response: GET /api/library/books | Status: 200 | Duration: 283ms
2026-04-21 22:48:09.213 +05:30 [INF] SmsApi.Middleware.LoggingActionFilter | CorrelationId:1ae94dfd795f45daa792d3811440aeb3 | API Response: GET /api/library/books | Status: 200 | Duration: 336ms
2026-04-21 22:48:09.213 +05:30 [INF] SmsApi.Middleware.LoggingActionFilter | CorrelationId:f9560c6f93414dd2bc339fafa63bb38e | API Response: GET /api/library/books | Status: 200 | Duration: 461ms
2026-04-21 22:48:09.450 +05:30 [INF] SmsApi.Middleware.LoggingActionFilter | CorrelationId:f844d9b6f6524926ab98b375059960fd | API Response: GET /api/library/issues | Status: 200 | Duration: 758ms
2026-04-21 22:48:09.450 +05:30 [INF] SmsApi.Middleware.LoggingActionFilter | CorrelationId:615a16d816784a9bb04dea5b4b3352be | API Response: GET /api/library/issues | Status: 200 | Duration: 760ms
2026-04-21 22:48:09.503 +05:30 [INF] SmsApi.Middleware.LoggingActionFilter | CorrelationId:0ccbfa07360d4c8f9ebc78450b0c5bda | API Response: GET /api/library/stats | Status: 200 | Duration: 715ms
2026-04-21 22:48:09.508 +05:30 [INF] Serilog.AspNetCore.RequestLoggingMiddleware | CorrelationId:f9560c6f93414dd2bc339fafa63bb38e | HTTP GET /api/library/books responded 200 in 791.2786 ms
2026-04-21 22:48:09.511 +05:30 [INF] Serilog.AspNetCore.RequestLoggingMiddleware | CorrelationId:01c4e678a5464592b6e0515573e5adcd | HTTP GET /api/library/books responded 200 in 713.6806 ms
2026-04-21 22:48:09.511 +05:30 [INF] Serilog.AspNetCore.RequestLoggingMiddleware | CorrelationId:1ae94dfd795f45daa792d3811440aeb3 | HTTP GET /api/library/books responded 200 in 657.2460 ms
2026-04-21 22:48:09.526 +05:30 [INF] Serilog.AspNetCore.RequestLoggingMiddleware | CorrelationId:0ccbfa07360d4c8f9ebc78450b0c5bda | HTTP GET /api/library/stats responded 200 in 759.0984 ms
2026-04-21 22:48:09.526 +05:30 [INF] Serilog.AspNetCore.RequestLoggingMiddleware | CorrelationId:f844d9b6f6524926ab98b375059960fd | HTTP GET /api/library/issues responded 200 in 839.3530 ms
2026-04-21 22:48:09.680 +05:30 [WRN] SmsApi.Infrastructure.Performance.PerformanceMonitoringMiddleware | CorrelationId: | Slow request: GET /api/library/issues took 839ms — status 200.
2026-04-21 22:48:09.619 +05:30 [WRN] SmsApi.Infrastructure.Performance.PerformanceMonitoringMiddleware | CorrelationId: | Slow request: GET /api/library/books took 791ms — status 200.
2026-04-21 22:48:09.636 +05:30 [WRN] SmsApi.Infrastructure.Performance.PerformanceMonitoringMiddleware | CorrelationId: | Slow request: GET /api/library/books took 713ms — status 200.
2026-04-21 22:48:09.659 +05:30 [WRN] SmsApi.Infrastructure.Performance.PerformanceMonitoringMiddleware | CorrelationId: | Slow request: GET /api/library/books took 657ms — status 200.
2026-04-21 22:48:09.673 +05:30 [WRN] SmsApi.Infrastructure.Performance.PerformanceMonitoringMiddleware | CorrelationId: | Slow request: GET /api/library/stats took 759ms — status 200.
2026-04-21 22:48:09.526 +05:30 [INF] Serilog.AspNetCore.RequestLoggingMiddleware | CorrelationId:615a16d816784a9bb04dea5b4b3352be | HTTP GET /api/library/issues responded 200 in 926.2893 ms
2026-04-21 22:48:09.781 +05:30 [INF] SmsApi.Middleware.LoggingActionFilter | CorrelationId:60363e91dbff4eeeba7adcb362b84545 | API Request: GET /api/students | User: Unknown | School: 00000000-0000-0000-0000-000000000001
2026-04-21 22:48:09.787 +05:30 [INF] SmsApi.Middleware.LoggingActionFilter | CorrelationId:60b4e37cd4604877ab5f1e7e532e4a3d | API Request: GET /api/library/books | User: Unknown | School: 00000000-0000-0000-0000-000000000001
2026-04-21 22:48:09.789 +05:30 [INF] SmsApi.Middleware.LoggingActionFilter | CorrelationId:ba5c6d66d7df4f8488f49e58486afadc | API Request: GET /api/library/issues | User: Unknown | School: 00000000-0000-0000-0000-000000000001
2026-04-21 22:48:09.809 +05:30 [WRN] SmsApi.Infrastructure.Performance.PerformanceMonitoringMiddleware | CorrelationId: | Slow request: GET /api/library/issues took 926ms — status 200.
2026-04-21 22:48:09.856 +05:30 [INF] SmsApi.Middleware.LoggingActionFilter | CorrelationId:60b4e37cd4604877ab5f1e7e532e4a3d | API Response: GET /api/library/books | Status: 200 | Duration: 69ms
2026-04-21 22:48:09.896 +05:30 [INF] SmsApi.Middleware.LoggingActionFilter | CorrelationId:60363e91dbff4eeeba7adcb362b84545 | API Response: GET /api/students | Status: 200 | Duration: 115ms
2026-04-21 22:48:09.915 +05:30 [INF] SmsApi.Middleware.LoggingActionFilter | CorrelationId:aac9e806949e4d0091481d06067bec53 | API Request: GET /api/library/books | User: Unknown | School: 00000000-0000-0000-0000-000000000001
2026-04-21 22:48:09.932 +05:30 [INF] SmsApi.Middleware.LoggingActionFilter | CorrelationId:ba5c6d66d7df4f8488f49e58486afadc | API Response: GET /api/library/issues | Status: 200 | Duration: 143ms
2026-04-21 22:48:09.948 +05:30 [INF] Serilog.AspNetCore.RequestLoggingMiddleware | CorrelationId:60b4e37cd4604877ab5f1e7e532e4a3d | HTTP GET /api/library/books responded 200 in 170.8381 ms
2026-04-21 22:48:09.950 +05:30 [INF] Serilog.AspNetCore.RequestLoggingMiddleware | CorrelationId:60363e91dbff4eeeba7adcb362b84545 | HTTP GET /api/students responded 200 in 177.2045 ms
2026-04-21 22:48:09.959 +05:30 [INF] SmsApi.Middleware.LoggingActionFilter | CorrelationId:b37c43aab02b4f50951e6caafedb6349 | API Request: GET /api/library/issues | User: Unknown | School: 00000000-0000-0000-0000-000000000001
2026-04-21 22:48:09.961 +05:30 [INF] Serilog.AspNetCore.RequestLoggingMiddleware | CorrelationId:ba5c6d66d7df4f8488f49e58486afadc | HTTP GET /api/library/issues responded 200 in 221.9452 ms
2026-04-21 22:48:09.968 +05:30 [INF] SmsApi.Middleware.LoggingActionFilter | CorrelationId:aac9e806949e4d0091481d06067bec53 | API Response: GET /api/library/books | Status: 200 | Duration: 52ms
2026-04-21 22:48:10.032 +05:30 [INF] Serilog.AspNetCore.RequestLoggingMiddleware | CorrelationId:aac9e806949e4d0091481d06067bec53 | HTTP GET /api/library/books responded 200 in 141.8960 ms
2026-04-21 22:48:10.009 +05:30 [INF] SmsApi.Middleware.LoggingActionFilter | CorrelationId:2e953dc7864f449faa3b66b3cc864423 | API Request: GET /api/library/stats | User: Unknown | School: 00000000-0000-0000-0000-000000000001
2026-04-21 22:48:10.019 +05:30 [INF] SmsApi.Middleware.LoggingActionFilter | CorrelationId:85f66f2e154c46e4a129c55eac608895 | API Request: GET /api/library/books | User: Unknown | School: 00000000-0000-0000-0000-000000000001
2026-04-21 22:48:09.996 +05:30 [INF] SmsApi.Middleware.LoggingActionFilter | CorrelationId:8b8c969c3b894774a324e50d1115b0bc | API Request: GET /api/library/issues | User: Unknown | School: 00000000-0000-0000-0000-000000000001
2026-04-21 22:48:10.045 +05:30 [INF] SmsApi.Middleware.LoggingActionFilter | CorrelationId:b37c43aab02b4f50951e6caafedb6349 | API Response: GET /api/library/issues | Status: 200 | Duration: 86ms
2026-04-21 22:48:10.077 +05:30 [INF] Serilog.AspNetCore.RequestLoggingMiddleware | CorrelationId:b37c43aab02b4f50951e6caafedb6349 | HTTP GET /api/library/issues responded 200 in 151.1741 ms
2026-04-21 22:48:10.062 +05:30 [INF] SmsApi.Middleware.LoggingActionFilter | CorrelationId:85f66f2e154c46e4a129c55eac608895 | API Response: GET /api/library/books | Status: 200 | Duration: 42ms
2026-04-21 22:48:10.132 +05:30 [INF] Serilog.AspNetCore.RequestLoggingMiddleware | CorrelationId:85f66f2e154c46e4a129c55eac608895 | HTTP GET /api/library/books responded 200 in 117.7383 ms
2026-04-21 22:48:10.051 +05:30 [INF] SmsApi.Middleware.LoggingActionFilter | CorrelationId:a52086d2848d47f3a5301e7ea49e43ef | API Request: GET /api/library/issues | User: Unknown | School: 00000000-0000-0000-0000-000000000001
2026-04-21 22:48:10.071 +05:30 [INF] SmsApi.Middleware.LoggingActionFilter | CorrelationId:4fecc337002e4e0ea19b478b7cf34dfb | API Request: GET /api/students | User: Unknown | School: 00000000-0000-0000-0000-000000000001
2026-04-21 22:48:10.146 +05:30 [INF] SmsApi.Middleware.LoggingActionFilter | CorrelationId:8b8c969c3b894774a324e50d1115b0bc | API Response: GET /api/library/issues | Status: 200 | Duration: 150ms
2026-04-21 22:48:10.154 +05:30 [INF] SmsApi.Middleware.LoggingActionFilter | CorrelationId:2e953dc7864f449faa3b66b3cc864423 | API Response: GET /api/library/stats | Status: 200 | Duration: 145ms
2026-04-21 22:48:10.162 +05:30 [INF] SmsApi.Middleware.LoggingActionFilter | CorrelationId:7a3205a726444d8daf261b6d17f21115 | API Request: GET /api/library/books | User: Unknown | School: 00000000-0000-0000-0000-000000000001
2026-04-21 22:48:10.170 +05:30 [INF] SmsApi.Middleware.LoggingActionFilter | CorrelationId:a52086d2848d47f3a5301e7ea49e43ef | API Response: GET /api/library/issues | Status: 200 | Duration: 118ms
2026-04-21 22:48:10.181 +05:30 [INF] Serilog.AspNetCore.RequestLoggingMiddleware | CorrelationId:8b8c969c3b894774a324e50d1115b0bc | HTTP GET /api/library/issues responded 200 in 214.8940 ms
2026-04-21 22:48:10.186 +05:30 [INF] Serilog.AspNetCore.RequestLoggingMiddleware | CorrelationId:2e953dc7864f449faa3b66b3cc864423 | HTTP GET /api/library/stats responded 200 in 187.3752 ms
2026-04-21 22:48:10.192 +05:30 [INF] SmsApi.Middleware.LoggingActionFilter | CorrelationId:7a3205a726444d8daf261b6d17f21115 | API Response: GET /api/library/books | Status: 200 | Duration: 30ms
2026-04-21 22:48:10.199 +05:30 [INF] Serilog.AspNetCore.RequestLoggingMiddleware | CorrelationId:a52086d2848d47f3a5301e7ea49e43ef | HTTP GET /api/library/issues responded 200 in 150.3941 ms
2026-04-21 22:48:10.204 +05:30 [INF] SmsApi.Middleware.LoggingActionFilter | CorrelationId:4fecc337002e4e0ea19b478b7cf34dfb | API Response: GET /api/students | Status: 200 | Duration: 133ms
2026-04-21 22:48:10.216 +05:30 [INF] Serilog.AspNetCore.RequestLoggingMiddleware | CorrelationId:7a3205a726444d8daf261b6d17f21115 | HTTP GET /api/library/books responded 200 in 59.1839 ms
2026-04-21 22:48:10.254 +05:30 [INF] Serilog.AspNetCore.RequestLoggingMiddleware | CorrelationId:4fecc337002e4e0ea19b478b7cf34dfb | HTTP GET /api/students responded 200 in 197.1326 ms
2026-04-21 22:48:11.645 +05:30 [INF] Serilog.AspNetCore.RequestLoggingMiddleware | CorrelationId:b6a4563477ce42a0ab8240dc9fba62fd | HTTP OPTIONS /api/permissions/roles responded 204 in 0.1031 ms
2026-04-21 22:48:11.645 +05:30 [INF] Serilog.AspNetCore.RequestLoggingMiddleware | CorrelationId:8ebfdd3a45944f8ab424c85d56f8524d | HTTP OPTIONS /api/permissions/stats responded 204 in 0.0238 ms
2026-04-21 22:48:11.678 +05:30 [INF] Serilog.AspNetCore.RequestLoggingMiddleware | CorrelationId:3c9759f09ff34d128743b53bb3b6580b | HTTP OPTIONS /api/permissions/roles responded 204 in 0.1283 ms
2026-04-21 22:48:11.690 +05:30 [INF] Serilog.AspNetCore.RequestLoggingMiddleware | CorrelationId:643bd2e0ac47410ba93e09162955f6b9 | HTTP OPTIONS /api/permissions/stats responded 204 in 0.0706 ms
2026-04-21 22:48:11.835 +05:30 [INF] SmsApi.Middleware.LoggingActionFilter | CorrelationId:15654c7724cb4677802cb507a4af43d5 | API Request: GET /api/permissions/stats | User: Unknown | School: 00000000-0000-0000-0000-000000000001
2026-04-21 22:48:11.837 +05:30 [INF] SmsApi.Middleware.LoggingActionFilter | CorrelationId:eeab4c3c80324ad297298994e98a69b6 | API Request: GET /api/permissions/roles | User: Unknown | School: 00000000-0000-0000-0000-000000000001
2026-04-21 22:48:11.847 +05:30 [INF] SmsApi.Middleware.LoggingActionFilter | CorrelationId:ba580ce3a5e242f79b57520b2ab4071d | API Request: GET /api/permissions/roles | User: Unknown | School: 00000000-0000-0000-0000-000000000001
2026-04-21 22:48:11.886 +05:30 [INF] SmsApi.Middleware.LoggingActionFilter | CorrelationId:edee0f117b5949a19953a5c6af90d3cf | API Request: GET /api/permissions/stats | User: Unknown | School: 00000000-0000-0000-0000-000000000001
2026-04-21 22:48:12.016 +05:30 [INF] SmsApi.Middleware.LoggingActionFilter | CorrelationId:edee0f117b5949a19953a5c6af90d3cf | API Response: GET /api/permissions/stats | Status: 200 | Duration: 129ms
2026-04-21 22:48:12.016 +05:30 [INF] SmsApi.Middleware.LoggingActionFilter | CorrelationId:15654c7724cb4677802cb507a4af43d5 | API Response: GET /api/permissions/stats | Status: 200 | Duration: 180ms
2026-04-21 22:48:12.024 +05:30 [INF] Serilog.AspNetCore.RequestLoggingMiddleware | CorrelationId:edee0f117b5949a19953a5c6af90d3cf | HTTP GET /api/permissions/stats responded 200 in 151.8208 ms
2026-04-21 22:48:12.049 +05:30 [INF] Serilog.AspNetCore.RequestLoggingMiddleware | CorrelationId:15654c7724cb4677802cb507a4af43d5 | HTTP GET /api/permissions/stats responded 200 in 244.6966 ms
2026-04-21 22:48:12.073 +05:30 [INF] SmsApi.Middleware.LoggingActionFilter | CorrelationId:ba580ce3a5e242f79b57520b2ab4071d | API Response: GET /api/permissions/roles | Status: 200 | Duration: 225ms
2026-04-21 22:48:12.073 +05:30 [INF] SmsApi.Middleware.LoggingActionFilter | CorrelationId:eeab4c3c80324ad297298994e98a69b6 | API Response: GET /api/permissions/roles | Status: 200 | Duration: 236ms
2026-04-21 22:48:12.093 +05:30 [INF] Serilog.AspNetCore.RequestLoggingMiddleware | CorrelationId:eeab4c3c80324ad297298994e98a69b6 | HTTP GET /api/permissions/roles responded 200 in 326.1448 ms
2026-04-21 22:48:12.102 +05:30 [INF] Serilog.AspNetCore.RequestLoggingMiddleware | CorrelationId:ba580ce3a5e242f79b57520b2ab4071d | HTTP GET /api/permissions/roles responded 200 in 259.5411 ms
2026-04-21 22:48:14.435 +05:30 [INF] Serilog.AspNetCore.RequestLoggingMiddleware | CorrelationId:84dd5099ed784b79a279a7f52dd83ce2 | HTTP OPTIONS /api/alumni/stats responded 204 in 0.1374 ms
2026-04-21 22:48:14.435 +05:30 [INF] Serilog.AspNetCore.RequestLoggingMiddleware | CorrelationId:4a3fc768ac1b467bbd73085e1387394d | HTTP OPTIONS /api/alumni/stats responded 204 in 0.0161 ms
2026-04-21 22:48:14.498 +05:30 [INF] SmsApi.Middleware.LoggingActionFilter | CorrelationId:76193df9bb2c4537b9c14d465c998612 | API Request: GET /api/alumni/stats | User: Unknown | School: 00000000-0000-0000-0000-000000000001
2026-04-21 22:48:14.502 +05:30 [INF] SmsApi.Middleware.LoggingActionFilter | CorrelationId:5dd3f2e125de45b6a4549e858569ab0a | API Request: GET /api/alumni/stats | User: Unknown | School: 00000000-0000-0000-0000-000000000001
2026-04-21 22:48:14.583 +05:30 [INF] SmsApi.Middleware.LoggingActionFilter | CorrelationId:76193df9bb2c4537b9c14d465c998612 | API Response: GET /api/alumni/stats | Status: 200 | Duration: 84ms
2026-04-21 22:48:14.583 +05:30 [INF] SmsApi.Middleware.LoggingActionFilter | CorrelationId:5dd3f2e125de45b6a4549e858569ab0a | API Response: GET /api/alumni/stats | Status: 200 | Duration: 81ms
2026-04-21 22:48:14.662 +05:30 [INF] Serilog.AspNetCore.RequestLoggingMiddleware | CorrelationId:5dd3f2e125de45b6a4549e858569ab0a | HTTP GET /api/alumni/stats responded 200 in 161.1630 ms
2026-04-21 22:48:14.647 +05:30 [INF] Serilog.AspNetCore.RequestLoggingMiddleware | CorrelationId:76193df9bb2c4537b9c14d465c998612 | HTTP GET /api/alumni/stats responded 200 in 159.8810 ms
2026-04-21 22:48:16.693 +05:30 [INF] Serilog.AspNetCore.RequestLoggingMiddleware | CorrelationId:b81271a3bb1a4e1e8b75906a55d113f6 | HTTP OPTIONS /api/notifications/unread-count responded 204 in 0.0631 ms
2026-04-21 22:48:16.729 +05:30 [INF] SmsApi.Middleware.LoggingActionFilter | CorrelationId:6e933a8c5cb44a678aac840364a50b87 | API Request: GET /api/notifications/unread-count | User: Unknown | School: 00000000-0000-0000-0000-000000000001
2026-04-21 22:48:16.740 +05:30 [INF] SmsApi.Middleware.LoggingActionFilter | CorrelationId:6e933a8c5cb44a678aac840364a50b87 | API Response: GET /api/notifications/unread-count | Status: 200 | Duration: 11ms
2026-04-21 22:48:16.745 +05:30 [INF] Serilog.AspNetCore.RequestLoggingMiddleware | CorrelationId:6e933a8c5cb44a678aac840364a50b87 | HTTP GET /api/notifications/unread-count responded 200 in 38.8594 ms
2026-04-21 22:48:23.660 +05:30 [INF] Serilog.AspNetCore.RequestLoggingMiddleware | CorrelationId:356be6bff8c641709f4bffc30bd4ce6a | HTTP OPTIONS /api/store/stats responded 204 in 0.2683 ms
2026-04-21 22:48:23.662 +05:30 [INF] Serilog.AspNetCore.RequestLoggingMiddleware | CorrelationId:8b69e0593a674b08b75339bf3585b258 | HTTP OPTIONS /api/store/items responded 204 in 0.0918 ms
2026-04-21 22:48:23.663 +05:30 [INF] Serilog.AspNetCore.RequestLoggingMiddleware | CorrelationId:60543f31b60844879062e09033aee019 | HTTP OPTIONS /api/store/stats responded 204 in 0.0187 ms
2026-04-21 22:48:23.664 +05:30 [INF] Serilog.AspNetCore.RequestLoggingMiddleware | CorrelationId:ad8054eb1d944c9d992c9527ea4a1f51 | HTTP OPTIONS /api/store/items responded 204 in 0.0256 ms
2026-04-21 22:48:23.838 +05:30 [INF] SmsApi.Middleware.LoggingActionFilter | CorrelationId:bc02db43c4bc441ab5c1c6fff41a735e | API Request: GET /api/store/stats | User: Unknown | School: 00000000-0000-0000-0000-000000000001
2026-04-21 22:48:23.857 +05:30 [INF] SmsApi.Middleware.LoggingActionFilter | CorrelationId:52d7018d90ef4a7eae12808583a9b146 | API Request: GET /api/store/items | User: Unknown | School: 00000000-0000-0000-0000-000000000001
2026-04-21 22:48:23.863 +05:30 [INF] SmsApi.Middleware.LoggingActionFilter | CorrelationId:a5a3a57821ce4bdb9b03f301abf599ec | API Request: GET /api/store/stats | User: Unknown | School: 00000000-0000-0000-0000-000000000001
2026-04-21 22:48:23.868 +05:30 [INF] SmsApi.Middleware.LoggingActionFilter | CorrelationId:80930265cc2b40b3b430a81ab232ba2d | API Request: GET /api/store/items | User: Unknown | School: 00000000-0000-0000-0000-000000000001
2026-04-21 22:48:23.934 +05:30 [INF] SmsApi.Middleware.LoggingActionFilter | CorrelationId:52d7018d90ef4a7eae12808583a9b146 | API Response: GET /api/store/items | Status: 200 | Duration: 76ms
2026-04-21 22:48:23.934 +05:30 [INF] SmsApi.Middleware.LoggingActionFilter | CorrelationId:80930265cc2b40b3b430a81ab232ba2d | API Response: GET /api/store/items | Status: 200 | Duration: 66ms
2026-04-21 22:48:23.949 +05:30 [INF] Serilog.AspNetCore.RequestLoggingMiddleware | CorrelationId:80930265cc2b40b3b430a81ab232ba2d | HTTP GET /api/store/items responded 200 in 86.4669 ms
2026-04-21 22:48:23.949 +05:30 [INF] Serilog.AspNetCore.RequestLoggingMiddleware | CorrelationId:52d7018d90ef4a7eae12808583a9b146 | HTTP GET /api/store/items responded 200 in 109.6350 ms
2026-04-21 22:48:24.004 +05:30 [INF] SmsApi.Middleware.LoggingActionFilter | CorrelationId:a5a3a57821ce4bdb9b03f301abf599ec | API Response: GET /api/store/stats | Status: 200 | Duration: 141ms
2026-04-21 22:48:24.004 +05:30 [INF] SmsApi.Middleware.LoggingActionFilter | CorrelationId:bc02db43c4bc441ab5c1c6fff41a735e | API Response: GET /api/store/stats | Status: 200 | Duration: 166ms
2026-04-21 22:48:24.018 +05:30 [INF] Serilog.AspNetCore.RequestLoggingMiddleware | CorrelationId:bc02db43c4bc441ab5c1c6fff41a735e | HTTP GET /api/store/stats responded 200 in 201.6868 ms
2026-04-21 22:48:24.019 +05:30 [INF] Serilog.AspNetCore.RequestLoggingMiddleware | CorrelationId:a5a3a57821ce4bdb9b03f301abf599ec | HTTP GET /api/store/stats responded 200 in 166.3612 ms
2026-04-21 22:48:26.284 +05:30 [INF] Serilog.AspNetCore.RequestLoggingMiddleware | CorrelationId:c998b24b6f084632a2ebd0601878ad1d | HTTP OPTIONS /api/notifications/my responded 204 in 0.2897 ms
2026-04-21 22:48:26.323 +05:30 [INF] SmsApi.Middleware.LoggingActionFilter | CorrelationId:757054833ab54ed38cd00e6bd5557624 | API Request: GET /api/notifications/my | User: Unknown | School: 00000000-0000-0000-0000-000000000001
2026-04-21 22:48:26.362 +05:30 [INF] SmsApi.Middleware.LoggingActionFilter | CorrelationId:757054833ab54ed38cd00e6bd5557624 | API Response: GET /api/notifications/my | Status: 200 | Duration: 38ms
2026-04-21 22:48:26.366 +05:30 [INF] Serilog.AspNetCore.RequestLoggingMiddleware | CorrelationId:757054833ab54ed38cd00e6bd5557624 | HTTP GET /api/notifications/my responded 200 in 44.3881 ms
2026-04-21 22:48:30.706 +05:30 [INF] Serilog.AspNetCore.RequestLoggingMiddleware | CorrelationId:925503b9f63e48a38a9996dbc03d7804 | HTTP OPTIONS /api/school-feature-permissions/stats responded 204 in 0.0593 ms
2026-04-21 22:48:30.707 +05:30 [INF] Serilog.AspNetCore.RequestLoggingMiddleware | CorrelationId:c179492d7a5140b28f413af95a11d9e7 | HTTP OPTIONS /api/school-feature-permissions/schools/550e8400-e29b-41d4-a716-446655440000 responded 204 in 0.3616 ms
2026-04-21 22:48:30.707 +05:30 [INF] Serilog.AspNetCore.RequestLoggingMiddleware | CorrelationId:294ddd0ac6d94eafa58de775209c652f | HTTP OPTIONS /api/school-feature-permissions/stats responded 204 in 0.0115 ms
2026-04-21 22:48:30.707 +05:30 [INF] Serilog.AspNetCore.RequestLoggingMiddleware | CorrelationId:2fbade38f9d747c69e7b50e77ed36368 | HTTP OPTIONS /api/school-feature-permissions/schools/550e8400-e29b-41d4-a716-446655440000 responded 204 in 0.0203 ms
2026-04-21 22:48:30.749 +05:30 [INF] SmsApi.Middleware.LoggingActionFilter | CorrelationId:5b5e6a8dcaf445aeb3666a13acd81a2a | API Request: GET /api/school-feature-permissions/stats | User: Unknown | School: 00000000-0000-0000-0000-000000000001
2026-04-21 22:48:30.763 +05:30 [INF] SmsApi.Middleware.LoggingActionFilter | CorrelationId:6add3d78a6864d6185d51734bd108382 | API Request: GET /api/school-feature-permissions/schools/550e8400-e29b-41d4-a716-446655440000 | User: Unknown | School: 00000000-0000-0000-0000-000000000001
2026-04-21 22:48:30.770 +05:30 [INF] SmsApi.Middleware.LoggingActionFilter | CorrelationId:42952e453e1c4c3e9bc94104766bd75b | API Request: GET /api/school-feature-permissions/stats | User: Unknown | School: 00000000-0000-0000-0000-000000000001
2026-04-21 22:48:30.779 +05:30 [INF] SmsApi.Middleware.LoggingActionFilter | CorrelationId:143b33e4a50a4d08a624de73110ae7b8 | API Request: GET /api/school-feature-permissions/schools/550e8400-e29b-41d4-a716-446655440000 | User: Unknown | School: 00000000-0000-0000-0000-000000000001
2026-04-21 22:48:30.801 +05:30 [INF] SmsApi.Middleware.LoggingActionFilter | CorrelationId:6add3d78a6864d6185d51734bd108382 | API Response: GET /api/school-feature-permissions/schools/550e8400-e29b-41d4-a716-446655440000 | Status: 200 | Duration: 38ms
2026-04-21 22:48:30.804 +05:30 [INF] SmsApi.Middleware.LoggingActionFilter | CorrelationId:5b5e6a8dcaf445aeb3666a13acd81a2a | API Response: GET /api/school-feature-permissions/stats | Status: 200 | Duration: 55ms
2026-04-21 22:48:30.822 +05:30 [INF] SmsApi.Middleware.LoggingActionFilter | CorrelationId:143b33e4a50a4d08a624de73110ae7b8 | API Response: GET /api/school-feature-permissions/schools/550e8400-e29b-41d4-a716-446655440000 | Status: 200 | Duration: 42ms
2026-04-21 22:48:30.826 +05:30 [INF] Serilog.AspNetCore.RequestLoggingMiddleware | CorrelationId:6add3d78a6864d6185d51734bd108382 | HTTP GET /api/school-feature-permissions/schools/550e8400-e29b-41d4-a716-446655440000 responded 200 in 70.1828 ms
2026-04-21 22:48:30.830 +05:30 [INF] SmsApi.Middleware.LoggingActionFilter | CorrelationId:42952e453e1c4c3e9bc94104766bd75b | API Response: GET /api/school-feature-permissions/stats | Status: 200 | Duration: 59ms
2026-04-21 22:48:30.833 +05:30 [INF] Serilog.AspNetCore.RequestLoggingMiddleware | CorrelationId:5b5e6a8dcaf445aeb3666a13acd81a2a | HTTP GET /api/school-feature-permissions/stats responded 200 in 85.5795 ms
2026-04-21 22:48:30.859 +05:30 [INF] Serilog.AspNetCore.RequestLoggingMiddleware | CorrelationId:143b33e4a50a4d08a624de73110ae7b8 | HTTP GET /api/school-feature-permissions/schools/550e8400-e29b-41d4-a716-446655440000 responded 200 in 80.9636 ms
2026-04-21 22:48:30.897 +05:30 [INF] Serilog.AspNetCore.RequestLoggingMiddleware | CorrelationId:42952e453e1c4c3e9bc94104766bd75b | HTTP GET /api/school-feature-permissions/stats responded 200 in 127.5048 ms
2026-04-21 22:48:46.572 +05:30 [INF] Serilog.AspNetCore.RequestLoggingMiddleware | CorrelationId:f1d21c8ded9c4ffaa5cc77fbc9a09b02 | HTTP OPTIONS /api/school-feature-permissions/schools/550e8400-e29b-41d4-a716-446655440000/modules/hostel responded 204 in 0.0588 ms
2026-04-21 22:48:46.688 +05:30 [INF] Serilog.AspNetCore.RequestLoggingMiddleware | CorrelationId:5b1d2baa6235446580b19559e8f7c6a0 | HTTP PUT /api/school-feature-permissions/schools/550e8400-e29b-41d4-a716-446655440000/modules/hostel responded 400 in 82.7951 ms
2026-04-21 22:48:46.763 +05:30 [INF] Serilog.AspNetCore.RequestLoggingMiddleware | CorrelationId:ba11ba3749e548f1b7d5e7aaef784905 | HTTP OPTIONS /api/notifications/unread-count responded 204 in 0.1276 ms
2026-04-21 22:48:46.769 +05:30 [INF] SmsApi.Middleware.LoggingActionFilter | CorrelationId:f6b45de242c047ff9e7c93e1c8337331 | API Request: GET /api/notifications/unread-count | User: Unknown | School: 00000000-0000-0000-0000-000000000001
2026-04-21 22:48:46.772 +05:30 [INF] SmsApi.Middleware.LoggingActionFilter | CorrelationId:f6b45de242c047ff9e7c93e1c8337331 | API Response: GET /api/notifications/unread-count | Status: 200 | Duration: 3ms
2026-04-21 22:48:46.775 +05:30 [INF] Serilog.AspNetCore.RequestLoggingMiddleware | CorrelationId:f6b45de242c047ff9e7c93e1c8337331 | HTTP GET /api/notifications/unread-count responded 200 in 6.5564 ms
2026-04-21 22:48:48.951 +05:30 [INF] Serilog.AspNetCore.RequestLoggingMiddleware | CorrelationId:d338840282ef44fe87a742916b6c69eb | HTTP OPTIONS /api/school-feature-permissions/schools/550e8400-e29b-41d4-a716-446655440000/modules/hostel responded 204 in 0.0635 ms
2026-04-21 22:48:49.003 +05:30 [INF] Serilog.AspNetCore.RequestLoggingMiddleware | CorrelationId:f37c13c5dce84ea6be3e66afb4a5adb1 | HTTP PUT /api/school-feature-permissions/schools/550e8400-e29b-41d4-a716-446655440000/modules/hostel responded 400 in 15.3779 ms
2026-04-21 22:48:50.745 +05:30 [INF] Serilog.AspNetCore.RequestLoggingMiddleware | CorrelationId:27188b04be664566ad0195fb35d77e12 | HTTP OPTIONS /api/school-feature-permissions/schools/550e8400-e29b-41d4-a716-446655440000/modules/admissions responded 204 in 0.0440 ms
2026-04-21 22:48:50.776 +05:30 [INF] Serilog.AspNetCore.RequestLoggingMiddleware | CorrelationId:d4688b3de3c44e85833c7b102ab56281 | HTTP PUT /api/school-feature-permissions/schools/550e8400-e29b-41d4-a716-446655440000/modules/admissions responded 400 in 22.8011 ms
2026-04-21 22:48:51.322 +05:30 [INF] Serilog.AspNetCore.RequestLoggingMiddleware | CorrelationId:85aa69a9dd5743fa994e18e9376fff3b | HTTP OPTIONS /api/school-feature-permissions/schools/550e8400-e29b-41d4-a716-446655440000/modules/admissions responded 204 in 0.1167 ms
2026-04-21 22:48:51.407 +05:30 [INF] Serilog.AspNetCore.RequestLoggingMiddleware | CorrelationId:81f84291832a47988856dec8fef52632 | HTTP PUT /api/school-feature-permissions/schools/550e8400-e29b-41d4-a716-446655440000/modules/admissions responded 400 in 54.4028 ms
2026-04-21 22:48:52.466 +05:30 [INF] Serilog.AspNetCore.RequestLoggingMiddleware | CorrelationId:1c2f1849df1c484ca7d5b0368b84cf9c | HTTP OPTIONS /api/school-feature-permissions/schools/550e8400-e29b-41d4-a716-446655440000/modules/admissions responded 204 in 0.0437 ms
2026-04-21 22:48:52.508 +05:30 [INF] Serilog.AspNetCore.RequestLoggingMiddleware | CorrelationId:895d3aaa2f4e4ef696e8f9906de23fc1 | HTTP PUT /api/school-feature-permissions/schools/550e8400-e29b-41d4-a716-446655440000/modules/admissions responded 400 in 6.2675 ms
2026-04-21 22:48:52.992 +05:30 [INF] Serilog.AspNetCore.RequestLoggingMiddleware | CorrelationId:e2dbed9a0c8b48a08306d16f4a1d69ac | HTTP OPTIONS /api/school-feature-permissions/schools/550e8400-e29b-41d4-a716-446655440000/modules/admissions responded 204 in 0.0435 ms
2026-04-21 22:48:53.008 +05:30 [INF] Serilog.AspNetCore.RequestLoggingMiddleware | CorrelationId:3ce79a255de441699023da53cec3f41d | HTTP PUT /api/school-feature-permissions/schools/550e8400-e29b-41d4-a716-446655440000/modules/admissions responded 400 in 4.2293 ms
2026-04-21 22:48:53.607 +05:30 [INF] Serilog.AspNetCore.RequestLoggingMiddleware | CorrelationId:80242d08ff704661b4b40bb2921bb91e | HTTP OPTIONS /api/school-feature-permissions/schools/550e8400-e29b-41d4-a716-446655440000/modules/admissions responded 204 in 0.2829 ms
2026-04-21 22:48:53.624 +05:30 [INF] Serilog.AspNetCore.RequestLoggingMiddleware | CorrelationId:e1344a111a4f48be925c0e700d498411 | HTTP PUT /api/school-feature-permissions/schools/550e8400-e29b-41d4-a716-446655440000/modules/admissions responded 400 in 8.3576 ms
2026-04-21 22:49:16.799 +05:30 [INF] Serilog.AspNetCore.RequestLoggingMiddleware | CorrelationId:b7f8bedf8c064b848812f699f4f522c8 | HTTP OPTIONS /api/notifications/unread-count responded 204 in 0.0705 ms
2026-04-21 22:49:16.829 +05:30 [INF] SmsApi.Middleware.LoggingActionFilter | CorrelationId:8bc82df460924a5e9a5a41daf6e31eac | API Request: GET /api/notifications/unread-count | User: Unknown | School: 00000000-0000-0000-0000-000000000001
2026-04-21 22:49:16.840 +05:30 [INF] SmsApi.Middleware.LoggingActionFilter | CorrelationId:8bc82df460924a5e9a5a41daf6e31eac | API Response: GET /api/notifications/unread-count | Status: 200 | Duration: 11ms
2026-04-21 22:49:16.850 +05:30 [INF] Serilog.AspNetCore.RequestLoggingMiddleware | CorrelationId:8bc82df460924a5e9a5a41daf6e31eac | HTTP GET /api/notifications/unread-count responded 200 in 21.0124 ms
2026-04-21 22:49:44.070 +05:30 [INF] Serilog.AspNetCore.RequestLoggingMiddleware | CorrelationId:dfa18bcf86d14872b612fd6659ef642e | HTTP OPTIONS /api/school-feature-permissions/schools responded 204 in 0.0786 ms
2026-04-21 22:49:44.090 +05:30 [INF] Serilog.AspNetCore.RequestLoggingMiddleware | CorrelationId:08be21f577b14cc1bd8614da756b9474 | HTTP OPTIONS /api/school-feature-permissions/schools responded 204 in 16.9635 ms
2026-04-21 22:49:44.113 +05:30 [INF] SmsApi.Middleware.LoggingActionFilter | CorrelationId:36216a22ea6a462eb978efbeb5d2f326 | API Request: GET /api/school-feature-permissions/schools | User: Unknown | School: 00000000-0000-0000-0000-000000000001
2026-04-21 22:49:44.125 +05:30 [INF] SmsApi.Middleware.LoggingActionFilter | CorrelationId:36fc119c8f4748f9bdc4dd7326c2aadd | API Request: GET /api/school-feature-permissions/schools | User: Unknown | School: 00000000-0000-0000-0000-000000000001
2026-04-21 22:49:44.149 +05:30 [INF] SmsApi.Middleware.LoggingActionFilter | CorrelationId:36216a22ea6a462eb978efbeb5d2f326 | API Response: GET /api/school-feature-permissions/schools | Status: 200 | Duration: 35ms
2026-04-21 22:49:44.152 +05:30 [INF] SmsApi.Middleware.LoggingActionFilter | CorrelationId:36fc119c8f4748f9bdc4dd7326c2aadd | API Response: GET /api/school-feature-permissions/schools | Status: 200 | Duration: 26ms
2026-04-21 22:49:44.159 +05:30 [INF] Serilog.AspNetCore.RequestLoggingMiddleware | CorrelationId:36216a22ea6a462eb978efbeb5d2f326 | HTTP GET /api/school-feature-permissions/schools responded 200 in 45.9761 ms
2026-04-21 22:49:44.162 +05:30 [INF] Serilog.AspNetCore.RequestLoggingMiddleware | CorrelationId:36fc119c8f4748f9bdc4dd7326c2aadd | HTTP GET /api/school-feature-permissions/schools responded 200 in 37.5052 ms
2026-04-21 22:49:46.879 +05:30 [INF] Serilog.AspNetCore.RequestLoggingMiddleware | CorrelationId:67a713993390497b9d1656c196cc1a81 | HTTP OPTIONS /api/notifications/unread-count responded 204 in 0.0400 ms
2026-04-21 22:49:46.904 +05:30 [INF] SmsApi.Middleware.LoggingActionFilter | CorrelationId:811882eb702b43149deb19ec78b3c67c | API Request: GET /api/notifications/unread-count | User: Unknown | School: 00000000-0000-0000-0000-000000000001
2026-04-21 22:49:46.914 +05:30 [INF] SmsApi.Middleware.LoggingActionFilter | CorrelationId:811882eb702b43149deb19ec78b3c67c | API Response: GET /api/notifications/unread-count | Status: 200 | Duration: 10ms
2026-04-21 22:49:46.917 +05:30 [INF] Serilog.AspNetCore.RequestLoggingMiddleware | CorrelationId:811882eb702b43149deb19ec78b3c67c | HTTP GET /api/notifications/unread-count responded 200 in 13.6077 ms
2026-04-21 22:49:58.431 +05:30 [INF] Serilog.AspNetCore.RequestLoggingMiddleware | CorrelationId:682914a1eb6b4c58a4448fb2456fb5fb | HTTP OPTIONS /api/school-feature-permissions/schools/550e8400-e29b-41d4-a716-446655440000 responded 204 in 0.0402 ms
2026-04-21 22:49:58.814 +05:30 [INF] SmsApi.Middleware.LoggingActionFilter | CorrelationId:6fac19723ada4c54a9cb4a537aa23aef | API Request: PUT /api/school-feature-permissions/schools/550e8400-e29b-41d4-a716-446655440000 | User: Unknown | School: 00000000-0000-0000-0000-000000000001
2026-04-21 22:49:58.907 +05:30 [INF] SmsApi.Middleware.LoggingActionFilter | CorrelationId:6fac19723ada4c54a9cb4a537aa23aef | API Response: PUT /api/school-feature-permissions/schools/550e8400-e29b-41d4-a716-446655440000 | Status: 200 | Duration: 92ms
2026-04-21 22:49:58.921 +05:30 [INF] Serilog.AspNetCore.RequestLoggingMiddleware | CorrelationId:6fac19723ada4c54a9cb4a537aa23aef | HTTP PUT /api/school-feature-permissions/schools/550e8400-e29b-41d4-a716-446655440000 responded 200 in 290.7053 ms
2026-04-21 22:49:58.984 +05:30 [INF] Serilog.AspNetCore.RequestLoggingMiddleware | CorrelationId:f4ea9923982d4aa0933702499c473d75 | HTTP OPTIONS /api/school-feature-permissions/schools responded 204 in 0.0508 ms
2026-04-21 22:49:59.010 +05:30 [INF] SmsApi.Middleware.LoggingActionFilter | CorrelationId:1b055282d0ce40f3a1686ead71b8b713 | API Request: GET /api/school-feature-permissions/schools | User: Unknown | School: 00000000-0000-0000-0000-000000000001
2026-04-21 22:49:59.030 +05:30 [INF] SmsApi.Middleware.LoggingActionFilter | CorrelationId:1b055282d0ce40f3a1686ead71b8b713 | API Response: GET /api/school-feature-permissions/schools | Status: 200 | Duration: 19ms
2026-04-21 22:49:59.046 +05:30 [INF] Serilog.AspNetCore.RequestLoggingMiddleware | CorrelationId:1b055282d0ce40f3a1686ead71b8b713 | HTTP GET /api/school-feature-permissions/schools responded 200 in 36.8420 ms
2026-04-21 22:50:04.656 +05:30 [INF] Serilog.AspNetCore.RequestLoggingMiddleware | CorrelationId:de4eeaf4002f4d93b0e32497449a8b90 | HTTP OPTIONS /api/school-feature-permissions/stats responded 204 in 0.1110 ms
2026-04-21 22:50:04.659 +05:30 [INF] Serilog.AspNetCore.RequestLoggingMiddleware | CorrelationId:2b1bec517ca943cdaafc1a554ed0ca73 | HTTP OPTIONS /api/school-feature-permissions/schools/550e8400-e29b-41d4-a716-446655440000 responded 204 in 0.0322 ms
2026-04-21 22:50:04.660 +05:30 [INF] Serilog.AspNetCore.RequestLoggingMiddleware | CorrelationId:e6c143a30f7748d891367c8731ab540c | HTTP OPTIONS /api/school-feature-permissions/stats responded 204 in 0.0233 ms
2026-04-21 22:50:04.661 +05:30 [INF] Serilog.AspNetCore.RequestLoggingMiddleware | CorrelationId:405cd2343bcc492d917db7af2f1e6bca | HTTP OPTIONS /api/school-feature-permissions/schools/550e8400-e29b-41d4-a716-446655440000 responded 204 in 0.0395 ms
2026-04-21 22:50:04.734 +05:30 [INF] SmsApi.Middleware.LoggingActionFilter | CorrelationId:093137ee1a364cd5b81afc354d9ca605 | API Request: GET /api/school-feature-permissions/schools/550e8400-e29b-41d4-a716-446655440000 | User: Unknown | School: 00000000-0000-0000-0000-000000000001
2026-04-21 22:50:04.745 +05:30 [INF] SmsApi.Middleware.LoggingActionFilter | CorrelationId:1b60cc94ded34bfcb8aa34190e3a832d | API Request: GET /api/school-feature-permissions/stats | User: Unknown | School: 00000000-0000-0000-0000-000000000001
2026-04-21 22:50:04.755 +05:30 [INF] SmsApi.Middleware.LoggingActionFilter | CorrelationId:5ad59e2bdc5b41888a06bd4667712e37 | API Request: GET /api/school-feature-permissions/stats | User: Unknown | School: 00000000-0000-0000-0000-000000000001
2026-04-21 22:50:04.775 +05:30 [INF] SmsApi.Middleware.LoggingActionFilter | CorrelationId:7010fb2397174546a72e3fda321e06e4 | API Request: GET /api/school-feature-permissions/schools/550e8400-e29b-41d4-a716-446655440000 | User: Unknown | School: 00000000-0000-0000-0000-000000000001
2026-04-21 22:50:04.792 +05:30 [INF] SmsApi.Middleware.LoggingActionFilter | CorrelationId:093137ee1a364cd5b81afc354d9ca605 | API Response: GET /api/school-feature-permissions/schools/550e8400-e29b-41d4-a716-446655440000 | Status: 200 | Duration: 57ms
2026-04-21 22:50:04.815 +05:30 [INF] SmsApi.Middleware.LoggingActionFilter | CorrelationId:1b60cc94ded34bfcb8aa34190e3a832d | API Response: GET /api/school-feature-permissions/stats | Status: 200 | Duration: 70ms
2026-04-21 22:50:04.822 +05:30 [INF] SmsApi.Middleware.LoggingActionFilter | CorrelationId:5ad59e2bdc5b41888a06bd4667712e37 | API Response: GET /api/school-feature-permissions/stats | Status: 200 | Duration: 67ms
2026-04-21 22:50:04.831 +05:30 [INF] Serilog.AspNetCore.RequestLoggingMiddleware | CorrelationId:093137ee1a364cd5b81afc354d9ca605 | HTTP GET /api/school-feature-permissions/schools/550e8400-e29b-41d4-a716-446655440000 responded 200 in 97.1242 ms
2026-04-21 22:50:04.831 +05:30 [INF] SmsApi.Middleware.LoggingActionFilter | CorrelationId:7010fb2397174546a72e3fda321e06e4 | API Response: GET /api/school-feature-permissions/schools/550e8400-e29b-41d4-a716-446655440000 | Status: 200 | Duration: 56ms
2026-04-21 22:50:04.839 +05:30 [INF] Serilog.AspNetCore.RequestLoggingMiddleware | CorrelationId:1b60cc94ded34bfcb8aa34190e3a832d | HTTP GET /api/school-feature-permissions/stats responded 200 in 105.9310 ms
2026-04-21 22:50:04.847 +05:30 [INF] Serilog.AspNetCore.RequestLoggingMiddleware | CorrelationId:5ad59e2bdc5b41888a06bd4667712e37 | HTTP GET /api/school-feature-permissions/stats responded 200 in 92.9694 ms
2026-04-21 22:50:04.905 +05:30 [INF] Serilog.AspNetCore.RequestLoggingMiddleware | CorrelationId:7010fb2397174546a72e3fda321e06e4 | HTTP GET /api/school-feature-permissions/schools/550e8400-e29b-41d4-a716-446655440000 responded 200 in 130.7215 ms
2026-04-21 22:50:10.667 +05:30 [INF] Serilog.AspNetCore.RequestLoggingMiddleware | CorrelationId:ee2e6e0110d441d1947708aa6ad5cf81 | HTTP OPTIONS /api/school-feature-permissions/stats responded 204 in 0.0573 ms
2026-04-21 22:50:10.690 +05:30 [INF] Serilog.AspNetCore.RequestLoggingMiddleware | CorrelationId:f769095d9c284203ad1bde34f5ce5b8a | HTTP OPTIONS /api/school-feature-permissions/stats responded 204 in 0.1455 ms
2026-04-21 22:50:11.361 +05:30 [WRN] SmsApi.Infrastructure.Performance.PerformanceMonitoringMiddleware | CorrelationId: | Slow request: OPTIONS /api/school-feature-permissions/stats took 694ms — status 204.
2026-04-21 22:50:11.413 +05:30 [WRN] SmsApi.Infrastructure.Performance.PerformanceMonitoringMiddleware | CorrelationId: | Slow request: OPTIONS /api/school-feature-permissions/stats took 723ms — status 204.
2026-04-21 22:50:12.079 +05:30 [INF] Serilog.AspNetCore.RequestLoggingMiddleware | CorrelationId:d8a4749e94284da7a1342daaba105aa1 | HTTP OPTIONS /api/academics/academic-years responded 204 in 0.0499 ms
2026-04-21 22:50:12.079 +05:30 [INF] Serilog.AspNetCore.RequestLoggingMiddleware | CorrelationId:4ee97949accf4999a271b02245e24509 | HTTP OPTIONS /api/academics/academic-years responded 204 in 0.0059 ms
2026-04-21 22:50:12.249 +05:30 [INF] Serilog.AspNetCore.RequestLoggingMiddleware | CorrelationId:557eb9aa1a09472a8f56668412455989 | HTTP GET /api/academics/academic-years responded 401 in 1.9829 ms
2026-04-21 22:50:12.258 +05:30 [INF] Serilog.AspNetCore.RequestLoggingMiddleware | CorrelationId:151ac73b62a44a839be04f41fb27b07d | HTTP GET /api/academics/academic-years responded 401 in 0.2269 ms
2026-04-21 22:50:16.664 +05:30 [INF] Serilog.AspNetCore.RequestLoggingMiddleware | CorrelationId:50531c34f23e46e8b849ac6265dd2763 | HTTP OPTIONS /api/auth/login responded 204 in 0.0829 ms
2026-04-21 22:50:16.696 +05:30 [INF] SmsApi.Middleware.LoggingActionFilter | CorrelationId:f1205ebf5a424d50827507e9503019ff | API Request: POST /api/auth/login | User: Unknown | School: Unknown
2026-04-21 22:50:17.246 +05:30 [INF] SmsApi.Controllers.AuthController | CorrelationId:f1205ebf5a424d50827507e9503019ff | Login successful for admin (SchoolId: "550e8400-e29b-41d4-a716-446655440000")
2026-04-21 22:50:17.248 +05:30 [INF] SmsApi.Middleware.LoggingActionFilter | CorrelationId:f1205ebf5a424d50827507e9503019ff | API Response: POST /api/auth/login | Status: 200 | Duration: 552ms
2026-04-21 22:50:17.257 +05:30 [INF] Serilog.AspNetCore.RequestLoggingMiddleware | CorrelationId:f1205ebf5a424d50827507e9503019ff | HTTP POST /api/auth/login responded 200 in 584.4267 ms
2026-04-21 22:50:17.274 +05:30 [WRN] SmsApi.Infrastructure.Performance.PerformanceMonitoringMiddleware | CorrelationId: | Slow request: POST /api/auth/login took 580ms — status 200.
2026-04-21 22:50:17.547 +05:30 [INF] Serilog.AspNetCore.RequestLoggingMiddleware | CorrelationId:8dc79f6b6e174f989c5bbe6a088183ca | HTTP OPTIONS /api/settings/school/me responded 204 in 0.0432 ms
2026-04-21 22:50:18.845 +05:30 [INF] Serilog.AspNetCore.RequestLoggingMiddleware | CorrelationId:cc9d35b32a4d43d199d72bdd294b7318 | HTTP OPTIONS /api/academics/academic-years responded 204 in 0.0446 ms
2026-04-21 22:50:18.847 +05:30 [INF] Serilog.AspNetCore.RequestLoggingMiddleware | CorrelationId:6676d7e47fb84fcebe9dec5353852e9c | HTTP OPTIONS /api/academics/academic-years responded 204 in 0.0351 ms
2026-04-21 22:50:18.847 +05:30 [INF] Serilog.AspNetCore.RequestLoggingMiddleware | CorrelationId:7766f3d7a7764f65bb8ecf4fb2ec828b | HTTP OPTIONS /api/settings/school/me responded 204 in 0.0051 ms
2026-04-21 22:50:19.261 +05:30 [INF] Serilog.AspNetCore.RequestLoggingMiddleware | CorrelationId:242baab225734d77addafca786902832 | HTTP OPTIONS /api/notifications/unread-count responded 204 in 0.1853 ms
2026-04-21 22:50:19.357 +05:30 [INF] Serilog.AspNetCore.RequestLoggingMiddleware | CorrelationId:d57c0420596f480aa0e6fe29b7bebf66 | HTTP OPTIONS /api/analytics/dashboard/summary responded 204 in 0.0325 ms
2026-04-21 22:50:19.403 +05:30 [INF] Serilog.AspNetCore.RequestLoggingMiddleware | CorrelationId:fa804f013fc94a6e8ec0c754737592f1 | HTTP OPTIONS /api/analytics/dashboard/summary responded 204 in 0.0949 ms
2026-04-21 22:50:19.413 +05:30 [WRN] SmsApi.Infrastructure.Performance.PerformanceMonitoringMiddleware | CorrelationId: | Slow request: OPTIONS /api/academics/academic-years took 569ms — status 204.
2026-04-21 22:50:19.418 +05:30 [WRN] SmsApi.Infrastructure.Performance.PerformanceMonitoringMiddleware | CorrelationId: | Slow request: OPTIONS /api/academics/academic-years took 570ms — status 204.
2026-04-21 22:50:19.422 +05:30 [WRN] SmsApi.Infrastructure.Performance.PerformanceMonitoringMiddleware | CorrelationId: | Slow request: OPTIONS /api/settings/school/me took 574ms — status 204.
2026-04-21 22:50:19.435 +05:30 [INF] SmsApi.Middleware.LoggingActionFilter | CorrelationId:f8640b1c2b7c48f4a8a84149d4c14f59 | API Request: GET /api/notifications/unread-count | User: Unknown | School: 550e8400-e29b-41d4-a716-446655440000
2026-04-21 22:50:19.449 +05:30 [INF] SmsApi.Middleware.LoggingActionFilter | CorrelationId:f56c43eb10344525b45516bb63173ee0 | API Request: GET /api/analytics/dashboard/summary | User: Unknown | School: 550e8400-e29b-41d4-a716-446655440000
2026-04-21 22:50:19.460 +05:30 [INF] SmsApi.Middleware.LoggingActionFilter | CorrelationId:4e1b8ff9ef6f45a98b88efc89780e315 | API Request: GET /api/analytics/dashboard/summary | User: Unknown | School: 550e8400-e29b-41d4-a716-446655440000
2026-04-21 22:50:19.472 +05:30 [INF] SmsApi.Middleware.LoggingActionFilter | CorrelationId:0ff8bcefaa47481ba500cf7b0ab9fb5d | API Request: GET /api/academics/academic-years | User: Unknown | School: 550e8400-e29b-41d4-a716-446655440000
2026-04-21 22:50:19.476 +05:30 [INF] SmsApi.Middleware.LoggingActionFilter | CorrelationId:a3caa58710e1450387459a5aee609b78 | API Request: GET /api/academics/academic-years | User: Unknown | School: 550e8400-e29b-41d4-a716-446655440000
2026-04-21 22:50:19.481 +05:30 [INF] SmsApi.Middleware.LoggingActionFilter | CorrelationId:5c69a86eac1645b0ad4b55378382e76a | API Request: GET /api/settings/school/me | User: Unknown | School: 550e8400-e29b-41d4-a716-446655440000
2026-04-21 22:50:19.485 +05:30 [INF] SmsApi.Middleware.LoggingActionFilter | CorrelationId:f8640b1c2b7c48f4a8a84149d4c14f59 | API Response: GET /api/notifications/unread-count | Status: 200 | Duration: 49ms
2026-04-21 22:50:19.515 +05:30 [INF] SmsApi.Middleware.LoggingActionFilter | CorrelationId:0ff8bcefaa47481ba500cf7b0ab9fb5d | API Response: GET /api/academics/academic-years | Status: 200 | Duration: 43ms
2026-04-21 22:50:19.530 +05:30 [INF] SmsApi.Middleware.LoggingActionFilter | CorrelationId:5c69a86eac1645b0ad4b55378382e76a | API Response: GET /api/settings/school/me | Status: 200 | Duration: 48ms
2026-04-21 22:50:19.530 +05:30 [INF] SmsApi.Middleware.LoggingActionFilter | CorrelationId:a3caa58710e1450387459a5aee609b78 | API Response: GET /api/academics/academic-years | Status: 200 | Duration: 54ms
2026-04-21 22:50:19.534 +05:30 [INF] Serilog.AspNetCore.RequestLoggingMiddleware | CorrelationId:f8640b1c2b7c48f4a8a84149d4c14f59 | HTTP GET /api/notifications/unread-count responded 200 in 101.1373 ms
2026-04-21 22:50:19.543 +05:30 [INF] SmsApi.Middleware.LoggingActionFilter | CorrelationId:4e1b8ff9ef6f45a98b88efc89780e315 | API Response: GET /api/analytics/dashboard/summary | Status: 200 | Duration: 83ms
2026-04-21 22:50:19.544 +05:30 [INF] Serilog.AspNetCore.RequestLoggingMiddleware | CorrelationId:0ff8bcefaa47481ba500cf7b0ab9fb5d | HTTP GET /api/academics/academic-years responded 200 in 74.0340 ms
2026-04-21 22:50:19.544 +05:30 [INF] SmsApi.Middleware.LoggingActionFilter | CorrelationId:f56c43eb10344525b45516bb63173ee0 | API Response: GET /api/analytics/dashboard/summary | Status: 200 | Duration: 94ms
2026-04-21 22:50:19.550 +05:30 [INF] Serilog.AspNetCore.RequestLoggingMiddleware | CorrelationId:5c69a86eac1645b0ad4b55378382e76a | HTTP GET /api/settings/school/me responded 200 in 69.6473 ms
2026-04-21 22:50:19.562 +05:30 [INF] Serilog.AspNetCore.RequestLoggingMiddleware | CorrelationId:a3caa58710e1450387459a5aee609b78 | HTTP GET /api/academics/academic-years responded 200 in 86.7083 ms
2026-04-21 22:50:19.698 +05:30 [INF] Serilog.AspNetCore.RequestLoggingMiddleware | CorrelationId:4e1b8ff9ef6f45a98b88efc89780e315 | HTTP GET /api/analytics/dashboard/summary responded 200 in 240.7777 ms
2026-04-21 22:50:19.715 +05:30 [INF] Serilog.AspNetCore.RequestLoggingMiddleware | CorrelationId:f56c43eb10344525b45516bb63173ee0 | HTTP GET /api/analytics/dashboard/summary responded 200 in 269.1467 ms
2026-04-21 22:50:27.784 +05:30 [INF] Serilog.AspNetCore.RequestLoggingMiddleware | CorrelationId:b945c737afe344188cba8489af2e6233 | HTTP OPTIONS /api/fees/records responded 204 in 0.0428 ms
2026-04-21 22:50:27.800 +05:30 [INF] Serilog.AspNetCore.RequestLoggingMiddleware | CorrelationId:2df4ffd1a6644d429f4beb535a885615 | HTTP OPTIONS /api/fees/structures responded 204 in 0.0563 ms
2026-04-21 22:50:27.805 +05:30 [INF] Serilog.AspNetCore.RequestLoggingMiddleware | CorrelationId:395d495f624946afa297785ac54f6f80 | HTTP OPTIONS /api/fees/stats responded 204 in 0.0828 ms
2026-04-21 22:50:27.805 +05:30 [INF] Serilog.AspNetCore.RequestLoggingMiddleware | CorrelationId:cd09cc7683fa437fb62b85a4952b2631 | HTTP OPTIONS /api/fees/records responded 204 in 0.0237 ms
2026-04-21 22:50:27.805 +05:30 [INF] Serilog.AspNetCore.RequestLoggingMiddleware | CorrelationId:2dc1bf22ea594729af91776fa89e8d1d | HTTP OPTIONS /api/fees/structures responded 204 in 0.0143 ms
2026-04-21 22:50:27.807 +05:30 [INF] Serilog.AspNetCore.RequestLoggingMiddleware | CorrelationId:b94aecf87e5e48a18e5a62d674cee012 | HTTP OPTIONS /api/fees/stats responded 204 in 0.0208 ms
2026-04-21 22:50:27.841 +05:30 [INF] SmsApi.Middleware.LoggingActionFilter | CorrelationId:d256ebd0a2fb42f4abae832b2cac0a2a | API Request: GET /api/fees/records | User: Unknown | School: 550e8400-e29b-41d4-a716-446655440000
2026-04-21 22:50:27.860 +05:30 [INF] SmsApi.Middleware.LoggingActionFilter | CorrelationId:bad86087fe084413a2c06a7b82b84e25 | API Request: GET /api/fees/structures | User: Unknown | School: 550e8400-e29b-41d4-a716-446655440000
2026-04-21 22:50:27.888 +05:30 [INF] SmsApi.Middleware.LoggingActionFilter | CorrelationId:6b3e690276ea4171b860bcb70fd029f9 | API Request: GET /api/fees/records | User: Unknown | School: 550e8400-e29b-41d4-a716-446655440000
2026-04-21 22:50:27.901 +05:30 [INF] SmsApi.Middleware.LoggingActionFilter | CorrelationId:932d09c7fc484d43b186374844a55295 | API Request: GET /api/fees/stats | User: Unknown | School: 550e8400-e29b-41d4-a716-446655440000
2026-04-21 22:50:27.914 +05:30 [INF] SmsApi.Middleware.LoggingActionFilter | CorrelationId:811ade968dc24139acba4f97a7cfcaf6 | API Request: GET /api/fees/structures | User: Unknown | School: 550e8400-e29b-41d4-a716-446655440000
2026-04-21 22:50:27.927 +05:30 [INF] SmsApi.Middleware.LoggingActionFilter | CorrelationId:a7f7b19194dd4035a15dc1a341c4f6c5 | API Request: GET /api/fees/stats | User: Unknown | School: 550e8400-e29b-41d4-a716-446655440000
2026-04-21 22:50:27.946 +05:30 [INF] SmsApi.Middleware.LoggingActionFilter | CorrelationId:bad86087fe084413a2c06a7b82b84e25 | API Response: GET /api/fees/structures | Status: 200 | Duration: 86ms
2026-04-21 22:50:27.956 +05:30 [INF] SmsApi.Middleware.LoggingActionFilter | CorrelationId:d256ebd0a2fb42f4abae832b2cac0a2a | API Response: GET /api/fees/records | Status: 200 | Duration: 114ms
2026-04-21 22:50:27.974 +05:30 [INF] SmsApi.Middleware.LoggingActionFilter | CorrelationId:6b3e690276ea4171b860bcb70fd029f9 | API Response: GET /api/fees/records | Status: 200 | Duration: 86ms
2026-04-21 22:50:27.978 +05:30 [INF] SmsApi.Middleware.LoggingActionFilter | CorrelationId:811ade968dc24139acba4f97a7cfcaf6 | API Response: GET /api/fees/structures | Status: 200 | Duration: 64ms
2026-04-21 22:50:27.988 +05:30 [INF] SmsApi.Middleware.LoggingActionFilter | CorrelationId:932d09c7fc484d43b186374844a55295 | API Response: GET /api/fees/stats | Status: 200 | Duration: 87ms
2026-04-21 22:50:27.991 +05:30 [INF] Serilog.AspNetCore.RequestLoggingMiddleware | CorrelationId:bad86087fe084413a2c06a7b82b84e25 | HTTP GET /api/fees/structures responded 200 in 140.1839 ms
2026-04-21 22:50:27.995 +05:30 [INF] Serilog.AspNetCore.RequestLoggingMiddleware | CorrelationId:d256ebd0a2fb42f4abae832b2cac0a2a | HTTP GET /api/fees/records responded 200 in 159.9075 ms
2026-04-21 22:50:28.001 +05:30 [INF] SmsApi.Middleware.LoggingActionFilter | CorrelationId:a7f7b19194dd4035a15dc1a341c4f6c5 | API Response: GET /api/fees/stats | Status: 200 | Duration: 73ms
2026-04-21 22:50:28.004 +05:30 [INF] Serilog.AspNetCore.RequestLoggingMiddleware | CorrelationId:6b3e690276ea4171b860bcb70fd029f9 | HTTP GET /api/fees/records responded 200 in 123.3032 ms
2026-04-21 22:50:28.007 +05:30 [INF] Serilog.AspNetCore.RequestLoggingMiddleware | CorrelationId:811ade968dc24139acba4f97a7cfcaf6 | HTTP GET /api/fees/structures responded 200 in 96.6675 ms
2026-04-21 22:50:28.012 +05:30 [INF] Serilog.AspNetCore.RequestLoggingMiddleware | CorrelationId:932d09c7fc484d43b186374844a55295 | HTTP GET /api/fees/stats responded 200 in 122.8807 ms
2026-04-21 22:50:28.083 +05:30 [INF] Serilog.AspNetCore.RequestLoggingMiddleware | CorrelationId:a7f7b19194dd4035a15dc1a341c4f6c5 | HTTP GET /api/fees/stats responded 200 in 157.6232 ms
2026-04-21 22:50:49.588 +05:30 [INF] Serilog.AspNetCore.RequestLoggingMiddleware | CorrelationId:72e9e74307394c7f93ffbee3cc389b43 | HTTP OPTIONS /api/notifications/unread-count responded 204 in 0.0518 ms
2026-04-21 22:50:49.597 +05:30 [INF] SmsApi.Middleware.LoggingActionFilter | CorrelationId:21289ac305e442fd8ef1f86d4f8cb7ce | API Request: GET /api/notifications/unread-count | User: Unknown | School: 550e8400-e29b-41d4-a716-446655440000
2026-04-21 22:50:49.617 +05:30 [INF] SmsApi.Middleware.LoggingActionFilter | CorrelationId:21289ac305e442fd8ef1f86d4f8cb7ce | API Response: GET /api/notifications/unread-count | Status: 200 | Duration: 20ms
2026-04-21 22:50:49.621 +05:30 [INF] Serilog.AspNetCore.RequestLoggingMiddleware | CorrelationId:21289ac305e442fd8ef1f86d4f8cb7ce | HTTP GET /api/notifications/unread-count responded 200 in 25.1996 ms
2026-04-21 22:51:19.649 +05:30 [INF] Serilog.AspNetCore.RequestLoggingMiddleware | CorrelationId:86d85c08ee264bc79e418b86b676c1cf | HTTP OPTIONS /api/notifications/unread-count responded 204 in 0.0426 ms
2026-04-21 22:51:19.681 +05:30 [INF] SmsApi.Middleware.LoggingActionFilter | CorrelationId:6f246ea09ee34361a71432cebe1938e6 | API Request: GET /api/notifications/unread-count | User: Unknown | School: 550e8400-e29b-41d4-a716-446655440000
2026-04-21 22:51:19.689 +05:30 [INF] SmsApi.Middleware.LoggingActionFilter | CorrelationId:6f246ea09ee34361a71432cebe1938e6 | API Response: GET /api/notifications/unread-count | Status: 200 | Duration: 8ms
2026-04-21 22:51:19.694 +05:30 [INF] Serilog.AspNetCore.RequestLoggingMiddleware | CorrelationId:6f246ea09ee34361a71432cebe1938e6 | HTTP GET /api/notifications/unread-count responded 200 in 13.6335 ms
2026-04-21 22:51:49.715 +05:30 [INF] Serilog.AspNetCore.RequestLoggingMiddleware | CorrelationId:dcb64b636ad340d0bc54ad98de946ab1 | HTTP OPTIONS /api/notifications/unread-count responded 204 in 0.0489 ms
2026-04-21 22:51:49.737 +05:30 [INF] SmsApi.Middleware.LoggingActionFilter | CorrelationId:2e21a136fd474dc9bf84dbbc3892c06f | API Request: GET /api/notifications/unread-count | User: Unknown | School: 550e8400-e29b-41d4-a716-446655440000
2026-04-21 22:51:49.744 +05:30 [INF] SmsApi.Middleware.LoggingActionFilter | CorrelationId:2e21a136fd474dc9bf84dbbc3892c06f | API Response: GET /api/notifications/unread-count | Status: 200 | Duration: 6ms
2026-04-21 22:51:49.756 +05:30 [INF] Serilog.AspNetCore.RequestLoggingMiddleware | CorrelationId:2e21a136fd474dc9bf84dbbc3892c06f | HTTP GET /api/notifications/unread-count responded 200 in 19.8349 ms
2026-04-21 22:52:19.784 +05:30 [INF] Serilog.AspNetCore.RequestLoggingMiddleware | CorrelationId:ef5d27b87a934a6f93e3d6efaa681b56 | HTTP OPTIONS /api/notifications/unread-count responded 204 in 0.1845 ms
2026-04-21 22:52:19.801 +05:30 [INF] SmsApi.Middleware.LoggingActionFilter | CorrelationId:f6f14a6cd80c4fbfb35ab88234446e99 | API Request: GET /api/notifications/unread-count | User: Unknown | School: 550e8400-e29b-41d4-a716-446655440000
2026-04-21 22:52:19.826 +05:30 [INF] SmsApi.Middleware.LoggingActionFilter | CorrelationId:f6f14a6cd80c4fbfb35ab88234446e99 | API Response: GET /api/notifications/unread-count | Status: 200 | Duration: 25ms
2026-04-21 22:52:19.833 +05:30 [INF] Serilog.AspNetCore.RequestLoggingMiddleware | CorrelationId:f6f14a6cd80c4fbfb35ab88234446e99 | HTTP GET /api/notifications/unread-count responded 200 in 32.3584 ms
2026-04-21 22:52:49.867 +05:30 [INF] Serilog.AspNetCore.RequestLoggingMiddleware | CorrelationId:aff0e3b478b045908fd0717e806583ab | HTTP OPTIONS /api/notifications/unread-count responded 204 in 0.0607 ms
2026-04-21 22:52:49.877 +05:30 [INF] SmsApi.Middleware.LoggingActionFilter | CorrelationId:c6899c29a8d9467f8fed0dc761c2a3da | API Request: GET /api/notifications/unread-count | User: Unknown | School: 550e8400-e29b-41d4-a716-446655440000
2026-04-21 22:52:49.967 +05:30 [INF] SmsApi.Middleware.LoggingActionFilter | CorrelationId:c6899c29a8d9467f8fed0dc761c2a3da | API Response: GET /api/notifications/unread-count | Status: 200 | Duration: 90ms
2026-04-21 22:52:49.970 +05:30 [INF] Serilog.AspNetCore.RequestLoggingMiddleware | CorrelationId:c6899c29a8d9467f8fed0dc761c2a3da | HTTP GET /api/notifications/unread-count responded 200 in 94.1722 ms
2026-04-21 22:53:19.987 +05:30 [INF] Serilog.AspNetCore.RequestLoggingMiddleware | CorrelationId:26d9d8ba4e454f8194fd4f8d968c7c98 | HTTP OPTIONS /api/notifications/unread-count responded 204 in 0.3410 ms
2026-04-21 22:53:20.016 +05:30 [INF] SmsApi.Middleware.LoggingActionFilter | CorrelationId:c7c3b8440a684ed08d70f6cbc3e3dea0 | API Request: GET /api/notifications/unread-count | User: Unknown | School: 550e8400-e29b-41d4-a716-446655440000
2026-04-21 22:53:20.027 +05:30 [INF] SmsApi.Middleware.LoggingActionFilter | CorrelationId:c7c3b8440a684ed08d70f6cbc3e3dea0 | API Response: GET /api/notifications/unread-count | Status: 200 | Duration: 10ms
2026-04-21 22:53:20.039 +05:30 [INF] Serilog.AspNetCore.RequestLoggingMiddleware | CorrelationId:c7c3b8440a684ed08d70f6cbc3e3dea0 | HTTP GET /api/notifications/unread-count responded 200 in 40.1654 ms
2026-04-21 22:53:50.066 +05:30 [INF] Serilog.AspNetCore.RequestLoggingMiddleware | CorrelationId:4da726541c6d40eba394df958f1ed9d7 | HTTP OPTIONS /api/notifications/unread-count responded 204 in 0.0632 ms
2026-04-21 22:53:50.098 +05:30 [INF] SmsApi.Middleware.LoggingActionFilter | CorrelationId:7d92aadffe4146c2bed495d428592df6 | API Request: GET /api/notifications/unread-count | User: Unknown | School: 550e8400-e29b-41d4-a716-446655440000
2026-04-21 22:53:50.110 +05:30 [INF] SmsApi.Middleware.LoggingActionFilter | CorrelationId:7d92aadffe4146c2bed495d428592df6 | API Response: GET /api/notifications/unread-count | Status: 200 | Duration: 11ms
2026-04-21 22:53:50.116 +05:30 [INF] Serilog.AspNetCore.RequestLoggingMiddleware | CorrelationId:7d92aadffe4146c2bed495d428592df6 | HTTP GET /api/notifications/unread-count responded 200 in 18.9108 ms
2026-04-21 22:54:20.150 +05:30 [INF] Serilog.AspNetCore.RequestLoggingMiddleware | CorrelationId:5908b67bd1ad41bbb77814d7264e77b0 | HTTP OPTIONS /api/notifications/unread-count responded 204 in 0.4218 ms
2026-04-21 22:54:20.210 +05:30 [INF] SmsApi.Middleware.LoggingActionFilter | CorrelationId:74b705c3029c4ba19dc0aedfcfb61b5a | API Request: GET /api/notifications/unread-count | User: Unknown | School: 550e8400-e29b-41d4-a716-446655440000
2026-04-21 22:54:20.220 +05:30 [INF] SmsApi.Middleware.LoggingActionFilter | CorrelationId:74b705c3029c4ba19dc0aedfcfb61b5a | API Response: GET /api/notifications/unread-count | Status: 200 | Duration: 9ms
2026-04-21 22:54:20.228 +05:30 [INF] Serilog.AspNetCore.RequestLoggingMiddleware | CorrelationId:74b705c3029c4ba19dc0aedfcfb61b5a | HTTP GET /api/notifications/unread-count responded 200 in 19.4154 ms
2026-04-21 22:54:50.257 +05:30 [INF] Serilog.AspNetCore.RequestLoggingMiddleware | CorrelationId:f1c77a2ec25b4276977da5d378293b14 | HTTP OPTIONS /api/notifications/unread-count responded 204 in 0.2345 ms
2026-04-21 22:54:50.292 +05:30 [INF] SmsApi.Middleware.LoggingActionFilter | CorrelationId:562c506125a2459b8c951350736fc7ac | API Request: GET /api/notifications/unread-count | User: Unknown | School: 550e8400-e29b-41d4-a716-446655440000
2026-04-21 22:54:50.306 +05:30 [INF] SmsApi.Middleware.LoggingActionFilter | CorrelationId:562c506125a2459b8c951350736fc7ac | API Response: GET /api/notifications/unread-count | Status: 200 | Duration: 14ms
2026-04-21 22:54:50.311 +05:30 [INF] Serilog.AspNetCore.RequestLoggingMiddleware | CorrelationId:562c506125a2459b8c951350736fc7ac | HTTP GET /api/notifications/unread-count responded 200 in 20.3199 ms
2026-04-21 22:55:20.340 +05:30 [INF] Serilog.AspNetCore.RequestLoggingMiddleware | CorrelationId:3f51909fa23241ada7ce20357fbe5736 | HTTP OPTIONS /api/notifications/unread-count responded 204 in 0.1718 ms
2026-04-21 22:55:20.372 +05:30 [INF] SmsApi.Middleware.LoggingActionFilter | CorrelationId:9ff816b09a0b40cda83a7f468e1e4e1b | API Request: GET /api/notifications/unread-count | User: Unknown | School: 550e8400-e29b-41d4-a716-446655440000
2026-04-21 22:55:20.418 +05:30 [INF] SmsApi.Middleware.LoggingActionFilter | CorrelationId:9ff816b09a0b40cda83a7f468e1e4e1b | API Response: GET /api/notifications/unread-count | Status: 200 | Duration: 45ms
2026-04-21 22:55:20.426 +05:30 [INF] Serilog.AspNetCore.RequestLoggingMiddleware | CorrelationId:9ff816b09a0b40cda83a7f468e1e4e1b | HTTP GET /api/notifications/unread-count responded 200 in 55.9319 ms
2026-04-21 22:55:47.107 +05:30 [INF] Serilog.AspNetCore.RequestLoggingMiddleware | CorrelationId:f8b4fe1bacb54ba2a43f5d28c9182128 | HTTP OPTIONS /api/permissions/roles responded 204 in 0.1276 ms
2026-04-21 22:55:47.142 +05:30 [INF] Serilog.AspNetCore.RequestLoggingMiddleware | CorrelationId:7d42020a187a4e5183c6b563053cd552 | HTTP OPTIONS /api/permissions/roles responded 204 in 0.0635 ms
2026-04-21 22:55:47.162 +05:30 [INF] Serilog.AspNetCore.RequestLoggingMiddleware | CorrelationId:74d7e8c8f5b24863bc33771e9358c7ad | HTTP OPTIONS /api/permissions/stats responded 204 in 57.1159 ms
2026-04-21 22:55:47.199 +05:30 [INF] Serilog.AspNetCore.RequestLoggingMiddleware | CorrelationId:83c4caac09bc449fae095ee6e428953f | HTTP OPTIONS /api/permissions/stats responded 204 in 0.1030 ms
2026-04-21 22:55:47.462 +05:30 [INF] SmsApi.Middleware.LoggingActionFilter | CorrelationId:48a317f374d749dbb65930f7439ec833 | API Request: GET /api/permissions/roles | User: Unknown | School: 550e8400-e29b-41d4-a716-446655440000
2026-04-21 22:55:47.470 +05:30 [INF] SmsApi.Middleware.LoggingActionFilter | CorrelationId:432e8c581d59416ab6d56eb8d5d907a3 | API Request: GET /api/permissions/roles | User: Unknown | School: 550e8400-e29b-41d4-a716-446655440000
2026-04-21 22:55:47.491 +05:30 [INF] SmsApi.Middleware.LoggingActionFilter | CorrelationId:1b92d4d5b0f44f839c3877ff47adb551 | API Request: GET /api/permissions/stats | User: Unknown | School: 550e8400-e29b-41d4-a716-446655440000
2026-04-21 22:55:47.506 +05:30 [INF] SmsApi.Middleware.LoggingActionFilter | CorrelationId:94b52177e4b24296845acf40e50bcd83 | API Request: GET /api/permissions/stats | User: Unknown | School: 550e8400-e29b-41d4-a716-446655440000
2026-04-21 22:55:47.708 +05:30 [INF] SmsApi.Middleware.LoggingActionFilter | CorrelationId:48a317f374d749dbb65930f7439ec833 | API Response: GET /api/permissions/roles | Status: 200 | Duration: 246ms
2026-04-21 22:55:47.775 +05:30 [INF] SmsApi.Middleware.LoggingActionFilter | CorrelationId:1b92d4d5b0f44f839c3877ff47adb551 | API Response: GET /api/permissions/stats | Status: 200 | Duration: 283ms
2026-04-21 22:55:47.784 +05:30 [INF] SmsApi.Middleware.LoggingActionFilter | CorrelationId:432e8c581d59416ab6d56eb8d5d907a3 | API Response: GET /api/permissions/roles | Status: 200 | Duration: 313ms
2026-04-21 22:55:47.963 +05:30 [INF] Serilog.AspNetCore.RequestLoggingMiddleware | CorrelationId:432e8c581d59416ab6d56eb8d5d907a3 | HTTP GET /api/permissions/roles responded 200 in 493.9536 ms
2026-04-21 22:55:47.878 +05:30 [INF] SmsApi.Middleware.LoggingActionFilter | CorrelationId:94b52177e4b24296845acf40e50bcd83 | API Response: GET /api/permissions/stats | Status: 200 | Duration: 371ms
2026-04-21 22:55:47.936 +05:30 [INF] Serilog.AspNetCore.RequestLoggingMiddleware | CorrelationId:1b92d4d5b0f44f839c3877ff47adb551 | HTTP GET /api/permissions/stats responded 200 in 452.0880 ms
2026-04-21 22:55:47.830 +05:30 [INF] Serilog.AspNetCore.RequestLoggingMiddleware | CorrelationId:48a317f374d749dbb65930f7439ec833 | HTTP GET /api/permissions/roles responded 200 in 371.4093 ms
2026-04-21 22:55:48.014 +05:30 [INF] Serilog.AspNetCore.RequestLoggingMiddleware | CorrelationId:94b52177e4b24296845acf40e50bcd83 | HTTP GET /api/permissions/stats responded 200 in 508.9309 ms
2026-04-21 22:55:48.213 +05:30 [WRN] SmsApi.Infrastructure.Performance.PerformanceMonitoringMiddleware | CorrelationId: | Slow request: GET /api/permissions/stats took 508ms — status 200.
2026-04-21 22:55:50.449 +05:30 [INF] Serilog.AspNetCore.RequestLoggingMiddleware | CorrelationId:215d8b8faa194d2684dccf31bb31e28e | HTTP OPTIONS /api/notifications/unread-count responded 204 in 0.2476 ms
2026-04-21 22:55:50.458 +05:30 [INF] SmsApi.Middleware.LoggingActionFilter | CorrelationId:dff17deac1614f1fba7350edc7f5d7cd | API Request: GET /api/notifications/unread-count | User: Unknown | School: 550e8400-e29b-41d4-a716-446655440000
2026-04-21 22:55:50.481 +05:30 [INF] SmsApi.Middleware.LoggingActionFilter | CorrelationId:dff17deac1614f1fba7350edc7f5d7cd | API Response: GET /api/notifications/unread-count | Status: 200 | Duration: 23ms
2026-04-21 22:55:50.486 +05:30 [INF] Serilog.AspNetCore.RequestLoggingMiddleware | CorrelationId:dff17deac1614f1fba7350edc7f5d7cd | HTTP GET /api/notifications/unread-count responded 200 in 31.2345 ms
2026-04-21 22:55:51.184 +05:30 [INF] Serilog.AspNetCore.RequestLoggingMiddleware | CorrelationId:9fe91fae3ebb4a78ac82229531e78886 | HTTP OPTIONS /api/analytics/dashboard/summary responded 204 in 0.1197 ms
2026-04-21 22:55:51.184 +05:30 [INF] Serilog.AspNetCore.RequestLoggingMiddleware | CorrelationId:b3195a0526c34df4b70804b287d86538 | HTTP OPTIONS /api/analytics/dashboard/summary responded 204 in 0.0161 ms
2026-04-21 22:55:51.220 +05:30 [INF] SmsApi.Middleware.LoggingActionFilter | CorrelationId:15e33cb37b9d43d8beb434201fd39013 | API Request: GET /api/analytics/dashboard/summary | User: Unknown | School: 550e8400-e29b-41d4-a716-446655440000
2026-04-21 22:55:51.230 +05:30 [INF] SmsApi.Middleware.LoggingActionFilter | CorrelationId:6beccc5dbb2841b8bf9a9d0b7549aaf7 | API Request: GET /api/analytics/dashboard/summary | User: Unknown | School: 550e8400-e29b-41d4-a716-446655440000
2026-04-21 22:55:51.308 +05:30 [INF] SmsApi.Middleware.LoggingActionFilter | CorrelationId:6beccc5dbb2841b8bf9a9d0b7549aaf7 | API Response: GET /api/analytics/dashboard/summary | Status: 200 | Duration: 78ms
2026-04-21 22:55:51.308 +05:30 [INF] SmsApi.Middleware.LoggingActionFilter | CorrelationId:15e33cb37b9d43d8beb434201fd39013 | API Response: GET /api/analytics/dashboard/summary | Status: 200 | Duration: 88ms
2026-04-21 22:55:51.324 +05:30 [INF] Serilog.AspNetCore.RequestLoggingMiddleware | CorrelationId:6beccc5dbb2841b8bf9a9d0b7549aaf7 | HTTP GET /api/analytics/dashboard/summary responded 200 in 105.3551 ms
2026-04-21 22:55:51.330 +05:30 [INF] Serilog.AspNetCore.RequestLoggingMiddleware | CorrelationId:15e33cb37b9d43d8beb434201fd39013 | HTTP GET /api/analytics/dashboard/summary responded 200 in 134.1419 ms
2026-04-21 22:56:20.507 +05:30 [INF] Serilog.AspNetCore.RequestLoggingMiddleware | CorrelationId:29be36d1cbd9468f8d92737039142b14 | HTTP OPTIONS /api/notifications/unread-count responded 204 in 0.0543 ms
2026-04-21 22:56:20.515 +05:30 [INF] SmsApi.Middleware.LoggingActionFilter | CorrelationId:a64bdd45ea294422a5ac878700e35a2c | API Request: GET /api/notifications/unread-count | User: Unknown | School: 550e8400-e29b-41d4-a716-446655440000
2026-04-21 22:56:20.533 +05:30 [INF] SmsApi.Middleware.LoggingActionFilter | CorrelationId:a64bdd45ea294422a5ac878700e35a2c | API Response: GET /api/notifications/unread-count | Status: 200 | Duration: 18ms
2026-04-21 22:56:20.542 +05:30 [INF] Serilog.AspNetCore.RequestLoggingMiddleware | CorrelationId:a64bdd45ea294422a5ac878700e35a2c | HTTP GET /api/notifications/unread-count responded 200 in 28.0470 ms
2026-04-21 22:56:50.574 +05:30 [INF] Serilog.AspNetCore.RequestLoggingMiddleware | CorrelationId:32e7395cc91447db80e401e17ddb8def | HTTP OPTIONS /api/notifications/unread-count responded 204 in 0.2083 ms
2026-04-21 22:56:50.603 +05:30 [INF] SmsApi.Middleware.LoggingActionFilter | CorrelationId:546caaab83cd486dafddae3558a2c817 | API Request: GET /api/notifications/unread-count | User: Unknown | School: 550e8400-e29b-41d4-a716-446655440000
2026-04-21 22:56:50.613 +05:30 [INF] SmsApi.Middleware.LoggingActionFilter | CorrelationId:546caaab83cd486dafddae3558a2c817 | API Response: GET /api/notifications/unread-count | Status: 200 | Duration: 9ms
2026-04-21 22:56:50.621 +05:30 [INF] Serilog.AspNetCore.RequestLoggingMiddleware | CorrelationId:546caaab83cd486dafddae3558a2c817 | HTTP GET /api/notifications/unread-count responded 200 in 20.2184 ms
2026-04-21 22:57:20.648 +05:30 [INF] Serilog.AspNetCore.RequestLoggingMiddleware | CorrelationId:3294c68e6bb744e1a71b912c05475d57 | HTTP OPTIONS /api/notifications/unread-count responded 204 in 0.2219 ms
2026-04-21 22:57:20.692 +05:30 [INF] SmsApi.Middleware.LoggingActionFilter | CorrelationId:dbd22594106046438d8b5ba9df143255 | API Request: GET /api/notifications/unread-count | User: Unknown | School: 550e8400-e29b-41d4-a716-446655440000
2026-04-21 22:57:20.716 +05:30 [INF] SmsApi.Middleware.LoggingActionFilter | CorrelationId:dbd22594106046438d8b5ba9df143255 | API Response: GET /api/notifications/unread-count | Status: 200 | Duration: 23ms
2026-04-21 22:57:20.733 +05:30 [INF] Serilog.AspNetCore.RequestLoggingMiddleware | CorrelationId:dbd22594106046438d8b5ba9df143255 | HTTP GET /api/notifications/unread-count responded 200 in 44.2649 ms
2026-04-21 22:57:50.773 +05:30 [INF] Serilog.AspNetCore.RequestLoggingMiddleware | CorrelationId:b7aef8c2d642453ba27cfce02c137130 | HTTP OPTIONS /api/notifications/unread-count responded 204 in 0.1268 ms
2026-04-21 22:57:50.825 +05:30 [INF] SmsApi.Middleware.LoggingActionFilter | CorrelationId:20f710e623b24c7183eced896caa4d41 | API Request: GET /api/notifications/unread-count | User: Unknown | School: 550e8400-e29b-41d4-a716-446655440000
2026-04-21 22:57:50.841 +05:30 [INF] SmsApi.Middleware.LoggingActionFilter | CorrelationId:20f710e623b24c7183eced896caa4d41 | API Response: GET /api/notifications/unread-count | Status: 200 | Duration: 16ms
2026-04-21 22:57:50.852 +05:30 [INF] Serilog.AspNetCore.RequestLoggingMiddleware | CorrelationId:20f710e623b24c7183eced896caa4d41 | HTTP GET /api/notifications/unread-count responded 200 in 28.2023 ms
2026-04-21 22:58:19.678 +05:30 [INF] Serilog.AspNetCore.RequestLoggingMiddleware | CorrelationId:a8e0062314084b7dba382d253ebb9a8a | HTTP OPTIONS /api/students responded 204 in 0.0747 ms
2026-04-21 22:58:19.693 +05:30 [INF] Serilog.AspNetCore.RequestLoggingMiddleware | CorrelationId:ed54cc311aab4e7e95129f650dcbb2b9 | HTTP OPTIONS /api/students responded 204 in 0.0434 ms
2026-04-21 22:58:19.790 +05:30 [INF] SmsApi.Middleware.LoggingActionFilter | CorrelationId:1c006a660c4240bb84f4a045a662ef91 | API Request: GET /api/students | User: Unknown | School: 550e8400-e29b-41d4-a716-446655440000
2026-04-21 22:58:19.794 +05:30 [INF] SmsApi.Middleware.LoggingActionFilter | CorrelationId:8a4ae029dce446c492ab56207c002e23 | API Request: GET /api/students | User: Unknown | School: 550e8400-e29b-41d4-a716-446655440000
2026-04-21 22:58:19.829 +05:30 [INF] SmsApi.Middleware.LoggingActionFilter | CorrelationId:1c006a660c4240bb84f4a045a662ef91 | API Response: GET /api/students | Status: 200 | Duration: 39ms
2026-04-21 22:58:19.831 +05:30 [INF] SmsApi.Middleware.LoggingActionFilter | CorrelationId:8a4ae029dce446c492ab56207c002e23 | API Response: GET /api/students | Status: 200 | Duration: 37ms
2026-04-21 22:58:19.840 +05:30 [INF] Serilog.AspNetCore.RequestLoggingMiddleware | CorrelationId:1c006a660c4240bb84f4a045a662ef91 | HTTP GET /api/students responded 200 in 62.4578 ms
2026-04-21 22:58:19.840 +05:30 [INF] Serilog.AspNetCore.RequestLoggingMiddleware | CorrelationId:8a4ae029dce446c492ab56207c002e23 | HTTP GET /api/students responded 200 in 53.0593 ms
2026-04-21 22:58:20.881 +05:30 [INF] Serilog.AspNetCore.RequestLoggingMiddleware | CorrelationId:509970ddf6874a5e9b62e3f2c2f1e345 | HTTP OPTIONS /api/notifications/unread-count responded 204 in 0.1994 ms
2026-04-21 22:58:21.056 +05:30 [INF] SmsApi.Middleware.LoggingActionFilter | CorrelationId:0a1bb0f73a9c4a68a6cb11e8b87b30e1 | API Request: GET /api/notifications/unread-count | User: Unknown | School: 550e8400-e29b-41d4-a716-446655440000
2026-04-21 22:58:21.110 +05:30 [INF] SmsApi.Middleware.LoggingActionFilter | CorrelationId:0a1bb0f73a9c4a68a6cb11e8b87b30e1 | API Response: GET /api/notifications/unread-count | Status: 200 | Duration: 54ms
2026-04-21 22:58:21.257 +05:30 [INF] Serilog.AspNetCore.RequestLoggingMiddleware | CorrelationId:0a1bb0f73a9c4a68a6cb11e8b87b30e1 | HTTP GET /api/notifications/unread-count responded 200 in 203.3944 ms
2026-04-21 22:58:23.462 +05:30 [INF] Serilog.AspNetCore.RequestLoggingMiddleware | CorrelationId:824c6c3ff03242b094cba54606223c8b | HTTP OPTIONS /api/academics/classes responded 204 in 0.1874 ms
2026-04-21 22:58:23.464 +05:30 [INF] Serilog.AspNetCore.RequestLoggingMiddleware | CorrelationId:0eed87b35eb64eaf993239be326edabc | HTTP OPTIONS /api/academics/academic-years responded 204 in 0.0470 ms
2026-04-21 22:58:23.465 +05:30 [INF] Serilog.AspNetCore.RequestLoggingMiddleware | CorrelationId:8ca04802a20748d087d76afc6d70ece4 | HTTP OPTIONS /api/academics/classes responded 204 in 0.0357 ms
2026-04-21 22:58:23.465 +05:30 [INF] Serilog.AspNetCore.RequestLoggingMiddleware | CorrelationId:5f4e3e5593a1426d9db50242c8fd4c58 | HTTP OPTIONS /api/staff responded 204 in 0.0325 ms
2026-04-21 22:58:23.482 +05:30 [INF] Serilog.AspNetCore.RequestLoggingMiddleware | CorrelationId:198a2a5f19fc41939b2b875e310ccfc6 | HTTP OPTIONS /api/academics/academic-years responded 204 in 0.0473 ms
2026-04-21 22:58:23.487 +05:30 [INF] Serilog.AspNetCore.RequestLoggingMiddleware | CorrelationId:f8066d7eefc74d9d9eca639e8258b1cd | HTTP OPTIONS /api/staff responded 204 in 0.1011 ms
2026-04-21 22:58:23.504 +05:30 [INF] SmsApi.Middleware.LoggingActionFilter | CorrelationId:10f98f0022e74bcebca9a64cd719b594 | API Request: GET /api/academics/classes | User: Unknown | School: 550e8400-e29b-41d4-a716-446655440000
2026-04-21 22:58:23.504 +05:30 [INF] SmsApi.Middleware.LoggingActionFilter | CorrelationId:202f3fb5d4cf4352b6edc7fa838e1e0e | API Request: GET /api/academics/academic-years | User: Unknown | School: 550e8400-e29b-41d4-a716-446655440000
2026-04-21 22:58:23.518 +05:30 [INF] SmsApi.Middleware.LoggingActionFilter | CorrelationId:a32382e3ac584e63b2e15d06943a8e9b | API Request: GET /api/staff | User: Unknown | School: 550e8400-e29b-41d4-a716-446655440000
2026-04-21 22:58:23.544 +05:30 [INF] SmsApi.Middleware.LoggingActionFilter | CorrelationId:202f3fb5d4cf4352b6edc7fa838e1e0e | API Response: GET /api/academics/academic-years | Status: 200 | Duration: 39ms
2026-04-21 22:58:23.547 +05:30 [INF] SmsApi.Middleware.LoggingActionFilter | CorrelationId:a32382e3ac584e63b2e15d06943a8e9b | API Response: GET /api/staff | Status: 200 | Duration: 28ms
2026-04-21 22:58:23.562 +05:30 [INF] Serilog.AspNetCore.RequestLoggingMiddleware | CorrelationId:202f3fb5d4cf4352b6edc7fa838e1e0e | HTTP GET /api/academics/academic-years responded 200 in 63.0138 ms
2026-04-21 22:58:23.566 +05:30 [INF] SmsApi.Middleware.LoggingActionFilter | CorrelationId:eddf425644c14a6b81953660d6093635 | API Request: GET /api/academics/academic-years | User: Unknown | School: 550e8400-e29b-41d4-a716-446655440000
2026-04-21 22:58:23.574 +05:30 [INF] Serilog.AspNetCore.RequestLoggingMiddleware | CorrelationId:a32382e3ac584e63b2e15d06943a8e9b | HTTP GET /api/staff responded 200 in 63.6930 ms
2026-04-21 22:58:23.582 +05:30 [INF] SmsApi.Middleware.LoggingActionFilter | CorrelationId:21eeed42f4664c29913ee40dfa37fb2f | API Request: GET /api/staff | User: Unknown | School: 550e8400-e29b-41d4-a716-446655440000
2026-04-21 22:58:23.600 +05:30 [INF] SmsApi.Middleware.LoggingActionFilter | CorrelationId:10f98f0022e74bcebca9a64cd719b594 | API Response: GET /api/academics/classes | Status: 200 | Duration: 95ms
2026-04-21 22:58:23.601 +05:30 [INF] SmsApi.Middleware.LoggingActionFilter | CorrelationId:eddf425644c14a6b81953660d6093635 | API Response: GET /api/academics/academic-years | Status: 200 | Duration: 35ms
2026-04-21 22:58:23.618 +05:30 [INF] SmsApi.Middleware.LoggingActionFilter | CorrelationId:21eeed42f4664c29913ee40dfa37fb2f | API Response: GET /api/staff | Status: 200 | Duration: 36ms
2026-04-21 22:58:23.631 +05:30 [INF] Serilog.AspNetCore.RequestLoggingMiddleware | CorrelationId:10f98f0022e74bcebca9a64cd719b594 | HTTP GET /api/academics/classes responded 200 in 134.5417 ms
2026-04-21 22:58:23.634 +05:30 [INF] SmsApi.Middleware.LoggingActionFilter | CorrelationId:1354549c9ee5423bbeea533a9942abb4 | API Request: GET /api/academics/classes | User: Unknown | School: 550e8400-e29b-41d4-a716-446655440000
2026-04-21 22:58:23.639 +05:30 [INF] Serilog.AspNetCore.RequestLoggingMiddleware | CorrelationId:eddf425644c14a6b81953660d6093635 | HTTP GET /api/academics/academic-years responded 200 in 73.8703 ms
2026-04-21 22:58:23.642 +05:30 [INF] Serilog.AspNetCore.RequestLoggingMiddleware | CorrelationId:21eeed42f4664c29913ee40dfa37fb2f | HTTP GET /api/staff responded 200 in 65.9624 ms
2026-04-21 22:58:23.685 +05:30 [INF] SmsApi.Middleware.LoggingActionFilter | CorrelationId:1354549c9ee5423bbeea533a9942abb4 | API Response: GET /api/academics/classes | Status: 200 | Duration: 50ms
2026-04-21 22:58:23.716 +05:30 [INF] Serilog.AspNetCore.RequestLoggingMiddleware | CorrelationId:1354549c9ee5423bbeea533a9942abb4 | HTTP GET /api/academics/classes responded 200 in 83.0333 ms
2026-04-21 22:58:24.849 +05:30 [INF] Serilog.AspNetCore.RequestLoggingMiddleware | CorrelationId:fb82a322938e45e88f88950fbd4310a8 | HTTP OPTIONS /api/examinations/exams responded 204 in 0.0747 ms
2026-04-21 22:58:24.849 +05:30 [INF] Serilog.AspNetCore.RequestLoggingMiddleware | CorrelationId:cf236f7948f3471f9e5d78556c4dde02 | HTTP OPTIONS /api/examinations/stats responded 204 in 0.0150 ms
2026-04-21 22:58:24.850 +05:30 [INF] Serilog.AspNetCore.RequestLoggingMiddleware | CorrelationId:05b37ca3470d4db39257a7e53ef6f3dd | HTTP OPTIONS /api/examinations/stats responded 204 in 0.1051 ms
2026-04-21 22:58:24.852 +05:30 [INF] Serilog.AspNetCore.RequestLoggingMiddleware | CorrelationId:28dd306d5a484e81af7d4ecdd6e4adcb | HTTP OPTIONS /api/examinations/exams responded 204 in 0.0501 ms
2026-04-21 22:58:24.960 +05:30 [INF] SmsApi.Middleware.LoggingActionFilter | CorrelationId:901863458f80448ba3bd7b5809012da5 | API Request: GET /api/examinations/stats | User: Unknown | School: 550e8400-e29b-41d4-a716-446655440000
2026-04-21 22:58:24.962 +05:30 [INF] SmsApi.Middleware.LoggingActionFilter | CorrelationId:3fedfa903325439ab897ebf3a68d0e23 | API Request: GET /api/examinations/exams | User: Unknown | School: 550e8400-e29b-41d4-a716-446655440000
2026-04-21 22:58:25.018 +05:30 [INF] SmsApi.Middleware.LoggingActionFilter | CorrelationId:3fedfa903325439ab897ebf3a68d0e23 | API Response: GET /api/examinations/exams | Status: 200 | Duration: 56ms
2026-04-21 22:58:25.042 +05:30 [INF] Serilog.AspNetCore.RequestLoggingMiddleware | CorrelationId:3fedfa903325439ab897ebf3a68d0e23 | HTTP GET /api/examinations/exams responded 200 in 133.8768 ms
2026-04-21 22:58:25.053 +05:30 [INF] SmsApi.Middleware.LoggingActionFilter | CorrelationId:c6f13caf44024242b282cb71189f4217 | API Request: GET /api/examinations/exams | User: Unknown | School: 550e8400-e29b-41d4-a716-446655440000
2026-04-21 22:58:25.078 +05:30 [INF] SmsApi.Middleware.LoggingActionFilter | CorrelationId:c6f13caf44024242b282cb71189f4217 | API Response: GET /api/examinations/exams | Status: 200 | Duration: 24ms
2026-04-21 22:58:25.100 +05:30 [INF] Serilog.AspNetCore.RequestLoggingMiddleware | CorrelationId:c6f13caf44024242b282cb71189f4217 | HTTP GET /api/examinations/exams responded 200 in 54.7997 ms
2026-04-21 22:58:25.161 +05:30 [INF] SmsApi.Middleware.LoggingActionFilter | CorrelationId:901863458f80448ba3bd7b5809012da5 | API Response: GET /api/examinations/stats | Status: 200 | Duration: 200ms
2026-04-21 22:58:25.167 +05:30 [INF] Serilog.AspNetCore.RequestLoggingMiddleware | CorrelationId:901863458f80448ba3bd7b5809012da5 | HTTP GET /api/examinations/stats responded 200 in 247.4784 ms
2026-04-21 22:58:25.173 +05:30 [INF] SmsApi.Middleware.LoggingActionFilter | CorrelationId:f2fae7613a1348e89e59de9538c36111 | API Request: GET /api/examinations/stats | User: Unknown | School: 550e8400-e29b-41d4-a716-446655440000
2026-04-21 22:58:25.205 +05:30 [INF] SmsApi.Middleware.LoggingActionFilter | CorrelationId:f2fae7613a1348e89e59de9538c36111 | API Response: GET /api/examinations/stats | Status: 200 | Duration: 32ms
2026-04-21 22:58:25.210 +05:30 [INF] Serilog.AspNetCore.RequestLoggingMiddleware | CorrelationId:f2fae7613a1348e89e59de9538c36111 | HTTP GET /api/examinations/stats responded 200 in 40.2514 ms
2026-04-21 22:58:26.400 +05:30 [INF] Serilog.AspNetCore.RequestLoggingMiddleware | CorrelationId:63678d84865644f68514d2a41161731b | HTTP OPTIONS /api/academics/academic-years responded 204 in 0.2623 ms
2026-04-21 22:58:26.400 +05:30 [INF] Serilog.AspNetCore.RequestLoggingMiddleware | CorrelationId:d17a070543ef4671b0bcdc4128243755 | HTTP OPTIONS /api/academics/classes responded 204 in 0.0211 ms
2026-04-21 22:58:26.401 +05:30 [INF] Serilog.AspNetCore.RequestLoggingMiddleware | CorrelationId:1aeaea72b8b84cd7a04305a9705ce51b | HTTP OPTIONS /api/academics/subjects responded 204 in 0.0106 ms
2026-04-21 22:58:26.401 +05:30 [INF] Serilog.AspNetCore.RequestLoggingMiddleware | CorrelationId:68e17025dabe4031b43da665cf64883c | HTTP OPTIONS /api/academics/academic-years responded 204 in 0.0086 ms
2026-04-21 22:58:26.402 +05:30 [INF] SmsApi.Middleware.LoggingActionFilter | CorrelationId:ddb8698c84ec4321b98310ffa3f2e72e | API Request: GET /api/academics/academic-years | User: Unknown | School: 550e8400-e29b-41d4-a716-446655440000
2026-04-21 22:58:26.402 +05:30 [INF] Serilog.AspNetCore.RequestLoggingMiddleware | CorrelationId:afa47e0591e74655858824ade9177af5 | HTTP OPTIONS /api/academics/classes responded 204 in 0.0415 ms
2026-04-21 22:58:26.419 +05:30 [INF] Serilog.AspNetCore.RequestLoggingMiddleware | CorrelationId:3c2a70127084472fbcac48e4e3c75042 | HTTP OPTIONS /api/academics/subjects responded 204 in 0.1190 ms
2026-04-21 22:58:26.427 +05:30 [INF] SmsApi.Middleware.LoggingActionFilter | CorrelationId:b4ac6aa9150a44e3a6a1dca5567b5af3 | API Request: GET /api/academics/academic-years | User: Unknown | School: 550e8400-e29b-41d4-a716-446655440000
2026-04-21 22:58:26.432 +05:30 [INF] SmsApi.Middleware.LoggingActionFilter | CorrelationId:8c72356684d44e05abb9187c08f91d69 | API Request: GET /api/academics/classes | User: Unknown | School: 550e8400-e29b-41d4-a716-446655440000
2026-04-21 22:58:26.443 +05:30 [INF] SmsApi.Middleware.LoggingActionFilter | CorrelationId:1df9fb1d8c7643bba6581f62367c0012 | API Request: GET /api/academics/subjects | User: Unknown | School: 550e8400-e29b-41d4-a716-446655440000
2026-04-21 22:58:26.460 +05:30 [INF] SmsApi.Middleware.LoggingActionFilter | CorrelationId:ddb8698c84ec4321b98310ffa3f2e72e | API Response: GET /api/academics/academic-years | Status: 200 | Duration: 58ms
2026-04-21 22:58:26.466 +05:30 [INF] SmsApi.Middleware.LoggingActionFilter | CorrelationId:b4ac6aa9150a44e3a6a1dca5567b5af3 | API Response: GET /api/academics/academic-years | Status: 200 | Duration: 39ms
2026-04-21 22:58:26.472 +05:30 [INF] Serilog.AspNetCore.RequestLoggingMiddleware | CorrelationId:ddb8698c84ec4321b98310ffa3f2e72e | HTTP GET /api/academics/academic-years responded 200 in 70.8821 ms
2026-04-21 22:58:26.483 +05:30 [INF] SmsApi.Middleware.LoggingActionFilter | CorrelationId:1bf41cffb86e417bab95a219e25b5d1e | API Request: GET /api/academics/academic-years | User: Unknown | School: 550e8400-e29b-41d4-a716-446655440000
2026-04-21 22:58:26.485 +05:30 [INF] Serilog.AspNetCore.RequestLoggingMiddleware | CorrelationId:b4ac6aa9150a44e3a6a1dca5567b5af3 | HTTP GET /api/academics/academic-years responded 200 in 60.9840 ms
2026-04-21 22:58:26.490 +05:30 [INF] SmsApi.Middleware.LoggingActionFilter | CorrelationId:1df9fb1d8c7643bba6581f62367c0012 | API Response: GET /api/academics/subjects | Status: 200 | Duration: 47ms
2026-04-21 22:58:26.499 +05:30 [INF] SmsApi.Middleware.LoggingActionFilter | CorrelationId:9fde7747903d4bcbb9fe2a5c57806526 | API Request: GET /api/academics/academic-years | User: Unknown | School: 550e8400-e29b-41d4-a716-446655440000
2026-04-21 22:58:26.499 +05:30 [INF] SmsApi.Middleware.LoggingActionFilter | CorrelationId:8c72356684d44e05abb9187c08f91d69 | API Response: GET /api/academics/classes | Status: 200 | Duration: 66ms
2026-04-21 22:58:26.507 +05:30 [INF] SmsApi.Middleware.LoggingActionFilter | CorrelationId:1bf41cffb86e417bab95a219e25b5d1e | API Response: GET /api/academics/academic-years | Status: 200 | Duration: 24ms
2026-04-21 22:58:26.510 +05:30 [INF] Serilog.AspNetCore.RequestLoggingMiddleware | CorrelationId:1df9fb1d8c7643bba6581f62367c0012 | HTTP GET /api/academics/subjects responded 200 in 68.7740 ms
2026-04-21 22:58:26.513 +05:30 [INF] Serilog.AspNetCore.RequestLoggingMiddleware | CorrelationId:8c72356684d44e05abb9187c08f91d69 | HTTP GET /api/academics/classes responded 200 in 82.5320 ms
2026-04-21 22:58:26.516 +05:30 [INF] SmsApi.Middleware.LoggingActionFilter | CorrelationId:9fde7747903d4bcbb9fe2a5c57806526 | API Response: GET /api/academics/academic-years | Status: 200 | Duration: 16ms
2026-04-21 22:58:26.523 +05:30 [INF] Serilog.AspNetCore.RequestLoggingMiddleware | CorrelationId:1bf41cffb86e417bab95a219e25b5d1e | HTTP GET /api/academics/academic-years responded 200 in 43.5077 ms
2026-04-21 22:58:26.539 +05:30 [INF] SmsApi.Middleware.LoggingActionFilter | CorrelationId:e8101466f8194349891b783a135a8a93 | API Request: GET /api/academics/subjects | User: Unknown | School: 550e8400-e29b-41d4-a716-446655440000
2026-04-21 22:58:26.550 +05:30 [INF] Serilog.AspNetCore.RequestLoggingMiddleware | CorrelationId:9fde7747903d4bcbb9fe2a5c57806526 | HTTP GET /api/academics/academic-years responded 200 in 52.2510 ms
2026-04-21 22:58:26.551 +05:30 [INF] SmsApi.Middleware.LoggingActionFilter | CorrelationId:888841375f7c4a768a86911201eefe38 | API Request: GET /api/academics/classes | User: Unknown | School: 550e8400-e29b-41d4-a716-446655440000
2026-04-21 22:58:26.568 +05:30 [INF] SmsApi.Middleware.LoggingActionFilter | CorrelationId:e8101466f8194349891b783a135a8a93 | API Response: GET /api/academics/subjects | Status: 200 | Duration: 29ms
2026-04-21 22:58:26.579 +05:30 [INF] Serilog.AspNetCore.RequestLoggingMiddleware | CorrelationId:e8101466f8194349891b783a135a8a93 | HTTP GET /api/academics/subjects responded 200 in 42.2934 ms
2026-04-21 22:58:26.592 +05:30 [INF] SmsApi.Middleware.LoggingActionFilter | CorrelationId:888841375f7c4a768a86911201eefe38 | API Response: GET /api/academics/classes | Status: 200 | Duration: 41ms
2026-04-21 22:58:26.598 +05:30 [INF] Serilog.AspNetCore.RequestLoggingMiddleware | CorrelationId:888841375f7c4a768a86911201eefe38 | HTTP GET /api/academics/classes responded 200 in 50.0217 ms
2026-04-21 22:58:28.482 +05:30 [INF] Serilog.AspNetCore.RequestLoggingMiddleware | CorrelationId:700557485f2e4dbb932d8ec2e8d343e3 | HTTP OPTIONS /api/analytics/dashboard/summary responded 204 in 0.0757 ms
2026-04-21 22:58:28.482 +05:30 [INF] Serilog.AspNetCore.RequestLoggingMiddleware | CorrelationId:13ed0a396c0040e196be58ab67fe8826 | HTTP OPTIONS /api/analytics/dashboard/summary responded 204 in 0.0180 ms
2026-04-21 22:58:28.504 +05:30 [INF] SmsApi.Middleware.LoggingActionFilter | CorrelationId:f7b76aeff6804b029867ca88601ba04a | API Request: GET /api/analytics/dashboard/summary | User: Unknown | School: 550e8400-e29b-41d4-a716-446655440000
2026-04-21 22:58:28.521 +05:30 [INF] SmsApi.Middleware.LoggingActionFilter | CorrelationId:f7b76aeff6804b029867ca88601ba04a | API Response: GET /api/analytics/dashboard/summary | Status: 200 | Duration: 16ms
2026-04-21 22:58:28.524 +05:30 [INF] Serilog.AspNetCore.RequestLoggingMiddleware | CorrelationId:f7b76aeff6804b029867ca88601ba04a | HTTP GET /api/analytics/dashboard/summary responded 200 in 24.5263 ms
2026-04-21 22:58:28.530 +05:30 [INF] SmsApi.Middleware.LoggingActionFilter | CorrelationId:7213ca1b529847adb203fa7980b76625 | API Request: GET /api/analytics/dashboard/summary | User: Unknown | School: 550e8400-e29b-41d4-a716-446655440000
2026-04-21 22:58:28.538 +05:30 [INF] SmsApi.Middleware.LoggingActionFilter | CorrelationId:7213ca1b529847adb203fa7980b76625 | API Response: GET /api/analytics/dashboard/summary | Status: 200 | Duration: 8ms
2026-04-21 22:58:28.542 +05:30 [INF] Serilog.AspNetCore.RequestLoggingMiddleware | CorrelationId:7213ca1b529847adb203fa7980b76625 | HTTP GET /api/analytics/dashboard/summary responded 200 in 16.7046 ms
2026-04-21 22:58:32.642 +05:30 [INF] Serilog.AspNetCore.RequestLoggingMiddleware | CorrelationId:5dbe92fb4b0a40d2afd458035219e4f2 | HTTP OPTIONS /api/transport/routes responded 204 in 0.0479 ms
2026-04-21 22:58:32.642 +05:30 [INF] Serilog.AspNetCore.RequestLoggingMiddleware | CorrelationId:90f38b0239bc4cdc93674c5066b1d7b6 | HTTP OPTIONS /api/transport/routes responded 204 in 0.0087 ms
2026-04-21 22:58:32.693 +05:30 [INF] SmsApi.Middleware.LoggingActionFilter | CorrelationId:22c771b266c34fdcb3b9762bca133f86 | API Request: GET /api/transport/routes | User: Unknown | School: 550e8400-e29b-41d4-a716-446655440000
2026-04-21 22:58:32.843 +05:30 [INF] SmsApi.Middleware.LoggingActionFilter | CorrelationId:22c771b266c34fdcb3b9762bca133f86 | API Response: GET /api/transport/routes | Status: 200 | Duration: 149ms
2026-04-21 22:58:32.873 +05:30 [INF] Serilog.AspNetCore.RequestLoggingMiddleware | CorrelationId:22c771b266c34fdcb3b9762bca133f86 | HTTP GET /api/transport/routes responded 200 in 191.5293 ms
2026-04-21 22:58:32.879 +05:30 [INF] SmsApi.Middleware.LoggingActionFilter | CorrelationId:3eb4ee1eb2f745c687158216d2312c72 | API Request: GET /api/transport/routes | User: Unknown | School: 550e8400-e29b-41d4-a716-446655440000
2026-04-21 22:58:32.893 +05:30 [INF] SmsApi.Middleware.LoggingActionFilter | CorrelationId:3eb4ee1eb2f745c687158216d2312c72 | API Response: GET /api/transport/routes | Status: 200 | Duration: 13ms
2026-04-21 22:58:32.901 +05:30 [INF] Serilog.AspNetCore.RequestLoggingMiddleware | CorrelationId:3eb4ee1eb2f745c687158216d2312c72 | HTTP GET /api/transport/routes responded 200 in 27.5973 ms
2026-04-21 22:58:34.602 +05:30 [INF] Serilog.AspNetCore.RequestLoggingMiddleware | CorrelationId:a501a74132f045238c6d12f9d29b04d0 | HTTP OPTIONS /api/hostel/rooms responded 204 in 0.0453 ms
2026-04-21 22:58:34.602 +05:30 [INF] Serilog.AspNetCore.RequestLoggingMiddleware | CorrelationId:f5af111fa87d4ca1aae36f8b841d823f | HTTP OPTIONS /api/hostel/rooms responded 204 in 0.0453 ms
2026-04-21 22:58:34.629 +05:30 [INF] SmsApi.Middleware.LoggingActionFilter | CorrelationId:05d6e9b2dac445709018321126ccce04 | API Request: GET /api/hostel/rooms | User: Unknown | School: 550e8400-e29b-41d4-a716-446655440000
2026-04-21 22:58:34.659 +05:30 [INF] SmsApi.Middleware.LoggingActionFilter | CorrelationId:05d6e9b2dac445709018321126ccce04 | API Response: GET /api/hostel/rooms | Status: 200 | Duration: 30ms
2026-04-21 22:58:34.669 +05:30 [INF] Serilog.AspNetCore.RequestLoggingMiddleware | CorrelationId:05d6e9b2dac445709018321126ccce04 | HTTP GET /api/hostel/rooms responded 200 in 48.9321 ms
2026-04-21 22:58:34.675 +05:30 [INF] SmsApi.Middleware.LoggingActionFilter | CorrelationId:b07782d19c154a20b9a4db0417bf4313 | API Request: GET /api/hostel/rooms | User: Unknown | School: 550e8400-e29b-41d4-a716-446655440000
2026-04-21 22:58:34.688 +05:30 [INF] SmsApi.Middleware.LoggingActionFilter | CorrelationId:b07782d19c154a20b9a4db0417bf4313 | API Response: GET /api/hostel/rooms | Status: 200 | Duration: 13ms
2026-04-21 22:58:34.694 +05:30 [INF] Serilog.AspNetCore.RequestLoggingMiddleware | CorrelationId:b07782d19c154a20b9a4db0417bf4313 | HTTP GET /api/hostel/rooms responded 200 in 23.2050 ms
2026-04-21 22:58:36.213 +05:30 [INF] Serilog.AspNetCore.RequestLoggingMiddleware | CorrelationId:ab7c3ef8317e495790a80a22250bf067 | HTTP OPTIONS /api/health/records responded 204 in 0.0453 ms
2026-04-21 22:58:36.213 +05:30 [INF] Serilog.AspNetCore.RequestLoggingMiddleware | CorrelationId:6aad057252d846fd9d6ed413fd7255a8 | HTTP OPTIONS /api/health/stats responded 204 in 0.0448 ms
2026-04-21 22:58:36.213 +05:30 [INF] Serilog.AspNetCore.RequestLoggingMiddleware | CorrelationId:c04047772b0c4e78a2b258d63d10ae68 | HTTP OPTIONS /api/health/records responded 204 in 0.0133 ms
2026-04-21 22:58:36.213 +05:30 [INF] Serilog.AspNetCore.RequestLoggingMiddleware | CorrelationId:a055506ad87f4a4b900e61181724baee | HTTP OPTIONS /api/health/stats responded 204 in 0.0170 ms
2026-04-21 22:58:36.256 +05:30 [INF] SmsApi.Middleware.LoggingActionFilter | CorrelationId:d0fa8a613b014a2db7a67203470f147b | API Request: GET /api/health/stats | User: Unknown | School: 550e8400-e29b-41d4-a716-446655440000
2026-04-21 22:58:36.258 +05:30 [INF] SmsApi.Middleware.LoggingActionFilter | CorrelationId:bc0aae57a5054d58aa207a68012a4b70 | API Request: GET /api/health/records | User: Unknown | School: 550e8400-e29b-41d4-a716-446655440000
2026-04-21 22:58:36.289 +05:30 [INF] SmsApi.Middleware.LoggingActionFilter | CorrelationId:d0fa8a613b014a2db7a67203470f147b | API Response: GET /api/health/stats | Status: 200 | Duration: 33ms
2026-04-21 22:58:36.301 +05:30 [INF] Serilog.AspNetCore.RequestLoggingMiddleware | CorrelationId:d0fa8a613b014a2db7a67203470f147b | HTTP GET /api/health/stats responded 200 in 66.5994 ms
2026-04-21 22:58:36.313 +05:30 [INF] SmsApi.Middleware.LoggingActionFilter | CorrelationId:cd594effed044f18bc1d0f3e8f2d2b6a | API Request: GET /api/health/stats | User: Unknown | School: 550e8400-e29b-41d4-a716-446655440000
2026-04-21 22:58:36.332 +05:30 [INF] SmsApi.Middleware.LoggingActionFilter | CorrelationId:cd594effed044f18bc1d0f3e8f2d2b6a | API Response: GET /api/health/stats | Status: 200 | Duration: 18ms
2026-04-21 22:58:36.352 +05:30 [INF] Serilog.AspNetCore.RequestLoggingMiddleware | CorrelationId:cd594effed044f18bc1d0f3e8f2d2b6a | HTTP GET /api/health/stats responded 200 in 43.2914 ms
2026-04-21 22:58:36.355 +05:30 [INF] SmsApi.Middleware.LoggingActionFilter | CorrelationId:bc0aae57a5054d58aa207a68012a4b70 | API Response: GET /api/health/records | Status: 200 | Duration: 96ms
2026-04-21 22:58:36.370 +05:30 [INF] Serilog.AspNetCore.RequestLoggingMiddleware | CorrelationId:bc0aae57a5054d58aa207a68012a4b70 | HTTP GET /api/health/records responded 200 in 136.0282 ms
2026-04-21 22:58:36.378 +05:30 [INF] SmsApi.Middleware.LoggingActionFilter | CorrelationId:4acdb6a1f5e04b7b8739c4ca0b158161 | API Request: GET /api/health/records | User: Unknown | School: 550e8400-e29b-41d4-a716-446655440000
2026-04-21 22:58:36.396 +05:30 [INF] SmsApi.Middleware.LoggingActionFilter | CorrelationId:4acdb6a1f5e04b7b8739c4ca0b158161 | API Response: GET /api/health/records | Status: 200 | Duration: 18ms
2026-04-21 22:58:36.421 +05:30 [INF] Serilog.AspNetCore.RequestLoggingMiddleware | CorrelationId:4acdb6a1f5e04b7b8739c4ca0b158161 | HTTP GET /api/health/records responded 200 in 49.4735 ms
2026-04-21 22:58:40.959 +05:30 [INF] Serilog.AspNetCore.RequestLoggingMiddleware | CorrelationId:1cf9cd1ea61e4f43aed08b741bb10dfb | HTTP OPTIONS /api/academics/academic-years responded 204 in 0.3766 ms
2026-04-21 22:58:40.959 +05:30 [INF] Serilog.AspNetCore.RequestLoggingMiddleware | CorrelationId:308a10bccdd943b8b83767cfbd349be3 | HTTP OPTIONS /api/academics/academic-years responded 204 in 0.2327 ms
2026-04-21 22:58:41.059 +05:30 [INF] Serilog.AspNetCore.RequestLoggingMiddleware | CorrelationId:9d5ccf859dfb4c1f83e85a346dac9fd2 | HTTP GET /api/academics/academic-years responded 401 in 1.8938 ms
2026-04-21 22:58:41.129 +05:30 [INF] Serilog.AspNetCore.RequestLoggingMiddleware | CorrelationId:a381f2bb3c28476ba8e3b1b2486ad98b | HTTP GET /api/academics/academic-years responded 401 in 0.9607 ms
2026-04-21 22:59:47.123 +05:30 [INF] Serilog.AspNetCore.RequestLoggingMiddleware | CorrelationId:120a1cb703064d5e9ff7ea8292aa432f | HTTP OPTIONS /api/auth/login responded 204 in 0.0570 ms
2026-04-21 22:59:47.145 +05:30 [INF] SmsApi.Middleware.LoggingActionFilter | CorrelationId:a0b42d6b9ae7439dae5e48499fdce081 | API Request: POST /api/auth/login | User: Unknown | School: Unknown
2026-04-21 22:59:47.811 +05:30 [INF] SmsApi.Controllers.AuthController | CorrelationId:a0b42d6b9ae7439dae5e48499fdce081 | Login successful for superadmin (SchoolId: "00000000-0000-0000-0000-000000000001")
2026-04-21 22:59:47.814 +05:30 [INF] SmsApi.Middleware.LoggingActionFilter | CorrelationId:a0b42d6b9ae7439dae5e48499fdce081 | API Response: POST /api/auth/login | Status: 200 | Duration: 669ms
2026-04-21 22:59:47.825 +05:30 [INF] Serilog.AspNetCore.RequestLoggingMiddleware | CorrelationId:a0b42d6b9ae7439dae5e48499fdce081 | HTTP POST /api/auth/login responded 200 in 685.0775 ms
2026-04-21 22:59:47.829 +05:30 [WRN] SmsApi.Infrastructure.Performance.PerformanceMonitoringMiddleware | CorrelationId: | Slow request: POST /api/auth/login took 676ms — status 200.
2026-04-21 22:59:47.877 +05:30 [INF] Serilog.AspNetCore.RequestLoggingMiddleware | CorrelationId:737a41dc0aac403bacb0cf2834f12b7b | HTTP OPTIONS /api/settings/school/me responded 204 in 0.0617 ms
2026-04-21 22:59:47.909 +05:30 [INF] SmsApi.Middleware.LoggingActionFilter | CorrelationId:4f02163f5db14b21aaad5b0d2f61349a | API Request: GET /api/settings/school/me | User: Unknown | School: 00000000-0000-0000-0000-000000000001
2026-04-21 22:59:48.107 +05:30 [INF] SmsApi.Middleware.LoggingActionFilter | CorrelationId:4f02163f5db14b21aaad5b0d2f61349a | API Response: GET /api/settings/school/me | Status: 200 | Duration: 198ms
2026-04-21 22:59:48.148 +05:30 [INF] Serilog.AspNetCore.RequestLoggingMiddleware | CorrelationId:4f02163f5db14b21aaad5b0d2f61349a | HTTP GET /api/settings/school/me responded 200 in 239.3524 ms
2026-04-21 22:59:48.208 +05:30 [INF] Serilog.AspNetCore.RequestLoggingMiddleware | CorrelationId:3d516e8d9cb748bb9b41818b0a245244 | HTTP OPTIONS /api/academics/academic-years responded 204 in 0.4662 ms
2026-04-21 22:59:48.208 +05:30 [INF] Serilog.AspNetCore.RequestLoggingMiddleware | CorrelationId:f8dd9cfa7e4742818d9ad5f1c7342716 | HTTP OPTIONS /api/academics/academic-years responded 204 in 0.4902 ms
2026-04-21 22:59:48.209 +05:30 [INF] SmsApi.Middleware.LoggingActionFilter | CorrelationId:65bf1f5e82bc4458b2be6249f82ed762 | API Request: GET /api/settings/school/me | User: Unknown | School: 00000000-0000-0000-0000-000000000001
2026-04-21 22:59:48.248 +05:30 [INF] SmsApi.Middleware.LoggingActionFilter | CorrelationId:0d1e4f721c3b40959914ef8c7b50afc6 | API Request: GET /api/academics/academic-years | User: Unknown | School: 00000000-0000-0000-0000-000000000001
2026-04-21 22:59:48.268 +05:30 [INF] SmsApi.Middleware.LoggingActionFilter | CorrelationId:65bf1f5e82bc4458b2be6249f82ed762 | API Response: GET /api/settings/school/me | Status: 200 | Duration: 58ms
2026-04-21 22:59:48.287 +05:30 [INF] SmsApi.Middleware.LoggingActionFilter | CorrelationId:0d1e4f721c3b40959914ef8c7b50afc6 | API Response: GET /api/academics/academic-years | Status: 200 | Duration: 38ms
2026-04-21 22:59:48.351 +05:30 [INF] Serilog.AspNetCore.RequestLoggingMiddleware | CorrelationId:f8dab67003064faaaa479bea0e26df83 | HTTP OPTIONS /api/school-feature-permissions/stats responded 204 in 0.0553 ms
2026-04-21 22:59:48.352 +05:30 [INF] Serilog.AspNetCore.RequestLoggingMiddleware | CorrelationId:181a5d9ed70d4e959291119d4229bfec | HTTP OPTIONS /api/school-feature-permissions/schools responded 204 in 0.0372 ms
2026-04-21 22:59:48.352 +05:30 [INF] Serilog.AspNetCore.RequestLoggingMiddleware | CorrelationId:7f5cd0335afa4b72aa5fbb40507c4d91 | HTTP OPTIONS /api/notifications/unread-count responded 204 in 0.0151 ms
2026-04-21 22:59:48.352 +05:30 [INF] Serilog.AspNetCore.RequestLoggingMiddleware | CorrelationId:c195b279d1aa4e818851870c92701c7c | HTTP OPTIONS /api/school-feature-permissions/schools/550e8400-e29b-41d4-a716-446655440000 responded 204 in 0.0144 ms
2026-04-21 22:59:48.382 +05:30 [INF] Serilog.AspNetCore.RequestLoggingMiddleware | CorrelationId:65bf1f5e82bc4458b2be6249f82ed762 | HTTP GET /api/settings/school/me responded 200 in 173.3557 ms
2026-04-21 22:59:48.391 +05:30 [INF] Serilog.AspNetCore.RequestLoggingMiddleware | CorrelationId:0d1e4f721c3b40959914ef8c7b50afc6 | HTTP GET /api/academics/academic-years responded 200 in 142.8200 ms
2026-04-21 22:59:48.400 +05:30 [INF] Serilog.AspNetCore.RequestLoggingMiddleware | CorrelationId:5952a1d31b7e4ed99b5af26f13dd043f | HTTP OPTIONS /api/school-feature-permissions/stats responded 204 in 0.1475 ms
2026-04-21 22:59:48.406 +05:30 [INF] Serilog.AspNetCore.RequestLoggingMiddleware | CorrelationId:d47f86099f494955a78fdd3959920acb | HTTP OPTIONS /api/school-feature-permissions/schools/550e8400-e29b-41d4-a716-446655440000 responded 204 in 0.0363 ms
2026-04-21 22:59:48.413 +05:30 [INF] Serilog.AspNetCore.RequestLoggingMiddleware | CorrelationId:04e5b3479a94400c841b09aa7f4509fb | HTTP OPTIONS /api/school-feature-permissions/schools responded 204 in 0.0506 ms
2026-04-21 22:59:48.418 +05:30 [INF] SmsApi.Middleware.LoggingActionFilter | CorrelationId:657abdaccfa643f8aa87117f62c6e876 | API Request: GET /api/academics/academic-years | User: Unknown | School: 00000000-0000-0000-0000-000000000001
2026-04-21 22:59:48.428 +05:30 [INF] SmsApi.Middleware.LoggingActionFilter | CorrelationId:1cd5f93321904993a793b578bb7e5bf6 | API Request: GET /api/school-feature-permissions/stats | User: Unknown | School: 00000000-0000-0000-0000-000000000001
2026-04-21 22:59:48.440 +05:30 [INF] SmsApi.Middleware.LoggingActionFilter | CorrelationId:837d213a5a3f44638fdcd595d22c7f11 | API Request: GET /api/school-feature-permissions/schools | User: Unknown | School: 00000000-0000-0000-0000-000000000001
2026-04-21 22:59:48.479 +05:30 [INF] SmsApi.Middleware.LoggingActionFilter | CorrelationId:3dece96bbfd34d2ba3eae0d1add1e1ca | API Request: GET /api/notifications/unread-count | User: Unknown | School: 00000000-0000-0000-0000-000000000001
2026-04-21 22:59:48.484 +05:30 [INF] SmsApi.Middleware.LoggingActionFilter | CorrelationId:cc5bf21a01b24dd3b1779709d4722f5e | API Request: GET /api/school-feature-permissions/schools/550e8400-e29b-41d4-a716-446655440000 | User: Unknown | School: 00000000-0000-0000-0000-000000000001
2026-04-21 22:59:48.497 +05:30 [INF] SmsApi.Middleware.LoggingActionFilter | CorrelationId:657abdaccfa643f8aa87117f62c6e876 | API Response: GET /api/academics/academic-years | Status: 200 | Duration: 79ms
2026-04-21 22:59:48.508 +05:30 [INF] SmsApi.Middleware.LoggingActionFilter | CorrelationId:837d213a5a3f44638fdcd595d22c7f11 | API Response: GET /api/school-feature-permissions/schools | Status: 200 | Duration: 68ms
2026-04-21 22:59:48.511 +05:30 [INF] SmsApi.Middleware.LoggingActionFilter | CorrelationId:3dece96bbfd34d2ba3eae0d1add1e1ca | API Response: GET /api/notifications/unread-count | Status: 200 | Duration: 32ms
2026-04-21 22:59:48.512 +05:30 [INF] SmsApi.Middleware.LoggingActionFilter | CorrelationId:1cd5f93321904993a793b578bb7e5bf6 | API Response: GET /api/school-feature-permissions/stats | Status: 200 | Duration: 83ms
2026-04-21 22:59:48.522 +05:30 [INF] SmsApi.Middleware.LoggingActionFilter | CorrelationId:cc5bf21a01b24dd3b1779709d4722f5e | API Response: GET /api/school-feature-permissions/schools/550e8400-e29b-41d4-a716-446655440000 | Status: 200 | Duration: 37ms
2026-04-21 22:59:48.523 +05:30 [INF] Serilog.AspNetCore.RequestLoggingMiddleware | CorrelationId:657abdaccfa643f8aa87117f62c6e876 | HTTP GET /api/academics/academic-years responded 200 in 105.8019 ms
2026-04-21 22:59:48.526 +05:30 [INF] Serilog.AspNetCore.RequestLoggingMiddleware | CorrelationId:837d213a5a3f44638fdcd595d22c7f11 | HTTP GET /api/school-feature-permissions/schools responded 200 in 86.8097 ms
2026-04-21 22:59:48.530 +05:30 [INF] SmsApi.Middleware.LoggingActionFilter | CorrelationId:a380927327cc4c9c93a3c9493200943d | API Request: GET /api/school-feature-permissions/schools | User: Unknown | School: 00000000-0000-0000-0000-000000000001
2026-04-21 22:59:48.533 +05:30 [INF] Serilog.AspNetCore.RequestLoggingMiddleware | CorrelationId:3dece96bbfd34d2ba3eae0d1add1e1ca | HTTP GET /api/notifications/unread-count responded 200 in 54.9814 ms
2026-04-21 22:59:48.537 +05:30 [INF] Serilog.AspNetCore.RequestLoggingMiddleware | CorrelationId:1cd5f93321904993a793b578bb7e5bf6 | HTTP GET /api/school-feature-permissions/stats responded 200 in 109.2136 ms
2026-04-21 22:59:48.546 +05:30 [INF] Serilog.AspNetCore.RequestLoggingMiddleware | CorrelationId:cc5bf21a01b24dd3b1779709d4722f5e | HTTP GET /api/school-feature-permissions/schools/550e8400-e29b-41d4-a716-446655440000 responded 200 in 62.4692 ms
2026-04-21 22:59:48.558 +05:30 [INF] SmsApi.Middleware.LoggingActionFilter | CorrelationId:d1fa221778f8473d880ae469d090996d | API Request: GET /api/school-feature-permissions/stats | User: Unknown | School: 00000000-0000-0000-0000-000000000001
2026-04-21 22:59:48.566 +05:30 [INF] SmsApi.Middleware.LoggingActionFilter | CorrelationId:4162712110c34a60ace91d5c4fd9080d | API Request: GET /api/school-feature-permissions/schools/550e8400-e29b-41d4-a716-446655440000 | User: Unknown | School: 00000000-0000-0000-0000-000000000001
2026-04-21 22:59:48.575 +05:30 [INF] SmsApi.Middleware.LoggingActionFilter | CorrelationId:a380927327cc4c9c93a3c9493200943d | API Response: GET /api/school-feature-permissions/schools | Status: 200 | Duration: 45ms
2026-04-21 22:59:48.620 +05:30 [INF] SmsApi.Middleware.LoggingActionFilter | CorrelationId:4162712110c34a60ace91d5c4fd9080d | API Response: GET /api/school-feature-permissions/schools/550e8400-e29b-41d4-a716-446655440000 | Status: 200 | Duration: 53ms
2026-04-21 22:59:48.620 +05:30 [INF] Serilog.AspNetCore.RequestLoggingMiddleware | CorrelationId:a380927327cc4c9c93a3c9493200943d | HTTP GET /api/school-feature-permissions/schools responded 200 in 91.1470 ms
2026-04-21 22:59:48.622 +05:30 [INF] SmsApi.Middleware.LoggingActionFilter | CorrelationId:d1fa221778f8473d880ae469d090996d | API Response: GET /api/school-feature-permissions/stats | Status: 200 | Duration: 64ms
2026-04-21 22:59:48.627 +05:30 [INF] Serilog.AspNetCore.RequestLoggingMiddleware | CorrelationId:4162712110c34a60ace91d5c4fd9080d | HTTP GET /api/school-feature-permissions/schools/550e8400-e29b-41d4-a716-446655440000 responded 200 in 61.4655 ms
2026-04-21 22:59:48.635 +05:30 [INF] Serilog.AspNetCore.RequestLoggingMiddleware | CorrelationId:d1fa221778f8473d880ae469d090996d | HTTP GET /api/school-feature-permissions/stats responded 200 in 77.8833 ms
2026-04-21 23:00:02.364 +05:30 [INF] Serilog.AspNetCore.RequestLoggingMiddleware | CorrelationId:6084fe61363645c2862c3d6558e404d0 | HTTP OPTIONS /api/academics/academic-years responded 204 in 0.1772 ms
2026-04-21 23:00:02.392 +05:30 [INF] Serilog.AspNetCore.RequestLoggingMiddleware | CorrelationId:d70bf7c650b24f9e87ecb64535b9b19f | HTTP OPTIONS /api/academics/academic-years responded 204 in 0.4998 ms
2026-04-21 23:00:02.395 +05:30 [INF] Serilog.AspNetCore.RequestLoggingMiddleware | CorrelationId:516c05205bf54b73844fc69293160591 | HTTP OPTIONS /api/settings/school/me responded 204 in 0.0825 ms
2026-04-21 23:00:02.719 +05:30 [INF] Serilog.AspNetCore.RequestLoggingMiddleware | CorrelationId:91b7c6e0a94242a0ac99bd28d59fb815 | HTTP OPTIONS /api/school-feature-permissions/stats responded 204 in 0.0346 ms
2026-04-21 23:00:02.720 +05:30 [INF] Serilog.AspNetCore.RequestLoggingMiddleware | CorrelationId:5b9004a8013e480ea3d2377ccbe25cc3 | HTTP OPTIONS /api/notifications/unread-count responded 204 in 0.1008 ms
2026-04-21 23:00:02.743 +05:30 [INF] Serilog.AspNetCore.RequestLoggingMiddleware | CorrelationId:6d445ec5da0d47d0b171a7585232d9ad | HTTP OPTIONS /api/school-feature-permissions/schools/550e8400-e29b-41d4-a716-446655440000 responded 204 in 0.0391 ms
2026-04-21 23:00:02.808 +05:30 [INF] Serilog.AspNetCore.RequestLoggingMiddleware | CorrelationId:89640ff6b9b3411096da0677c92af9cd | HTTP OPTIONS /api/school-feature-permissions/schools responded 204 in 0.0450 ms
2026-04-21 23:00:02.840 +05:30 [INF] Serilog.AspNetCore.RequestLoggingMiddleware | CorrelationId:ff905bce91b2482fa019064d68c6da7c | HTTP OPTIONS /api/school-feature-permissions/stats responded 204 in 0.0693 ms
2026-04-21 23:00:02.899 +05:30 [INF] Serilog.AspNetCore.RequestLoggingMiddleware | CorrelationId:50a87f3e2f89430099674237b31aa198 | HTTP OPTIONS /api/school-feature-permissions/schools/550e8400-e29b-41d4-a716-446655440000 responded 204 in 0.0525 ms
2026-04-21 23:00:02.900 +05:30 [INF] Serilog.AspNetCore.RequestLoggingMiddleware | CorrelationId:9c15b335a1094438889510ff6ed3c686 | HTTP OPTIONS /api/school-feature-permissions/schools responded 204 in 0.0121 ms
2026-04-21 23:00:02.925 +05:30 [INF] SmsApi.Middleware.LoggingActionFilter | CorrelationId:1354567ebb54418e9a8b7fdfa3b89ffb | API Request: GET /api/academics/academic-years | User: Unknown | School: 00000000-0000-0000-0000-000000000001
2026-04-21 23:00:02.936 +05:30 [INF] SmsApi.Middleware.LoggingActionFilter | CorrelationId:4bf8103fd38240cd9a725cc59e1a9bff | API Request: GET /api/academics/academic-years | User: Unknown | School: 00000000-0000-0000-0000-000000000001
2026-04-21 23:00:02.937 +05:30 [INF] SmsApi.Middleware.LoggingActionFilter | CorrelationId:02181dfb53bc408fb7d89c3d5b4e74de | API Request: GET /api/settings/school/me | User: Unknown | School: 00000000-0000-0000-0000-000000000001
2026-04-21 23:00:02.973 +05:30 [INF] SmsApi.Middleware.LoggingActionFilter | CorrelationId:4662a6f5a7d446019709b7c72a8dad08 | API Request: GET /api/school-feature-permissions/stats | User: Unknown | School: 00000000-0000-0000-0000-000000000001
2026-04-21 23:00:02.989 +05:30 [INF] SmsApi.Middleware.LoggingActionFilter | CorrelationId:9dcadbc14e4f4071998ed29d7c407c77 | API Request: GET /api/notifications/unread-count | User: Unknown | School: 00000000-0000-0000-0000-000000000001
2026-04-21 23:00:02.991 +05:30 [INF] SmsApi.Middleware.LoggingActionFilter | CorrelationId:f2551c72accc4888880fa33bdf3b4c99 | API Request: GET /api/school-feature-permissions/schools/550e8400-e29b-41d4-a716-446655440000 | User: Unknown | School: 00000000-0000-0000-0000-000000000001
2026-04-21 23:00:03.030 +05:30 [INF] SmsApi.Middleware.LoggingActionFilter | CorrelationId:4bf8103fd38240cd9a725cc59e1a9bff | API Response: GET /api/academics/academic-years | Status: 200 | Duration: 93ms
2026-04-21 23:00:03.039 +05:30 [INF] SmsApi.Middleware.LoggingActionFilter | CorrelationId:1354567ebb54418e9a8b7fdfa3b89ffb | API Response: GET /api/academics/academic-years | Status: 200 | Duration: 113ms
2026-04-21 23:00:03.082 +05:30 [INF] Serilog.AspNetCore.RequestLoggingMiddleware | CorrelationId:1354567ebb54418e9a8b7fdfa3b89ffb | HTTP GET /api/academics/academic-years responded 200 in 171.5666 ms
2026-04-21 23:00:03.058 +05:30 [INF] SmsApi.Middleware.LoggingActionFilter | CorrelationId:4662a6f5a7d446019709b7c72a8dad08 | API Response: GET /api/school-feature-permissions/stats | Status: 200 | Duration: 84ms
2026-04-21 23:00:03.070 +05:30 [INF] SmsApi.Middleware.LoggingActionFilter | CorrelationId:9dcadbc14e4f4071998ed29d7c407c77 | API Response: GET /api/notifications/unread-count | Status: 200 | Duration: 80ms
2026-04-21 23:00:03.076 +05:30 [INF] SmsApi.Middleware.LoggingActionFilter | CorrelationId:f2551c72accc4888880fa33bdf3b4c99 | API Response: GET /api/school-feature-permissions/schools/550e8400-e29b-41d4-a716-446655440000 | Status: 200 | Duration: 85ms
2026-04-21 23:00:03.206 +05:30 [INF] Serilog.AspNetCore.RequestLoggingMiddleware | CorrelationId:f2551c72accc4888880fa33bdf3b4c99 | HTTP GET /api/school-feature-permissions/schools/550e8400-e29b-41d4-a716-446655440000 responded 200 in 216.1477 ms
2026-04-21 23:00:03.043 +05:30 [INF] SmsApi.Middleware.LoggingActionFilter | CorrelationId:02181dfb53bc408fb7d89c3d5b4e74de | API Response: GET /api/settings/school/me | Status: 200 | Duration: 106ms
2026-04-21 23:00:03.147 +05:30 [INF] SmsApi.Middleware.LoggingActionFilter | CorrelationId:717d8438d8d8417894b51eebb96a6765 | API Request: GET /api/school-feature-permissions/schools | User: Unknown | School: 00000000-0000-0000-0000-000000000001
2026-04-21 23:00:03.173 +05:30 [INF] Serilog.AspNetCore.RequestLoggingMiddleware | CorrelationId:4662a6f5a7d446019709b7c72a8dad08 | HTTP GET /api/school-feature-permissions/stats responded 200 in 203.8792 ms
2026-04-21 23:00:03.201 +05:30 [INF] Serilog.AspNetCore.RequestLoggingMiddleware | CorrelationId:9dcadbc14e4f4071998ed29d7c407c77 | HTTP GET /api/notifications/unread-count responded 200 in 212.1522 ms
2026-04-21 23:00:03.078 +05:30 [INF] Serilog.AspNetCore.RequestLoggingMiddleware | CorrelationId:4bf8103fd38240cd9a725cc59e1a9bff | HTTP GET /api/academics/academic-years responded 200 in 142.1180 ms
2026-04-21 23:00:03.251 +05:30 [INF] SmsApi.Middleware.LoggingActionFilter | CorrelationId:b9923de6215f41b9b74ab381124e6cb9 | API Request: GET /api/school-feature-permissions/stats | User: Unknown | School: 00000000-0000-0000-0000-000000000001
2026-04-21 23:00:03.256 +05:30 [INF] Serilog.AspNetCore.RequestLoggingMiddleware | CorrelationId:02181dfb53bc408fb7d89c3d5b4e74de | HTTP GET /api/settings/school/me responded 200 in 319.4200 ms
2026-04-21 23:00:03.268 +05:30 [INF] SmsApi.Middleware.LoggingActionFilter | CorrelationId:717d8438d8d8417894b51eebb96a6765 | API Response: GET /api/school-feature-permissions/schools | Status: 200 | Duration: 121ms
2026-04-21 23:00:03.297 +05:30 [INF] SmsApi.Middleware.LoggingActionFilter | CorrelationId:9e148282239a46ca8b8d11e1644d8817 | API Request: GET /api/school-feature-permissions/schools/550e8400-e29b-41d4-a716-446655440000 | User: Unknown | School: 00000000-0000-0000-0000-000000000001
2026-04-21 23:00:03.317 +05:30 [INF] SmsApi.Middleware.LoggingActionFilter | CorrelationId:097dcf7e818e4305be11ebe6f7f07d3c | API Request: GET /api/school-feature-permissions/schools | User: Unknown | School: 00000000-0000-0000-0000-000000000001
2026-04-21 23:00:03.342 +05:30 [INF] SmsApi.Middleware.LoggingActionFilter | CorrelationId:b9923de6215f41b9b74ab381124e6cb9 | API Response: GET /api/school-feature-permissions/stats | Status: 200 | Duration: 91ms
2026-04-21 23:00:03.367 +05:30 [INF] Serilog.AspNetCore.RequestLoggingMiddleware | CorrelationId:717d8438d8d8417894b51eebb96a6765 | HTTP GET /api/school-feature-permissions/schools responded 200 in 221.9696 ms
2026-04-21 23:00:03.382 +05:30 [INF] SmsApi.Middleware.LoggingActionFilter | CorrelationId:9e148282239a46ca8b8d11e1644d8817 | API Response: GET /api/school-feature-permissions/schools/550e8400-e29b-41d4-a716-446655440000 | Status: 200 | Duration: 85ms
2026-04-21 23:00:03.407 +05:30 [INF] Serilog.AspNetCore.RequestLoggingMiddleware | CorrelationId:9e148282239a46ca8b8d11e1644d8817 | HTTP GET /api/school-feature-permissions/schools/550e8400-e29b-41d4-a716-446655440000 responded 200 in 111.0555 ms
2026-04-21 23:00:03.392 +05:30 [INF] Serilog.AspNetCore.RequestLoggingMiddleware | CorrelationId:b9923de6215f41b9b74ab381124e6cb9 | HTTP GET /api/school-feature-permissions/stats responded 200 in 142.2132 ms
2026-04-21 23:00:03.386 +05:30 [INF] SmsApi.Middleware.LoggingActionFilter | CorrelationId:097dcf7e818e4305be11ebe6f7f07d3c | API Response: GET /api/school-feature-permissions/schools | Status: 200 | Duration: 69ms
2026-04-21 23:00:03.521 +05:30 [INF] Serilog.AspNetCore.RequestLoggingMiddleware | CorrelationId:097dcf7e818e4305be11ebe6f7f07d3c | HTTP GET /api/school-feature-permissions/schools responded 200 in 208.2843 ms
2026-04-21 23:00:13.626 +05:30 [INF] Serilog.AspNetCore.RequestLoggingMiddleware | CorrelationId:916b9d94076140a797f0d280185a29a2 | HTTP OPTIONS /api/school-feature-permissions/schools responded 204 in 0.0553 ms
2026-04-21 23:00:13.626 +05:30 [INF] Serilog.AspNetCore.RequestLoggingMiddleware | CorrelationId:002240b81b3c4bfb9d1bea55a370c2da | HTTP OPTIONS /api/school-feature-permissions/schools responded 204 in 0.0107 ms
2026-04-21 23:00:13.777 +05:30 [INF] SmsApi.Middleware.LoggingActionFilter | CorrelationId:5645465d655e40fe8b0f1935938fa457 | API Request: GET /api/school-feature-permissions/schools | User: Unknown | School: 00000000-0000-0000-0000-000000000001
2026-04-21 23:00:13.787 +05:30 [INF] SmsApi.Middleware.LoggingActionFilter | CorrelationId:5f1ad1b473544f628f7f33c7cd30d780 | API Request: GET /api/school-feature-permissions/schools | User: Unknown | School: 00000000-0000-0000-0000-000000000001
2026-04-21 23:00:13.790 +05:30 [INF] SmsApi.Middleware.LoggingActionFilter | CorrelationId:5645465d655e40fe8b0f1935938fa457 | API Response: GET /api/school-feature-permissions/schools | Status: 200 | Duration: 13ms
2026-04-21 23:00:13.794 +05:30 [INF] SmsApi.Middleware.LoggingActionFilter | CorrelationId:5f1ad1b473544f628f7f33c7cd30d780 | API Response: GET /api/school-feature-permissions/schools | Status: 200 | Duration: 6ms
2026-04-21 23:00:13.794 +05:30 [INF] Serilog.AspNetCore.RequestLoggingMiddleware | CorrelationId:5645465d655e40fe8b0f1935938fa457 | HTTP GET /api/school-feature-permissions/schools responded 200 in 18.2722 ms
2026-04-21 23:00:13.813 +05:30 [INF] Serilog.AspNetCore.RequestLoggingMiddleware | CorrelationId:5f1ad1b473544f628f7f33c7cd30d780 | HTTP GET /api/school-feature-permissions/schools responded 200 in 26.6651 ms
2026-04-21 23:00:20.933 +05:30 [INF] Serilog.AspNetCore.RequestLoggingMiddleware | CorrelationId:26e29c62ce0a4e8a8929d0c685374bed | HTTP OPTIONS /api/school-feature-permissions/stats responded 204 in 0.0573 ms
2026-04-21 23:00:20.933 +05:30 [INF] Serilog.AspNetCore.RequestLoggingMiddleware | CorrelationId:6521448a62ec485ba1143290ae0d6696 | HTTP OPTIONS /api/school-feature-permissions/stats responded 204 in 0.0213 ms
2026-04-21 23:00:20.933 +05:30 [INF] Serilog.AspNetCore.RequestLoggingMiddleware | CorrelationId:a7f9b003b2914671afe4d8d0aee4ac05 | HTTP OPTIONS /api/school-feature-permissions/schools/550e8400-e29b-41d4-a716-446655440000 responded 204 in 0.1665 ms
2026-04-21 23:00:20.934 +05:30 [INF] Serilog.AspNetCore.RequestLoggingMiddleware | CorrelationId:d97eb2fd2af74d5981dad4cd53724b1d | HTTP OPTIONS /api/school-feature-permissions/schools/550e8400-e29b-41d4-a716-446655440000 responded 204 in 0.0185 ms
2026-04-21 23:00:21.002 +05:30 [INF] SmsApi.Middleware.LoggingActionFilter | CorrelationId:b6f3cccd911045d58bf59860138161bd | API Request: GET /api/school-feature-permissions/stats | User: Unknown | School: 00000000-0000-0000-0000-000000000001
2026-04-21 23:00:21.022 +05:30 [INF] SmsApi.Middleware.LoggingActionFilter | CorrelationId:09bbcd8f529546b9a9992a42bc570dfa | API Request: GET /api/school-feature-permissions/stats | User: Unknown | School: 00000000-0000-0000-0000-000000000001
2026-04-21 23:00:21.031 +05:30 [INF] SmsApi.Middleware.LoggingActionFilter | CorrelationId:9890404fb2144e9bbdeb380c1dd04b90 | API Request: GET /api/school-feature-permissions/schools/550e8400-e29b-41d4-a716-446655440000 | User: Unknown | School: 00000000-0000-0000-0000-000000000001
2026-04-21 23:00:21.039 +05:30 [INF] SmsApi.Middleware.LoggingActionFilter | CorrelationId:07bf4ae1e2d14d17a3d7e9fadbddfbed | API Request: GET /api/school-feature-permissions/schools/550e8400-e29b-41d4-a716-446655440000 | User: Unknown | School: 00000000-0000-0000-0000-000000000001
2026-04-21 23:00:21.053 +05:30 [INF] SmsApi.Middleware.LoggingActionFilter | CorrelationId:b6f3cccd911045d58bf59860138161bd | API Response: GET /api/school-feature-permissions/stats | Status: 200 | Duration: 51ms
2026-04-21 23:00:21.059 +05:30 [INF] SmsApi.Middleware.LoggingActionFilter | CorrelationId:09bbcd8f529546b9a9992a42bc570dfa | API Response: GET /api/school-feature-permissions/stats | Status: 200 | Duration: 36ms
2026-04-21 23:00:21.064 +05:30 [INF] SmsApi.Middleware.LoggingActionFilter | CorrelationId:9890404fb2144e9bbdeb380c1dd04b90 | API Response: GET /api/school-feature-permissions/schools/550e8400-e29b-41d4-a716-446655440000 | Status: 200 | Duration: 33ms
2026-04-21 23:00:21.073 +05:30 [INF] SmsApi.Middleware.LoggingActionFilter | CorrelationId:07bf4ae1e2d14d17a3d7e9fadbddfbed | API Response: GET /api/school-feature-permissions/schools/550e8400-e29b-41d4-a716-446655440000 | Status: 200 | Duration: 33ms
2026-04-21 23:00:21.074 +05:30 [INF] Serilog.AspNetCore.RequestLoggingMiddleware | CorrelationId:b6f3cccd911045d58bf59860138161bd | HTTP GET /api/school-feature-permissions/stats responded 200 in 85.9621 ms
2026-04-21 23:00:21.085 +05:30 [INF] Serilog.AspNetCore.RequestLoggingMiddleware | CorrelationId:09bbcd8f529546b9a9992a42bc570dfa | HTTP GET /api/school-feature-permissions/stats responded 200 in 67.0672 ms
2026-04-21 23:00:21.092 +05:30 [INF] Serilog.AspNetCore.RequestLoggingMiddleware | CorrelationId:9890404fb2144e9bbdeb380c1dd04b90 | HTTP GET /api/school-feature-permissions/schools/550e8400-e29b-41d4-a716-446655440000 responded 200 in 65.6718 ms
2026-04-21 23:00:21.098 +05:30 [INF] Serilog.AspNetCore.RequestLoggingMiddleware | CorrelationId:07bf4ae1e2d14d17a3d7e9fadbddfbed | HTTP GET /api/school-feature-permissions/schools/550e8400-e29b-41d4-a716-446655440000 responded 200 in 66.8031 ms
2026-04-21 23:00:30.125 +05:30 [INF] Serilog.AspNetCore.RequestLoggingMiddleware | CorrelationId:ac8c176f7214431c98c6c3aa761ffca9 | HTTP OPTIONS /api/school-feature-permissions/schools/550e8400-e29b-41d4-a716-446655440000/modules/fees responded 204 in 0.0501 ms
2026-04-21 23:00:30.173 +05:30 [INF] Serilog.AspNetCore.RequestLoggingMiddleware | CorrelationId:abdb8331f2a0441492603d240f8545fb | HTTP PUT /api/school-feature-permissions/schools/550e8400-e29b-41d4-a716-446655440000/modules/fees responded 400 in 36.8150 ms
2026-04-21 23:00:33.176 +05:30 [INF] Serilog.AspNetCore.RequestLoggingMiddleware | CorrelationId:1158c4bf7c9f4918a9187d35d4e123d1 | HTTP OPTIONS /api/school-feature-permissions/schools/550e8400-e29b-41d4-a716-446655440000/modules/hostel responded 204 in 0.0551 ms
2026-04-21 23:00:33.213 +05:30 [INF] Serilog.AspNetCore.RequestLoggingMiddleware | CorrelationId:d688bde85c914cdb8728644f6e4604db | HTTP PUT /api/school-feature-permissions/schools/550e8400-e29b-41d4-a716-446655440000/modules/hostel responded 400 in 8.4777 ms
2026-04-21 23:00:33.310 +05:30 [INF] Serilog.AspNetCore.RequestLoggingMiddleware | CorrelationId:46ceadfe616d4e9782f4efa624286b83 | HTTP OPTIONS /api/notifications/unread-count responded 204 in 0.0413 ms
2026-04-21 23:00:33.316 +05:30 [INF] SmsApi.Middleware.LoggingActionFilter | CorrelationId:d4b61336e2e24f95b4cf7097fafe9202 | API Request: GET /api/notifications/unread-count | User: Unknown | School: 00000000-0000-0000-0000-000000000001
2026-04-21 23:00:33.321 +05:30 [INF] SmsApi.Middleware.LoggingActionFilter | CorrelationId:d4b61336e2e24f95b4cf7097fafe9202 | API Response: GET /api/notifications/unread-count | Status: 200 | Duration: 4ms
2026-04-21 23:00:33.323 +05:30 [INF] Serilog.AspNetCore.RequestLoggingMiddleware | CorrelationId:d4b61336e2e24f95b4cf7097fafe9202 | HTTP GET /api/notifications/unread-count responded 200 in 7.8472 ms
2026-04-21 23:01:03.339 +05:30 [INF] Serilog.AspNetCore.RequestLoggingMiddleware | CorrelationId:3c5170212a774b789e8c235db70409d5 | HTTP OPTIONS /api/notifications/unread-count responded 204 in 0.2230 ms
2026-04-21 23:01:03.367 +05:30 [INF] SmsApi.Middleware.LoggingActionFilter | CorrelationId:5e4c1921f40249debc0c0a6b7ce18e40 | API Request: GET /api/notifications/unread-count | User: Unknown | School: 00000000-0000-0000-0000-000000000001
2026-04-21 23:01:03.384 +05:30 [INF] SmsApi.Middleware.LoggingActionFilter | CorrelationId:5e4c1921f40249debc0c0a6b7ce18e40 | API Response: GET /api/notifications/unread-count | Status: 200 | Duration: 17ms
2026-04-21 23:01:03.388 +05:30 [INF] Serilog.AspNetCore.RequestLoggingMiddleware | CorrelationId:5e4c1921f40249debc0c0a6b7ce18e40 | HTTP GET /api/notifications/unread-count responded 200 in 23.8094 ms
2026-04-21 23:01:33.410 +05:30 [INF] Serilog.AspNetCore.RequestLoggingMiddleware | CorrelationId:4ac1cecaf9b44899884b634d40a7fc50 | HTTP OPTIONS /api/notifications/unread-count responded 204 in 0.0805 ms
2026-04-21 23:01:33.419 +05:30 [INF] SmsApi.Middleware.LoggingActionFilter | CorrelationId:42e8dfca046746f9a2ee3aaa968ea6e4 | API Request: GET /api/notifications/unread-count | User: Unknown | School: 00000000-0000-0000-0000-000000000001
2026-04-21 23:01:33.466 +05:30 [INF] SmsApi.Middleware.LoggingActionFilter | CorrelationId:42e8dfca046746f9a2ee3aaa968ea6e4 | API Response: GET /api/notifications/unread-count | Status: 200 | Duration: 46ms
2026-04-21 23:01:33.472 +05:30 [INF] Serilog.AspNetCore.RequestLoggingMiddleware | CorrelationId:42e8dfca046746f9a2ee3aaa968ea6e4 | HTTP GET /api/notifications/unread-count responded 200 in 53.4100 ms
2026-04-21 23:02:03.506 +05:30 [INF] Serilog.AspNetCore.RequestLoggingMiddleware | CorrelationId:b04cd5b788ab4fe2a9cff3648c1e3ca3 | HTTP OPTIONS /api/notifications/unread-count responded 204 in 0.6185 ms
2026-04-21 23:02:03.586 +05:30 [INF] SmsApi.Middleware.LoggingActionFilter | CorrelationId:89ccdefb95c643c0beba9cb1ca8e2a3b | API Request: GET /api/notifications/unread-count | User: Unknown | School: 00000000-0000-0000-0000-000000000001
2026-04-21 23:02:03.606 +05:30 [INF] SmsApi.Middleware.LoggingActionFilter | CorrelationId:89ccdefb95c643c0beba9cb1ca8e2a3b | API Response: GET /api/notifications/unread-count | Status: 200 | Duration: 19ms
2026-04-21 23:02:03.611 +05:30 [INF] Serilog.AspNetCore.RequestLoggingMiddleware | CorrelationId:89ccdefb95c643c0beba9cb1ca8e2a3b | HTTP GET /api/notifications/unread-count responded 200 in 29.2839 ms
2026-04-21 23:02:33.638 +05:30 [INF] Serilog.AspNetCore.RequestLoggingMiddleware | CorrelationId:c89b84d84b8040e8be2ad8a2eb12edf1 | HTTP OPTIONS /api/notifications/unread-count responded 204 in 0.2608 ms
2026-04-21 23:02:33.663 +05:30 [INF] SmsApi.Middleware.LoggingActionFilter | CorrelationId:f55a0eaab7014d819ab0e560df6719b3 | API Request: GET /api/notifications/unread-count | User: Unknown | School: 00000000-0000-0000-0000-000000000001
2026-04-21 23:02:33.684 +05:30 [INF] SmsApi.Middleware.LoggingActionFilter | CorrelationId:f55a0eaab7014d819ab0e560df6719b3 | API Response: GET /api/notifications/unread-count | Status: 200 | Duration: 21ms
2026-04-21 23:02:33.688 +05:30 [INF] Serilog.AspNetCore.RequestLoggingMiddleware | CorrelationId:f55a0eaab7014d819ab0e560df6719b3 | HTTP GET /api/notifications/unread-count responded 200 in 39.4022 ms
2026-04-21 23:04:48.214 +05:30 [INF]  | CorrelationId: | Using distributed in-memory cache (development only)
2026-04-21 23:04:50.330 +05:30 [WRN] Microsoft.EntityFrameworkCore.Model.Validation | CorrelationId: | Entity 'Staff' has a global query filter defined and is the required end of a relationship with the entity 'Certificate'. This may lead to unexpected results when the required entity is filtered out. Either configure the navigation as optional, or define matching query filters for both entities in the navigation. See https://go.microsoft.com/fwlink/?linkid=2131316 for more information.
2026-04-21 23:04:50.333 +05:30 [WRN] Microsoft.EntityFrameworkCore.Model.Validation | CorrelationId: | Entity 'School' has a global query filter defined and is the required end of a relationship with the entity 'CertificateTemplate'. This may lead to unexpected results when the required entity is filtered out. Either configure the navigation as optional, or define matching query filters for both entities in the navigation. See https://go.microsoft.com/fwlink/?linkid=2131316 for more information.
2026-04-21 23:04:50.335 +05:30 [WRN] Microsoft.EntityFrameworkCore.Model.Validation | CorrelationId: | Entity 'School' has a global query filter defined and is the required end of a relationship with the entity 'Document'. This may lead to unexpected results when the required entity is filtered out. Either configure the navigation as optional, or define matching query filters for both entities in the navigation. See https://go.microsoft.com/fwlink/?linkid=2131316 for more information.
2026-04-21 23:04:50.338 +05:30 [WRN] Microsoft.EntityFrameworkCore.Model.Validation | CorrelationId: | Entity 'School' has a global query filter defined and is the required end of a relationship with the entity 'DocumentCategory'. This may lead to unexpected results when the required entity is filtered out. Either configure the navigation as optional, or define matching query filters for both entities in the navigation. See https://go.microsoft.com/fwlink/?linkid=2131316 for more information.
2026-04-21 23:04:50.339 +05:30 [WRN] Microsoft.EntityFrameworkCore.Model.Validation | CorrelationId: | Entity 'School' has a global query filter defined and is the required end of a relationship with the entity 'FeeAuditLog'. This may lead to unexpected results when the required entity is filtered out. Either configure the navigation as optional, or define matching query filters for both entities in the navigation. See https://go.microsoft.com/fwlink/?linkid=2131316 for more information.
2026-04-21 23:04:50.341 +05:30 [WRN] Microsoft.EntityFrameworkCore.Model.Validation | CorrelationId: | Entity 'School' has a global query filter defined and is the required end of a relationship with the entity 'Holiday'. This may lead to unexpected results when the required entity is filtered out. Either configure the navigation as optional, or define matching query filters for both entities in the navigation. See https://go.microsoft.com/fwlink/?linkid=2131316 for more information.
2026-04-21 23:04:50.343 +05:30 [WRN] Microsoft.EntityFrameworkCore.Model.Validation | CorrelationId: | Entity 'School' has a global query filter defined and is the required end of a relationship with the entity 'IDCard'. This may lead to unexpected results when the required entity is filtered out. Either configure the navigation as optional, or define matching query filters for both entities in the navigation. See https://go.microsoft.com/fwlink/?linkid=2131316 for more information.
2026-04-21 23:04:50.344 +05:30 [WRN] Microsoft.EntityFrameworkCore.Model.Validation | CorrelationId: | Entity 'School' has a global query filter defined and is the required end of a relationship with the entity 'IDCardTemplate'. This may lead to unexpected results when the required entity is filtered out. Either configure the navigation as optional, or define matching query filters for both entities in the navigation. See https://go.microsoft.com/fwlink/?linkid=2131316 for more information.
2026-04-21 23:04:50.346 +05:30 [WRN] Microsoft.EntityFrameworkCore.Model.Validation | CorrelationId: | Entity 'UserLogin' has a global query filter defined and is the required end of a relationship with the entity 'PasswordResetToken'. This may lead to unexpected results when the required entity is filtered out. Either configure the navigation as optional, or define matching query filters for both entities in the navigation. See https://go.microsoft.com/fwlink/?linkid=2131316 for more information.
2026-04-21 23:04:50.350 +05:30 [WRN] Microsoft.EntityFrameworkCore.Model.Validation | CorrelationId: | Entity 'School' has a global query filter defined and is the required end of a relationship with the entity 'PromotionHistory'. This may lead to unexpected results when the required entity is filtered out. Either configure the navigation as optional, or define matching query filters for both entities in the navigation. See https://go.microsoft.com/fwlink/?linkid=2131316 for more information.
2026-04-21 23:04:50.460 +05:30 [WRN] Microsoft.EntityFrameworkCore.Model.Validation | CorrelationId: | The foreign key property 'Staff.ReportingToId1' was created in shadow state because a conflicting property with the simple name 'ReportingToId' exists in the entity type, but is either not mapped, is already used for another relationship, or is incompatible with the associated primary key type. See https://aka.ms/efcore-relationships for information on mapping relationships in EF Core.
2026-04-21 23:04:51.748 +05:30 [INF] Program | CorrelationId: | Database migrations applied successfully.
2026-04-21 23:04:52.616 +05:30 [INF] Microsoft.Hosting.Lifetime | CorrelationId: | Now listening on: http://localhost:5092
2026-04-21 23:04:52.618 +05:30 [INF] Microsoft.Hosting.Lifetime | CorrelationId: | Application started. Press Ctrl+C to shut down.
2026-04-21 23:04:52.619 +05:30 [INF] Microsoft.Hosting.Lifetime | CorrelationId: | Hosting environment: Development
2026-04-21 23:04:52.622 +05:30 [INF] Microsoft.Hosting.Lifetime | CorrelationId: | Content root path: C:\Vitana\Vitana Group\sms-api
2026-04-21 23:04:52.768 +05:30 [INF] Serilog.AspNetCore.RequestLoggingMiddleware | CorrelationId:b83323300ed140edb5c2c5e667fe2e77 | HTTP OPTIONS /api/notifications/unread-count responded 204 in 8.7363 ms
2026-04-21 23:04:52.833 +05:30 [WRN] Microsoft.AspNetCore.HttpsPolicy.HttpsRedirectionMiddleware | CorrelationId:3e20bca6a4504d2f98f855eb391cec84 | Failed to determine the https port for redirect.
2026-04-21 23:04:52.930 +05:30 [INF] SmsApi.Middleware.LoggingActionFilter | CorrelationId:3e20bca6a4504d2f98f855eb391cec84 | API Request: GET /api/notifications/unread-count | User: Unknown | School: 00000000-0000-0000-0000-000000000001
2026-04-21 23:04:53.002 +05:30 [INF] SmsApi.Middleware.LoggingActionFilter | CorrelationId:3e20bca6a4504d2f98f855eb391cec84 | API Response: GET /api/notifications/unread-count | Status: 200 | Duration: 72ms
2026-04-21 23:04:53.046 +05:30 [INF] Serilog.AspNetCore.RequestLoggingMiddleware | CorrelationId:3e20bca6a4504d2f98f855eb391cec84 | HTTP GET /api/notifications/unread-count responded 200 in 220.5039 ms
2026-04-21 23:05:01.975 +05:30 [INF] Serilog.AspNetCore.RequestLoggingMiddleware | CorrelationId:7c0c89d8039e4df1b5827bfb680f6e7e | HTTP OPTIONS /api/staff responded 204 in 24.6100 ms
2026-04-21 23:05:01.975 +05:30 [INF] Serilog.AspNetCore.RequestLoggingMiddleware | CorrelationId:e9bb6ba6adf74592b729fd16a9c536f3 | HTTP OPTIONS /api/staff responded 204 in 24.3997 ms
2026-04-21 23:05:02.132 +05:30 [INF] SmsApi.Middleware.LoggingActionFilter | CorrelationId:e8d6c070d1b140279f2eec64d277e627 | API Request: GET /api/staff | User: Unknown | School: 00000000-0000-0000-0000-000000000001
2026-04-21 23:05:02.197 +05:30 [INF] SmsApi.Middleware.LoggingActionFilter | CorrelationId:e8d6c070d1b140279f2eec64d277e627 | API Response: GET /api/staff | Status: 200 | Duration: 65ms
2026-04-21 23:05:02.200 +05:30 [INF] SmsApi.Middleware.LoggingActionFilter | CorrelationId:6abd8f5f0fa0456187ea7e102b08d54f | API Request: GET /api/staff | User: Unknown | School: 00000000-0000-0000-0000-000000000001
2026-04-21 23:05:02.225 +05:30 [INF] SmsApi.Middleware.LoggingActionFilter | CorrelationId:6abd8f5f0fa0456187ea7e102b08d54f | API Response: GET /api/staff | Status: 200 | Duration: 25ms
2026-04-21 23:05:02.239 +05:30 [INF] Serilog.AspNetCore.RequestLoggingMiddleware | CorrelationId:e8d6c070d1b140279f2eec64d277e627 | HTTP GET /api/staff responded 200 in 216.7058 ms
2026-04-21 23:05:02.239 +05:30 [INF] Serilog.AspNetCore.RequestLoggingMiddleware | CorrelationId:6abd8f5f0fa0456187ea7e102b08d54f | HTTP GET /api/staff responded 200 in 167.0989 ms
2026-04-21 23:05:03.568 +05:30 [INF] Serilog.AspNetCore.RequestLoggingMiddleware | CorrelationId:fc3611914567498c819820a6364bae24 | HTTP OPTIONS /api/students responded 204 in 0.1448 ms
2026-04-21 23:05:03.568 +05:30 [INF] Serilog.AspNetCore.RequestLoggingMiddleware | CorrelationId:9928fc918d0b44e7bd8befc52ef45274 | HTTP OPTIONS /api/students responded 204 in 0.0408 ms
2026-04-21 23:05:03.663 +05:30 [INF] SmsApi.Middleware.LoggingActionFilter | CorrelationId:3de1c33e43734e88a7dfab64b68aad69 | API Request: GET /api/students | User: Unknown | School: 00000000-0000-0000-0000-000000000001
2026-04-21 23:05:03.688 +05:30 [INF] SmsApi.Middleware.LoggingActionFilter | CorrelationId:68d6d6f5f5ad409b920ee3f70e06af22 | API Request: GET /api/students | User: Unknown | School: 00000000-0000-0000-0000-000000000001
2026-04-21 23:05:03.775 +05:30 [INF] SmsApi.Middleware.LoggingActionFilter | CorrelationId:68d6d6f5f5ad409b920ee3f70e06af22 | API Response: GET /api/students | Status: 200 | Duration: 87ms
2026-04-21 23:05:03.775 +05:30 [INF] SmsApi.Middleware.LoggingActionFilter | CorrelationId:3de1c33e43734e88a7dfab64b68aad69 | API Response: GET /api/students | Status: 200 | Duration: 112ms
2026-04-21 23:05:03.788 +05:30 [INF] Serilog.AspNetCore.RequestLoggingMiddleware | CorrelationId:3de1c33e43734e88a7dfab64b68aad69 | HTTP GET /api/students responded 200 in 162.8158 ms
2026-04-21 23:05:03.788 +05:30 [INF] Serilog.AspNetCore.RequestLoggingMiddleware | CorrelationId:68d6d6f5f5ad409b920ee3f70e06af22 | HTTP GET /api/students responded 200 in 106.5853 ms
2026-04-21 23:05:04.364 +05:30 [INF] Serilog.AspNetCore.RequestLoggingMiddleware | CorrelationId:83667d0a4b05452a87a793a55121bd23 | HTTP OPTIONS /api/school-feature-permissions/stats responded 204 in 0.1102 ms
2026-04-21 23:05:04.365 +05:30 [INF] Serilog.AspNetCore.RequestLoggingMiddleware | CorrelationId:151d1f575af644628b1f565154dafe4b | HTTP OPTIONS /api/school-feature-permissions/stats responded 204 in 0.0358 ms
2026-04-21 23:05:04.372 +05:30 [INF] Serilog.AspNetCore.RequestLoggingMiddleware | CorrelationId:a3c9008ddacc4e8c8e7ea7f4be57cf97 | HTTP OPTIONS /api/school-feature-permissions/schools/550e8400-e29b-41d4-a716-446655440000 responded 204 in 0.1658 ms
2026-04-21 23:05:04.372 +05:30 [INF] Serilog.AspNetCore.RequestLoggingMiddleware | CorrelationId:511d2b32ea404f5ea3c1bd9d94bc8ccc | HTTP OPTIONS /api/school-feature-permissions/schools/550e8400-e29b-41d4-a716-446655440000 responded 204 in 0.0480 ms
2026-04-21 23:05:04.406 +05:30 [INF] SmsApi.Middleware.LoggingActionFilter | CorrelationId:d2a015cd58b446d0b5ec12aed3c0a2ea | API Request: GET /api/school-feature-permissions/stats | User: Unknown | School: 00000000-0000-0000-0000-000000000001
2026-04-21 23:05:04.419 +05:30 [INF] SmsApi.Middleware.LoggingActionFilter | CorrelationId:d55560307d7a45cbbcdd7214279ac1c7 | API Request: GET /api/school-feature-permissions/stats | User: Unknown | School: 00000000-0000-0000-0000-000000000001
2026-04-21 23:05:04.453 +05:30 [INF] SmsApi.Middleware.LoggingActionFilter | CorrelationId:b0275695e6e445398d19e54393977876 | API Request: GET /api/school-feature-permissions/schools/550e8400-e29b-41d4-a716-446655440000 | User: Unknown | School: 00000000-0000-0000-0000-000000000001
2026-04-21 23:05:04.453 +05:30 [INF] SmsApi.Middleware.LoggingActionFilter | CorrelationId:300b7d9214ad474eada89bf6b737d2b5 | API Request: GET /api/school-feature-permissions/schools/550e8400-e29b-41d4-a716-446655440000 | User: Unknown | School: 00000000-0000-0000-0000-000000000001
2026-04-21 23:05:04.520 +05:30 [INF] SmsApi.Middleware.LoggingActionFilter | CorrelationId:d2a015cd58b446d0b5ec12aed3c0a2ea | API Response: GET /api/school-feature-permissions/stats | Status: 200 | Duration: 115ms
2026-04-21 23:05:04.649 +05:30 [INF] SmsApi.Middleware.LoggingActionFilter | CorrelationId:d55560307d7a45cbbcdd7214279ac1c7 | API Response: GET /api/school-feature-permissions/stats | Status: 200 | Duration: 230ms
2026-04-21 23:05:04.756 +05:30 [INF] Serilog.AspNetCore.RequestLoggingMiddleware | CorrelationId:d55560307d7a45cbbcdd7214279ac1c7 | HTTP GET /api/school-feature-permissions/stats responded 200 in 353.0075 ms
2026-04-21 23:05:04.756 +05:30 [INF] Serilog.AspNetCore.RequestLoggingMiddleware | CorrelationId:d2a015cd58b446d0b5ec12aed3c0a2ea | HTTP GET /api/school-feature-permissions/stats responded 200 in 359.4630 ms
2026-04-21 23:05:04.893 +05:30 [INF] SmsApi.Middleware.LoggingActionFilter | CorrelationId:300b7d9214ad474eada89bf6b737d2b5 | API Response: GET /api/school-feature-permissions/schools/550e8400-e29b-41d4-a716-446655440000 | Status: 200 | Duration: 439ms
2026-04-21 23:05:04.893 +05:30 [INF] SmsApi.Middleware.LoggingActionFilter | CorrelationId:b0275695e6e445398d19e54393977876 | API Response: GET /api/school-feature-permissions/schools/550e8400-e29b-41d4-a716-446655440000 | Status: 200 | Duration: 439ms
2026-04-21 23:05:04.907 +05:30 [INF] Serilog.AspNetCore.RequestLoggingMiddleware | CorrelationId:b0275695e6e445398d19e54393977876 | HTTP GET /api/school-feature-permissions/schools/550e8400-e29b-41d4-a716-446655440000 responded 200 in 459.9699 ms
2026-04-21 23:05:04.908 +05:30 [INF] Serilog.AspNetCore.RequestLoggingMiddleware | CorrelationId:300b7d9214ad474eada89bf6b737d2b5 | HTTP GET /api/school-feature-permissions/schools/550e8400-e29b-41d4-a716-446655440000 responded 200 in 482.9650 ms
2026-04-21 23:05:11.942 +05:30 [INF] Serilog.AspNetCore.RequestLoggingMiddleware | CorrelationId:cb98b18df17d46dcbcff1946731f7514 | HTTP OPTIONS /api/school-feature-permissions/schools/550e8400-e29b-41d4-a716-446655440000/modules/health responded 204 in 0.4101 ms
2026-04-21 23:05:11.999 +05:30 [INF] SmsApi.Middleware.LoggingActionFilter | CorrelationId:e1964d4dfcc342438c0a693cb5aafcda | API Request: PUT /api/school-feature-permissions/schools/550e8400-e29b-41d4-a716-446655440000/modules/health | User: Unknown | School: 00000000-0000-0000-0000-000000000001
2026-04-21 23:05:12.113 +05:30 [INF] SmsApi.Middleware.LoggingActionFilter | CorrelationId:e1964d4dfcc342438c0a693cb5aafcda | API Response: PUT /api/school-feature-permissions/schools/550e8400-e29b-41d4-a716-446655440000/modules/health | Status: 200 | Duration: 113ms
2026-04-21 23:05:12.171 +05:30 [INF] Serilog.AspNetCore.RequestLoggingMiddleware | CorrelationId:e1964d4dfcc342438c0a693cb5aafcda | HTTP PUT /api/school-feature-permissions/schools/550e8400-e29b-41d4-a716-446655440000/modules/health responded 200 in 219.2050 ms
2026-04-21 23:05:23.063 +05:30 [INF] Serilog.AspNetCore.RequestLoggingMiddleware | CorrelationId:284358d1a81b4bf38c2024eaca5a992e | HTTP OPTIONS /api/notifications/unread-count responded 204 in 0.1676 ms
2026-04-21 23:05:23.135 +05:30 [INF] SmsApi.Middleware.LoggingActionFilter | CorrelationId:60d74e0d65eb49d79698704c3f1d76bf | API Request: GET /api/notifications/unread-count | User: Unknown | School: 00000000-0000-0000-0000-000000000001
2026-04-21 23:05:23.162 +05:30 [INF] SmsApi.Middleware.LoggingActionFilter | CorrelationId:60d74e0d65eb49d79698704c3f1d76bf | API Response: GET /api/notifications/unread-count | Status: 200 | Duration: 27ms
2026-04-21 23:05:23.181 +05:30 [INF] Serilog.AspNetCore.RequestLoggingMiddleware | CorrelationId:60d74e0d65eb49d79698704c3f1d76bf | HTTP GET /api/notifications/unread-count responded 200 in 48.8922 ms
2026-04-21 23:05:26.727 +05:30 [INF] Serilog.AspNetCore.RequestLoggingMiddleware | CorrelationId:3e863abb8c8141fea80b51b2b6eaae7c | HTTP OPTIONS /api/school-feature-permissions/schools/550e8400-e29b-41d4-a716-446655440000/modules/health responded 204 in 0.5018 ms
2026-04-21 23:05:26.767 +05:30 [INF] SmsApi.Middleware.LoggingActionFilter | CorrelationId:cfc63e1c6635445393d1e45069bee945 | API Request: PUT /api/school-feature-permissions/schools/550e8400-e29b-41d4-a716-446655440000/modules/health | User: Unknown | School: 00000000-0000-0000-0000-000000000001
2026-04-21 23:05:26.787 +05:30 [INF] SmsApi.Middleware.LoggingActionFilter | CorrelationId:cfc63e1c6635445393d1e45069bee945 | API Response: PUT /api/school-feature-permissions/schools/550e8400-e29b-41d4-a716-446655440000/modules/health | Status: 200 | Duration: 19ms
2026-04-21 23:05:26.803 +05:30 [INF] Serilog.AspNetCore.RequestLoggingMiddleware | CorrelationId:cfc63e1c6635445393d1e45069bee945 | HTTP PUT /api/school-feature-permissions/schools/550e8400-e29b-41d4-a716-446655440000/modules/health responded 200 in 41.3196 ms
2026-04-21 23:05:28.940 +05:30 [INF] Serilog.AspNetCore.RequestLoggingMiddleware | CorrelationId:bd0a2edd57844341b7f99b2a47a868d7 | HTTP OPTIONS /api/school-feature-permissions/schools/550e8400-e29b-41d4-a716-446655440000/modules/health responded 204 in 0.1899 ms
2026-04-21 23:05:28.969 +05:30 [INF] SmsApi.Middleware.LoggingActionFilter | CorrelationId:521769b8cd834987a908df6c3fac9798 | API Request: PUT /api/school-feature-permissions/schools/550e8400-e29b-41d4-a716-446655440000/modules/health | User: Unknown | School: 00000000-0000-0000-0000-000000000001
2026-04-21 23:05:28.983 +05:30 [INF] SmsApi.Middleware.LoggingActionFilter | CorrelationId:521769b8cd834987a908df6c3fac9798 | API Response: PUT /api/school-feature-permissions/schools/550e8400-e29b-41d4-a716-446655440000/modules/health | Status: 200 | Duration: 13ms
2026-04-21 23:05:28.990 +05:30 [INF] Serilog.AspNetCore.RequestLoggingMiddleware | CorrelationId:521769b8cd834987a908df6c3fac9798 | HTTP PUT /api/school-feature-permissions/schools/550e8400-e29b-41d4-a716-446655440000/modules/health responded 200 in 21.8706 ms
2026-04-21 23:05:31.618 +05:30 [INF] Serilog.AspNetCore.RequestLoggingMiddleware | CorrelationId:ed424949facf4851b9ab0e12036e74a4 | HTTP OPTIONS /api/school-feature-permissions/stats responded 204 in 0.1636 ms
2026-04-21 23:05:31.638 +05:30 [INF] SmsApi.Middleware.LoggingActionFilter | CorrelationId:3a5fb1bbe57a43cdb580a388939c9476 | API Request: GET /api/school-feature-permissions/stats | User: Unknown | School: 00000000-0000-0000-0000-000000000001
2026-04-21 23:05:31.688 +05:30 [INF] SmsApi.Middleware.LoggingActionFilter | CorrelationId:3a5fb1bbe57a43cdb580a388939c9476 | API Response: GET /api/school-feature-permissions/stats | Status: 200 | Duration: 49ms
2026-04-21 23:05:31.692 +05:30 [INF] Serilog.AspNetCore.RequestLoggingMiddleware | CorrelationId:3a5fb1bbe57a43cdb580a388939c9476 | HTTP GET /api/school-feature-permissions/stats responded 200 in 56.0076 ms
2026-04-21 23:05:38.369 +05:30 [INF] Serilog.AspNetCore.RequestLoggingMiddleware | CorrelationId:ede88fa7a707423397548cc256c1a3a8 | HTTP OPTIONS /api/school-feature-permissions/stats responded 204 in 0.1082 ms
2026-04-21 23:05:38.473 +05:30 [INF] SmsApi.Middleware.LoggingActionFilter | CorrelationId:235f91184bb146f88d792afdce77ea69 | API Request: GET /api/school-feature-permissions/stats | User: Unknown | School: 00000000-0000-0000-0000-000000000001
2026-04-21 23:05:38.484 +05:30 [INF] SmsApi.Middleware.LoggingActionFilter | CorrelationId:235f91184bb146f88d792afdce77ea69 | API Response: GET /api/school-feature-permissions/stats | Status: 200 | Duration: 11ms
2026-04-21 23:05:38.492 +05:30 [INF] Serilog.AspNetCore.RequestLoggingMiddleware | CorrelationId:235f91184bb146f88d792afdce77ea69 | HTTP GET /api/school-feature-permissions/stats responded 200 in 19.9028 ms
2026-04-21 23:05:41.279 +05:30 [INF] Serilog.AspNetCore.RequestLoggingMiddleware | CorrelationId:0a7549c324b84a3f902e9e2fdfa00183 | HTTP OPTIONS /api/school-feature-permissions/stats responded 204 in 0.1939 ms
2026-04-21 23:05:41.281 +05:30 [INF] Serilog.AspNetCore.RequestLoggingMiddleware | CorrelationId:5ab281e627324f0982958dd324d872fe | HTTP OPTIONS /api/school-feature-permissions/stats responded 204 in 0.0765 ms
2026-04-21 23:05:41.326 +05:30 [INF] Serilog.AspNetCore.RequestLoggingMiddleware | CorrelationId:ed26dd3ff4fe471d9c66bcf6380803e5 | HTTP GET /api/school-feature-permissions/stats responded 401 in 18.7684 ms
2026-04-21 23:05:41.345 +05:30 [INF] Serilog.AspNetCore.RequestLoggingMiddleware | CorrelationId:3fb68f855ef84cf1a70d11cc8c032fa2 | HTTP GET /api/school-feature-permissions/stats responded 401 in 0.4777 ms
2026-04-21 23:05:42.883 +05:30 [INF] Serilog.AspNetCore.RequestLoggingMiddleware | CorrelationId:378a276679b840b897e913c715211e4d | HTTP OPTIONS /api/academics/academic-years responded 204 in 0.0786 ms
2026-04-21 23:05:42.957 +05:30 [INF] Serilog.AspNetCore.RequestLoggingMiddleware | CorrelationId:dacce59b37d84664b99feda09040266f | HTTP OPTIONS /api/academics/academic-years responded 204 in 0.0755 ms
2026-04-21 23:05:43.081 +05:30 [INF] Serilog.AspNetCore.RequestLoggingMiddleware | CorrelationId:60bdd16279b243bcacf1af8784da9dd7 | HTTP GET /api/academics/academic-years responded 401 in 0.5514 ms
2026-04-21 23:05:43.103 +05:30 [INF] Serilog.AspNetCore.RequestLoggingMiddleware | CorrelationId:3af05fe5ca38446081eea934c1bde6ba | HTTP GET /api/academics/academic-years responded 401 in 0.1843 ms
2026-04-21 23:05:45.618 +05:30 [INF] Serilog.AspNetCore.RequestLoggingMiddleware | CorrelationId:4f32b4918e244d9da66a88eb5c3ba18e | HTTP OPTIONS /api/auth/login responded 204 in 0.1086 ms
2026-04-21 23:05:45.674 +05:30 [INF] SmsApi.Middleware.LoggingActionFilter | CorrelationId:1c3ba5735589434184da606155a7d05f | API Request: POST /api/auth/login | User: Unknown | School: Unknown
2026-04-21 23:05:46.363 +05:30 [INF] SmsApi.Controllers.AuthController | CorrelationId:1c3ba5735589434184da606155a7d05f | Login successful for admin (SchoolId: "550e8400-e29b-41d4-a716-446655440000")
2026-04-21 23:05:46.365 +05:30 [INF] SmsApi.Middleware.LoggingActionFilter | CorrelationId:1c3ba5735589434184da606155a7d05f | API Response: POST /api/auth/login | Status: 200 | Duration: 691ms
2026-04-21 23:05:46.372 +05:30 [INF] Serilog.AspNetCore.RequestLoggingMiddleware | CorrelationId:1c3ba5735589434184da606155a7d05f | HTTP POST /api/auth/login responded 200 in 713.3670 ms
2026-04-21 23:05:46.377 +05:30 [WRN] SmsApi.Infrastructure.Performance.PerformanceMonitoringMiddleware | CorrelationId: | Slow request: POST /api/auth/login took 709ms — status 200.
2026-04-21 23:05:46.663 +05:30 [INF] Serilog.AspNetCore.RequestLoggingMiddleware | CorrelationId:ee132b5daec24bdfa19f61ed8f763649 | HTTP OPTIONS /api/settings/school/me responded 204 in 0.0518 ms
2026-04-21 23:05:47.951 +05:30 [INF] Serilog.AspNetCore.RequestLoggingMiddleware | CorrelationId:700aebebcf6a457783a9da1c6db48a5c | HTTP OPTIONS /api/academics/academic-years responded 204 in 0.9580 ms
2026-04-21 23:05:47.954 +05:30 [INF] Serilog.AspNetCore.RequestLoggingMiddleware | CorrelationId:10341d3d222945d1bb7291cc4077359a | HTTP OPTIONS /api/academics/academic-years responded 204 in 0.0483 ms
2026-04-21 23:05:47.964 +05:30 [INF] Serilog.AspNetCore.RequestLoggingMiddleware | CorrelationId:39d4e0ba914f47dd82ed26ad8ef0b17f | HTTP OPTIONS /api/settings/school/me responded 204 in 0.0510 ms
2026-04-21 23:05:48.210 +05:30 [INF] Serilog.AspNetCore.RequestLoggingMiddleware | CorrelationId:c39f68da99724ae5bf28cc4920895784 | HTTP OPTIONS /api/notifications/unread-count responded 204 in 0.7892 ms
2026-04-21 23:05:48.292 +05:30 [INF] Serilog.AspNetCore.RequestLoggingMiddleware | CorrelationId:9201896055ce45738592a8fc20778daa | HTTP OPTIONS /api/analytics/dashboard/summary responded 204 in 0.0521 ms
2026-04-21 23:05:48.296 +05:30 [INF] Serilog.AspNetCore.RequestLoggingMiddleware | CorrelationId:f23d9495eae3428a8b479d9425f638e2 | HTTP OPTIONS /api/analytics/dashboard/summary responded 204 in 0.0762 ms
2026-04-21 23:05:48.316 +05:30 [INF] SmsApi.Middleware.LoggingActionFilter | CorrelationId:61bc441299e64dde8105c160d2092b49 | API Request: GET /api/settings/school/me | User: Unknown | School: 550e8400-e29b-41d4-a716-446655440000
2026-04-21 23:05:48.321 +05:30 [INF] SmsApi.Middleware.LoggingActionFilter | CorrelationId:eec52880ac844eeea23491e6a391fe52 | API Request: GET /api/academics/academic-years | User: Unknown | School: 550e8400-e29b-41d4-a716-446655440000
2026-04-21 23:05:48.333 +05:30 [INF] SmsApi.Middleware.LoggingActionFilter | CorrelationId:6968ec84cf8c42b08ce3629b4e0aa159 | API Request: GET /api/academics/academic-years | User: Unknown | School: 550e8400-e29b-41d4-a716-446655440000
2026-04-21 23:05:48.337 +05:30 [INF] SmsApi.Middleware.LoggingActionFilter | CorrelationId:f2291101990a428894b0f68b793601fc | API Request: GET /api/notifications/unread-count | User: Unknown | School: 550e8400-e29b-41d4-a716-446655440000
2026-04-21 23:05:48.382 +05:30 [INF] SmsApi.Middleware.LoggingActionFilter | CorrelationId:d872e5d76f78481cad0097b288dfbb0d | API Request: GET /api/analytics/dashboard/summary | User: Unknown | School: 550e8400-e29b-41d4-a716-446655440000
2026-04-21 23:05:48.384 +05:30 [INF] SmsApi.Middleware.LoggingActionFilter | CorrelationId:a08c4991f16b4aaf86160c756172a723 | API Request: GET /api/analytics/dashboard/summary | User: Unknown | School: 550e8400-e29b-41d4-a716-446655440000
2026-04-21 23:05:48.384 +05:30 [INF] SmsApi.Middleware.LoggingActionFilter | CorrelationId:f2291101990a428894b0f68b793601fc | API Response: GET /api/notifications/unread-count | Status: 200 | Duration: 47ms
2026-04-21 23:05:48.387 +05:30 [INF] SmsApi.Middleware.LoggingActionFilter | CorrelationId:61bc441299e64dde8105c160d2092b49 | API Response: GET /api/settings/school/me | Status: 200 | Duration: 70ms
2026-04-21 23:05:48.399 +05:30 [INF] Serilog.AspNetCore.RequestLoggingMiddleware | CorrelationId:f2291101990a428894b0f68b793601fc | HTTP GET /api/notifications/unread-count responded 200 in 64.9468 ms
2026-04-21 23:05:48.438 +05:30 [INF] SmsApi.Middleware.LoggingActionFilter | CorrelationId:eec52880ac844eeea23491e6a391fe52 | API Response: GET /api/academics/academic-years | Status: 200 | Duration: 117ms
2026-04-21 23:05:48.438 +05:30 [INF] SmsApi.Middleware.LoggingActionFilter | CorrelationId:6968ec84cf8c42b08ce3629b4e0aa159 | API Response: GET /api/academics/academic-years | Status: 200 | Duration: 105ms
2026-04-21 23:05:48.455 +05:30 [INF] Serilog.AspNetCore.RequestLoggingMiddleware | CorrelationId:61bc441299e64dde8105c160d2092b49 | HTTP GET /api/settings/school/me responded 200 in 143.6074 ms
2026-04-21 23:05:48.481 +05:30 [INF] Serilog.AspNetCore.RequestLoggingMiddleware | CorrelationId:eec52880ac844eeea23491e6a391fe52 | HTTP GET /api/academics/academic-years responded 200 in 176.0303 ms
2026-04-21 23:05:48.488 +05:30 [INF] Serilog.AspNetCore.RequestLoggingMiddleware | CorrelationId:6968ec84cf8c42b08ce3629b4e0aa159 | HTTP GET /api/academics/academic-years responded 200 in 158.8077 ms
2026-04-21 23:05:48.585 +05:30 [INF] SmsApi.Middleware.LoggingActionFilter | CorrelationId:a08c4991f16b4aaf86160c756172a723 | API Response: GET /api/analytics/dashboard/summary | Status: 200 | Duration: 200ms
2026-04-21 23:05:48.591 +05:30 [INF] SmsApi.Middleware.LoggingActionFilter | CorrelationId:d872e5d76f78481cad0097b288dfbb0d | API Response: GET /api/analytics/dashboard/summary | Status: 200 | Duration: 208ms
2026-04-21 23:05:48.634 +05:30 [INF] Serilog.AspNetCore.RequestLoggingMiddleware | CorrelationId:a08c4991f16b4aaf86160c756172a723 | HTTP GET /api/analytics/dashboard/summary responded 200 in 261.4960 ms
2026-04-21 23:05:48.637 +05:30 [INF] Serilog.AspNetCore.RequestLoggingMiddleware | CorrelationId:d872e5d76f78481cad0097b288dfbb0d | HTTP GET /api/analytics/dashboard/summary responded 200 in 264.5062 ms
2026-04-21 23:05:51.276 +05:30 [INF] Serilog.AspNetCore.RequestLoggingMiddleware | CorrelationId:006abd2967ec4c09bfb9ce6124ccb814 | HTTP OPTIONS /api/health/stats responded 204 in 0.2631 ms
2026-04-21 23:05:51.276 +05:30 [INF] Serilog.AspNetCore.RequestLoggingMiddleware | CorrelationId:57e840baf65748d7b39b71bcf5815971 | HTTP OPTIONS /api/health/records responded 204 in 0.2646 ms
2026-04-21 23:05:51.276 +05:30 [INF] Serilog.AspNetCore.RequestLoggingMiddleware | CorrelationId:f7f8ca0ef62b42cda23222cd9fff9e95 | HTTP OPTIONS /api/health/records responded 204 in 0.0125 ms
2026-04-21 23:05:51.277 +05:30 [INF] Serilog.AspNetCore.RequestLoggingMiddleware | CorrelationId:ebf3867d0278428a977633f326cc9fa1 | HTTP OPTIONS /api/health/stats responded 204 in 0.0345 ms
2026-04-21 23:05:51.415 +05:30 [INF] Serilog.AspNetCore.RequestLoggingMiddleware | CorrelationId:0ef1f0a5c4d84fbdae6a75f0713446f4 | HTTP GET /api/health/records responded 403 in 18.6709 ms
2026-04-21 23:05:51.415 +05:30 [INF] Serilog.AspNetCore.RequestLoggingMiddleware | CorrelationId:1599915b67484e73b2e77bff6412903d | HTTP GET /api/health/stats responded 403 in 64.6106 ms
2026-04-21 23:05:51.464 +05:30 [INF] Serilog.AspNetCore.RequestLoggingMiddleware | CorrelationId:0156f528016c4aa6805ca1e637fa34ee | HTTP GET /api/health/records responded 403 in 48.7403 ms
2026-04-21 23:05:51.522 +05:30 [INF] Serilog.AspNetCore.RequestLoggingMiddleware | CorrelationId:5a2207faaea44412a6c1fe0843703f1f | HTTP GET /api/health/stats responded 403 in 8.8837 ms
2026-04-21 23:05:59.543 +05:30 [INF] Serilog.AspNetCore.RequestLoggingMiddleware | CorrelationId:343f2bf88e1146218acfb8bfb2f73f24 | HTTP OPTIONS /api/academics/academic-years responded 204 in 0.5310 ms
2026-04-21 23:05:59.596 +05:30 [INF] Serilog.AspNetCore.RequestLoggingMiddleware | CorrelationId:088ae9205b4c4d6caaa606722b6eb155 | HTTP OPTIONS /api/academics/academic-years responded 204 in 0.0714 ms
2026-04-21 23:05:59.713 +05:30 [INF] Serilog.AspNetCore.RequestLoggingMiddleware | CorrelationId:5e60fd79641b43bb936374d02f9cb06e | HTTP GET /api/academics/academic-years responded 401 in 6.9140 ms
2026-04-21 23:05:59.728 +05:30 [INF] Serilog.AspNetCore.RequestLoggingMiddleware | CorrelationId:84fe913ca3be4c71801f065bf4b8a62a | HTTP GET /api/academics/academic-years responded 401 in 0.2208 ms
2026-04-21 23:06:18.095 +05:30 [INF] Serilog.AspNetCore.RequestLoggingMiddleware | CorrelationId:5604160f6b4b4d5f9a2093e448666206 | HTTP GET /api/Health/records responded 401 in 0.4619 ms
2026-04-21 23:06:24.610 +05:30 [INF] Serilog.AspNetCore.RequestLoggingMiddleware | CorrelationId:09c4c7bf08124cadb91c0047ab60a734 | HTTP OPTIONS /api/auth/login responded 204 in 0.0533 ms
2026-04-21 23:06:24.662 +05:30 [INF] SmsApi.Middleware.LoggingActionFilter | CorrelationId:902789b13eb14d7289533a6c98591fc8 | API Request: POST /api/auth/login | User: Unknown | School: Unknown
2026-04-21 23:06:25.149 +05:30 [INF] SmsApi.Controllers.AuthController | CorrelationId:902789b13eb14d7289533a6c98591fc8 | Login successful for arjun.sharma (SchoolId: "550e8400-e29b-41d4-a716-446655440000")
2026-04-21 23:06:25.151 +05:30 [INF] SmsApi.Middleware.LoggingActionFilter | CorrelationId:902789b13eb14d7289533a6c98591fc8 | API Response: POST /api/auth/login | Status: 200 | Duration: 489ms
2026-04-21 23:06:25.161 +05:30 [INF] Serilog.AspNetCore.RequestLoggingMiddleware | CorrelationId:902789b13eb14d7289533a6c98591fc8 | HTTP POST /api/auth/login responded 200 in 501.6834 ms
2026-04-21 23:06:25.427 +05:30 [INF] Serilog.AspNetCore.RequestLoggingMiddleware | CorrelationId:0455f0f956b349a3a3c7a70a8abb0207 | HTTP OPTIONS /api/settings/school/me responded 204 in 0.0650 ms
2026-04-21 23:06:26.468 +05:30 [INF] Serilog.AspNetCore.RequestLoggingMiddleware | CorrelationId:56af689311e846ae84d570d146943440 | HTTP OPTIONS /api/academics/academic-years responded 204 in 0.0653 ms
2026-04-21 23:06:26.468 +05:30 [INF] Serilog.AspNetCore.RequestLoggingMiddleware | CorrelationId:35f14bf0bbef49b290d5bbd36bbf193e | HTTP OPTIONS /api/academics/academic-years responded 204 in 0.0056 ms
2026-04-21 23:06:26.503 +05:30 [INF] Serilog.AspNetCore.RequestLoggingMiddleware | CorrelationId:7a9b680fddec4c5c8d063e0d9dd13671 | HTTP OPTIONS /api/settings/school/me responded 204 in 0.0532 ms
2026-04-21 23:06:26.601 +05:30 [INF] Serilog.AspNetCore.RequestLoggingMiddleware | CorrelationId:07ecd32f17c745c184ed752259882902 | HTTP OPTIONS /api/students/my-children responded 204 in 0.0465 ms
2026-04-21 23:06:26.647 +05:30 [INF] Serilog.AspNetCore.RequestLoggingMiddleware | CorrelationId:688c398deff14891830501b733f596ca | HTTP OPTIONS /api/notifications/my responded 204 in 0.0525 ms
2026-04-21 23:06:26.660 +05:30 [INF] Serilog.AspNetCore.RequestLoggingMiddleware | CorrelationId:7bcdcf0ebb984c49b226640aeb64bbcf | HTTP OPTIONS /api/students/my-children responded 204 in 0.0526 ms
2026-04-21 23:06:26.708 +05:30 [INF] Serilog.AspNetCore.RequestLoggingMiddleware | CorrelationId:fb98e4770f1e4443b3e22e9f1dba8069 | HTTP OPTIONS /api/notifications/my responded 204 in 0.0569 ms
2026-04-21 23:06:26.735 +05:30 [INF] Serilog.AspNetCore.RequestLoggingMiddleware | CorrelationId:c681756077ea4656852698c8bd481dad | HTTP GET /api/academics/academic-years responded 403 in 4.5824 ms
2026-04-21 23:06:26.738 +05:30 [INF] Serilog.AspNetCore.RequestLoggingMiddleware | CorrelationId:cc0e8ce0b6da4c7f9f4ac7e1d3410c7b | HTTP GET /api/academics/academic-years responded 403 in 0.4557 ms
2026-04-21 23:06:26.762 +05:30 [INF] SmsApi.Middleware.LoggingActionFilter | CorrelationId:283df63bffa04e1ebad506d273a1e0ae | API Request: GET /api/settings/school/me | User: Unknown | School: 550e8400-e29b-41d4-a716-446655440000
2026-04-21 23:06:26.869 +05:30 [INF] SmsApi.Middleware.LoggingActionFilter | CorrelationId:12e97c6f65694303b9ee21a347d01e9a | API Request: GET /api/students/my-children | User: Unknown | School: 550e8400-e29b-41d4-a716-446655440000
2026-04-21 23:06:26.897 +05:30 [INF] SmsApi.Middleware.LoggingActionFilter | CorrelationId:62b48e4381e54b418dacc8da9703a1cd | API Request: GET /api/notifications/my | User: Unknown | School: 550e8400-e29b-41d4-a716-446655440000
2026-04-21 23:06:26.900 +05:30 [INF] SmsApi.Middleware.LoggingActionFilter | CorrelationId:5d0e2e17f21845ecb0d2126a805c02e8 | API Request: GET /api/students/my-children | User: Unknown | School: 550e8400-e29b-41d4-a716-446655440000
2026-04-21 23:06:26.916 +05:30 [INF] SmsApi.Middleware.LoggingActionFilter | CorrelationId:ecf2ec3ad15749649ba8e45586ed50b4 | API Request: GET /api/notifications/my | User: Unknown | School: 550e8400-e29b-41d4-a716-446655440000
2026-04-21 23:06:26.934 +05:30 [INF] SmsApi.Middleware.LoggingActionFilter | CorrelationId:283df63bffa04e1ebad506d273a1e0ae | API Response: GET /api/settings/school/me | Status: 200 | Duration: 172ms
2026-04-21 23:06:26.971 +05:30 [INF] Serilog.AspNetCore.RequestLoggingMiddleware | CorrelationId:283df63bffa04e1ebad506d273a1e0ae | HTTP GET /api/settings/school/me responded 200 in 214.5578 ms
2026-04-21 23:06:27.053 +05:30 [INF] SmsApi.Middleware.LoggingActionFilter | CorrelationId:62b48e4381e54b418dacc8da9703a1cd | API Response: GET /api/notifications/my | Status: 200 | Duration: 156ms
2026-04-21 23:06:27.053 +05:30 [INF] SmsApi.Middleware.LoggingActionFilter | CorrelationId:ecf2ec3ad15749649ba8e45586ed50b4 | API Response: GET /api/notifications/my | Status: 200 | Duration: 137ms
2026-04-21 23:06:27.068 +05:30 [INF] Serilog.AspNetCore.RequestLoggingMiddleware | CorrelationId:62b48e4381e54b418dacc8da9703a1cd | HTTP GET /api/notifications/my responded 200 in 190.7527 ms
2026-04-21 23:06:27.074 +05:30 [INF] Serilog.AspNetCore.RequestLoggingMiddleware | CorrelationId:ecf2ec3ad15749649ba8e45586ed50b4 | HTTP GET /api/notifications/my responded 200 in 163.9814 ms
2026-04-21 23:06:27.095 +05:30 [INF] SmsApi.Middleware.LoggingActionFilter | CorrelationId:12e97c6f65694303b9ee21a347d01e9a | API Response: GET /api/students/my-children | Status: 200 | Duration: 225ms
2026-04-21 23:06:27.107 +05:30 [INF] Serilog.AspNetCore.RequestLoggingMiddleware | CorrelationId:12e97c6f65694303b9ee21a347d01e9a | HTTP GET /api/students/my-children responded 200 in 278.5788 ms
2026-04-21 23:06:27.095 +05:30 [INF] SmsApi.Middleware.LoggingActionFilter | CorrelationId:5d0e2e17f21845ecb0d2126a805c02e8 | API Response: GET /api/students/my-children | Status: 200 | Duration: 195ms
2026-04-21 23:06:27.152 +05:30 [INF] Serilog.AspNetCore.RequestLoggingMiddleware | CorrelationId:5d0e2e17f21845ecb0d2126a805c02e8 | HTTP GET /api/students/my-children responded 200 in 259.3794 ms
2026-04-21 23:06:27.146 +05:30 [INF] Serilog.AspNetCore.RequestLoggingMiddleware | CorrelationId:c03e04720dfd4ccbbba182f13f3a590d | HTTP OPTIONS /api/students/c0a80101-0000-4000-8000-000000000001/profile-summary responded 204 in 0.0543 ms
2026-04-21 23:06:27.136 +05:30 [INF] Serilog.AspNetCore.RequestLoggingMiddleware | CorrelationId:836baf66ae6841f0a45ab640fb885b96 | HTTP OPTIONS /api/students/67e1d74f-5eab-42a8-918b-bf30c64111c3/profile-summary responded 204 in 0.0360 ms
2026-04-21 23:06:27.181 +05:30 [INF] Serilog.AspNetCore.RequestLoggingMiddleware | CorrelationId:660f96c5fd4e4b8bbaef4d9c1ce112cf | HTTP OPTIONS /api/students/67e1d74f-5eab-42a8-918b-bf30c64111c3/profile-summary responded 204 in 0.0567 ms
2026-04-21 23:06:27.184 +05:30 [INF] Serilog.AspNetCore.RequestLoggingMiddleware | CorrelationId:81dcc061f3a646fdb09a428f6874036d | HTTP OPTIONS /api/students/c0a80101-0000-4000-8000-000000000001/profile-summary responded 204 in 0.0430 ms
2026-04-21 23:06:27.240 +05:30 [INF] SmsApi.Middleware.LoggingActionFilter | CorrelationId:d3b0f8ecf10947d786413e6b0f14098a | API Request: GET /api/students/c0a80101-0000-4000-8000-000000000001/profile-summary | User: Unknown | School: 550e8400-e29b-41d4-a716-446655440000
2026-04-21 23:06:27.245 +05:30 [INF] SmsApi.Middleware.LoggingActionFilter | CorrelationId:52ae878d546d4d6e8e75e90b97dfab87 | API Request: GET /api/students/67e1d74f-5eab-42a8-918b-bf30c64111c3/profile-summary | User: Unknown | School: 550e8400-e29b-41d4-a716-446655440000
2026-04-21 23:06:27.245 +05:30 [INF] SmsApi.Middleware.LoggingActionFilter | CorrelationId:a944580725464af9b3041399e0ef41c7 | API Request: GET /api/students/67e1d74f-5eab-42a8-918b-bf30c64111c3/profile-summary | User: Unknown | School: 550e8400-e29b-41d4-a716-446655440000
2026-04-21 23:06:27.263 +05:30 [INF] SmsApi.Middleware.LoggingActionFilter | CorrelationId:938ef97a11e94119ab1cb69b1e5fc08f | API Request: GET /api/students/c0a80101-0000-4000-8000-000000000001/profile-summary | User: Unknown | School: 550e8400-e29b-41d4-a716-446655440000
2026-04-21 23:06:27.558 +05:30 [INF] SmsApi.Middleware.LoggingActionFilter | CorrelationId:a944580725464af9b3041399e0ef41c7 | API Response: GET /api/students/67e1d74f-5eab-42a8-918b-bf30c64111c3/profile-summary | Status: 200 | Duration: 312ms
2026-04-21 23:06:27.558 +05:30 [INF] SmsApi.Middleware.LoggingActionFilter | CorrelationId:52ae878d546d4d6e8e75e90b97dfab87 | API Response: GET /api/students/67e1d74f-5eab-42a8-918b-bf30c64111c3/profile-summary | Status: 200 | Duration: 313ms
2026-04-21 23:06:27.558 +05:30 [INF] SmsApi.Middleware.LoggingActionFilter | CorrelationId:938ef97a11e94119ab1cb69b1e5fc08f | API Response: GET /api/students/c0a80101-0000-4000-8000-000000000001/profile-summary | Status: 200 | Duration: 294ms
2026-04-21 23:06:27.558 +05:30 [INF] SmsApi.Middleware.LoggingActionFilter | CorrelationId:d3b0f8ecf10947d786413e6b0f14098a | API Response: GET /api/students/c0a80101-0000-4000-8000-000000000001/profile-summary | Status: 200 | Duration: 319ms
2026-04-21 23:06:27.578 +05:30 [INF] Serilog.AspNetCore.RequestLoggingMiddleware | CorrelationId:52ae878d546d4d6e8e75e90b97dfab87 | HTTP GET /api/students/67e1d74f-5eab-42a8-918b-bf30c64111c3/profile-summary responded 200 in 361.4943 ms
2026-04-21 23:06:27.578 +05:30 [INF] Serilog.AspNetCore.RequestLoggingMiddleware | CorrelationId:a944580725464af9b3041399e0ef41c7 | HTTP GET /api/students/67e1d74f-5eab-42a8-918b-bf30c64111c3/profile-summary responded 200 in 376.2053 ms
2026-04-21 23:06:27.578 +05:30 [INF] Serilog.AspNetCore.RequestLoggingMiddleware | CorrelationId:d3b0f8ecf10947d786413e6b0f14098a | HTTP GET /api/students/c0a80101-0000-4000-8000-000000000001/profile-summary responded 200 in 384.9892 ms
2026-04-21 23:06:27.578 +05:30 [INF] Serilog.AspNetCore.RequestLoggingMiddleware | CorrelationId:938ef97a11e94119ab1cb69b1e5fc08f | HTTP GET /api/students/c0a80101-0000-4000-8000-000000000001/profile-summary responded 200 in 321.3556 ms
2026-04-21 23:06:32.487 +05:30 [INF] Serilog.AspNetCore.RequestLoggingMiddleware | CorrelationId:a43055bfd0144f21af9b06cad1f2292d | HTTP OPTIONS /api/notifications/unread-count responded 204 in 0.9338 ms
2026-04-21 23:06:33.690 +05:30 [INF] Serilog.AspNetCore.RequestLoggingMiddleware | CorrelationId:f80adb85bcd74b539915bccf803102b9 | HTTP OPTIONS /api/academics/academic-years responded 204 in 0.0378 ms
2026-04-21 23:06:33.690 +05:30 [INF] Serilog.AspNetCore.RequestLoggingMiddleware | CorrelationId:80340d9c00944ced9a8a76fae4195b9f | HTTP OPTIONS /api/academics/academic-years responded 204 in 0.0113 ms
2026-04-21 23:06:33.854 +05:30 [INF] Serilog.AspNetCore.RequestLoggingMiddleware | CorrelationId:f3f16c9765b9410aa9b47b35bd6c19e7 | HTTP GET /api/academics/academic-years responded 401 in 0.3992 ms
2026-04-21 23:06:33.878 +05:30 [INF] Serilog.AspNetCore.RequestLoggingMiddleware | CorrelationId:7ccde46f423946a5bd202656c9998130 | HTTP GET /api/academics/academic-years responded 401 in 0.1730 ms
2026-04-21 23:06:39.641 +05:30 [INF] Serilog.AspNetCore.RequestLoggingMiddleware | CorrelationId:ccebe8cdc7374d538492acb046c17cb5 | HTTP OPTIONS /api/auth/login responded 204 in 0.0483 ms
2026-04-21 23:06:39.682 +05:30 [INF] SmsApi.Middleware.LoggingActionFilter | CorrelationId:71a5cc8399fe4790b96be1678918b9ce | API Request: POST /api/auth/login | User: Unknown | School: Unknown
2026-04-21 23:06:40.203 +05:30 [INF] SmsApi.Controllers.AuthController | CorrelationId:71a5cc8399fe4790b96be1678918b9ce | Login successful for superadmin (SchoolId: "00000000-0000-0000-0000-000000000001")
2026-04-21 23:06:40.207 +05:30 [INF] SmsApi.Middleware.LoggingActionFilter | CorrelationId:71a5cc8399fe4790b96be1678918b9ce | API Response: POST /api/auth/login | Status: 200 | Duration: 525ms
2026-04-21 23:06:40.213 +05:30 [INF] Serilog.AspNetCore.RequestLoggingMiddleware | CorrelationId:71a5cc8399fe4790b96be1678918b9ce | HTTP POST /api/auth/login responded 200 in 534.5513 ms
2026-04-21 23:06:40.237 +05:30 [WRN] SmsApi.Infrastructure.Performance.PerformanceMonitoringMiddleware | CorrelationId: | Slow request: POST /api/auth/login took 531ms — status 200.
2026-04-21 23:06:40.425 +05:30 [INF] Serilog.AspNetCore.RequestLoggingMiddleware | CorrelationId:cb93be6299bf4e0c8ed0625b1d2abb27 | HTTP OPTIONS /api/settings/school/me responded 204 in 0.0598 ms
2026-04-21 23:06:41.358 +05:30 [INF] Serilog.AspNetCore.RequestLoggingMiddleware | CorrelationId:43d2b6011e3d4f1ebe4c610fe5279054 | HTTP OPTIONS /api/academics/academic-years responded 204 in 0.0389 ms
2026-04-21 23:06:41.362 +05:30 [INF] Serilog.AspNetCore.RequestLoggingMiddleware | CorrelationId:4a4c351bba7144539cd252d6823fa335 | HTTP OPTIONS /api/academics/academic-years responded 204 in 0.0395 ms
2026-04-21 23:06:41.376 +05:30 [INF] Serilog.AspNetCore.RequestLoggingMiddleware | CorrelationId:b315a8366a5648aa8686c57a304bf667 | HTTP OPTIONS /api/settings/school/me responded 204 in 0.0778 ms
2026-04-21 23:06:41.619 +05:30 [INF] Serilog.AspNetCore.RequestLoggingMiddleware | CorrelationId:8f7240917ca4415ab1c265050dcc60b0 | HTTP OPTIONS /api/notifications/unread-count responded 204 in 0.0616 ms
2026-04-21 23:06:41.629 +05:30 [INF] Serilog.AspNetCore.RequestLoggingMiddleware | CorrelationId:627167f4e1e744b19ddf9a9a184a06bc | HTTP OPTIONS /api/school-feature-permissions/stats responded 204 in 0.0464 ms
2026-04-21 23:06:41.654 +05:30 [INF] Serilog.AspNetCore.RequestLoggingMiddleware | CorrelationId:c4ec77c64655461b847a9be621086df9 | HTTP OPTIONS /api/school-feature-permissions/schools/550e8400-e29b-41d4-a716-446655440000 responded 204 in 0.0364 ms
2026-04-21 23:06:41.716 +05:30 [INF] Serilog.AspNetCore.RequestLoggingMiddleware | CorrelationId:0bee95e59395427e831f97fb3115ef6c | HTTP OPTIONS /api/school-feature-permissions/schools responded 204 in 0.0578 ms
2026-04-21 23:06:41.732 +05:30 [INF] Serilog.AspNetCore.RequestLoggingMiddleware | CorrelationId:d728555c58304d4090bd4fcc27d0dd55 | HTTP OPTIONS /api/school-feature-permissions/stats responded 204 in 0.0892 ms
2026-04-21 23:06:41.746 +05:30 [INF] Serilog.AspNetCore.RequestLoggingMiddleware | CorrelationId:6890dd350c49413d84edc13e8d7c5167 | HTTP OPTIONS /api/school-feature-permissions/schools/550e8400-e29b-41d4-a716-446655440000 responded 204 in 0.0341 ms
2026-04-21 23:06:41.771 +05:30 [INF] Serilog.AspNetCore.RequestLoggingMiddleware | CorrelationId:bd456648dbee4c728c01cc3389a38155 | HTTP OPTIONS /api/school-feature-permissions/schools responded 204 in 0.0625 ms
2026-04-21 23:06:41.780 +05:30 [INF] SmsApi.Middleware.LoggingActionFilter | CorrelationId:5592e632db784040a768f40f4d2ddb59 | API Request: GET /api/academics/academic-years | User: Unknown | School: 00000000-0000-0000-0000-000000000001
2026-04-21 23:06:41.786 +05:30 [INF] SmsApi.Middleware.LoggingActionFilter | CorrelationId:2719d45efb564090937fe75377624219 | API Request: GET /api/academics/academic-years | User: Unknown | School: 00000000-0000-0000-0000-000000000001
2026-04-21 23:06:41.815 +05:30 [INF] SmsApi.Middleware.LoggingActionFilter | CorrelationId:9e2838e2f8eb4e7e84d3e310162eb81d | API Request: GET /api/settings/school/me | User: Unknown | School: 00000000-0000-0000-0000-000000000001
2026-04-21 23:06:41.826 +05:30 [INF] SmsApi.Middleware.LoggingActionFilter | CorrelationId:fe56dea7eb9c4d43b8f3c1621e100619 | API Request: GET /api/notifications/unread-count | User: Unknown | School: 00000000-0000-0000-0000-000000000001
2026-04-21 23:06:41.834 +05:30 [INF] SmsApi.Middleware.LoggingActionFilter | CorrelationId:2b3fc1668e4e4cb9b54eaf87827ed300 | API Request: GET /api/school-feature-permissions/stats | User: Unknown | School: 00000000-0000-0000-0000-000000000001
2026-04-21 23:06:41.855 +05:30 [INF] SmsApi.Middleware.LoggingActionFilter | CorrelationId:8bd088903dcb452db69f51c4a5a0d242 | API Request: GET /api/school-feature-permissions/schools/550e8400-e29b-41d4-a716-446655440000 | User: Unknown | School: 00000000-0000-0000-0000-000000000001
2026-04-21 23:06:41.859 +05:30 [INF] SmsApi.Middleware.LoggingActionFilter | CorrelationId:5592e632db784040a768f40f4d2ddb59 | API Response: GET /api/academics/academic-years | Status: 200 | Duration: 78ms
2026-04-21 23:06:41.861 +05:30 [INF] SmsApi.Middleware.LoggingActionFilter | CorrelationId:2719d45efb564090937fe75377624219 | API Response: GET /api/academics/academic-years | Status: 200 | Duration: 75ms
2026-04-21 23:06:41.862 +05:30 [INF] SmsApi.Middleware.LoggingActionFilter | CorrelationId:9e2838e2f8eb4e7e84d3e310162eb81d | API Response: GET /api/settings/school/me | Status: 200 | Duration: 47ms
2026-04-21 23:06:41.867 +05:30 [INF] SmsApi.Middleware.LoggingActionFilter | CorrelationId:fe56dea7eb9c4d43b8f3c1621e100619 | API Response: GET /api/notifications/unread-count | Status: 200 | Duration: 41ms
2026-04-21 23:06:41.876 +05:30 [INF] Serilog.AspNetCore.RequestLoggingMiddleware | CorrelationId:5592e632db784040a768f40f4d2ddb59 | HTTP GET /api/academics/academic-years responded 200 in 97.8600 ms
2026-04-21 23:06:41.880 +05:30 [INF] Serilog.AspNetCore.RequestLoggingMiddleware | CorrelationId:2719d45efb564090937fe75377624219 | HTTP GET /api/academics/academic-years responded 200 in 94.3390 ms
2026-04-21 23:06:41.884 +05:30 [INF] Serilog.AspNetCore.RequestLoggingMiddleware | CorrelationId:9e2838e2f8eb4e7e84d3e310162eb81d | HTTP GET /api/settings/school/me responded 200 in 74.0419 ms
2026-04-21 23:06:41.887 +05:30 [INF] Serilog.AspNetCore.RequestLoggingMiddleware | CorrelationId:fe56dea7eb9c4d43b8f3c1621e100619 | HTTP GET /api/notifications/unread-count responded 200 in 61.9673 ms
2026-04-21 23:06:41.899 +05:30 [INF] SmsApi.Middleware.LoggingActionFilter | CorrelationId:8bd088903dcb452db69f51c4a5a0d242 | API Response: GET /api/school-feature-permissions/schools/550e8400-e29b-41d4-a716-446655440000 | Status: 200 | Duration: 44ms
2026-04-21 23:06:41.907 +05:30 [INF] SmsApi.Middleware.LoggingActionFilter | CorrelationId:2b3fc1668e4e4cb9b54eaf87827ed300 | API Response: GET /api/school-feature-permissions/stats | Status: 200 | Duration: 72ms
2026-04-21 23:06:41.935 +05:30 [INF] SmsApi.Middleware.LoggingActionFilter | CorrelationId:c94937e0ddd8404ba4bfd19e40c96a85 | API Request: GET /api/school-feature-permissions/stats | User: Unknown | School: 00000000-0000-0000-0000-000000000001
2026-04-21 23:06:41.940 +05:30 [INF] Serilog.AspNetCore.RequestLoggingMiddleware | CorrelationId:8bd088903dcb452db69f51c4a5a0d242 | HTTP GET /api/school-feature-permissions/schools/550e8400-e29b-41d4-a716-446655440000 responded 200 in 86.2582 ms
2026-04-21 23:06:41.941 +05:30 [INF] SmsApi.Middleware.LoggingActionFilter | CorrelationId:73a7c0bbcba445c782532d3f38f43544 | API Request: GET /api/school-feature-permissions/schools | User: Unknown | School: 00000000-0000-0000-0000-000000000001
2026-04-21 23:06:41.942 +05:30 [INF] Serilog.AspNetCore.RequestLoggingMiddleware | CorrelationId:2b3fc1668e4e4cb9b54eaf87827ed300 | HTTP GET /api/school-feature-permissions/stats responded 200 in 108.6189 ms
2026-04-21 23:06:41.958 +05:30 [INF] SmsApi.Middleware.LoggingActionFilter | CorrelationId:c94937e0ddd8404ba4bfd19e40c96a85 | API Response: GET /api/school-feature-permissions/stats | Status: 200 | Duration: 23ms
2026-04-21 23:06:41.965 +05:30 [INF] SmsApi.Middleware.LoggingActionFilter | CorrelationId:e2aa4b24c44949f193b983f69c521265 | API Request: GET /api/school-feature-permissions/schools/550e8400-e29b-41d4-a716-446655440000 | User: Unknown | School: 00000000-0000-0000-0000-000000000001
2026-04-21 23:06:41.976 +05:30 [INF] SmsApi.Middleware.LoggingActionFilter | CorrelationId:837da235aeb0428d90e086361ddb9f1a | API Request: GET /api/school-feature-permissions/schools | User: Unknown | School: 00000000-0000-0000-0000-000000000001
2026-04-21 23:06:42.000 +05:30 [INF] Serilog.AspNetCore.RequestLoggingMiddleware | CorrelationId:c94937e0ddd8404ba4bfd19e40c96a85 | HTTP GET /api/school-feature-permissions/stats responded 200 in 65.8815 ms
2026-04-21 23:06:42.015 +05:30 [INF] SmsApi.Middleware.LoggingActionFilter | CorrelationId:73a7c0bbcba445c782532d3f38f43544 | API Response: GET /api/school-feature-permissions/schools | Status: 200 | Duration: 74ms
2026-04-21 23:06:42.021 +05:30 [INF] SmsApi.Middleware.LoggingActionFilter | CorrelationId:e2aa4b24c44949f193b983f69c521265 | API Response: GET /api/school-feature-permissions/schools/550e8400-e29b-41d4-a716-446655440000 | Status: 200 | Duration: 56ms
2026-04-21 23:06:42.042 +05:30 [INF] Serilog.AspNetCore.RequestLoggingMiddleware | CorrelationId:e2aa4b24c44949f193b983f69c521265 | HTTP GET /api/school-feature-permissions/schools/550e8400-e29b-41d4-a716-446655440000 responded 200 in 78.2453 ms
2026-04-21 23:06:42.023 +05:30 [INF] SmsApi.Middleware.LoggingActionFilter | CorrelationId:837da235aeb0428d90e086361ddb9f1a | API Response: GET /api/school-feature-permissions/schools | Status: 200 | Duration: 46ms
2026-04-21 23:06:42.062 +05:30 [INF] Serilog.AspNetCore.RequestLoggingMiddleware | CorrelationId:837da235aeb0428d90e086361ddb9f1a | HTTP GET /api/school-feature-permissions/schools responded 200 in 86.5689 ms
2026-04-21 23:06:42.049 +05:30 [INF] Serilog.AspNetCore.RequestLoggingMiddleware | CorrelationId:73a7c0bbcba445c782532d3f38f43544 | HTTP GET /api/school-feature-permissions/schools responded 200 in 125.3125 ms
2026-04-21 23:06:45.357 +05:30 [INF] Serilog.AspNetCore.RequestLoggingMiddleware | CorrelationId:ccad8f5b2e674159bc598af5e2c4d3df | HTTP OPTIONS /api/school-feature-permissions/schools/550e8400-e29b-41d4-a716-446655440000/modules/health responded 204 in 0.2936 ms
2026-04-21 23:06:45.372 +05:30 [INF] SmsApi.Middleware.LoggingActionFilter | CorrelationId:70630ae56ed1480eaea00df6ac3fc854 | API Request: PUT /api/school-feature-permissions/schools/550e8400-e29b-41d4-a716-446655440000/modules/health | User: Unknown | School: 00000000-0000-0000-0000-000000000001
2026-04-21 23:06:45.403 +05:30 [INF] SmsApi.Middleware.LoggingActionFilter | CorrelationId:70630ae56ed1480eaea00df6ac3fc854 | API Response: PUT /api/school-feature-permissions/schools/550e8400-e29b-41d4-a716-446655440000/modules/health | Status: 200 | Duration: 31ms
2026-04-21 23:06:45.412 +05:30 [INF] Serilog.AspNetCore.RequestLoggingMiddleware | CorrelationId:70630ae56ed1480eaea00df6ac3fc854 | HTTP PUT /api/school-feature-permissions/schools/550e8400-e29b-41d4-a716-446655440000/modules/health responded 200 in 41.4608 ms
2026-04-21 23:06:50.452 +05:30 [INF] Serilog.AspNetCore.RequestLoggingMiddleware | CorrelationId:9e55766c28a74a3f9a5cab337093403d | HTTP OPTIONS /api/health/records responded 204 in 0.0646 ms
2026-04-21 23:06:50.453 +05:30 [INF] Serilog.AspNetCore.RequestLoggingMiddleware | CorrelationId:72286ba916fa4851a8de3de86f2c771e | HTTP OPTIONS /api/health/stats responded 204 in 0.0181 ms
2026-04-21 23:06:50.453 +05:30 [INF] Serilog.AspNetCore.RequestLoggingMiddleware | CorrelationId:3c827c451cb546e393d8f95dc0cda937 | HTTP OPTIONS /api/health/records responded 204 in 0.0080 ms
2026-04-21 23:06:50.453 +05:30 [INF] Serilog.AspNetCore.RequestLoggingMiddleware | CorrelationId:f0b02a72186146f38ad925f0b30c5d68 | HTTP OPTIONS /api/health/stats responded 204 in 0.0135 ms
2026-04-21 23:06:50.607 +05:30 [INF] SmsApi.Middleware.LoggingActionFilter | CorrelationId:0196dc41a83c4bea85583d7a247181ed | API Request: GET /api/health/stats | User: Unknown | School: 00000000-0000-0000-0000-000000000001
2026-04-21 23:06:50.632 +05:30 [INF] SmsApi.Middleware.LoggingActionFilter | CorrelationId:e9df23c69b4e4ff68d8a7ef865627b13 | API Request: GET /api/health/records | User: Unknown | School: 00000000-0000-0000-0000-000000000001
2026-04-21 23:06:50.649 +05:30 [INF] SmsApi.Middleware.LoggingActionFilter | CorrelationId:cf9574ba25cb413eacc788c6370160cd | API Request: GET /api/health/records | User: Unknown | School: 00000000-0000-0000-0000-000000000001
2026-04-21 23:06:50.656 +05:30 [INF] SmsApi.Middleware.LoggingActionFilter | CorrelationId:c8f39a3dec1a4658a6c2313b99003749 | API Request: GET /api/health/stats | User: Unknown | School: 00000000-0000-0000-0000-000000000001
2026-04-21 23:06:50.684 +05:30 [INF] SmsApi.Middleware.LoggingActionFilter | CorrelationId:0196dc41a83c4bea85583d7a247181ed | API Response: GET /api/health/stats | Status: 200 | Duration: 77ms
2026-04-21 23:06:50.696 +05:30 [INF] SmsApi.Middleware.LoggingActionFilter | CorrelationId:c8f39a3dec1a4658a6c2313b99003749 | API Response: GET /api/health/stats | Status: 200 | Duration: 40ms
2026-04-21 23:06:50.713 +05:30 [INF] Serilog.AspNetCore.RequestLoggingMiddleware | CorrelationId:c8f39a3dec1a4658a6c2313b99003749 | HTTP GET /api/health/stats responded 200 in 60.1443 ms
2026-04-21 23:06:50.708 +05:30 [INF] Serilog.AspNetCore.RequestLoggingMiddleware | CorrelationId:0196dc41a83c4bea85583d7a247181ed | HTTP GET /api/health/stats responded 200 in 185.3216 ms
2026-04-21 23:06:50.729 +05:30 [INF] SmsApi.Middleware.LoggingActionFilter | CorrelationId:cf9574ba25cb413eacc788c6370160cd | API Response: GET /api/health/records | Status: 200 | Duration: 79ms
2026-04-21 23:06:50.729 +05:30 [INF] SmsApi.Middleware.LoggingActionFilter | CorrelationId:e9df23c69b4e4ff68d8a7ef865627b13 | API Response: GET /api/health/records | Status: 200 | Duration: 97ms
2026-04-21 23:06:50.795 +05:30 [INF] Serilog.AspNetCore.RequestLoggingMiddleware | CorrelationId:e9df23c69b4e4ff68d8a7ef865627b13 | HTTP GET /api/health/records responded 200 in 284.7285 ms
2026-04-21 23:06:50.795 +05:30 [INF] Serilog.AspNetCore.RequestLoggingMiddleware | CorrelationId:cf9574ba25cb413eacc788c6370160cd | HTTP GET /api/health/records responded 200 in 154.9166 ms
2026-04-21 23:06:53.575 +05:30 [INF] Serilog.AspNetCore.RequestLoggingMiddleware | CorrelationId:762fb1ccbdcc4cfe8cc9bbadfafe7ffd | HTTP OPTIONS /api/health/alerts responded 204 in 0.0598 ms
2026-04-21 23:06:53.666 +05:30 [INF] SmsApi.Middleware.LoggingActionFilter | CorrelationId:90192f03e1074e3dbc4ba0bb2bf37074 | API Request: GET /api/health/alerts | User: Unknown | School: 00000000-0000-0000-0000-000000000001
2026-04-21 23:06:53.699 +05:30 [INF] SmsApi.Middleware.LoggingActionFilter | CorrelationId:90192f03e1074e3dbc4ba0bb2bf37074 | API Response: GET /api/health/alerts | Status: 200 | Duration: 33ms
2026-04-21 23:06:53.717 +05:30 [INF] Serilog.AspNetCore.RequestLoggingMiddleware | CorrelationId:90192f03e1074e3dbc4ba0bb2bf37074 | HTTP GET /api/health/alerts responded 200 in 63.1384 ms
2026-04-21 23:07:11.960 +05:30 [INF] Serilog.AspNetCore.RequestLoggingMiddleware | CorrelationId:076828755e6646b584160e26c55d30e7 | HTTP OPTIONS /api/notifications/unread-count responded 204 in 0.1207 ms
2026-04-21 23:07:12.051 +05:30 [INF] SmsApi.Middleware.LoggingActionFilter | CorrelationId:5681ea1d64c34a02bf59c92fc7f2a568 | API Request: GET /api/notifications/unread-count | User: Unknown | School: 00000000-0000-0000-0000-000000000001
2026-04-21 23:07:12.074 +05:30 [INF] SmsApi.Middleware.LoggingActionFilter | CorrelationId:5681ea1d64c34a02bf59c92fc7f2a568 | API Response: GET /api/notifications/unread-count | Status: 200 | Duration: 22ms
2026-04-21 23:07:12.079 +05:30 [INF] Serilog.AspNetCore.RequestLoggingMiddleware | CorrelationId:5681ea1d64c34a02bf59c92fc7f2a568 | HTTP GET /api/notifications/unread-count responded 200 in 28.6685 ms
2026-04-21 23:07:42.106 +05:30 [INF] Serilog.AspNetCore.RequestLoggingMiddleware | CorrelationId:3c9f15c868244121aac8dd4af2c91117 | HTTP OPTIONS /api/notifications/unread-count responded 204 in 0.0785 ms
2026-04-21 23:07:42.113 +05:30 [INF] SmsApi.Middleware.LoggingActionFilter | CorrelationId:e06d62495c1a45ef97da15abd5f4d82a | API Request: GET /api/notifications/unread-count | User: Unknown | School: 00000000-0000-0000-0000-000000000001
2026-04-21 23:07:42.129 +05:30 [INF] SmsApi.Middleware.LoggingActionFilter | CorrelationId:e06d62495c1a45ef97da15abd5f4d82a | API Response: GET /api/notifications/unread-count | Status: 200 | Duration: 15ms
2026-04-21 23:07:42.134 +05:30 [INF] Serilog.AspNetCore.RequestLoggingMiddleware | CorrelationId:e06d62495c1a45ef97da15abd5f4d82a | HTTP GET /api/notifications/unread-count responded 200 in 21.7512 ms
2026-04-21 23:08:12.159 +05:30 [INF] Serilog.AspNetCore.RequestLoggingMiddleware | CorrelationId:6f1d6dfc190f4ab3962de605768b1c2d | HTTP OPTIONS /api/notifications/unread-count responded 204 in 0.1134 ms
2026-04-21 23:08:12.186 +05:30 [INF] SmsApi.Middleware.LoggingActionFilter | CorrelationId:f6871523927b4cdbbf14a79401a55448 | API Request: GET /api/notifications/unread-count | User: Unknown | School: 00000000-0000-0000-0000-000000000001
2026-04-21 23:08:12.196 +05:30 [INF] SmsApi.Middleware.LoggingActionFilter | CorrelationId:f6871523927b4cdbbf14a79401a55448 | API Response: GET /api/notifications/unread-count | Status: 200 | Duration: 9ms
2026-04-21 23:08:12.215 +05:30 [INF] Serilog.AspNetCore.RequestLoggingMiddleware | CorrelationId:f6871523927b4cdbbf14a79401a55448 | HTTP GET /api/notifications/unread-count responded 200 in 30.1175 ms
2026-04-21 23:08:42.301 +05:30 [INF] Serilog.AspNetCore.RequestLoggingMiddleware | CorrelationId:d2a21dc2321440049b25c2280a3e40bb | HTTP OPTIONS /api/notifications/unread-count responded 204 in 0.1311 ms
2026-04-21 23:08:42.388 +05:30 [INF] SmsApi.Middleware.LoggingActionFilter | CorrelationId:9e9fc1bc94ac4b41990d43616241a3f8 | API Request: GET /api/notifications/unread-count | User: Unknown | School: 00000000-0000-0000-0000-000000000001
2026-04-21 23:08:42.429 +05:30 [INF] SmsApi.Middleware.LoggingActionFilter | CorrelationId:9e9fc1bc94ac4b41990d43616241a3f8 | API Response: GET /api/notifications/unread-count | Status: 200 | Duration: 40ms
2026-04-21 23:08:42.432 +05:30 [INF] Serilog.AspNetCore.RequestLoggingMiddleware | CorrelationId:9e9fc1bc94ac4b41990d43616241a3f8 | HTTP GET /api/notifications/unread-count responded 200 in 45.0763 ms
2026-04-21 23:09:09.762 +05:30 [INF] Serilog.AspNetCore.RequestLoggingMiddleware | CorrelationId:dc95e127b5544b8d9a17bcb188667b8a | HTTP OPTIONS /api/health/records responded 204 in 0.2375 ms
2026-04-21 23:09:09.762 +05:30 [INF] Serilog.AspNetCore.RequestLoggingMiddleware | CorrelationId:dc0826e3ecbf486f8873edb119420aa6 | HTTP OPTIONS /api/notifications/unread-count responded 204 in 0.0185 ms
2026-04-21 23:09:09.820 +05:30 [INF] Serilog.AspNetCore.RequestLoggingMiddleware | CorrelationId:048354ced0ee4051ba000e347870a6a9 | HTTP OPTIONS /api/school-feature-permissions/schools responded 204 in 0.0835 ms
2026-04-21 23:09:10.919 +05:30 [WRN] SmsApi.Infrastructure.Performance.PerformanceMonitoringMiddleware | CorrelationId: | Slow request: OPTIONS /api/school-feature-permissions/schools took 1099ms — status 204.
2026-04-21 23:09:10.193 +05:30 [INF] Serilog.AspNetCore.RequestLoggingMiddleware | CorrelationId:55016e272687413cb633141cad3790a5 | HTTP OPTIONS /api/health/stats responded 204 in 0.1946 ms
2026-04-21 23:09:10.226 +05:30 [INF] Serilog.AspNetCore.RequestLoggingMiddleware | CorrelationId:4929d8913f5944619280082774b75c2a | HTTP OPTIONS /api/health/records responded 204 in 0.0573 ms
2026-04-21 23:09:11.015 +05:30 [WRN] SmsApi.Infrastructure.Performance.PerformanceMonitoringMiddleware | CorrelationId: | Slow request: OPTIONS /api/health/records took 789ms — status 204.
2026-04-21 23:09:10.903 +05:30 [WRN] SmsApi.Infrastructure.Performance.PerformanceMonitoringMiddleware | CorrelationId: | Slow request: OPTIONS /api/notifications/unread-count took 1142ms — status 204.
2026-04-21 23:09:10.112 +05:30 [INF] Serilog.AspNetCore.RequestLoggingMiddleware | CorrelationId:8ad5816c20a244d7a78804ee36608706 | HTTP OPTIONS /api/health/stats responded 204 in 0.1102 ms
2026-04-21 23:09:11.062 +05:30 [WRN] SmsApi.Infrastructure.Performance.PerformanceMonitoringMiddleware | CorrelationId: | Slow request: OPTIONS /api/health/stats took 949ms — status 204.
2026-04-21 23:09:10.882 +05:30 [WRN] SmsApi.Infrastructure.Performance.PerformanceMonitoringMiddleware | CorrelationId: | Slow request: OPTIONS /api/health/records took 1120ms — status 204.
2026-04-21 23:09:11.032 +05:30 [INF] Serilog.AspNetCore.RequestLoggingMiddleware | CorrelationId:303bfb19596241c3817d1a6a2bc98ac4 | HTTP OPTIONS /api/school-feature-permissions/schools responded 204 in 0.2964 ms
2026-04-21 23:09:11.009 +05:30 [WRN] SmsApi.Infrastructure.Performance.PerformanceMonitoringMiddleware | CorrelationId: | Slow request: OPTIONS /api/health/stats took 816ms — status 204.
2026-04-21 23:09:11.159 +05:30 [INF] SmsApi.Middleware.LoggingActionFilter | CorrelationId:1f1927404def4bc48bdac867521e1df7 | API Request: GET /api/school-feature-permissions/schools | User: Unknown | School: 00000000-0000-0000-0000-000000000001
2026-04-21 23:09:11.197 +05:30 [INF] SmsApi.Middleware.LoggingActionFilter | CorrelationId:404cfc986d9946579b5d665a1dabe5e3 | API Request: GET /api/school-feature-permissions/schools | User: Unknown | School: 00000000-0000-0000-0000-000000000001
2026-04-21 23:09:11.609 +05:30 [INF] SmsApi.Middleware.LoggingActionFilter | CorrelationId:1f1927404def4bc48bdac867521e1df7 | API Response: GET /api/school-feature-permissions/schools | Status: 200 | Duration: 449ms
2026-04-21 23:09:11.222 +05:30 [INF] SmsApi.Middleware.LoggingActionFilter | CorrelationId:8ae207708d8849da8485299621afd690 | API Request: GET /api/notifications/unread-count | User: Unknown | School: 00000000-0000-0000-0000-000000000001
2026-04-21 23:09:11.263 +05:30 [INF] SmsApi.Middleware.LoggingActionFilter | CorrelationId:1f668a1e030541f8abbac5c0340eb7d0 | API Request: GET /api/health/stats | User: Unknown | School: 00000000-0000-0000-0000-000000000001
2026-04-21 23:09:11.339 +05:30 [INF] SmsApi.Middleware.LoggingActionFilter | CorrelationId:e36051ff9bab4cc1855f34fc81d8b2a1 | API Request: GET /api/health/records | User: Unknown | School: 00000000-0000-0000-0000-000000000001
2026-04-21 23:09:11.215 +05:30 [INF] SmsApi.Middleware.LoggingActionFilter | CorrelationId:fbe8f168cafd4cf0b63666992a77207c | API Request: GET /api/health/records | User: Unknown | School: 00000000-0000-0000-0000-000000000001
2026-04-21 23:09:11.613 +05:30 [INF] SmsApi.Middleware.LoggingActionFilter | CorrelationId:404cfc986d9946579b5d665a1dabe5e3 | API Response: GET /api/school-feature-permissions/schools | Status: 200 | Duration: 415ms
2026-04-21 23:09:11.615 +05:30 [INF] Serilog.AspNetCore.RequestLoggingMiddleware | CorrelationId:1f1927404def4bc48bdac867521e1df7 | HTTP GET /api/school-feature-permissions/schools responded 200 in 458.4565 ms
2026-04-21 23:09:11.651 +05:30 [INF] SmsApi.Middleware.LoggingActionFilter | CorrelationId:8ae207708d8849da8485299621afd690 | API Response: GET /api/notifications/unread-count | Status: 200 | Duration: 429ms
2026-04-21 23:09:11.748 +05:30 [INF] Serilog.AspNetCore.RequestLoggingMiddleware | CorrelationId:8ae207708d8849da8485299621afd690 | HTTP GET /api/notifications/unread-count responded 200 in 532.6425 ms
2026-04-21 23:09:11.688 +05:30 [INF] SmsApi.Middleware.LoggingActionFilter | CorrelationId:e36051ff9bab4cc1855f34fc81d8b2a1 | API Response: GET /api/health/records | Status: 200 | Duration: 349ms
2026-04-21 23:09:11.699 +05:30 [INF] SmsApi.Middleware.LoggingActionFilter | CorrelationId:fbe8f168cafd4cf0b63666992a77207c | API Response: GET /api/health/records | Status: 200 | Duration: 484ms
2026-04-21 23:09:11.707 +05:30 [INF] Serilog.AspNetCore.RequestLoggingMiddleware | CorrelationId:404cfc986d9946579b5d665a1dabe5e3 | HTTP GET /api/school-feature-permissions/schools responded 200 in 510.3795 ms
2026-04-21 23:09:11.661 +05:30 [INF] SmsApi.Middleware.LoggingActionFilter | CorrelationId:1f668a1e030541f8abbac5c0340eb7d0 | API Response: GET /api/health/stats | Status: 200 | Duration: 398ms
2026-04-21 23:09:11.760 +05:30 [INF] SmsApi.Middleware.LoggingActionFilter | CorrelationId:ccc7d3f0139c4d1e9a434501092cf59c | API Request: GET /api/health/stats | User: Unknown | School: 00000000-0000-0000-0000-000000000001
2026-04-21 23:09:11.774 +05:30 [WRN] SmsApi.Infrastructure.Performance.PerformanceMonitoringMiddleware | CorrelationId: | Slow request: GET /api/notifications/unread-count took 532ms — status 200.
2026-04-21 23:09:11.793 +05:30 [INF] Serilog.AspNetCore.RequestLoggingMiddleware | CorrelationId:e36051ff9bab4cc1855f34fc81d8b2a1 | HTTP GET /api/health/records responded 200 in 519.1765 ms
2026-04-21 23:09:11.915 +05:30 [WRN] SmsApi.Infrastructure.Performance.PerformanceMonitoringMiddleware | CorrelationId: | Slow request: GET /api/health/records took 519ms — status 200.
2026-04-21 23:09:11.835 +05:30 [WRN] SmsApi.Infrastructure.Performance.PerformanceMonitoringMiddleware | CorrelationId: | Slow request: GET /api/school-feature-permissions/schools took 510ms — status 200.
2026-04-21 23:09:11.848 +05:30 [INF] Serilog.AspNetCore.RequestLoggingMiddleware | CorrelationId:1f668a1e030541f8abbac5c0340eb7d0 | HTTP GET /api/health/stats responded 200 in 626.5609 ms
2026-04-21 23:09:12.192 +05:30 [WRN] SmsApi.Infrastructure.Performance.PerformanceMonitoringMiddleware | CorrelationId: | Slow request: GET /api/health/stats took 626ms — status 200.
2026-04-21 23:09:11.812 +05:30 [INF] Serilog.AspNetCore.RequestLoggingMiddleware | CorrelationId:fbe8f168cafd4cf0b63666992a77207c | HTTP GET /api/health/records responded 200 in 613.2360 ms
2026-04-21 23:09:11.856 +05:30 [INF] SmsApi.Middleware.LoggingActionFilter | CorrelationId:ccc7d3f0139c4d1e9a434501092cf59c | API Response: GET /api/health/stats | Status: 200 | Duration: 96ms
2026-04-21 23:09:12.241 +05:30 [INF] Serilog.AspNetCore.RequestLoggingMiddleware | CorrelationId:ccc7d3f0139c4d1e9a434501092cf59c | HTTP GET /api/health/stats responded 200 in 503.0215 ms
2026-04-21 23:09:12.267 +05:30 [WRN] SmsApi.Infrastructure.Performance.PerformanceMonitoringMiddleware | CorrelationId: | Slow request: GET /api/health/stats took 503ms — status 200.
2026-04-21 23:09:12.226 +05:30 [WRN] SmsApi.Infrastructure.Performance.PerformanceMonitoringMiddleware | CorrelationId: | Slow request: GET /api/health/records took 613ms — status 200.
2026-04-21 23:09:41.905 +05:30 [INF] Serilog.AspNetCore.RequestLoggingMiddleware | CorrelationId:4c0abed98e7a4e1fadfe74bdc6818e54 | HTTP OPTIONS /api/notifications/unread-count responded 204 in 0.2535 ms
2026-04-21 23:09:42.079 +05:30 [INF] SmsApi.Middleware.LoggingActionFilter | CorrelationId:ebe7a7aaac984ef1b747e93319a914eb | API Request: GET /api/notifications/unread-count | User: Unknown | School: 00000000-0000-0000-0000-000000000001
2026-04-21 23:09:42.291 +05:30 [INF] SmsApi.Middleware.LoggingActionFilter | CorrelationId:ebe7a7aaac984ef1b747e93319a914eb | API Response: GET /api/notifications/unread-count | Status: 200 | Duration: 211ms
2026-04-21 23:09:42.318 +05:30 [INF] Serilog.AspNetCore.RequestLoggingMiddleware | CorrelationId:ebe7a7aaac984ef1b747e93319a914eb | HTTP GET /api/notifications/unread-count responded 200 in 241.5158 ms
2026-04-21 23:10:12.368 +05:30 [INF] Serilog.AspNetCore.RequestLoggingMiddleware | CorrelationId:9b7a37753d1e4eaca3abfb64cb0d16a8 | HTTP OPTIONS /api/notifications/unread-count responded 204 in 0.1612 ms
2026-04-21 23:10:12.398 +05:30 [INF] SmsApi.Middleware.LoggingActionFilter | CorrelationId:4c58c0bc29024fc7a331da1a8a40c1a7 | API Request: GET /api/notifications/unread-count | User: Unknown | School: 00000000-0000-0000-0000-000000000001
2026-04-21 23:10:12.559 +05:30 [INF] SmsApi.Middleware.LoggingActionFilter | CorrelationId:4c58c0bc29024fc7a331da1a8a40c1a7 | API Response: GET /api/notifications/unread-count | Status: 200 | Duration: 160ms
2026-04-21 23:10:12.563 +05:30 [INF] Serilog.AspNetCore.RequestLoggingMiddleware | CorrelationId:4c58c0bc29024fc7a331da1a8a40c1a7 | HTTP GET /api/notifications/unread-count responded 200 in 169.1685 ms
2026-04-21 23:10:42.593 +05:30 [INF] Serilog.AspNetCore.RequestLoggingMiddleware | CorrelationId:74eb4a0340b048598b843b957784bc82 | HTTP OPTIONS /api/notifications/unread-count responded 204 in 0.2133 ms
2026-04-21 23:10:42.628 +05:30 [INF] SmsApi.Middleware.LoggingActionFilter | CorrelationId:51f2e457b77d454a91d77dcaa735a350 | API Request: GET /api/notifications/unread-count | User: Unknown | School: 00000000-0000-0000-0000-000000000001
2026-04-21 23:10:42.650 +05:30 [INF] SmsApi.Middleware.LoggingActionFilter | CorrelationId:51f2e457b77d454a91d77dcaa735a350 | API Response: GET /api/notifications/unread-count | Status: 200 | Duration: 21ms
2026-04-21 23:10:42.654 +05:30 [INF] Serilog.AspNetCore.RequestLoggingMiddleware | CorrelationId:51f2e457b77d454a91d77dcaa735a350 | HTTP GET /api/notifications/unread-count responded 200 in 29.4194 ms
2026-04-21 23:11:02.028 +05:30 [INF] Serilog.AspNetCore.RequestLoggingMiddleware | CorrelationId:221a33cf8d4d4b79970d050b16f02914 | HTTP OPTIONS /api/fees/records responded 204 in 2.3002 ms
2026-04-21 23:11:02.034 +05:30 [INF] Serilog.AspNetCore.RequestLoggingMiddleware | CorrelationId:784c88cb40ad4c679e9a7019de93d6ea | HTTP OPTIONS /api/fees/structures responded 204 in 0.0874 ms
2026-04-21 23:11:02.053 +05:30 [INF] Serilog.AspNetCore.RequestLoggingMiddleware | CorrelationId:56d6c0b7621e437685b4dcedc8ecaee4 | HTTP OPTIONS /api/fees/stats responded 204 in 0.0520 ms
2026-04-21 23:11:02.063 +05:30 [INF] Serilog.AspNetCore.RequestLoggingMiddleware | CorrelationId:e5d8353a0ac84327958eceb0606ff7e6 | HTTP OPTIONS /api/fees/records responded 204 in 0.0642 ms
2026-04-21 23:11:02.071 +05:30 [INF] Serilog.AspNetCore.RequestLoggingMiddleware | CorrelationId:1bb02c3d4698421081afd26c75802e31 | HTTP OPTIONS /api/fees/structures responded 204 in 0.2069 ms
2026-04-21 23:11:02.103 +05:30 [INF] Serilog.AspNetCore.RequestLoggingMiddleware | CorrelationId:30f490fbe1b640faaab22beaef5a3d05 | HTTP OPTIONS /api/fees/stats responded 204 in 0.0790 ms
2026-04-21 23:11:02.368 +05:30 [INF] SmsApi.Middleware.LoggingActionFilter | CorrelationId:6fab722a777748c3835534ef63acd3f8 | API Request: GET /api/fees/structures | User: Unknown | School: 00000000-0000-0000-0000-000000000001
2026-04-21 23:11:02.368 +05:30 [INF] SmsApi.Middleware.LoggingActionFilter | CorrelationId:a051618f5c9f44d18dcf1a83621f524d | API Request: GET /api/fees/stats | User: Unknown | School: 00000000-0000-0000-0000-000000000001
2026-04-21 23:11:02.368 +05:30 [INF] SmsApi.Middleware.LoggingActionFilter | CorrelationId:edf7b6d6a7a9417d8dc6d5c7acfe15e2 | API Request: GET /api/fees/stats | User: Unknown | School: 00000000-0000-0000-0000-000000000001
2026-04-21 23:11:02.368 +05:30 [INF] SmsApi.Middleware.LoggingActionFilter | CorrelationId:63901d927fb145b282215eb421454f48 | API Request: GET /api/fees/structures | User: Unknown | School: 00000000-0000-0000-0000-000000000001
2026-04-21 23:11:02.368 +05:30 [INF] SmsApi.Middleware.LoggingActionFilter | CorrelationId:4646b7b758854c2e9de1f2124d61b258 | API Request: GET /api/fees/records | User: Unknown | School: 00000000-0000-0000-0000-000000000001
2026-04-21 23:11:02.368 +05:30 [INF] SmsApi.Middleware.LoggingActionFilter | CorrelationId:3a021f0e106042b5beab05980a3f5502 | API Request: GET /api/fees/records | User: Unknown | School: 00000000-0000-0000-0000-000000000001
2026-04-21 23:11:02.548 +05:30 [INF] SmsApi.Middleware.LoggingActionFilter | CorrelationId:6fab722a777748c3835534ef63acd3f8 | API Response: GET /api/fees/structures | Status: 200 | Duration: 180ms
2026-04-21 23:11:02.550 +05:30 [INF] SmsApi.Middleware.LoggingActionFilter | CorrelationId:63901d927fb145b282215eb421454f48 | API Response: GET /api/fees/structures | Status: 200 | Duration: 182ms
2026-04-21 23:11:02.641 +05:30 [INF] Serilog.AspNetCore.RequestLoggingMiddleware | CorrelationId:63901d927fb145b282215eb421454f48 | HTTP GET /api/fees/structures responded 200 in 354.1661 ms
2026-04-21 23:11:02.642 +05:30 [INF] Serilog.AspNetCore.RequestLoggingMiddleware | CorrelationId:6fab722a777748c3835534ef63acd3f8 | HTTP GET /api/fees/structures responded 200 in 490.3845 ms
2026-04-21 23:11:02.713 +05:30 [INF] SmsApi.Middleware.LoggingActionFilter | CorrelationId:edf7b6d6a7a9417d8dc6d5c7acfe15e2 | API Response: GET /api/fees/stats | Status: 200 | Duration: 345ms
2026-04-21 23:11:02.713 +05:30 [INF] SmsApi.Middleware.LoggingActionFilter | CorrelationId:a051618f5c9f44d18dcf1a83621f524d | API Response: GET /api/fees/stats | Status: 200 | Duration: 345ms
2026-04-21 23:11:02.744 +05:30 [INF] SmsApi.Middleware.LoggingActionFilter | CorrelationId:3a021f0e106042b5beab05980a3f5502 | API Response: GET /api/fees/records | Status: 200 | Duration: 376ms
2026-04-21 23:11:02.744 +05:30 [INF] SmsApi.Middleware.LoggingActionFilter | CorrelationId:4646b7b758854c2e9de1f2124d61b258 | API Response: GET /api/fees/records | Status: 200 | Duration: 376ms
2026-04-21 23:11:02.765 +05:30 [INF] Serilog.AspNetCore.RequestLoggingMiddleware | CorrelationId:edf7b6d6a7a9417d8dc6d5c7acfe15e2 | HTTP GET /api/fees/stats responded 200 in 592.7327 ms
2026-04-21 23:11:02.765 +05:30 [INF] Serilog.AspNetCore.RequestLoggingMiddleware | CorrelationId:a051618f5c9f44d18dcf1a83621f524d | HTTP GET /api/fees/stats responded 200 in 408.3018 ms
2026-04-21 23:11:02.784 +05:30 [WRN] SmsApi.Infrastructure.Performance.PerformanceMonitoringMiddleware | CorrelationId: | Slow request: GET /api/fees/stats took 592ms — status 200.
2026-04-21 23:11:02.786 +05:30 [INF] Serilog.AspNetCore.RequestLoggingMiddleware | CorrelationId:3a021f0e106042b5beab05980a3f5502 | HTTP GET /api/fees/records responded 200 in 568.8218 ms
2026-04-21 23:11:02.786 +05:30 [INF] Serilog.AspNetCore.RequestLoggingMiddleware | CorrelationId:4646b7b758854c2e9de1f2124d61b258 | HTTP GET /api/fees/records responded 200 in 644.5864 ms
2026-04-21 23:11:02.826 +05:30 [WRN] SmsApi.Infrastructure.Performance.PerformanceMonitoringMiddleware | CorrelationId: | Slow request: GET /api/fees/records took 566ms — status 200.
2026-04-21 23:11:02.831 +05:30 [WRN] SmsApi.Infrastructure.Performance.PerformanceMonitoringMiddleware | CorrelationId: | Slow request: GET /api/fees/records took 642ms — status 200.
2026-04-21 23:11:08.464 +05:30 [INF] Serilog.AspNetCore.RequestLoggingMiddleware | CorrelationId:8589a84cf810471285ce3d528e987b0c | HTTP OPTIONS /api/school-feature-permissions/stats responded 204 in 0.3098 ms
2026-04-21 23:11:08.464 +05:30 [INF] Serilog.AspNetCore.RequestLoggingMiddleware | CorrelationId:c35b657032314daaa901e9d07688f732 | HTTP OPTIONS /api/school-feature-permissions/stats responded 204 in 0.3075 ms
2026-04-21 23:11:08.464 +05:30 [INF] Serilog.AspNetCore.RequestLoggingMiddleware | CorrelationId:8d86d4c1982f4245a09769f244708f37 | HTTP OPTIONS /api/school-feature-permissions/schools/550e8400-e29b-41d4-a716-446655440000 responded 204 in 0.0165 ms
2026-04-21 23:11:08.464 +05:30 [INF] Serilog.AspNetCore.RequestLoggingMiddleware | CorrelationId:5fcaaeea6fc04270937e4cda45ff80a1 | HTTP OPTIONS /api/school-feature-permissions/schools/550e8400-e29b-41d4-a716-446655440000 responded 204 in 0.0137 ms
2026-04-21 23:11:08.751 +05:30 [INF] SmsApi.Middleware.LoggingActionFilter | CorrelationId:da4d411829af405f80311a0447a2776b | API Request: GET /api/school-feature-permissions/stats | User: Unknown | School: 00000000-0000-0000-0000-000000000001
2026-04-21 23:11:08.759 +05:30 [INF] SmsApi.Middleware.LoggingActionFilter | CorrelationId:1a0072c7ee604a9d85e6ce20f42d060a | API Request: GET /api/school-feature-permissions/stats | User: Unknown | School: 00000000-0000-0000-0000-000000000001
2026-04-21 23:11:08.761 +05:30 [INF] SmsApi.Middleware.LoggingActionFilter | CorrelationId:c8661f9a65ba47e2a32953f34d869bb5 | API Request: GET /api/school-feature-permissions/schools/550e8400-e29b-41d4-a716-446655440000 | User: Unknown | School: 00000000-0000-0000-0000-000000000001
2026-04-21 23:11:08.771 +05:30 [INF] SmsApi.Middleware.LoggingActionFilter | CorrelationId:6229b117caec466f8e9350c9cb0fba80 | API Request: GET /api/school-feature-permissions/schools/550e8400-e29b-41d4-a716-446655440000 | User: Unknown | School: 00000000-0000-0000-0000-000000000001
2026-04-21 23:11:08.842 +05:30 [INF] SmsApi.Middleware.LoggingActionFilter | CorrelationId:da4d411829af405f80311a0447a2776b | API Response: GET /api/school-feature-permissions/stats | Status: 200 | Duration: 90ms
2026-04-21 23:11:08.852 +05:30 [INF] SmsApi.Middleware.LoggingActionFilter | CorrelationId:1a0072c7ee604a9d85e6ce20f42d060a | API Response: GET /api/school-feature-permissions/stats | Status: 200 | Duration: 93ms
2026-04-21 23:11:08.855 +05:30 [INF] Serilog.AspNetCore.RequestLoggingMiddleware | CorrelationId:da4d411829af405f80311a0447a2776b | HTTP GET /api/school-feature-permissions/stats responded 200 in 121.9065 ms
2026-04-21 23:11:08.858 +05:30 [INF] SmsApi.Middleware.LoggingActionFilter | CorrelationId:c8661f9a65ba47e2a32953f34d869bb5 | API Response: GET /api/school-feature-permissions/schools/550e8400-e29b-41d4-a716-446655440000 | Status: 200 | Duration: 97ms
2026-04-21 23:11:08.859 +05:30 [INF] SmsApi.Middleware.LoggingActionFilter | CorrelationId:6229b117caec466f8e9350c9cb0fba80 | API Response: GET /api/school-feature-permissions/schools/550e8400-e29b-41d4-a716-446655440000 | Status: 200 | Duration: 87ms
2026-04-21 23:11:08.863 +05:30 [INF] Serilog.AspNetCore.RequestLoggingMiddleware | CorrelationId:1a0072c7ee604a9d85e6ce20f42d060a | HTTP GET /api/school-feature-permissions/stats responded 200 in 113.6795 ms
2026-04-21 23:11:08.885 +05:30 [INF] Serilog.AspNetCore.RequestLoggingMiddleware | CorrelationId:c8661f9a65ba47e2a32953f34d869bb5 | HTTP GET /api/school-feature-permissions/schools/550e8400-e29b-41d4-a716-446655440000 responded 200 in 131.7350 ms
2026-04-21 23:11:08.894 +05:30 [INF] Serilog.AspNetCore.RequestLoggingMiddleware | CorrelationId:6229b117caec466f8e9350c9cb0fba80 | HTTP GET /api/school-feature-permissions/schools/550e8400-e29b-41d4-a716-446655440000 responded 200 in 123.4989 ms
2026-04-21 23:11:12.482 +05:30 [INF] Serilog.AspNetCore.RequestLoggingMiddleware | CorrelationId:55d45ed54cf9413486be681432ac42e2 | HTTP OPTIONS /api/school-feature-permissions/schools/550e8400-e29b-41d4-a716-446655440000/modules/health responded 204 in 0.0698 ms
2026-04-21 23:11:12.520 +05:30 [INF] SmsApi.Middleware.LoggingActionFilter | CorrelationId:8ec821612aea4618b24023ba51e86201 | API Request: PUT /api/school-feature-permissions/schools/550e8400-e29b-41d4-a716-446655440000/modules/health | User: Unknown | School: 00000000-0000-0000-0000-000000000001
2026-04-21 23:11:12.543 +05:30 [INF] SmsApi.Middleware.LoggingActionFilter | CorrelationId:8ec821612aea4618b24023ba51e86201 | API Response: PUT /api/school-feature-permissions/schools/550e8400-e29b-41d4-a716-446655440000/modules/health | Status: 200 | Duration: 23ms
2026-04-21 23:11:12.557 +05:30 [INF] Serilog.AspNetCore.RequestLoggingMiddleware | CorrelationId:8ec821612aea4618b24023ba51e86201 | HTTP PUT /api/school-feature-permissions/schools/550e8400-e29b-41d4-a716-446655440000/modules/health responded 200 in 59.4188 ms
2026-04-21 23:11:12.666 +05:30 [INF] Serilog.AspNetCore.RequestLoggingMiddleware | CorrelationId:b3a65f88929840c4a7e5cb93c93faf03 | HTTP OPTIONS /api/notifications/unread-count responded 204 in 0.0340 ms
2026-04-21 23:11:12.673 +05:30 [INF] SmsApi.Middleware.LoggingActionFilter | CorrelationId:aabf452796d645c5994ac0540697a5ef | API Request: GET /api/notifications/unread-count | User: Unknown | School: 00000000-0000-0000-0000-000000000001
2026-04-21 23:11:12.690 +05:30 [INF] SmsApi.Middleware.LoggingActionFilter | CorrelationId:aabf452796d645c5994ac0540697a5ef | API Response: GET /api/notifications/unread-count | Status: 200 | Duration: 16ms
2026-04-21 23:11:12.694 +05:30 [INF] Serilog.AspNetCore.RequestLoggingMiddleware | CorrelationId:aabf452796d645c5994ac0540697a5ef | HTTP GET /api/notifications/unread-count responded 200 in 22.0564 ms
2026-04-21 23:11:23.804 +05:30 [INF] Serilog.AspNetCore.RequestLoggingMiddleware | CorrelationId:4e4c37388de843dcba3270bc7b2cfd1e | HTTP OPTIONS /api/school-feature-permissions/schools/550e8400-e29b-41d4-a716-446655440000/modules/health responded 204 in 0.1141 ms
2026-04-21 23:11:23.816 +05:30 [INF] SmsApi.Middleware.LoggingActionFilter | CorrelationId:6b0922d099924502a3c439c7e7e9ccd0 | API Request: PUT /api/school-feature-permissions/schools/550e8400-e29b-41d4-a716-446655440000/modules/health | User: Unknown | School: 00000000-0000-0000-0000-000000000001
2026-04-21 23:11:23.846 +05:30 [INF] SmsApi.Middleware.LoggingActionFilter | CorrelationId:6b0922d099924502a3c439c7e7e9ccd0 | API Response: PUT /api/school-feature-permissions/schools/550e8400-e29b-41d4-a716-446655440000/modules/health | Status: 200 | Duration: 29ms
2026-04-21 23:11:23.856 +05:30 [INF] Serilog.AspNetCore.RequestLoggingMiddleware | CorrelationId:6b0922d099924502a3c439c7e7e9ccd0 | HTTP PUT /api/school-feature-permissions/schools/550e8400-e29b-41d4-a716-446655440000/modules/health responded 200 in 43.1044 ms
2026-04-21 23:11:27.749 +05:30 [INF] Serilog.AspNetCore.RequestLoggingMiddleware | CorrelationId:043fc1e322ec4835b03bcf9b82643d0c | HTTP OPTIONS /api/school-feature-permissions/schools/550e8400-e29b-41d4-a716-446655440000/modules/store responded 204 in 0.1134 ms
2026-04-21 23:11:27.786 +05:30 [INF] SmsApi.Middleware.LoggingActionFilter | CorrelationId:a158e2a4591044589b9a5262e5585650 | API Request: PUT /api/school-feature-permissions/schools/550e8400-e29b-41d4-a716-446655440000/modules/store | User: Unknown | School: 00000000-0000-0000-0000-000000000001
2026-04-21 23:11:27.803 +05:30 [INF] SmsApi.Middleware.LoggingActionFilter | CorrelationId:a158e2a4591044589b9a5262e5585650 | API Response: PUT /api/school-feature-permissions/schools/550e8400-e29b-41d4-a716-446655440000/modules/store | Status: 200 | Duration: 16ms
2026-04-21 23:11:27.816 +05:30 [INF] Serilog.AspNetCore.RequestLoggingMiddleware | CorrelationId:a158e2a4591044589b9a5262e5585650 | HTTP PUT /api/school-feature-permissions/schools/550e8400-e29b-41d4-a716-446655440000/modules/store responded 200 in 31.3515 ms
2026-04-21 23:11:29.639 +05:30 [INF] Serilog.AspNetCore.RequestLoggingMiddleware | CorrelationId:c88f82285f794225b78f74527aa15de9 | HTTP OPTIONS /api/school-feature-permissions/schools/550e8400-e29b-41d4-a716-446655440000/modules/store responded 204 in 0.0533 ms
2026-04-21 23:11:29.664 +05:30 [INF] SmsApi.Middleware.LoggingActionFilter | CorrelationId:8284c7bf17de4e16bc16890f195af203 | API Request: PUT /api/school-feature-permissions/schools/550e8400-e29b-41d4-a716-446655440000/modules/store | User: Unknown | School: 00000000-0000-0000-0000-000000000001
2026-04-21 23:11:29.684 +05:30 [INF] SmsApi.Middleware.LoggingActionFilter | CorrelationId:8284c7bf17de4e16bc16890f195af203 | API Response: PUT /api/school-feature-permissions/schools/550e8400-e29b-41d4-a716-446655440000/modules/store | Status: 200 | Duration: 19ms
2026-04-21 23:11:29.698 +05:30 [INF] Serilog.AspNetCore.RequestLoggingMiddleware | CorrelationId:8284c7bf17de4e16bc16890f195af203 | HTTP PUT /api/school-feature-permissions/schools/550e8400-e29b-41d4-a716-446655440000/modules/store responded 200 in 35.3833 ms
2026-04-21 23:11:30.258 +05:30 [INF] Serilog.AspNetCore.RequestLoggingMiddleware | CorrelationId:73ed0b982fd5485b8e61c72cff21c968 | HTTP OPTIONS /api/school-feature-permissions/schools/550e8400-e29b-41d4-a716-446655440000/modules/store responded 204 in 0.0675 ms
2026-04-21 23:11:30.272 +05:30 [INF] SmsApi.Middleware.LoggingActionFilter | CorrelationId:3d8ddce3d608402ea3c4cc1023b0eda5 | API Request: PUT /api/school-feature-permissions/schools/550e8400-e29b-41d4-a716-446655440000/modules/store | User: Unknown | School: 00000000-0000-0000-0000-000000000001
2026-04-21 23:11:30.286 +05:30 [INF] SmsApi.Middleware.LoggingActionFilter | CorrelationId:3d8ddce3d608402ea3c4cc1023b0eda5 | API Response: PUT /api/school-feature-permissions/schools/550e8400-e29b-41d4-a716-446655440000/modules/store | Status: 200 | Duration: 14ms
2026-04-21 23:11:30.294 +05:30 [INF] Serilog.AspNetCore.RequestLoggingMiddleware | CorrelationId:3d8ddce3d608402ea3c4cc1023b0eda5 | HTTP PUT /api/school-feature-permissions/schools/550e8400-e29b-41d4-a716-446655440000/modules/store responded 200 in 23.2063 ms
2026-04-21 23:11:40.782 +05:30 [INF] Serilog.AspNetCore.RequestLoggingMiddleware | CorrelationId:22bad59892c04b9897b389ccb83d8ce9 | HTTP OPTIONS /api/school-feature-permissions/schools/550e8400-e29b-41d4-a716-446655440000/modules/store responded 204 in 0.5344 ms
2026-04-21 23:11:40.905 +05:30 [INF] SmsApi.Middleware.LoggingActionFilter | CorrelationId:ffdb5e1a1f004f958d98cb71dcc8c895 | API Request: PUT /api/school-feature-permissions/schools/550e8400-e29b-41d4-a716-446655440000/modules/store | User: Unknown | School: 00000000-0000-0000-0000-000000000001
2026-04-21 23:11:40.919 +05:30 [INF] SmsApi.Middleware.LoggingActionFilter | CorrelationId:ffdb5e1a1f004f958d98cb71dcc8c895 | API Response: PUT /api/school-feature-permissions/schools/550e8400-e29b-41d4-a716-446655440000/modules/store | Status: 200 | Duration: 13ms
2026-04-21 23:11:40.928 +05:30 [INF] Serilog.AspNetCore.RequestLoggingMiddleware | CorrelationId:ffdb5e1a1f004f958d98cb71dcc8c895 | HTTP PUT /api/school-feature-permissions/schools/550e8400-e29b-41d4-a716-446655440000/modules/store responded 200 in 23.2886 ms
2026-04-21 23:11:42.783 +05:30 [INF] Serilog.AspNetCore.RequestLoggingMiddleware | CorrelationId:c804df69528f4c2fbc076ede47f5d728 | HTTP OPTIONS /api/notifications/unread-count responded 204 in 0.2721 ms
2026-04-21 23:11:42.805 +05:30 [INF] SmsApi.Middleware.LoggingActionFilter | CorrelationId:db62fab38a3145bfab28324074232769 | API Request: GET /api/notifications/unread-count | User: Unknown | School: 00000000-0000-0000-0000-000000000001
2026-04-21 23:11:42.819 +05:30 [INF] SmsApi.Middleware.LoggingActionFilter | CorrelationId:db62fab38a3145bfab28324074232769 | API Response: GET /api/notifications/unread-count | Status: 200 | Duration: 14ms
2026-04-21 23:11:42.825 +05:30 [INF] Serilog.AspNetCore.RequestLoggingMiddleware | CorrelationId:db62fab38a3145bfab28324074232769 | HTTP GET /api/notifications/unread-count responded 200 in 29.6053 ms
2026-04-21 23:11:49.999 +05:30 [INF] Serilog.AspNetCore.RequestLoggingMiddleware | CorrelationId:780ac23a98be4eba904b7aad32b05427 | HTTP OPTIONS /api/school-feature-permissions/schools/550e8400-e29b-41d4-a716-446655440000/modules/hostel responded 204 in 0.0511 ms
2026-04-21 23:11:50.031 +05:30 [INF] SmsApi.Middleware.LoggingActionFilter | CorrelationId:98a9d06a90ba4806824d6dd4e9921b9e | API Request: PUT /api/school-feature-permissions/schools/550e8400-e29b-41d4-a716-446655440000/modules/hostel | User: Unknown | School: 00000000-0000-0000-0000-000000000001
2026-04-21 23:11:50.043 +05:30 [INF] SmsApi.Middleware.LoggingActionFilter | CorrelationId:98a9d06a90ba4806824d6dd4e9921b9e | API Response: PUT /api/school-feature-permissions/schools/550e8400-e29b-41d4-a716-446655440000/modules/hostel | Status: 200 | Duration: 11ms
2026-04-21 23:11:50.058 +05:30 [INF] Serilog.AspNetCore.RequestLoggingMiddleware | CorrelationId:98a9d06a90ba4806824d6dd4e9921b9e | HTTP PUT /api/school-feature-permissions/schools/550e8400-e29b-41d4-a716-446655440000/modules/hostel responded 200 in 27.6920 ms
2026-04-21 23:12:12.863 +05:30 [INF] Serilog.AspNetCore.RequestLoggingMiddleware | CorrelationId:96452e10339349caa14648f4e449e244 | HTTP OPTIONS /api/notifications/unread-count responded 204 in 0.2910 ms
2026-04-21 23:12:12.916 +05:30 [INF] SmsApi.Middleware.LoggingActionFilter | CorrelationId:cc4e9a9c08f743e0a2f46e13635e9b8b | API Request: GET /api/notifications/unread-count | User: Unknown | School: 00000000-0000-0000-0000-000000000001
2026-04-21 23:12:12.942 +05:30 [INF] SmsApi.Middleware.LoggingActionFilter | CorrelationId:cc4e9a9c08f743e0a2f46e13635e9b8b | API Response: GET /api/notifications/unread-count | Status: 200 | Duration: 25ms
2026-04-21 23:12:12.962 +05:30 [INF] Serilog.AspNetCore.RequestLoggingMiddleware | CorrelationId:cc4e9a9c08f743e0a2f46e13635e9b8b | HTTP GET /api/notifications/unread-count responded 200 in 48.8333 ms
2026-04-21 23:12:42.272 +05:30 [INF] Serilog.AspNetCore.RequestLoggingMiddleware | CorrelationId:e8b3629cdebe4edb81f54728f93fc514 | HTTP OPTIONS /api/academics/academic-years responded 204 in 0.2030 ms
2026-04-21 23:12:42.272 +05:30 [INF] Serilog.AspNetCore.RequestLoggingMiddleware | CorrelationId:6f5f5d4304684710a9f37aa6bc4e6cc8 | HTTP OPTIONS /api/academics/academic-years responded 204 in 0.5109 ms
2026-04-21 23:12:42.386 +05:30 [INF] Serilog.AspNetCore.RequestLoggingMiddleware | CorrelationId:c01dc4a4941a4ac08cb09648c5db1ff7 | HTTP OPTIONS /api/settings/school/me responded 204 in 0.0488 ms
2026-04-21 23:12:42.487 +05:30 [INF] Serilog.AspNetCore.RequestLoggingMiddleware | CorrelationId:f83846b7b4e64a0fbc2607bff45ab333 | HTTP OPTIONS /api/notifications/unread-count responded 204 in 0.0604 ms
2026-04-21 23:12:42.522 +05:30 [INF] Serilog.AspNetCore.RequestLoggingMiddleware | CorrelationId:7eff45896ee94efe96b9cdf6ba6b43ad | HTTP OPTIONS /api/school-feature-permissions/stats responded 204 in 0.0484 ms
2026-04-21 23:12:42.524 +05:30 [INF] Serilog.AspNetCore.RequestLoggingMiddleware | CorrelationId:185f1aefae6b4696862a121d6d8eb485 | HTTP OPTIONS /api/school-feature-permissions/schools responded 204 in 0.0372 ms
2026-04-21 23:12:42.565 +05:30 [INF] Serilog.AspNetCore.RequestLoggingMiddleware | CorrelationId:533a28dfdd2e4441875a7a0a59d0fdf7 | HTTP OPTIONS /api/school-feature-permissions/schools/550e8400-e29b-41d4-a716-446655440000 responded 204 in 0.2477 ms
2026-04-21 23:12:42.575 +05:30 [INF] Serilog.AspNetCore.RequestLoggingMiddleware | CorrelationId:e3161297d82c49dfae6d5306375f2feb | HTTP OPTIONS /api/school-feature-permissions/stats responded 204 in 0.0300 ms
2026-04-21 23:12:42.579 +05:30 [INF] Serilog.AspNetCore.RequestLoggingMiddleware | CorrelationId:01211ff0b3c54e97aec797d995068883 | HTTP OPTIONS /api/school-feature-permissions/schools/550e8400-e29b-41d4-a716-446655440000 responded 204 in 0.0578 ms
2026-04-21 23:12:42.579 +05:30 [INF] Serilog.AspNetCore.RequestLoggingMiddleware | CorrelationId:92fad6749ca045ca9274e2a4781c0781 | HTTP OPTIONS /api/school-feature-permissions/schools responded 204 in 0.0084 ms
2026-04-21 23:12:42.634 +05:30 [INF] SmsApi.Middleware.LoggingActionFilter | CorrelationId:576c74711004495a90c57a20c71e7985 | API Request: GET /api/academics/academic-years | User: Unknown | School: 00000000-0000-0000-0000-000000000001
2026-04-21 23:12:42.635 +05:30 [INF] SmsApi.Middleware.LoggingActionFilter | CorrelationId:9880ceb51eff41d7ab7747ddad474059 | API Request: GET /api/academics/academic-years | User: Unknown | School: 00000000-0000-0000-0000-000000000001
2026-04-21 23:12:42.653 +05:30 [INF] SmsApi.Middleware.LoggingActionFilter | CorrelationId:83387c30080a474385eca5f1ca5fb749 | API Request: GET /api/settings/school/me | User: Unknown | School: 00000000-0000-0000-0000-000000000001
2026-04-21 23:12:42.673 +05:30 [INF] SmsApi.Middleware.LoggingActionFilter | CorrelationId:53366ce85534426096d53d1458670998 | API Request: GET /api/notifications/unread-count | User: Unknown | School: 00000000-0000-0000-0000-000000000001
2026-04-21 23:12:42.694 +05:30 [INF] SmsApi.Middleware.LoggingActionFilter | CorrelationId:f6e59ab2b9ef4bc6a4501ff9827c62ea | API Request: GET /api/school-feature-permissions/stats | User: Unknown | School: 00000000-0000-0000-0000-000000000001
2026-04-21 23:12:42.707 +05:30 [INF] SmsApi.Middleware.LoggingActionFilter | CorrelationId:638b0d90443341ee8f2197b636af9bd4 | API Request: GET /api/school-feature-permissions/schools | User: Unknown | School: 00000000-0000-0000-0000-000000000001
2026-04-21 23:12:42.743 +05:30 [INF] SmsApi.Middleware.LoggingActionFilter | CorrelationId:576c74711004495a90c57a20c71e7985 | API Response: GET /api/academics/academic-years | Status: 200 | Duration: 108ms
2026-04-21 23:12:42.760 +05:30 [INF] SmsApi.Middleware.LoggingActionFilter | CorrelationId:9880ceb51eff41d7ab7747ddad474059 | API Response: GET /api/academics/academic-years | Status: 200 | Duration: 125ms
2026-04-21 23:12:42.832 +05:30 [INF] Serilog.AspNetCore.RequestLoggingMiddleware | CorrelationId:9880ceb51eff41d7ab7747ddad474059 | HTTP GET /api/academics/academic-years responded 200 in 197.0709 ms
2026-04-21 23:12:42.788 +05:30 [INF] SmsApi.Middleware.LoggingActionFilter | CorrelationId:53366ce85534426096d53d1458670998 | API Response: GET /api/notifications/unread-count | Status: 200 | Duration: 114ms
2026-04-21 23:12:42.822 +05:30 [INF] Serilog.AspNetCore.RequestLoggingMiddleware | CorrelationId:576c74711004495a90c57a20c71e7985 | HTTP GET /api/academics/academic-years responded 200 in 199.7870 ms
2026-04-21 23:12:42.776 +05:30 [INF] SmsApi.Middleware.LoggingActionFilter | CorrelationId:83387c30080a474385eca5f1ca5fb749 | API Response: GET /api/settings/school/me | Status: 200 | Duration: 123ms
2026-04-21 23:12:43.612 +05:30 [INF] Serilog.AspNetCore.RequestLoggingMiddleware | CorrelationId:83387c30080a474385eca5f1ca5fb749 | HTTP GET /api/settings/school/me responded 200 in 959.6822 ms
2026-04-21 23:12:43.618 +05:30 [WRN] SmsApi.Infrastructure.Performance.PerformanceMonitoringMiddleware | CorrelationId: | Slow request: GET /api/settings/school/me took 959ms — status 200.
2026-04-21 23:12:43.571 +05:30 [INF] SmsApi.Middleware.LoggingActionFilter | CorrelationId:a3462d8261294152b1b3817715a0ca0a | API Request: GET /api/school-feature-permissions/schools/550e8400-e29b-41d4-a716-446655440000 | User: Unknown | School: 00000000-0000-0000-0000-000000000001
2026-04-21 23:12:43.595 +05:30 [INF] Serilog.AspNetCore.RequestLoggingMiddleware | CorrelationId:53366ce85534426096d53d1458670998 | HTTP GET /api/notifications/unread-count responded 200 in 926.8462 ms
2026-04-21 23:12:42.913 +05:30 [INF] SmsApi.Middleware.LoggingActionFilter | CorrelationId:638b0d90443341ee8f2197b636af9bd4 | API Response: GET /api/school-feature-permissions/schools | Status: 200 | Duration: 205ms
2026-04-21 23:12:42.926 +05:30 [INF] SmsApi.Middleware.LoggingActionFilter | CorrelationId:f6e59ab2b9ef4bc6a4501ff9827c62ea | API Response: GET /api/school-feature-permissions/stats | Status: 200 | Duration: 231ms
2026-04-21 23:12:43.884 +05:30 [INF] Serilog.AspNetCore.RequestLoggingMiddleware | CorrelationId:f6e59ab2b9ef4bc6a4501ff9827c62ea | HTTP GET /api/school-feature-permissions/stats responded 200 in 1191.1624 ms
2026-04-21 23:12:43.892 +05:30 [WRN] SmsApi.Infrastructure.Performance.PerformanceMonitoringMiddleware | CorrelationId: | Slow request: GET /api/school-feature-permissions/stats took 1191ms — status 200.
2026-04-21 23:12:43.872 +05:30 [WRN] SmsApi.Infrastructure.Performance.PerformanceMonitoringMiddleware | CorrelationId: | Slow request: GET /api/notifications/unread-count took 926ms — status 200.
2026-04-21 23:12:43.876 +05:30 [INF] Serilog.AspNetCore.RequestLoggingMiddleware | CorrelationId:638b0d90443341ee8f2197b636af9bd4 | HTTP GET /api/school-feature-permissions/schools responded 200 in 1169.7620 ms
2026-04-21 23:12:43.939 +05:30 [WRN] SmsApi.Infrastructure.Performance.PerformanceMonitoringMiddleware | CorrelationId: | Slow request: GET /api/school-feature-permissions/schools took 1169ms — status 200.
2026-04-21 23:12:43.694 +05:30 [INF] SmsApi.Middleware.LoggingActionFilter | CorrelationId:88a81ced9dac4f08bcb6ca20d93f2305 | API Request: GET /api/school-feature-permissions/stats | User: Unknown | School: 00000000-0000-0000-0000-000000000001
2026-04-21 23:12:43.725 +05:30 [INF] SmsApi.Middleware.LoggingActionFilter | CorrelationId:f42cab7d306845b6a9548f50afd2d322 | API Request: GET /api/school-feature-permissions/schools/550e8400-e29b-41d4-a716-446655440000 | User: Unknown | School: 00000000-0000-0000-0000-000000000001
2026-04-21 23:12:43.912 +05:30 [INF] SmsApi.Middleware.LoggingActionFilter | CorrelationId:93ff858293aa4b9d8388bda457f426dc | API Request: GET /api/school-feature-permissions/schools | User: Unknown | School: 00000000-0000-0000-0000-000000000001
2026-04-21 23:12:43.879 +05:30 [INF] SmsApi.Middleware.LoggingActionFilter | CorrelationId:a3462d8261294152b1b3817715a0ca0a | API Response: GET /api/school-feature-permissions/schools/550e8400-e29b-41d4-a716-446655440000 | Status: 200 | Duration: 308ms
2026-04-21 23:12:44.007 +05:30 [INF] SmsApi.Middleware.LoggingActionFilter | CorrelationId:93ff858293aa4b9d8388bda457f426dc | API Response: GET /api/school-feature-permissions/schools | Status: 200 | Duration: 94ms
2026-04-21 23:12:44.027 +05:30 [INF] Serilog.AspNetCore.RequestLoggingMiddleware | CorrelationId:93ff858293aa4b9d8388bda457f426dc | HTTP GET /api/school-feature-permissions/schools responded 200 in 115.6146 ms
2026-04-21 23:12:44.012 +05:30 [INF] SmsApi.Middleware.LoggingActionFilter | CorrelationId:f42cab7d306845b6a9548f50afd2d322 | API Response: GET /api/school-feature-permissions/schools/550e8400-e29b-41d4-a716-446655440000 | Status: 200 | Duration: 287ms
2026-04-21 23:12:44.018 +05:30 [INF] Serilog.AspNetCore.RequestLoggingMiddleware | CorrelationId:a3462d8261294152b1b3817715a0ca0a | HTTP GET /api/school-feature-permissions/schools/550e8400-e29b-41d4-a716-446655440000 responded 200 in 448.4353 ms
2026-04-21 23:12:44.012 +05:30 [INF] SmsApi.Middleware.LoggingActionFilter | CorrelationId:88a81ced9dac4f08bcb6ca20d93f2305 | API Response: GET /api/school-feature-permissions/stats | Status: 200 | Duration: 318ms
2026-04-21 23:12:44.087 +05:30 [INF] Serilog.AspNetCore.RequestLoggingMiddleware | CorrelationId:88a81ced9dac4f08bcb6ca20d93f2305 | HTTP GET /api/school-feature-permissions/stats responded 200 in 393.7854 ms
2026-04-21 23:12:44.061 +05:30 [INF] Serilog.AspNetCore.RequestLoggingMiddleware | CorrelationId:f42cab7d306845b6a9548f50afd2d322 | HTTP GET /api/school-feature-permissions/schools/550e8400-e29b-41d4-a716-446655440000 responded 200 in 339.8553 ms
2026-04-21 23:12:47.515 +05:30 [INF] Serilog.AspNetCore.RequestLoggingMiddleware | CorrelationId:9fc8b794e67342fda8526d7c0fdf38e8 | HTTP OPTIONS /api/notifications/unread-count responded 204 in 0.0616 ms
2026-04-21 23:12:47.522 +05:30 [INF] Serilog.AspNetCore.RequestLoggingMiddleware | CorrelationId:a520eb6f72144b9bb6bb56ac11ba426f | HTTP OPTIONS /api/school-feature-permissions/stats responded 204 in 0.1004 ms
2026-04-21 23:12:47.540 +05:30 [INF] Serilog.AspNetCore.RequestLoggingMiddleware | CorrelationId:c13033bf148d4d18b601b34ff396cc35 | HTTP OPTIONS /api/school-feature-permissions/schools/550e8400-e29b-41d4-a716-446655440000 responded 204 in 0.0428 ms
2026-04-21 23:12:47.542 +05:30 [INF] Serilog.AspNetCore.RequestLoggingMiddleware | CorrelationId:c6435dbc7da7489d8d50b0e7ae3eb8ee | HTTP OPTIONS /api/school-feature-permissions/schools responded 204 in 0.0312 ms
2026-04-21 23:12:47.568 +05:30 [INF] Serilog.AspNetCore.RequestLoggingMiddleware | CorrelationId:7119b7e53e3e4c6290ddab5cda91af6f | HTTP OPTIONS /api/school-feature-permissions/stats responded 204 in 0.1331 ms
2026-04-21 23:12:47.582 +05:30 [INF] Serilog.AspNetCore.RequestLoggingMiddleware | CorrelationId:a32cd73a3b5644ee8a25e30be643a48d | HTTP OPTIONS /api/school-feature-permissions/schools/550e8400-e29b-41d4-a716-446655440000 responded 204 in 0.0358 ms
2026-04-21 23:12:47.596 +05:30 [INF] Serilog.AspNetCore.RequestLoggingMiddleware | CorrelationId:748c00d0703b42899d33b215ef431f24 | HTTP OPTIONS /api/school-feature-permissions/schools responded 204 in 0.8476 ms
2026-04-21 23:12:47.604 +05:30 [INF] SmsApi.Middleware.LoggingActionFilter | CorrelationId:3d666749071240cfb7032f0a19be4200 | API Request: GET /api/notifications/unread-count | User: Unknown | School: 00000000-0000-0000-0000-000000000001
2026-04-21 23:12:47.642 +05:30 [INF] SmsApi.Middleware.LoggingActionFilter | CorrelationId:eae3ca95dd2b4ac1ad94e2940aacf4b9 | API Request: GET /api/school-feature-permissions/stats | User: Unknown | School: 00000000-0000-0000-0000-000000000001
2026-04-21 23:12:47.644 +05:30 [INF] SmsApi.Middleware.LoggingActionFilter | CorrelationId:cb42bffc900241ffa30b9fd724817cf5 | API Request: GET /api/school-feature-permissions/schools/550e8400-e29b-41d4-a716-446655440000 | User: Unknown | School: 00000000-0000-0000-0000-000000000001
2026-04-21 23:12:47.648 +05:30 [INF] SmsApi.Middleware.LoggingActionFilter | CorrelationId:7b0dd82d8c5845998cb9f2e8e866300d | API Request: GET /api/school-feature-permissions/schools | User: Unknown | School: 00000000-0000-0000-0000-000000000001
2026-04-21 23:12:47.669 +05:30 [INF] SmsApi.Middleware.LoggingActionFilter | CorrelationId:baf11cd259354fb998e779430c9dbe9e | API Request: GET /api/school-feature-permissions/stats | User: Unknown | School: 00000000-0000-0000-0000-000000000001
2026-04-21 23:12:47.683 +05:30 [INF] SmsApi.Middleware.LoggingActionFilter | CorrelationId:034e3dae442244bba7efe63dbf51c6fe | API Request: GET /api/school-feature-permissions/schools/550e8400-e29b-41d4-a716-446655440000 | User: Unknown | School: 00000000-0000-0000-0000-000000000001
2026-04-21 23:12:47.700 +05:30 [INF] SmsApi.Middleware.LoggingActionFilter | CorrelationId:3d666749071240cfb7032f0a19be4200 | API Response: GET /api/notifications/unread-count | Status: 200 | Duration: 96ms
2026-04-21 23:12:47.742 +05:30 [INF] SmsApi.Middleware.LoggingActionFilter | CorrelationId:cb42bffc900241ffa30b9fd724817cf5 | API Response: GET /api/school-feature-permissions/schools/550e8400-e29b-41d4-a716-446655440000 | Status: 200 | Duration: 98ms
2026-04-21 23:12:47.863 +05:30 [INF] Serilog.AspNetCore.RequestLoggingMiddleware | CorrelationId:cb42bffc900241ffa30b9fd724817cf5 | HTTP GET /api/school-feature-permissions/schools/550e8400-e29b-41d4-a716-446655440000 responded 200 in 220.5558 ms
2026-04-21 23:12:47.775 +05:30 [INF] SmsApi.Middleware.LoggingActionFilter | CorrelationId:eae3ca95dd2b4ac1ad94e2940aacf4b9 | API Response: GET /api/school-feature-permissions/stats | Status: 200 | Duration: 133ms
2026-04-21 23:12:47.806 +05:30 [INF] SmsApi.Middleware.LoggingActionFilter | CorrelationId:baf11cd259354fb998e779430c9dbe9e | API Response: GET /api/school-feature-permissions/stats | Status: 200 | Duration: 131ms
2026-04-21 23:12:47.833 +05:30 [INF] Serilog.AspNetCore.RequestLoggingMiddleware | CorrelationId:3d666749071240cfb7032f0a19be4200 | HTTP GET /api/notifications/unread-count responded 200 in 229.8472 ms
2026-04-21 23:12:47.839 +05:30 [INF] SmsApi.Middleware.LoggingActionFilter | CorrelationId:034e3dae442244bba7efe63dbf51c6fe | API Response: GET /api/school-feature-permissions/schools/550e8400-e29b-41d4-a716-446655440000 | Status: 200 | Duration: 155ms
2026-04-21 23:12:48.062 +05:30 [INF] Serilog.AspNetCore.RequestLoggingMiddleware | CorrelationId:034e3dae442244bba7efe63dbf51c6fe | HTTP GET /api/school-feature-permissions/schools/550e8400-e29b-41d4-a716-446655440000 responded 200 in 380.0020 ms
2026-04-21 23:12:47.920 +05:30 [INF] SmsApi.Middleware.LoggingActionFilter | CorrelationId:73425ac734ff45ed9c4a365880fac65e | API Request: GET /api/school-feature-permissions/schools | User: Unknown | School: 00000000-0000-0000-0000-000000000001
2026-04-21 23:12:47.933 +05:30 [INF] Serilog.AspNetCore.RequestLoggingMiddleware | CorrelationId:eae3ca95dd2b4ac1ad94e2940aacf4b9 | HTTP GET /api/school-feature-permissions/stats responded 200 in 292.0190 ms
2026-04-21 23:12:48.019 +05:30 [INF] Serilog.AspNetCore.RequestLoggingMiddleware | CorrelationId:baf11cd259354fb998e779430c9dbe9e | HTTP GET /api/school-feature-permissions/stats responded 200 in 350.6162 ms
2026-04-21 23:12:47.765 +05:30 [INF] SmsApi.Middleware.LoggingActionFilter | CorrelationId:7b0dd82d8c5845998cb9f2e8e866300d | API Response: GET /api/school-feature-permissions/schools | Status: 200 | Duration: 116ms
2026-04-21 23:12:48.238 +05:30 [INF] SmsApi.Middleware.LoggingActionFilter | CorrelationId:73425ac734ff45ed9c4a365880fac65e | API Response: GET /api/school-feature-permissions/schools | Status: 200 | Duration: 317ms
2026-04-21 23:12:48.264 +05:30 [INF] Serilog.AspNetCore.RequestLoggingMiddleware | CorrelationId:73425ac734ff45ed9c4a365880fac65e | HTTP GET /api/school-feature-permissions/schools responded 200 in 344.3743 ms
2026-04-21 23:12:48.260 +05:30 [INF] Serilog.AspNetCore.RequestLoggingMiddleware | CorrelationId:7b0dd82d8c5845998cb9f2e8e866300d | HTTP GET /api/school-feature-permissions/schools responded 200 in 611.7343 ms
2026-04-21 23:12:48.290 +05:30 [WRN] SmsApi.Infrastructure.Performance.PerformanceMonitoringMiddleware | CorrelationId: | Slow request: GET /api/school-feature-permissions/schools took 611ms — status 200.
2026-04-21 23:12:57.103 +05:30 [INF] Serilog.AspNetCore.RequestLoggingMiddleware | CorrelationId:be497803636e446e92ea25999ab4e1fb | HTTP OPTIONS /api/school-feature-permissions/schools/550e8400-e29b-41d4-a716-446655440000 responded 204 in 0.0767 ms
2026-04-21 23:12:57.103 +05:30 [INF] Serilog.AspNetCore.RequestLoggingMiddleware | CorrelationId:29582657cd80445ba672420ba727a119 | HTTP OPTIONS /api/school-feature-permissions/stats responded 204 in 0.1389 ms
2026-04-21 23:12:57.125 +05:30 [INF] SmsApi.Middleware.LoggingActionFilter | CorrelationId:ba3fbf1a19ce40d496894edd8f1a5c7a | API Request: GET /api/school-feature-permissions/schools/550e8400-e29b-41d4-a716-446655440000 | User: Unknown | School: 00000000-0000-0000-0000-000000000001
2026-04-21 23:12:57.147 +05:30 [INF] SmsApi.Middleware.LoggingActionFilter | CorrelationId:118eaf1b3d6643ac8a6ac0252e2d102a | API Request: GET /api/school-feature-permissions/stats | User: Unknown | School: 00000000-0000-0000-0000-000000000001
2026-04-21 23:12:57.185 +05:30 [INF] SmsApi.Middleware.LoggingActionFilter | CorrelationId:ba3fbf1a19ce40d496894edd8f1a5c7a | API Response: GET /api/school-feature-permissions/schools/550e8400-e29b-41d4-a716-446655440000 | Status: 200 | Duration: 59ms
2026-04-21 23:12:57.210 +05:30 [INF] SmsApi.Middleware.LoggingActionFilter | CorrelationId:118eaf1b3d6643ac8a6ac0252e2d102a | API Response: GET /api/school-feature-permissions/stats | Status: 200 | Duration: 63ms
2026-04-21 23:12:57.210 +05:30 [INF] Serilog.AspNetCore.RequestLoggingMiddleware | CorrelationId:ba3fbf1a19ce40d496894edd8f1a5c7a | HTTP GET /api/school-feature-permissions/schools/550e8400-e29b-41d4-a716-446655440000 responded 200 in 87.3083 ms
2026-04-21 23:12:57.233 +05:30 [INF] Serilog.AspNetCore.RequestLoggingMiddleware | CorrelationId:118eaf1b3d6643ac8a6ac0252e2d102a | HTTP GET /api/school-feature-permissions/stats responded 200 in 87.2258 ms
2026-04-21 23:13:02.965 +05:30 [INF] Serilog.AspNetCore.RequestLoggingMiddleware | CorrelationId:1bd7629d1d574a918190f52215a35e88 | HTTP OPTIONS /api/school-feature-permissions/stats responded 204 in 0.2358 ms
2026-04-21 23:13:02.984 +05:30 [INF] Serilog.AspNetCore.RequestLoggingMiddleware | CorrelationId:52a7f39217b84648930f0dd9be197452 | HTTP OPTIONS /api/school-feature-permissions/schools/550e8400-e29b-41d4-a716-446655440000 responded 204 in 0.0480 ms
2026-04-21 23:13:02.990 +05:30 [INF] Serilog.AspNetCore.RequestLoggingMiddleware | CorrelationId:1b7331f677044bb69095e021b86c6669 | HTTP OPTIONS /api/school-feature-permissions/stats responded 204 in 0.0394 ms
2026-04-21 23:13:02.991 +05:30 [INF] Serilog.AspNetCore.RequestLoggingMiddleware | CorrelationId:88d8445aa47e450b80ad6a9f17e4c52a | HTTP OPTIONS /api/school-feature-permissions/schools/550e8400-e29b-41d4-a716-446655440000 responded 204 in 0.0959 ms
2026-04-21 23:13:03.003 +05:30 [INF] SmsApi.Middleware.LoggingActionFilter | CorrelationId:1b2fea64fc4b4dafad037711e325091b | API Request: GET /api/school-feature-permissions/stats | User: Unknown | School: 00000000-0000-0000-0000-000000000001
2026-04-21 23:13:03.009 +05:30 [INF] SmsApi.Middleware.LoggingActionFilter | CorrelationId:94e7db97de9943dfb8c743f89970814c | API Request: GET /api/school-feature-permissions/schools/550e8400-e29b-41d4-a716-446655440000 | User: Unknown | School: 00000000-0000-0000-0000-000000000001
2026-04-21 23:13:03.039 +05:30 [INF] SmsApi.Middleware.LoggingActionFilter | CorrelationId:05008bb43631481fb06f79ae06228f35 | API Request: GET /api/school-feature-permissions/stats | User: Unknown | School: 00000000-0000-0000-0000-000000000001
2026-04-21 23:13:03.046 +05:30 [INF] SmsApi.Middleware.LoggingActionFilter | CorrelationId:5f9c3cc53fbd4bfe980a6eac0e14e0a2 | API Request: GET /api/school-feature-permissions/schools/550e8400-e29b-41d4-a716-446655440000 | User: Unknown | School: 00000000-0000-0000-0000-000000000001
2026-04-21 23:13:03.055 +05:30 [INF] SmsApi.Middleware.LoggingActionFilter | CorrelationId:94e7db97de9943dfb8c743f89970814c | API Response: GET /api/school-feature-permissions/schools/550e8400-e29b-41d4-a716-446655440000 | Status: 200 | Duration: 45ms
2026-04-21 23:13:03.057 +05:30 [INF] SmsApi.Middleware.LoggingActionFilter | CorrelationId:1b2fea64fc4b4dafad037711e325091b | API Response: GET /api/school-feature-permissions/stats | Status: 200 | Duration: 53ms
2026-04-21 23:13:03.063 +05:30 [INF] SmsApi.Middleware.LoggingActionFilter | CorrelationId:05008bb43631481fb06f79ae06228f35 | API Response: GET /api/school-feature-permissions/stats | Status: 200 | Duration: 23ms
2026-04-21 23:13:03.064 +05:30 [INF] SmsApi.Middleware.LoggingActionFilter | CorrelationId:5f9c3cc53fbd4bfe980a6eac0e14e0a2 | API Response: GET /api/school-feature-permissions/schools/550e8400-e29b-41d4-a716-446655440000 | Status: 200 | Duration: 18ms
2026-04-21 23:13:03.067 +05:30 [INF] Serilog.AspNetCore.RequestLoggingMiddleware | CorrelationId:94e7db97de9943dfb8c743f89970814c | HTTP GET /api/school-feature-permissions/schools/550e8400-e29b-41d4-a716-446655440000 responded 200 in 58.2186 ms
2026-04-21 23:13:03.074 +05:30 [INF] Serilog.AspNetCore.RequestLoggingMiddleware | CorrelationId:1b2fea64fc4b4dafad037711e325091b | HTTP GET /api/school-feature-permissions/stats responded 200 in 71.9753 ms
2026-04-21 23:13:03.094 +05:30 [INF] Serilog.AspNetCore.RequestLoggingMiddleware | CorrelationId:05008bb43631481fb06f79ae06228f35 | HTTP GET /api/school-feature-permissions/stats responded 200 in 58.9647 ms
2026-04-21 23:13:03.105 +05:30 [INF] Serilog.AspNetCore.RequestLoggingMiddleware | CorrelationId:5f9c3cc53fbd4bfe980a6eac0e14e0a2 | HTTP GET /api/school-feature-permissions/schools/550e8400-e29b-41d4-a716-446655440000 responded 200 in 62.9873 ms
2026-04-21 23:13:06.067 +05:30 [INF] Serilog.AspNetCore.RequestLoggingMiddleware | CorrelationId:7a16b4ed9eb745b0a08e10cb4b2f29f2 | HTTP OPTIONS /api/visitor/stats responded 204 in 0.0377 ms
2026-04-21 23:13:06.083 +05:30 [INF] Serilog.AspNetCore.RequestLoggingMiddleware | CorrelationId:78e1fd5c3f5b478ab1e667d4e6cfa046 | HTTP OPTIONS /api/visitor/today responded 204 in 0.1188 ms
2026-04-21 23:13:06.099 +05:30 [INF] Serilog.AspNetCore.RequestLoggingMiddleware | CorrelationId:c4af120e4d7f48c19caad17afc87cd13 | HTTP OPTIONS /api/visitor/currently-inside responded 204 in 0.0322 ms
2026-04-21 23:13:06.099 +05:30 [INF] Serilog.AspNetCore.RequestLoggingMiddleware | CorrelationId:949e9e230b7647609491b1a25164d084 | HTTP OPTIONS /api/visitor/currently-inside responded 204 in 0.0381 ms
2026-04-21 23:13:06.155 +05:30 [INF] Serilog.AspNetCore.RequestLoggingMiddleware | CorrelationId:ffa37ec7cc46464a8b6d5b4cd789663b | HTTP OPTIONS /api/visitor/today responded 204 in 0.0357 ms
2026-04-21 23:13:06.170 +05:30 [INF] Serilog.AspNetCore.RequestLoggingMiddleware | CorrelationId:0129673365ff42c09f59fa7aaa4298fc | HTTP OPTIONS /api/visitor/stats responded 204 in 0.6096 ms
2026-04-21 23:13:06.239 +05:30 [INF] SmsApi.Middleware.LoggingActionFilter | CorrelationId:aa39ac9be6324f3aa595c2d574efe679 | API Request: GET /api/visitor/currently-inside | User: Unknown | School: 00000000-0000-0000-0000-000000000001
2026-04-21 23:13:06.240 +05:30 [INF] SmsApi.Middleware.LoggingActionFilter | CorrelationId:476b1a7038614ac784d30661095b5a11 | API Request: GET /api/visitor/stats | User: Unknown | School: 00000000-0000-0000-0000-000000000001
2026-04-21 23:13:06.240 +05:30 [INF] SmsApi.Middleware.LoggingActionFilter | CorrelationId:70226fc14c8c40fd9859a692de1c9734 | API Request: GET /api/visitor/today | User: Unknown | School: 00000000-0000-0000-0000-000000000001
2026-04-21 23:13:06.248 +05:30 [INF] SmsApi.Middleware.LoggingActionFilter | CorrelationId:35ca5bed7da94b339e94a5000c429fd8 | API Request: GET /api/visitor/currently-inside | User: Unknown | School: 00000000-0000-0000-0000-000000000001
2026-04-21 23:13:06.422 +05:30 [INF] SmsApi.Middleware.LoggingActionFilter | CorrelationId:476b1a7038614ac784d30661095b5a11 | API Response: GET /api/visitor/stats | Status: 200 | Duration: 182ms
2026-04-21 23:13:06.441 +05:30 [INF] SmsApi.Middleware.LoggingActionFilter | CorrelationId:6d4a52c889e14f598dbe1ffee2d4fd79 | API Request: GET /api/visitor/today | User: Unknown | School: 00000000-0000-0000-0000-000000000001
2026-04-21 23:13:06.456 +05:30 [INF] SmsApi.Middleware.LoggingActionFilter | CorrelationId:70226fc14c8c40fd9859a692de1c9734 | API Response: GET /api/visitor/today | Status: 200 | Duration: 215ms
2026-04-21 23:13:06.457 +05:30 [INF] SmsApi.Middleware.LoggingActionFilter | CorrelationId:35ca5bed7da94b339e94a5000c429fd8 | API Response: GET /api/visitor/currently-inside | Status: 200 | Duration: 209ms
2026-04-21 23:13:06.524 +05:30 [INF] Serilog.AspNetCore.RequestLoggingMiddleware | CorrelationId:35ca5bed7da94b339e94a5000c429fd8 | HTTP GET /api/visitor/currently-inside responded 200 in 281.4903 ms
2026-04-21 23:13:06.524 +05:30 [INF] Serilog.AspNetCore.RequestLoggingMiddleware | CorrelationId:70226fc14c8c40fd9859a692de1c9734 | HTTP GET /api/visitor/today responded 200 in 308.3701 ms
2026-04-21 23:13:06.501 +05:30 [INF] SmsApi.Middleware.LoggingActionFilter | CorrelationId:aa39ac9be6324f3aa595c2d574efe679 | API Response: GET /api/visitor/currently-inside | Status: 200 | Duration: 261ms
2026-04-21 23:13:06.530 +05:30 [INF] Serilog.AspNetCore.RequestLoggingMiddleware | CorrelationId:476b1a7038614ac784d30661095b5a11 | HTTP GET /api/visitor/stats responded 200 in 314.5515 ms
2026-04-21 23:13:06.533 +05:30 [INF] SmsApi.Middleware.LoggingActionFilter | CorrelationId:6d4a52c889e14f598dbe1ffee2d4fd79 | API Response: GET /api/visitor/today | Status: 200 | Duration: 91ms
2026-04-21 23:13:06.543 +05:30 [INF] SmsApi.Middleware.LoggingActionFilter | CorrelationId:f725a171f20841159bd63e5fba8fae0a | API Request: GET /api/visitor/stats | User: Unknown | School: 00000000-0000-0000-0000-000000000001
2026-04-21 23:13:06.552 +05:30 [INF] Serilog.AspNetCore.RequestLoggingMiddleware | CorrelationId:aa39ac9be6324f3aa595c2d574efe679 | HTTP GET /api/visitor/currently-inside responded 200 in 327.1007 ms
2026-04-21 23:13:06.592 +05:30 [INF] Serilog.AspNetCore.RequestLoggingMiddleware | CorrelationId:6d4a52c889e14f598dbe1ffee2d4fd79 | HTTP GET /api/visitor/today responded 200 in 151.6670 ms
2026-04-21 23:13:06.604 +05:30 [INF] SmsApi.Middleware.LoggingActionFilter | CorrelationId:f725a171f20841159bd63e5fba8fae0a | API Response: GET /api/visitor/stats | Status: 200 | Duration: 60ms
2026-04-21 23:13:06.658 +05:30 [INF] Serilog.AspNetCore.RequestLoggingMiddleware | CorrelationId:f725a171f20841159bd63e5fba8fae0a | HTTP GET /api/visitor/stats responded 200 in 119.0158 ms
2026-04-21 23:13:07.534 +05:30 [INF] Serilog.AspNetCore.RequestLoggingMiddleware | CorrelationId:0255c4ce9e404f4e93c716cd486a3d80 | HTTP OPTIONS /api/hostel/rooms responded 204 in 0.0741 ms
2026-04-21 23:13:07.534 +05:30 [INF] Serilog.AspNetCore.RequestLoggingMiddleware | CorrelationId:84baa4b434474d8e922c519c4f4b38c9 | HTTP OPTIONS /api/hostel/rooms responded 204 in 0.0377 ms
2026-04-21 23:13:07.692 +05:30 [INF] SmsApi.Middleware.LoggingActionFilter | CorrelationId:04f393a143a24de2b021a26b1b972199 | API Request: GET /api/hostel/rooms | User: Unknown | School: 00000000-0000-0000-0000-000000000001
2026-04-21 23:13:07.692 +05:30 [INF] SmsApi.Middleware.LoggingActionFilter | CorrelationId:249cb4c30a164c2c8a4db51232e3ba2a | API Request: GET /api/hostel/rooms | User: Unknown | School: 00000000-0000-0000-0000-000000000001
2026-04-21 23:13:07.808 +05:30 [INF] SmsApi.Middleware.LoggingActionFilter | CorrelationId:249cb4c30a164c2c8a4db51232e3ba2a | API Response: GET /api/hostel/rooms | Status: 200 | Duration: 115ms
2026-04-21 23:13:07.808 +05:30 [INF] SmsApi.Middleware.LoggingActionFilter | CorrelationId:04f393a143a24de2b021a26b1b972199 | API Response: GET /api/hostel/rooms | Status: 200 | Duration: 116ms
2026-04-21 23:13:07.821 +05:30 [INF] Serilog.AspNetCore.RequestLoggingMiddleware | CorrelationId:249cb4c30a164c2c8a4db51232e3ba2a | HTTP GET /api/hostel/rooms responded 200 in 149.5319 ms
2026-04-21 23:13:07.822 +05:30 [INF] Serilog.AspNetCore.RequestLoggingMiddleware | CorrelationId:04f393a143a24de2b021a26b1b972199 | HTTP GET /api/hostel/rooms responded 200 in 169.0713 ms
2026-04-21 23:13:11.357 +05:30 [INF] Serilog.AspNetCore.RequestLoggingMiddleware | CorrelationId:933afd86b4e64b9fac3ba16853d5d0ce | HTTP OPTIONS /api/school-feature-permissions/stats responded 204 in 0.0451 ms
2026-04-21 23:13:11.360 +05:30 [INF] Serilog.AspNetCore.RequestLoggingMiddleware | CorrelationId:707f1329ea9443bbb92463cd04077f82 | HTTP OPTIONS /api/school-feature-permissions/schools/550e8400-e29b-41d4-a716-446655440000 responded 204 in 0.0353 ms
2026-04-21 23:13:11.361 +05:30 [INF] Serilog.AspNetCore.RequestLoggingMiddleware | CorrelationId:7d570f522283438b9c0273fb914f5fa1 | HTTP OPTIONS /api/school-feature-permissions/stats responded 204 in 0.0145 ms
2026-04-21 23:13:11.361 +05:30 [INF] Serilog.AspNetCore.RequestLoggingMiddleware | CorrelationId:3d6ab6118d384cff8f978033304a4287 | HTTP OPTIONS /api/school-feature-permissions/schools/550e8400-e29b-41d4-a716-446655440000 responded 204 in 0.0078 ms
2026-04-21 23:13:11.411 +05:30 [INF] SmsApi.Middleware.LoggingActionFilter | CorrelationId:8d08198964e2405e90aa2c832e047b8b | API Request: GET /api/school-feature-permissions/stats | User: Unknown | School: 00000000-0000-0000-0000-000000000001
2026-04-21 23:13:11.446 +05:30 [INF] SmsApi.Middleware.LoggingActionFilter | CorrelationId:3fea894d52be4eb2922f9d4ee2485c5d | API Request: GET /api/school-feature-permissions/schools/550e8400-e29b-41d4-a716-446655440000 | User: Unknown | School: 00000000-0000-0000-0000-000000000001
2026-04-21 23:13:11.458 +05:30 [INF] SmsApi.Middleware.LoggingActionFilter | CorrelationId:f13b6348e7344683b9ed38196b250686 | API Request: GET /api/school-feature-permissions/stats | User: Unknown | School: 00000000-0000-0000-0000-000000000001
2026-04-21 23:13:11.467 +05:30 [INF] SmsApi.Middleware.LoggingActionFilter | CorrelationId:d16ab151db90422da906f570d865976d | API Request: GET /api/school-feature-permissions/schools/550e8400-e29b-41d4-a716-446655440000 | User: Unknown | School: 00000000-0000-0000-0000-000000000001
2026-04-21 23:13:11.472 +05:30 [INF] SmsApi.Middleware.LoggingActionFilter | CorrelationId:8d08198964e2405e90aa2c832e047b8b | API Response: GET /api/school-feature-permissions/stats | Status: 200 | Duration: 60ms
2026-04-21 23:13:11.479 +05:30 [INF] SmsApi.Middleware.LoggingActionFilter | CorrelationId:3fea894d52be4eb2922f9d4ee2485c5d | API Response: GET /api/school-feature-permissions/schools/550e8400-e29b-41d4-a716-446655440000 | Status: 200 | Duration: 32ms
2026-04-21 23:13:11.487 +05:30 [INF] SmsApi.Middleware.LoggingActionFilter | CorrelationId:f13b6348e7344683b9ed38196b250686 | API Response: GET /api/school-feature-permissions/stats | Status: 200 | Duration: 28ms
2026-04-21 23:13:11.497 +05:30 [INF] Serilog.AspNetCore.RequestLoggingMiddleware | CorrelationId:8d08198964e2405e90aa2c832e047b8b | HTTP GET /api/school-feature-permissions/stats responded 200 in 87.3532 ms
2026-04-21 23:13:11.497 +05:30 [INF] SmsApi.Middleware.LoggingActionFilter | CorrelationId:d16ab151db90422da906f570d865976d | API Response: GET /api/school-feature-permissions/schools/550e8400-e29b-41d4-a716-446655440000 | Status: 200 | Duration: 28ms
2026-04-21 23:13:11.503 +05:30 [INF] Serilog.AspNetCore.RequestLoggingMiddleware | CorrelationId:3fea894d52be4eb2922f9d4ee2485c5d | HTTP GET /api/school-feature-permissions/schools/550e8400-e29b-41d4-a716-446655440000 responded 200 in 58.8357 ms
2026-04-21 23:13:11.524 +05:30 [INF] Serilog.AspNetCore.RequestLoggingMiddleware | CorrelationId:f13b6348e7344683b9ed38196b250686 | HTTP GET /api/school-feature-permissions/stats responded 200 in 70.0955 ms
2026-04-21 23:13:11.547 +05:30 [INF] Serilog.AspNetCore.RequestLoggingMiddleware | CorrelationId:d16ab151db90422da906f570d865976d | HTTP GET /api/school-feature-permissions/schools/550e8400-e29b-41d4-a716-446655440000 responded 200 in 85.2420 ms
2026-04-21 23:13:18.057 +05:30 [INF] Serilog.AspNetCore.RequestLoggingMiddleware | CorrelationId:b3eedeb029dc4259a78dbd7f4c38e118 | HTTP OPTIONS /api/notifications/unread-count responded 204 in 0.0691 ms
2026-04-21 23:13:18.230 +05:30 [INF] SmsApi.Middleware.LoggingActionFilter | CorrelationId:1a476be4c7b94a2195b0b154816a695a | API Request: GET /api/notifications/unread-count | User: Unknown | School: 00000000-0000-0000-0000-000000000001
2026-04-21 23:13:18.240 +05:30 [INF] SmsApi.Middleware.LoggingActionFilter | CorrelationId:1a476be4c7b94a2195b0b154816a695a | API Response: GET /api/notifications/unread-count | Status: 200 | Duration: 10ms
2026-04-21 23:13:18.243 +05:30 [INF] Serilog.AspNetCore.RequestLoggingMiddleware | CorrelationId:1a476be4c7b94a2195b0b154816a695a | HTTP GET /api/notifications/unread-count responded 200 in 14.3840 ms
2026-04-21 23:13:48.785 +05:30 [INF] Serilog.AspNetCore.RequestLoggingMiddleware | CorrelationId:f7f47ca05b4c4c38bc2416721775fc70 | HTTP OPTIONS /api/notifications/unread-count responded 204 in 2.0992 ms
2026-04-21 23:13:50.030 +05:30 [WRN] SmsApi.Infrastructure.Performance.PerformanceMonitoringMiddleware | CorrelationId: | Slow request: OPTIONS /api/notifications/unread-count took 1240ms — status 204.
2026-04-21 23:13:50.153 +05:30 [INF] SmsApi.Middleware.LoggingActionFilter | CorrelationId:d2bb37a2ae7d4494a0d10c87f5d2c4d2 | API Request: GET /api/notifications/unread-count | User: Unknown | School: 00000000-0000-0000-0000-000000000001
2026-04-21 23:13:50.688 +05:30 [INF] SmsApi.Middleware.LoggingActionFilter | CorrelationId:d2bb37a2ae7d4494a0d10c87f5d2c4d2 | API Response: GET /api/notifications/unread-count | Status: 200 | Duration: 536ms
2026-04-21 23:13:50.699 +05:30 [INF] Serilog.AspNetCore.RequestLoggingMiddleware | CorrelationId:d2bb37a2ae7d4494a0d10c87f5d2c4d2 | HTTP GET /api/notifications/unread-count responded 200 in 595.7712 ms
2026-04-21 23:13:50.750 +05:30 [WRN] SmsApi.Infrastructure.Performance.PerformanceMonitoringMiddleware | CorrelationId: | Slow request: GET /api/notifications/unread-count took 595ms — status 200.
2026-04-21 23:14:09.174 +05:30 [INF] Serilog.AspNetCore.RequestLoggingMiddleware | CorrelationId:1903fb50cd7244c392c996a7ee333e28 | HTTP OPTIONS /api/school-feature-permissions/schools/550e8400-e29b-41d4-a716-446655440000/modules/hostel responded 204 in 0.2073 ms
2026-04-21 23:14:09.321 +05:30 [INF] SmsApi.Middleware.LoggingActionFilter | CorrelationId:18c7576a27934f5a8555f5857821760d | API Request: PUT /api/school-feature-permissions/schools/550e8400-e29b-41d4-a716-446655440000/modules/hostel | User: Unknown | School: 00000000-0000-0000-0000-000000000001
2026-04-21 23:14:09.589 +05:30 [INF] SmsApi.Middleware.LoggingActionFilter | CorrelationId:18c7576a27934f5a8555f5857821760d | API Response: PUT /api/school-feature-permissions/schools/550e8400-e29b-41d4-a716-446655440000/modules/hostel | Status: 200 | Duration: 268ms
2026-04-21 23:14:09.770 +05:30 [INF] Serilog.AspNetCore.RequestLoggingMiddleware | CorrelationId:18c7576a27934f5a8555f5857821760d | HTTP PUT /api/school-feature-permissions/schools/550e8400-e29b-41d4-a716-446655440000/modules/hostel responded 200 in 507.4628 ms
2026-04-21 23:14:11.751 +05:30 [INF] Serilog.AspNetCore.RequestLoggingMiddleware | CorrelationId:aa8aa867a3594275b385e5384e369ce5 | HTTP OPTIONS /api/school-feature-permissions/schools/550e8400-e29b-41d4-a716-446655440000/modules/hostel responded 204 in 0.2078 ms
2026-04-21 23:14:11.895 +05:30 [INF] SmsApi.Middleware.LoggingActionFilter | CorrelationId:31a84d6774994d68bc30e3eabfdbe233 | API Request: PUT /api/school-feature-permissions/schools/550e8400-e29b-41d4-a716-446655440000/modules/hostel | User: Unknown | School: 00000000-0000-0000-0000-000000000001
2026-04-21 23:14:12.049 +05:30 [INF] SmsApi.Middleware.LoggingActionFilter | CorrelationId:31a84d6774994d68bc30e3eabfdbe233 | API Response: PUT /api/school-feature-permissions/schools/550e8400-e29b-41d4-a716-446655440000/modules/hostel | Status: 200 | Duration: 154ms
2026-04-21 23:14:12.216 +05:30 [INF] Serilog.AspNetCore.RequestLoggingMiddleware | CorrelationId:31a84d6774994d68bc30e3eabfdbe233 | HTTP PUT /api/school-feature-permissions/schools/550e8400-e29b-41d4-a716-446655440000/modules/hostel responded 200 in 331.2917 ms
2026-04-21 23:14:15.416 +05:30 [INF] Serilog.AspNetCore.RequestLoggingMiddleware | CorrelationId:df6ebaf818f94c5eabcd0438ccd64e16 | HTTP OPTIONS /api/school-feature-permissions/schools/550e8400-e29b-41d4-a716-446655440000/modules/hostel responded 204 in 0.1925 ms
2026-04-21 23:14:15.501 +05:30 [INF] SmsApi.Middleware.LoggingActionFilter | CorrelationId:e6197f4421d64fac8cc93030d176eed0 | API Request: PUT /api/school-feature-permissions/schools/550e8400-e29b-41d4-a716-446655440000/modules/hostel | User: Unknown | School: 00000000-0000-0000-0000-000000000001
2026-04-21 23:14:15.533 +05:30 [INF] SmsApi.Middleware.LoggingActionFilter | CorrelationId:e6197f4421d64fac8cc93030d176eed0 | API Response: PUT /api/school-feature-permissions/schools/550e8400-e29b-41d4-a716-446655440000/modules/hostel | Status: 200 | Duration: 31ms
2026-04-21 23:14:15.542 +05:30 [INF] Serilog.AspNetCore.RequestLoggingMiddleware | CorrelationId:e6197f4421d64fac8cc93030d176eed0 | HTTP PUT /api/school-feature-permissions/schools/550e8400-e29b-41d4-a716-446655440000/modules/hostel responded 200 in 46.3205 ms
2026-04-21 23:14:17.499 +05:30 [INF] Serilog.AspNetCore.RequestLoggingMiddleware | CorrelationId:96ef131fb7b548b0babdd283e915cfd5 | HTTP OPTIONS /api/school-feature-permissions/schools/550e8400-e29b-41d4-a716-446655440000/modules/hostel responded 204 in 0.1943 ms
2026-04-21 23:14:17.604 +05:30 [INF] SmsApi.Middleware.LoggingActionFilter | CorrelationId:1e2de374e8ff483fb8495c89e97628a7 | API Request: PUT /api/school-feature-permissions/schools/550e8400-e29b-41d4-a716-446655440000/modules/hostel | User: Unknown | School: 00000000-0000-0000-0000-000000000001
2026-04-21 23:14:17.649 +05:30 [INF] SmsApi.Middleware.LoggingActionFilter | CorrelationId:1e2de374e8ff483fb8495c89e97628a7 | API Response: PUT /api/school-feature-permissions/schools/550e8400-e29b-41d4-a716-446655440000/modules/hostel | Status: 200 | Duration: 44ms
2026-04-21 23:14:17.672 +05:30 [INF] Serilog.AspNetCore.RequestLoggingMiddleware | CorrelationId:1e2de374e8ff483fb8495c89e97628a7 | HTTP PUT /api/school-feature-permissions/schools/550e8400-e29b-41d4-a716-446655440000/modules/hostel responded 200 in 75.4572 ms
2026-04-21 23:14:20.826 +05:30 [INF] Serilog.AspNetCore.RequestLoggingMiddleware | CorrelationId:a8ba7e3f7a2d44648b52e0411dfd418c | HTTP OPTIONS /api/notifications/unread-count responded 204 in 0.0410 ms
2026-04-21 23:14:20.899 +05:30 [INF] SmsApi.Middleware.LoggingActionFilter | CorrelationId:09cd985670814e9f86e4e4515aaa4c13 | API Request: GET /api/notifications/unread-count | User: Unknown | School: 00000000-0000-0000-0000-000000000001
2026-04-21 23:14:20.923 +05:30 [INF] SmsApi.Middleware.LoggingActionFilter | CorrelationId:09cd985670814e9f86e4e4515aaa4c13 | API Response: GET /api/notifications/unread-count | Status: 200 | Duration: 23ms
2026-04-21 23:14:20.938 +05:30 [INF] Serilog.AspNetCore.RequestLoggingMiddleware | CorrelationId:09cd985670814e9f86e4e4515aaa4c13 | HTTP GET /api/notifications/unread-count responded 200 in 39.2334 ms
2026-04-21 23:14:24.749 +05:30 [INF] Serilog.AspNetCore.RequestLoggingMiddleware | CorrelationId:717bf28cdbf34c9fae6740639d0ccab8 | HTTP OPTIONS /api/school-feature-permissions/schools/550e8400-e29b-41d4-a716-446655440000/modules/hostel responded 204 in 0.0344 ms
2026-04-21 23:14:24.901 +05:30 [INF] SmsApi.Middleware.LoggingActionFilter | CorrelationId:7e0869db57854a51bae160fa2d0d718a | API Request: PUT /api/school-feature-permissions/schools/550e8400-e29b-41d4-a716-446655440000/modules/hostel | User: Unknown | School: 00000000-0000-0000-0000-000000000001
2026-04-21 23:14:24.919 +05:30 [INF] SmsApi.Middleware.LoggingActionFilter | CorrelationId:7e0869db57854a51bae160fa2d0d718a | API Response: PUT /api/school-feature-permissions/schools/550e8400-e29b-41d4-a716-446655440000/modules/hostel | Status: 200 | Duration: 17ms
2026-04-21 23:14:24.949 +05:30 [INF] Serilog.AspNetCore.RequestLoggingMiddleware | CorrelationId:7e0869db57854a51bae160fa2d0d718a | HTTP PUT /api/school-feature-permissions/schools/550e8400-e29b-41d4-a716-446655440000/modules/hostel responded 200 in 48.7541 ms
2026-04-21 23:14:26.341 +05:30 [INF] Serilog.AspNetCore.RequestLoggingMiddleware | CorrelationId:8083e16d3d944cf8aebd8e81ad9f415e | HTTP OPTIONS /api/school-feature-permissions/schools/550e8400-e29b-41d4-a716-446655440000/modules/hostel responded 204 in 0.1091 ms
2026-04-21 23:14:26.608 +05:30 [INF] SmsApi.Middleware.LoggingActionFilter | CorrelationId:5722a7aadfa94ba4a7769e82e2f2bec0 | API Request: PUT /api/school-feature-permissions/schools/550e8400-e29b-41d4-a716-446655440000/modules/hostel | User: Unknown | School: 00000000-0000-0000-0000-000000000001
2026-04-21 23:14:26.735 +05:30 [INF] SmsApi.Middleware.LoggingActionFilter | CorrelationId:5722a7aadfa94ba4a7769e82e2f2bec0 | API Response: PUT /api/school-feature-permissions/schools/550e8400-e29b-41d4-a716-446655440000/modules/hostel | Status: 200 | Duration: 126ms
2026-04-21 23:14:27.021 +05:30 [INF] Serilog.AspNetCore.RequestLoggingMiddleware | CorrelationId:5722a7aadfa94ba4a7769e82e2f2bec0 | HTTP PUT /api/school-feature-permissions/schools/550e8400-e29b-41d4-a716-446655440000/modules/hostel responded 200 in 428.7455 ms
2026-04-21 23:14:28.392 +05:30 [INF] Serilog.AspNetCore.RequestLoggingMiddleware | CorrelationId:2818fa96571c4bacb0adfc2a6ab11c98 | HTTP OPTIONS /api/school-feature-permissions/schools/550e8400-e29b-41d4-a716-446655440000/modules/hostel responded 204 in 0.1988 ms
2026-04-21 23:14:29.037 +05:30 [WRN] SmsApi.Infrastructure.Performance.PerformanceMonitoringMiddleware | CorrelationId: | Slow request: OPTIONS /api/school-feature-permissions/schools/550e8400-e29b-41d4-a716-446655440000/modules/hostel took 645ms — status 204.
2026-04-21 23:14:29.517 +05:30 [INF] SmsApi.Middleware.LoggingActionFilter | CorrelationId:621b7d8d252348c0ae640876c19de014 | API Request: PUT /api/school-feature-permissions/schools/550e8400-e29b-41d4-a716-446655440000/modules/hostel | User: Unknown | School: 00000000-0000-0000-0000-000000000001
2026-04-21 23:14:29.592 +05:30 [INF] SmsApi.Middleware.LoggingActionFilter | CorrelationId:621b7d8d252348c0ae640876c19de014 | API Response: PUT /api/school-feature-permissions/schools/550e8400-e29b-41d4-a716-446655440000/modules/hostel | Status: 200 | Duration: 74ms
2026-04-21 23:14:29.625 +05:30 [INF] Serilog.AspNetCore.RequestLoggingMiddleware | CorrelationId:621b7d8d252348c0ae640876c19de014 | HTTP PUT /api/school-feature-permissions/schools/550e8400-e29b-41d4-a716-446655440000/modules/hostel responded 200 in 117.6123 ms
2026-04-21 23:14:31.381 +05:30 [INF] Serilog.AspNetCore.RequestLoggingMiddleware | CorrelationId:ca7c016caac54c17953e265c25d03d15 | HTTP OPTIONS /api/school-feature-permissions/schools/550e8400-e29b-41d4-a716-446655440000/modules/hostel responded 204 in 0.0396 ms
2026-04-21 23:14:31.387 +05:30 [INF] SmsApi.Middleware.LoggingActionFilter | CorrelationId:212691f75ef546d0bea98d49f4fd3715 | API Request: PUT /api/school-feature-permissions/schools/550e8400-e29b-41d4-a716-446655440000/modules/hostel | User: Unknown | School: 00000000-0000-0000-0000-000000000001
2026-04-21 23:14:31.428 +05:30 [INF] SmsApi.Middleware.LoggingActionFilter | CorrelationId:212691f75ef546d0bea98d49f4fd3715 | API Response: PUT /api/school-feature-permissions/schools/550e8400-e29b-41d4-a716-446655440000/modules/hostel | Status: 200 | Duration: 41ms
2026-04-21 23:14:31.464 +05:30 [INF] Serilog.AspNetCore.RequestLoggingMiddleware | CorrelationId:212691f75ef546d0bea98d49f4fd3715 | HTTP PUT /api/school-feature-permissions/schools/550e8400-e29b-41d4-a716-446655440000/modules/hostel responded 200 in 78.6448 ms
2026-04-21 23:14:35.276 +05:30 [INF] Serilog.AspNetCore.RequestLoggingMiddleware | CorrelationId:f97b7d2334884ec3aed83344d313265c | HTTP OPTIONS /api/school-feature-permissions/stats responded 204 in 0.0412 ms
2026-04-21 23:14:35.303 +05:30 [INF] SmsApi.Middleware.LoggingActionFilter | CorrelationId:b3d6b705e6a54b95a703490c8897d430 | API Request: GET /api/school-feature-permissions/stats | User: Unknown | School: 00000000-0000-0000-0000-000000000001
2026-04-21 23:14:35.486 +05:30 [INF] SmsApi.Middleware.LoggingActionFilter | CorrelationId:b3d6b705e6a54b95a703490c8897d430 | API Response: GET /api/school-feature-permissions/stats | Status: 200 | Duration: 183ms
2026-04-21 23:14:35.490 +05:30 [INF] Serilog.AspNetCore.RequestLoggingMiddleware | CorrelationId:b3d6b705e6a54b95a703490c8897d430 | HTTP GET /api/school-feature-permissions/stats responded 200 in 188.5078 ms
2026-04-21 23:14:38.156 +05:30 [INF] Serilog.AspNetCore.RequestLoggingMiddleware | CorrelationId:be557642970a476a99a514e7a49aec86 | HTTP OPTIONS /api/school-feature-permissions/stats responded 204 in 0.0645 ms
2026-04-21 23:14:38.175 +05:30 [INF] SmsApi.Middleware.LoggingActionFilter | CorrelationId:40cc973c6163472781ecf048deec9926 | API Request: GET /api/school-feature-permissions/stats | User: Unknown | School: 00000000-0000-0000-0000-000000000001
2026-04-21 23:14:38.187 +05:30 [INF] SmsApi.Middleware.LoggingActionFilter | CorrelationId:40cc973c6163472781ecf048deec9926 | API Response: GET /api/school-feature-permissions/stats | Status: 200 | Duration: 12ms
2026-04-21 23:14:38.200 +05:30 [INF] Serilog.AspNetCore.RequestLoggingMiddleware | CorrelationId:40cc973c6163472781ecf048deec9926 | HTTP GET /api/school-feature-permissions/stats responded 200 in 26.2500 ms
2026-04-21 23:14:50.997 +05:30 [INF] Serilog.AspNetCore.RequestLoggingMiddleware | CorrelationId:57ebddfbe182480aba4c894045ef2bdb | HTTP OPTIONS /api/notifications/unread-count responded 204 in 0.0977 ms
2026-04-21 23:14:51.167 +05:30 [INF] SmsApi.Middleware.LoggingActionFilter | CorrelationId:9e90432cee474332b0b8e925bedfa6a2 | API Request: GET /api/notifications/unread-count | User: Unknown | School: 00000000-0000-0000-0000-000000000001
2026-04-21 23:14:51.194 +05:30 [INF] SmsApi.Middleware.LoggingActionFilter | CorrelationId:9e90432cee474332b0b8e925bedfa6a2 | API Response: GET /api/notifications/unread-count | Status: 200 | Duration: 26ms
2026-04-21 23:14:51.201 +05:30 [INF] Serilog.AspNetCore.RequestLoggingMiddleware | CorrelationId:9e90432cee474332b0b8e925bedfa6a2 | HTTP GET /api/notifications/unread-count responded 200 in 34.9854 ms
2026-04-21 23:15:21.245 +05:30 [INF] Serilog.AspNetCore.RequestLoggingMiddleware | CorrelationId:ea4c44aff206470b82785acbde97896e | HTTP OPTIONS /api/notifications/unread-count responded 204 in 0.2160 ms
2026-04-21 23:15:21.255 +05:30 [INF] SmsApi.Middleware.LoggingActionFilter | CorrelationId:228f09feb04a42d8a4629b272a7a9423 | API Request: GET /api/notifications/unread-count | User: Unknown | School: 00000000-0000-0000-0000-000000000001
2026-04-21 23:15:21.437 +05:30 [INF] SmsApi.Middleware.LoggingActionFilter | CorrelationId:228f09feb04a42d8a4629b272a7a9423 | API Response: GET /api/notifications/unread-count | Status: 200 | Duration: 182ms
2026-04-21 23:15:21.439 +05:30 [INF] Serilog.AspNetCore.RequestLoggingMiddleware | CorrelationId:228f09feb04a42d8a4629b272a7a9423 | HTTP GET /api/notifications/unread-count responded 200 in 187.9420 ms
2026-04-21 23:15:36.426 +05:30 [INF] Serilog.AspNetCore.RequestLoggingMiddleware | CorrelationId:eb9fbd661ffc4beb994f27ab00d34b88 | HTTP OPTIONS /api/school-feature-permissions/stats responded 204 in 0.1390 ms
2026-04-21 23:15:36.426 +05:30 [INF] Serilog.AspNetCore.RequestLoggingMiddleware | CorrelationId:bfc8ed700b114f97ab123886c38642d6 | HTTP OPTIONS /api/school-feature-permissions/stats responded 204 in 0.2601 ms
2026-04-21 23:15:37.793 +05:30 [WRN] SmsApi.Infrastructure.Performance.PerformanceMonitoringMiddleware | CorrelationId: | Slow request: OPTIONS /api/school-feature-permissions/stats took 1366ms — status 204.
2026-04-21 23:15:38.136 +05:30 [WRN] SmsApi.Infrastructure.Performance.PerformanceMonitoringMiddleware | CorrelationId: | Slow request: OPTIONS /api/school-feature-permissions/stats took 1710ms — status 204.
2026-04-21 23:15:39.107 +05:30 [INF] Serilog.AspNetCore.RequestLoggingMiddleware | CorrelationId:02cb8d607f2640a9a146f80ff916ce06 | HTTP OPTIONS /api/academics/academic-years responded 204 in 0.3528 ms
2026-04-21 23:15:39.130 +05:30 [INF] Serilog.AspNetCore.RequestLoggingMiddleware | CorrelationId:af86ba17ce1f43cabf55dd8d1b98cd88 | HTTP OPTIONS /api/academics/academic-years responded 204 in 0.0382 ms
2026-04-21 23:15:39.752 +05:30 [WRN] SmsApi.Infrastructure.Performance.PerformanceMonitoringMiddleware | CorrelationId: | Slow request: OPTIONS /api/academics/academic-years took 646ms — status 204.
2026-04-21 23:15:39.834 +05:30 [WRN] SmsApi.Infrastructure.Performance.PerformanceMonitoringMiddleware | CorrelationId: | Slow request: OPTIONS /api/academics/academic-years took 704ms — status 204.
2026-04-21 23:15:39.963 +05:30 [INF] Serilog.AspNetCore.RequestLoggingMiddleware | CorrelationId:2d3cfcde8eeb4476b89be1127a58292b | HTTP GET /api/academics/academic-years responded 401 in 21.1803 ms
2026-04-21 23:15:39.963 +05:30 [INF] Serilog.AspNetCore.RequestLoggingMiddleware | CorrelationId:2cd72b9465c2481c8315711609171a67 | HTTP GET /api/academics/academic-years responded 401 in 12.3970 ms
2026-04-21 23:15:41.829 +05:30 [INF] Serilog.AspNetCore.RequestLoggingMiddleware | CorrelationId:4631776f60b848108801571cc5e2a650 | HTTP OPTIONS /api/auth/login responded 204 in 0.1566 ms
2026-04-21 23:15:42.155 +05:30 [INF] SmsApi.Middleware.LoggingActionFilter | CorrelationId:a279fc01db5243399590a92f4fa443b0 | API Request: POST /api/auth/login | User: Unknown | School: Unknown
2026-04-21 23:15:43.795 +05:30 [INF] SmsApi.Controllers.AuthController | CorrelationId:a279fc01db5243399590a92f4fa443b0 | Login successful for admin (SchoolId: "550e8400-e29b-41d4-a716-446655440000")
2026-04-21 23:15:43.806 +05:30 [INF] SmsApi.Middleware.LoggingActionFilter | CorrelationId:a279fc01db5243399590a92f4fa443b0 | API Response: POST /api/auth/login | Status: 200 | Duration: 1651ms
2026-04-21 23:15:43.869 +05:30 [INF] Serilog.AspNetCore.RequestLoggingMiddleware | CorrelationId:a279fc01db5243399590a92f4fa443b0 | HTTP POST /api/auth/login responded 200 in 1735.3630 ms
2026-04-21 23:15:44.212 +05:30 [WRN] SmsApi.Infrastructure.Performance.PerformanceMonitoringMiddleware | CorrelationId: | Slow request: POST /api/auth/login took 1723ms — status 200.
2026-04-21 23:15:45.073 +05:30 [INF] Serilog.AspNetCore.RequestLoggingMiddleware | CorrelationId:439c52505ea44120803ecd3ef475949d | HTTP OPTIONS /api/settings/school/me responded 204 in 0.1764 ms
2026-04-21 23:15:46.143 +05:30 [INF] Serilog.AspNetCore.RequestLoggingMiddleware | CorrelationId:5a04079fec1043f1b7c101d3b9db04e7 | HTTP OPTIONS /api/academics/academic-years responded 204 in 0.0530 ms
2026-04-21 23:15:46.144 +05:30 [INF] Serilog.AspNetCore.RequestLoggingMiddleware | CorrelationId:234263f4d9fd40efa4ab46a8976c797a | HTTP OPTIONS /api/academics/academic-years responded 204 in 0.0152 ms
2026-04-21 23:15:46.146 +05:30 [INF] Serilog.AspNetCore.RequestLoggingMiddleware | CorrelationId:9176588544af454a9e51203b7b62ae9e | HTTP OPTIONS /api/settings/school/me responded 204 in 0.0400 ms
2026-04-21 23:15:46.651 +05:30 [INF] Serilog.AspNetCore.RequestLoggingMiddleware | CorrelationId:d3413e9c22354d908e974cf0b6ebe5a1 | HTTP OPTIONS /api/notifications/unread-count responded 204 in 0.2848 ms
2026-04-21 23:15:46.742 +05:30 [INF] Serilog.AspNetCore.RequestLoggingMiddleware | CorrelationId:8097acca78204fa18118b8b4c4a3b1ba | HTTP OPTIONS /api/analytics/dashboard/summary responded 204 in 0.0354 ms
2026-04-21 23:15:46.768 +05:30 [INF] Serilog.AspNetCore.RequestLoggingMiddleware | CorrelationId:47495315f5ab412a8347fb1aff9eae48 | HTTP OPTIONS /api/analytics/dashboard/summary responded 204 in 0.0457 ms
2026-04-21 23:15:47.045 +05:30 [WRN] SmsApi.Infrastructure.Performance.PerformanceMonitoringMiddleware | CorrelationId: | Slow request: OPTIONS /api/academics/academic-years took 900ms — status 204.
2026-04-21 23:15:47.083 +05:30 [WRN] SmsApi.Infrastructure.Performance.PerformanceMonitoringMiddleware | CorrelationId: | Slow request: OPTIONS /api/academics/academic-years took 939ms — status 204.
2026-04-21 23:15:47.154 +05:30 [WRN] SmsApi.Infrastructure.Performance.PerformanceMonitoringMiddleware | CorrelationId: | Slow request: OPTIONS /api/settings/school/me took 1008ms — status 204.
2026-04-21 23:15:47.233 +05:30 [WRN] SmsApi.Infrastructure.Performance.PerformanceMonitoringMiddleware | CorrelationId: | Slow request: OPTIONS /api/notifications/unread-count took 583ms — status 204.
2026-04-21 23:15:47.325 +05:30 [INF] SmsApi.Middleware.LoggingActionFilter | CorrelationId:6fb2d86a4e934f1e91eb7021b660a610 | API Request: GET /api/analytics/dashboard/summary | User: Unknown | School: 550e8400-e29b-41d4-a716-446655440000
2026-04-21 23:15:47.384 +05:30 [INF] SmsApi.Middleware.LoggingActionFilter | CorrelationId:0b373e88bae64281879618d63a107ee0 | API Request: GET /api/academics/academic-years | User: Unknown | School: 550e8400-e29b-41d4-a716-446655440000
2026-04-21 23:15:47.452 +05:30 [INF] SmsApi.Middleware.LoggingActionFilter | CorrelationId:f299374c6d714530819635dad4124aea | API Request: GET /api/analytics/dashboard/summary | User: Unknown | School: 550e8400-e29b-41d4-a716-446655440000
2026-04-21 23:15:47.467 +05:30 [INF] SmsApi.Middleware.LoggingActionFilter | CorrelationId:bf89d18d04c24717b66304fe3cb52d4a | API Request: GET /api/academics/academic-years | User: Unknown | School: 550e8400-e29b-41d4-a716-446655440000
2026-04-21 23:15:47.532 +05:30 [INF] SmsApi.Middleware.LoggingActionFilter | CorrelationId:f0f3a5c0723a49baa1d3e160d7c62c8c | API Request: GET /api/settings/school/me | User: Unknown | School: 550e8400-e29b-41d4-a716-446655440000
2026-04-21 23:15:47.578 +05:30 [INF] SmsApi.Middleware.LoggingActionFilter | CorrelationId:e338164ebd1a4d88b9ff0abd9f0132ea | API Request: GET /api/notifications/unread-count | User: Unknown | School: 550e8400-e29b-41d4-a716-446655440000
2026-04-21 23:15:47.639 +05:30 [INF] SmsApi.Middleware.LoggingActionFilter | CorrelationId:0b373e88bae64281879618d63a107ee0 | API Response: GET /api/academics/academic-years | Status: 200 | Duration: 255ms
2026-04-21 23:15:47.758 +05:30 [INF] SmsApi.Middleware.LoggingActionFilter | CorrelationId:f0f3a5c0723a49baa1d3e160d7c62c8c | API Response: GET /api/settings/school/me | Status: 200 | Duration: 225ms
2026-04-21 23:15:47.760 +05:30 [INF] SmsApi.Middleware.LoggingActionFilter | CorrelationId:6fb2d86a4e934f1e91eb7021b660a610 | API Response: GET /api/analytics/dashboard/summary | Status: 200 | Duration: 435ms
2026-04-21 23:15:47.776 +05:30 [INF] SmsApi.Middleware.LoggingActionFilter | CorrelationId:f299374c6d714530819635dad4124aea | API Response: GET /api/analytics/dashboard/summary | Status: 200 | Duration: 323ms
2026-04-21 23:15:47.822 +05:30 [INF] Serilog.AspNetCore.RequestLoggingMiddleware | CorrelationId:0b373e88bae64281879618d63a107ee0 | HTTP GET /api/academics/academic-years responded 200 in 459.6571 ms
2026-04-21 23:15:47.855 +05:30 [INF] Serilog.AspNetCore.RequestLoggingMiddleware | CorrelationId:f0f3a5c0723a49baa1d3e160d7c62c8c | HTTP GET /api/settings/school/me responded 200 in 323.4449 ms
2026-04-21 23:15:47.890 +05:30 [INF] Serilog.AspNetCore.RequestLoggingMiddleware | CorrelationId:6fb2d86a4e934f1e91eb7021b660a610 | HTTP GET /api/analytics/dashboard/summary responded 200 in 639.6150 ms
2026-04-21 23:15:47.946 +05:30 [INF] Serilog.AspNetCore.RequestLoggingMiddleware | CorrelationId:f299374c6d714530819635dad4124aea | HTTP GET /api/analytics/dashboard/summary responded 200 in 685.2999 ms
2026-04-21 23:15:48.001 +05:30 [INF] SmsApi.Middleware.LoggingActionFilter | CorrelationId:e338164ebd1a4d88b9ff0abd9f0132ea | API Response: GET /api/notifications/unread-count | Status: 200 | Duration: 422ms
2026-04-21 23:15:48.096 +05:30 [INF] SmsApi.Middleware.LoggingActionFilter | CorrelationId:bf89d18d04c24717b66304fe3cb52d4a | API Response: GET /api/academics/academic-years | Status: 200 | Duration: 629ms
2026-04-21 23:15:48.385 +05:30 [WRN] SmsApi.Infrastructure.Performance.PerformanceMonitoringMiddleware | CorrelationId: | Slow request: GET /api/analytics/dashboard/summary took 639ms — status 200.
2026-04-21 23:15:48.442 +05:30 [WRN] SmsApi.Infrastructure.Performance.PerformanceMonitoringMiddleware | CorrelationId: | Slow request: GET /api/analytics/dashboard/summary took 685ms — status 200.
2026-04-21 23:15:48.480 +05:30 [INF] Serilog.AspNetCore.RequestLoggingMiddleware | CorrelationId:e338164ebd1a4d88b9ff0abd9f0132ea | HTTP GET /api/notifications/unread-count responded 200 in 903.8271 ms
2026-04-21 23:15:48.600 +05:30 [WRN] SmsApi.Infrastructure.Performance.PerformanceMonitoringMiddleware | CorrelationId: | Slow request: GET /api/notifications/unread-count took 904ms — status 200.
2026-04-21 23:15:48.529 +05:30 [INF] Serilog.AspNetCore.RequestLoggingMiddleware | CorrelationId:bf89d18d04c24717b66304fe3cb52d4a | HTTP GET /api/academics/academic-years responded 200 in 1062.7134 ms
2026-04-21 23:15:48.799 +05:30 [WRN] SmsApi.Infrastructure.Performance.PerformanceMonitoringMiddleware | CorrelationId: | Slow request: GET /api/academics/academic-years took 1062ms — status 200.
2026-04-21 23:16:06.069 +05:30 [INF] Serilog.AspNetCore.RequestLoggingMiddleware | CorrelationId:24ef7a85a6cc4fbb8695a10d2c0ba8c3 | HTTP OPTIONS /api/academics/academic-years responded 204 in 0.9082 ms
2026-04-21 23:16:06.121 +05:30 [INF] Serilog.AspNetCore.RequestLoggingMiddleware | CorrelationId:65b5f6b779c94b00ab609ac004b0f205 | HTTP OPTIONS /api/academics/academic-years responded 204 in 0.2870 ms
2026-04-21 23:16:06.280 +05:30 [INF] Serilog.AspNetCore.RequestLoggingMiddleware | CorrelationId:471b99c710eb4b11badec5ab12528f88 | HTTP GET /api/academics/academic-years responded 401 in 4.1750 ms
2026-04-21 23:16:06.289 +05:30 [INF] Serilog.AspNetCore.RequestLoggingMiddleware | CorrelationId:d22e6ff5540f44c2b020aa2f39dada6e | HTTP GET /api/academics/academic-years responded 401 in 0.1314 ms
2026-04-21 23:16:10.896 +05:30 [INF] Serilog.AspNetCore.RequestLoggingMiddleware | CorrelationId:3c57bba5dcc541d0a57379bbce529ac8 | HTTP OPTIONS /api/auth/login responded 204 in 0.0513 ms
2026-04-21 23:16:11.336 +05:30 [INF] SmsApi.Middleware.LoggingActionFilter | CorrelationId:da275235794e4f329368dfb1887306a1 | API Request: POST /api/auth/login | User: Unknown | School: Unknown
2026-04-21 23:16:12.235 +05:30 [INF] SmsApi.Controllers.AuthController | CorrelationId:da275235794e4f329368dfb1887306a1 | Login successful for superadmin (SchoolId: "00000000-0000-0000-0000-000000000001")
2026-04-21 23:16:12.245 +05:30 [INF] SmsApi.Middleware.LoggingActionFilter | CorrelationId:da275235794e4f329368dfb1887306a1 | API Response: POST /api/auth/login | Status: 200 | Duration: 909ms
2026-04-21 23:16:12.257 +05:30 [INF] Serilog.AspNetCore.RequestLoggingMiddleware | CorrelationId:da275235794e4f329368dfb1887306a1 | HTTP POST /api/auth/login responded 200 in 925.8210 ms
2026-04-21 23:16:12.287 +05:30 [WRN] SmsApi.Infrastructure.Performance.PerformanceMonitoringMiddleware | CorrelationId: | Slow request: POST /api/auth/login took 919ms — status 200.
2026-04-21 23:16:12.516 +05:30 [INF] Serilog.AspNetCore.RequestLoggingMiddleware | CorrelationId:0d44733282f44dd5b6e3fc411b57e248 | HTTP OPTIONS /api/settings/school/me responded 204 in 0.0647 ms
2026-04-21 23:16:13.616 +05:30 [INF] Serilog.AspNetCore.RequestLoggingMiddleware | CorrelationId:775a1a600a904e928b5e92cd6a3cf058 | HTTP OPTIONS /api/academics/academic-years responded 204 in 0.0604 ms
2026-04-21 23:16:13.646 +05:30 [INF] Serilog.AspNetCore.RequestLoggingMiddleware | CorrelationId:3828ddbfa8654ffea4e761eb206a2a88 | HTTP OPTIONS /api/academics/academic-years responded 204 in 0.1362 ms
2026-04-21 23:16:13.650 +05:30 [INF] Serilog.AspNetCore.RequestLoggingMiddleware | CorrelationId:bf571bb06730470d94d643ba911aff28 | HTTP OPTIONS /api/settings/school/me responded 204 in 0.0509 ms
2026-04-21 23:16:13.848 +05:30 [INF] Serilog.AspNetCore.RequestLoggingMiddleware | CorrelationId:e877e5394d4b431a9686c5042e636902 | HTTP OPTIONS /api/notifications/unread-count responded 204 in 0.0388 ms
2026-04-21 23:16:14.004 +05:30 [INF] Serilog.AspNetCore.RequestLoggingMiddleware | CorrelationId:94c6bb38372f454bbe1c3bc4875cac4f | HTTP OPTIONS /api/school-feature-permissions/stats responded 204 in 0.0366 ms
2026-04-21 23:16:14.021 +05:30 [INF] Serilog.AspNetCore.RequestLoggingMiddleware | CorrelationId:ac6edd20775d4512ad5a7d39575fca69 | HTTP OPTIONS /api/school-feature-permissions/schools/550e8400-e29b-41d4-a716-446655440000 responded 204 in 0.0449 ms
2026-04-21 23:16:14.039 +05:30 [INF] Serilog.AspNetCore.RequestLoggingMiddleware | CorrelationId:fc1c17b3c82c4a9f8f9e052bce45feda | HTTP OPTIONS /api/school-feature-permissions/schools responded 204 in 0.1467 ms
2026-04-21 23:16:14.063 +05:30 [INF] Serilog.AspNetCore.RequestLoggingMiddleware | CorrelationId:10a4d2ea73b8455fb8a830536a454c64 | HTTP OPTIONS /api/school-feature-permissions/stats responded 204 in 0.0554 ms
2026-04-21 23:16:14.063 +05:30 [INF] Serilog.AspNetCore.RequestLoggingMiddleware | CorrelationId:1904c7d75535483e9bd4e6ff18f4c040 | HTTP OPTIONS /api/school-feature-permissions/schools/550e8400-e29b-41d4-a716-446655440000 responded 204 in 0.0292 ms
2026-04-21 23:16:14.074 +05:30 [INF] Serilog.AspNetCore.RequestLoggingMiddleware | CorrelationId:133a51880e7a475f950a2f334bdef0b1 | HTTP OPTIONS /api/school-feature-permissions/schools responded 204 in 0.1317 ms
2026-04-21 23:16:14.081 +05:30 [INF] SmsApi.Middleware.LoggingActionFilter | CorrelationId:7e14b08ecdfb471db04c71783387bf06 | API Request: GET /api/academics/academic-years | User: Unknown | School: 00000000-0000-0000-0000-000000000001
2026-04-21 23:16:14.092 +05:30 [INF] SmsApi.Middleware.LoggingActionFilter | CorrelationId:a0e9d144c5ad457c8c82f73ba4ac4611 | API Request: GET /api/settings/school/me | User: Unknown | School: 00000000-0000-0000-0000-000000000001
2026-04-21 23:16:14.124 +05:30 [INF] SmsApi.Middleware.LoggingActionFilter | CorrelationId:2dee39a8e321443aa679df78d6ce96b1 | API Request: GET /api/academics/academic-years | User: Unknown | School: 00000000-0000-0000-0000-000000000001
2026-04-21 23:16:14.148 +05:30 [INF] SmsApi.Middleware.LoggingActionFilter | CorrelationId:4099211f16004c76ad7818b369056e82 | API Request: GET /api/notifications/unread-count | User: Unknown | School: 00000000-0000-0000-0000-000000000001
2026-04-21 23:16:14.167 +05:30 [INF] SmsApi.Middleware.LoggingActionFilter | CorrelationId:8c51e6bd0e2d45a7907d7ee54b2fe581 | API Request: GET /api/school-feature-permissions/stats | User: Unknown | School: 00000000-0000-0000-0000-000000000001
2026-04-21 23:16:14.175 +05:30 [INF] SmsApi.Middleware.LoggingActionFilter | CorrelationId:f2545e064e8d4563a4796d089aa580dc | API Request: GET /api/school-feature-permissions/schools/550e8400-e29b-41d4-a716-446655440000 | User: Unknown | School: 00000000-0000-0000-0000-000000000001
2026-04-21 23:16:14.198 +05:30 [INF] SmsApi.Middleware.LoggingActionFilter | CorrelationId:7e14b08ecdfb471db04c71783387bf06 | API Response: GET /api/academics/academic-years | Status: 200 | Duration: 116ms
2026-04-21 23:16:14.216 +05:30 [INF] SmsApi.Middleware.LoggingActionFilter | CorrelationId:a0e9d144c5ad457c8c82f73ba4ac4611 | API Response: GET /api/settings/school/me | Status: 200 | Duration: 123ms
2026-04-21 23:16:14.228 +05:30 [INF] SmsApi.Middleware.LoggingActionFilter | CorrelationId:2dee39a8e321443aa679df78d6ce96b1 | API Response: GET /api/academics/academic-years | Status: 200 | Duration: 104ms
2026-04-21 23:16:14.238 +05:30 [INF] SmsApi.Middleware.LoggingActionFilter | CorrelationId:4099211f16004c76ad7818b369056e82 | API Response: GET /api/notifications/unread-count | Status: 200 | Duration: 90ms
2026-04-21 23:16:14.260 +05:30 [INF] Serilog.AspNetCore.RequestLoggingMiddleware | CorrelationId:7e14b08ecdfb471db04c71783387bf06 | HTTP GET /api/academics/academic-years responded 200 in 183.7922 ms
2026-04-21 23:16:14.262 +05:30 [INF] Serilog.AspNetCore.RequestLoggingMiddleware | CorrelationId:a0e9d144c5ad457c8c82f73ba4ac4611 | HTTP GET /api/settings/school/me responded 200 in 172.1674 ms
2026-04-21 23:16:14.271 +05:30 [INF] SmsApi.Middleware.LoggingActionFilter | CorrelationId:f2545e064e8d4563a4796d089aa580dc | API Response: GET /api/school-feature-permissions/schools/550e8400-e29b-41d4-a716-446655440000 | Status: 200 | Duration: 96ms
2026-04-21 23:16:14.277 +05:30 [INF] Serilog.AspNetCore.RequestLoggingMiddleware | CorrelationId:2dee39a8e321443aa679df78d6ce96b1 | HTTP GET /api/academics/academic-years responded 200 in 153.5114 ms
2026-04-21 23:16:14.281 +05:30 [INF] Serilog.AspNetCore.RequestLoggingMiddleware | CorrelationId:4099211f16004c76ad7818b369056e82 | HTTP GET /api/notifications/unread-count responded 200 in 141.8186 ms
2026-04-21 23:16:14.288 +05:30 [INF] SmsApi.Middleware.LoggingActionFilter | CorrelationId:8c51e6bd0e2d45a7907d7ee54b2fe581 | API Response: GET /api/school-feature-permissions/stats | Status: 200 | Duration: 120ms
2026-04-21 23:16:14.344 +05:30 [INF] SmsApi.Middleware.LoggingActionFilter | CorrelationId:ed042cd2bcbe4341906cd22ee6c08a04 | API Request: GET /api/school-feature-permissions/schools | User: Unknown | School: 00000000-0000-0000-0000-000000000001
2026-04-21 23:16:14.353 +05:30 [INF] SmsApi.Middleware.LoggingActionFilter | CorrelationId:a219c7cdc2cd4aed882b41d7fce655cf | API Request: GET /api/school-feature-permissions/stats | User: Unknown | School: 00000000-0000-0000-0000-000000000001
2026-04-21 23:16:14.385 +05:30 [INF] Serilog.AspNetCore.RequestLoggingMiddleware | CorrelationId:f2545e064e8d4563a4796d089aa580dc | HTTP GET /api/school-feature-permissions/schools/550e8400-e29b-41d4-a716-446655440000 responded 200 in 211.5264 ms
2026-04-21 23:16:14.420 +05:30 [INF] SmsApi.Middleware.LoggingActionFilter | CorrelationId:04bf1f2efa8f48528e0749cabcdad271 | API Request: GET /api/school-feature-permissions/schools/550e8400-e29b-41d4-a716-446655440000 | User: Unknown | School: 00000000-0000-0000-0000-000000000001
2026-04-21 23:16:14.451 +05:30 [INF] SmsApi.Middleware.LoggingActionFilter | CorrelationId:cb15e113904f45b48c28f2c01e91c16b | API Request: GET /api/school-feature-permissions/schools | User: Unknown | School: 00000000-0000-0000-0000-000000000001
2026-04-21 23:16:14.464 +05:30 [INF] Serilog.AspNetCore.RequestLoggingMiddleware | CorrelationId:8c51e6bd0e2d45a7907d7ee54b2fe581 | HTTP GET /api/school-feature-permissions/stats responded 200 in 297.6588 ms
2026-04-21 23:16:14.500 +05:30 [INF] SmsApi.Middleware.LoggingActionFilter | CorrelationId:ed042cd2bcbe4341906cd22ee6c08a04 | API Response: GET /api/school-feature-permissions/schools | Status: 200 | Duration: 156ms
2026-04-21 23:16:14.516 +05:30 [INF] SmsApi.Middleware.LoggingActionFilter | CorrelationId:a219c7cdc2cd4aed882b41d7fce655cf | API Response: GET /api/school-feature-permissions/stats | Status: 200 | Duration: 163ms
2026-04-21 23:16:14.536 +05:30 [INF] SmsApi.Middleware.LoggingActionFilter | CorrelationId:04bf1f2efa8f48528e0749cabcdad271 | API Response: GET /api/school-feature-permissions/schools/550e8400-e29b-41d4-a716-446655440000 | Status: 200 | Duration: 115ms
2026-04-21 23:16:14.538 +05:30 [INF] SmsApi.Middleware.LoggingActionFilter | CorrelationId:cb15e113904f45b48c28f2c01e91c16b | API Response: GET /api/school-feature-permissions/schools | Status: 200 | Duration: 86ms
2026-04-21 23:16:14.579 +05:30 [INF] Serilog.AspNetCore.RequestLoggingMiddleware | CorrelationId:cb15e113904f45b48c28f2c01e91c16b | HTTP GET /api/school-feature-permissions/schools responded 200 in 134.3116 ms
2026-04-21 23:16:14.557 +05:30 [INF] Serilog.AspNetCore.RequestLoggingMiddleware | CorrelationId:ed042cd2bcbe4341906cd22ee6c08a04 | HTTP GET /api/school-feature-permissions/schools responded 200 in 214.3025 ms
2026-04-21 23:16:14.563 +05:30 [INF] Serilog.AspNetCore.RequestLoggingMiddleware | CorrelationId:a219c7cdc2cd4aed882b41d7fce655cf | HTTP GET /api/school-feature-permissions/stats responded 200 in 211.1673 ms
2026-04-21 23:16:14.571 +05:30 [INF] Serilog.AspNetCore.RequestLoggingMiddleware | CorrelationId:04bf1f2efa8f48528e0749cabcdad271 | HTTP GET /api/school-feature-permissions/schools/550e8400-e29b-41d4-a716-446655440000 responded 200 in 151.2397 ms
2026-04-21 23:16:18.135 +05:30 [INF] Serilog.AspNetCore.RequestLoggingMiddleware | CorrelationId:5837e8f5f23944f9b437a5d37a61f843 | HTTP OPTIONS /api/school-feature-permissions/schools/550e8400-e29b-41d4-a716-446655440000/modules/hostel responded 204 in 0.2695 ms
2026-04-21 23:16:18.197 +05:30 [INF] SmsApi.Middleware.LoggingActionFilter | CorrelationId:16d3b09d48854a09b2b4a2ed800662a0 | API Request: PUT /api/school-feature-permissions/schools/550e8400-e29b-41d4-a716-446655440000/modules/hostel | User: Unknown | School: 00000000-0000-0000-0000-000000000001
2026-04-21 23:16:18.217 +05:30 [INF] SmsApi.Middleware.LoggingActionFilter | CorrelationId:16d3b09d48854a09b2b4a2ed800662a0 | API Response: PUT /api/school-feature-permissions/schools/550e8400-e29b-41d4-a716-446655440000/modules/hostel | Status: 200 | Duration: 19ms
2026-04-21 23:16:18.229 +05:30 [INF] Serilog.AspNetCore.RequestLoggingMiddleware | CorrelationId:16d3b09d48854a09b2b4a2ed800662a0 | HTTP PUT /api/school-feature-permissions/schools/550e8400-e29b-41d4-a716-446655440000/modules/hostel responded 200 in 33.7160 ms
2026-04-21 23:16:20.712 +05:30 [INF] Serilog.AspNetCore.RequestLoggingMiddleware | CorrelationId:a6d23c0d06674ab887a718e6453f99fe | HTTP OPTIONS /api/school-feature-permissions/schools/550e8400-e29b-41d4-a716-446655440000/modules/health responded 204 in 0.0432 ms
2026-04-21 23:16:20.740 +05:30 [INF] SmsApi.Middleware.LoggingActionFilter | CorrelationId:b94966bf55ae4caca2f358bf19a83537 | API Request: PUT /api/school-feature-permissions/schools/550e8400-e29b-41d4-a716-446655440000/modules/health | User: Unknown | School: 00000000-0000-0000-0000-000000000001
2026-04-21 23:16:20.765 +05:30 [INF] SmsApi.Middleware.LoggingActionFilter | CorrelationId:b94966bf55ae4caca2f358bf19a83537 | API Response: PUT /api/school-feature-permissions/schools/550e8400-e29b-41d4-a716-446655440000/modules/health | Status: 200 | Duration: 24ms
2026-04-21 23:16:20.780 +05:30 [INF] Serilog.AspNetCore.RequestLoggingMiddleware | CorrelationId:b94966bf55ae4caca2f358bf19a83537 | HTTP PUT /api/school-feature-permissions/schools/550e8400-e29b-41d4-a716-446655440000/modules/health responded 200 in 40.3356 ms
2026-04-21 23:16:21.456 +05:30 [INF] Serilog.AspNetCore.RequestLoggingMiddleware | CorrelationId:bd2cb363135e4a0496c5f8e963aa4ca6 | HTTP OPTIONS /api/school-feature-permissions/schools/550e8400-e29b-41d4-a716-446655440000/modules/health responded 204 in 0.0790 ms
2026-04-21 23:16:21.472 +05:30 [INF] SmsApi.Middleware.LoggingActionFilter | CorrelationId:7e35332fd10540418a489345d04d6b8f | API Request: PUT /api/school-feature-permissions/schools/550e8400-e29b-41d4-a716-446655440000/modules/health | User: Unknown | School: 00000000-0000-0000-0000-000000000001
2026-04-21 23:16:21.489 +05:30 [INF] SmsApi.Middleware.LoggingActionFilter | CorrelationId:7e35332fd10540418a489345d04d6b8f | API Response: PUT /api/school-feature-permissions/schools/550e8400-e29b-41d4-a716-446655440000/modules/health | Status: 200 | Duration: 16ms
2026-04-21 23:16:21.496 +05:30 [INF] Serilog.AspNetCore.RequestLoggingMiddleware | CorrelationId:7e35332fd10540418a489345d04d6b8f | HTTP PUT /api/school-feature-permissions/schools/550e8400-e29b-41d4-a716-446655440000/modules/health responded 200 in 26.5932 ms
2026-04-21 23:16:29.482 +05:30 [INF] Serilog.AspNetCore.RequestLoggingMiddleware | CorrelationId:b7bbf3e8759645398d6aa597120aff3e | HTTP OPTIONS /api/school-feature-permissions/stats responded 204 in 0.0416 ms
2026-04-21 23:16:29.482 +05:30 [INF] Serilog.AspNetCore.RequestLoggingMiddleware | CorrelationId:69b2f187e9e24c338f240d5886019c1c | HTTP OPTIONS /api/school-feature-permissions/stats responded 204 in 0.0196 ms
2026-04-21 23:16:30.345 +05:30 [INF] Serilog.AspNetCore.RequestLoggingMiddleware | CorrelationId:93909210b89b4d64a136fff633044462 | HTTP OPTIONS /api/academics/academic-years responded 204 in 0.0641 ms
2026-04-21 23:16:30.349 +05:30 [INF] Serilog.AspNetCore.RequestLoggingMiddleware | CorrelationId:3c3b5ddc5d5d448085885c231b3905b3 | HTTP OPTIONS /api/academics/academic-years responded 204 in 0.0333 ms
2026-04-21 23:16:30.522 +05:30 [INF] Serilog.AspNetCore.RequestLoggingMiddleware | CorrelationId:3bfde876e0904cb092da19b609d2e743 | HTTP GET /api/academics/academic-years responded 401 in 1.2371 ms
2026-04-21 23:16:30.534 +05:30 [INF] Serilog.AspNetCore.RequestLoggingMiddleware | CorrelationId:40a086c10c784c4d96731c946c20c42f | HTTP GET /api/academics/academic-years responded 401 in 0.1929 ms
2026-04-21 23:16:32.391 +05:30 [INF] Serilog.AspNetCore.RequestLoggingMiddleware | CorrelationId:9d4ebdeb0f69437d93badd197462ca8b | HTTP OPTIONS /api/auth/login responded 204 in 0.0390 ms
2026-04-21 23:16:32.442 +05:30 [INF] SmsApi.Middleware.LoggingActionFilter | CorrelationId:807fda6aa8394da0af03ae9355a6a52d | API Request: POST /api/auth/login | User: Unknown | School: Unknown
2026-04-21 23:16:32.980 +05:30 [INF] SmsApi.Controllers.AuthController | CorrelationId:807fda6aa8394da0af03ae9355a6a52d | Login successful for admin (SchoolId: "550e8400-e29b-41d4-a716-446655440000")
2026-04-21 23:16:32.982 +05:30 [INF] SmsApi.Middleware.LoggingActionFilter | CorrelationId:807fda6aa8394da0af03ae9355a6a52d | API Response: POST /api/auth/login | Status: 200 | Duration: 540ms
2026-04-21 23:16:32.989 +05:30 [INF] Serilog.AspNetCore.RequestLoggingMiddleware | CorrelationId:807fda6aa8394da0af03ae9355a6a52d | HTTP POST /api/auth/login responded 200 in 548.4446 ms
2026-04-21 23:16:33.012 +05:30 [WRN] SmsApi.Infrastructure.Performance.PerformanceMonitoringMiddleware | CorrelationId: | Slow request: POST /api/auth/login took 545ms — status 200.
2026-04-21 23:16:33.137 +05:30 [INF] Serilog.AspNetCore.RequestLoggingMiddleware | CorrelationId:927241208a224861b91630b6a4e749e6 | HTTP OPTIONS /api/settings/school/me responded 204 in 0.0389 ms
2026-04-21 23:16:33.859 +05:30 [WRN] SmsApi.Infrastructure.Performance.PerformanceMonitoringMiddleware | CorrelationId: | Slow request: OPTIONS /api/settings/school/me took 722ms — status 204.
2026-04-21 23:16:34.286 +05:30 [INF] Serilog.AspNetCore.RequestLoggingMiddleware | CorrelationId:6d75a9789a4740d4b89fee995ada072f | HTTP OPTIONS /api/academics/academic-years responded 204 in 0.2151 ms
2026-04-21 23:16:34.291 +05:30 [INF] Serilog.AspNetCore.RequestLoggingMiddleware | CorrelationId:ef3b8a9d52fa4d66a5086f734781b0b5 | HTTP OPTIONS /api/settings/school/me responded 204 in 0.0415 ms
2026-04-21 23:16:34.427 +05:30 [INF] Serilog.AspNetCore.RequestLoggingMiddleware | CorrelationId:3c0d5d5106f6483c98f45f892a7bc7e4 | HTTP OPTIONS /api/academics/academic-years responded 204 in 0.0589 ms
2026-04-21 23:16:34.464 +05:30 [INF] SmsApi.Middleware.LoggingActionFilter | CorrelationId:57195864e55a4dc3807064580a701fcd | API Request: GET /api/academics/academic-years | User: Unknown | School: 550e8400-e29b-41d4-a716-446655440000
2026-04-21 23:16:34.577 +05:30 [INF] SmsApi.Middleware.LoggingActionFilter | CorrelationId:bac45d3df3484c988d1f26d61c0b520c | API Request: GET /api/settings/school/me | User: Unknown | School: 550e8400-e29b-41d4-a716-446655440000
2026-04-21 23:16:34.629 +05:30 [INF] SmsApi.Middleware.LoggingActionFilter | CorrelationId:bf27965305f24938858d229be9430f3c | API Request: GET /api/academics/academic-years | User: Unknown | School: 550e8400-e29b-41d4-a716-446655440000
2026-04-21 23:16:34.703 +05:30 [INF] Serilog.AspNetCore.RequestLoggingMiddleware | CorrelationId:4cf60cbdb76b49d49a587bcee978b92b | HTTP OPTIONS /api/notifications/unread-count responded 204 in 0.0357 ms
2026-04-21 23:16:34.789 +05:30 [INF] Serilog.AspNetCore.RequestLoggingMiddleware | CorrelationId:adda62aa5ff345d79694f79bd7ab0c42 | HTTP OPTIONS /api/analytics/dashboard/summary responded 204 in 0.0389 ms
2026-04-21 23:16:34.796 +05:30 [INF] SmsApi.Middleware.LoggingActionFilter | CorrelationId:bac45d3df3484c988d1f26d61c0b520c | API Response: GET /api/settings/school/me | Status: 200 | Duration: 218ms
2026-04-21 23:16:34.801 +05:30 [INF] Serilog.AspNetCore.RequestLoggingMiddleware | CorrelationId:fb7cc114f2e444c4982644d14c96838b | HTTP OPTIONS /api/analytics/dashboard/summary responded 204 in 0.0355 ms
2026-04-21 23:16:34.814 +05:30 [INF] SmsApi.Middleware.LoggingActionFilter | CorrelationId:57195864e55a4dc3807064580a701fcd | API Response: GET /api/academics/academic-years | Status: 200 | Duration: 349ms
2026-04-21 23:16:34.818 +05:30 [INF] SmsApi.Middleware.LoggingActionFilter | CorrelationId:bf27965305f24938858d229be9430f3c | API Response: GET /api/academics/academic-years | Status: 200 | Duration: 188ms
2026-04-21 23:16:34.822 +05:30 [INF] Serilog.AspNetCore.RequestLoggingMiddleware | CorrelationId:bac45d3df3484c988d1f26d61c0b520c | HTTP GET /api/settings/school/me responded 200 in 267.1793 ms
2026-04-21 23:16:34.828 +05:30 [INF] SmsApi.Middleware.LoggingActionFilter | CorrelationId:2781c0b1639b474eb31a0fceaf1ee6be | API Request: GET /api/notifications/unread-count | User: Unknown | School: 550e8400-e29b-41d4-a716-446655440000
2026-04-21 23:16:34.832 +05:30 [INF] Serilog.AspNetCore.RequestLoggingMiddleware | CorrelationId:57195864e55a4dc3807064580a701fcd | HTTP GET /api/academics/academic-years responded 200 in 368.3977 ms
2026-04-21 23:16:34.844 +05:30 [INF] Serilog.AspNetCore.RequestLoggingMiddleware | CorrelationId:bf27965305f24938858d229be9430f3c | HTTP GET /api/academics/academic-years responded 200 in 215.4225 ms
2026-04-21 23:16:34.876 +05:30 [INF] SmsApi.Middleware.LoggingActionFilter | CorrelationId:f80c74cbb048457ea4e143aa2127e822 | API Request: GET /api/analytics/dashboard/summary | User: Unknown | School: 550e8400-e29b-41d4-a716-446655440000
2026-04-21 23:16:34.884 +05:30 [INF] SmsApi.Middleware.LoggingActionFilter | CorrelationId:2781c0b1639b474eb31a0fceaf1ee6be | API Response: GET /api/notifications/unread-count | Status: 200 | Duration: 55ms
2026-04-21 23:16:34.894 +05:30 [INF] SmsApi.Middleware.LoggingActionFilter | CorrelationId:0e330f65eabc4c8397c185e427354cdb | API Request: GET /api/analytics/dashboard/summary | User: Unknown | School: 550e8400-e29b-41d4-a716-446655440000
2026-04-21 23:16:34.925 +05:30 [INF] Serilog.AspNetCore.RequestLoggingMiddleware | CorrelationId:2781c0b1639b474eb31a0fceaf1ee6be | HTTP GET /api/notifications/unread-count responded 200 in 99.9285 ms
2026-04-21 23:16:34.935 +05:30 [INF] SmsApi.Middleware.LoggingActionFilter | CorrelationId:f80c74cbb048457ea4e143aa2127e822 | API Response: GET /api/analytics/dashboard/summary | Status: 200 | Duration: 59ms
2026-04-21 23:16:34.956 +05:30 [INF] Serilog.AspNetCore.RequestLoggingMiddleware | CorrelationId:f80c74cbb048457ea4e143aa2127e822 | HTTP GET /api/analytics/dashboard/summary responded 200 in 85.6879 ms
2026-04-21 23:16:34.937 +05:30 [INF] SmsApi.Middleware.LoggingActionFilter | CorrelationId:0e330f65eabc4c8397c185e427354cdb | API Response: GET /api/analytics/dashboard/summary | Status: 200 | Duration: 43ms
2026-04-21 23:16:35.011 +05:30 [INF] Serilog.AspNetCore.RequestLoggingMiddleware | CorrelationId:0e330f65eabc4c8397c185e427354cdb | HTTP GET /api/analytics/dashboard/summary responded 200 in 150.0495 ms
2026-04-21 23:17:04.949 +05:30 [INF] Serilog.AspNetCore.RequestLoggingMiddleware | CorrelationId:0d4bc0ff61bc46e1a9f7e6dba9b98150 | HTTP OPTIONS /api/notifications/unread-count responded 204 in 0.1789 ms
2026-04-21 23:17:04.977 +05:30 [INF] SmsApi.Middleware.LoggingActionFilter | CorrelationId:749c1e7851c34b6f9ea204ccb52f3908 | API Request: GET /api/notifications/unread-count | User: Unknown | School: 550e8400-e29b-41d4-a716-446655440000
2026-04-21 23:17:04.992 +05:30 [INF] SmsApi.Middleware.LoggingActionFilter | CorrelationId:749c1e7851c34b6f9ea204ccb52f3908 | API Response: GET /api/notifications/unread-count | Status: 200 | Duration: 14ms
2026-04-21 23:17:04.999 +05:30 [INF] Serilog.AspNetCore.RequestLoggingMiddleware | CorrelationId:749c1e7851c34b6f9ea204ccb52f3908 | HTTP GET /api/notifications/unread-count responded 200 in 23.5634 ms
2026-04-21 23:17:35.031 +05:30 [INF] Serilog.AspNetCore.RequestLoggingMiddleware | CorrelationId:08551e2456ab44f3b2e9e7fefda31c43 | HTTP OPTIONS /api/notifications/unread-count responded 204 in 0.2222 ms
2026-04-21 23:17:35.068 +05:30 [INF] SmsApi.Middleware.LoggingActionFilter | CorrelationId:1550eec3bb314c95970d27d316d8778d | API Request: GET /api/notifications/unread-count | User: Unknown | School: 550e8400-e29b-41d4-a716-446655440000
2026-04-21 23:17:35.076 +05:30 [INF] SmsApi.Middleware.LoggingActionFilter | CorrelationId:1550eec3bb314c95970d27d316d8778d | API Response: GET /api/notifications/unread-count | Status: 200 | Duration: 7ms
2026-04-21 23:17:35.086 +05:30 [INF] Serilog.AspNetCore.RequestLoggingMiddleware | CorrelationId:1550eec3bb314c95970d27d316d8778d | HTTP GET /api/notifications/unread-count responded 200 in 20.6412 ms
2026-04-21 23:18:05.108 +05:30 [INF] Serilog.AspNetCore.RequestLoggingMiddleware | CorrelationId:affe6c3841f243adb4155d923e024756 | HTTP OPTIONS /api/notifications/unread-count responded 204 in 0.2142 ms
2026-04-21 23:18:05.129 +05:30 [INF] SmsApi.Middleware.LoggingActionFilter | CorrelationId:3cdc2d3e467b4000b1ca5dad11be0d28 | API Request: GET /api/notifications/unread-count | User: Unknown | School: 550e8400-e29b-41d4-a716-446655440000
2026-04-21 23:18:05.150 +05:30 [INF] SmsApi.Middleware.LoggingActionFilter | CorrelationId:3cdc2d3e467b4000b1ca5dad11be0d28 | API Response: GET /api/notifications/unread-count | Status: 200 | Duration: 21ms
2026-04-21 23:18:05.154 +05:30 [INF] Serilog.AspNetCore.RequestLoggingMiddleware | CorrelationId:3cdc2d3e467b4000b1ca5dad11be0d28 | HTTP GET /api/notifications/unread-count responded 200 in 37.7158 ms
2026-04-21 23:18:26.905 +05:30 [INF] Serilog.AspNetCore.RequestLoggingMiddleware | CorrelationId:1da248a09c9e4561a908f4b7a2b65ab1 | HTTP OPTIONS /api/notifications/unread-count responded 204 in 0.1277 ms
2026-04-21 23:18:27.211 +05:30 [INF] Serilog.AspNetCore.RequestLoggingMiddleware | CorrelationId:9fc33ca43c174ce4895de28111d3008a | HTTP OPTIONS /api/analytics/dashboard/summary responded 204 in 200.0289 ms
2026-04-21 23:18:27.441 +05:30 [INF] Serilog.AspNetCore.RequestLoggingMiddleware | CorrelationId:9ccbd0968b804eeea125d8d92259b3dc | HTTP OPTIONS /api/analytics/dashboard/summary responded 204 in 0.0866 ms
2026-04-21 23:18:27.956 +05:30 [WRN] SmsApi.Infrastructure.Performance.PerformanceMonitoringMiddleware | CorrelationId: | Slow request: OPTIONS /api/notifications/unread-count took 1050ms — status 204.
2026-04-21 23:18:27.961 +05:30 [WRN] SmsApi.Infrastructure.Performance.PerformanceMonitoringMiddleware | CorrelationId: | Slow request: OPTIONS /api/analytics/dashboard/summary took 950ms — status 204.
2026-04-21 23:18:27.966 +05:30 [WRN] SmsApi.Infrastructure.Performance.PerformanceMonitoringMiddleware | CorrelationId: | Slow request: OPTIONS /api/analytics/dashboard/summary took 524ms — status 204.
2026-04-21 23:18:28.001 +05:30 [INF] SmsApi.Middleware.LoggingActionFilter | CorrelationId:49c0c2f93861418aad4750cb26a46257 | API Request: GET /api/notifications/unread-count | User: Unknown | School: 550e8400-e29b-41d4-a716-446655440000
2026-04-21 23:18:28.020 +05:30 [INF] SmsApi.Middleware.LoggingActionFilter | CorrelationId:56f563ea326d4780bc8f69ce0300c63a | API Request: GET /api/analytics/dashboard/summary | User: Unknown | School: 550e8400-e29b-41d4-a716-446655440000
2026-04-21 23:18:28.022 +05:30 [INF] SmsApi.Middleware.LoggingActionFilter | CorrelationId:49c0c2f93861418aad4750cb26a46257 | API Response: GET /api/notifications/unread-count | Status: 200 | Duration: 21ms
2026-04-21 23:18:28.028 +05:30 [INF] SmsApi.Middleware.LoggingActionFilter | CorrelationId:f6cc02984ab74108b9447874309f0910 | API Request: GET /api/analytics/dashboard/summary | User: Unknown | School: 550e8400-e29b-41d4-a716-446655440000
2026-04-21 23:18:28.033 +05:30 [INF] SmsApi.Middleware.LoggingActionFilter | CorrelationId:56f563ea326d4780bc8f69ce0300c63a | API Response: GET /api/analytics/dashboard/summary | Status: 200 | Duration: 12ms
2026-04-21 23:18:28.039 +05:30 [INF] Serilog.AspNetCore.RequestLoggingMiddleware | CorrelationId:49c0c2f93861418aad4750cb26a46257 | HTTP GET /api/notifications/unread-count responded 200 in 42.1168 ms
2026-04-21 23:18:28.042 +05:30 [INF] SmsApi.Middleware.LoggingActionFilter | CorrelationId:f6cc02984ab74108b9447874309f0910 | API Response: GET /api/analytics/dashboard/summary | Status: 200 | Duration: 13ms
2026-04-21 23:18:28.045 +05:30 [INF] Serilog.AspNetCore.RequestLoggingMiddleware | CorrelationId:56f563ea326d4780bc8f69ce0300c63a | HTTP GET /api/analytics/dashboard/summary responded 200 in 34.4238 ms
2026-04-21 23:18:28.068 +05:30 [INF] Serilog.AspNetCore.RequestLoggingMiddleware | CorrelationId:f6cc02984ab74108b9447874309f0910 | HTTP GET /api/analytics/dashboard/summary responded 200 in 46.1578 ms
2026-04-21 23:18:36.312 +05:30 [INF] Serilog.AspNetCore.RequestLoggingMiddleware | CorrelationId:941cc149683a4d8e9099df479d612a4f | HTTP OPTIONS /api/academics/academic-years responded 204 in 0.0616 ms
2026-04-21 23:18:36.326 +05:30 [INF] Serilog.AspNetCore.RequestLoggingMiddleware | CorrelationId:b7fe9b8df2314e8bb8ac0808e827c58d | HTTP OPTIONS /api/academics/academic-years responded 204 in 0.2973 ms
2026-04-21 23:18:36.333 +05:30 [INF] Serilog.AspNetCore.RequestLoggingMiddleware | CorrelationId:8c6e64850c824c5484392c7f1f881968 | HTTP OPTIONS /api/settings/school/me responded 204 in 2.0417 ms
2026-04-21 23:18:36.932 +05:30 [WRN] SmsApi.Infrastructure.Performance.PerformanceMonitoringMiddleware | CorrelationId: | Slow request: OPTIONS /api/settings/school/me took 601ms — status 204.
2026-04-21 23:18:36.685 +05:30 [INF] Serilog.AspNetCore.RequestLoggingMiddleware | CorrelationId:9c5fe838d7a942e29eaef4dd0f8d00d5 | HTTP OPTIONS /api/analytics/dashboard/summary responded 204 in 0.0278 ms
2026-04-21 23:18:36.848 +05:30 [INF] Serilog.AspNetCore.RequestLoggingMiddleware | CorrelationId:92f8d5c0674741d1be4afdf3752819ff | HTTP OPTIONS /api/analytics/dashboard/summary responded 204 in 0.1747 ms
2026-04-21 23:18:36.922 +05:30 [WRN] SmsApi.Infrastructure.Performance.PerformanceMonitoringMiddleware | CorrelationId: | Slow request: OPTIONS /api/academics/academic-years took 610ms — status 204.
2026-04-21 23:18:36.926 +05:30 [WRN] SmsApi.Infrastructure.Performance.PerformanceMonitoringMiddleware | CorrelationId: | Slow request: OPTIONS /api/academics/academic-years took 600ms — status 204.
2026-04-21 23:18:36.641 +05:30 [INF] Serilog.AspNetCore.RequestLoggingMiddleware | CorrelationId:c4e2dff356c44764b298ac407b952e5a | HTTP OPTIONS /api/notifications/unread-count responded 204 in 0.0653 ms
2026-04-21 23:18:36.967 +05:30 [INF] SmsApi.Middleware.LoggingActionFilter | CorrelationId:ffe530565b0a4ad7a89f2465e8d85c0c | API Request: GET /api/settings/school/me | User: Unknown | School: 550e8400-e29b-41d4-a716-446655440000
2026-04-21 23:18:36.998 +05:30 [INF] SmsApi.Middleware.LoggingActionFilter | CorrelationId:7d5a5671b4a44e8287e1c54ab358a259 | API Request: GET /api/analytics/dashboard/summary | User: Unknown | School: 550e8400-e29b-41d4-a716-446655440000
2026-04-21 23:18:37.062 +05:30 [INF] SmsApi.Middleware.LoggingActionFilter | CorrelationId:b0d0629465044dcfb9ec6fa9bebbad55 | API Request: GET /api/analytics/dashboard/summary | User: Unknown | School: 550e8400-e29b-41d4-a716-446655440000
2026-04-21 23:18:37.075 +05:30 [INF] SmsApi.Middleware.LoggingActionFilter | CorrelationId:1904a9b39f274748b17abd9cdda95969 | API Request: GET /api/academics/academic-years | User: Unknown | School: 550e8400-e29b-41d4-a716-446655440000
2026-04-21 23:18:37.095 +05:30 [INF] SmsApi.Middleware.LoggingActionFilter | CorrelationId:693feb80fc494478a4bc33b8a3b15b5d | API Request: GET /api/academics/academic-years | User: Unknown | School: 550e8400-e29b-41d4-a716-446655440000
2026-04-21 23:18:37.131 +05:30 [INF] SmsApi.Middleware.LoggingActionFilter | CorrelationId:ffe530565b0a4ad7a89f2465e8d85c0c | API Response: GET /api/settings/school/me | Status: 200 | Duration: 164ms
2026-04-21 23:18:37.131 +05:30 [INF] SmsApi.Middleware.LoggingActionFilter | CorrelationId:9d1e461c2772425ea110f2f8c40e2d57 | API Request: GET /api/notifications/unread-count | User: Unknown | School: 550e8400-e29b-41d4-a716-446655440000
2026-04-21 23:18:37.136 +05:30 [INF] SmsApi.Middleware.LoggingActionFilter | CorrelationId:7d5a5671b4a44e8287e1c54ab358a259 | API Response: GET /api/analytics/dashboard/summary | Status: 200 | Duration: 137ms
2026-04-21 23:18:37.141 +05:30 [INF] SmsApi.Middleware.LoggingActionFilter | CorrelationId:b0d0629465044dcfb9ec6fa9bebbad55 | API Response: GET /api/analytics/dashboard/summary | Status: 200 | Duration: 78ms
2026-04-21 23:18:37.175 +05:30 [INF] Serilog.AspNetCore.RequestLoggingMiddleware | CorrelationId:b0d0629465044dcfb9ec6fa9bebbad55 | HTTP GET /api/analytics/dashboard/summary responded 200 in 121.5015 ms
2026-04-21 23:18:37.155 +05:30 [INF] Serilog.AspNetCore.RequestLoggingMiddleware | CorrelationId:ffe530565b0a4ad7a89f2465e8d85c0c | HTTP GET /api/settings/school/me responded 200 in 189.1793 ms
2026-04-21 23:18:37.155 +05:30 [INF] SmsApi.Middleware.LoggingActionFilter | CorrelationId:693feb80fc494478a4bc33b8a3b15b5d | API Response: GET /api/academics/academic-years | Status: 200 | Duration: 60ms
2026-04-21 23:18:37.163 +05:30 [INF] SmsApi.Middleware.LoggingActionFilter | CorrelationId:9d1e461c2772425ea110f2f8c40e2d57 | API Response: GET /api/notifications/unread-count | Status: 200 | Duration: 32ms
2026-04-21 23:18:37.164 +05:30 [INF] Serilog.AspNetCore.RequestLoggingMiddleware | CorrelationId:7d5a5671b4a44e8287e1c54ab358a259 | HTTP GET /api/analytics/dashboard/summary responded 200 in 187.4904 ms
2026-04-21 23:18:37.153 +05:30 [INF] SmsApi.Middleware.LoggingActionFilter | CorrelationId:1904a9b39f274748b17abd9cdda95969 | API Response: GET /api/academics/academic-years | Status: 200 | Duration: 78ms
2026-04-21 23:18:37.221 +05:30 [INF] Serilog.AspNetCore.RequestLoggingMiddleware | CorrelationId:693feb80fc494478a4bc33b8a3b15b5d | HTTP GET /api/academics/academic-years responded 200 in 139.6644 ms
2026-04-21 23:18:37.240 +05:30 [INF] Serilog.AspNetCore.RequestLoggingMiddleware | CorrelationId:9d1e461c2772425ea110f2f8c40e2d57 | HTTP GET /api/notifications/unread-count responded 200 in 110.3054 ms
2026-04-21 23:18:37.274 +05:30 [INF] Serilog.AspNetCore.RequestLoggingMiddleware | CorrelationId:1904a9b39f274748b17abd9cdda95969 | HTTP GET /api/academics/academic-years responded 200 in 200.2851 ms
2026-04-21 23:18:43.674 +05:30 [INF] Serilog.AspNetCore.RequestLoggingMiddleware | CorrelationId:4c26ac94f2b74840a433c9630d017424 | HTTP OPTIONS /api/analytics/dashboard/summary responded 204 in 0.0243 ms
2026-04-21 23:18:43.674 +05:30 [INF] Serilog.AspNetCore.RequestLoggingMiddleware | CorrelationId:367b712d7fc242638077907f33c9c857 | HTTP OPTIONS /api/notifications/unread-count responded 204 in 0.0151 ms
2026-04-21 23:18:43.675 +05:30 [INF] Serilog.AspNetCore.RequestLoggingMiddleware | CorrelationId:850787e987f94d319f6213a0510caca8 | HTTP OPTIONS /api/analytics/dashboard/summary responded 204 in 0.0488 ms
2026-04-21 23:18:43.736 +05:30 [INF] SmsApi.Middleware.LoggingActionFilter | CorrelationId:81e7cf9f90914f7d91b1a0bd1df356b3 | API Request: GET /api/analytics/dashboard/summary | User: Unknown | School: 550e8400-e29b-41d4-a716-446655440000
2026-04-21 23:18:43.790 +05:30 [INF] SmsApi.Middleware.LoggingActionFilter | CorrelationId:33fbf465fe7c44bc8fb02b4fa83a0a3a | API Request: GET /api/notifications/unread-count | User: Unknown | School: 550e8400-e29b-41d4-a716-446655440000
2026-04-21 23:18:43.791 +05:30 [INF] SmsApi.Middleware.LoggingActionFilter | CorrelationId:1a26cf63225b42368920ec3cf8c78f36 | API Request: GET /api/analytics/dashboard/summary | User: Unknown | School: 550e8400-e29b-41d4-a716-446655440000
2026-04-21 23:18:43.809 +05:30 [INF] SmsApi.Middleware.LoggingActionFilter | CorrelationId:81e7cf9f90914f7d91b1a0bd1df356b3 | API Response: GET /api/analytics/dashboard/summary | Status: 200 | Duration: 73ms
2026-04-21 23:18:43.818 +05:30 [INF] SmsApi.Middleware.LoggingActionFilter | CorrelationId:33fbf465fe7c44bc8fb02b4fa83a0a3a | API Response: GET /api/notifications/unread-count | Status: 200 | Duration: 27ms
2026-04-21 23:18:43.819 +05:30 [INF] SmsApi.Middleware.LoggingActionFilter | CorrelationId:1a26cf63225b42368920ec3cf8c78f36 | API Response: GET /api/analytics/dashboard/summary | Status: 200 | Duration: 28ms
2026-04-21 23:18:43.822 +05:30 [INF] Serilog.AspNetCore.RequestLoggingMiddleware | CorrelationId:81e7cf9f90914f7d91b1a0bd1df356b3 | HTTP GET /api/analytics/dashboard/summary responded 200 in 95.0267 ms
2026-04-21 23:18:43.826 +05:30 [INF] Serilog.AspNetCore.RequestLoggingMiddleware | CorrelationId:33fbf465fe7c44bc8fb02b4fa83a0a3a | HTTP GET /api/notifications/unread-count responded 200 in 38.1582 ms
2026-04-21 23:18:43.831 +05:30 [INF] Serilog.AspNetCore.RequestLoggingMiddleware | CorrelationId:1a26cf63225b42368920ec3cf8c78f36 | HTTP GET /api/analytics/dashboard/summary responded 200 in 44.1056 ms
2026-04-21 23:18:49.115 +05:30 [INF] Serilog.AspNetCore.RequestLoggingMiddleware | CorrelationId:2f4de097037d48538c4779adfa8b0280 | HTTP OPTIONS /api/notifications/unread-count responded 204 in 0.0412 ms
2026-04-21 23:18:49.142 +05:30 [INF] Serilog.AspNetCore.RequestLoggingMiddleware | CorrelationId:0886a0038b764f8db43ace43dd257879 | HTTP OPTIONS /api/analytics/dashboard/summary responded 204 in 0.0350 ms
2026-04-21 23:18:49.163 +05:30 [INF] Serilog.AspNetCore.RequestLoggingMiddleware | CorrelationId:bb3f7dea37084ddab74274f6952b6419 | HTTP OPTIONS /api/analytics/dashboard/summary responded 204 in 0.0663 ms
2026-04-21 23:18:49.287 +05:30 [INF] SmsApi.Middleware.LoggingActionFilter | CorrelationId:3299c5c1e67b4c34ae79b5d6ca85603f | API Request: GET /api/notifications/unread-count | User: Unknown | School: 550e8400-e29b-41d4-a716-446655440000
2026-04-21 23:18:49.339 +05:30 [INF] SmsApi.Middleware.LoggingActionFilter | CorrelationId:028a4c57836d4331949ef172a01a6f19 | API Request: GET /api/analytics/dashboard/summary | User: Unknown | School: 550e8400-e29b-41d4-a716-446655440000
2026-04-21 23:18:49.308 +05:30 [INF] SmsApi.Middleware.LoggingActionFilter | CorrelationId:90f598c8ce014c50991f07d07ec06afc | API Request: GET /api/analytics/dashboard/summary | User: Unknown | School: 550e8400-e29b-41d4-a716-446655440000
2026-04-21 23:18:49.351 +05:30 [INF] SmsApi.Middleware.LoggingActionFilter | CorrelationId:028a4c57836d4331949ef172a01a6f19 | API Response: GET /api/analytics/dashboard/summary | Status: 200 | Duration: 12ms
2026-04-21 23:18:49.354 +05:30 [INF] SmsApi.Middleware.LoggingActionFilter | CorrelationId:3299c5c1e67b4c34ae79b5d6ca85603f | API Response: GET /api/notifications/unread-count | Status: 200 | Duration: 66ms
2026-04-21 23:18:49.358 +05:30 [INF] SmsApi.Middleware.LoggingActionFilter | CorrelationId:90f598c8ce014c50991f07d07ec06afc | API Response: GET /api/analytics/dashboard/summary | Status: 200 | Duration: 50ms
2026-04-21 23:18:49.360 +05:30 [INF] Serilog.AspNetCore.RequestLoggingMiddleware | CorrelationId:028a4c57836d4331949ef172a01a6f19 | HTTP GET /api/analytics/dashboard/summary responded 200 in 29.1236 ms
2026-04-21 23:18:49.362 +05:30 [INF] Serilog.AspNetCore.RequestLoggingMiddleware | CorrelationId:3299c5c1e67b4c34ae79b5d6ca85603f | HTTP GET /api/notifications/unread-count responded 200 in 75.2805 ms
2026-04-21 23:18:49.364 +05:30 [INF] Serilog.AspNetCore.RequestLoggingMiddleware | CorrelationId:90f598c8ce014c50991f07d07ec06afc | HTTP GET /api/analytics/dashboard/summary responded 200 in 60.5120 ms
2026-04-21 23:19:01.834 +05:30 [INF] Serilog.AspNetCore.RequestLoggingMiddleware | CorrelationId:82121473e1494eb2b16cd0586e431397 | HTTP OPTIONS /api/academics/academic-years responded 204 in 0.2915 ms
2026-04-21 23:19:01.860 +05:30 [INF] Serilog.AspNetCore.RequestLoggingMiddleware | CorrelationId:51093c2ca5664c4ca482aed3c85d2e6d | HTTP OPTIONS /api/academics/academic-years responded 204 in 0.2694 ms
2026-04-21 23:19:02.265 +05:30 [INF] Serilog.AspNetCore.RequestLoggingMiddleware | CorrelationId:c15d3d00e75a4bcb819301d52a1dd703 | HTTP GET /api/academics/academic-years responded 401 in 2.3599 ms
2026-04-21 23:19:02.285 +05:30 [INF] Serilog.AspNetCore.RequestLoggingMiddleware | CorrelationId:b906079c5913490ba69854afce9e6fa4 | HTTP GET /api/academics/academic-years responded 401 in 5.1778 ms
2026-04-21 23:19:10.822 +05:30 [INF] Serilog.AspNetCore.RequestLoggingMiddleware | CorrelationId:a96ae0adb7924bdf869c9cbf5a24dbb5 | HTTP OPTIONS /api/auth/login responded 204 in 0.7998 ms
2026-04-21 23:19:11.238 +05:30 [INF] SmsApi.Middleware.LoggingActionFilter | CorrelationId:9a8f4a9ee0c5415abdbe7b14ef4a1272 | API Request: POST /api/auth/login | User: Unknown | School: Unknown
2026-04-21 23:19:12.292 +05:30 [INF] SmsApi.Controllers.AuthController | CorrelationId:9a8f4a9ee0c5415abdbe7b14ef4a1272 | Login successful for superadmin (SchoolId: "00000000-0000-0000-0000-000000000001")
2026-04-21 23:19:12.298 +05:30 [INF] SmsApi.Middleware.LoggingActionFilter | CorrelationId:9a8f4a9ee0c5415abdbe7b14ef4a1272 | API Response: POST /api/auth/login | Status: 200 | Duration: 1060ms
2026-04-21 23:19:12.361 +05:30 [INF] Serilog.AspNetCore.RequestLoggingMiddleware | CorrelationId:9a8f4a9ee0c5415abdbe7b14ef4a1272 | HTTP POST /api/auth/login responded 200 in 1317.3493 ms
2026-04-21 23:19:12.366 +05:30 [WRN] SmsApi.Infrastructure.Performance.PerformanceMonitoringMiddleware | CorrelationId: | Slow request: POST /api/auth/login took 1278ms — status 200.
2026-04-21 23:19:12.555 +05:30 [INF] Serilog.AspNetCore.RequestLoggingMiddleware | CorrelationId:f423722515e543a4bde8a8913482e14b | HTTP OPTIONS /api/settings/school/me responded 204 in 0.0510 ms
2026-04-21 23:19:13.952 +05:30 [INF] Serilog.AspNetCore.RequestLoggingMiddleware | CorrelationId:5506c40c3bd149b79e6ccf6e54e5cef4 | HTTP OPTIONS /api/academics/academic-years responded 204 in 0.1740 ms
2026-04-21 23:19:13.953 +05:30 [INF] Serilog.AspNetCore.RequestLoggingMiddleware | CorrelationId:fb4562deae8e453d897d3d5b9b0a9f4b | HTTP OPTIONS /api/academics/academic-years responded 204 in 0.0172 ms
2026-04-21 23:19:13.953 +05:30 [INF] Serilog.AspNetCore.RequestLoggingMiddleware | CorrelationId:72399bde46f9413081ec5129d037ce5f | HTTP OPTIONS /api/settings/school/me responded 204 in 0.0861 ms
2026-04-21 23:19:14.236 +05:30 [INF] Serilog.AspNetCore.RequestLoggingMiddleware | CorrelationId:97dac75f7be9450195b12cb68843a8f0 | HTTP OPTIONS /api/notifications/unread-count responded 204 in 0.0466 ms
2026-04-21 23:19:14.851 +05:30 [WRN] SmsApi.Infrastructure.Performance.PerformanceMonitoringMiddleware | CorrelationId: | Slow request: OPTIONS /api/academics/academic-years took 899ms — status 204.
2026-04-21 23:19:14.862 +05:30 [WRN] SmsApi.Infrastructure.Performance.PerformanceMonitoringMiddleware | CorrelationId: | Slow request: OPTIONS /api/academics/academic-years took 909ms — status 204.
2026-04-21 23:19:14.871 +05:30 [WRN] SmsApi.Infrastructure.Performance.PerformanceMonitoringMiddleware | CorrelationId: | Slow request: OPTIONS /api/settings/school/me took 918ms — status 204.
2026-04-21 23:19:14.910 +05:30 [WRN] SmsApi.Infrastructure.Performance.PerformanceMonitoringMiddleware | CorrelationId: | Slow request: OPTIONS /api/notifications/unread-count took 673ms — status 204.
2026-04-21 23:19:14.958 +05:30 [INF] Serilog.AspNetCore.RequestLoggingMiddleware | CorrelationId:c218a955d20c4cb5a050cd208fc1b831 | HTTP OPTIONS /api/school-feature-permissions/stats responded 204 in 0.0466 ms
2026-04-21 23:19:14.973 +05:30 [INF] Serilog.AspNetCore.RequestLoggingMiddleware | CorrelationId:3ef265463ecc4aa6ad8e92a49dd71ee3 | HTTP OPTIONS /api/school-feature-permissions/schools/550e8400-e29b-41d4-a716-446655440000 responded 204 in 6.8898 ms
2026-04-21 23:19:15.018 +05:30 [INF] Serilog.AspNetCore.RequestLoggingMiddleware | CorrelationId:b9eaf31ce133415187fefffc0a92ceae | HTTP OPTIONS /api/school-feature-permissions/schools responded 204 in 0.0368 ms
2026-04-21 23:19:15.065 +05:30 [INF] Serilog.AspNetCore.RequestLoggingMiddleware | CorrelationId:04f9acbfe7534fab95db23a30e10b1eb | HTTP OPTIONS /api/school-feature-permissions/schools/550e8400-e29b-41d4-a716-446655440000 responded 204 in 0.0595 ms
2026-04-21 23:19:15.075 +05:30 [INF] Serilog.AspNetCore.RequestLoggingMiddleware | CorrelationId:44aa8317575e40f6b62eea7285ae6f45 | HTTP OPTIONS /api/school-feature-permissions/stats responded 204 in 0.3345 ms
2026-04-21 23:19:15.090 +05:30 [INF] Serilog.AspNetCore.RequestLoggingMiddleware | CorrelationId:da59fd755f004daf9cba7f0f1ab610b0 | HTTP OPTIONS /api/school-feature-permissions/schools responded 204 in 0.0878 ms
2026-04-21 23:19:15.096 +05:30 [INF] SmsApi.Middleware.LoggingActionFilter | CorrelationId:01317d5e570347f8a2a2743fd7ae8bf3 | API Request: GET /api/academics/academic-years | User: Unknown | School: 00000000-0000-0000-0000-000000000001
2026-04-21 23:19:15.107 +05:30 [INF] SmsApi.Middleware.LoggingActionFilter | CorrelationId:5d194af1792e4d0e86749b43e6eb9594 | API Request: GET /api/settings/school/me | User: Unknown | School: 00000000-0000-0000-0000-000000000001
2026-04-21 23:19:15.131 +05:30 [INF] SmsApi.Middleware.LoggingActionFilter | CorrelationId:6e83fcf9c80345b3a29ccbf79c86c96f | API Request: GET /api/academics/academic-years | User: Unknown | School: 00000000-0000-0000-0000-000000000001
2026-04-21 23:19:15.156 +05:30 [INF] SmsApi.Middleware.LoggingActionFilter | CorrelationId:bde461d764ab47dc94aa451b0566c35c | API Request: GET /api/notifications/unread-count | User: Unknown | School: 00000000-0000-0000-0000-000000000001
2026-04-21 23:19:15.167 +05:30 [INF] SmsApi.Middleware.LoggingActionFilter | CorrelationId:99c75fa232714186a63b3ce3fc2f2ac3 | API Request: GET /api/school-feature-permissions/stats | User: Unknown | School: 00000000-0000-0000-0000-000000000001
2026-04-21 23:19:15.185 +05:30 [INF] SmsApi.Middleware.LoggingActionFilter | CorrelationId:d53a8e793e4c4f88ab3fee9a2cb6b319 | API Request: GET /api/school-feature-permissions/schools/550e8400-e29b-41d4-a716-446655440000 | User: Unknown | School: 00000000-0000-0000-0000-000000000001
2026-04-21 23:19:15.224 +05:30 [INF] SmsApi.Middleware.LoggingActionFilter | CorrelationId:01317d5e570347f8a2a2743fd7ae8bf3 | API Response: GET /api/academics/academic-years | Status: 200 | Duration: 127ms
2026-04-21 23:19:15.237 +05:30 [INF] SmsApi.Middleware.LoggingActionFilter | CorrelationId:5d194af1792e4d0e86749b43e6eb9594 | API Response: GET /api/settings/school/me | Status: 200 | Duration: 129ms
2026-04-21 23:19:15.280 +05:30 [INF] SmsApi.Middleware.LoggingActionFilter | CorrelationId:6e83fcf9c80345b3a29ccbf79c86c96f | API Response: GET /api/academics/academic-years | Status: 200 | Duration: 149ms
2026-04-21 23:19:15.283 +05:30 [INF] SmsApi.Middleware.LoggingActionFilter | CorrelationId:bde461d764ab47dc94aa451b0566c35c | API Response: GET /api/notifications/unread-count | Status: 200 | Duration: 127ms
2026-04-21 23:19:15.319 +05:30 [INF] SmsApi.Middleware.LoggingActionFilter | CorrelationId:99c75fa232714186a63b3ce3fc2f2ac3 | API Response: GET /api/school-feature-permissions/stats | Status: 200 | Duration: 152ms
2026-04-21 23:19:15.332 +05:30 [INF] SmsApi.Middleware.LoggingActionFilter | CorrelationId:d53a8e793e4c4f88ab3fee9a2cb6b319 | API Response: GET /api/school-feature-permissions/schools/550e8400-e29b-41d4-a716-446655440000 | Status: 200 | Duration: 147ms
2026-04-21 23:19:15.334 +05:30 [INF] Serilog.AspNetCore.RequestLoggingMiddleware | CorrelationId:01317d5e570347f8a2a2743fd7ae8bf3 | HTTP GET /api/academics/academic-years responded 200 in 239.2496 ms
2026-04-21 23:19:15.348 +05:30 [INF] Serilog.AspNetCore.RequestLoggingMiddleware | CorrelationId:5d194af1792e4d0e86749b43e6eb9594 | HTTP GET /api/settings/school/me responded 200 in 245.1472 ms
2026-04-21 23:19:15.365 +05:30 [INF] Serilog.AspNetCore.RequestLoggingMiddleware | CorrelationId:6e83fcf9c80345b3a29ccbf79c86c96f | HTTP GET /api/academics/academic-years responded 200 in 239.8639 ms
2026-04-21 23:19:15.378 +05:30 [INF] Serilog.AspNetCore.RequestLoggingMiddleware | CorrelationId:bde461d764ab47dc94aa451b0566c35c | HTTP GET /api/notifications/unread-count responded 200 in 224.5627 ms
2026-04-21 23:19:15.393 +05:30 [INF] Serilog.AspNetCore.RequestLoggingMiddleware | CorrelationId:99c75fa232714186a63b3ce3fc2f2ac3 | HTTP GET /api/school-feature-permissions/stats responded 200 in 234.3424 ms
2026-04-21 23:19:15.450 +05:30 [INF] Serilog.AspNetCore.RequestLoggingMiddleware | CorrelationId:d53a8e793e4c4f88ab3fee9a2cb6b319 | HTTP GET /api/school-feature-permissions/schools/550e8400-e29b-41d4-a716-446655440000 responded 200 in 265.5453 ms
2026-04-21 23:19:15.515 +05:30 [INF] SmsApi.Middleware.LoggingActionFilter | CorrelationId:828a62ca05c14c289a769c9534e86e26 | API Request: GET /api/school-feature-permissions/schools | User: Unknown | School: 00000000-0000-0000-0000-000000000001
2026-04-21 23:19:15.595 +05:30 [INF] SmsApi.Middleware.LoggingActionFilter | CorrelationId:eaac7ebf5be2413bbe9ddb251b8f698e | API Request: GET /api/school-feature-permissions/schools/550e8400-e29b-41d4-a716-446655440000 | User: Unknown | School: 00000000-0000-0000-0000-000000000001
2026-04-21 23:19:15.672 +05:30 [INF] SmsApi.Middleware.LoggingActionFilter | CorrelationId:445d8e9085ad4258bd0c407202f9d643 | API Request: GET /api/school-feature-permissions/stats | User: Unknown | School: 00000000-0000-0000-0000-000000000001
2026-04-21 23:19:15.816 +05:30 [INF] SmsApi.Middleware.LoggingActionFilter | CorrelationId:54e6fd45badf4e95bf1a112502e65ee8 | API Request: GET /api/school-feature-permissions/schools | User: Unknown | School: 00000000-0000-0000-0000-000000000001
2026-04-21 23:19:15.932 +05:30 [INF] SmsApi.Middleware.LoggingActionFilter | CorrelationId:eaac7ebf5be2413bbe9ddb251b8f698e | API Response: GET /api/school-feature-permissions/schools/550e8400-e29b-41d4-a716-446655440000 | Status: 200 | Duration: 337ms
2026-04-21 23:19:15.972 +05:30 [INF] SmsApi.Middleware.LoggingActionFilter | CorrelationId:445d8e9085ad4258bd0c407202f9d643 | API Response: GET /api/school-feature-permissions/stats | Status: 200 | Duration: 300ms
2026-04-21 23:19:15.979 +05:30 [INF] SmsApi.Middleware.LoggingActionFilter | CorrelationId:828a62ca05c14c289a769c9534e86e26 | API Response: GET /api/school-feature-permissions/schools | Status: 200 | Duration: 463ms
2026-04-21 23:19:15.984 +05:30 [INF] SmsApi.Middleware.LoggingActionFilter | CorrelationId:54e6fd45badf4e95bf1a112502e65ee8 | API Response: GET /api/school-feature-permissions/schools | Status: 200 | Duration: 167ms
2026-04-21 23:19:16.018 +05:30 [INF] Serilog.AspNetCore.RequestLoggingMiddleware | CorrelationId:eaac7ebf5be2413bbe9ddb251b8f698e | HTTP GET /api/school-feature-permissions/schools/550e8400-e29b-41d4-a716-446655440000 responded 200 in 439.9310 ms
2026-04-21 23:19:16.115 +05:30 [INF] Serilog.AspNetCore.RequestLoggingMiddleware | CorrelationId:445d8e9085ad4258bd0c407202f9d643 | HTTP GET /api/school-feature-permissions/stats responded 200 in 452.2150 ms
2026-04-21 23:19:16.132 +05:30 [INF] Serilog.AspNetCore.RequestLoggingMiddleware | CorrelationId:828a62ca05c14c289a769c9534e86e26 | HTTP GET /api/school-feature-permissions/schools responded 200 in 622.9602 ms
2026-04-21 23:19:16.148 +05:30 [INF] Serilog.AspNetCore.RequestLoggingMiddleware | CorrelationId:54e6fd45badf4e95bf1a112502e65ee8 | HTTP GET /api/school-feature-permissions/schools responded 200 in 333.1864 ms
2026-04-21 23:19:16.235 +05:30 [WRN] SmsApi.Infrastructure.Performance.PerformanceMonitoringMiddleware | CorrelationId: | Slow request: GET /api/school-feature-permissions/schools took 622ms — status 200.
2026-04-21 23:19:45.796 +05:30 [INF] Serilog.AspNetCore.RequestLoggingMiddleware | CorrelationId:c41313459ac6421a95bdcccd08b0be79 | HTTP OPTIONS /api/notifications/unread-count responded 204 in 0.2207 ms
2026-04-21 23:19:45.811 +05:30 [INF] SmsApi.Middleware.LoggingActionFilter | CorrelationId:b1165a208c994b30bbe8c97afe553f9a | API Request: GET /api/notifications/unread-count | User: Unknown | School: 00000000-0000-0000-0000-000000000001
2026-04-21 23:19:45.852 +05:30 [INF] SmsApi.Middleware.LoggingActionFilter | CorrelationId:b1165a208c994b30bbe8c97afe553f9a | API Response: GET /api/notifications/unread-count | Status: 200 | Duration: 40ms
2026-04-21 23:19:45.856 +05:30 [INF] Serilog.AspNetCore.RequestLoggingMiddleware | CorrelationId:b1165a208c994b30bbe8c97afe553f9a | HTTP GET /api/notifications/unread-count responded 200 in 47.3541 ms
2026-04-21 23:19:52.995 +05:30 [INF] Serilog.AspNetCore.RequestLoggingMiddleware | CorrelationId:1bdadeed2a4e475aae60507ec9299ad8 | HTTP OPTIONS /api/school-feature-permissions/schools/550e8400-e29b-41d4-a716-446655440000/modules/health responded 204 in 0.0894 ms
2026-04-21 23:19:53.179 +05:30 [INF] SmsApi.Middleware.LoggingActionFilter | CorrelationId:4b278bfab33a4d17965a7500891460e1 | API Request: PUT /api/school-feature-permissions/schools/550e8400-e29b-41d4-a716-446655440000/modules/health | User: Unknown | School: 00000000-0000-0000-0000-000000000001
2026-04-21 23:19:53.204 +05:30 [INF] SmsApi.Middleware.LoggingActionFilter | CorrelationId:4b278bfab33a4d17965a7500891460e1 | API Response: PUT /api/school-feature-permissions/schools/550e8400-e29b-41d4-a716-446655440000/modules/health | Status: 200 | Duration: 24ms
2026-04-21 23:19:53.718 +05:30 [INF] Serilog.AspNetCore.RequestLoggingMiddleware | CorrelationId:4b278bfab33a4d17965a7500891460e1 | HTTP PUT /api/school-feature-permissions/schools/550e8400-e29b-41d4-a716-446655440000/modules/health responded 200 in 548.4630 ms
2026-04-21 23:19:53.740 +05:30 [WRN] SmsApi.Infrastructure.Performance.PerformanceMonitoringMiddleware | CorrelationId: | Slow request: PUT /api/school-feature-permissions/schools/550e8400-e29b-41d4-a716-446655440000/modules/health took 517ms — status 200.
2026-04-21 23:20:00.314 +05:30 [INF] Serilog.AspNetCore.RequestLoggingMiddleware | CorrelationId:ea6b3ae45805493586682394ca5e4912 | HTTP OPTIONS /api/school-feature-permissions/schools/550e8400-e29b-41d4-a716-446655440000/modules/health responded 204 in 0.6337 ms
2026-04-21 23:20:00.460 +05:30 [INF] SmsApi.Middleware.LoggingActionFilter | CorrelationId:caa04123d160479797610990d2d36961 | API Request: PUT /api/school-feature-permissions/schools/550e8400-e29b-41d4-a716-446655440000/modules/health | User: Unknown | School: 00000000-0000-0000-0000-000000000001
2026-04-21 23:20:00.640 +05:30 [INF] SmsApi.Middleware.LoggingActionFilter | CorrelationId:caa04123d160479797610990d2d36961 | API Response: PUT /api/school-feature-permissions/schools/550e8400-e29b-41d4-a716-446655440000/modules/health | Status: 200 | Duration: 179ms
2026-04-21 23:20:00.765 +05:30 [INF] Serilog.AspNetCore.RequestLoggingMiddleware | CorrelationId:caa04123d160479797610990d2d36961 | HTTP PUT /api/school-feature-permissions/schools/550e8400-e29b-41d4-a716-446655440000/modules/health responded 200 in 328.4193 ms
2026-04-21 23:20:15.891 +05:30 [INF] Serilog.AspNetCore.RequestLoggingMiddleware | CorrelationId:b697bc821fd2465cb555cc0b6a7bbdf9 | HTTP OPTIONS /api/notifications/unread-count responded 204 in 0.1820 ms
2026-04-21 23:20:15.944 +05:30 [INF] SmsApi.Middleware.LoggingActionFilter | CorrelationId:a3feb474fd2f42128399c1c2e4955af3 | API Request: GET /api/notifications/unread-count | User: Unknown | School: 00000000-0000-0000-0000-000000000001
2026-04-21 23:20:15.957 +05:30 [INF] SmsApi.Middleware.LoggingActionFilter | CorrelationId:a3feb474fd2f42128399c1c2e4955af3 | API Response: GET /api/notifications/unread-count | Status: 200 | Duration: 12ms
2026-04-21 23:20:15.968 +05:30 [INF] Serilog.AspNetCore.RequestLoggingMiddleware | CorrelationId:a3feb474fd2f42128399c1c2e4955af3 | HTTP GET /api/notifications/unread-count responded 200 in 25.4400 ms
2026-04-21 23:20:37.859 +05:30 [INF] Serilog.AspNetCore.RequestLoggingMiddleware | CorrelationId:9fec2d037ebd4eb59f5d1f236b5c055a | HTTP OPTIONS /api/school-feature-permissions/schools/550e8400-e29b-41d4-a716-446655440000/modules/transport responded 204 in 0.1998 ms
2026-04-21 23:20:37.922 +05:30 [INF] SmsApi.Middleware.LoggingActionFilter | CorrelationId:8fb569290abf49eeb4f1ceb27eb876af | API Request: PUT /api/school-feature-permissions/schools/550e8400-e29b-41d4-a716-446655440000/modules/transport | User: Unknown | School: 00000000-0000-0000-0000-000000000001
2026-04-21 23:20:38.087 +05:30 [INF] SmsApi.Middleware.LoggingActionFilter | CorrelationId:8fb569290abf49eeb4f1ceb27eb876af | API Response: PUT /api/school-feature-permissions/schools/550e8400-e29b-41d4-a716-446655440000/modules/transport | Status: 200 | Duration: 164ms
2026-04-21 23:20:38.100 +05:30 [INF] Serilog.AspNetCore.RequestLoggingMiddleware | CorrelationId:8fb569290abf49eeb4f1ceb27eb876af | HTTP PUT /api/school-feature-permissions/schools/550e8400-e29b-41d4-a716-446655440000/modules/transport responded 200 in 185.9551 ms
2026-04-21 23:20:42.653 +05:30 [INF] Serilog.AspNetCore.RequestLoggingMiddleware | CorrelationId:33720522e03b49bb90ba84481f47a0c4 | HTTP OPTIONS /api/school-feature-permissions/schools/550e8400-e29b-41d4-a716-446655440000/modules/transport responded 204 in 0.0580 ms
2026-04-21 23:20:43.023 +05:30 [INF] SmsApi.Middleware.LoggingActionFilter | CorrelationId:a162b2091acb43df917fe93e3b9e29a4 | API Request: PUT /api/school-feature-permissions/schools/550e8400-e29b-41d4-a716-446655440000/modules/transport | User: Unknown | School: 00000000-0000-0000-0000-000000000001
2026-04-21 23:20:43.176 +05:30 [INF] SmsApi.Middleware.LoggingActionFilter | CorrelationId:a162b2091acb43df917fe93e3b9e29a4 | API Response: PUT /api/school-feature-permissions/schools/550e8400-e29b-41d4-a716-446655440000/modules/transport | Status: 200 | Duration: 152ms
2026-04-21 23:20:43.312 +05:30 [INF] Serilog.AspNetCore.RequestLoggingMiddleware | CorrelationId:a162b2091acb43df917fe93e3b9e29a4 | HTTP PUT /api/school-feature-permissions/schools/550e8400-e29b-41d4-a716-446655440000/modules/transport responded 200 in 290.5715 ms
2026-04-21 23:20:44.149 +05:30 [INF] Serilog.AspNetCore.RequestLoggingMiddleware | CorrelationId:fadbd708706a4e1fb7f92d8e635a5bbb | HTTP OPTIONS /api/school-feature-permissions/schools/550e8400-e29b-41d4-a716-446655440000/modules/transport responded 204 in 0.0549 ms
2026-04-21 23:20:44.497 +05:30 [INF] SmsApi.Middleware.LoggingActionFilter | CorrelationId:0cfb021029324dd9b95da9eabb8f377f | API Request: PUT /api/school-feature-permissions/schools/550e8400-e29b-41d4-a716-446655440000/modules/transport | User: Unknown | School: 00000000-0000-0000-0000-000000000001
2026-04-21 23:20:44.625 +05:30 [INF] SmsApi.Middleware.LoggingActionFilter | CorrelationId:0cfb021029324dd9b95da9eabb8f377f | API Response: PUT /api/school-feature-permissions/schools/550e8400-e29b-41d4-a716-446655440000/modules/transport | Status: 200 | Duration: 127ms
2026-04-21 23:20:44.996 +05:30 [INF] Serilog.AspNetCore.RequestLoggingMiddleware | CorrelationId:0cfb021029324dd9b95da9eabb8f377f | HTTP PUT /api/school-feature-permissions/schools/550e8400-e29b-41d4-a716-446655440000/modules/transport responded 200 in 499.3648 ms
2026-04-21 23:20:45.999 +05:30 [INF] Serilog.AspNetCore.RequestLoggingMiddleware | CorrelationId:57f59c1e1a184307a9bbebcc1ed91b1f | HTTP OPTIONS /api/notifications/unread-count responded 204 in 0.0630 ms
2026-04-21 23:20:46.395 +05:30 [INF] SmsApi.Middleware.LoggingActionFilter | CorrelationId:f95784e76fb24725a176417e7b02778d | API Request: GET /api/notifications/unread-count | User: Unknown | School: 00000000-0000-0000-0000-000000000001
2026-04-21 23:20:46.626 +05:30 [INF] SmsApi.Middleware.LoggingActionFilter | CorrelationId:f95784e76fb24725a176417e7b02778d | API Response: GET /api/notifications/unread-count | Status: 200 | Duration: 231ms
2026-04-21 23:20:47.002 +05:30 [INF] Serilog.AspNetCore.RequestLoggingMiddleware | CorrelationId:f95784e76fb24725a176417e7b02778d | HTTP GET /api/notifications/unread-count responded 200 in 611.0223 ms
2026-04-21 23:20:47.178 +05:30 [WRN] SmsApi.Infrastructure.Performance.PerformanceMonitoringMiddleware | CorrelationId: | Slow request: GET /api/notifications/unread-count took 610ms — status 200.
2026-04-21 23:20:53.070 +05:30 [INF] Serilog.AspNetCore.RequestLoggingMiddleware | CorrelationId:d89865703df047d1965a0ff1848a545d | HTTP OPTIONS /api/school-feature-permissions/stats responded 204 in 0.5316 ms
2026-04-21 23:20:53.070 +05:30 [INF] Serilog.AspNetCore.RequestLoggingMiddleware | CorrelationId:0fb6bf2941ec4ba0a454197237130f3e | HTTP OPTIONS /api/school-feature-permissions/stats responded 204 in 0.0731 ms
2026-04-21 23:20:53.879 +05:30 [WRN] SmsApi.Infrastructure.Performance.PerformanceMonitoringMiddleware | CorrelationId: | Slow request: OPTIONS /api/school-feature-permissions/stats took 812ms — status 204.
2026-04-21 23:20:53.964 +05:30 [WRN] SmsApi.Infrastructure.Performance.PerformanceMonitoringMiddleware | CorrelationId: | Slow request: OPTIONS /api/school-feature-permissions/stats took 897ms — status 204.
2026-04-21 23:20:54.808 +05:30 [INF] Serilog.AspNetCore.RequestLoggingMiddleware | CorrelationId:fee158863bd448be813d2fd664397455 | HTTP OPTIONS /api/academics/academic-years responded 204 in 0.0495 ms
2026-04-21 23:20:54.870 +05:30 [INF] Serilog.AspNetCore.RequestLoggingMiddleware | CorrelationId:1e9be2424b7749d0ae10839807987fd2 | HTTP OPTIONS /api/academics/academic-years responded 204 in 0.0422 ms
2026-04-21 23:20:55.323 +05:30 [INF] Serilog.AspNetCore.RequestLoggingMiddleware | CorrelationId:635220fab3294dbc89c8b92f5ac56295 | HTTP GET /api/academics/academic-years responded 401 in 12.3510 ms
2026-04-21 23:20:55.350 +05:30 [INF] Serilog.AspNetCore.RequestLoggingMiddleware | CorrelationId:2516630b2174422ea24ee9973fb2b6a6 | HTTP GET /api/academics/academic-years responded 401 in 0.9570 ms
2026-04-21 23:20:58.346 +05:30 [INF] Serilog.AspNetCore.RequestLoggingMiddleware | CorrelationId:484aa372ce1542aca1e85ebec7b9d78b | HTTP OPTIONS /api/auth/login responded 204 in 0.0543 ms
2026-04-21 23:20:58.406 +05:30 [INF] SmsApi.Middleware.LoggingActionFilter | CorrelationId:df799841f42e4ee6af1bc804b2ff98ff | API Request: POST /api/auth/login | User: Unknown | School: Unknown
2026-04-21 23:20:59.078 +05:30 [INF] SmsApi.Controllers.AuthController | CorrelationId:df799841f42e4ee6af1bc804b2ff98ff | Login successful for admin (SchoolId: "550e8400-e29b-41d4-a716-446655440000")
2026-04-21 23:20:59.084 +05:30 [INF] SmsApi.Middleware.LoggingActionFilter | CorrelationId:df799841f42e4ee6af1bc804b2ff98ff | API Response: POST /api/auth/login | Status: 200 | Duration: 677ms
2026-04-21 23:20:59.101 +05:30 [INF] Serilog.AspNetCore.RequestLoggingMiddleware | CorrelationId:df799841f42e4ee6af1bc804b2ff98ff | HTTP POST /api/auth/login responded 200 in 703.0389 ms
2026-04-21 23:20:59.142 +05:30 [WRN] SmsApi.Infrastructure.Performance.PerformanceMonitoringMiddleware | CorrelationId: | Slow request: POST /api/auth/login took 692ms — status 200.
2026-04-21 23:20:59.659 +05:30 [INF] Serilog.AspNetCore.RequestLoggingMiddleware | CorrelationId:673f1d89bb0144ae9d174b68146f3202 | HTTP OPTIONS /api/settings/school/me responded 204 in 0.2109 ms
2026-04-21 23:21:00.889 +05:30 [INF] Serilog.AspNetCore.RequestLoggingMiddleware | CorrelationId:ba293553d4dc4ca2852c1b6cd523b181 | HTTP OPTIONS /api/academics/academic-years responded 204 in 0.0556 ms
2026-04-21 23:21:00.890 +05:30 [INF] Serilog.AspNetCore.RequestLoggingMiddleware | CorrelationId:a7beca105cdc41b1b5f36d465bc5637f | HTTP OPTIONS /api/academics/academic-years responded 204 in 0.0555 ms
2026-04-21 23:21:00.925 +05:30 [INF] Serilog.AspNetCore.RequestLoggingMiddleware | CorrelationId:841cf2308b864f3780ac78a2c048beb3 | HTTP OPTIONS /api/settings/school/me responded 204 in 13.8851 ms
2026-04-21 23:21:01.150 +05:30 [WRN] SmsApi.Infrastructure.Performance.PerformanceMonitoringMiddleware | CorrelationId: | Slow request: OPTIONS /api/settings/school/me took 1491ms — status 204.
2026-04-21 23:21:01.301 +05:30 [INF] SmsApi.Middleware.LoggingActionFilter | CorrelationId:41b6d45c7cdb4e9b84aca5fbcbcdb73d | API Request: GET /api/academics/academic-years | User: Unknown | School: 550e8400-e29b-41d4-a716-446655440000
2026-04-21 23:21:01.333 +05:30 [INF] SmsApi.Middleware.LoggingActionFilter | CorrelationId:fe65b438a36e4d339d0b7a076debf822 | API Request: GET /api/academics/academic-years | User: Unknown | School: 550e8400-e29b-41d4-a716-446655440000
2026-04-21 23:21:01.504 +05:30 [WRN] SmsApi.Infrastructure.Performance.PerformanceMonitoringMiddleware | CorrelationId: | Slow request: OPTIONS /api/settings/school/me took 592ms — status 204.
2026-04-21 23:21:01.541 +05:30 [INF] Serilog.AspNetCore.RequestLoggingMiddleware | CorrelationId:ff03de2ecba04c19ad529d33e05a274f | HTTP OPTIONS /api/notifications/unread-count responded 204 in 0.0608 ms
2026-04-21 23:21:01.569 +05:30 [INF] Serilog.AspNetCore.RequestLoggingMiddleware | CorrelationId:7501e78deb5e44738514b912bcff1693 | HTTP OPTIONS /api/analytics/dashboard/summary responded 204 in 0.0535 ms
2026-04-21 23:21:01.576 +05:30 [INF] Serilog.AspNetCore.RequestLoggingMiddleware | CorrelationId:0614ad84757645bab814d542a10861d7 | HTTP OPTIONS /api/analytics/dashboard/summary responded 204 in 0.0390 ms
2026-04-21 23:21:01.589 +05:30 [INF] SmsApi.Middleware.LoggingActionFilter | CorrelationId:41b6d45c7cdb4e9b84aca5fbcbcdb73d | API Response: GET /api/academics/academic-years | Status: 200 | Duration: 287ms
2026-04-21 23:21:01.607 +05:30 [INF] SmsApi.Middleware.LoggingActionFilter | CorrelationId:e842b20ea3c04419b82ec428c0b6237b | API Request: GET /api/settings/school/me | User: Unknown | School: 550e8400-e29b-41d4-a716-446655440000
2026-04-21 23:21:01.613 +05:30 [INF] SmsApi.Middleware.LoggingActionFilter | CorrelationId:42a5b88ac0df4e60892520036f80c05b | API Request: GET /api/notifications/unread-count | User: Unknown | School: 550e8400-e29b-41d4-a716-446655440000
2026-04-21 23:21:01.684 +05:30 [INF] SmsApi.Middleware.LoggingActionFilter | CorrelationId:110bd509789046189402556de01a0382 | API Request: GET /api/analytics/dashboard/summary | User: Unknown | School: 550e8400-e29b-41d4-a716-446655440000
2026-04-21 23:21:01.690 +05:30 [INF] Serilog.AspNetCore.RequestLoggingMiddleware | CorrelationId:41b6d45c7cdb4e9b84aca5fbcbcdb73d | HTTP GET /api/academics/academic-years responded 200 in 460.0435 ms
2026-04-21 23:21:01.700 +05:30 [INF] SmsApi.Middleware.LoggingActionFilter | CorrelationId:42a5b88ac0df4e60892520036f80c05b | API Response: GET /api/notifications/unread-count | Status: 200 | Duration: 87ms
2026-04-21 23:21:01.712 +05:30 [INF] SmsApi.Middleware.LoggingActionFilter | CorrelationId:e842b20ea3c04419b82ec428c0b6237b | API Response: GET /api/settings/school/me | Status: 200 | Duration: 105ms
2026-04-21 23:21:01.740 +05:30 [INF] SmsApi.Middleware.LoggingActionFilter | CorrelationId:fe65b438a36e4d339d0b7a076debf822 | API Response: GET /api/academics/academic-years | Status: 200 | Duration: 406ms
2026-04-21 23:21:01.866 +05:30 [INF] SmsApi.Middleware.LoggingActionFilter | CorrelationId:1b5bc1145a6e4e02b695a717531a1a38 | API Request: GET /api/analytics/dashboard/summary | User: Unknown | School: 550e8400-e29b-41d4-a716-446655440000
2026-04-21 23:21:01.870 +05:30 [INF] Serilog.AspNetCore.RequestLoggingMiddleware | CorrelationId:42a5b88ac0df4e60892520036f80c05b | HTTP GET /api/notifications/unread-count responded 200 in 257.2619 ms
2026-04-21 23:21:01.888 +05:30 [INF] Serilog.AspNetCore.RequestLoggingMiddleware | CorrelationId:e842b20ea3c04419b82ec428c0b6237b | HTTP GET /api/settings/school/me responded 200 in 281.6496 ms
2026-04-21 23:21:01.898 +05:30 [INF] Serilog.AspNetCore.RequestLoggingMiddleware | CorrelationId:fe65b438a36e4d339d0b7a076debf822 | HTTP GET /api/academics/academic-years responded 200 in 608.8658 ms
2026-04-21 23:21:01.996 +05:30 [INF] SmsApi.Middleware.LoggingActionFilter | CorrelationId:110bd509789046189402556de01a0382 | API Response: GET /api/analytics/dashboard/summary | Status: 200 | Duration: 311ms
2026-04-21 23:21:01.996 +05:30 [INF] SmsApi.Middleware.LoggingActionFilter | CorrelationId:1b5bc1145a6e4e02b695a717531a1a38 | API Response: GET /api/analytics/dashboard/summary | Status: 200 | Duration: 130ms
2026-04-21 23:21:01.998 +05:30 [WRN] SmsApi.Infrastructure.Performance.PerformanceMonitoringMiddleware | CorrelationId: | Slow request: GET /api/academics/academic-years took 608ms — status 200.
2026-04-21 23:21:02.010 +05:30 [INF] Serilog.AspNetCore.RequestLoggingMiddleware | CorrelationId:110bd509789046189402556de01a0382 | HTTP GET /api/analytics/dashboard/summary responded 200 in 337.5137 ms
2026-04-21 23:21:02.014 +05:30 [INF] Serilog.AspNetCore.RequestLoggingMiddleware | CorrelationId:1b5bc1145a6e4e02b695a717531a1a38 | HTTP GET /api/analytics/dashboard/summary responded 200 in 334.0135 ms
2026-04-21 23:21:31.961 +05:30 [INF] Serilog.AspNetCore.RequestLoggingMiddleware | CorrelationId:02955dceb1134ccab4f156f64d40efc8 | HTTP OPTIONS /api/notifications/unread-count responded 204 in 0.2174 ms
2026-04-21 23:21:31.969 +05:30 [INF] SmsApi.Middleware.LoggingActionFilter | CorrelationId:7fd7131fa336464a899a97f34984b8a4 | API Request: GET /api/notifications/unread-count | User: Unknown | School: 550e8400-e29b-41d4-a716-446655440000
2026-04-21 23:21:31.993 +05:30 [INF] SmsApi.Middleware.LoggingActionFilter | CorrelationId:7fd7131fa336464a899a97f34984b8a4 | API Response: GET /api/notifications/unread-count | Status: 200 | Duration: 23ms
2026-04-21 23:21:31.998 +05:30 [INF] Serilog.AspNetCore.RequestLoggingMiddleware | CorrelationId:7fd7131fa336464a899a97f34984b8a4 | HTTP GET /api/notifications/unread-count responded 200 in 31.4054 ms
2026-04-21 23:22:02.026 +05:30 [INF] Serilog.AspNetCore.RequestLoggingMiddleware | CorrelationId:0b553fc516d94e6e8c5244b459489087 | HTTP OPTIONS /api/notifications/unread-count responded 204 in 0.0916 ms
2026-04-21 23:22:02.070 +05:30 [INF] SmsApi.Middleware.LoggingActionFilter | CorrelationId:376de15f07514415a71f1a1bba6acd5f | API Request: GET /api/notifications/unread-count | User: Unknown | School: 550e8400-e29b-41d4-a716-446655440000
2026-04-21 23:22:02.080 +05:30 [INF] SmsApi.Middleware.LoggingActionFilter | CorrelationId:376de15f07514415a71f1a1bba6acd5f | API Response: GET /api/notifications/unread-count | Status: 200 | Duration: 10ms
2026-04-21 23:22:02.083 +05:30 [INF] Serilog.AspNetCore.RequestLoggingMiddleware | CorrelationId:376de15f07514415a71f1a1bba6acd5f | HTTP GET /api/notifications/unread-count responded 200 in 15.7739 ms
2026-04-21 23:22:32.108 +05:30 [INF] Serilog.AspNetCore.RequestLoggingMiddleware | CorrelationId:a472e8e8d05b4292b5de3f005734d464 | HTTP OPTIONS /api/notifications/unread-count responded 204 in 0.0728 ms
2026-04-21 23:22:32.246 +05:30 [INF] SmsApi.Middleware.LoggingActionFilter | CorrelationId:b30d242e5abd4210b1dde55209f6efed | API Request: GET /api/notifications/unread-count | User: Unknown | School: 550e8400-e29b-41d4-a716-446655440000
2026-04-21 23:22:32.298 +05:30 [INF] SmsApi.Middleware.LoggingActionFilter | CorrelationId:b30d242e5abd4210b1dde55209f6efed | API Response: GET /api/notifications/unread-count | Status: 200 | Duration: 52ms
2026-04-21 23:22:32.301 +05:30 [INF] Serilog.AspNetCore.RequestLoggingMiddleware | CorrelationId:b30d242e5abd4210b1dde55209f6efed | HTTP GET /api/notifications/unread-count responded 200 in 57.6136 ms
2026-04-21 23:23:02.314 +05:30 [INF] Serilog.AspNetCore.RequestLoggingMiddleware | CorrelationId:b68afb5a359742cc81f3fe87759a8003 | HTTP OPTIONS /api/notifications/unread-count responded 204 in 0.0849 ms
2026-04-21 23:23:02.357 +05:30 [INF] SmsApi.Middleware.LoggingActionFilter | CorrelationId:eeed6937b69a4cd2b3b298ff797192c3 | API Request: GET /api/notifications/unread-count | User: Unknown | School: 550e8400-e29b-41d4-a716-446655440000
2026-04-21 23:23:02.393 +05:30 [INF] SmsApi.Middleware.LoggingActionFilter | CorrelationId:eeed6937b69a4cd2b3b298ff797192c3 | API Response: GET /api/notifications/unread-count | Status: 200 | Duration: 35ms
2026-04-21 23:23:02.410 +05:30 [INF] Serilog.AspNetCore.RequestLoggingMiddleware | CorrelationId:eeed6937b69a4cd2b3b298ff797192c3 | HTTP GET /api/notifications/unread-count responded 200 in 53.9732 ms
2026-04-21 23:23:32.499 +05:30 [INF] Serilog.AspNetCore.RequestLoggingMiddleware | CorrelationId:2174a66fc40f40dc811f825e19ef5ee7 | HTTP OPTIONS /api/notifications/unread-count responded 204 in 22.6798 ms
2026-04-21 23:23:32.527 +05:30 [INF] SmsApi.Middleware.LoggingActionFilter | CorrelationId:8f0785a682554549b343790020e19c56 | API Request: GET /api/notifications/unread-count | User: Unknown | School: 550e8400-e29b-41d4-a716-446655440000
2026-04-21 23:23:32.535 +05:30 [INF] SmsApi.Middleware.LoggingActionFilter | CorrelationId:8f0785a682554549b343790020e19c56 | API Response: GET /api/notifications/unread-count | Status: 200 | Duration: 8ms
2026-04-21 23:23:32.540 +05:30 [INF] Serilog.AspNetCore.RequestLoggingMiddleware | CorrelationId:8f0785a682554549b343790020e19c56 | HTTP GET /api/notifications/unread-count responded 200 in 15.1498 ms
2026-04-21 23:24:02.560 +05:30 [INF] Serilog.AspNetCore.RequestLoggingMiddleware | CorrelationId:25b20a2d5be6496a9ceeacbb88a3cdaf | HTTP OPTIONS /api/notifications/unread-count responded 204 in 0.2447 ms
2026-04-21 23:24:02.610 +05:30 [INF] SmsApi.Middleware.LoggingActionFilter | CorrelationId:7ad222390487478189040648292f8c0d | API Request: GET /api/notifications/unread-count | User: Unknown | School: 550e8400-e29b-41d4-a716-446655440000
2026-04-21 23:24:02.621 +05:30 [INF] SmsApi.Middleware.LoggingActionFilter | CorrelationId:7ad222390487478189040648292f8c0d | API Response: GET /api/notifications/unread-count | Status: 200 | Duration: 10ms
2026-04-21 23:24:02.632 +05:30 [INF] Serilog.AspNetCore.RequestLoggingMiddleware | CorrelationId:7ad222390487478189040648292f8c0d | HTTP GET /api/notifications/unread-count responded 200 in 24.2330 ms
2026-04-21 23:24:17.313 +05:30 [INF] Serilog.AspNetCore.RequestLoggingMiddleware | CorrelationId:2d2dd266c3c54dfda68a2d21abb993bc | HTTP OPTIONS /api/academics/academic-years responded 204 in 2.8945 ms
2026-04-21 23:24:17.523 +05:30 [INF] Serilog.AspNetCore.RequestLoggingMiddleware | CorrelationId:f2c9a5b427c24a1b8b01701b3dcaf1a7 | HTTP OPTIONS /api/academics/academic-years responded 204 in 0.0464 ms
2026-04-21 23:24:17.527 +05:30 [INF] Serilog.AspNetCore.RequestLoggingMiddleware | CorrelationId:36c020d10c95437c978d3711a6a5be16 | HTTP OPTIONS /api/notifications/unread-count responded 204 in 0.0512 ms
2026-04-21 23:24:17.527 +05:30 [INF] Serilog.AspNetCore.RequestLoggingMiddleware | CorrelationId:8e34de0f1a594235a6e55056eacd1f13 | HTTP OPTIONS /api/settings/school/me responded 204 in 0.0185 ms
2026-04-21 23:24:17.530 +05:30 [INF] Serilog.AspNetCore.RequestLoggingMiddleware | CorrelationId:7324731227ef4b6593b7ffedaa748164 | HTTP OPTIONS /api/analytics/dashboard/summary responded 204 in 0.0763 ms
2026-04-21 23:24:17.534 +05:30 [INF] Serilog.AspNetCore.RequestLoggingMiddleware | CorrelationId:02e945803ec64379ae2ebee07679781c | HTTP OPTIONS /api/analytics/dashboard/summary responded 204 in 0.1590 ms
2026-04-21 23:24:17.575 +05:30 [INF] SmsApi.Middleware.LoggingActionFilter | CorrelationId:e61f09020e674765b9baaa3789b98925 | API Request: GET /api/academics/academic-years | User: Unknown | School: 550e8400-e29b-41d4-a716-446655440000
2026-04-21 23:24:17.580 +05:30 [INF] SmsApi.Middleware.LoggingActionFilter | CorrelationId:7ef29fa50d3744e29100bda4895718fe | API Request: GET /api/academics/academic-years | User: Unknown | School: 550e8400-e29b-41d4-a716-446655440000
2026-04-21 23:24:17.603 +05:30 [INF] SmsApi.Middleware.LoggingActionFilter | CorrelationId:e62b30c9743743aaaebff0f65cf495a8 | API Request: GET /api/notifications/unread-count | User: Unknown | School: 550e8400-e29b-41d4-a716-446655440000
2026-04-21 23:24:17.634 +05:30 [INF] SmsApi.Middleware.LoggingActionFilter | CorrelationId:8df354c509454eb99ef37d16c1d8b7d7 | API Request: GET /api/settings/school/me | User: Unknown | School: 550e8400-e29b-41d4-a716-446655440000
2026-04-21 23:24:17.646 +05:30 [INF] SmsApi.Middleware.LoggingActionFilter | CorrelationId:02aacf41a3ef4399a0e0db7eaffeff09 | API Request: GET /api/analytics/dashboard/summary | User: Unknown | School: 550e8400-e29b-41d4-a716-446655440000
2026-04-21 23:24:17.672 +05:30 [INF] SmsApi.Middleware.LoggingActionFilter | CorrelationId:beaf11f2811d450ea2c870074d861775 | API Request: GET /api/analytics/dashboard/summary | User: Unknown | School: 550e8400-e29b-41d4-a716-446655440000
2026-04-21 23:24:17.691 +05:30 [INF] SmsApi.Middleware.LoggingActionFilter | CorrelationId:e61f09020e674765b9baaa3789b98925 | API Response: GET /api/academics/academic-years | Status: 200 | Duration: 116ms
2026-04-21 23:24:17.697 +05:30 [INF] SmsApi.Middleware.LoggingActionFilter | CorrelationId:7ef29fa50d3744e29100bda4895718fe | API Response: GET /api/academics/academic-years | Status: 200 | Duration: 117ms
2026-04-21 23:24:17.699 +05:30 [INF] SmsApi.Middleware.LoggingActionFilter | CorrelationId:e62b30c9743743aaaebff0f65cf495a8 | API Response: GET /api/notifications/unread-count | Status: 200 | Duration: 95ms
2026-04-21 23:24:17.713 +05:30 [INF] SmsApi.Middleware.LoggingActionFilter | CorrelationId:8df354c509454eb99ef37d16c1d8b7d7 | API Response: GET /api/settings/school/me | Status: 200 | Duration: 79ms
2026-04-21 23:24:17.745 +05:30 [INF] SmsApi.Middleware.LoggingActionFilter | CorrelationId:02aacf41a3ef4399a0e0db7eaffeff09 | API Response: GET /api/analytics/dashboard/summary | Status: 200 | Duration: 99ms
2026-04-21 23:24:17.749 +05:30 [INF] Serilog.AspNetCore.RequestLoggingMiddleware | CorrelationId:e61f09020e674765b9baaa3789b98925 | HTTP GET /api/academics/academic-years responded 200 in 177.8898 ms
2026-04-21 23:24:17.764 +05:30 [INF] SmsApi.Middleware.LoggingActionFilter | CorrelationId:beaf11f2811d450ea2c870074d861775 | API Response: GET /api/analytics/dashboard/summary | Status: 200 | Duration: 91ms
2026-04-21 23:24:17.776 +05:30 [INF] Serilog.AspNetCore.RequestLoggingMiddleware | CorrelationId:7ef29fa50d3744e29100bda4895718fe | HTTP GET /api/academics/academic-years responded 200 in 196.5996 ms
2026-04-21 23:24:17.833 +05:30 [INF] Serilog.AspNetCore.RequestLoggingMiddleware | CorrelationId:e62b30c9743743aaaebff0f65cf495a8 | HTTP GET /api/notifications/unread-count responded 200 in 231.1918 ms
2026-04-21 23:24:17.846 +05:30 [INF] Serilog.AspNetCore.RequestLoggingMiddleware | CorrelationId:8df354c509454eb99ef37d16c1d8b7d7 | HTTP GET /api/settings/school/me responded 200 in 212.5366 ms
2026-04-21 23:24:17.859 +05:30 [INF] Serilog.AspNetCore.RequestLoggingMiddleware | CorrelationId:02aacf41a3ef4399a0e0db7eaffeff09 | HTTP GET /api/analytics/dashboard/summary responded 200 in 225.5240 ms
2026-04-21 23:24:18.089 +05:30 [INF] Serilog.AspNetCore.RequestLoggingMiddleware | CorrelationId:beaf11f2811d450ea2c870074d861775 | HTTP GET /api/analytics/dashboard/summary responded 200 in 421.2040 ms
2026-04-21 23:24:44.926 +05:30 [INF] Serilog.AspNetCore.RequestLoggingMiddleware | CorrelationId:723e137a2c714cec9deffb05a1b758fb | HTTP OPTIONS /api/academics/academic-years responded 204 in 0.3299 ms
2026-04-21 23:24:45.105 +05:30 [INF] Serilog.AspNetCore.RequestLoggingMiddleware | CorrelationId:e72c3f32dd9941e6875461f0f38de64e | HTTP OPTIONS /api/academics/academic-years responded 204 in 0.0427 ms
2026-04-21 23:24:45.237 +05:30 [INF] Serilog.AspNetCore.RequestLoggingMiddleware | CorrelationId:43ed86a1d1c24be296168ba6d77f9d16 | HTTP GET /api/academics/academic-years responded 401 in 23.2304 ms
2026-04-21 23:24:45.239 +05:30 [INF] Serilog.AspNetCore.RequestLoggingMiddleware | CorrelationId:4f4a7b421a4b42589eb86519c3a96b84 | HTTP GET /api/academics/academic-years responded 401 in 13.8364 ms
2026-04-21 23:24:51.911 +05:30 [INF] Serilog.AspNetCore.RequestLoggingMiddleware | CorrelationId:2860e1bb9c7b4a9697524b516f8a594b | HTTP OPTIONS /api/auth/login responded 204 in 0.0865 ms
2026-04-21 23:24:52.121 +05:30 [INF] SmsApi.Middleware.LoggingActionFilter | CorrelationId:d7ad002010d54445a1e598d20c888a2d | API Request: POST /api/auth/login | User: Unknown | School: Unknown
2026-04-21 23:24:53.888 +05:30 [INF] SmsApi.Controllers.AuthController | CorrelationId:d7ad002010d54445a1e598d20c888a2d | Login successful for superadmin (SchoolId: "00000000-0000-0000-0000-000000000001")
2026-04-21 23:24:53.893 +05:30 [INF] SmsApi.Middleware.LoggingActionFilter | CorrelationId:d7ad002010d54445a1e598d20c888a2d | API Response: POST /api/auth/login | Status: 200 | Duration: 1772ms
2026-04-21 23:24:53.993 +05:30 [INF] Serilog.AspNetCore.RequestLoggingMiddleware | CorrelationId:d7ad002010d54445a1e598d20c888a2d | HTTP POST /api/auth/login responded 200 in 1889.4053 ms
2026-04-21 23:24:54.014 +05:30 [WRN] SmsApi.Infrastructure.Performance.PerformanceMonitoringMiddleware | CorrelationId: | Slow request: POST /api/auth/login took 1815ms — status 200.
2026-04-21 23:24:54.425 +05:30 [INF] Serilog.AspNetCore.RequestLoggingMiddleware | CorrelationId:fcff891962844954842fe71d9b975554 | HTTP OPTIONS /api/settings/school/me responded 204 in 0.0831 ms
2026-04-21 23:24:55.775 +05:30 [WRN] SmsApi.Infrastructure.Performance.PerformanceMonitoringMiddleware | CorrelationId: | Slow request: OPTIONS /api/settings/school/me took 1350ms — status 204.
2026-04-21 23:24:56.717 +05:30 [INF] Serilog.AspNetCore.RequestLoggingMiddleware | CorrelationId:0bcc4e2d3c704e21bc24564a0b10241b | HTTP OPTIONS /api/academics/academic-years responded 204 in 0.2515 ms
2026-04-21 23:24:56.717 +05:30 [INF] Serilog.AspNetCore.RequestLoggingMiddleware | CorrelationId:47a2312c3de246f0a90b29e326e099c2 | HTTP OPTIONS /api/academics/academic-years responded 204 in 0.2504 ms
2026-04-21 23:24:56.846 +05:30 [INF] Serilog.AspNetCore.RequestLoggingMiddleware | CorrelationId:d4a5138316524413809add99dac8f794 | HTTP OPTIONS /api/settings/school/me responded 204 in 0.2706 ms
2026-04-21 23:24:57.180 +05:30 [INF] Serilog.AspNetCore.RequestLoggingMiddleware | CorrelationId:0d176a029c1741df92d99562f071bc2c | HTTP OPTIONS /api/notifications/unread-count responded 204 in 0.2684 ms
2026-04-21 23:24:57.180 +05:30 [INF] Serilog.AspNetCore.RequestLoggingMiddleware | CorrelationId:7dfe05d4ca1044519da5aa7dee394e54 | HTTP OPTIONS /api/school-feature-permissions/stats responded 204 in 0.0300 ms
2026-04-21 23:24:57.865 +05:30 [WRN] SmsApi.Infrastructure.Performance.PerformanceMonitoringMiddleware | CorrelationId: | Slow request: OPTIONS /api/school-feature-permissions/stats took 684ms — status 204.
2026-04-21 23:24:57.720 +05:30 [WRN] SmsApi.Infrastructure.Performance.PerformanceMonitoringMiddleware | CorrelationId: | Slow request: OPTIONS /api/academics/academic-years took 1003ms — status 204.
2026-04-21 23:24:57.750 +05:30 [WRN] SmsApi.Infrastructure.Performance.PerformanceMonitoringMiddleware | CorrelationId: | Slow request: OPTIONS /api/academics/academic-years took 1033ms — status 204.
2026-04-21 23:24:57.803 +05:30 [WRN] SmsApi.Infrastructure.Performance.PerformanceMonitoringMiddleware | CorrelationId: | Slow request: OPTIONS /api/settings/school/me took 956ms — status 204.
2026-04-21 23:24:57.846 +05:30 [WRN] SmsApi.Infrastructure.Performance.PerformanceMonitoringMiddleware | CorrelationId: | Slow request: OPTIONS /api/notifications/unread-count took 666ms — status 204.
2026-04-21 23:24:57.711 +05:30 [INF] Serilog.AspNetCore.RequestLoggingMiddleware | CorrelationId:76c352beb3e64c81ab708ef88f337a67 | HTTP OPTIONS /api/school-feature-permissions/schools/550e8400-e29b-41d4-a716-446655440000 responded 204 in 1.6258 ms
2026-04-21 23:24:58.104 +05:30 [INF] Serilog.AspNetCore.RequestLoggingMiddleware | CorrelationId:c2357a0f6d604c9d8d11c14ed2a64421 | HTTP OPTIONS /api/school-feature-permissions/schools responded 204 in 0.0318 ms
2026-04-21 23:24:58.236 +05:30 [INF] Serilog.AspNetCore.RequestLoggingMiddleware | CorrelationId:8529e6ece7bc4e3c8bf409f5604dcdf1 | HTTP OPTIONS /api/school-feature-permissions/stats responded 204 in 0.0356 ms
2026-04-21 23:24:58.281 +05:30 [INF] Serilog.AspNetCore.RequestLoggingMiddleware | CorrelationId:09cd86093e464dcb944e7dcbfcad659e | HTTP OPTIONS /api/school-feature-permissions/schools/550e8400-e29b-41d4-a716-446655440000 responded 204 in 0.0578 ms
2026-04-21 23:24:58.343 +05:30 [INF] Serilog.AspNetCore.RequestLoggingMiddleware | CorrelationId:65c6f0ad0a3e4fa384784c3e46a4ce68 | HTTP OPTIONS /api/school-feature-permissions/schools responded 204 in 0.0364 ms
2026-04-21 23:24:58.422 +05:30 [INF] SmsApi.Middleware.LoggingActionFilter | CorrelationId:089832b5ef354e55a457a997b1cd05f1 | API Request: GET /api/school-feature-permissions/stats | User: Unknown | School: 00000000-0000-0000-0000-000000000001
2026-04-21 23:24:58.462 +05:30 [WRN] SmsApi.Infrastructure.Performance.PerformanceMonitoringMiddleware | CorrelationId: | Slow request: OPTIONS /api/school-feature-permissions/schools/550e8400-e29b-41d4-a716-446655440000 took 752ms — status 204.
2026-04-21 23:24:58.529 +05:30 [INF] SmsApi.Middleware.LoggingActionFilter | CorrelationId:edc3f68bc68b4ce8bac25e9be34a7f30 | API Request: GET /api/academics/academic-years | User: Unknown | School: 00000000-0000-0000-0000-000000000001
2026-04-21 23:24:58.572 +05:30 [INF] SmsApi.Middleware.LoggingActionFilter | CorrelationId:d79800569f954c8e959b99d366f4b412 | API Request: GET /api/academics/academic-years | User: Unknown | School: 00000000-0000-0000-0000-000000000001
2026-04-21 23:24:58.597 +05:30 [INF] SmsApi.Middleware.LoggingActionFilter | CorrelationId:b294bc79b984411792244332f914cd81 | API Request: GET /api/settings/school/me | User: Unknown | School: 00000000-0000-0000-0000-000000000001
2026-04-21 23:24:58.611 +05:30 [INF] SmsApi.Middleware.LoggingActionFilter | CorrelationId:2ee7295381894faba67915d9c725d00d | API Request: GET /api/notifications/unread-count | User: Unknown | School: 00000000-0000-0000-0000-000000000001
2026-04-21 23:24:58.667 +05:30 [INF] SmsApi.Middleware.LoggingActionFilter | CorrelationId:089832b5ef354e55a457a997b1cd05f1 | API Response: GET /api/school-feature-permissions/stats | Status: 200 | Duration: 245ms
2026-04-21 23:24:58.703 +05:30 [INF] SmsApi.Middleware.LoggingActionFilter | CorrelationId:35ad69a4cf28444cb76a75e0bd68a57e | API Request: GET /api/school-feature-permissions/schools | User: Unknown | School: 00000000-0000-0000-0000-000000000001
2026-04-21 23:24:58.709 +05:30 [INF] SmsApi.Middleware.LoggingActionFilter | CorrelationId:edc3f68bc68b4ce8bac25e9be34a7f30 | API Response: GET /api/academics/academic-years | Status: 200 | Duration: 180ms
2026-04-21 23:24:58.749 +05:30 [INF] SmsApi.Middleware.LoggingActionFilter | CorrelationId:d79800569f954c8e959b99d366f4b412 | API Response: GET /api/academics/academic-years | Status: 200 | Duration: 177ms
2026-04-21 23:24:58.779 +05:30 [INF] SmsApi.Middleware.LoggingActionFilter | CorrelationId:2ee7295381894faba67915d9c725d00d | API Response: GET /api/notifications/unread-count | Status: 200 | Duration: 168ms
2026-04-21 23:24:58.780 +05:30 [INF] SmsApi.Middleware.LoggingActionFilter | CorrelationId:b294bc79b984411792244332f914cd81 | API Response: GET /api/settings/school/me | Status: 200 | Duration: 182ms
2026-04-21 23:24:58.810 +05:30 [INF] Serilog.AspNetCore.RequestLoggingMiddleware | CorrelationId:089832b5ef354e55a457a997b1cd05f1 | HTTP GET /api/school-feature-permissions/stats responded 200 in 411.0075 ms
2026-04-21 23:24:58.936 +05:30 [INF] Serilog.AspNetCore.RequestLoggingMiddleware | CorrelationId:edc3f68bc68b4ce8bac25e9be34a7f30 | HTTP GET /api/academics/academic-years responded 200 in 408.5610 ms
2026-04-21 23:24:58.939 +05:30 [INF] SmsApi.Middleware.LoggingActionFilter | CorrelationId:35ad69a4cf28444cb76a75e0bd68a57e | API Response: GET /api/school-feature-permissions/schools | Status: 200 | Duration: 236ms
2026-04-21 23:24:58.977 +05:30 [INF] Serilog.AspNetCore.RequestLoggingMiddleware | CorrelationId:d79800569f954c8e959b99d366f4b412 | HTTP GET /api/academics/academic-years responded 200 in 406.3063 ms
2026-04-21 23:24:59.023 +05:30 [INF] Serilog.AspNetCore.RequestLoggingMiddleware | CorrelationId:2ee7295381894faba67915d9c725d00d | HTTP GET /api/notifications/unread-count responded 200 in 423.3940 ms
2026-04-21 23:24:59.065 +05:30 [INF] Serilog.AspNetCore.RequestLoggingMiddleware | CorrelationId:b294bc79b984411792244332f914cd81 | HTTP GET /api/settings/school/me responded 200 in 479.6215 ms
2026-04-21 23:24:59.130 +05:30 [INF] SmsApi.Middleware.LoggingActionFilter | CorrelationId:99b3a947a3004dc6957f8fdaf95bb98b | API Request: GET /api/school-feature-permissions/stats | User: Unknown | School: 00000000-0000-0000-0000-000000000001
2026-04-21 23:24:59.206 +05:30 [INF] SmsApi.Middleware.LoggingActionFilter | CorrelationId:4ef2dae7296e4102a91344f714e204af | API Request: GET /api/school-feature-permissions/schools/550e8400-e29b-41d4-a716-446655440000 | User: Unknown | School: 00000000-0000-0000-0000-000000000001
2026-04-21 23:24:59.208 +05:30 [INF] Serilog.AspNetCore.RequestLoggingMiddleware | CorrelationId:35ad69a4cf28444cb76a75e0bd68a57e | HTTP GET /api/school-feature-permissions/schools responded 200 in 513.9317 ms
2026-04-21 23:24:59.279 +05:30 [INF] SmsApi.Middleware.LoggingActionFilter | CorrelationId:8b95f370c867490ea495d60ce51409b7 | API Request: GET /api/school-feature-permissions/schools | User: Unknown | School: 00000000-0000-0000-0000-000000000001
2026-04-21 23:24:59.348 +05:30 [INF] SmsApi.Middleware.LoggingActionFilter | CorrelationId:f0e6d0d7241b4ec3956babd9a1e1c576 | API Request: GET /api/school-feature-permissions/schools/550e8400-e29b-41d4-a716-446655440000 | User: Unknown | School: 00000000-0000-0000-0000-000000000001
2026-04-21 23:24:59.488 +05:30 [INF] SmsApi.Middleware.LoggingActionFilter | CorrelationId:99b3a947a3004dc6957f8fdaf95bb98b | API Response: GET /api/school-feature-permissions/stats | Status: 200 | Duration: 357ms
2026-04-21 23:24:59.547 +05:30 [INF] SmsApi.Middleware.LoggingActionFilter | CorrelationId:4ef2dae7296e4102a91344f714e204af | API Response: GET /api/school-feature-permissions/schools/550e8400-e29b-41d4-a716-446655440000 | Status: 200 | Duration: 340ms
2026-04-21 23:24:59.663 +05:30 [WRN] SmsApi.Infrastructure.Performance.PerformanceMonitoringMiddleware | CorrelationId: | Slow request: GET /api/school-feature-permissions/schools took 513ms — status 200.
2026-04-21 23:24:59.683 +05:30 [INF] SmsApi.Middleware.LoggingActionFilter | CorrelationId:8b95f370c867490ea495d60ce51409b7 | API Response: GET /api/school-feature-permissions/schools | Status: 200 | Duration: 403ms
2026-04-21 23:24:59.748 +05:30 [INF] SmsApi.Middleware.LoggingActionFilter | CorrelationId:f0e6d0d7241b4ec3956babd9a1e1c576 | API Response: GET /api/school-feature-permissions/schools/550e8400-e29b-41d4-a716-446655440000 | Status: 200 | Duration: 399ms
2026-04-21 23:24:59.786 +05:30 [INF] Serilog.AspNetCore.RequestLoggingMiddleware | CorrelationId:99b3a947a3004dc6957f8fdaf95bb98b | HTTP GET /api/school-feature-permissions/stats responded 200 in 656.8700 ms
2026-04-21 23:24:59.789 +05:30 [INF] Serilog.AspNetCore.RequestLoggingMiddleware | CorrelationId:4ef2dae7296e4102a91344f714e204af | HTTP GET /api/school-feature-permissions/schools/550e8400-e29b-41d4-a716-446655440000 responded 200 in 583.5298 ms
2026-04-21 23:24:59.858 +05:30 [INF] Serilog.AspNetCore.RequestLoggingMiddleware | CorrelationId:8b95f370c867490ea495d60ce51409b7 | HTTP GET /api/school-feature-permissions/schools responded 200 in 583.6870 ms
2026-04-21 23:24:59.920 +05:30 [INF] Serilog.AspNetCore.RequestLoggingMiddleware | CorrelationId:f0e6d0d7241b4ec3956babd9a1e1c576 | HTTP GET /api/school-feature-permissions/schools/550e8400-e29b-41d4-a716-446655440000 responded 200 in 591.6866 ms
2026-04-21 23:24:59.943 +05:30 [WRN] SmsApi.Infrastructure.Performance.PerformanceMonitoringMiddleware | CorrelationId: | Slow request: GET /api/school-feature-permissions/stats took 656ms — status 200.
2026-04-21 23:24:59.971 +05:30 [WRN] SmsApi.Infrastructure.Performance.PerformanceMonitoringMiddleware | CorrelationId: | Slow request: GET /api/school-feature-permissions/schools/550e8400-e29b-41d4-a716-446655440000 took 583ms — status 200.
2026-04-21 23:25:00.041 +05:30 [WRN] SmsApi.Infrastructure.Performance.PerformanceMonitoringMiddleware | CorrelationId: | Slow request: GET /api/school-feature-permissions/schools took 583ms — status 200.
2026-04-21 23:25:00.074 +05:30 [WRN] SmsApi.Infrastructure.Performance.PerformanceMonitoringMiddleware | CorrelationId: | Slow request: GET /api/school-feature-permissions/schools/550e8400-e29b-41d4-a716-446655440000 took 591ms — status 200.
