2026-04-19 13:10:02.855 +05:30 [INF]  | CorrelationId: | Using distributed in-memory cache (development only)
2026-04-19 13:10:05.535 +05:30 [WRN] Microsoft.EntityFrameworkCore.Model.Validation | CorrelationId: | Entity 'Staff' has a global query filter defined and is the required end of a relationship with the entity 'Certificate'. This may lead to unexpected results when the required entity is filtered out. Either configure the navigation as optional, or define matching query filters for both entities in the navigation. See https://go.microsoft.com/fwlink/?linkid=2131316 for more information.
2026-04-19 13:10:05.550 +05:30 [WRN] Microsoft.EntityFrameworkCore.Model.Validation | CorrelationId: | Entity 'School' has a global query filter defined and is the required end of a relationship with the entity 'CertificateTemplate'. This may lead to unexpected results when the required entity is filtered out. Either configure the navigation as optional, or define matching query filters for both entities in the navigation. See https://go.microsoft.com/fwlink/?linkid=2131316 for more information.
2026-04-19 13:10:05.558 +05:30 [WRN] Microsoft.EntityFrameworkCore.Model.Validation | CorrelationId: | Entity 'School' has a global query filter defined and is the required end of a relationship with the entity 'Document'. This may lead to unexpected results when the required entity is filtered out. Either configure the navigation as optional, or define matching query filters for both entities in the navigation. See https://go.microsoft.com/fwlink/?linkid=2131316 for more information.
2026-04-19 13:10:05.564 +05:30 [WRN] Microsoft.EntityFrameworkCore.Model.Validation | CorrelationId: | Entity 'School' has a global query filter defined and is the required end of a relationship with the entity 'DocumentCategory'. This may lead to unexpected results when the required entity is filtered out. Either configure the navigation as optional, or define matching query filters for both entities in the navigation. See https://go.microsoft.com/fwlink/?linkid=2131316 for more information.
2026-04-19 13:10:05.571 +05:30 [WRN] Microsoft.EntityFrameworkCore.Model.Validation | CorrelationId: | Entity 'School' has a global query filter defined and is the required end of a relationship with the entity 'FeeAuditLog'. This may lead to unexpected results when the required entity is filtered out. Either configure the navigation as optional, or define matching query filters for both entities in the navigation. See https://go.microsoft.com/fwlink/?linkid=2131316 for more information.
2026-04-19 13:10:05.579 +05:30 [WRN] Microsoft.EntityFrameworkCore.Model.Validation | CorrelationId: | Entity 'School' has a global query filter defined and is the required end of a relationship with the entity 'Holiday'. This may lead to unexpected results when the required entity is filtered out. Either configure the navigation as optional, or define matching query filters for both entities in the navigation. See https://go.microsoft.com/fwlink/?linkid=2131316 for more information.
2026-04-19 13:10:05.589 +05:30 [WRN] Microsoft.EntityFrameworkCore.Model.Validation | CorrelationId: | Entity 'School' has a global query filter defined and is the required end of a relationship with the entity 'IDCard'. This may lead to unexpected results when the required entity is filtered out. Either configure the navigation as optional, or define matching query filters for both entities in the navigation. See https://go.microsoft.com/fwlink/?linkid=2131316 for more information.
2026-04-19 13:10:05.591 +05:30 [WRN] Microsoft.EntityFrameworkCore.Model.Validation | CorrelationId: | Entity 'School' has a global query filter defined and is the required end of a relationship with the entity 'IDCardTemplate'. This may lead to unexpected results when the required entity is filtered out. Either configure the navigation as optional, or define matching query filters for both entities in the navigation. See https://go.microsoft.com/fwlink/?linkid=2131316 for more information.
2026-04-19 13:10:05.593 +05:30 [WRN] Microsoft.EntityFrameworkCore.Model.Validation | CorrelationId: | Entity 'UserLogin' has a global query filter defined and is the required end of a relationship with the entity 'PasswordResetToken'. This may lead to unexpected results when the required entity is filtered out. Either configure the navigation as optional, or define matching query filters for both entities in the navigation. See https://go.microsoft.com/fwlink/?linkid=2131316 for more information.
2026-04-19 13:10:05.596 +05:30 [WRN] Microsoft.EntityFrameworkCore.Model.Validation | CorrelationId: | Entity 'School' has a global query filter defined and is the required end of a relationship with the entity 'PromotionHistory'. This may lead to unexpected results when the required entity is filtered out. Either configure the navigation as optional, or define matching query filters for both entities in the navigation. See https://go.microsoft.com/fwlink/?linkid=2131316 for more information.
2026-04-19 13:10:05.699 +05:30 [WRN] Microsoft.EntityFrameworkCore.Model.Validation | CorrelationId: | The foreign key property 'Staff.ReportingToId1' was created in shadow state because a conflicting property with the simple name 'ReportingToId' exists in the entity type, but is either not mapped, is already used for another relationship, or is incompatible with the associated primary key type. See https://aka.ms/efcore-relationships for information on mapping relationships in EF Core.
2026-04-19 13:10:07.200 +05:30 [INF] Program | CorrelationId: | Database migrations applied successfully.
2026-04-19 13:10:08.587 +05:30 [ERR] Microsoft.Extensions.Hosting.Internal.Host | CorrelationId: | Hosting failed to start
System.IO.IOException: Failed to bind to address http://127.0.0.1:5092: address already in use.
 ---> Microsoft.AspNetCore.Connections.AddressInUseException: Only one usage of each socket address (protocol/network address/port) is normally permitted.
 ---> System.Net.Sockets.SocketException (10048): Only one usage of each socket address (protocol/network address/port) is normally permitted.
   at System.Net.Sockets.Socket.UpdateStatusAfterSocketErrorAndThrowException(SocketError error, Boolean disconnectOnFailure, String callerName)
   at System.Net.Sockets.Socket.DoBind(EndPoint endPointSnapshot, SocketAddress socketAddress)
   at System.Net.Sockets.Socket.Bind(EndPoint localEP)
   at Microsoft.AspNetCore.Server.Kestrel.Transport.Sockets.SocketTransportOptions.CreateDefaultBoundListenSocket(EndPoint endpoint)
   at Microsoft.AspNetCore.Server.Kestrel.Transport.Sockets.SocketConnectionListener.Bind()
   --- End of inner exception stack trace ---
   at Microsoft.AspNetCore.Server.Kestrel.Transport.Sockets.SocketConnectionListener.Bind()
   at Microsoft.AspNetCore.Server.Kestrel.Transport.Sockets.SocketTransportFactory.BindAsync(EndPoint endpoint, CancellationToken cancellationToken)
   at Microsoft.AspNetCore.Server.Kestrel.Core.Internal.Infrastructure.TransportManager.BindAsync(EndPoint endPoint, ConnectionDelegate connectionDelegate, EndpointConfig endpointConfig, CancellationToken cancellationToken)
   at Microsoft.AspNetCore.Server.Kestrel.Core.KestrelServerImpl.<>c__DisplayClass28_0`1.<<StartAsync>g__OnBind|0>d.MoveNext()
--- End of stack trace from previous location ---
   at Microsoft.AspNetCore.Server.Kestrel.Core.Internal.AddressBinder.BindEndpointAsync(ListenOptions endpoint, AddressBindContext context, CancellationToken cancellationToken)
   --- End of inner exception stack trace ---
   at Microsoft.AspNetCore.Server.Kestrel.Core.Internal.AddressBinder.BindEndpointAsync(ListenOptions endpoint, AddressBindContext context, CancellationToken cancellationToken)
   at Microsoft.AspNetCore.Server.Kestrel.Core.LocalhostListenOptions.BindAsync(AddressBindContext context, CancellationToken cancellationToken)
   at Microsoft.AspNetCore.Server.Kestrel.Core.Internal.AddressBinder.AddressesStrategy.BindAsync(AddressBindContext context, CancellationToken cancellationToken)
   at Microsoft.AspNetCore.Server.Kestrel.Core.Internal.AddressBinder.BindAsync(ListenOptions[] listenOptions, AddressBindContext context, Func`2 useHttps, CancellationToken cancellationToken)
   at Microsoft.AspNetCore.Server.Kestrel.Core.KestrelServerImpl.BindAsync(CancellationToken cancellationToken)
   at Microsoft.AspNetCore.Server.Kestrel.Core.KestrelServerImpl.StartAsync[TContext](IHttpApplication`1 application, CancellationToken cancellationToken)
   at Microsoft.AspNetCore.Hosting.GenericWebHostService.StartAsync(CancellationToken cancellationToken)
   at Microsoft.Extensions.Hosting.Internal.Host.<StartAsync>b__15_1(IHostedService service, CancellationToken token)
   at Microsoft.Extensions.Hosting.Internal.Host.ForeachService[T](IEnumerable`1 services, CancellationToken token, Boolean concurrent, Boolean abortOnFirstException, List`1 exceptions, Func`3 operation)
2026-04-19 13:10:08.673 +05:30 [FTL]  | CorrelationId: | Application terminated unexpectedly
System.IO.IOException: Failed to bind to address http://127.0.0.1:5092: address already in use.
 ---> Microsoft.AspNetCore.Connections.AddressInUseException: Only one usage of each socket address (protocol/network address/port) is normally permitted.
 ---> System.Net.Sockets.SocketException (10048): Only one usage of each socket address (protocol/network address/port) is normally permitted.
   at System.Net.Sockets.Socket.UpdateStatusAfterSocketErrorAndThrowException(SocketError error, Boolean disconnectOnFailure, String callerName)
   at System.Net.Sockets.Socket.DoBind(EndPoint endPointSnapshot, SocketAddress socketAddress)
   at System.Net.Sockets.Socket.Bind(EndPoint localEP)
   at Microsoft.AspNetCore.Server.Kestrel.Transport.Sockets.SocketTransportOptions.CreateDefaultBoundListenSocket(EndPoint endpoint)
   at Microsoft.AspNetCore.Server.Kestrel.Transport.Sockets.SocketConnectionListener.Bind()
   --- End of inner exception stack trace ---
   at Microsoft.AspNetCore.Server.Kestrel.Transport.Sockets.SocketConnectionListener.Bind()
   at Microsoft.AspNetCore.Server.Kestrel.Transport.Sockets.SocketTransportFactory.BindAsync(EndPoint endpoint, CancellationToken cancellationToken)
   at Microsoft.AspNetCore.Server.Kestrel.Core.Internal.Infrastructure.TransportManager.BindAsync(EndPoint endPoint, ConnectionDelegate connectionDelegate, EndpointConfig endpointConfig, CancellationToken cancellationToken)
   at Microsoft.AspNetCore.Server.Kestrel.Core.KestrelServerImpl.<>c__DisplayClass28_0`1.<<StartAsync>g__OnBind|0>d.MoveNext()
--- End of stack trace from previous location ---
   at Microsoft.AspNetCore.Server.Kestrel.Core.Internal.AddressBinder.BindEndpointAsync(ListenOptions endpoint, AddressBindContext context, CancellationToken cancellationToken)
   --- End of inner exception stack trace ---
   at Microsoft.AspNetCore.Server.Kestrel.Core.Internal.AddressBinder.BindEndpointAsync(ListenOptions endpoint, AddressBindContext context, CancellationToken cancellationToken)
   at Microsoft.AspNetCore.Server.Kestrel.Core.LocalhostListenOptions.BindAsync(AddressBindContext context, CancellationToken cancellationToken)
   at Microsoft.AspNetCore.Server.Kestrel.Core.Internal.AddressBinder.AddressesStrategy.BindAsync(AddressBindContext context, CancellationToken cancellationToken)
   at Microsoft.AspNetCore.Server.Kestrel.Core.Internal.AddressBinder.BindAsync(ListenOptions[] listenOptions, AddressBindContext context, Func`2 useHttps, CancellationToken cancellationToken)
   at Microsoft.AspNetCore.Server.Kestrel.Core.KestrelServerImpl.BindAsync(CancellationToken cancellationToken)
   at Microsoft.AspNetCore.Server.Kestrel.Core.KestrelServerImpl.StartAsync[TContext](IHttpApplication`1 application, CancellationToken cancellationToken)
   at Microsoft.AspNetCore.Hosting.GenericWebHostService.StartAsync(CancellationToken cancellationToken)
   at Microsoft.Extensions.Hosting.Internal.Host.<StartAsync>b__15_1(IHostedService service, CancellationToken token)
   at Microsoft.Extensions.Hosting.Internal.Host.ForeachService[T](IEnumerable`1 services, CancellationToken token, Boolean concurrent, Boolean abortOnFirstException, List`1 exceptions, Func`3 operation)
   at Microsoft.Extensions.Hosting.Internal.Host.StartAsync(CancellationToken cancellationToken)
   at Microsoft.Extensions.Hosting.HostingAbstractionsHostExtensions.RunAsync(IHost host, CancellationToken token)
   at Microsoft.Extensions.Hosting.HostingAbstractionsHostExtensions.RunAsync(IHost host, CancellationToken token)
   at Microsoft.Extensions.Hosting.HostingAbstractionsHostExtensions.Run(IHost host)
   at Program.<Main>$(String[] args) in C:\Vitana\Vitana Group\sms-api\Program.cs:line 513
2026-04-19 13:10:44.082 +05:30 [INF]  | CorrelationId: | Using distributed in-memory cache (development only)
2026-04-19 13:10:51.958 +05:30 [WRN] Microsoft.EntityFrameworkCore.Model.Validation | CorrelationId: | Entity 'Staff' has a global query filter defined and is the required end of a relationship with the entity 'Certificate'. This may lead to unexpected results when the required entity is filtered out. Either configure the navigation as optional, or define matching query filters for both entities in the navigation. See https://go.microsoft.com/fwlink/?linkid=2131316 for more information.
2026-04-19 13:10:52.138 +05:30 [WRN] Microsoft.EntityFrameworkCore.Model.Validation | CorrelationId: | Entity 'School' has a global query filter defined and is the required end of a relationship with the entity 'CertificateTemplate'. This may lead to unexpected results when the required entity is filtered out. Either configure the navigation as optional, or define matching query filters for both entities in the navigation. See https://go.microsoft.com/fwlink/?linkid=2131316 for more information.
2026-04-19 13:10:52.300 +05:30 [WRN] Microsoft.EntityFrameworkCore.Model.Validation | CorrelationId: | Entity 'School' has a global query filter defined and is the required end of a relationship with the entity 'Document'. This may lead to unexpected results when the required entity is filtered out. Either configure the navigation as optional, or define matching query filters for both entities in the navigation. See https://go.microsoft.com/fwlink/?linkid=2131316 for more information.
2026-04-19 13:10:52.367 +05:30 [WRN] Microsoft.EntityFrameworkCore.Model.Validation | CorrelationId: | Entity 'School' has a global query filter defined and is the required end of a relationship with the entity 'DocumentCategory'. This may lead to unexpected results when the required entity is filtered out. Either configure the navigation as optional, or define matching query filters for both entities in the navigation. See https://go.microsoft.com/fwlink/?linkid=2131316 for more information.
2026-04-19 13:10:52.992 +05:30 [WRN] Microsoft.EntityFrameworkCore.Model.Validation | CorrelationId: | Entity 'School' has a global query filter defined and is the required end of a relationship with the entity 'FeeAuditLog'. This may lead to unexpected results when the required entity is filtered out. Either configure the navigation as optional, or define matching query filters for both entities in the navigation. See https://go.microsoft.com/fwlink/?linkid=2131316 for more information.
2026-04-19 13:10:53.334 +05:30 [WRN] Microsoft.EntityFrameworkCore.Model.Validation | CorrelationId: | Entity 'School' has a global query filter defined and is the required end of a relationship with the entity 'Holiday'. This may lead to unexpected results when the required entity is filtered out. Either configure the navigation as optional, or define matching query filters for both entities in the navigation. See https://go.microsoft.com/fwlink/?linkid=2131316 for more information.
2026-04-19 13:10:53.421 +05:30 [WRN] Microsoft.EntityFrameworkCore.Model.Validation | CorrelationId: | Entity 'School' has a global query filter defined and is the required end of a relationship with the entity 'IDCard'. This may lead to unexpected results when the required entity is filtered out. Either configure the navigation as optional, or define matching query filters for both entities in the navigation. See https://go.microsoft.com/fwlink/?linkid=2131316 for more information.
2026-04-19 13:10:53.926 +05:30 [WRN] Microsoft.EntityFrameworkCore.Model.Validation | CorrelationId: | Entity 'School' has a global query filter defined and is the required end of a relationship with the entity 'IDCardTemplate'. This may lead to unexpected results when the required entity is filtered out. Either configure the navigation as optional, or define matching query filters for both entities in the navigation. See https://go.microsoft.com/fwlink/?linkid=2131316 for more information.
2026-04-19 13:10:54.224 +05:30 [WRN] Microsoft.EntityFrameworkCore.Model.Validation | CorrelationId: | Entity 'UserLogin' has a global query filter defined and is the required end of a relationship with the entity 'PasswordResetToken'. This may lead to unexpected results when the required entity is filtered out. Either configure the navigation as optional, or define matching query filters for both entities in the navigation. See https://go.microsoft.com/fwlink/?linkid=2131316 for more information.
2026-04-19 13:10:54.451 +05:30 [WRN] Microsoft.EntityFrameworkCore.Model.Validation | CorrelationId: | Entity 'School' has a global query filter defined and is the required end of a relationship with the entity 'PromotionHistory'. This may lead to unexpected results when the required entity is filtered out. Either configure the navigation as optional, or define matching query filters for both entities in the navigation. See https://go.microsoft.com/fwlink/?linkid=2131316 for more information.
2026-04-19 13:10:55.275 +05:30 [WRN] Microsoft.EntityFrameworkCore.Model.Validation | CorrelationId: | The foreign key property 'Staff.ReportingToId1' was created in shadow state because a conflicting property with the simple name 'ReportingToId' exists in the entity type, but is either not mapped, is already used for another relationship, or is incompatible with the associated primary key type. See https://aka.ms/efcore-relationships for information on mapping relationships in EF Core.
2026-04-19 13:10:57.390 +05:30 [INF] Program | CorrelationId: | Database migrations applied successfully.
2026-04-19 13:10:58.807 +05:30 [INF] Microsoft.Hosting.Lifetime | CorrelationId: | Now listening on: http://localhost:5092
2026-04-19 13:10:58.810 +05:30 [INF] Microsoft.Hosting.Lifetime | CorrelationId: | Application started. Press Ctrl+C to shut down.
2026-04-19 13:10:58.815 +05:30 [INF] Microsoft.Hosting.Lifetime | CorrelationId: | Hosting environment: Development
2026-04-19 13:10:58.819 +05:30 [INF] Microsoft.Hosting.Lifetime | CorrelationId: | Content root path: C:\Vitana\Vitana Group\sms-api
2026-04-19 13:11:59.764 +05:30 [WRN] Microsoft.AspNetCore.HttpsPolicy.HttpsRedirectionMiddleware | CorrelationId:6b80c9f6e39d4e7abfdb115be4b33761 | Failed to determine the https port for redirect.
2026-04-19 13:12:00.156 +05:30 [INF] Serilog.AspNetCore.RequestLoggingMiddleware | CorrelationId:6b80c9f6e39d4e7abfdb115be4b33761 | HTTP POST /api/Auth/login responded 400 in 412.7643 ms
2026-04-19 13:12:00.450 +05:30 [INF] Serilog.AspNetCore.RequestLoggingMiddleware | CorrelationId:abdeee0a6e464b63b8bb786870183c9f | HTTP GET /api/LeaveManagement/types responded 401 in 12.1889 ms
2026-04-19 13:12:29.539 +05:30 [INF] SmsApi.Middleware.LoggingActionFilter | CorrelationId:c1358bbfc10d4b25b8d30858e52fe14d | API Request: POST /api/Auth/login | User: Unknown | School: Unknown
2026-04-19 13:12:30.323 +05:30 [INF] SmsApi.Controllers.AuthController | CorrelationId:c1358bbfc10d4b25b8d30858e52fe14d | Login successful for admin (SchoolId: "550e8400-e29b-41d4-a716-446655440000")
2026-04-19 13:12:30.328 +05:30 [INF] SmsApi.Middleware.LoggingActionFilter | CorrelationId:c1358bbfc10d4b25b8d30858e52fe14d | API Response: POST /api/Auth/login | Status: 200 | Duration: 790ms
2026-04-19 13:12:30.369 +05:30 [INF] Serilog.AspNetCore.RequestLoggingMiddleware | CorrelationId:c1358bbfc10d4b25b8d30858e52fe14d | HTTP POST /api/Auth/login responded 200 in 841.2671 ms
2026-04-19 13:12:30.377 +05:30 [WRN] SmsApi.Infrastructure.Performance.PerformanceMonitoringMiddleware | CorrelationId: | Slow request: POST /api/Auth/login took 837ms — status 200.
2026-04-19 13:12:30.569 +05:30 [INF] SmsApi.Middleware.LoggingActionFilter | CorrelationId:59366fed89d94b91a477e21f4649f390 | API Request: GET /api/LeaveManagement/types | User: Unknown | School: 550e8400-e29b-41d4-a716-446655440000
2026-04-19 13:12:30.602 +05:30 [INF] SmsApi.Middleware.LoggingActionFilter | CorrelationId:59366fed89d94b91a477e21f4649f390 | API Response: GET /api/LeaveManagement/types | Status: 200 | Duration: 33ms
2026-04-19 13:12:30.609 +05:30 [INF] Serilog.AspNetCore.RequestLoggingMiddleware | CorrelationId:59366fed89d94b91a477e21f4649f390 | HTTP GET /api/LeaveManagement/types responded 200 in 83.9973 ms
2026-04-19 13:13:34.335 +05:30 [INF]  | CorrelationId: | Using distributed in-memory cache (development only)
2026-04-19 13:13:36.665 +05:30 [WRN] Microsoft.EntityFrameworkCore.Model.Validation | CorrelationId: | Entity 'Staff' has a global query filter defined and is the required end of a relationship with the entity 'Certificate'. This may lead to unexpected results when the required entity is filtered out. Either configure the navigation as optional, or define matching query filters for both entities in the navigation. See https://go.microsoft.com/fwlink/?linkid=2131316 for more information.
2026-04-19 13:13:36.667 +05:30 [WRN] Microsoft.EntityFrameworkCore.Model.Validation | CorrelationId: | Entity 'School' has a global query filter defined and is the required end of a relationship with the entity 'CertificateTemplate'. This may lead to unexpected results when the required entity is filtered out. Either configure the navigation as optional, or define matching query filters for both entities in the navigation. See https://go.microsoft.com/fwlink/?linkid=2131316 for more information.
2026-04-19 13:13:36.669 +05:30 [WRN] Microsoft.EntityFrameworkCore.Model.Validation | CorrelationId: | Entity 'School' has a global query filter defined and is the required end of a relationship with the entity 'Document'. This may lead to unexpected results when the required entity is filtered out. Either configure the navigation as optional, or define matching query filters for both entities in the navigation. See https://go.microsoft.com/fwlink/?linkid=2131316 for more information.
2026-04-19 13:13:36.671 +05:30 [WRN] Microsoft.EntityFrameworkCore.Model.Validation | CorrelationId: | Entity 'School' has a global query filter defined and is the required end of a relationship with the entity 'DocumentCategory'. This may lead to unexpected results when the required entity is filtered out. Either configure the navigation as optional, or define matching query filters for both entities in the navigation. See https://go.microsoft.com/fwlink/?linkid=2131316 for more information.
2026-04-19 13:13:36.675 +05:30 [WRN] Microsoft.EntityFrameworkCore.Model.Validation | CorrelationId: | Entity 'School' has a global query filter defined and is the required end of a relationship with the entity 'FeeAuditLog'. This may lead to unexpected results when the required entity is filtered out. Either configure the navigation as optional, or define matching query filters for both entities in the navigation. See https://go.microsoft.com/fwlink/?linkid=2131316 for more information.
2026-04-19 13:13:36.678 +05:30 [WRN] Microsoft.EntityFrameworkCore.Model.Validation | CorrelationId: | Entity 'School' has a global query filter defined and is the required end of a relationship with the entity 'Holiday'. This may lead to unexpected results when the required entity is filtered out. Either configure the navigation as optional, or define matching query filters for both entities in the navigation. See https://go.microsoft.com/fwlink/?linkid=2131316 for more information.
2026-04-19 13:13:36.681 +05:30 [WRN] Microsoft.EntityFrameworkCore.Model.Validation | CorrelationId: | Entity 'School' has a global query filter defined and is the required end of a relationship with the entity 'IDCard'. This may lead to unexpected results when the required entity is filtered out. Either configure the navigation as optional, or define matching query filters for both entities in the navigation. See https://go.microsoft.com/fwlink/?linkid=2131316 for more information.
2026-04-19 13:13:36.683 +05:30 [WRN] Microsoft.EntityFrameworkCore.Model.Validation | CorrelationId: | Entity 'School' has a global query filter defined and is the required end of a relationship with the entity 'IDCardTemplate'. This may lead to unexpected results when the required entity is filtered out. Either configure the navigation as optional, or define matching query filters for both entities in the navigation. See https://go.microsoft.com/fwlink/?linkid=2131316 for more information.
2026-04-19 13:13:36.686 +05:30 [WRN] Microsoft.EntityFrameworkCore.Model.Validation | CorrelationId: | Entity 'UserLogin' has a global query filter defined and is the required end of a relationship with the entity 'PasswordResetToken'. This may lead to unexpected results when the required entity is filtered out. Either configure the navigation as optional, or define matching query filters for both entities in the navigation. See https://go.microsoft.com/fwlink/?linkid=2131316 for more information.
2026-04-19 13:13:36.691 +05:30 [WRN] Microsoft.EntityFrameworkCore.Model.Validation | CorrelationId: | Entity 'School' has a global query filter defined and is the required end of a relationship with the entity 'PromotionHistory'. This may lead to unexpected results when the required entity is filtered out. Either configure the navigation as optional, or define matching query filters for both entities in the navigation. See https://go.microsoft.com/fwlink/?linkid=2131316 for more information.
2026-04-19 13:13:36.768 +05:30 [WRN] Microsoft.EntityFrameworkCore.Model.Validation | CorrelationId: | The foreign key property 'Staff.ReportingToId1' was created in shadow state because a conflicting property with the simple name 'ReportingToId' exists in the entity type, but is either not mapped, is already used for another relationship, or is incompatible with the associated primary key type. See https://aka.ms/efcore-relationships for information on mapping relationships in EF Core.
2026-04-19 13:13:38.113 +05:30 [INF] Program | CorrelationId: | Database migrations applied successfully.
2026-04-19 13:13:40.417 +05:30 [INF] Microsoft.Hosting.Lifetime | CorrelationId: | Now listening on: http://localhost:5092
2026-04-19 13:13:40.421 +05:30 [INF] Microsoft.Hosting.Lifetime | CorrelationId: | Application started. Press Ctrl+C to shut down.
2026-04-19 13:13:40.431 +05:30 [INF] Microsoft.Hosting.Lifetime | CorrelationId: | Hosting environment: Development
2026-04-19 13:13:40.437 +05:30 [INF] Microsoft.Hosting.Lifetime | CorrelationId: | Content root path: C:\Vitana\Vitana Group\sms-api
2026-04-19 13:13:51.268 +05:30 [INF] Serilog.AspNetCore.RequestLoggingMiddleware | CorrelationId:0a14ec7e14be4a7f8678cf2cdd499cc7 | HTTP OPTIONS /api/academics/academic-years responded 204 in 14.3246 ms
2026-04-19 13:13:51.273 +05:30 [INF] Serilog.AspNetCore.RequestLoggingMiddleware | CorrelationId:aec045a4242b401d929866995c634e89 | HTTP OPTIONS /api/academics/academic-years responded 204 in 16.9564 ms
2026-04-19 13:13:51.729 +05:30 [WRN] Microsoft.AspNetCore.HttpsPolicy.HttpsRedirectionMiddleware | CorrelationId:e1ec18182edd4fc2b791e865024f3153 | Failed to determine the https port for redirect.
2026-04-19 13:13:51.823 +05:30 [INF] Serilog.AspNetCore.RequestLoggingMiddleware | CorrelationId:e1ec18182edd4fc2b791e865024f3153 | HTTP GET /api/academics/academic-years responded 401 in 130.5465 ms
2026-04-19 13:13:51.823 +05:30 [INF] Serilog.AspNetCore.RequestLoggingMiddleware | CorrelationId:355b27533c4448bdbce17d45eaec4d6a | HTTP GET /api/academics/academic-years responded 401 in 106.3280 ms
2026-04-19 13:14:15.301 +05:30 [INF] SmsApi.Middleware.LoggingActionFilter | CorrelationId:ea36f0cdbf724fe091fbb11706c60d16 | API Request: POST /api/Auth/login | User: Unknown | School: Unknown
2026-04-19 13:14:16.291 +05:30 [INF] SmsApi.Controllers.AuthController | CorrelationId:ea36f0cdbf724fe091fbb11706c60d16 | Login successful for admin (SchoolId: "550e8400-e29b-41d4-a716-446655440000")
2026-04-19 13:14:16.294 +05:30 [INF] SmsApi.Middleware.LoggingActionFilter | CorrelationId:ea36f0cdbf724fe091fbb11706c60d16 | API Response: POST /api/Auth/login | Status: 200 | Duration: 993ms
2026-04-19 13:14:16.367 +05:30 [INF] Serilog.AspNetCore.RequestLoggingMiddleware | CorrelationId:ea36f0cdbf724fe091fbb11706c60d16 | HTTP POST /api/Auth/login responded 200 in 1141.8425 ms
2026-04-19 13:14:16.371 +05:30 [WRN] SmsApi.Infrastructure.Performance.PerformanceMonitoringMiddleware | CorrelationId: | Slow request: POST /api/Auth/login took 1095ms — status 200.
2026-04-19 13:14:16.414 +05:30 [INF] SmsApi.Middleware.LoggingActionFilter | CorrelationId:901c92bc3c2a40a0a1d820a9b8c165f0 | API Request: GET /api/LeaveManagement/types | User: Unknown | School: 550e8400-e29b-41d4-a716-446655440000
2026-04-19 13:14:16.437 +05:30 [INF] SmsApi.Middleware.LoggingActionFilter | CorrelationId:901c92bc3c2a40a0a1d820a9b8c165f0 | API Response: GET /api/LeaveManagement/types | Status: 200 | Duration: 23ms
2026-04-19 13:14:16.447 +05:30 [INF] Serilog.AspNetCore.RequestLoggingMiddleware | CorrelationId:901c92bc3c2a40a0a1d820a9b8c165f0 | HTTP GET /api/LeaveManagement/types responded 200 in 69.3487 ms
2026-04-19 13:17:38.214 +05:30 [INF] SmsApi.Middleware.LoggingActionFilter | CorrelationId:f5fed4bf53324d9ba4fec261a1d5837d | API Request: POST /api/Auth/login | User: Unknown | School: Unknown
2026-04-19 13:17:38.789 +05:30 [INF] SmsApi.Controllers.AuthController | CorrelationId:f5fed4bf53324d9ba4fec261a1d5837d | Login successful for admin (SchoolId: "550e8400-e29b-41d4-a716-446655440000")
2026-04-19 13:17:38.795 +05:30 [INF] SmsApi.Middleware.LoggingActionFilter | CorrelationId:f5fed4bf53324d9ba4fec261a1d5837d | API Response: POST /api/Auth/login | Status: 200 | Duration: 581ms
2026-04-19 13:17:38.807 +05:30 [INF] Serilog.AspNetCore.RequestLoggingMiddleware | CorrelationId:f5fed4bf53324d9ba4fec261a1d5837d | HTTP POST /api/Auth/login responded 200 in 611.5064 ms
2026-04-19 13:17:38.814 +05:30 [WRN] SmsApi.Infrastructure.Performance.PerformanceMonitoringMiddleware | CorrelationId: | Slow request: POST /api/Auth/login took 603ms — status 200.
2026-04-19 13:17:38.838 +05:30 [INF] SmsApi.Middleware.LoggingActionFilter | CorrelationId:1ee0e301fdd541679e4b11fc866c3a10 | API Request: GET /api/LeaveManagement/types | User: Unknown | School: 550e8400-e29b-41d4-a716-446655440000
2026-04-19 13:17:38.850 +05:30 [INF] SmsApi.Middleware.LoggingActionFilter | CorrelationId:1ee0e301fdd541679e4b11fc866c3a10 | API Response: GET /api/LeaveManagement/types | Status: 200 | Duration: 11ms
2026-04-19 13:17:38.854 +05:30 [INF] Serilog.AspNetCore.RequestLoggingMiddleware | CorrelationId:1ee0e301fdd541679e4b11fc866c3a10 | HTTP GET /api/LeaveManagement/types responded 200 in 17.8468 ms
2026-04-19 13:17:48.090 +05:30 [INF] SmsApi.Middleware.LoggingActionFilter | CorrelationId:be9681f3dcdf4f258f6b70a862a97a11 | API Request: POST /api/Auth/login | User: Unknown | School: Unknown
2026-04-19 13:17:48.737 +05:30 [INF] SmsApi.Controllers.AuthController | CorrelationId:be9681f3dcdf4f258f6b70a862a97a11 | Login successful for admin (SchoolId: "550e8400-e29b-41d4-a716-446655440000")
2026-04-19 13:17:48.739 +05:30 [INF] SmsApi.Middleware.LoggingActionFilter | CorrelationId:be9681f3dcdf4f258f6b70a862a97a11 | API Response: POST /api/Auth/login | Status: 200 | Duration: 648ms
2026-04-19 13:17:48.751 +05:30 [INF] Serilog.AspNetCore.RequestLoggingMiddleware | CorrelationId:be9681f3dcdf4f258f6b70a862a97a11 | HTTP POST /api/Auth/login responded 200 in 667.0849 ms
2026-04-19 13:17:48.759 +05:30 [WRN] SmsApi.Infrastructure.Performance.PerformanceMonitoringMiddleware | CorrelationId: | Slow request: POST /api/Auth/login took 660ms — status 200.
2026-04-19 13:17:48.795 +05:30 [INF] SmsApi.Middleware.LoggingActionFilter | CorrelationId:7dc014ada9fd4b938ffab26bbb49ad8f | API Request: POST /api/LeaveManagement/types | User: Unknown | School: 550e8400-e29b-41d4-a716-446655440000
2026-04-19 13:17:48.851 +05:30 [INF] SmsApi.Middleware.LoggingActionFilter | CorrelationId:7dc014ada9fd4b938ffab26bbb49ad8f | API Response: POST /api/LeaveManagement/types | Status: 200 | Duration: 55ms
2026-04-19 13:17:48.863 +05:30 [INF] Serilog.AspNetCore.RequestLoggingMiddleware | CorrelationId:7dc014ada9fd4b938ffab26bbb49ad8f | HTTP POST /api/LeaveManagement/types responded 200 in 88.3003 ms
2026-04-19 13:17:58.323 +05:30 [INF] SmsApi.Middleware.LoggingActionFilter | CorrelationId:2e5b2b6b6c884ea7af9a969562d7b57d | API Request: POST /api/Auth/login | User: Unknown | School: Unknown
2026-04-19 13:17:58.913 +05:30 [INF] SmsApi.Controllers.AuthController | CorrelationId:2e5b2b6b6c884ea7af9a969562d7b57d | Login successful for admin (SchoolId: "550e8400-e29b-41d4-a716-446655440000")
2026-04-19 13:17:58.915 +05:30 [INF] SmsApi.Middleware.LoggingActionFilter | CorrelationId:2e5b2b6b6c884ea7af9a969562d7b57d | API Response: POST /api/Auth/login | Status: 200 | Duration: 592ms
2026-04-19 13:17:58.927 +05:30 [INF] Serilog.AspNetCore.RequestLoggingMiddleware | CorrelationId:2e5b2b6b6c884ea7af9a969562d7b57d | HTTP POST /api/Auth/login responded 200 in 611.2886 ms
2026-04-19 13:17:58.937 +05:30 [WRN] SmsApi.Infrastructure.Performance.PerformanceMonitoringMiddleware | CorrelationId: | Slow request: POST /api/Auth/login took 608ms — status 200.
2026-04-19 13:17:58.950 +05:30 [INF] SmsApi.Middleware.LoggingActionFilter | CorrelationId:562bf986946346e2b777d6ad0e818e87 | API Request: GET /api/LeaveManagement/types | User: Unknown | School: 550e8400-e29b-41d4-a716-446655440000
2026-04-19 13:17:58.960 +05:30 [INF] SmsApi.Middleware.LoggingActionFilter | CorrelationId:562bf986946346e2b777d6ad0e818e87 | API Response: GET /api/LeaveManagement/types | Status: 200 | Duration: 9ms
2026-04-19 13:17:58.964 +05:30 [INF] Serilog.AspNetCore.RequestLoggingMiddleware | CorrelationId:562bf986946346e2b777d6ad0e818e87 | HTTP GET /api/LeaveManagement/types responded 200 in 15.1769 ms
2026-04-19 13:18:32.471 +05:30 [INF] SmsApi.Middleware.LoggingActionFilter | CorrelationId:0a887021e61a4e93bea1148e2fbc98b6 | API Request: POST /api/Auth/login | User: Unknown | School: Unknown
2026-04-19 13:18:33.058 +05:30 [INF] SmsApi.Controllers.AuthController | CorrelationId:0a887021e61a4e93bea1148e2fbc98b6 | Login successful for admin (SchoolId: "550e8400-e29b-41d4-a716-446655440000")
2026-04-19 13:18:33.060 +05:30 [INF] SmsApi.Middleware.LoggingActionFilter | CorrelationId:0a887021e61a4e93bea1148e2fbc98b6 | API Response: POST /api/Auth/login | Status: 200 | Duration: 589ms
2026-04-19 13:18:33.074 +05:30 [INF] Serilog.AspNetCore.RequestLoggingMiddleware | CorrelationId:0a887021e61a4e93bea1148e2fbc98b6 | HTTP POST /api/Auth/login responded 200 in 606.4571 ms
2026-04-19 13:18:33.081 +05:30 [WRN] SmsApi.Infrastructure.Performance.PerformanceMonitoringMiddleware | CorrelationId: | Slow request: POST /api/Auth/login took 603ms — status 200.
2026-04-19 13:18:33.708 +05:30 [INF] SmsApi.Middleware.LoggingActionFilter | CorrelationId:68f0e3fe9b304b61b57c1870ca4e1f5a | API Request: POST /api/LeaveManagement/types | User: Unknown | School: 550e8400-e29b-41d4-a716-446655440000
2026-04-19 13:18:33.716 +05:30 [INF] SmsApi.Middleware.LoggingActionFilter | CorrelationId:68f0e3fe9b304b61b57c1870ca4e1f5a | API Response: POST /api/LeaveManagement/types | Status: 200 | Duration: 8ms
2026-04-19 13:18:33.722 +05:30 [INF] Serilog.AspNetCore.RequestLoggingMiddleware | CorrelationId:68f0e3fe9b304b61b57c1870ca4e1f5a | HTTP POST /api/LeaveManagement/types responded 200 in 16.3500 ms
2026-04-19 13:18:33.744 +05:30 [INF] SmsApi.Middleware.LoggingActionFilter | CorrelationId:079d84a6668a48bf81124d017ebb566d | API Request: POST /api/LeaveManagement/types | User: Unknown | School: 550e8400-e29b-41d4-a716-446655440000
2026-04-19 13:18:33.750 +05:30 [INF] SmsApi.Middleware.LoggingActionFilter | CorrelationId:079d84a6668a48bf81124d017ebb566d | API Response: POST /api/LeaveManagement/types | Status: 200 | Duration: 5ms
2026-04-19 13:18:33.758 +05:30 [INF] Serilog.AspNetCore.RequestLoggingMiddleware | CorrelationId:079d84a6668a48bf81124d017ebb566d | HTTP POST /api/LeaveManagement/types responded 200 in 14.5453 ms
2026-04-19 13:18:33.774 +05:30 [INF] SmsApi.Middleware.LoggingActionFilter | CorrelationId:7f8f2760f7e04a7f9951ac853bd696f2 | API Request: POST /api/LeaveManagement/types | User: Unknown | School: 550e8400-e29b-41d4-a716-446655440000
2026-04-19 13:18:33.788 +05:30 [INF] SmsApi.Middleware.LoggingActionFilter | CorrelationId:7f8f2760f7e04a7f9951ac853bd696f2 | API Response: POST /api/LeaveManagement/types | Status: 200 | Duration: 13ms
2026-04-19 13:18:33.797 +05:30 [INF] Serilog.AspNetCore.RequestLoggingMiddleware | CorrelationId:7f8f2760f7e04a7f9951ac853bd696f2 | HTTP POST /api/LeaveManagement/types responded 200 in 23.5824 ms
2026-04-19 13:18:33.824 +05:30 [INF] SmsApi.Middleware.LoggingActionFilter | CorrelationId:2cdb4b8d68d74232bfd80b1165e5faf6 | API Request: POST /api/LeaveManagement/types | User: Unknown | School: 550e8400-e29b-41d4-a716-446655440000
2026-04-19 13:18:33.831 +05:30 [INF] SmsApi.Middleware.LoggingActionFilter | CorrelationId:2cdb4b8d68d74232bfd80b1165e5faf6 | API Response: POST /api/LeaveManagement/types | Status: 200 | Duration: 6ms
2026-04-19 13:18:33.842 +05:30 [INF] Serilog.AspNetCore.RequestLoggingMiddleware | CorrelationId:2cdb4b8d68d74232bfd80b1165e5faf6 | HTTP POST /api/LeaveManagement/types responded 200 in 22.3655 ms
2026-04-19 13:18:33.886 +05:30 [INF] SmsApi.Middleware.LoggingActionFilter | CorrelationId:25f184700b1d4a24a63f05c9c4b99df9 | API Request: POST /api/LeaveManagement/types | User: Unknown | School: 550e8400-e29b-41d4-a716-446655440000
2026-04-19 13:18:33.916 +05:30 [INF] SmsApi.Middleware.LoggingActionFilter | CorrelationId:25f184700b1d4a24a63f05c9c4b99df9 | API Response: POST /api/LeaveManagement/types | Status: 200 | Duration: 29ms
2026-04-19 13:18:33.932 +05:30 [INF] Serilog.AspNetCore.RequestLoggingMiddleware | CorrelationId:25f184700b1d4a24a63f05c9c4b99df9 | HTTP POST /api/LeaveManagement/types responded 200 in 46.0446 ms
2026-04-19 13:18:33.959 +05:30 [INF] SmsApi.Middleware.LoggingActionFilter | CorrelationId:6375a9de04a54327bd7876bd3f2efc95 | API Request: POST /api/LeaveManagement/types | User: Unknown | School: 550e8400-e29b-41d4-a716-446655440000
2026-04-19 13:18:33.965 +05:30 [INF] SmsApi.Middleware.LoggingActionFilter | CorrelationId:6375a9de04a54327bd7876bd3f2efc95 | API Response: POST /api/LeaveManagement/types | Status: 200 | Duration: 6ms
2026-04-19 13:18:33.975 +05:30 [INF] Serilog.AspNetCore.RequestLoggingMiddleware | CorrelationId:6375a9de04a54327bd7876bd3f2efc95 | HTTP POST /api/LeaveManagement/types responded 200 in 16.7520 ms
2026-04-19 13:18:33.992 +05:30 [INF] SmsApi.Middleware.LoggingActionFilter | CorrelationId:a79ebad77172467597313d2d4ac4f5de | API Request: POST /api/LeaveManagement/types | User: Unknown | School: 550e8400-e29b-41d4-a716-446655440000
2026-04-19 13:18:34.002 +05:30 [INF] SmsApi.Middleware.LoggingActionFilter | CorrelationId:a79ebad77172467597313d2d4ac4f5de | API Response: POST /api/LeaveManagement/types | Status: 200 | Duration: 10ms
2026-04-19 13:18:34.012 +05:30 [INF] Serilog.AspNetCore.RequestLoggingMiddleware | CorrelationId:a79ebad77172467597313d2d4ac4f5de | HTTP POST /api/LeaveManagement/types responded 200 in 21.1324 ms
2026-04-19 13:18:34.361 +05:30 [INF] SmsApi.Middleware.LoggingActionFilter | CorrelationId:12d78b0f75b7485c986336e3b16650aa | API Request: GET /api/LeaveManagement/types | User: Unknown | School: 550e8400-e29b-41d4-a716-446655440000
2026-04-19 13:18:34.492 +05:30 [INF] SmsApi.Middleware.LoggingActionFilter | CorrelationId:12d78b0f75b7485c986336e3b16650aa | API Response: GET /api/LeaveManagement/types | Status: 200 | Duration: 130ms
2026-04-19 13:18:34.500 +05:30 [INF] Serilog.AspNetCore.RequestLoggingMiddleware | CorrelationId:12d78b0f75b7485c986336e3b16650aa | HTTP GET /api/LeaveManagement/types responded 200 in 139.8256 ms
2026-04-19 13:18:54.065 +05:30 [INF] SmsApi.Middleware.LoggingActionFilter | CorrelationId:5910af7adefa4794bcbb63fb83aaef2f | API Request: POST /api/Auth/login | User: Unknown | School: Unknown
2026-04-19 13:18:54.727 +05:30 [INF] SmsApi.Controllers.AuthController | CorrelationId:5910af7adefa4794bcbb63fb83aaef2f | Login successful for admin (SchoolId: "550e8400-e29b-41d4-a716-446655440000")
2026-04-19 13:18:54.730 +05:30 [INF] SmsApi.Middleware.LoggingActionFilter | CorrelationId:5910af7adefa4794bcbb63fb83aaef2f | API Response: POST /api/Auth/login | Status: 200 | Duration: 664ms
2026-04-19 13:18:54.754 +05:30 [INF] Serilog.AspNetCore.RequestLoggingMiddleware | CorrelationId:5910af7adefa4794bcbb63fb83aaef2f | HTTP POST /api/Auth/login responded 200 in 692.2052 ms
2026-04-19 13:18:54.758 +05:30 [WRN] SmsApi.Infrastructure.Performance.PerformanceMonitoringMiddleware | CorrelationId: | Slow request: POST /api/Auth/login took 672ms — status 200.
2026-04-19 13:18:54.768 +05:30 [INF] SmsApi.Middleware.LoggingActionFilter | CorrelationId:d711652199e443d1b6e9aa13f05632d1 | API Request: GET /api/LeaveManagement/types | User: Unknown | School: 550e8400-e29b-41d4-a716-446655440000
2026-04-19 13:18:54.778 +05:30 [INF] SmsApi.Middleware.LoggingActionFilter | CorrelationId:d711652199e443d1b6e9aa13f05632d1 | API Response: GET /api/LeaveManagement/types | Status: 200 | Duration: 9ms
2026-04-19 13:18:54.780 +05:30 [INF] Serilog.AspNetCore.RequestLoggingMiddleware | CorrelationId:d711652199e443d1b6e9aa13f05632d1 | HTTP GET /api/LeaveManagement/types responded 200 in 13.0231 ms
2026-04-19 13:20:24.824 +05:30 [INF] Serilog.AspNetCore.RequestLoggingMiddleware | CorrelationId:8893be6e6a6c4161a7c63295b2276bc7 | HTTP OPTIONS /api/auth/login responded 204 in 2.3897 ms
2026-04-19 13:20:24.875 +05:30 [INF] SmsApi.Middleware.LoggingActionFilter | CorrelationId:3b67704d87484a81b1186b70ea917f97 | API Request: POST /api/auth/login | User: Unknown | School: Unknown
2026-04-19 13:20:25.406 +05:30 [INF] SmsApi.Controllers.AuthController | CorrelationId:3b67704d87484a81b1186b70ea917f97 | Login successful for admin (SchoolId: "550e8400-e29b-41d4-a716-446655440000")
2026-04-19 13:20:25.409 +05:30 [INF] SmsApi.Middleware.LoggingActionFilter | CorrelationId:3b67704d87484a81b1186b70ea917f97 | API Response: POST /api/auth/login | Status: 200 | Duration: 533ms
2026-04-19 13:20:25.434 +05:30 [INF] Serilog.AspNetCore.RequestLoggingMiddleware | CorrelationId:3b67704d87484a81b1186b70ea917f97 | HTTP POST /api/auth/login responded 200 in 570.4253 ms
2026-04-19 13:20:25.439 +05:30 [WRN] SmsApi.Infrastructure.Performance.PerformanceMonitoringMiddleware | CorrelationId: | Slow request: POST /api/auth/login took 565ms — status 200.
2026-04-19 13:20:25.572 +05:30 [INF] Serilog.AspNetCore.RequestLoggingMiddleware | CorrelationId:df19f9ac966c46ff967e04711df0e762 | HTTP OPTIONS /api/students responded 204 in 0.1177 ms
2026-04-19 13:20:25.612 +05:30 [INF] Serilog.AspNetCore.RequestLoggingMiddleware | CorrelationId:20cf7427c26c44eeb4c7f8f74dcabb3d | HTTP OPTIONS /api/staff responded 204 in 0.0775 ms
2026-04-19 13:20:25.615 +05:30 [INF] Serilog.AspNetCore.RequestLoggingMiddleware | CorrelationId:ab136ee74b6b45609abee9808ffd0c10 | HTTP OPTIONS /api/settings/school/me responded 204 in 0.0747 ms
2026-04-19 13:20:25.620 +05:30 [INF] Serilog.AspNetCore.RequestLoggingMiddleware | CorrelationId:e16ef5de20b640bcab8c8b5073ca005b | HTTP OPTIONS /api/fees/stats responded 204 in 0.1247 ms
2026-04-19 13:20:25.629 +05:30 [INF] Serilog.AspNetCore.RequestLoggingMiddleware | CorrelationId:bd101d39d0434f6daefbef235d31ebd9 | HTTP OPTIONS /api/Attendance/records responded 204 in 0.1039 ms
2026-04-19 13:20:25.639 +05:30 [INF] Serilog.AspNetCore.RequestLoggingMiddleware | CorrelationId:3678d5bbff8a4036affd04c1bd0a36bd | HTTP OPTIONS /api/students responded 204 in 0.0753 ms
2026-04-19 13:20:26.342 +05:30 [WRN] SmsApi.Infrastructure.Performance.PerformanceMonitoringMiddleware | CorrelationId: | Slow request: OPTIONS /api/students took 703ms — status 204.
2026-04-19 13:20:25.743 +05:30 [INF] Serilog.AspNetCore.RequestLoggingMiddleware | CorrelationId:b46faafbd6254dc0a44f89e994864766 | HTTP OPTIONS /api/fees/stats responded 204 in 0.1239 ms
2026-04-19 13:20:25.630 +05:30 [INF] Serilog.AspNetCore.RequestLoggingMiddleware | CorrelationId:a8521d420ddc451d8ccae69064233ed1 | HTTP OPTIONS /api/staff responded 204 in 0.0339 ms
2026-04-19 13:20:26.662 +05:30 [WRN] SmsApi.Infrastructure.Performance.PerformanceMonitoringMiddleware | CorrelationId: | Slow request: OPTIONS /api/staff took 1031ms — status 204.
2026-04-19 13:20:26.130 +05:30 [INF] SmsApi.Middleware.LoggingActionFilter | CorrelationId:54c90a24f07643efa966c0d022a8ce43 | API Request: GET /api/staff | User: Unknown | School: 550e8400-e29b-41d4-a716-446655440000
2026-04-19 13:20:26.286 +05:30 [WRN] SmsApi.Infrastructure.Performance.PerformanceMonitoringMiddleware | CorrelationId: | Slow request: OPTIONS /api/Attendance/records took 655ms — status 204.
2026-04-19 13:20:25.679 +05:30 [INF] Serilog.AspNetCore.RequestLoggingMiddleware | CorrelationId:c0736b4e19eb4656b2fc2056f92feea3 | HTTP OPTIONS /api/Attendance/records responded 204 in 0.1755 ms
2026-04-19 13:20:26.625 +05:30 [WRN] SmsApi.Infrastructure.Performance.PerformanceMonitoringMiddleware | CorrelationId: | Slow request: OPTIONS /api/fees/stats took 882ms — status 204.
2026-04-19 13:20:26.056 +05:30 [WRN] LuckyPennySoftware.MediatR.License | CorrelationId:da1db70385864b4ab6821656730c409f | You do not have a valid license key for the Lucky Penny software MediatR. This is allowed for development and testing scenarios. If you are running in production you are required to have a licensed version. Please visit https://luckypennysoftware.com to obtain a valid license.
2026-04-19 13:20:27.078 +05:30 [WRN] SmsApi.Infrastructure.Performance.PerformanceMonitoringMiddleware | CorrelationId: | Slow request: OPTIONS /api/Attendance/records took 1399ms — status 204.
2026-04-19 13:20:27.091 +05:30 [INF] SmsApi.Middleware.LoggingActionFilter | CorrelationId:da1db70385864b4ab6821656730c409f | API Request: GET /api/students | User: Unknown | School: 550e8400-e29b-41d4-a716-446655440000
2026-04-19 13:20:27.491 +05:30 [INF] SmsApi.Middleware.LoggingActionFilter | CorrelationId:54c90a24f07643efa966c0d022a8ce43 | API Response: GET /api/staff | Status: 200 | Duration: 1361ms
2026-04-19 13:20:27.491 +05:30 [INF] SmsApi.Middleware.LoggingActionFilter | CorrelationId:da1db70385864b4ab6821656730c409f | API Response: GET /api/students | Status: 200 | Duration: 400ms
2026-04-19 13:20:28.088 +05:30 [INF] Serilog.AspNetCore.RequestLoggingMiddleware | CorrelationId:54c90a24f07643efa966c0d022a8ce43 | HTTP GET /api/staff responded 200 in 2234.1561 ms
2026-04-19 13:20:28.089 +05:30 [INF] Serilog.AspNetCore.RequestLoggingMiddleware | CorrelationId:da1db70385864b4ab6821656730c409f | HTTP GET /api/students responded 200 in 2374.5463 ms
2026-04-19 13:20:28.293 +05:30 [ERR] SmsApi.Infrastructure.Performance.PerformanceMonitoringMiddleware | CorrelationId: | SLA BREACH: GET /api/staff took 2438ms — status 200. Investigate immediately.
2026-04-19 13:20:28.342 +05:30 [ERR] SmsApi.Infrastructure.Performance.PerformanceMonitoringMiddleware | CorrelationId: | SLA BREACH: GET /api/students took 2627ms — status 200. Investigate immediately.
2026-04-19 13:20:30.653 +05:30 [INF] Serilog.AspNetCore.RequestLoggingMiddleware | CorrelationId:d21d014909d342cabc6787008bfd0615 | HTTP OPTIONS /api/students responded 204 in 0.4220 ms
2026-04-19 13:20:30.752 +05:30 [INF] Serilog.AspNetCore.RequestLoggingMiddleware | CorrelationId:df13dbcbb4ba4b5ab9999b80fe5f2c5d | HTTP OPTIONS /api/Attendance/records responded 204 in 0.2981 ms
2026-04-19 13:20:30.760 +05:30 [INF] Serilog.AspNetCore.RequestLoggingMiddleware | CorrelationId:50c9e49eac1643a0b89383b84fd61e86 | HTTP OPTIONS /api/staff responded 204 in 110.0333 ms
2026-04-19 13:20:30.792 +05:30 [INF] Serilog.AspNetCore.RequestLoggingMiddleware | CorrelationId:83d2543a7dde4525a3f42d86dda0e424 | HTTP OPTIONS /api/fees/stats responded 204 in 0.6741 ms
2026-04-19 13:20:31.428 +05:30 [WRN] SmsApi.Infrastructure.Performance.PerformanceMonitoringMiddleware | CorrelationId: | Slow request: OPTIONS /api/students took 775ms — status 204.
2026-04-19 13:20:31.475 +05:30 [WRN] SmsApi.Infrastructure.Performance.PerformanceMonitoringMiddleware | CorrelationId: | Slow request: OPTIONS /api/Attendance/records took 723ms — status 204.
2026-04-19 13:20:31.483 +05:30 [WRN] SmsApi.Infrastructure.Performance.PerformanceMonitoringMiddleware | CorrelationId: | Slow request: OPTIONS /api/staff took 832ms — status 204.
2026-04-19 13:20:31.486 +05:30 [WRN] SmsApi.Infrastructure.Performance.PerformanceMonitoringMiddleware | CorrelationId: | Slow request: OPTIONS /api/fees/stats took 694ms — status 204.
2026-04-19 13:20:31.498 +05:30 [INF] Serilog.AspNetCore.RequestLoggingMiddleware | CorrelationId:3ee3bce57a5d49658ffadfef51b49778 | HTTP OPTIONS /api/academics/academic-years responded 204 in 0.2725 ms
2026-04-19 13:20:31.503 +05:30 [INF] Serilog.AspNetCore.RequestLoggingMiddleware | CorrelationId:7b9362da286848fda4c7da7284a6fce2 | HTTP OPTIONS /api/students responded 204 in 0.0698 ms
2026-04-19 13:20:31.514 +05:30 [INF] Serilog.AspNetCore.RequestLoggingMiddleware | CorrelationId:f059b5c48137406e8547c71299c4f190 | HTTP OPTIONS /api/staff responded 204 in 0.1255 ms
2026-04-19 13:20:31.528 +05:30 [INF] Serilog.AspNetCore.RequestLoggingMiddleware | CorrelationId:dd0940991c0b46938a598fdda3801fab | HTTP OPTIONS /api/Attendance/records responded 204 in 0.0824 ms
2026-04-19 13:20:31.535 +05:30 [INF] Serilog.AspNetCore.RequestLoggingMiddleware | CorrelationId:aa6a5430925e4bb1bccaee898509492b | HTTP OPTIONS /api/fees/stats responded 204 in 0.0876 ms
2026-04-19 13:20:31.550 +05:30 [INF] Serilog.AspNetCore.RequestLoggingMiddleware | CorrelationId:289dff4da4a343c3b2479415d9aa1288 | HTTP OPTIONS /api/academics/academic-years responded 204 in 0.0760 ms
2026-04-19 13:20:31.552 +05:30 [INF] Serilog.AspNetCore.RequestLoggingMiddleware | CorrelationId:b12e4f3bd41c47478929c25950ca15f2 | HTTP OPTIONS /api/settings/school/me responded 204 in 0.3816 ms
2026-04-19 13:20:31.583 +05:30 [INF] SmsApi.Middleware.LoggingActionFilter | CorrelationId:dcb4a1a7b66a4e90853ff6ccd5635ce9 | API Request: GET /api/students | User: Unknown | School: 550e8400-e29b-41d4-a716-446655440000
2026-04-19 13:20:31.583 +05:30 [INF] SmsApi.Middleware.LoggingActionFilter | CorrelationId:22405ee83ca647e68ba644104e8bd027 | API Request: GET /api/students | User: Unknown | School: 550e8400-e29b-41d4-a716-446655440000
2026-04-19 13:20:31.613 +05:30 [INF] SmsApi.Middleware.LoggingActionFilter | CorrelationId:34535c178a8d4d48aaa7bc546eda9cbd | API Request: GET /api/fees/stats | User: Unknown | School: 550e8400-e29b-41d4-a716-446655440000
2026-04-19 13:20:31.710 +05:30 [INF] SmsApi.Middleware.LoggingActionFilter | CorrelationId:c4b8d62755374eb3b4861f20dc27f84c | API Request: GET /api/staff | User: Unknown | School: 550e8400-e29b-41d4-a716-446655440000
2026-04-19 13:20:31.734 +05:30 [INF] SmsApi.Middleware.LoggingActionFilter | CorrelationId:d9511c11edee46c5b083a7e1e556f5ce | API Request: GET /api/academics/academic-years | User: Unknown | School: 550e8400-e29b-41d4-a716-446655440000
2026-04-19 13:20:31.752 +05:30 [INF] SmsApi.Middleware.LoggingActionFilter | CorrelationId:dcb4a1a7b66a4e90853ff6ccd5635ce9 | API Response: GET /api/students | Status: 200 | Duration: 168ms
2026-04-19 13:20:31.752 +05:30 [INF] SmsApi.Middleware.LoggingActionFilter | CorrelationId:22405ee83ca647e68ba644104e8bd027 | API Response: GET /api/students | Status: 200 | Duration: 168ms
2026-04-19 13:20:31.756 +05:30 [INF] SmsApi.Middleware.LoggingActionFilter | CorrelationId:657082f4f84c4f2ba566055fbf9f8be4 | API Request: GET /api/Attendance/records | User: Unknown | School: 550e8400-e29b-41d4-a716-446655440000
2026-04-19 13:20:31.769 +05:30 [INF] SmsApi.Middleware.LoggingActionFilter | CorrelationId:c4b8d62755374eb3b4861f20dc27f84c | API Response: GET /api/staff | Status: 200 | Duration: 60ms
2026-04-19 13:20:31.782 +05:30 [INF] Serilog.AspNetCore.RequestLoggingMiddleware | CorrelationId:dcb4a1a7b66a4e90853ff6ccd5635ce9 | HTTP GET /api/students responded 200 in 208.5810 ms
2026-04-19 13:20:31.795 +05:30 [INF] Serilog.AspNetCore.RequestLoggingMiddleware | CorrelationId:22405ee83ca647e68ba644104e8bd027 | HTTP GET /api/students responded 200 in 233.1032 ms
2026-04-19 13:20:31.832 +05:30 [INF] Serilog.AspNetCore.RequestLoggingMiddleware | CorrelationId:c4b8d62755374eb3b4861f20dc27f84c | HTTP GET /api/staff responded 200 in 260.4224 ms
2026-04-19 13:20:31.869 +05:30 [INF] SmsApi.Middleware.LoggingActionFilter | CorrelationId:2f21c54b5a31471890c4939a7d753a42 | API Request: GET /api/staff | User: Unknown | School: 550e8400-e29b-41d4-a716-446655440000
2026-04-19 13:20:31.870 +05:30 [INF] SmsApi.Middleware.LoggingActionFilter | CorrelationId:d9511c11edee46c5b083a7e1e556f5ce | API Response: GET /api/academics/academic-years | Status: 200 | Duration: 136ms
2026-04-19 13:20:31.885 +05:30 [INF] SmsApi.Middleware.LoggingActionFilter | CorrelationId:948554a6ff854bda8e03c50dcfa2e0b8 | API Request: GET /api/Attendance/records | User: Unknown | School: 550e8400-e29b-41d4-a716-446655440000
2026-04-19 13:20:31.909 +05:30 [INF] SmsApi.Middleware.LoggingActionFilter | CorrelationId:ffd481a6601343eb95d7973606b28ddd | API Request: GET /api/fees/stats | User: Unknown | School: 550e8400-e29b-41d4-a716-446655440000
2026-04-19 13:20:31.912 +05:30 [INF] SmsApi.Middleware.LoggingActionFilter | CorrelationId:2f21c54b5a31471890c4939a7d753a42 | API Response: GET /api/staff | Status: 200 | Duration: 43ms
2026-04-19 13:20:31.923 +05:30 [INF] Serilog.AspNetCore.RequestLoggingMiddleware | CorrelationId:d9511c11edee46c5b083a7e1e556f5ce | HTTP GET /api/academics/academic-years responded 200 in 203.6369 ms
2026-04-19 13:20:31.948 +05:30 [INF] SmsApi.Middleware.LoggingActionFilter | CorrelationId:657082f4f84c4f2ba566055fbf9f8be4 | API Response: GET /api/Attendance/records | Status: 200 | Duration: 191ms
2026-04-19 13:20:31.948 +05:30 [INF] SmsApi.Middleware.LoggingActionFilter | CorrelationId:948554a6ff854bda8e03c50dcfa2e0b8 | API Response: GET /api/Attendance/records | Status: 200 | Duration: 63ms
2026-04-19 13:20:31.958 +05:30 [INF] Serilog.AspNetCore.RequestLoggingMiddleware | CorrelationId:2f21c54b5a31471890c4939a7d753a42 | HTTP GET /api/staff responded 200 in 96.5954 ms
2026-04-19 13:20:31.985 +05:30 [INF] SmsApi.Middleware.LoggingActionFilter | CorrelationId:16ca2833de134b078bd2b5570ee14ac1 | API Request: GET /api/academics/academic-years | User: Unknown | School: 550e8400-e29b-41d4-a716-446655440000
2026-04-19 13:20:31.999 +05:30 [INF] Serilog.AspNetCore.RequestLoggingMiddleware | CorrelationId:948554a6ff854bda8e03c50dcfa2e0b8 | HTTP GET /api/Attendance/records responded 200 in 120.9282 ms
2026-04-19 13:20:32.001 +05:30 [INF] Serilog.AspNetCore.RequestLoggingMiddleware | CorrelationId:657082f4f84c4f2ba566055fbf9f8be4 | HTTP GET /api/Attendance/records responded 200 in 430.5403 ms
2026-04-19 13:20:32.014 +05:30 [INF] SmsApi.Middleware.LoggingActionFilter | CorrelationId:f67348b93bff442ca8e09086fc200af2 | API Request: GET /api/settings/school/me | User: Unknown | School: 550e8400-e29b-41d4-a716-446655440000
2026-04-19 13:20:32.022 +05:30 [INF] SmsApi.Middleware.LoggingActionFilter | CorrelationId:16ca2833de134b078bd2b5570ee14ac1 | API Response: GET /api/academics/academic-years | Status: 200 | Duration: 36ms
2026-04-19 13:20:32.243 +05:30 [INF] Serilog.AspNetCore.RequestLoggingMiddleware | CorrelationId:16ca2833de134b078bd2b5570ee14ac1 | HTTP GET /api/academics/academic-years responded 200 in 259.9618 ms
2026-04-19 13:20:32.247 +05:30 [INF] SmsApi.Middleware.LoggingActionFilter | CorrelationId:f67348b93bff442ca8e09086fc200af2 | API Response: GET /api/settings/school/me | Status: 200 | Duration: 232ms
2026-04-19 13:20:32.331 +05:30 [INF] Serilog.AspNetCore.RequestLoggingMiddleware | CorrelationId:f67348b93bff442ca8e09086fc200af2 | HTTP GET /api/settings/school/me responded 200 in 323.0444 ms
2026-04-19 13:20:32.352 +05:30 [INF] SmsApi.Middleware.LoggingActionFilter | CorrelationId:ffd481a6601343eb95d7973606b28ddd | API Response: GET /api/fees/stats | Status: 200 | Duration: 442ms
2026-04-19 13:20:32.354 +05:30 [INF] SmsApi.Middleware.LoggingActionFilter | CorrelationId:34535c178a8d4d48aaa7bc546eda9cbd | API Response: GET /api/fees/stats | Status: 200 | Duration: 740ms
2026-04-19 13:20:32.421 +05:30 [INF] Serilog.AspNetCore.RequestLoggingMiddleware | CorrelationId:34535c178a8d4d48aaa7bc546eda9cbd | HTTP GET /api/fees/stats responded 200 in 833.5847 ms
2026-04-19 13:20:32.421 +05:30 [INF] Serilog.AspNetCore.RequestLoggingMiddleware | CorrelationId:ffd481a6601343eb95d7973606b28ddd | HTTP GET /api/fees/stats responded 200 in 520.6933 ms
2026-04-19 13:20:32.430 +05:30 [WRN] SmsApi.Infrastructure.Performance.PerformanceMonitoringMiddleware | CorrelationId: | Slow request: GET /api/fees/stats took 833ms — status 200.
2026-04-19 13:20:32.432 +05:30 [WRN] SmsApi.Infrastructure.Performance.PerformanceMonitoringMiddleware | CorrelationId: | Slow request: GET /api/fees/stats took 520ms — status 200.
2026-04-19 13:20:34.358 +05:30 [INF] Serilog.AspNetCore.RequestLoggingMiddleware | CorrelationId:fd1b720c40a64e48b49f7e68e778f681 | HTTP OPTIONS /api/staff responded 204 in 0.1760 ms
2026-04-19 13:20:34.358 +05:30 [INF] Serilog.AspNetCore.RequestLoggingMiddleware | CorrelationId:1391cb13e9fb4e1cbf8628d5891f710c | HTTP OPTIONS /api/staff responded 204 in 0.1324 ms
2026-04-19 13:20:34.440 +05:30 [INF] SmsApi.Middleware.LoggingActionFilter | CorrelationId:076c06da842c440d8b18026249cec85d | API Request: GET /api/staff | User: Unknown | School: 550e8400-e29b-41d4-a716-446655440000
2026-04-19 13:20:34.443 +05:30 [INF] SmsApi.Middleware.LoggingActionFilter | CorrelationId:eb66bc4879ec481ea127f763316ba235 | API Request: GET /api/staff | User: Unknown | School: 550e8400-e29b-41d4-a716-446655440000
2026-04-19 13:20:34.453 +05:30 [INF] SmsApi.Middleware.LoggingActionFilter | CorrelationId:076c06da842c440d8b18026249cec85d | API Response: GET /api/staff | Status: 200 | Duration: 12ms
2026-04-19 13:20:34.453 +05:30 [INF] SmsApi.Middleware.LoggingActionFilter | CorrelationId:eb66bc4879ec481ea127f763316ba235 | API Response: GET /api/staff | Status: 200 | Duration: 10ms
2026-04-19 13:20:34.458 +05:30 [INF] Serilog.AspNetCore.RequestLoggingMiddleware | CorrelationId:076c06da842c440d8b18026249cec85d | HTTP GET /api/staff responded 200 in 26.4300 ms
2026-04-19 13:20:34.461 +05:30 [INF] Serilog.AspNetCore.RequestLoggingMiddleware | CorrelationId:eb66bc4879ec481ea127f763316ba235 | HTTP GET /api/staff responded 200 in 22.0609 ms
2026-04-19 13:20:38.269 +05:30 [INF] Serilog.AspNetCore.RequestLoggingMiddleware | CorrelationId:9383dacb0b9245139f7e128e4ac2db1b | HTTP OPTIONS /api/LeaveManagement/requests responded 204 in 0.1748 ms
2026-04-19 13:20:38.269 +05:30 [INF] Serilog.AspNetCore.RequestLoggingMiddleware | CorrelationId:556418c1fed744cc94e3a8559cb44d18 | HTTP OPTIONS /api/LeaveManagement/requests responded 204 in 0.0238 ms
2026-04-19 13:20:38.444 +05:30 [INF] SmsApi.Middleware.LoggingActionFilter | CorrelationId:340cc37076e94a698fe0177ed5d8122e | API Request: GET /api/LeaveManagement/requests | User: Unknown | School: 550e8400-e29b-41d4-a716-446655440000
2026-04-19 13:20:38.445 +05:30 [INF] SmsApi.Middleware.LoggingActionFilter | CorrelationId:e931c72aec6e4dbfbf834df136177437 | API Request: GET /api/LeaveManagement/requests | User: Unknown | School: 550e8400-e29b-41d4-a716-446655440000
2026-04-19 13:20:38.620 +05:30 [INF] SmsApi.Middleware.LoggingActionFilter | CorrelationId:e931c72aec6e4dbfbf834df136177437 | API Response: GET /api/LeaveManagement/requests | Status: 200 | Duration: 175ms
2026-04-19 13:20:38.620 +05:30 [INF] SmsApi.Middleware.LoggingActionFilter | CorrelationId:340cc37076e94a698fe0177ed5d8122e | API Response: GET /api/LeaveManagement/requests | Status: 200 | Duration: 176ms
2026-04-19 13:20:38.692 +05:30 [INF] Serilog.AspNetCore.RequestLoggingMiddleware | CorrelationId:340cc37076e94a698fe0177ed5d8122e | HTTP GET /api/LeaveManagement/requests responded 200 in 281.0718 ms
2026-04-19 13:20:38.692 +05:30 [INF] Serilog.AspNetCore.RequestLoggingMiddleware | CorrelationId:e931c72aec6e4dbfbf834df136177437 | HTTP GET /api/LeaveManagement/requests responded 200 in 255.4464 ms
2026-04-19 13:20:40.677 +05:30 [INF] Serilog.AspNetCore.RequestLoggingMiddleware | CorrelationId:49981ff351724a79aafe43d587d17d6d | HTTP OPTIONS /api/LeaveManagement/requests responded 204 in 0.2176 ms
2026-04-19 13:20:40.772 +05:30 [INF] SmsApi.Middleware.LoggingActionFilter | CorrelationId:bab9a36217174d8ca526516b07af3e81 | API Request: GET /api/LeaveManagement/requests | User: Unknown | School: 550e8400-e29b-41d4-a716-446655440000
2026-04-19 13:20:40.815 +05:30 [INF] SmsApi.Middleware.LoggingActionFilter | CorrelationId:bab9a36217174d8ca526516b07af3e81 | API Response: GET /api/LeaveManagement/requests | Status: 200 | Duration: 42ms
2026-04-19 13:20:40.974 +05:30 [INF] Serilog.AspNetCore.RequestLoggingMiddleware | CorrelationId:bab9a36217174d8ca526516b07af3e81 | HTTP GET /api/LeaveManagement/requests responded 200 in 205.8287 ms
2026-04-19 13:20:42.554 +05:30 [INF] Serilog.AspNetCore.RequestLoggingMiddleware | CorrelationId:d360e5dc703745b0aa5bd61d9cfe6557 | HTTP OPTIONS /api/LeaveManagement/requests responded 204 in 0.1413 ms
2026-04-19 13:20:42.602 +05:30 [INF] SmsApi.Middleware.LoggingActionFilter | CorrelationId:c5464faee6194799b3ed813982f77bb1 | API Request: GET /api/LeaveManagement/requests | User: Unknown | School: 550e8400-e29b-41d4-a716-446655440000
2026-04-19 13:20:42.655 +05:30 [INF] SmsApi.Middleware.LoggingActionFilter | CorrelationId:c5464faee6194799b3ed813982f77bb1 | API Response: GET /api/LeaveManagement/requests | Status: 200 | Duration: 52ms
2026-04-19 13:20:42.827 +05:30 [INF] Serilog.AspNetCore.RequestLoggingMiddleware | CorrelationId:c5464faee6194799b3ed813982f77bb1 | HTTP GET /api/LeaveManagement/requests responded 200 in 226.8225 ms
2026-04-19 13:20:50.708 +05:30 [INF] Serilog.AspNetCore.RequestLoggingMiddleware | CorrelationId:22cf3a73339b434b83c134d0e0bc31df | HTTP OPTIONS /api/fees/records responded 204 in 0.1726 ms
2026-04-19 13:20:50.710 +05:30 [INF] Serilog.AspNetCore.RequestLoggingMiddleware | CorrelationId:9cb9e85b40b64b93993aefe3e0cd0048 | HTTP OPTIONS /api/fees/structures responded 204 in 0.1564 ms
2026-04-19 13:20:50.757 +05:30 [INF] Serilog.AspNetCore.RequestLoggingMiddleware | CorrelationId:cb656e5ec6154a9882b49f3a87eb66be | HTTP OPTIONS /api/fees/stats responded 204 in 0.7263 ms
2026-04-19 13:20:50.763 +05:30 [INF] Serilog.AspNetCore.RequestLoggingMiddleware | CorrelationId:d2c57aeeffcd4fed80ad51343406271d | HTTP OPTIONS /api/fees/records responded 204 in 0.0634 ms
2026-04-19 13:20:50.764 +05:30 [INF] Serilog.AspNetCore.RequestLoggingMiddleware | CorrelationId:6b0b62adaba54723851d35ad3ef6082d | HTTP OPTIONS /api/fees/structures responded 204 in 0.0360 ms
2026-04-19 13:20:50.765 +05:30 [INF] Serilog.AspNetCore.RequestLoggingMiddleware | CorrelationId:e9f54c1f90164b5a9cd322145b57f261 | HTTP OPTIONS /api/fees/stats responded 204 in 0.0179 ms
2026-04-19 13:20:50.857 +05:30 [INF] SmsApi.Middleware.LoggingActionFilter | CorrelationId:5f221206655144faada6f4e8b556f0d5 | API Request: GET /api/fees/records | User: Unknown | School: 550e8400-e29b-41d4-a716-446655440000
2026-04-19 13:20:50.865 +05:30 [INF] SmsApi.Middleware.LoggingActionFilter | CorrelationId:809e860cffd4445aa4a7e94b002eeb10 | API Request: GET /api/fees/structures | User: Unknown | School: 550e8400-e29b-41d4-a716-446655440000
2026-04-19 13:20:50.886 +05:30 [INF] SmsApi.Middleware.LoggingActionFilter | CorrelationId:c5859d40a2744cbda8716563c18e9573 | API Request: GET /api/fees/stats | User: Unknown | School: 550e8400-e29b-41d4-a716-446655440000
2026-04-19 13:20:50.901 +05:30 [INF] SmsApi.Middleware.LoggingActionFilter | CorrelationId:cadff82175894992b1832a9284669a7b | API Request: GET /api/fees/records | User: Unknown | School: 550e8400-e29b-41d4-a716-446655440000
2026-04-19 13:20:50.907 +05:30 [INF] SmsApi.Middleware.LoggingActionFilter | CorrelationId:6ce430d159404aefaaf1b21235e3b8c2 | API Request: GET /api/fees/structures | User: Unknown | School: 550e8400-e29b-41d4-a716-446655440000
2026-04-19 13:20:50.916 +05:30 [INF] SmsApi.Middleware.LoggingActionFilter | CorrelationId:8be00f64c16d4cd5a4a1056cabd942a8 | API Request: GET /api/fees/stats | User: Unknown | School: 550e8400-e29b-41d4-a716-446655440000
2026-04-19 13:20:50.980 +05:30 [INF] SmsApi.Middleware.LoggingActionFilter | CorrelationId:809e860cffd4445aa4a7e94b002eeb10 | API Response: GET /api/fees/structures | Status: 200 | Duration: 114ms
2026-04-19 13:20:50.980 +05:30 [INF] SmsApi.Middleware.LoggingActionFilter | CorrelationId:6ce430d159404aefaaf1b21235e3b8c2 | API Response: GET /api/fees/structures | Status: 200 | Duration: 73ms
2026-04-19 13:20:50.994 +05:30 [INF] SmsApi.Middleware.LoggingActionFilter | CorrelationId:c5859d40a2744cbda8716563c18e9573 | API Response: GET /api/fees/stats | Status: 200 | Duration: 107ms
2026-04-19 13:20:50.994 +05:30 [INF] SmsApi.Middleware.LoggingActionFilter | CorrelationId:8be00f64c16d4cd5a4a1056cabd942a8 | API Response: GET /api/fees/stats | Status: 200 | Duration: 77ms
2026-04-19 13:20:51.017 +05:30 [INF] SmsApi.Services.FeeService | CorrelationId:cadff82175894992b1832a9284669a7b | Late fee calculation with partial payment: Total=18000.00, Paid=6000.00, Remaining=12000.00
2026-04-19 13:20:51.017 +05:30 [INF] SmsApi.Services.FeeService | CorrelationId:5f221206655144faada6f4e8b556f0d5 | Late fee calculation with partial payment: Total=18000.00, Paid=6000.00, Remaining=12000.00
2026-04-19 13:20:51.041 +05:30 [INF] Serilog.AspNetCore.RequestLoggingMiddleware | CorrelationId:809e860cffd4445aa4a7e94b002eeb10 | HTTP GET /api/fees/structures responded 200 in 185.9257 ms
2026-04-19 13:20:51.046 +05:30 [INF] Serilog.AspNetCore.RequestLoggingMiddleware | CorrelationId:6ce430d159404aefaaf1b21235e3b8c2 | HTTP GET /api/fees/structures responded 200 in 142.8776 ms
2026-04-19 13:20:51.052 +05:30 [INF] Serilog.AspNetCore.RequestLoggingMiddleware | CorrelationId:c5859d40a2744cbda8716563c18e9573 | HTTP GET /api/fees/stats responded 200 in 175.4323 ms
2026-04-19 13:20:51.058 +05:30 [INF] Serilog.AspNetCore.RequestLoggingMiddleware | CorrelationId:8be00f64c16d4cd5a4a1056cabd942a8 | HTTP GET /api/fees/stats responded 200 in 146.2810 ms
2026-04-19 13:20:51.078 +05:30 [WRN] SmsApi.Services.FeeService | CorrelationId:5f221206655144faada6f4e8b556f0d5 | No late fee configuration found for school 550e8400-e29b-41d4-a716-446655440000
2026-04-19 13:20:51.079 +05:30 [WRN] SmsApi.Services.FeeService | CorrelationId:cadff82175894992b1832a9284669a7b | No late fee configuration found for school 550e8400-e29b-41d4-a716-446655440000
2026-04-19 13:20:51.111 +05:30 [INF] SmsApi.Services.FeeService | CorrelationId:5f221206655144faada6f4e8b556f0d5 | Late fee calculation with partial payment: Total=20000.00, Paid=12000.00, Remaining=8000.00
2026-04-19 13:20:51.112 +05:30 [INF] SmsApi.Services.FeeService | CorrelationId:cadff82175894992b1832a9284669a7b | Late fee calculation with partial payment: Total=20000.00, Paid=12000.00, Remaining=8000.00
2026-04-19 13:20:51.115 +05:30 [WRN] SmsApi.Services.FeeService | CorrelationId:5f221206655144faada6f4e8b556f0d5 | No late fee configuration found for school 550e8400-e29b-41d4-a716-446655440000
2026-04-19 13:20:51.117 +05:30 [WRN] SmsApi.Services.FeeService | CorrelationId:cadff82175894992b1832a9284669a7b | No late fee configuration found for school 550e8400-e29b-41d4-a716-446655440000
2026-04-19 13:20:51.125 +05:30 [INF] SmsApi.Services.FeeService | CorrelationId:5f221206655144faada6f4e8b556f0d5 | Late fee calculation with partial payment: Total=12000.00, Paid=6000.00, Remaining=6000.00
2026-04-19 13:20:51.128 +05:30 [INF] SmsApi.Services.FeeService | CorrelationId:cadff82175894992b1832a9284669a7b | Late fee calculation with partial payment: Total=12000.00, Paid=6000.00, Remaining=6000.00
2026-04-19 13:20:51.130 +05:30 [WRN] SmsApi.Services.FeeService | CorrelationId:5f221206655144faada6f4e8b556f0d5 | No late fee configuration found for school 550e8400-e29b-41d4-a716-446655440000
2026-04-19 13:20:51.132 +05:30 [WRN] SmsApi.Services.FeeService | CorrelationId:cadff82175894992b1832a9284669a7b | No late fee configuration found for school 550e8400-e29b-41d4-a716-446655440000
2026-04-19 13:20:51.136 +05:30 [INF] SmsApi.Services.FeeService | CorrelationId:5f221206655144faada6f4e8b556f0d5 | Late fee calculation with partial payment: Total=12000.00, Paid=6000.00, Remaining=6000.00
2026-04-19 13:20:51.138 +05:30 [INF] SmsApi.Services.FeeService | CorrelationId:cadff82175894992b1832a9284669a7b | Late fee calculation with partial payment: Total=12000.00, Paid=6000.00, Remaining=6000.00
2026-04-19 13:20:51.140 +05:30 [WRN] SmsApi.Services.FeeService | CorrelationId:5f221206655144faada6f4e8b556f0d5 | No late fee configuration found for school 550e8400-e29b-41d4-a716-446655440000
2026-04-19 13:20:51.142 +05:30 [WRN] SmsApi.Services.FeeService | CorrelationId:cadff82175894992b1832a9284669a7b | No late fee configuration found for school 550e8400-e29b-41d4-a716-446655440000
2026-04-19 13:20:51.146 +05:30 [WRN] SmsApi.Services.FeeService | CorrelationId:cadff82175894992b1832a9284669a7b | No late fee configuration found for school 550e8400-e29b-41d4-a716-446655440000
2026-04-19 13:20:51.147 +05:30 [WRN] SmsApi.Services.FeeService | CorrelationId:5f221206655144faada6f4e8b556f0d5 | No late fee configuration found for school 550e8400-e29b-41d4-a716-446655440000
2026-04-19 13:20:51.153 +05:30 [INF] SmsApi.Services.FeeService | CorrelationId:cadff82175894992b1832a9284669a7b | Late fee calculation with partial payment: Total=12000.00, Paid=6000.00, Remaining=6000.00
2026-04-19 13:20:51.154 +05:30 [INF] SmsApi.Services.FeeService | CorrelationId:5f221206655144faada6f4e8b556f0d5 | Late fee calculation with partial payment: Total=12000.00, Paid=6000.00, Remaining=6000.00
2026-04-19 13:20:51.163 +05:30 [WRN] SmsApi.Services.FeeService | CorrelationId:cadff82175894992b1832a9284669a7b | No late fee configuration found for school 550e8400-e29b-41d4-a716-446655440000
2026-04-19 13:20:51.164 +05:30 [WRN] SmsApi.Services.FeeService | CorrelationId:5f221206655144faada6f4e8b556f0d5 | No late fee configuration found for school 550e8400-e29b-41d4-a716-446655440000
2026-04-19 13:20:51.171 +05:30 [INF] SmsApi.Services.FeeService | CorrelationId:cadff82175894992b1832a9284669a7b | Late fee calculation with partial payment: Total=12000.00, Paid=6000.00, Remaining=6000.00
2026-04-19 13:20:51.171 +05:30 [INF] SmsApi.Services.FeeService | CorrelationId:5f221206655144faada6f4e8b556f0d5 | Late fee calculation with partial payment: Total=12000.00, Paid=6000.00, Remaining=6000.00
2026-04-19 13:20:51.174 +05:30 [WRN] SmsApi.Services.FeeService | CorrelationId:cadff82175894992b1832a9284669a7b | No late fee configuration found for school 550e8400-e29b-41d4-a716-446655440000
2026-04-19 13:20:51.175 +05:30 [WRN] SmsApi.Services.FeeService | CorrelationId:5f221206655144faada6f4e8b556f0d5 | No late fee configuration found for school 550e8400-e29b-41d4-a716-446655440000
2026-04-19 13:20:51.178 +05:30 [WRN] SmsApi.Services.FeeService | CorrelationId:cadff82175894992b1832a9284669a7b | No late fee configuration found for school 550e8400-e29b-41d4-a716-446655440000
2026-04-19 13:20:51.180 +05:30 [WRN] SmsApi.Services.FeeService | CorrelationId:5f221206655144faada6f4e8b556f0d5 | No late fee configuration found for school 550e8400-e29b-41d4-a716-446655440000
2026-04-19 13:20:51.184 +05:30 [WRN] SmsApi.Services.FeeService | CorrelationId:cadff82175894992b1832a9284669a7b | No late fee configuration found for school 550e8400-e29b-41d4-a716-446655440000
2026-04-19 13:20:51.185 +05:30 [WRN] SmsApi.Services.FeeService | CorrelationId:5f221206655144faada6f4e8b556f0d5 | No late fee configuration found for school 550e8400-e29b-41d4-a716-446655440000
2026-04-19 13:20:51.190 +05:30 [INF] SmsApi.Services.FeeService | CorrelationId:cadff82175894992b1832a9284669a7b | Late fee calculation with partial payment: Total=12000.00, Paid=6000.00, Remaining=6000.00
2026-04-19 13:20:51.193 +05:30 [INF] SmsApi.Services.FeeService | CorrelationId:5f221206655144faada6f4e8b556f0d5 | Late fee calculation with partial payment: Total=12000.00, Paid=6000.00, Remaining=6000.00
2026-04-19 13:20:51.194 +05:30 [WRN] SmsApi.Services.FeeService | CorrelationId:cadff82175894992b1832a9284669a7b | No late fee configuration found for school 550e8400-e29b-41d4-a716-446655440000
2026-04-19 13:20:51.195 +05:30 [WRN] SmsApi.Services.FeeService | CorrelationId:5f221206655144faada6f4e8b556f0d5 | No late fee configuration found for school 550e8400-e29b-41d4-a716-446655440000
2026-04-19 13:20:51.198 +05:30 [WRN] SmsApi.Services.FeeService | CorrelationId:cadff82175894992b1832a9284669a7b | No late fee configuration found for school 550e8400-e29b-41d4-a716-446655440000
2026-04-19 13:20:51.199 +05:30 [WRN] SmsApi.Services.FeeService | CorrelationId:5f221206655144faada6f4e8b556f0d5 | No late fee configuration found for school 550e8400-e29b-41d4-a716-446655440000
2026-04-19 13:20:51.206 +05:30 [WRN] SmsApi.Services.FeeService | CorrelationId:5f221206655144faada6f4e8b556f0d5 | No late fee configuration found for school 550e8400-e29b-41d4-a716-446655440000
2026-04-19 13:20:51.206 +05:30 [WRN] SmsApi.Services.FeeService | CorrelationId:cadff82175894992b1832a9284669a7b | No late fee configuration found for school 550e8400-e29b-41d4-a716-446655440000
2026-04-19 13:20:51.211 +05:30 [INF] SmsApi.Services.FeeService | CorrelationId:5f221206655144faada6f4e8b556f0d5 | Late fee calculation with partial payment: Total=12000.00, Paid=6000.00, Remaining=6000.00
2026-04-19 13:20:51.212 +05:30 [INF] SmsApi.Services.FeeService | CorrelationId:cadff82175894992b1832a9284669a7b | Late fee calculation with partial payment: Total=12000.00, Paid=6000.00, Remaining=6000.00
2026-04-19 13:20:51.214 +05:30 [WRN] SmsApi.Services.FeeService | CorrelationId:5f221206655144faada6f4e8b556f0d5 | No late fee configuration found for school 550e8400-e29b-41d4-a716-446655440000
2026-04-19 13:20:51.215 +05:30 [WRN] SmsApi.Services.FeeService | CorrelationId:cadff82175894992b1832a9284669a7b | No late fee configuration found for school 550e8400-e29b-41d4-a716-446655440000
2026-04-19 13:20:51.219 +05:30 [WRN] SmsApi.Services.FeeService | CorrelationId:5f221206655144faada6f4e8b556f0d5 | No late fee configuration found for school 550e8400-e29b-41d4-a716-446655440000
2026-04-19 13:20:51.220 +05:30 [WRN] SmsApi.Services.FeeService | CorrelationId:cadff82175894992b1832a9284669a7b | No late fee configuration found for school 550e8400-e29b-41d4-a716-446655440000
2026-04-19 13:20:51.233 +05:30 [WRN] SmsApi.Services.FeeService | CorrelationId:5f221206655144faada6f4e8b556f0d5 | No late fee configuration found for school 550e8400-e29b-41d4-a716-446655440000
2026-04-19 13:20:51.234 +05:30 [WRN] SmsApi.Services.FeeService | CorrelationId:cadff82175894992b1832a9284669a7b | No late fee configuration found for school 550e8400-e29b-41d4-a716-446655440000
2026-04-19 13:20:51.238 +05:30 [WRN] SmsApi.Services.FeeService | CorrelationId:5f221206655144faada6f4e8b556f0d5 | No late fee configuration found for school 550e8400-e29b-41d4-a716-446655440000
2026-04-19 13:20:51.243 +05:30 [WRN] SmsApi.Services.FeeService | CorrelationId:cadff82175894992b1832a9284669a7b | No late fee configuration found for school 550e8400-e29b-41d4-a716-446655440000
2026-04-19 13:20:51.248 +05:30 [INF] SmsApi.Services.FeeService | CorrelationId:5f221206655144faada6f4e8b556f0d5 | Late fee calculation with partial payment: Total=12000.00, Paid=6000.00, Remaining=6000.00
2026-04-19 13:20:51.251 +05:30 [INF] SmsApi.Services.FeeService | CorrelationId:cadff82175894992b1832a9284669a7b | Late fee calculation with partial payment: Total=12000.00, Paid=6000.00, Remaining=6000.00
2026-04-19 13:20:51.254 +05:30 [WRN] SmsApi.Services.FeeService | CorrelationId:5f221206655144faada6f4e8b556f0d5 | No late fee configuration found for school 550e8400-e29b-41d4-a716-446655440000
2026-04-19 13:20:51.257 +05:30 [WRN] SmsApi.Services.FeeService | CorrelationId:cadff82175894992b1832a9284669a7b | No late fee configuration found for school 550e8400-e29b-41d4-a716-446655440000
2026-04-19 13:20:51.260 +05:30 [WRN] SmsApi.Services.FeeService | CorrelationId:5f221206655144faada6f4e8b556f0d5 | No late fee configuration found for school 550e8400-e29b-41d4-a716-446655440000
2026-04-19 13:20:51.262 +05:30 [WRN] SmsApi.Services.FeeService | CorrelationId:cadff82175894992b1832a9284669a7b | No late fee configuration found for school 550e8400-e29b-41d4-a716-446655440000
2026-04-19 13:20:51.315 +05:30 [INF] SmsApi.Middleware.LoggingActionFilter | CorrelationId:5f221206655144faada6f4e8b556f0d5 | API Response: GET /api/fees/records | Status: 200 | Duration: 457ms
2026-04-19 13:20:51.315 +05:30 [INF] SmsApi.Middleware.LoggingActionFilter | CorrelationId:cadff82175894992b1832a9284669a7b | API Response: GET /api/fees/records | Status: 200 | Duration: 413ms
2026-04-19 13:20:51.329 +05:30 [INF] Serilog.AspNetCore.RequestLoggingMiddleware | CorrelationId:5f221206655144faada6f4e8b556f0d5 | HTTP GET /api/fees/records responded 200 in 509.4972 ms
2026-04-19 13:20:51.335 +05:30 [WRN] SmsApi.Infrastructure.Performance.PerformanceMonitoringMiddleware | CorrelationId: | Slow request: GET /api/fees/records took 509ms — status 200.
2026-04-19 13:20:51.329 +05:30 [INF] Serilog.AspNetCore.RequestLoggingMiddleware | CorrelationId:cadff82175894992b1832a9284669a7b | HTTP GET /api/fees/records responded 200 in 438.2923 ms
2026-04-19 13:20:53.167 +05:30 [INF] Serilog.AspNetCore.RequestLoggingMiddleware | CorrelationId:adbe5efaf3db461eb9192be53fcc05d8 | HTTP OPTIONS /api/permissions/roles responded 204 in 1.5926 ms
2026-04-19 13:20:53.167 +05:30 [INF] Serilog.AspNetCore.RequestLoggingMiddleware | CorrelationId:2cae1feec9cf4de0a412cc65609de13e | HTTP OPTIONS /api/permissions/stats responded 204 in 0.0286 ms
2026-04-19 13:20:53.168 +05:30 [INF] Serilog.AspNetCore.RequestLoggingMiddleware | CorrelationId:0aeb5eb6e3b74760876d3f396b0496f7 | HTTP OPTIONS /api/permissions/stats responded 204 in 0.0192 ms
2026-04-19 13:20:53.168 +05:30 [INF] Serilog.AspNetCore.RequestLoggingMiddleware | CorrelationId:a14d1d519b884539a1462d99358bda71 | HTTP OPTIONS /api/permissions/roles responded 204 in 0.0157 ms
2026-04-19 13:20:53.230 +05:30 [INF] SmsApi.Middleware.LoggingActionFilter | CorrelationId:9e06cf45559c45f2a21f71a0158365da | API Request: GET /api/permissions/stats | User: Unknown | School: 550e8400-e29b-41d4-a716-446655440000
2026-04-19 13:20:53.230 +05:30 [INF] SmsApi.Middleware.LoggingActionFilter | CorrelationId:67189bb326eb4d27b4ac32aaa1966cac | API Request: GET /api/permissions/roles | User: Unknown | School: 550e8400-e29b-41d4-a716-446655440000
2026-04-19 13:20:53.237 +05:30 [INF] SmsApi.Middleware.LoggingActionFilter | CorrelationId:8e12bb81c2844c92a4b50feaad433470 | API Request: GET /api/permissions/stats | User: Unknown | School: 550e8400-e29b-41d4-a716-446655440000
2026-04-19 13:20:53.260 +05:30 [INF] SmsApi.Middleware.LoggingActionFilter | CorrelationId:267462b35b344701a24d6cf291083a32 | API Request: GET /api/permissions/roles | User: Unknown | School: 550e8400-e29b-41d4-a716-446655440000
2026-04-19 13:20:53.373 +05:30 [INF] SmsApi.Middleware.LoggingActionFilter | CorrelationId:8e12bb81c2844c92a4b50feaad433470 | API Response: GET /api/permissions/stats | Status: 200 | Duration: 135ms
2026-04-19 13:20:53.373 +05:30 [INF] SmsApi.Middleware.LoggingActionFilter | CorrelationId:9e06cf45559c45f2a21f71a0158365da | API Response: GET /api/permissions/stats | Status: 200 | Duration: 143ms
2026-04-19 13:20:53.405 +05:30 [INF] Serilog.AspNetCore.RequestLoggingMiddleware | CorrelationId:9e06cf45559c45f2a21f71a0158365da | HTTP GET /api/permissions/stats responded 200 in 178.2826 ms
2026-04-19 13:20:53.388 +05:30 [INF] Serilog.AspNetCore.RequestLoggingMiddleware | CorrelationId:8e12bb81c2844c92a4b50feaad433470 | HTTP GET /api/permissions/stats responded 200 in 152.6981 ms
2026-04-19 13:20:53.433 +05:30 [INF] SmsApi.Middleware.LoggingActionFilter | CorrelationId:267462b35b344701a24d6cf291083a32 | API Response: GET /api/permissions/roles | Status: 200 | Duration: 172ms
2026-04-19 13:20:53.433 +05:30 [INF] SmsApi.Middleware.LoggingActionFilter | CorrelationId:67189bb326eb4d27b4ac32aaa1966cac | API Response: GET /api/permissions/roles | Status: 200 | Duration: 202ms
2026-04-19 13:20:53.477 +05:30 [INF] Serilog.AspNetCore.RequestLoggingMiddleware | CorrelationId:67189bb326eb4d27b4ac32aaa1966cac | HTTP GET /api/permissions/roles responded 200 in 259.6063 ms
2026-04-19 13:20:53.486 +05:30 [INF] Serilog.AspNetCore.RequestLoggingMiddleware | CorrelationId:267462b35b344701a24d6cf291083a32 | HTTP GET /api/permissions/roles responded 200 in 226.7347 ms
2026-04-19 13:20:54.784 +05:30 [INF] Serilog.AspNetCore.RequestLoggingMiddleware | CorrelationId:dcc7b578af2645959fc20b452f9b98c1 | HTTP OPTIONS /api/transport/routes responded 204 in 0.1329 ms
2026-04-19 13:20:54.785 +05:30 [INF] Serilog.AspNetCore.RequestLoggingMiddleware | CorrelationId:5a4b7819da3543018ca53406a94210fc | HTTP OPTIONS /api/transport/routes responded 204 in 0.0849 ms
2026-04-19 13:20:54.850 +05:30 [INF] SmsApi.Middleware.LoggingActionFilter | CorrelationId:a6c42cfc5bcf4e83906ee7fd32047363 | API Request: GET /api/transport/routes | User: Unknown | School: 550e8400-e29b-41d4-a716-446655440000
2026-04-19 13:20:54.850 +05:30 [INF] SmsApi.Middleware.LoggingActionFilter | CorrelationId:8dcaa3075b13492f860412e8224df471 | API Request: GET /api/transport/routes | User: Unknown | School: 550e8400-e29b-41d4-a716-446655440000
2026-04-19 13:20:54.947 +05:30 [INF] SmsApi.Middleware.LoggingActionFilter | CorrelationId:a6c42cfc5bcf4e83906ee7fd32047363 | API Response: GET /api/transport/routes | Status: 200 | Duration: 95ms
2026-04-19 13:20:54.948 +05:30 [INF] SmsApi.Middleware.LoggingActionFilter | CorrelationId:8dcaa3075b13492f860412e8224df471 | API Response: GET /api/transport/routes | Status: 200 | Duration: 97ms
2026-04-19 13:20:54.980 +05:30 [INF] Serilog.AspNetCore.RequestLoggingMiddleware | CorrelationId:8dcaa3075b13492f860412e8224df471 | HTTP GET /api/transport/routes responded 200 in 136.0083 ms
2026-04-19 13:20:54.980 +05:30 [INF] Serilog.AspNetCore.RequestLoggingMiddleware | CorrelationId:a6c42cfc5bcf4e83906ee7fd32047363 | HTTP GET /api/transport/routes responded 200 in 141.1014 ms
2026-04-19 13:21:21.802 +05:30 [INF] Serilog.AspNetCore.RequestLoggingMiddleware | CorrelationId:fa2a282f05d940d29e4000b8a2f14f83 | HTTP OPTIONS /api/academics/academic-years responded 204 in 0.5238 ms
2026-04-19 13:21:21.802 +05:30 [INF] Serilog.AspNetCore.RequestLoggingMiddleware | CorrelationId:da8da93c079749249aa7ca8577fe88cf | HTTP OPTIONS /api/academics/academic-years responded 204 in 0.5685 ms
2026-04-19 13:21:21.844 +05:30 [INF] Serilog.AspNetCore.RequestLoggingMiddleware | CorrelationId:245959f7866b4d42bc56d3bc66185867 | HTTP OPTIONS /api/settings/school/me responded 204 in 0.0629 ms
2026-04-19 13:21:21.912 +05:30 [INF] Serilog.AspNetCore.RequestLoggingMiddleware | CorrelationId:ad6035c88f9c4e05afdeee71d8864081 | HTTP OPTIONS /api/students responded 204 in 0.1693 ms
2026-04-19 13:21:21.974 +05:30 [INF] Serilog.AspNetCore.RequestLoggingMiddleware | CorrelationId:d1612799b31f4613b617bab3365da38b | HTTP OPTIONS /api/staff responded 204 in 0.0823 ms
2026-04-19 13:21:22.025 +05:30 [INF] Serilog.AspNetCore.RequestLoggingMiddleware | CorrelationId:b63ef37f4b4c46389cf7d28b92c246ed | HTTP OPTIONS /api/Attendance/records responded 204 in 0.1081 ms
2026-04-19 13:21:22.097 +05:30 [INF] Serilog.AspNetCore.RequestLoggingMiddleware | CorrelationId:cfbb0f6193ed48ad9e77d1d26f8e55a2 | HTTP OPTIONS /api/fees/stats responded 204 in 0.0410 ms
2026-04-19 13:21:22.128 +05:30 [INF] Serilog.AspNetCore.RequestLoggingMiddleware | CorrelationId:da4388afb72942e2afedb200bd90f8c1 | HTTP OPTIONS /api/students responded 204 in 0.0493 ms
2026-04-19 13:21:22.146 +05:30 [INF] Serilog.AspNetCore.RequestLoggingMiddleware | CorrelationId:73cffd6fa9b54588b36146aff04edd31 | HTTP OPTIONS /api/staff responded 204 in 0.0843 ms
2026-04-19 13:21:22.158 +05:30 [INF] Serilog.AspNetCore.RequestLoggingMiddleware | CorrelationId:a815b1dc24e042d08570ecac16c3eab9 | HTTP OPTIONS /api/Attendance/records responded 204 in 0.0595 ms
2026-04-19 13:21:22.173 +05:30 [INF] Serilog.AspNetCore.RequestLoggingMiddleware | CorrelationId:cb313f8f857e40fa90ffcb3dc97989d3 | HTTP OPTIONS /api/fees/stats responded 204 in 0.0608 ms
2026-04-19 13:21:22.215 +05:30 [INF] SmsApi.Middleware.LoggingActionFilter | CorrelationId:2f81158ba4ac4a9b971f0caccf005269 | API Request: GET /api/academics/academic-years | User: Unknown | School: 550e8400-e29b-41d4-a716-446655440000
2026-04-19 13:21:22.248 +05:30 [INF] SmsApi.Middleware.LoggingActionFilter | CorrelationId:7785dd05703c444f88a92929d221ad9b | API Request: GET /api/academics/academic-years | User: Unknown | School: 550e8400-e29b-41d4-a716-446655440000
2026-04-19 13:21:22.276 +05:30 [INF] SmsApi.Middleware.LoggingActionFilter | CorrelationId:645017c64b6c47668364599592a4e01d | API Request: GET /api/settings/school/me | User: Unknown | School: 550e8400-e29b-41d4-a716-446655440000
2026-04-19 13:21:22.318 +05:30 [INF] SmsApi.Middleware.LoggingActionFilter | CorrelationId:a221fbf0d5b24dc4a2c30d1a6b27ab94 | API Request: GET /api/students | User: Unknown | School: 550e8400-e29b-41d4-a716-446655440000
2026-04-19 13:21:22.327 +05:30 [INF] SmsApi.Middleware.LoggingActionFilter | CorrelationId:c8aba59506654b60af7ca0859ef0e1bf | API Request: GET /api/staff | User: Unknown | School: 550e8400-e29b-41d4-a716-446655440000
2026-04-19 13:21:22.352 +05:30 [INF] SmsApi.Middleware.LoggingActionFilter | CorrelationId:4ecbc3a7b8544029a5d7f1b568e983f7 | API Request: GET /api/Attendance/records | User: Unknown | School: 550e8400-e29b-41d4-a716-446655440000
2026-04-19 13:21:22.371 +05:30 [INF] SmsApi.Middleware.LoggingActionFilter | CorrelationId:2f81158ba4ac4a9b971f0caccf005269 | API Response: GET /api/academics/academic-years | Status: 200 | Duration: 156ms
2026-04-19 13:21:22.373 +05:30 [INF] SmsApi.Middleware.LoggingActionFilter | CorrelationId:7785dd05703c444f88a92929d221ad9b | API Response: GET /api/academics/academic-years | Status: 200 | Duration: 125ms
2026-04-19 13:21:22.387 +05:30 [INF] SmsApi.Middleware.LoggingActionFilter | CorrelationId:645017c64b6c47668364599592a4e01d | API Response: GET /api/settings/school/me | Status: 200 | Duration: 111ms
2026-04-19 13:21:22.394 +05:30 [INF] SmsApi.Middleware.LoggingActionFilter | CorrelationId:a221fbf0d5b24dc4a2c30d1a6b27ab94 | API Response: GET /api/students | Status: 200 | Duration: 75ms
2026-04-19 13:21:22.399 +05:30 [INF] SmsApi.Middleware.LoggingActionFilter | CorrelationId:c8aba59506654b60af7ca0859ef0e1bf | API Response: GET /api/staff | Status: 200 | Duration: 71ms
2026-04-19 13:21:22.410 +05:30 [INF] SmsApi.Middleware.LoggingActionFilter | CorrelationId:4ecbc3a7b8544029a5d7f1b568e983f7 | API Response: GET /api/Attendance/records | Status: 200 | Duration: 57ms
2026-04-19 13:21:22.413 +05:30 [INF] Serilog.AspNetCore.RequestLoggingMiddleware | CorrelationId:2f81158ba4ac4a9b971f0caccf005269 | HTTP GET /api/academics/academic-years responded 200 in 210.8832 ms
2026-04-19 13:21:22.418 +05:30 [INF] Serilog.AspNetCore.RequestLoggingMiddleware | CorrelationId:7785dd05703c444f88a92929d221ad9b | HTTP GET /api/academics/academic-years responded 200 in 171.4368 ms
2026-04-19 13:21:22.429 +05:30 [INF] Serilog.AspNetCore.RequestLoggingMiddleware | CorrelationId:645017c64b6c47668364599592a4e01d | HTTP GET /api/settings/school/me responded 200 in 156.4555 ms
2026-04-19 13:21:22.470 +05:30 [INF] Serilog.AspNetCore.RequestLoggingMiddleware | CorrelationId:a221fbf0d5b24dc4a2c30d1a6b27ab94 | HTTP GET /api/students responded 200 in 172.9667 ms
2026-04-19 13:21:22.485 +05:30 [INF] Serilog.AspNetCore.RequestLoggingMiddleware | CorrelationId:c8aba59506654b60af7ca0859ef0e1bf | HTTP GET /api/staff responded 200 in 164.6400 ms
2026-04-19 13:21:22.505 +05:30 [INF] Serilog.AspNetCore.RequestLoggingMiddleware | CorrelationId:4ecbc3a7b8544029a5d7f1b568e983f7 | HTTP GET /api/Attendance/records responded 200 in 162.6429 ms
2026-04-19 13:21:22.534 +05:30 [INF] SmsApi.Middleware.LoggingActionFilter | CorrelationId:22ca99be9579429fb4e89e51ec8f352b | API Request: GET /api/fees/stats | User: Unknown | School: 550e8400-e29b-41d4-a716-446655440000
2026-04-19 13:21:22.555 +05:30 [INF] SmsApi.Middleware.LoggingActionFilter | CorrelationId:f1631804d66d445688fe5e079022cc54 | API Request: GET /api/students | User: Unknown | School: 550e8400-e29b-41d4-a716-446655440000
2026-04-19 13:21:22.581 +05:30 [INF] SmsApi.Middleware.LoggingActionFilter | CorrelationId:4304bba9c04141688efc63495721b605 | API Request: GET /api/staff | User: Unknown | School: 550e8400-e29b-41d4-a716-446655440000
2026-04-19 13:21:22.587 +05:30 [INF] SmsApi.Middleware.LoggingActionFilter | CorrelationId:a15e04ecb5f04894935a794c357cf5b8 | API Request: GET /api/Attendance/records | User: Unknown | School: 550e8400-e29b-41d4-a716-446655440000
2026-04-19 13:21:22.596 +05:30 [INF] SmsApi.Middleware.LoggingActionFilter | CorrelationId:d284650a789346e2862aefcfa216b829 | API Request: GET /api/fees/stats | User: Unknown | School: 550e8400-e29b-41d4-a716-446655440000
2026-04-19 13:21:22.614 +05:30 [INF] SmsApi.Middleware.LoggingActionFilter | CorrelationId:f1631804d66d445688fe5e079022cc54 | API Response: GET /api/students | Status: 200 | Duration: 59ms
2026-04-19 13:21:22.618 +05:30 [INF] SmsApi.Middleware.LoggingActionFilter | CorrelationId:4304bba9c04141688efc63495721b605 | API Response: GET /api/staff | Status: 200 | Duration: 37ms
2026-04-19 13:21:22.619 +05:30 [INF] SmsApi.Middleware.LoggingActionFilter | CorrelationId:22ca99be9579429fb4e89e51ec8f352b | API Response: GET /api/fees/stats | Status: 200 | Duration: 84ms
2026-04-19 13:21:22.627 +05:30 [INF] SmsApi.Middleware.LoggingActionFilter | CorrelationId:a15e04ecb5f04894935a794c357cf5b8 | API Response: GET /api/Attendance/records | Status: 200 | Duration: 39ms
2026-04-19 13:21:22.641 +05:30 [INF] Serilog.AspNetCore.RequestLoggingMiddleware | CorrelationId:f1631804d66d445688fe5e079022cc54 | HTTP GET /api/students responded 200 in 93.0591 ms
2026-04-19 13:21:22.643 +05:30 [INF] SmsApi.Middleware.LoggingActionFilter | CorrelationId:d284650a789346e2862aefcfa216b829 | API Response: GET /api/fees/stats | Status: 200 | Duration: 47ms
2026-04-19 13:21:22.650 +05:30 [INF] Serilog.AspNetCore.RequestLoggingMiddleware | CorrelationId:4304bba9c04141688efc63495721b605 | HTTP GET /api/staff responded 200 in 77.9142 ms
2026-04-19 13:21:22.655 +05:30 [INF] Serilog.AspNetCore.RequestLoggingMiddleware | CorrelationId:22ca99be9579429fb4e89e51ec8f352b | HTTP GET /api/fees/stats responded 200 in 125.7040 ms
2026-04-19 13:21:22.659 +05:30 [INF] Serilog.AspNetCore.RequestLoggingMiddleware | CorrelationId:a15e04ecb5f04894935a794c357cf5b8 | HTTP GET /api/Attendance/records responded 200 in 76.4880 ms
2026-04-19 13:21:22.688 +05:30 [INF] Serilog.AspNetCore.RequestLoggingMiddleware | CorrelationId:d284650a789346e2862aefcfa216b829 | HTTP GET /api/fees/stats responded 200 in 95.9088 ms
2026-04-19 13:21:24.350 +05:30 [INF] Serilog.AspNetCore.RequestLoggingMiddleware | CorrelationId:1832a2deb8f541ec82ff659e73f0177c | HTTP OPTIONS /api/academics/academic-years responded 204 in 0.1061 ms
2026-04-19 13:21:24.350 +05:30 [INF] Serilog.AspNetCore.RequestLoggingMiddleware | CorrelationId:54da8a2ea7234c80861f0906ad4d7f62 | HTTP OPTIONS /api/academics/academic-years responded 204 in 0.0372 ms
2026-04-19 13:21:24.406 +05:30 [INF] SmsApi.Middleware.LoggingActionFilter | CorrelationId:77480cc7ef484ea2bacdc0a0b4611d3a | API Request: GET /api/academics/academic-years | User: Unknown | School: 550e8400-e29b-41d4-a716-446655440000
2026-04-19 13:21:24.420 +05:30 [INF] SmsApi.Middleware.LoggingActionFilter | CorrelationId:dddd1d69d111424b8ab09ac1349edf43 | API Request: GET /api/academics/academic-years | User: Unknown | School: 550e8400-e29b-41d4-a716-446655440000
2026-04-19 13:21:24.429 +05:30 [INF] SmsApi.Middleware.LoggingActionFilter | CorrelationId:77480cc7ef484ea2bacdc0a0b4611d3a | API Response: GET /api/academics/academic-years | Status: 200 | Duration: 22ms
2026-04-19 13:21:24.436 +05:30 [INF] SmsApi.Middleware.LoggingActionFilter | CorrelationId:dddd1d69d111424b8ab09ac1349edf43 | API Response: GET /api/academics/academic-years | Status: 200 | Duration: 16ms
2026-04-19 13:21:24.443 +05:30 [INF] Serilog.AspNetCore.RequestLoggingMiddleware | CorrelationId:77480cc7ef484ea2bacdc0a0b4611d3a | HTTP GET /api/academics/academic-years responded 200 in 38.4043 ms
2026-04-19 13:21:24.465 +05:30 [INF] Serilog.AspNetCore.RequestLoggingMiddleware | CorrelationId:dddd1d69d111424b8ab09ac1349edf43 | HTTP GET /api/academics/academic-years responded 200 in 46.1766 ms
2026-04-19 13:21:26.084 +05:30 [INF] Serilog.AspNetCore.RequestLoggingMiddleware | CorrelationId:1e86b643f4b94c748f846501c276bb9d | HTTP OPTIONS /api/staff responded 204 in 0.0675 ms
2026-04-19 13:21:26.087 +05:30 [INF] Serilog.AspNetCore.RequestLoggingMiddleware | CorrelationId:b653a181c7f04ac08bb6fd7dca717bc2 | HTTP OPTIONS /api/staff responded 204 in 0.0473 ms
2026-04-19 13:21:26.132 +05:30 [INF] SmsApi.Middleware.LoggingActionFilter | CorrelationId:0e5110bda3d9408cbce0428535247bd0 | API Request: GET /api/staff | User: Unknown | School: 550e8400-e29b-41d4-a716-446655440000
2026-04-19 13:21:26.133 +05:30 [INF] SmsApi.Middleware.LoggingActionFilter | CorrelationId:9a117b3961384f99b4bed72eb1c23abe | API Request: GET /api/staff | User: Unknown | School: 550e8400-e29b-41d4-a716-446655440000
2026-04-19 13:21:26.141 +05:30 [INF] SmsApi.Middleware.LoggingActionFilter | CorrelationId:0e5110bda3d9408cbce0428535247bd0 | API Response: GET /api/staff | Status: 200 | Duration: 8ms
2026-04-19 13:21:26.143 +05:30 [INF] SmsApi.Middleware.LoggingActionFilter | CorrelationId:9a117b3961384f99b4bed72eb1c23abe | API Response: GET /api/staff | Status: 200 | Duration: 9ms
2026-04-19 13:21:26.144 +05:30 [INF] Serilog.AspNetCore.RequestLoggingMiddleware | CorrelationId:0e5110bda3d9408cbce0428535247bd0 | HTTP GET /api/staff responded 200 in 19.2732 ms
2026-04-19 13:21:26.148 +05:30 [INF] Serilog.AspNetCore.RequestLoggingMiddleware | CorrelationId:9a117b3961384f99b4bed72eb1c23abe | HTTP GET /api/staff responded 200 in 16.1889 ms
2026-04-19 13:21:27.446 +05:30 [INF] Serilog.AspNetCore.RequestLoggingMiddleware | CorrelationId:3f5c7b6ccad84cb682ff599038366ca6 | HTTP OPTIONS /api/fees/records responded 204 in 0.1100 ms
2026-04-19 13:21:27.452 +05:30 [INF] Serilog.AspNetCore.RequestLoggingMiddleware | CorrelationId:90dbc9160aa3461f9e4303d5f080e835 | HTTP OPTIONS /api/fees/structures responded 204 in 0.1018 ms
2026-04-19 13:21:27.476 +05:30 [INF] Serilog.AspNetCore.RequestLoggingMiddleware | CorrelationId:94af2395ff2346679ece556094c2a9a2 | HTTP OPTIONS /api/fees/stats responded 204 in 0.0553 ms
2026-04-19 13:21:27.481 +05:30 [INF] Serilog.AspNetCore.RequestLoggingMiddleware | CorrelationId:c349210b6af9435fa43c415581565c88 | HTTP OPTIONS /api/fees/records responded 204 in 0.0510 ms
2026-04-19 13:21:27.482 +05:30 [INF] Serilog.AspNetCore.RequestLoggingMiddleware | CorrelationId:48a854ca89064d6c8b89083aab3bd02d | HTTP OPTIONS /api/fees/structures responded 204 in 0.0154 ms
2026-04-19 13:21:27.482 +05:30 [INF] Serilog.AspNetCore.RequestLoggingMiddleware | CorrelationId:d9b284466b8643fc8501a5e5f0ac82e2 | HTTP OPTIONS /api/fees/stats responded 204 in 0.0202 ms
2026-04-19 13:21:27.508 +05:30 [INF] SmsApi.Middleware.LoggingActionFilter | CorrelationId:468e4772e640437d959bbac5216af01d | API Request: GET /api/fees/records | User: Unknown | School: 550e8400-e29b-41d4-a716-446655440000
2026-04-19 13:21:27.516 +05:30 [INF] SmsApi.Middleware.LoggingActionFilter | CorrelationId:d3c1602b5b77492f935df159a857c069 | API Request: GET /api/fees/structures | User: Unknown | School: 550e8400-e29b-41d4-a716-446655440000
2026-04-19 13:21:27.525 +05:30 [INF] SmsApi.Middleware.LoggingActionFilter | CorrelationId:31bb7e27ae4a47c793c02ae470f7095d | API Request: GET /api/fees/stats | User: Unknown | School: 550e8400-e29b-41d4-a716-446655440000
2026-04-19 13:21:27.544 +05:30 [INF] SmsApi.Middleware.LoggingActionFilter | CorrelationId:f79ca598cf5646e59de43c785f33dd59 | API Request: GET /api/fees/records | User: Unknown | School: 550e8400-e29b-41d4-a716-446655440000
2026-04-19 13:21:27.561 +05:30 [INF] SmsApi.Middleware.LoggingActionFilter | CorrelationId:81f4e030c46246f99d5aa641b19396e3 | API Request: GET /api/fees/structures | User: Unknown | School: 550e8400-e29b-41d4-a716-446655440000
2026-04-19 13:21:27.563 +05:30 [INF] SmsApi.Middleware.LoggingActionFilter | CorrelationId:e871b5661cc84f9a9365f6f51a3f008b | API Request: GET /api/fees/stats | User: Unknown | School: 550e8400-e29b-41d4-a716-446655440000
2026-04-19 13:21:27.578 +05:30 [INF] SmsApi.Middleware.LoggingActionFilter | CorrelationId:d3c1602b5b77492f935df159a857c069 | API Response: GET /api/fees/structures | Status: 200 | Duration: 61ms
2026-04-19 13:21:27.584 +05:30 [INF] SmsApi.Services.FeeService | CorrelationId:468e4772e640437d959bbac5216af01d | Late fee calculation with partial payment: Total=18000.00, Paid=6000.00, Remaining=12000.00
2026-04-19 13:21:27.597 +05:30 [INF] SmsApi.Middleware.LoggingActionFilter | CorrelationId:31bb7e27ae4a47c793c02ae470f7095d | API Response: GET /api/fees/stats | Status: 200 | Duration: 71ms
2026-04-19 13:21:27.605 +05:30 [INF] SmsApi.Services.FeeService | CorrelationId:f79ca598cf5646e59de43c785f33dd59 | Late fee calculation with partial payment: Total=18000.00, Paid=6000.00, Remaining=12000.00
2026-04-19 13:21:27.608 +05:30 [INF] SmsApi.Middleware.LoggingActionFilter | CorrelationId:81f4e030c46246f99d5aa641b19396e3 | API Response: GET /api/fees/structures | Status: 200 | Duration: 47ms
2026-04-19 13:21:27.619 +05:30 [INF] SmsApi.Middleware.LoggingActionFilter | CorrelationId:e871b5661cc84f9a9365f6f51a3f008b | API Response: GET /api/fees/stats | Status: 200 | Duration: 55ms
2026-04-19 13:21:27.622 +05:30 [INF] Serilog.AspNetCore.RequestLoggingMiddleware | CorrelationId:d3c1602b5b77492f935df159a857c069 | HTTP GET /api/fees/structures responded 200 in 109.0332 ms
2026-04-19 13:21:27.627 +05:30 [WRN] SmsApi.Services.FeeService | CorrelationId:468e4772e640437d959bbac5216af01d | No late fee configuration found for school 550e8400-e29b-41d4-a716-446655440000
2026-04-19 13:21:27.630 +05:30 [INF] Serilog.AspNetCore.RequestLoggingMiddleware | CorrelationId:31bb7e27ae4a47c793c02ae470f7095d | HTTP GET /api/fees/stats responded 200 in 106.8942 ms
2026-04-19 13:21:27.635 +05:30 [WRN] SmsApi.Services.FeeService | CorrelationId:f79ca598cf5646e59de43c785f33dd59 | No late fee configuration found for school 550e8400-e29b-41d4-a716-446655440000
2026-04-19 13:21:27.636 +05:30 [INF] Serilog.AspNetCore.RequestLoggingMiddleware | CorrelationId:81f4e030c46246f99d5aa641b19396e3 | HTTP GET /api/fees/structures responded 200 in 89.1247 ms
2026-04-19 13:21:27.642 +05:30 [INF] Serilog.AspNetCore.RequestLoggingMiddleware | CorrelationId:e871b5661cc84f9a9365f6f51a3f008b | HTTP GET /api/fees/stats responded 200 in 81.8732 ms
2026-04-19 13:21:27.667 +05:30 [INF] SmsApi.Services.FeeService | CorrelationId:468e4772e640437d959bbac5216af01d | Late fee calculation with partial payment: Total=20000.00, Paid=12000.00, Remaining=8000.00
2026-04-19 13:21:27.680 +05:30 [INF] SmsApi.Services.FeeService | CorrelationId:f79ca598cf5646e59de43c785f33dd59 | Late fee calculation with partial payment: Total=20000.00, Paid=12000.00, Remaining=8000.00
2026-04-19 13:21:27.701 +05:30 [WRN] SmsApi.Services.FeeService | CorrelationId:468e4772e640437d959bbac5216af01d | No late fee configuration found for school 550e8400-e29b-41d4-a716-446655440000
2026-04-19 13:21:27.705 +05:30 [WRN] SmsApi.Services.FeeService | CorrelationId:f79ca598cf5646e59de43c785f33dd59 | No late fee configuration found for school 550e8400-e29b-41d4-a716-446655440000
2026-04-19 13:21:27.707 +05:30 [INF] SmsApi.Services.FeeService | CorrelationId:468e4772e640437d959bbac5216af01d | Late fee calculation with partial payment: Total=12000.00, Paid=6000.00, Remaining=6000.00
2026-04-19 13:21:27.709 +05:30 [INF] SmsApi.Services.FeeService | CorrelationId:f79ca598cf5646e59de43c785f33dd59 | Late fee calculation with partial payment: Total=12000.00, Paid=6000.00, Remaining=6000.00
2026-04-19 13:21:27.712 +05:30 [WRN] SmsApi.Services.FeeService | CorrelationId:468e4772e640437d959bbac5216af01d | No late fee configuration found for school 550e8400-e29b-41d4-a716-446655440000
2026-04-19 13:21:27.715 +05:30 [WRN] SmsApi.Services.FeeService | CorrelationId:f79ca598cf5646e59de43c785f33dd59 | No late fee configuration found for school 550e8400-e29b-41d4-a716-446655440000
2026-04-19 13:21:27.718 +05:30 [INF] SmsApi.Services.FeeService | CorrelationId:468e4772e640437d959bbac5216af01d | Late fee calculation with partial payment: Total=12000.00, Paid=6000.00, Remaining=6000.00
2026-04-19 13:21:27.720 +05:30 [INF] SmsApi.Services.FeeService | CorrelationId:f79ca598cf5646e59de43c785f33dd59 | Late fee calculation with partial payment: Total=12000.00, Paid=6000.00, Remaining=6000.00
2026-04-19 13:21:27.727 +05:30 [WRN] SmsApi.Services.FeeService | CorrelationId:468e4772e640437d959bbac5216af01d | No late fee configuration found for school 550e8400-e29b-41d4-a716-446655440000
2026-04-19 13:21:27.734 +05:30 [WRN] SmsApi.Services.FeeService | CorrelationId:f79ca598cf5646e59de43c785f33dd59 | No late fee configuration found for school 550e8400-e29b-41d4-a716-446655440000
2026-04-19 13:21:27.741 +05:30 [WRN] SmsApi.Services.FeeService | CorrelationId:468e4772e640437d959bbac5216af01d | No late fee configuration found for school 550e8400-e29b-41d4-a716-446655440000
2026-04-19 13:21:27.741 +05:30 [WRN] SmsApi.Services.FeeService | CorrelationId:f79ca598cf5646e59de43c785f33dd59 | No late fee configuration found for school 550e8400-e29b-41d4-a716-446655440000
2026-04-19 13:21:27.751 +05:30 [INF] SmsApi.Services.FeeService | CorrelationId:468e4772e640437d959bbac5216af01d | Late fee calculation with partial payment: Total=12000.00, Paid=6000.00, Remaining=6000.00
2026-04-19 13:21:27.753 +05:30 [INF] SmsApi.Services.FeeService | CorrelationId:f79ca598cf5646e59de43c785f33dd59 | Late fee calculation with partial payment: Total=12000.00, Paid=6000.00, Remaining=6000.00
2026-04-19 13:21:27.760 +05:30 [WRN] SmsApi.Services.FeeService | CorrelationId:468e4772e640437d959bbac5216af01d | No late fee configuration found for school 550e8400-e29b-41d4-a716-446655440000
2026-04-19 13:21:27.763 +05:30 [WRN] SmsApi.Services.FeeService | CorrelationId:f79ca598cf5646e59de43c785f33dd59 | No late fee configuration found for school 550e8400-e29b-41d4-a716-446655440000
2026-04-19 13:21:27.764 +05:30 [INF] SmsApi.Services.FeeService | CorrelationId:468e4772e640437d959bbac5216af01d | Late fee calculation with partial payment: Total=12000.00, Paid=6000.00, Remaining=6000.00
2026-04-19 13:21:27.766 +05:30 [INF] SmsApi.Services.FeeService | CorrelationId:f79ca598cf5646e59de43c785f33dd59 | Late fee calculation with partial payment: Total=12000.00, Paid=6000.00, Remaining=6000.00
2026-04-19 13:21:27.768 +05:30 [WRN] SmsApi.Services.FeeService | CorrelationId:468e4772e640437d959bbac5216af01d | No late fee configuration found for school 550e8400-e29b-41d4-a716-446655440000
2026-04-19 13:21:27.769 +05:30 [WRN] SmsApi.Services.FeeService | CorrelationId:f79ca598cf5646e59de43c785f33dd59 | No late fee configuration found for school 550e8400-e29b-41d4-a716-446655440000
2026-04-19 13:21:27.771 +05:30 [WRN] SmsApi.Services.FeeService | CorrelationId:468e4772e640437d959bbac5216af01d | No late fee configuration found for school 550e8400-e29b-41d4-a716-446655440000
2026-04-19 13:21:27.774 +05:30 [WRN] SmsApi.Services.FeeService | CorrelationId:f79ca598cf5646e59de43c785f33dd59 | No late fee configuration found for school 550e8400-e29b-41d4-a716-446655440000
2026-04-19 13:21:27.779 +05:30 [WRN] SmsApi.Services.FeeService | CorrelationId:468e4772e640437d959bbac5216af01d | No late fee configuration found for school 550e8400-e29b-41d4-a716-446655440000
2026-04-19 13:21:27.780 +05:30 [WRN] SmsApi.Services.FeeService | CorrelationId:f79ca598cf5646e59de43c785f33dd59 | No late fee configuration found for school 550e8400-e29b-41d4-a716-446655440000
2026-04-19 13:21:27.787 +05:30 [INF] SmsApi.Services.FeeService | CorrelationId:468e4772e640437d959bbac5216af01d | Late fee calculation with partial payment: Total=12000.00, Paid=6000.00, Remaining=6000.00
2026-04-19 13:21:27.790 +05:30 [INF] SmsApi.Services.FeeService | CorrelationId:f79ca598cf5646e59de43c785f33dd59 | Late fee calculation with partial payment: Total=12000.00, Paid=6000.00, Remaining=6000.00
2026-04-19 13:21:27.793 +05:30 [WRN] SmsApi.Services.FeeService | CorrelationId:468e4772e640437d959bbac5216af01d | No late fee configuration found for school 550e8400-e29b-41d4-a716-446655440000
2026-04-19 13:21:27.793 +05:30 [WRN] SmsApi.Services.FeeService | CorrelationId:f79ca598cf5646e59de43c785f33dd59 | No late fee configuration found for school 550e8400-e29b-41d4-a716-446655440000
2026-04-19 13:21:27.802 +05:30 [WRN] SmsApi.Services.FeeService | CorrelationId:468e4772e640437d959bbac5216af01d | No late fee configuration found for school 550e8400-e29b-41d4-a716-446655440000
2026-04-19 13:21:27.809 +05:30 [WRN] SmsApi.Services.FeeService | CorrelationId:f79ca598cf5646e59de43c785f33dd59 | No late fee configuration found for school 550e8400-e29b-41d4-a716-446655440000
2026-04-19 13:21:27.811 +05:30 [WRN] SmsApi.Services.FeeService | CorrelationId:468e4772e640437d959bbac5216af01d | No late fee configuration found for school 550e8400-e29b-41d4-a716-446655440000
2026-04-19 13:21:27.815 +05:30 [WRN] SmsApi.Services.FeeService | CorrelationId:f79ca598cf5646e59de43c785f33dd59 | No late fee configuration found for school 550e8400-e29b-41d4-a716-446655440000
2026-04-19 13:21:27.816 +05:30 [INF] SmsApi.Services.FeeService | CorrelationId:468e4772e640437d959bbac5216af01d | Late fee calculation with partial payment: Total=12000.00, Paid=6000.00, Remaining=6000.00
2026-04-19 13:21:27.821 +05:30 [INF] SmsApi.Services.FeeService | CorrelationId:f79ca598cf5646e59de43c785f33dd59 | Late fee calculation with partial payment: Total=12000.00, Paid=6000.00, Remaining=6000.00
2026-04-19 13:21:27.824 +05:30 [WRN] SmsApi.Services.FeeService | CorrelationId:468e4772e640437d959bbac5216af01d | No late fee configuration found for school 550e8400-e29b-41d4-a716-446655440000
2026-04-19 13:21:27.827 +05:30 [WRN] SmsApi.Services.FeeService | CorrelationId:f79ca598cf5646e59de43c785f33dd59 | No late fee configuration found for school 550e8400-e29b-41d4-a716-446655440000
2026-04-19 13:21:27.829 +05:30 [WRN] SmsApi.Services.FeeService | CorrelationId:468e4772e640437d959bbac5216af01d | No late fee configuration found for school 550e8400-e29b-41d4-a716-446655440000
2026-04-19 13:21:27.831 +05:30 [WRN] SmsApi.Services.FeeService | CorrelationId:f79ca598cf5646e59de43c785f33dd59 | No late fee configuration found for school 550e8400-e29b-41d4-a716-446655440000
2026-04-19 13:21:27.836 +05:30 [WRN] SmsApi.Services.FeeService | CorrelationId:468e4772e640437d959bbac5216af01d | No late fee configuration found for school 550e8400-e29b-41d4-a716-446655440000
2026-04-19 13:21:27.839 +05:30 [WRN] SmsApi.Services.FeeService | CorrelationId:f79ca598cf5646e59de43c785f33dd59 | No late fee configuration found for school 550e8400-e29b-41d4-a716-446655440000
2026-04-19 13:21:27.843 +05:30 [WRN] SmsApi.Services.FeeService | CorrelationId:468e4772e640437d959bbac5216af01d | No late fee configuration found for school 550e8400-e29b-41d4-a716-446655440000
2026-04-19 13:21:27.844 +05:30 [WRN] SmsApi.Services.FeeService | CorrelationId:f79ca598cf5646e59de43c785f33dd59 | No late fee configuration found for school 550e8400-e29b-41d4-a716-446655440000
2026-04-19 13:21:27.848 +05:30 [INF] SmsApi.Services.FeeService | CorrelationId:468e4772e640437d959bbac5216af01d | Late fee calculation with partial payment: Total=12000.00, Paid=6000.00, Remaining=6000.00
2026-04-19 13:21:27.849 +05:30 [INF] SmsApi.Services.FeeService | CorrelationId:f79ca598cf5646e59de43c785f33dd59 | Late fee calculation with partial payment: Total=12000.00, Paid=6000.00, Remaining=6000.00
2026-04-19 13:21:27.854 +05:30 [WRN] SmsApi.Services.FeeService | CorrelationId:468e4772e640437d959bbac5216af01d | No late fee configuration found for school 550e8400-e29b-41d4-a716-446655440000
2026-04-19 13:21:27.858 +05:30 [WRN] SmsApi.Services.FeeService | CorrelationId:f79ca598cf5646e59de43c785f33dd59 | No late fee configuration found for school 550e8400-e29b-41d4-a716-446655440000
2026-04-19 13:21:27.861 +05:30 [WRN] SmsApi.Services.FeeService | CorrelationId:468e4772e640437d959bbac5216af01d | No late fee configuration found for school 550e8400-e29b-41d4-a716-446655440000
2026-04-19 13:21:27.863 +05:30 [WRN] SmsApi.Services.FeeService | CorrelationId:f79ca598cf5646e59de43c785f33dd59 | No late fee configuration found for school 550e8400-e29b-41d4-a716-446655440000
2026-04-19 13:21:27.870 +05:30 [INF] SmsApi.Middleware.LoggingActionFilter | CorrelationId:468e4772e640437d959bbac5216af01d | API Response: GET /api/fees/records | Status: 200 | Duration: 362ms
2026-04-19 13:21:27.870 +05:30 [INF] SmsApi.Middleware.LoggingActionFilter | CorrelationId:f79ca598cf5646e59de43c785f33dd59 | API Response: GET /api/fees/records | Status: 200 | Duration: 326ms
2026-04-19 13:21:27.876 +05:30 [INF] Serilog.AspNetCore.RequestLoggingMiddleware | CorrelationId:468e4772e640437d959bbac5216af01d | HTTP GET /api/fees/records responded 200 in 373.8517 ms
2026-04-19 13:21:27.880 +05:30 [INF] Serilog.AspNetCore.RequestLoggingMiddleware | CorrelationId:f79ca598cf5646e59de43c785f33dd59 | HTTP GET /api/fees/records responded 200 in 347.0768 ms
2026-04-19 13:21:29.661 +05:30 [INF] Serilog.AspNetCore.RequestLoggingMiddleware | CorrelationId:27a06b60f02e4805a9661ecc48a65b8b | HTTP OPTIONS /api/transport/routes responded 204 in 0.1127 ms
2026-04-19 13:21:29.656 +05:30 [INF] Serilog.AspNetCore.RequestLoggingMiddleware | CorrelationId:bfc0ae66b67748aa9f4b52fd599098d3 | HTTP OPTIONS /api/transport/routes responded 204 in 0.0414 ms
2026-04-19 13:21:29.710 +05:30 [INF] SmsApi.Middleware.LoggingActionFilter | CorrelationId:a5856830246e4d5c92f38c63ea64e86f | API Request: GET /api/transport/routes | User: Unknown | School: 550e8400-e29b-41d4-a716-446655440000
2026-04-19 13:21:29.710 +05:30 [INF] SmsApi.Middleware.LoggingActionFilter | CorrelationId:1e9c6d4d84ab47bfaa3b8f10dba61a59 | API Request: GET /api/transport/routes | User: Unknown | School: 550e8400-e29b-41d4-a716-446655440000
2026-04-19 13:21:29.732 +05:30 [INF] SmsApi.Middleware.LoggingActionFilter | CorrelationId:a5856830246e4d5c92f38c63ea64e86f | API Response: GET /api/transport/routes | Status: 200 | Duration: 22ms
2026-04-19 13:21:29.732 +05:30 [INF] SmsApi.Middleware.LoggingActionFilter | CorrelationId:1e9c6d4d84ab47bfaa3b8f10dba61a59 | API Response: GET /api/transport/routes | Status: 200 | Duration: 22ms
2026-04-19 13:21:29.737 +05:30 [INF] Serilog.AspNetCore.RequestLoggingMiddleware | CorrelationId:a5856830246e4d5c92f38c63ea64e86f | HTTP GET /api/transport/routes responded 200 in 37.1007 ms
2026-04-19 13:21:29.741 +05:30 [INF] Serilog.AspNetCore.RequestLoggingMiddleware | CorrelationId:1e9c6d4d84ab47bfaa3b8f10dba61a59 | HTTP GET /api/transport/routes responded 200 in 33.2100 ms
2026-04-19 13:21:31.013 +05:30 [INF] Serilog.AspNetCore.RequestLoggingMiddleware | CorrelationId:f09c8f2e8cd74345a525f2690cfcbd13 | HTTP OPTIONS /api/hostel/rooms responded 204 in 0.1378 ms
2026-04-19 13:21:31.013 +05:30 [INF] Serilog.AspNetCore.RequestLoggingMiddleware | CorrelationId:1a851e31e0aa4bc0a5861350b6c6a5d2 | HTTP OPTIONS /api/hostel/rooms responded 204 in 0.0073 ms
2026-04-19 13:21:31.075 +05:30 [INF] SmsApi.Middleware.LoggingActionFilter | CorrelationId:33d78121a61943ecb137b738f311d3ee | API Request: GET /api/hostel/rooms | User: Unknown | School: 550e8400-e29b-41d4-a716-446655440000
2026-04-19 13:21:31.077 +05:30 [INF] SmsApi.Middleware.LoggingActionFilter | CorrelationId:1f6c7e679deb4cb797d0fef3dd8dff1b | API Request: GET /api/hostel/rooms | User: Unknown | School: 550e8400-e29b-41d4-a716-446655440000
2026-04-19 13:21:31.165 +05:30 [INF] SmsApi.Middleware.LoggingActionFilter | CorrelationId:1f6c7e679deb4cb797d0fef3dd8dff1b | API Response: GET /api/hostel/rooms | Status: 200 | Duration: 88ms
2026-04-19 13:21:31.165 +05:30 [INF] SmsApi.Middleware.LoggingActionFilter | CorrelationId:33d78121a61943ecb137b738f311d3ee | API Response: GET /api/hostel/rooms | Status: 200 | Duration: 90ms
2026-04-19 13:21:31.176 +05:30 [INF] Serilog.AspNetCore.RequestLoggingMiddleware | CorrelationId:1f6c7e679deb4cb797d0fef3dd8dff1b | HTTP GET /api/hostel/rooms responded 200 in 101.3462 ms
2026-04-19 13:21:31.180 +05:30 [INF] Serilog.AspNetCore.RequestLoggingMiddleware | CorrelationId:33d78121a61943ecb137b738f311d3ee | HTTP GET /api/hostel/rooms responded 200 in 117.8120 ms
2026-04-19 13:21:33.648 +05:30 [INF] Serilog.AspNetCore.RequestLoggingMiddleware | CorrelationId:08903b621e2145d989dff8d6160f5139 | HTTP OPTIONS /api/health/records responded 204 in 0.0143 ms
2026-04-19 13:21:33.647 +05:30 [INF] Serilog.AspNetCore.RequestLoggingMiddleware | CorrelationId:e52bd3b9ee3c4e12857f4414ac12e3f7 | HTTP OPTIONS /api/health/records responded 204 in 0.0408 ms
2026-04-19 13:21:33.648 +05:30 [INF] Serilog.AspNetCore.RequestLoggingMiddleware | CorrelationId:ace21ca3153b4c0cb48160606cc96731 | HTTP OPTIONS /api/health/stats responded 204 in 0.0098 ms
2026-04-19 13:21:33.648 +05:30 [INF] Serilog.AspNetCore.RequestLoggingMiddleware | CorrelationId:4c2697892cf74d139be1f7d473b9c86a | HTTP OPTIONS /api/health/stats responded 204 in 0.0091 ms
2026-04-19 13:21:33.719 +05:30 [INF] SmsApi.Middleware.LoggingActionFilter | CorrelationId:91efd9740b24455fbd98ee5ae6a808f9 | API Request: GET /api/health/records | User: Unknown | School: 550e8400-e29b-41d4-a716-446655440000
2026-04-19 13:21:33.719 +05:30 [INF] SmsApi.Middleware.LoggingActionFilter | CorrelationId:440ba76d054148fc8648f51460d8579e | API Request: GET /api/health/records | User: Unknown | School: 550e8400-e29b-41d4-a716-446655440000
2026-04-19 13:21:33.735 +05:30 [INF] SmsApi.Middleware.LoggingActionFilter | CorrelationId:536550ac931d4c4e8e6ca0345a2f1637 | API Request: GET /api/health/stats | User: Unknown | School: 550e8400-e29b-41d4-a716-446655440000
2026-04-19 13:21:33.735 +05:30 [INF] SmsApi.Middleware.LoggingActionFilter | CorrelationId:b641cbf1d2184b8691058a6be70b7c8e | API Request: GET /api/health/stats | User: Unknown | School: 550e8400-e29b-41d4-a716-446655440000
2026-04-19 13:21:33.812 +05:30 [INF] SmsApi.Middleware.LoggingActionFilter | CorrelationId:536550ac931d4c4e8e6ca0345a2f1637 | API Response: GET /api/health/stats | Status: 200 | Duration: 76ms
2026-04-19 13:21:33.812 +05:30 [INF] SmsApi.Middleware.LoggingActionFilter | CorrelationId:b641cbf1d2184b8691058a6be70b7c8e | API Response: GET /api/health/stats | Status: 200 | Duration: 76ms
2026-04-19 13:21:33.820 +05:30 [INF] Serilog.AspNetCore.RequestLoggingMiddleware | CorrelationId:536550ac931d4c4e8e6ca0345a2f1637 | HTTP GET /api/health/stats responded 200 in 95.4950 ms
2026-04-19 13:21:33.830 +05:30 [INF] SmsApi.Middleware.LoggingActionFilter | CorrelationId:91efd9740b24455fbd98ee5ae6a808f9 | API Response: GET /api/health/records | Status: 200 | Duration: 111ms
2026-04-19 13:21:33.830 +05:30 [INF] SmsApi.Middleware.LoggingActionFilter | CorrelationId:440ba76d054148fc8648f51460d8579e | API Response: GET /api/health/records | Status: 200 | Duration: 110ms
2026-04-19 13:21:33.834 +05:30 [INF] Serilog.AspNetCore.RequestLoggingMiddleware | CorrelationId:b641cbf1d2184b8691058a6be70b7c8e | HTTP GET /api/health/stats responded 200 in 101.5826 ms
2026-04-19 13:21:33.862 +05:30 [INF] Serilog.AspNetCore.RequestLoggingMiddleware | CorrelationId:440ba76d054148fc8648f51460d8579e | HTTP GET /api/health/records responded 200 in 157.2896 ms
2026-04-19 13:21:33.864 +05:30 [INF] Serilog.AspNetCore.RequestLoggingMiddleware | CorrelationId:91efd9740b24455fbd98ee5ae6a808f9 | HTTP GET /api/health/records responded 200 in 168.8813 ms
2026-04-19 13:21:35.162 +05:30 [INF] Serilog.AspNetCore.RequestLoggingMiddleware | CorrelationId:0f3b716182af4447b5c9459630c9333b | HTTP OPTIONS /api/visitor/stats responded 204 in 0.0460 ms
2026-04-19 13:21:35.162 +05:30 [INF] Serilog.AspNetCore.RequestLoggingMiddleware | CorrelationId:24fd553e2944491ba9563c5b2f5ad1ca | HTTP OPTIONS /api/visitor/currently-inside responded 204 in 0.0467 ms
2026-04-19 13:21:35.167 +05:30 [INF] Serilog.AspNetCore.RequestLoggingMiddleware | CorrelationId:d3dbb4499c70467c867cb025430fdbf9 | HTTP OPTIONS /api/visitor/today responded 204 in 0.2954 ms
2026-04-19 13:21:35.171 +05:30 [INF] Serilog.AspNetCore.RequestLoggingMiddleware | CorrelationId:62e63c465d524170ba773c0abca6b200 | HTTP OPTIONS /api/visitor/currently-inside responded 204 in 0.0470 ms
2026-04-19 13:21:35.192 +05:30 [INF] Serilog.AspNetCore.RequestLoggingMiddleware | CorrelationId:695aedc626754aec91e339d2d3aa5802 | HTTP OPTIONS /api/visitor/stats responded 204 in 0.0408 ms
2026-04-19 13:21:35.197 +05:30 [INF] Serilog.AspNetCore.RequestLoggingMiddleware | CorrelationId:aa74908c988f47adb0024187fc833669 | HTTP OPTIONS /api/visitor/today responded 204 in 0.0247 ms
2026-04-19 13:21:35.213 +05:30 [INF] SmsApi.Middleware.LoggingActionFilter | CorrelationId:bf8a9b399c084de9966fead414b483b1 | API Request: GET /api/visitor/stats | User: Unknown | School: 550e8400-e29b-41d4-a716-446655440000
2026-04-19 13:21:35.222 +05:30 [INF] SmsApi.Middleware.LoggingActionFilter | CorrelationId:c15eac2e72d846e4ac803dfed77b13b8 | API Request: GET /api/visitor/today | User: Unknown | School: 550e8400-e29b-41d4-a716-446655440000
2026-04-19 13:21:35.226 +05:30 [INF] SmsApi.Middleware.LoggingActionFilter | CorrelationId:1bc39ead23514f279416cc21dbe15973 | API Request: GET /api/visitor/currently-inside | User: Unknown | School: 550e8400-e29b-41d4-a716-446655440000
2026-04-19 13:21:35.231 +05:30 [INF] SmsApi.Middleware.LoggingActionFilter | CorrelationId:676f935ace2b42119d916933b1e34d4c | API Request: GET /api/visitor/currently-inside | User: Unknown | School: 550e8400-e29b-41d4-a716-446655440000
2026-04-19 13:21:35.281 +05:30 [INF] SmsApi.Middleware.LoggingActionFilter | CorrelationId:1647d615fb524aa5a9df303989cbe9f5 | API Request: GET /api/visitor/stats | User: Unknown | School: 550e8400-e29b-41d4-a716-446655440000
2026-04-19 13:21:35.285 +05:30 [INF] SmsApi.Middleware.LoggingActionFilter | CorrelationId:ce3970c65d3b4208946327e62229ae10 | API Request: GET /api/visitor/today | User: Unknown | School: 550e8400-e29b-41d4-a716-446655440000
2026-04-19 13:21:35.293 +05:30 [INF] SmsApi.Middleware.LoggingActionFilter | CorrelationId:bf8a9b399c084de9966fead414b483b1 | API Response: GET /api/visitor/stats | Status: 200 | Duration: 79ms
2026-04-19 13:21:35.298 +05:30 [INF] SmsApi.Middleware.LoggingActionFilter | CorrelationId:c15eac2e72d846e4ac803dfed77b13b8 | API Response: GET /api/visitor/today | Status: 200 | Duration: 76ms
2026-04-19 13:21:35.303 +05:30 [INF] SmsApi.Middleware.LoggingActionFilter | CorrelationId:1bc39ead23514f279416cc21dbe15973 | API Response: GET /api/visitor/currently-inside | Status: 200 | Duration: 77ms
2026-04-19 13:21:35.308 +05:30 [INF] SmsApi.Middleware.LoggingActionFilter | CorrelationId:676f935ace2b42119d916933b1e34d4c | API Response: GET /api/visitor/currently-inside | Status: 200 | Duration: 76ms
2026-04-19 13:21:35.324 +05:30 [INF] Serilog.AspNetCore.RequestLoggingMiddleware | CorrelationId:c15eac2e72d846e4ac803dfed77b13b8 | HTTP GET /api/visitor/today responded 200 in 109.0171 ms
2026-04-19 13:21:35.325 +05:30 [INF] Serilog.AspNetCore.RequestLoggingMiddleware | CorrelationId:676f935ace2b42119d916933b1e34d4c | HTTP GET /api/visitor/currently-inside responded 200 in 96.6061 ms
2026-04-19 13:21:35.325 +05:30 [INF] Serilog.AspNetCore.RequestLoggingMiddleware | CorrelationId:1bc39ead23514f279416cc21dbe15973 | HTTP GET /api/visitor/currently-inside responded 200 in 105.0390 ms
2026-04-19 13:21:35.334 +05:30 [INF] Serilog.AspNetCore.RequestLoggingMiddleware | CorrelationId:bf8a9b399c084de9966fead414b483b1 | HTTP GET /api/visitor/stats responded 200 in 127.2201 ms
2026-04-19 13:21:35.338 +05:30 [INF] SmsApi.Middleware.LoggingActionFilter | CorrelationId:1647d615fb524aa5a9df303989cbe9f5 | API Response: GET /api/visitor/stats | Status: 200 | Duration: 56ms
2026-04-19 13:21:35.344 +05:30 [INF] SmsApi.Middleware.LoggingActionFilter | CorrelationId:ce3970c65d3b4208946327e62229ae10 | API Response: GET /api/visitor/today | Status: 200 | Duration: 58ms
2026-04-19 13:21:35.373 +05:30 [INF] Serilog.AspNetCore.RequestLoggingMiddleware | CorrelationId:1647d615fb524aa5a9df303989cbe9f5 | HTTP GET /api/visitor/stats responded 200 in 93.7091 ms
2026-04-19 13:21:35.381 +05:30 [INF] Serilog.AspNetCore.RequestLoggingMiddleware | CorrelationId:ce3970c65d3b4208946327e62229ae10 | HTTP GET /api/visitor/today responded 200 in 98.0463 ms
2026-04-19 13:27:23.977 +05:30 [INF] Serilog.AspNetCore.RequestLoggingMiddleware | CorrelationId:a3827416bf1f4b868a9357eaa23f4a8b | HTTP OPTIONS /api/alumni/stats responded 204 in 0.9858 ms
2026-04-19 13:27:23.978 +05:30 [INF] Serilog.AspNetCore.RequestLoggingMiddleware | CorrelationId:d2604952a3ec48e3ba88cefe7ac9bf62 | HTTP OPTIONS /api/alumni/stats responded 204 in 10.8943 ms
2026-04-19 13:27:24.052 +05:30 [INF] SmsApi.Middleware.LoggingActionFilter | CorrelationId:496bc8d53d2645c8a2964702586999a0 | API Request: GET /api/alumni/stats | User: Unknown | School: 550e8400-e29b-41d4-a716-446655440000
2026-04-19 13:27:24.052 +05:30 [INF] SmsApi.Middleware.LoggingActionFilter | CorrelationId:e49dca97cf11473f8279594880d80ebb | API Request: GET /api/alumni/stats | User: Unknown | School: 550e8400-e29b-41d4-a716-446655440000
2026-04-19 13:27:24.496 +05:30 [INF] SmsApi.Middleware.LoggingActionFilter | CorrelationId:496bc8d53d2645c8a2964702586999a0 | API Response: GET /api/alumni/stats | Status: 200 | Duration: 443ms
2026-04-19 13:27:24.496 +05:30 [INF] SmsApi.Middleware.LoggingActionFilter | CorrelationId:e49dca97cf11473f8279594880d80ebb | API Response: GET /api/alumni/stats | Status: 200 | Duration: 443ms
2026-04-19 13:27:24.512 +05:30 [INF] Serilog.AspNetCore.RequestLoggingMiddleware | CorrelationId:496bc8d53d2645c8a2964702586999a0 | HTTP GET /api/alumni/stats responded 200 in 489.2048 ms
2026-04-19 13:27:24.512 +05:30 [INF] Serilog.AspNetCore.RequestLoggingMiddleware | CorrelationId:e49dca97cf11473f8279594880d80ebb | HTTP GET /api/alumni/stats responded 200 in 487.8150 ms
2026-04-19 13:44:37.298 +05:30 [INF] Serilog.AspNetCore.RequestLoggingMiddleware | CorrelationId:ed381e0c2def4cef9edb36f64822cf63 | HTTP OPTIONS /api/students responded 204 in 0.4527 ms
2026-04-19 13:44:37.298 +05:30 [INF] Serilog.AspNetCore.RequestLoggingMiddleware | CorrelationId:3db67791d2f64d919f3d0383e94754a5 | HTTP OPTIONS /api/students responded 204 in 0.0208 ms
2026-04-19 13:44:37.526 +05:30 [INF] SmsApi.Middleware.LoggingActionFilter | CorrelationId:7dc79d64386b47349949f956097f77b3 | API Request: GET /api/students | User: Unknown | School: 550e8400-e29b-41d4-a716-446655440000
2026-04-19 13:44:37.527 +05:30 [INF] SmsApi.Middleware.LoggingActionFilter | CorrelationId:f7975a9596ee412895159c376b29c27c | API Request: GET /api/students | User: Unknown | School: 550e8400-e29b-41d4-a716-446655440000
2026-04-19 13:44:37.567 +05:30 [INF] SmsApi.Middleware.LoggingActionFilter | CorrelationId:f7975a9596ee412895159c376b29c27c | API Response: GET /api/students | Status: 200 | Duration: 40ms
2026-04-19 13:44:37.567 +05:30 [INF] SmsApi.Middleware.LoggingActionFilter | CorrelationId:7dc79d64386b47349949f956097f77b3 | API Response: GET /api/students | Status: 200 | Duration: 41ms
2026-04-19 13:44:37.578 +05:30 [INF] Serilog.AspNetCore.RequestLoggingMiddleware | CorrelationId:f7975a9596ee412895159c376b29c27c | HTTP GET /api/students responded 200 in 223.5161 ms
2026-04-19 13:44:37.578 +05:30 [INF] Serilog.AspNetCore.RequestLoggingMiddleware | CorrelationId:7dc79d64386b47349949f956097f77b3 | HTTP GET /api/students responded 200 in 213.1887 ms
2026-04-19 14:21:26.436 +05:30 [INF] Serilog.AspNetCore.RequestLoggingMiddleware | CorrelationId:b931ded3d36c440e8788d6346d757d67 | HTTP OPTIONS /api/academics/academic-years responded 204 in 5.6531 ms
2026-04-19 14:21:26.456 +05:30 [INF] Serilog.AspNetCore.RequestLoggingMiddleware | CorrelationId:9412c38b12234a99b7250eb0fed8f212 | HTTP OPTIONS /api/academics/academic-years responded 204 in 23.6959 ms
2026-04-19 14:21:26.714 +05:30 [INF] Serilog.AspNetCore.RequestLoggingMiddleware | CorrelationId:4f6ab5919181410193c470ddeb8f7f3f | HTTP GET /api/academics/academic-years responded 401 in 17.9465 ms
2026-04-19 14:21:26.719 +05:30 [INF] Serilog.AspNetCore.RequestLoggingMiddleware | CorrelationId:4cfd1ac0430e4a6996f98450a5bd3514 | HTTP GET /api/academics/academic-years responded 401 in 1.8898 ms
2026-04-19 17:04:41.207 +05:30 [INF]  | CorrelationId: | Using distributed in-memory cache (development only)
2026-04-19 17:04:43.938 +05:30 [WRN] Microsoft.EntityFrameworkCore.Model.Validation | CorrelationId: | Entity 'Staff' has a global query filter defined and is the required end of a relationship with the entity 'Certificate'. This may lead to unexpected results when the required entity is filtered out. Either configure the navigation as optional, or define matching query filters for both entities in the navigation. See https://go.microsoft.com/fwlink/?linkid=2131316 for more information.
2026-04-19 17:04:43.941 +05:30 [WRN] Microsoft.EntityFrameworkCore.Model.Validation | CorrelationId: | Entity 'School' has a global query filter defined and is the required end of a relationship with the entity 'CertificateTemplate'. This may lead to unexpected results when the required entity is filtered out. Either configure the navigation as optional, or define matching query filters for both entities in the navigation. See https://go.microsoft.com/fwlink/?linkid=2131316 for more information.
2026-04-19 17:04:43.942 +05:30 [WRN] Microsoft.EntityFrameworkCore.Model.Validation | CorrelationId: | Entity 'School' has a global query filter defined and is the required end of a relationship with the entity 'Document'. This may lead to unexpected results when the required entity is filtered out. Either configure the navigation as optional, or define matching query filters for both entities in the navigation. See https://go.microsoft.com/fwlink/?linkid=2131316 for more information.
2026-04-19 17:04:43.942 +05:30 [WRN] Microsoft.EntityFrameworkCore.Model.Validation | CorrelationId: | Entity 'School' has a global query filter defined and is the required end of a relationship with the entity 'DocumentCategory'. This may lead to unexpected results when the required entity is filtered out. Either configure the navigation as optional, or define matching query filters for both entities in the navigation. See https://go.microsoft.com/fwlink/?linkid=2131316 for more information.
2026-04-19 17:04:43.942 +05:30 [WRN] Microsoft.EntityFrameworkCore.Model.Validation | CorrelationId: | Entity 'School' has a global query filter defined and is the required end of a relationship with the entity 'FeeAuditLog'. This may lead to unexpected results when the required entity is filtered out. Either configure the navigation as optional, or define matching query filters for both entities in the navigation. See https://go.microsoft.com/fwlink/?linkid=2131316 for more information.
2026-04-19 17:04:43.942 +05:30 [WRN] Microsoft.EntityFrameworkCore.Model.Validation | CorrelationId: | Entity 'School' has a global query filter defined and is the required end of a relationship with the entity 'Holiday'. This may lead to unexpected results when the required entity is filtered out. Either configure the navigation as optional, or define matching query filters for both entities in the navigation. See https://go.microsoft.com/fwlink/?linkid=2131316 for more information.
2026-04-19 17:04:43.942 +05:30 [WRN] Microsoft.EntityFrameworkCore.Model.Validation | CorrelationId: | Entity 'School' has a global query filter defined and is the required end of a relationship with the entity 'IDCard'. This may lead to unexpected results when the required entity is filtered out. Either configure the navigation as optional, or define matching query filters for both entities in the navigation. See https://go.microsoft.com/fwlink/?linkid=2131316 for more information.
2026-04-19 17:04:43.942 +05:30 [WRN] Microsoft.EntityFrameworkCore.Model.Validation | CorrelationId: | Entity 'School' has a global query filter defined and is the required end of a relationship with the entity 'IDCardTemplate'. This may lead to unexpected results when the required entity is filtered out. Either configure the navigation as optional, or define matching query filters for both entities in the navigation. See https://go.microsoft.com/fwlink/?linkid=2131316 for more information.
2026-04-19 17:04:43.942 +05:30 [WRN] Microsoft.EntityFrameworkCore.Model.Validation | CorrelationId: | Entity 'UserLogin' has a global query filter defined and is the required end of a relationship with the entity 'PasswordResetToken'. This may lead to unexpected results when the required entity is filtered out. Either configure the navigation as optional, or define matching query filters for both entities in the navigation. See https://go.microsoft.com/fwlink/?linkid=2131316 for more information.
2026-04-19 17:04:43.942 +05:30 [WRN] Microsoft.EntityFrameworkCore.Model.Validation | CorrelationId: | Entity 'School' has a global query filter defined and is the required end of a relationship with the entity 'PromotionHistory'. This may lead to unexpected results when the required entity is filtered out. Either configure the navigation as optional, or define matching query filters for both entities in the navigation. See https://go.microsoft.com/fwlink/?linkid=2131316 for more information.
2026-04-19 17:04:44.059 +05:30 [WRN] Microsoft.EntityFrameworkCore.Model.Validation | CorrelationId: | The foreign key property 'Staff.ReportingToId1' was created in shadow state because a conflicting property with the simple name 'ReportingToId' exists in the entity type, but is either not mapped, is already used for another relationship, or is incompatible with the associated primary key type. See https://aka.ms/efcore-relationships for information on mapping relationships in EF Core.
2026-04-19 17:04:45.655 +05:30 [INF] Program | CorrelationId: | Database migrations applied successfully.
2026-04-19 17:04:47.800 +05:30 [INF] Microsoft.Hosting.Lifetime | CorrelationId: | Now listening on: http://localhost:5092
2026-04-19 17:04:47.800 +05:30 [INF] Microsoft.Hosting.Lifetime | CorrelationId: | Application started. Press Ctrl+C to shut down.
2026-04-19 17:04:47.800 +05:30 [INF] Microsoft.Hosting.Lifetime | CorrelationId: | Hosting environment: Development
2026-04-19 17:04:47.800 +05:30 [INF] Microsoft.Hosting.Lifetime | CorrelationId: | Content root path: C:\Vitana\Vitana Group\sms-api
2026-04-19 17:05:06.404 +05:30 [WRN] Microsoft.AspNetCore.HttpsPolicy.HttpsRedirectionMiddleware | CorrelationId:9fccef69578f44f1901876b65173fb07 | Failed to determine the https port for redirect.
2026-04-19 17:05:06.500 +05:30 [INF] Serilog.AspNetCore.RequestLoggingMiddleware | CorrelationId:9fccef69578f44f1901876b65173fb07 | HTTP GET /health responded 200 in 112.0727 ms
2026-04-19 17:05:47.422 +05:30 [INF]  | CorrelationId: | Using distributed in-memory cache (development only)
2026-04-19 17:05:49.172 +05:30 [WRN] Microsoft.EntityFrameworkCore.Model.Validation | CorrelationId: | Entity 'Staff' has a global query filter defined and is the required end of a relationship with the entity 'Certificate'. This may lead to unexpected results when the required entity is filtered out. Either configure the navigation as optional, or define matching query filters for both entities in the navigation. See https://go.microsoft.com/fwlink/?linkid=2131316 for more information.
2026-04-19 17:05:49.173 +05:30 [WRN] Microsoft.EntityFrameworkCore.Model.Validation | CorrelationId: | Entity 'School' has a global query filter defined and is the required end of a relationship with the entity 'CertificateTemplate'. This may lead to unexpected results when the required entity is filtered out. Either configure the navigation as optional, or define matching query filters for both entities in the navigation. See https://go.microsoft.com/fwlink/?linkid=2131316 for more information.
2026-04-19 17:05:49.173 +05:30 [WRN] Microsoft.EntityFrameworkCore.Model.Validation | CorrelationId: | Entity 'School' has a global query filter defined and is the required end of a relationship with the entity 'Document'. This may lead to unexpected results when the required entity is filtered out. Either configure the navigation as optional, or define matching query filters for both entities in the navigation. See https://go.microsoft.com/fwlink/?linkid=2131316 for more information.
2026-04-19 17:05:49.173 +05:30 [WRN] Microsoft.EntityFrameworkCore.Model.Validation | CorrelationId: | Entity 'School' has a global query filter defined and is the required end of a relationship with the entity 'DocumentCategory'. This may lead to unexpected results when the required entity is filtered out. Either configure the navigation as optional, or define matching query filters for both entities in the navigation. See https://go.microsoft.com/fwlink/?linkid=2131316 for more information.
2026-04-19 17:05:49.173 +05:30 [WRN] Microsoft.EntityFrameworkCore.Model.Validation | CorrelationId: | Entity 'School' has a global query filter defined and is the required end of a relationship with the entity 'FeeAuditLog'. This may lead to unexpected results when the required entity is filtered out. Either configure the navigation as optional, or define matching query filters for both entities in the navigation. See https://go.microsoft.com/fwlink/?linkid=2131316 for more information.
2026-04-19 17:05:49.173 +05:30 [WRN] Microsoft.EntityFrameworkCore.Model.Validation | CorrelationId: | Entity 'School' has a global query filter defined and is the required end of a relationship with the entity 'Holiday'. This may lead to unexpected results when the required entity is filtered out. Either configure the navigation as optional, or define matching query filters for both entities in the navigation. See https://go.microsoft.com/fwlink/?linkid=2131316 for more information.
2026-04-19 17:05:49.173 +05:30 [WRN] Microsoft.EntityFrameworkCore.Model.Validation | CorrelationId: | Entity 'School' has a global query filter defined and is the required end of a relationship with the entity 'IDCard'. This may lead to unexpected results when the required entity is filtered out. Either configure the navigation as optional, or define matching query filters for both entities in the navigation. See https://go.microsoft.com/fwlink/?linkid=2131316 for more information.
2026-04-19 17:05:49.173 +05:30 [WRN] Microsoft.EntityFrameworkCore.Model.Validation | CorrelationId: | Entity 'School' has a global query filter defined and is the required end of a relationship with the entity 'IDCardTemplate'. This may lead to unexpected results when the required entity is filtered out. Either configure the navigation as optional, or define matching query filters for both entities in the navigation. See https://go.microsoft.com/fwlink/?linkid=2131316 for more information.
2026-04-19 17:05:49.174 +05:30 [WRN] Microsoft.EntityFrameworkCore.Model.Validation | CorrelationId: | Entity 'UserLogin' has a global query filter defined and is the required end of a relationship with the entity 'PasswordResetToken'. This may lead to unexpected results when the required entity is filtered out. Either configure the navigation as optional, or define matching query filters for both entities in the navigation. See https://go.microsoft.com/fwlink/?linkid=2131316 for more information.
2026-04-19 17:05:49.175 +05:30 [WRN] Microsoft.EntityFrameworkCore.Model.Validation | CorrelationId: | Entity 'School' has a global query filter defined and is the required end of a relationship with the entity 'PromotionHistory'. This may lead to unexpected results when the required entity is filtered out. Either configure the navigation as optional, or define matching query filters for both entities in the navigation. See https://go.microsoft.com/fwlink/?linkid=2131316 for more information.
2026-04-19 17:05:49.287 +05:30 [WRN] Microsoft.EntityFrameworkCore.Model.Validation | CorrelationId: | The foreign key property 'Staff.ReportingToId1' was created in shadow state because a conflicting property with the simple name 'ReportingToId' exists in the entity type, but is either not mapped, is already used for another relationship, or is incompatible with the associated primary key type. See https://aka.ms/efcore-relationships for information on mapping relationships in EF Core.
2026-04-19 17:05:50.621 +05:30 [INF] Program | CorrelationId: | Database migrations applied successfully.
2026-04-19 17:05:51.529 +05:30 [INF] Microsoft.Hosting.Lifetime | CorrelationId: | Now listening on: http://localhost:5092
2026-04-19 17:05:51.529 +05:30 [INF] Microsoft.Hosting.Lifetime | CorrelationId: | Application started. Press Ctrl+C to shut down.
2026-04-19 17:05:51.529 +05:30 [INF] Microsoft.Hosting.Lifetime | CorrelationId: | Hosting environment: Development
2026-04-19 17:05:51.529 +05:30 [INF] Microsoft.Hosting.Lifetime | CorrelationId: | Content root path: C:\Vitana\Vitana Group\sms-api
2026-04-19 17:06:09.758 +05:30 [WRN] Microsoft.AspNetCore.HttpsPolicy.HttpsRedirectionMiddleware | CorrelationId:74ecfe1b48fe4ed9837b2511498dd4e5 | Failed to determine the https port for redirect.
2026-04-19 17:06:09.830 +05:30 [INF] Serilog.AspNetCore.RequestLoggingMiddleware | CorrelationId:74ecfe1b48fe4ed9837b2511498dd4e5 | HTTP GET /health responded 200 in 82.1639 ms
2026-04-19 17:06:14.850 +05:30 [INF] SmsApi.Middleware.LoggingActionFilter | CorrelationId:d82c8a36b9dc4957a83d8a4b6d75113c | API Request: POST /api/auth/login | User: Unknown | School: Unknown
2026-04-19 17:06:15.911 +05:30 [INF] SmsApi.Controllers.AuthController | CorrelationId:d82c8a36b9dc4957a83d8a4b6d75113c | Login successful for admin (SchoolId: "550e8400-e29b-41d4-a716-446655440000")
2026-04-19 17:06:15.913 +05:30 [INF] SmsApi.Middleware.LoggingActionFilter | CorrelationId:d82c8a36b9dc4957a83d8a4b6d75113c | API Response: POST /api/auth/login | Status: 200 | Duration: 1064ms
2026-04-19 17:06:15.994 +05:30 [INF] Serilog.AspNetCore.RequestLoggingMiddleware | CorrelationId:d82c8a36b9dc4957a83d8a4b6d75113c | HTTP POST /api/auth/login responded 200 in 1189.0861 ms
2026-04-19 17:06:15.994 +05:30 [WRN] SmsApi.Infrastructure.Performance.PerformanceMonitoringMiddleware | CorrelationId: | Slow request: POST /api/auth/login took 1123ms — status 200.
2026-04-19 17:06:16.048 +05:30 [INF] Serilog.AspNetCore.RequestLoggingMiddleware | CorrelationId:4cfc80954d394566a4eaef0c0f80a005 | HTTP GET /api/students responded 401 in 7.4080 ms
2026-04-19 17:06:26.167 +05:30 [INF] SmsApi.Middleware.LoggingActionFilter | CorrelationId:cdf1273fc18f49e994dd5ea3225d61a0 | API Request: POST /api/auth/login | User: Unknown | School: Unknown
2026-04-19 17:06:26.710 +05:30 [INF] SmsApi.Controllers.AuthController | CorrelationId:cdf1273fc18f49e994dd5ea3225d61a0 | Login successful for admin (SchoolId: "550e8400-e29b-41d4-a716-446655440000")
2026-04-19 17:06:26.710 +05:30 [INF] SmsApi.Middleware.LoggingActionFilter | CorrelationId:cdf1273fc18f49e994dd5ea3225d61a0 | API Response: POST /api/auth/login | Status: 200 | Duration: 543ms
2026-04-19 17:06:26.716 +05:30 [INF] Serilog.AspNetCore.RequestLoggingMiddleware | CorrelationId:cdf1273fc18f49e994dd5ea3225d61a0 | HTTP POST /api/auth/login responded 200 in 559.6499 ms
2026-04-19 17:06:26.716 +05:30 [WRN] SmsApi.Infrastructure.Performance.PerformanceMonitoringMiddleware | CorrelationId: | Slow request: POST /api/auth/login took 555ms — status 200.
2026-04-19 17:06:33.155 +05:30 [INF] SmsApi.Middleware.LoggingActionFilter | CorrelationId:52dbcee210734ff0a4408411ef973a8b | API Request: POST /api/auth/login | User: Unknown | School: Unknown
2026-04-19 17:06:33.717 +05:30 [INF] SmsApi.Controllers.AuthController | CorrelationId:52dbcee210734ff0a4408411ef973a8b | Login successful for admin (SchoolId: "550e8400-e29b-41d4-a716-446655440000")
2026-04-19 17:06:33.718 +05:30 [INF] SmsApi.Middleware.LoggingActionFilter | CorrelationId:52dbcee210734ff0a4408411ef973a8b | API Response: POST /api/auth/login | Status: 200 | Duration: 562ms
2026-04-19 17:06:33.721 +05:30 [INF] Serilog.AspNetCore.RequestLoggingMiddleware | CorrelationId:52dbcee210734ff0a4408411ef973a8b | HTTP POST /api/auth/login responded 200 in 570.5515 ms
2026-04-19 17:06:33.721 +05:30 [WRN] SmsApi.Infrastructure.Performance.PerformanceMonitoringMiddleware | CorrelationId: | Slow request: POST /api/auth/login took 569ms — status 200.
2026-04-19 17:06:33.849 +05:30 [INF] SmsApi.Middleware.LoggingActionFilter | CorrelationId:df4401f120a6481da65201427407bba5 | API Request: GET /api/students | User: Unknown | School: 550e8400-e29b-41d4-a716-446655440000
2026-04-19 17:06:33.900 +05:30 [INF] SmsApi.Middleware.LoggingActionFilter | CorrelationId:df4401f120a6481da65201427407bba5 | API Response: GET /api/students | Status: 200 | Duration: 51ms
2026-04-19 17:06:33.906 +05:30 [INF] Serilog.AspNetCore.RequestLoggingMiddleware | CorrelationId:df4401f120a6481da65201427407bba5 | HTTP GET /api/students responded 200 in 134.1614 ms
2026-04-19 17:06:58.019 +05:30 [INF] Serilog.AspNetCore.RequestLoggingMiddleware | CorrelationId:3f429f7d34ea4ec2bfc09c1b4faaf512 | HTTP OPTIONS /api/auth/login responded 204 in 6.4855 ms
2026-04-19 17:06:58.040 +05:30 [INF] SmsApi.Middleware.LoggingActionFilter | CorrelationId:50f612c72f844465b73c06bc9b6df074 | API Request: POST /api/auth/login | User: Unknown | School: Unknown
2026-04-19 17:06:58.894 +05:30 [INF] SmsApi.Controllers.AuthController | CorrelationId:50f612c72f844465b73c06bc9b6df074 | Login successful for admin (SchoolId: "550e8400-e29b-41d4-a716-446655440000")
2026-04-19 17:06:58.894 +05:30 [INF] SmsApi.Middleware.LoggingActionFilter | CorrelationId:50f612c72f844465b73c06bc9b6df074 | API Response: POST /api/auth/login | Status: 200 | Duration: 853ms
2026-04-19 17:06:58.912 +05:30 [INF] Serilog.AspNetCore.RequestLoggingMiddleware | CorrelationId:50f612c72f844465b73c06bc9b6df074 | HTTP POST /api/auth/login responded 200 in 885.2957 ms
2026-04-19 17:06:58.912 +05:30 [WRN] SmsApi.Infrastructure.Performance.PerformanceMonitoringMiddleware | CorrelationId: | Slow request: POST /api/auth/login took 880ms — status 200.
2026-04-19 17:06:59.319 +05:30 [INF] Serilog.AspNetCore.RequestLoggingMiddleware | CorrelationId:79b662b4b88e4462870f2e61bef9a586 | HTTP OPTIONS /api/settings/school/me responded 204 in 0.1549 ms
2026-04-19 17:06:59.319 +05:30 [INF] Serilog.AspNetCore.RequestLoggingMiddleware | CorrelationId:424f736f205f4520aafe4fc4dd1813e0 | HTTP OPTIONS /api/students responded 204 in 13.5379 ms
2026-04-19 17:06:59.323 +05:30 [INF] Serilog.AspNetCore.RequestLoggingMiddleware | CorrelationId:036b45ca83d246c289bb3ebac4ac370a | HTTP OPTIONS /api/fees/stats responded 204 in 0.0875 ms
2026-04-19 17:06:59.324 +05:30 [INF] Serilog.AspNetCore.RequestLoggingMiddleware | CorrelationId:d9632b6d0f794ca7bda3b6892792c1b2 | HTTP OPTIONS /api/Attendance/records responded 204 in 0.0539 ms
2026-04-19 17:06:59.324 +05:30 [INF] Serilog.AspNetCore.RequestLoggingMiddleware | CorrelationId:912cf3e47c50445a8fc34b800215c464 | HTTP OPTIONS /api/staff responded 204 in 0.0600 ms
2026-04-19 17:06:59.326 +05:30 [INF] Serilog.AspNetCore.RequestLoggingMiddleware | CorrelationId:93c13156d9234d6080a15e67be82be21 | HTTP OPTIONS /api/students responded 204 in 0.0909 ms
2026-04-19 17:06:59.334 +05:30 [INF] Serilog.AspNetCore.RequestLoggingMiddleware | CorrelationId:2aa9b8e29c35479497342f600dd32d7b | HTTP OPTIONS /api/staff responded 204 in 0.0783 ms
2026-04-19 17:06:59.336 +05:30 [INF] Serilog.AspNetCore.RequestLoggingMiddleware | CorrelationId:5e8f5cad8a3e4d0b81142a236602b184 | HTTP OPTIONS /api/Attendance/records responded 204 in 0.1050 ms
2026-04-19 17:06:59.342 +05:30 [INF] Serilog.AspNetCore.RequestLoggingMiddleware | CorrelationId:94c46d07e9554d75be9b02c8ee1e57bf | HTTP OPTIONS /api/fees/stats responded 204 in 0.1487 ms
2026-04-19 17:06:59.356 +05:30 [INF] SmsApi.Middleware.LoggingActionFilter | CorrelationId:a47e23e0e5034a038a1dfa28ef5c18ba | API Request: GET /api/settings/school/me | User: Unknown | School: 550e8400-e29b-41d4-a716-446655440000
2026-04-19 17:06:59.374 +05:30 [INF] SmsApi.Middleware.LoggingActionFilter | CorrelationId:30c55ff973bc4cc89968ea114d363e2b | API Request: GET /api/staff | User: Unknown | School: 550e8400-e29b-41d4-a716-446655440000
2026-04-19 17:06:59.379 +05:30 [INF] SmsApi.Middleware.LoggingActionFilter | CorrelationId:2cc6eac0c5bb45a38c22de68ff824a74 | API Request: GET /api/fees/stats | User: Unknown | School: 550e8400-e29b-41d4-a716-446655440000
2026-04-19 17:06:59.446 +05:30 [INF] SmsApi.Middleware.LoggingActionFilter | CorrelationId:5ac1b87821874d13863f77f296a76305 | API Request: GET /api/Attendance/records | User: Unknown | School: 550e8400-e29b-41d4-a716-446655440000
2026-04-19 17:06:59.495 +05:30 [INF] SmsApi.Middleware.LoggingActionFilter | CorrelationId:a47e23e0e5034a038a1dfa28ef5c18ba | API Response: GET /api/settings/school/me | Status: 200 | Duration: 139ms
2026-04-19 17:06:59.526 +05:30 [INF] Serilog.AspNetCore.RequestLoggingMiddleware | CorrelationId:a47e23e0e5034a038a1dfa28ef5c18ba | HTTP GET /api/settings/school/me responded 200 in 189.7431 ms
2026-04-19 17:06:59.554 +05:30 [INF] SmsApi.Middleware.LoggingActionFilter | CorrelationId:223f38befdd44578995846bf7124440e | API Request: GET /api/fees/stats | User: Unknown | School: 550e8400-e29b-41d4-a716-446655440000
2026-04-19 17:06:59.570 +05:30 [INF] SmsApi.Middleware.LoggingActionFilter | CorrelationId:fa0e3179fa3349a8b036f8b6d1d00fb2 | API Request: GET /api/students | User: Unknown | School: 550e8400-e29b-41d4-a716-446655440000
2026-04-19 17:06:59.570 +05:30 [INF] SmsApi.Middleware.LoggingActionFilter | CorrelationId:937f5986f21e42ed9fcfe77203ad3305 | API Request: GET /api/students | User: Unknown | School: 550e8400-e29b-41d4-a716-446655440000
2026-04-19 17:06:59.671 +05:30 [INF] SmsApi.Middleware.LoggingActionFilter | CorrelationId:fa0e3179fa3349a8b036f8b6d1d00fb2 | API Response: GET /api/students | Status: 200 | Duration: 100ms
2026-04-19 17:06:59.672 +05:30 [INF] SmsApi.Middleware.LoggingActionFilter | CorrelationId:937f5986f21e42ed9fcfe77203ad3305 | API Response: GET /api/students | Status: 200 | Duration: 100ms
2026-04-19 17:06:59.672 +05:30 [INF] Serilog.AspNetCore.RequestLoggingMiddleware | CorrelationId:fa0e3179fa3349a8b036f8b6d1d00fb2 | HTTP GET /api/students responded 200 in 314.8863 ms
2026-04-19 17:06:59.673 +05:30 [INF] Serilog.AspNetCore.RequestLoggingMiddleware | CorrelationId:937f5986f21e42ed9fcfe77203ad3305 | HTTP GET /api/students responded 200 in 313.7745 ms
2026-04-19 17:06:59.706 +05:30 [INF] SmsApi.Middleware.LoggingActionFilter | CorrelationId:320d3eeba9784056b38c4a6fc4a52969 | API Request: GET /api/staff | User: Unknown | School: 550e8400-e29b-41d4-a716-446655440000
2026-04-19 17:06:59.792 +05:30 [INF] SmsApi.Middleware.LoggingActionFilter | CorrelationId:320d3eeba9784056b38c4a6fc4a52969 | API Response: GET /api/staff | Status: 200 | Duration: 86ms
2026-04-19 17:06:59.796 +05:30 [INF] SmsApi.Middleware.LoggingActionFilter | CorrelationId:38077bf01e3a4d81bfb56063f1f408a1 | API Request: GET /api/Attendance/records | User: Unknown | School: 550e8400-e29b-41d4-a716-446655440000
2026-04-19 17:06:59.799 +05:30 [INF] SmsApi.Middleware.LoggingActionFilter | CorrelationId:30c55ff973bc4cc89968ea114d363e2b | API Response: GET /api/staff | Status: 200 | Duration: 425ms
2026-04-19 17:06:59.817 +05:30 [INF] Serilog.AspNetCore.RequestLoggingMiddleware | CorrelationId:320d3eeba9784056b38c4a6fc4a52969 | HTTP GET /api/staff responded 200 in 126.8830 ms
2026-04-19 17:06:59.821 +05:30 [INF] Serilog.AspNetCore.RequestLoggingMiddleware | CorrelationId:30c55ff973bc4cc89968ea114d363e2b | HTTP GET /api/staff responded 200 in 475.2055 ms
2026-04-19 17:06:59.864 +05:30 [INF] SmsApi.Middleware.LoggingActionFilter | CorrelationId:38077bf01e3a4d81bfb56063f1f408a1 | API Response: GET /api/Attendance/records | Status: 200 | Duration: 76ms
2026-04-19 17:06:59.864 +05:30 [INF] SmsApi.Middleware.LoggingActionFilter | CorrelationId:5ac1b87821874d13863f77f296a76305 | API Response: GET /api/Attendance/records | Status: 200 | Duration: 418ms
2026-04-19 17:06:59.879 +05:30 [INF] Serilog.AspNetCore.RequestLoggingMiddleware | CorrelationId:38077bf01e3a4d81bfb56063f1f408a1 | HTTP GET /api/Attendance/records responded 200 in 180.9799 ms
2026-04-19 17:06:59.881 +05:30 [INF] Serilog.AspNetCore.RequestLoggingMiddleware | CorrelationId:5ac1b87821874d13863f77f296a76305 | HTTP GET /api/Attendance/records responded 200 in 525.5568 ms
2026-04-19 17:06:59.883 +05:30 [WRN] SmsApi.Infrastructure.Performance.PerformanceMonitoringMiddleware | CorrelationId: | Slow request: GET /api/Attendance/records took 527ms — status 200.
2026-04-19 17:07:00.372 +05:30 [INF] SmsApi.Middleware.LoggingActionFilter | CorrelationId:2cc6eac0c5bb45a38c22de68ff824a74 | API Response: GET /api/fees/stats | Status: 200 | Duration: 993ms
2026-04-19 17:07:00.373 +05:30 [INF] SmsApi.Middleware.LoggingActionFilter | CorrelationId:223f38befdd44578995846bf7124440e | API Response: GET /api/fees/stats | Status: 200 | Duration: 818ms
2026-04-19 17:07:00.425 +05:30 [INF] Serilog.AspNetCore.RequestLoggingMiddleware | CorrelationId:223f38befdd44578995846bf7124440e | HTTP GET /api/fees/stats responded 200 in 891.5106 ms
2026-04-19 17:07:00.425 +05:30 [INF] Serilog.AspNetCore.RequestLoggingMiddleware | CorrelationId:2cc6eac0c5bb45a38c22de68ff824a74 | HTTP GET /api/fees/stats responded 200 in 1071.9530 ms
2026-04-19 17:07:00.425 +05:30 [WRN] SmsApi.Infrastructure.Performance.PerformanceMonitoringMiddleware | CorrelationId: | Slow request: GET /api/fees/stats took 891ms — status 200.
2026-04-19 17:07:00.425 +05:30 [WRN] SmsApi.Infrastructure.Performance.PerformanceMonitoringMiddleware | CorrelationId: | Slow request: GET /api/fees/stats took 1072ms — status 200.
2026-04-19 17:07:06.342 +05:30 [INF] Serilog.AspNetCore.RequestLoggingMiddleware | CorrelationId:25c80eaa01f24adfbeebfc6f9d936ba1 | HTTP OPTIONS /api/staff responded 204 in 0.0700 ms
2026-04-19 17:07:06.342 +05:30 [INF] Serilog.AspNetCore.RequestLoggingMiddleware | CorrelationId:65c3dd20c78a45cb90c4ebfeffd18b09 | HTTP OPTIONS /api/Attendance/records responded 204 in 0.1237 ms
2026-04-19 17:07:06.347 +05:30 [INF] Serilog.AspNetCore.RequestLoggingMiddleware | CorrelationId:66e430ee64334e078099e8413a4948be | HTTP OPTIONS /api/students responded 204 in 26.6311 ms
2026-04-19 17:07:06.355 +05:30 [INF] Serilog.AspNetCore.RequestLoggingMiddleware | CorrelationId:e62a19ed18804093ae9cf0c0b03deb24 | HTTP OPTIONS /api/students responded 204 in 0.1266 ms
2026-04-19 17:07:06.379 +05:30 [INF] Serilog.AspNetCore.RequestLoggingMiddleware | CorrelationId:bd5aa048c15e43b983b0fdbef0598446 | HTTP OPTIONS /api/academics/academic-years responded 204 in 0.1733 ms
2026-04-19 17:07:06.384 +05:30 [INF] Serilog.AspNetCore.RequestLoggingMiddleware | CorrelationId:b7a865de39b448f2b817cc8d8aceac7e | HTTP OPTIONS /api/fees/stats responded 204 in 0.2716 ms
2026-04-19 17:07:06.405 +05:30 [INF] Serilog.AspNetCore.RequestLoggingMiddleware | CorrelationId:aaaca0446e3849a0926575780d1256a3 | HTTP OPTIONS /api/fees/stats responded 204 in 7.8441 ms
2026-04-19 17:07:06.407 +05:30 [INF] Serilog.AspNetCore.RequestLoggingMiddleware | CorrelationId:075a23f7cdb64a839fe301f5ef239559 | HTTP OPTIONS /api/Attendance/records responded 204 in 0.0649 ms
2026-04-19 17:07:06.407 +05:30 [INF] Serilog.AspNetCore.RequestLoggingMiddleware | CorrelationId:3f77ac442ee340c89a3dc53589f53ce0 | HTTP OPTIONS /api/staff responded 204 in 0.0350 ms
2026-04-19 17:07:06.407 +05:30 [INF] Serilog.AspNetCore.RequestLoggingMiddleware | CorrelationId:95c53fe6399a4d0eb97392af08ad08db | HTTP OPTIONS /api/academics/academic-years responded 204 in 0.0260 ms
2026-04-19 17:07:06.437 +05:30 [INF] Serilog.AspNetCore.RequestLoggingMiddleware | CorrelationId:853a29f981564069bc065b44065be82a | HTTP OPTIONS /api/settings/school/me responded 204 in 0.3503 ms
2026-04-19 17:07:06.505 +05:30 [INF] SmsApi.Middleware.LoggingActionFilter | CorrelationId:2031b87b7f714ad8a913b681af217cb7 | API Request: GET /api/staff | User: Unknown | School: 550e8400-e29b-41d4-a716-446655440000
2026-04-19 17:07:06.506 +05:30 [INF] SmsApi.Middleware.LoggingActionFilter | CorrelationId:ed336724018f48f7b8afbb5df0b45fb5 | API Request: GET /api/students | User: Unknown | School: 550e8400-e29b-41d4-a716-446655440000
2026-04-19 17:07:06.512 +05:30 [INF] SmsApi.Middleware.LoggingActionFilter | CorrelationId:6f2818078548471d8e66758c21871fa4 | API Request: GET /api/students | User: Unknown | School: 550e8400-e29b-41d4-a716-446655440000
2026-04-19 17:07:06.526 +05:30 [INF] SmsApi.Middleware.LoggingActionFilter | CorrelationId:2031b87b7f714ad8a913b681af217cb7 | API Response: GET /api/staff | Status: 200 | Duration: 20ms
2026-04-19 17:07:06.537 +05:30 [INF] SmsApi.Middleware.LoggingActionFilter | CorrelationId:8a048d34da594428a15540817505a2cf | API Request: GET /api/Attendance/records | User: Unknown | School: 550e8400-e29b-41d4-a716-446655440000
2026-04-19 17:07:06.552 +05:30 [INF] SmsApi.Middleware.LoggingActionFilter | CorrelationId:6f2818078548471d8e66758c21871fa4 | API Response: GET /api/students | Status: 200 | Duration: 39ms
2026-04-19 17:07:06.553 +05:30 [INF] SmsApi.Middleware.LoggingActionFilter | CorrelationId:ed336724018f48f7b8afbb5df0b45fb5 | API Response: GET /api/students | Status: 200 | Duration: 46ms
2026-04-19 17:07:06.553 +05:30 [INF] Serilog.AspNetCore.RequestLoggingMiddleware | CorrelationId:ed336724018f48f7b8afbb5df0b45fb5 | HTTP GET /api/students responded 200 in 114.9724 ms
2026-04-19 17:07:06.558 +05:30 [INF] Serilog.AspNetCore.RequestLoggingMiddleware | CorrelationId:2031b87b7f714ad8a913b681af217cb7 | HTTP GET /api/staff responded 200 in 141.0391 ms
2026-04-19 17:07:06.568 +05:30 [INF] SmsApi.Middleware.LoggingActionFilter | CorrelationId:7641341bf0934112b783f72842763b06 | API Request: GET /api/fees/stats | User: Unknown | School: 550e8400-e29b-41d4-a716-446655440000
2026-04-19 17:07:06.570 +05:30 [INF] Serilog.AspNetCore.RequestLoggingMiddleware | CorrelationId:6f2818078548471d8e66758c21871fa4 | HTTP GET /api/students responded 200 in 139.4571 ms
2026-04-19 17:07:06.594 +05:30 [INF] SmsApi.Middleware.LoggingActionFilter | CorrelationId:9d91502be2a841cf91ca64e44376f412 | API Request: GET /api/fees/stats | User: Unknown | School: 550e8400-e29b-41d4-a716-446655440000
2026-04-19 17:07:06.602 +05:30 [INF] SmsApi.Middleware.LoggingActionFilter | CorrelationId:17a6daea83dd46d39163f1736a30d6b9 | API Request: GET /api/academics/academic-years | User: Unknown | School: 550e8400-e29b-41d4-a716-446655440000
2026-04-19 17:07:06.624 +05:30 [INF] SmsApi.Middleware.LoggingActionFilter | CorrelationId:8a048d34da594428a15540817505a2cf | API Response: GET /api/Attendance/records | Status: 200 | Duration: 86ms
2026-04-19 17:07:06.625 +05:30 [INF] Serilog.AspNetCore.RequestLoggingMiddleware | CorrelationId:8a048d34da594428a15540817505a2cf | HTTP GET /api/Attendance/records responded 200 in 210.3271 ms
2026-04-19 17:07:06.625 +05:30 [INF] SmsApi.Middleware.LoggingActionFilter | CorrelationId:2554fa8cb4de4dc88aa8478f0387e07e | API Request: GET /api/staff | User: Unknown | School: 550e8400-e29b-41d4-a716-446655440000
2026-04-19 17:07:06.630 +05:30 [INF] SmsApi.Middleware.LoggingActionFilter | CorrelationId:2554fa8cb4de4dc88aa8478f0387e07e | API Response: GET /api/staff | Status: 200 | Duration: 4ms
2026-04-19 17:07:06.639 +05:30 [INF] Serilog.AspNetCore.RequestLoggingMiddleware | CorrelationId:2554fa8cb4de4dc88aa8478f0387e07e | HTTP GET /api/staff responded 200 in 36.5543 ms
2026-04-19 17:07:06.638 +05:30 [INF] SmsApi.Middleware.LoggingActionFilter | CorrelationId:eed5b348182d4b76b8a08fd2c5023db8 | API Request: GET /api/academics/academic-years | User: Unknown | School: 550e8400-e29b-41d4-a716-446655440000
2026-04-19 17:07:06.652 +05:30 [INF] SmsApi.Middleware.LoggingActionFilter | CorrelationId:7641341bf0934112b783f72842763b06 | API Response: GET /api/fees/stats | Status: 200 | Duration: 83ms
2026-04-19 17:07:06.658 +05:30 [INF] SmsApi.Middleware.LoggingActionFilter | CorrelationId:9d91502be2a841cf91ca64e44376f412 | API Response: GET /api/fees/stats | Status: 200 | Duration: 63ms
2026-04-19 17:07:06.659 +05:30 [INF] Serilog.AspNetCore.RequestLoggingMiddleware | CorrelationId:9d91502be2a841cf91ca64e44376f412 | HTTP GET /api/fees/stats responded 200 in 88.2438 ms
2026-04-19 17:07:06.660 +05:30 [INF] Serilog.AspNetCore.RequestLoggingMiddleware | CorrelationId:7641341bf0934112b783f72842763b06 | HTTP GET /api/fees/stats responded 200 in 203.4268 ms
2026-04-19 17:07:06.661 +05:30 [INF] SmsApi.Middleware.LoggingActionFilter | CorrelationId:9c155b488a304792b00a9d3ba6e985b8 | API Request: GET /api/Attendance/records | User: Unknown | School: 550e8400-e29b-41d4-a716-446655440000
2026-04-19 17:07:06.671 +05:30 [INF] SmsApi.Middleware.LoggingActionFilter | CorrelationId:d4c085444ce1428f80467feb3cbd909e | API Request: GET /api/settings/school/me | User: Unknown | School: 550e8400-e29b-41d4-a716-446655440000
2026-04-19 17:07:06.689 +05:30 [INF] SmsApi.Middleware.LoggingActionFilter | CorrelationId:d4c085444ce1428f80467feb3cbd909e | API Response: GET /api/settings/school/me | Status: 200 | Duration: 17ms
2026-04-19 17:07:06.690 +05:30 [INF] Serilog.AspNetCore.RequestLoggingMiddleware | CorrelationId:d4c085444ce1428f80467feb3cbd909e | HTTP GET /api/settings/school/me responded 200 in 27.3196 ms
2026-04-19 17:07:06.695 +05:30 [INF] SmsApi.Middleware.LoggingActionFilter | CorrelationId:9c155b488a304792b00a9d3ba6e985b8 | API Response: GET /api/Attendance/records | Status: 200 | Duration: 34ms
2026-04-19 17:07:06.696 +05:30 [INF] Serilog.AspNetCore.RequestLoggingMiddleware | CorrelationId:9c155b488a304792b00a9d3ba6e985b8 | HTTP GET /api/Attendance/records responded 200 in 56.0761 ms
2026-04-19 17:07:07.018 +05:30 [INF] SmsApi.Middleware.LoggingActionFilter | CorrelationId:eed5b348182d4b76b8a08fd2c5023db8 | API Response: GET /api/academics/academic-years | Status: 200 | Duration: 379ms
2026-04-19 17:07:07.018 +05:30 [INF] SmsApi.Middleware.LoggingActionFilter | CorrelationId:17a6daea83dd46d39163f1736a30d6b9 | API Response: GET /api/academics/academic-years | Status: 200 | Duration: 416ms
2026-04-19 17:07:07.025 +05:30 [INF] Serilog.AspNetCore.RequestLoggingMiddleware | CorrelationId:17a6daea83dd46d39163f1736a30d6b9 | HTTP GET /api/academics/academic-years responded 200 in 552.5243 ms
2026-04-19 17:07:07.025 +05:30 [INF] Serilog.AspNetCore.RequestLoggingMiddleware | CorrelationId:eed5b348182d4b76b8a08fd2c5023db8 | HTTP GET /api/academics/academic-years responded 200 in 401.6713 ms
2026-04-19 17:07:07.025 +05:30 [WRN] SmsApi.Infrastructure.Performance.PerformanceMonitoringMiddleware | CorrelationId: | Slow request: GET /api/academics/academic-years took 552ms — status 200.
2026-04-19 17:07:08.730 +05:30 [INF] Serilog.AspNetCore.RequestLoggingMiddleware | CorrelationId:89d561a60a2649a4b415bfb71c6e393f | HTTP OPTIONS /api/students responded 204 in 0.5266 ms
2026-04-19 17:07:08.730 +05:30 [INF] Serilog.AspNetCore.RequestLoggingMiddleware | CorrelationId:95e66724ca7d4b44a9179696404adc8a | HTTP OPTIONS /api/students responded 204 in 0.0970 ms
2026-04-19 17:07:08.755 +05:30 [INF] SmsApi.Middleware.LoggingActionFilter | CorrelationId:2f7e65e191094c5aa98fb2d033790d3e | API Request: GET /api/students | User: Unknown | School: 550e8400-e29b-41d4-a716-446655440000
2026-04-19 17:07:08.756 +05:30 [INF] SmsApi.Middleware.LoggingActionFilter | CorrelationId:6672c61b413045da92f3611ab5af034d | API Request: GET /api/students | User: Unknown | School: 550e8400-e29b-41d4-a716-446655440000
2026-04-19 17:07:08.795 +05:30 [INF] SmsApi.Middleware.LoggingActionFilter | CorrelationId:6672c61b413045da92f3611ab5af034d | API Response: GET /api/students | Status: 200 | Duration: 39ms
2026-04-19 17:07:08.797 +05:30 [INF] SmsApi.Middleware.LoggingActionFilter | CorrelationId:2f7e65e191094c5aa98fb2d033790d3e | API Response: GET /api/students | Status: 200 | Duration: 42ms
2026-04-19 17:07:08.797 +05:30 [INF] Serilog.AspNetCore.RequestLoggingMiddleware | CorrelationId:6672c61b413045da92f3611ab5af034d | HTTP GET /api/students responded 200 in 57.4414 ms
2026-04-19 17:07:08.808 +05:30 [INF] Serilog.AspNetCore.RequestLoggingMiddleware | CorrelationId:2f7e65e191094c5aa98fb2d033790d3e | HTTP GET /api/students responded 200 in 68.3402 ms
2026-04-19 17:07:12.990 +05:30 [INF] Serilog.AspNetCore.RequestLoggingMiddleware | CorrelationId:ce481dc85af04947a71363bca35bf3a6 | HTTP OPTIONS /api/staff responded 204 in 0.0955 ms
2026-04-19 17:07:12.991 +05:30 [INF] Serilog.AspNetCore.RequestLoggingMiddleware | CorrelationId:d7dc4bb3b77943a497e3c8ce8f01adfd | HTTP OPTIONS /api/staff responded 204 in 0.0431 ms
2026-04-19 17:07:13.041 +05:30 [INF] SmsApi.Middleware.LoggingActionFilter | CorrelationId:70d9e17285b14639a9135e22d195c92c | API Request: GET /api/staff | User: Unknown | School: 550e8400-e29b-41d4-a716-446655440000
2026-04-19 17:07:13.049 +05:30 [INF] SmsApi.Middleware.LoggingActionFilter | CorrelationId:2d8525e4b9264632b581fb94f7c038fb | API Request: GET /api/staff | User: Unknown | School: 550e8400-e29b-41d4-a716-446655440000
2026-04-19 17:07:13.051 +05:30 [INF] SmsApi.Middleware.LoggingActionFilter | CorrelationId:70d9e17285b14639a9135e22d195c92c | API Response: GET /api/staff | Status: 200 | Duration: 10ms
2026-04-19 17:07:13.052 +05:30 [INF] Serilog.AspNetCore.RequestLoggingMiddleware | CorrelationId:70d9e17285b14639a9135e22d195c92c | HTTP GET /api/staff responded 200 in 17.3176 ms
2026-04-19 17:07:13.060 +05:30 [INF] SmsApi.Middleware.LoggingActionFilter | CorrelationId:2d8525e4b9264632b581fb94f7c038fb | API Response: GET /api/staff | Status: 200 | Duration: 10ms
2026-04-19 17:07:13.061 +05:30 [INF] Serilog.AspNetCore.RequestLoggingMiddleware | CorrelationId:2d8525e4b9264632b581fb94f7c038fb | HTTP GET /api/staff responded 200 in 23.7702 ms
2026-04-19 17:07:16.996 +05:30 [INF] Serilog.AspNetCore.RequestLoggingMiddleware | CorrelationId:a7787d08081e4613ab4bc145f3e58e7f | HTTP OPTIONS /api/academics/academic-years responded 204 in 0.2182 ms
2026-04-19 17:07:16.998 +05:30 [INF] Serilog.AspNetCore.RequestLoggingMiddleware | CorrelationId:778df0a20982429ca39db65f323324c0 | HTTP OPTIONS /api/academics/academic-years responded 204 in 0.0522 ms
2026-04-19 17:07:17.035 +05:30 [INF] SmsApi.Middleware.LoggingActionFilter | CorrelationId:5fcad2375a924b0da447b85571985b4d | API Request: GET /api/academics/academic-years | User: Unknown | School: 550e8400-e29b-41d4-a716-446655440000
2026-04-19 17:07:17.038 +05:30 [INF] SmsApi.Middleware.LoggingActionFilter | CorrelationId:cf2567aa341245ee9a6d468c74262401 | API Request: GET /api/academics/academic-years | User: Unknown | School: 550e8400-e29b-41d4-a716-446655440000
2026-04-19 17:07:17.052 +05:30 [INF] SmsApi.Middleware.LoggingActionFilter | CorrelationId:cf2567aa341245ee9a6d468c74262401 | API Response: GET /api/academics/academic-years | Status: 200 | Duration: 13ms
2026-04-19 17:07:17.053 +05:30 [INF] SmsApi.Middleware.LoggingActionFilter | CorrelationId:5fcad2375a924b0da447b85571985b4d | API Response: GET /api/academics/academic-years | Status: 200 | Duration: 17ms
2026-04-19 17:07:17.053 +05:30 [INF] Serilog.AspNetCore.RequestLoggingMiddleware | CorrelationId:5fcad2375a924b0da447b85571985b4d | HTTP GET /api/academics/academic-years responded 200 in 30.4778 ms
2026-04-19 17:07:17.053 +05:30 [INF] Serilog.AspNetCore.RequestLoggingMiddleware | CorrelationId:cf2567aa341245ee9a6d468c74262401 | HTTP GET /api/academics/academic-years responded 200 in 30.1170 ms
2026-04-19 17:07:18.066 +05:30 [INF] Serilog.AspNetCore.RequestLoggingMiddleware | CorrelationId:756ed6abc724468fb1dd1c66067c04f5 | HTTP OPTIONS /api/examinations/stats responded 204 in 0.1140 ms
2026-04-19 17:07:18.067 +05:30 [INF] Serilog.AspNetCore.RequestLoggingMiddleware | CorrelationId:048c5e50454e45e7a3b0472aa6ef5863 | HTTP OPTIONS /api/examinations/exams responded 204 in 0.2611 ms
2026-04-19 17:07:18.071 +05:30 [INF] Serilog.AspNetCore.RequestLoggingMiddleware | CorrelationId:c14d7af2574347ada6e6c39a7b9faa59 | HTTP OPTIONS /api/examinations/stats responded 204 in 0.0748 ms
2026-04-19 17:07:18.097 +05:30 [INF] Serilog.AspNetCore.RequestLoggingMiddleware | CorrelationId:c894318b1a594f398ef98ce855ff32d3 | HTTP OPTIONS /api/examinations/exams responded 204 in 0.0826 ms
2026-04-19 17:07:18.130 +05:30 [INF] SmsApi.Middleware.LoggingActionFilter | CorrelationId:deb57d206605447f86f36b60579dd8fb | API Request: GET /api/examinations/stats | User: Unknown | School: 550e8400-e29b-41d4-a716-446655440000
2026-04-19 17:07:18.130 +05:30 [INF] SmsApi.Middleware.LoggingActionFilter | CorrelationId:a01614dc2e6443d085d1c020ce3356ba | API Request: GET /api/examinations/stats | User: Unknown | School: 550e8400-e29b-41d4-a716-446655440000
2026-04-19 17:07:18.131 +05:30 [INF] SmsApi.Middleware.LoggingActionFilter | CorrelationId:e3f5266ee8224c4b9fe5ca195f8735c9 | API Request: GET /api/examinations/exams | User: Unknown | School: 550e8400-e29b-41d4-a716-446655440000
2026-04-19 17:07:18.131 +05:30 [INF] SmsApi.Middleware.LoggingActionFilter | CorrelationId:827ee543110748cda56aa224b7a53b1d | API Request: GET /api/examinations/exams | User: Unknown | School: 550e8400-e29b-41d4-a716-446655440000
2026-04-19 17:07:18.165 +05:30 [INF] SmsApi.Middleware.LoggingActionFilter | CorrelationId:e3f5266ee8224c4b9fe5ca195f8735c9 | API Response: GET /api/examinations/exams | Status: 200 | Duration: 34ms
2026-04-19 17:07:18.165 +05:30 [INF] SmsApi.Middleware.LoggingActionFilter | CorrelationId:827ee543110748cda56aa224b7a53b1d | API Response: GET /api/examinations/exams | Status: 200 | Duration: 34ms
2026-04-19 17:07:18.176 +05:30 [INF] Serilog.AspNetCore.RequestLoggingMiddleware | CorrelationId:e3f5266ee8224c4b9fe5ca195f8735c9 | HTTP GET /api/examinations/exams responded 200 in 71.9754 ms
2026-04-19 17:07:18.176 +05:30 [INF] Serilog.AspNetCore.RequestLoggingMiddleware | CorrelationId:827ee543110748cda56aa224b7a53b1d | HTTP GET /api/examinations/exams responded 200 in 69.1693 ms
2026-04-19 17:07:18.380 +05:30 [INF] SmsApi.Middleware.LoggingActionFilter | CorrelationId:deb57d206605447f86f36b60579dd8fb | API Response: GET /api/examinations/stats | Status: 200 | Duration: 249ms
2026-04-19 17:07:18.380 +05:30 [INF] SmsApi.Middleware.LoggingActionFilter | CorrelationId:a01614dc2e6443d085d1c020ce3356ba | API Response: GET /api/examinations/stats | Status: 200 | Duration: 249ms
2026-04-19 17:07:18.383 +05:30 [INF] Serilog.AspNetCore.RequestLoggingMiddleware | CorrelationId:a01614dc2e6443d085d1c020ce3356ba | HTTP GET /api/examinations/stats responded 200 in 281.5613 ms
2026-04-19 17:07:18.383 +05:30 [INF] Serilog.AspNetCore.RequestLoggingMiddleware | CorrelationId:deb57d206605447f86f36b60579dd8fb | HTTP GET /api/examinations/stats responded 200 in 282.7813 ms
2026-04-19 17:07:24.312 +05:30 [INF] Serilog.AspNetCore.RequestLoggingMiddleware | CorrelationId:74f16141a5194787a034f7b3272dd4d0 | HTTP OPTIONS /api/fees/records responded 204 in 0.1258 ms
2026-04-19 17:07:24.313 +05:30 [INF] Serilog.AspNetCore.RequestLoggingMiddleware | CorrelationId:ebfa6307964d41da861d9807eb94b899 | HTTP OPTIONS /api/fees/stats responded 204 in 0.0249 ms
2026-04-19 17:07:24.315 +05:30 [INF] Serilog.AspNetCore.RequestLoggingMiddleware | CorrelationId:cf1c15b2731344ce8cf63934c1aa9d59 | HTTP OPTIONS /api/fees/records responded 204 in 0.4480 ms
2026-04-19 17:07:24.315 +05:30 [INF] Serilog.AspNetCore.RequestLoggingMiddleware | CorrelationId:64a981913aab41b8b1a91c431daa3d92 | HTTP OPTIONS /api/fees/structures responded 204 in 3.0349 ms
2026-04-19 17:07:24.315 +05:30 [INF] Serilog.AspNetCore.RequestLoggingMiddleware | CorrelationId:5ea13578cb2d4032b195e0ff7046c9f5 | HTTP OPTIONS /api/fees/structures responded 204 in 0.0355 ms
2026-04-19 17:07:24.340 +05:30 [INF] Serilog.AspNetCore.RequestLoggingMiddleware | CorrelationId:cde8bed5c02241dc855b679203fc9a11 | HTTP OPTIONS /api/fees/stats responded 204 in 0.1184 ms
2026-04-19 17:07:24.368 +05:30 [INF] SmsApi.Middleware.LoggingActionFilter | CorrelationId:ac779acc815b4c0d9d6677b3e9059302 | API Request: GET /api/fees/stats | User: Unknown | School: 550e8400-e29b-41d4-a716-446655440000
2026-04-19 17:07:24.368 +05:30 [INF] SmsApi.Middleware.LoggingActionFilter | CorrelationId:d80fa0a811ee4deeb0eeb3c4d568d988 | API Request: GET /api/fees/stats | User: Unknown | School: 550e8400-e29b-41d4-a716-446655440000
2026-04-19 17:07:24.371 +05:30 [INF] SmsApi.Middleware.LoggingActionFilter | CorrelationId:4c762f1252cb4393bbba937f14595512 | API Request: GET /api/fees/structures | User: Unknown | School: 550e8400-e29b-41d4-a716-446655440000
2026-04-19 17:07:24.371 +05:30 [INF] SmsApi.Middleware.LoggingActionFilter | CorrelationId:79e07bd5b2814ce49064637d64b96569 | API Request: GET /api/fees/records | User: Unknown | School: 550e8400-e29b-41d4-a716-446655440000
2026-04-19 17:07:24.372 +05:30 [INF] SmsApi.Middleware.LoggingActionFilter | CorrelationId:fdc52424e3f14695854b84fb03b87dd9 | API Request: GET /api/fees/structures | User: Unknown | School: 550e8400-e29b-41d4-a716-446655440000
2026-04-19 17:07:24.379 +05:30 [INF] SmsApi.Middleware.LoggingActionFilter | CorrelationId:d9ceeb36d75c44779e442ee1b93d919b | API Request: GET /api/fees/records | User: Unknown | School: 550e8400-e29b-41d4-a716-446655440000
2026-04-19 17:07:24.399 +05:30 [INF] SmsApi.Middleware.LoggingActionFilter | CorrelationId:fdc52424e3f14695854b84fb03b87dd9 | API Response: GET /api/fees/structures | Status: 200 | Duration: 27ms
2026-04-19 17:07:24.401 +05:30 [INF] SmsApi.Middleware.LoggingActionFilter | CorrelationId:4c762f1252cb4393bbba937f14595512 | API Response: GET /api/fees/structures | Status: 200 | Duration: 30ms
2026-04-19 17:07:24.405 +05:30 [INF] Serilog.AspNetCore.RequestLoggingMiddleware | CorrelationId:4c762f1252cb4393bbba937f14595512 | HTTP GET /api/fees/structures responded 200 in 46.5520 ms
2026-04-19 17:07:24.406 +05:30 [INF] Serilog.AspNetCore.RequestLoggingMiddleware | CorrelationId:fdc52424e3f14695854b84fb03b87dd9 | HTTP GET /api/fees/structures responded 200 in 45.0427 ms
2026-04-19 17:07:24.416 +05:30 [INF] SmsApi.Middleware.LoggingActionFilter | CorrelationId:ac779acc815b4c0d9d6677b3e9059302 | API Response: GET /api/fees/stats | Status: 200 | Duration: 48ms
2026-04-19 17:07:24.417 +05:30 [INF] SmsApi.Middleware.LoggingActionFilter | CorrelationId:d80fa0a811ee4deeb0eeb3c4d568d988 | API Response: GET /api/fees/stats | Status: 200 | Duration: 48ms
2026-04-19 17:07:24.417 +05:30 [INF] Serilog.AspNetCore.RequestLoggingMiddleware | CorrelationId:ac779acc815b4c0d9d6677b3e9059302 | HTTP GET /api/fees/stats responded 200 in 62.7285 ms
2026-04-19 17:07:24.417 +05:30 [INF] Serilog.AspNetCore.RequestLoggingMiddleware | CorrelationId:d80fa0a811ee4deeb0eeb3c4d568d988 | HTTP GET /api/fees/stats responded 200 in 56.6563 ms
2026-04-19 17:07:24.436 +05:30 [INF] SmsApi.Services.FeeService | CorrelationId:79e07bd5b2814ce49064637d64b96569 | Late fee calculation with partial payment: Total=18000.00, Paid=6000.00, Remaining=12000.00
2026-04-19 17:07:24.437 +05:30 [INF] SmsApi.Services.FeeService | CorrelationId:d9ceeb36d75c44779e442ee1b93d919b | Late fee calculation with partial payment: Total=18000.00, Paid=6000.00, Remaining=12000.00
2026-04-19 17:07:24.454 +05:30 [WRN] SmsApi.Services.FeeService | CorrelationId:d9ceeb36d75c44779e442ee1b93d919b | No late fee configuration found for school 550e8400-e29b-41d4-a716-446655440000
2026-04-19 17:07:24.455 +05:30 [WRN] SmsApi.Services.FeeService | CorrelationId:79e07bd5b2814ce49064637d64b96569 | No late fee configuration found for school 550e8400-e29b-41d4-a716-446655440000
2026-04-19 17:07:24.456 +05:30 [INF] SmsApi.Services.FeeService | CorrelationId:79e07bd5b2814ce49064637d64b96569 | Late fee calculation with partial payment: Total=20000.00, Paid=12000.00, Remaining=8000.00
2026-04-19 17:07:24.457 +05:30 [INF] SmsApi.Services.FeeService | CorrelationId:d9ceeb36d75c44779e442ee1b93d919b | Late fee calculation with partial payment: Total=20000.00, Paid=12000.00, Remaining=8000.00
2026-04-19 17:07:24.458 +05:30 [WRN] SmsApi.Services.FeeService | CorrelationId:79e07bd5b2814ce49064637d64b96569 | No late fee configuration found for school 550e8400-e29b-41d4-a716-446655440000
2026-04-19 17:07:24.458 +05:30 [WRN] SmsApi.Services.FeeService | CorrelationId:d9ceeb36d75c44779e442ee1b93d919b | No late fee configuration found for school 550e8400-e29b-41d4-a716-446655440000
2026-04-19 17:07:24.459 +05:30 [INF] SmsApi.Services.FeeService | CorrelationId:d9ceeb36d75c44779e442ee1b93d919b | Late fee calculation with partial payment: Total=12000.00, Paid=6000.00, Remaining=6000.00
2026-04-19 17:07:24.459 +05:30 [INF] SmsApi.Services.FeeService | CorrelationId:79e07bd5b2814ce49064637d64b96569 | Late fee calculation with partial payment: Total=12000.00, Paid=6000.00, Remaining=6000.00
2026-04-19 17:07:24.459 +05:30 [WRN] SmsApi.Services.FeeService | CorrelationId:d9ceeb36d75c44779e442ee1b93d919b | No late fee configuration found for school 550e8400-e29b-41d4-a716-446655440000
2026-04-19 17:07:24.460 +05:30 [WRN] SmsApi.Services.FeeService | CorrelationId:79e07bd5b2814ce49064637d64b96569 | No late fee configuration found for school 550e8400-e29b-41d4-a716-446655440000
2026-04-19 17:07:24.460 +05:30 [INF] SmsApi.Services.FeeService | CorrelationId:d9ceeb36d75c44779e442ee1b93d919b | Late fee calculation with partial payment: Total=12000.00, Paid=6000.00, Remaining=6000.00
2026-04-19 17:07:24.460 +05:30 [INF] SmsApi.Services.FeeService | CorrelationId:79e07bd5b2814ce49064637d64b96569 | Late fee calculation with partial payment: Total=12000.00, Paid=6000.00, Remaining=6000.00
2026-04-19 17:07:24.461 +05:30 [WRN] SmsApi.Services.FeeService | CorrelationId:d9ceeb36d75c44779e442ee1b93d919b | No late fee configuration found for school 550e8400-e29b-41d4-a716-446655440000
2026-04-19 17:07:24.461 +05:30 [WRN] SmsApi.Services.FeeService | CorrelationId:79e07bd5b2814ce49064637d64b96569 | No late fee configuration found for school 550e8400-e29b-41d4-a716-446655440000
2026-04-19 17:07:24.462 +05:30 [WRN] SmsApi.Services.FeeService | CorrelationId:d9ceeb36d75c44779e442ee1b93d919b | No late fee configuration found for school 550e8400-e29b-41d4-a716-446655440000
2026-04-19 17:07:24.463 +05:30 [WRN] SmsApi.Services.FeeService | CorrelationId:79e07bd5b2814ce49064637d64b96569 | No late fee configuration found for school 550e8400-e29b-41d4-a716-446655440000
2026-04-19 17:07:24.463 +05:30 [INF] SmsApi.Services.FeeService | CorrelationId:d9ceeb36d75c44779e442ee1b93d919b | Late fee calculation with partial payment: Total=12000.00, Paid=6000.00, Remaining=6000.00
2026-04-19 17:07:24.464 +05:30 [INF] SmsApi.Services.FeeService | CorrelationId:79e07bd5b2814ce49064637d64b96569 | Late fee calculation with partial payment: Total=12000.00, Paid=6000.00, Remaining=6000.00
2026-04-19 17:07:24.464 +05:30 [WRN] SmsApi.Services.FeeService | CorrelationId:79e07bd5b2814ce49064637d64b96569 | No late fee configuration found for school 550e8400-e29b-41d4-a716-446655440000
2026-04-19 17:07:24.465 +05:30 [WRN] SmsApi.Services.FeeService | CorrelationId:d9ceeb36d75c44779e442ee1b93d919b | No late fee configuration found for school 550e8400-e29b-41d4-a716-446655440000
2026-04-19 17:07:24.465 +05:30 [INF] SmsApi.Services.FeeService | CorrelationId:79e07bd5b2814ce49064637d64b96569 | Late fee calculation with partial payment: Total=12000.00, Paid=6000.00, Remaining=6000.00
2026-04-19 17:07:24.466 +05:30 [INF] SmsApi.Services.FeeService | CorrelationId:d9ceeb36d75c44779e442ee1b93d919b | Late fee calculation with partial payment: Total=12000.00, Paid=6000.00, Remaining=6000.00
2026-04-19 17:07:24.466 +05:30 [WRN] SmsApi.Services.FeeService | CorrelationId:79e07bd5b2814ce49064637d64b96569 | No late fee configuration found for school 550e8400-e29b-41d4-a716-446655440000
2026-04-19 17:07:24.467 +05:30 [WRN] SmsApi.Services.FeeService | CorrelationId:79e07bd5b2814ce49064637d64b96569 | No late fee configuration found for school 550e8400-e29b-41d4-a716-446655440000
2026-04-19 17:07:24.468 +05:30 [WRN] SmsApi.Services.FeeService | CorrelationId:d9ceeb36d75c44779e442ee1b93d919b | No late fee configuration found for school 550e8400-e29b-41d4-a716-446655440000
2026-04-19 17:07:24.468 +05:30 [WRN] SmsApi.Services.FeeService | CorrelationId:79e07bd5b2814ce49064637d64b96569 | No late fee configuration found for school 550e8400-e29b-41d4-a716-446655440000
2026-04-19 17:07:24.469 +05:30 [WRN] SmsApi.Services.FeeService | CorrelationId:d9ceeb36d75c44779e442ee1b93d919b | No late fee configuration found for school 550e8400-e29b-41d4-a716-446655440000
2026-04-19 17:07:24.469 +05:30 [INF] SmsApi.Services.FeeService | CorrelationId:79e07bd5b2814ce49064637d64b96569 | Late fee calculation with partial payment: Total=12000.00, Paid=6000.00, Remaining=6000.00
2026-04-19 17:07:24.470 +05:30 [WRN] SmsApi.Services.FeeService | CorrelationId:79e07bd5b2814ce49064637d64b96569 | No late fee configuration found for school 550e8400-e29b-41d4-a716-446655440000
2026-04-19 17:07:24.471 +05:30 [WRN] SmsApi.Services.FeeService | CorrelationId:d9ceeb36d75c44779e442ee1b93d919b | No late fee configuration found for school 550e8400-e29b-41d4-a716-446655440000
2026-04-19 17:07:24.471 +05:30 [WRN] SmsApi.Services.FeeService | CorrelationId:79e07bd5b2814ce49064637d64b96569 | No late fee configuration found for school 550e8400-e29b-41d4-a716-446655440000
2026-04-19 17:07:24.472 +05:30 [INF] SmsApi.Services.FeeService | CorrelationId:d9ceeb36d75c44779e442ee1b93d919b | Late fee calculation with partial payment: Total=12000.00, Paid=6000.00, Remaining=6000.00
2026-04-19 17:07:24.476 +05:30 [WRN] SmsApi.Services.FeeService | CorrelationId:79e07bd5b2814ce49064637d64b96569 | No late fee configuration found for school 550e8400-e29b-41d4-a716-446655440000
2026-04-19 17:07:24.476 +05:30 [WRN] SmsApi.Services.FeeService | CorrelationId:d9ceeb36d75c44779e442ee1b93d919b | No late fee configuration found for school 550e8400-e29b-41d4-a716-446655440000
2026-04-19 17:07:24.477 +05:30 [INF] SmsApi.Services.FeeService | CorrelationId:79e07bd5b2814ce49064637d64b96569 | Late fee calculation with partial payment: Total=12000.00, Paid=6000.00, Remaining=6000.00
2026-04-19 17:07:24.479 +05:30 [WRN] SmsApi.Services.FeeService | CorrelationId:79e07bd5b2814ce49064637d64b96569 | No late fee configuration found for school 550e8400-e29b-41d4-a716-446655440000
2026-04-19 17:07:24.479 +05:30 [WRN] SmsApi.Services.FeeService | CorrelationId:d9ceeb36d75c44779e442ee1b93d919b | No late fee configuration found for school 550e8400-e29b-41d4-a716-446655440000
2026-04-19 17:07:24.481 +05:30 [WRN] SmsApi.Services.FeeService | CorrelationId:79e07bd5b2814ce49064637d64b96569 | No late fee configuration found for school 550e8400-e29b-41d4-a716-446655440000
2026-04-19 17:07:24.482 +05:30 [WRN] SmsApi.Services.FeeService | CorrelationId:d9ceeb36d75c44779e442ee1b93d919b | No late fee configuration found for school 550e8400-e29b-41d4-a716-446655440000
2026-04-19 17:07:24.482 +05:30 [INF] SmsApi.Services.FeeService | CorrelationId:d9ceeb36d75c44779e442ee1b93d919b | Late fee calculation with partial payment: Total=12000.00, Paid=6000.00, Remaining=6000.00
2026-04-19 17:07:24.483 +05:30 [WRN] SmsApi.Services.FeeService | CorrelationId:79e07bd5b2814ce49064637d64b96569 | No late fee configuration found for school 550e8400-e29b-41d4-a716-446655440000
2026-04-19 17:07:24.483 +05:30 [WRN] SmsApi.Services.FeeService | CorrelationId:d9ceeb36d75c44779e442ee1b93d919b | No late fee configuration found for school 550e8400-e29b-41d4-a716-446655440000
2026-04-19 17:07:24.484 +05:30 [WRN] SmsApi.Services.FeeService | CorrelationId:d9ceeb36d75c44779e442ee1b93d919b | No late fee configuration found for school 550e8400-e29b-41d4-a716-446655440000
2026-04-19 17:07:24.484 +05:30 [WRN] SmsApi.Services.FeeService | CorrelationId:79e07bd5b2814ce49064637d64b96569 | No late fee configuration found for school 550e8400-e29b-41d4-a716-446655440000
2026-04-19 17:07:24.485 +05:30 [INF] SmsApi.Services.FeeService | CorrelationId:79e07bd5b2814ce49064637d64b96569 | Late fee calculation with partial payment: Total=12000.00, Paid=6000.00, Remaining=6000.00
2026-04-19 17:07:24.485 +05:30 [WRN] SmsApi.Services.FeeService | CorrelationId:d9ceeb36d75c44779e442ee1b93d919b | No late fee configuration found for school 550e8400-e29b-41d4-a716-446655440000
2026-04-19 17:07:24.486 +05:30 [WRN] SmsApi.Services.FeeService | CorrelationId:79e07bd5b2814ce49064637d64b96569 | No late fee configuration found for school 550e8400-e29b-41d4-a716-446655440000
2026-04-19 17:07:24.487 +05:30 [WRN] SmsApi.Services.FeeService | CorrelationId:d9ceeb36d75c44779e442ee1b93d919b | No late fee configuration found for school 550e8400-e29b-41d4-a716-446655440000
2026-04-19 17:07:24.487 +05:30 [WRN] SmsApi.Services.FeeService | CorrelationId:79e07bd5b2814ce49064637d64b96569 | No late fee configuration found for school 550e8400-e29b-41d4-a716-446655440000
2026-04-19 17:07:24.487 +05:30 [INF] SmsApi.Services.FeeService | CorrelationId:d9ceeb36d75c44779e442ee1b93d919b | Late fee calculation with partial payment: Total=12000.00, Paid=6000.00, Remaining=6000.00
2026-04-19 17:07:24.488 +05:30 [WRN] SmsApi.Services.FeeService | CorrelationId:d9ceeb36d75c44779e442ee1b93d919b | No late fee configuration found for school 550e8400-e29b-41d4-a716-446655440000
2026-04-19 17:07:24.489 +05:30 [WRN] SmsApi.Services.FeeService | CorrelationId:d9ceeb36d75c44779e442ee1b93d919b | No late fee configuration found for school 550e8400-e29b-41d4-a716-446655440000
2026-04-19 17:07:24.541 +05:30 [INF] SmsApi.Middleware.LoggingActionFilter | CorrelationId:d9ceeb36d75c44779e442ee1b93d919b | API Response: GET /api/fees/records | Status: 200 | Duration: 162ms
2026-04-19 17:07:24.541 +05:30 [INF] SmsApi.Middleware.LoggingActionFilter | CorrelationId:79e07bd5b2814ce49064637d64b96569 | API Response: GET /api/fees/records | Status: 200 | Duration: 170ms
2026-04-19 17:07:24.551 +05:30 [INF] Serilog.AspNetCore.RequestLoggingMiddleware | CorrelationId:79e07bd5b2814ce49064637d64b96569 | HTTP GET /api/fees/records responded 200 in 196.9902 ms
2026-04-19 17:07:24.551 +05:30 [INF] Serilog.AspNetCore.RequestLoggingMiddleware | CorrelationId:d9ceeb36d75c44779e442ee1b93d919b | HTTP GET /api/fees/records responded 200 in 183.2743 ms
2026-04-19 17:07:27.036 +05:30 [INF] Serilog.AspNetCore.RequestLoggingMiddleware | CorrelationId:dc98d992c9d144a892bb07e20d5e0c7c | HTTP OPTIONS /api/examinations/stats responded 204 in 0.0808 ms
2026-04-19 17:07:27.038 +05:30 [INF] Serilog.AspNetCore.RequestLoggingMiddleware | CorrelationId:42dccf99bae44ca1bde7a699291534f2 | HTTP OPTIONS /api/examinations/stats responded 204 in 0.0153 ms
2026-04-19 17:07:27.039 +05:30 [INF] Serilog.AspNetCore.RequestLoggingMiddleware | CorrelationId:9b88d78b85ce4081afe9a8d61d237d05 | HTTP OPTIONS /api/examinations/exams responded 204 in 0.0265 ms
2026-04-19 17:07:27.095 +05:30 [INF] Serilog.AspNetCore.RequestLoggingMiddleware | CorrelationId:d892bfa0505b4b0ba2f2562181b4ef52 | HTTP OPTIONS /api/examinations/exams responded 204 in 0.0450 ms
2026-04-19 17:07:27.188 +05:30 [INF] SmsApi.Middleware.LoggingActionFilter | CorrelationId:a745c11a4fe34e0b8b875e359bd47aa3 | API Request: GET /api/examinations/stats | User: Unknown | School: 550e8400-e29b-41d4-a716-446655440000
2026-04-19 17:07:27.189 +05:30 [INF] SmsApi.Middleware.LoggingActionFilter | CorrelationId:605101bb4e084a0a8561b81183320b2c | API Request: GET /api/examinations/exams | User: Unknown | School: 550e8400-e29b-41d4-a716-446655440000
2026-04-19 17:07:27.205 +05:30 [INF] SmsApi.Middleware.LoggingActionFilter | CorrelationId:eb0bef17c75846cf840d1b54c5a0bdf1 | API Request: GET /api/examinations/stats | User: Unknown | School: 550e8400-e29b-41d4-a716-446655440000
2026-04-19 17:07:27.210 +05:30 [INF] SmsApi.Middleware.LoggingActionFilter | CorrelationId:6e99299cc4d24053a97508cb3d45a7c1 | API Request: GET /api/examinations/exams | User: Unknown | School: 550e8400-e29b-41d4-a716-446655440000
2026-04-19 17:07:27.213 +05:30 [INF] SmsApi.Middleware.LoggingActionFilter | CorrelationId:605101bb4e084a0a8561b81183320b2c | API Response: GET /api/examinations/exams | Status: 200 | Duration: 23ms
2026-04-19 17:07:27.213 +05:30 [INF] SmsApi.Middleware.LoggingActionFilter | CorrelationId:6e99299cc4d24053a97508cb3d45a7c1 | API Response: GET /api/examinations/exams | Status: 200 | Duration: 3ms
2026-04-19 17:07:27.213 +05:30 [INF] Serilog.AspNetCore.RequestLoggingMiddleware | CorrelationId:6e99299cc4d24053a97508cb3d45a7c1 | HTTP GET /api/examinations/exams responded 200 in 42.2338 ms
2026-04-19 17:07:27.213 +05:30 [INF] Serilog.AspNetCore.RequestLoggingMiddleware | CorrelationId:605101bb4e084a0a8561b81183320b2c | HTTP GET /api/examinations/exams responded 200 in 57.9291 ms
2026-04-19 17:07:27.235 +05:30 [INF] SmsApi.Middleware.LoggingActionFilter | CorrelationId:a745c11a4fe34e0b8b875e359bd47aa3 | API Response: GET /api/examinations/stats | Status: 200 | Duration: 47ms
2026-04-19 17:07:27.236 +05:30 [INF] Serilog.AspNetCore.RequestLoggingMiddleware | CorrelationId:a745c11a4fe34e0b8b875e359bd47aa3 | HTTP GET /api/examinations/stats responded 200 in 80.2858 ms
2026-04-19 17:07:27.241 +05:30 [INF] SmsApi.Middleware.LoggingActionFilter | CorrelationId:eb0bef17c75846cf840d1b54c5a0bdf1 | API Response: GET /api/examinations/stats | Status: 200 | Duration: 35ms
2026-04-19 17:07:27.242 +05:30 [INF] Serilog.AspNetCore.RequestLoggingMiddleware | CorrelationId:eb0bef17c75846cf840d1b54c5a0bdf1 | HTTP GET /api/examinations/stats responded 200 in 125.5675 ms
2026-04-19 17:07:29.732 +05:30 [INF] Serilog.AspNetCore.RequestLoggingMiddleware | CorrelationId:c9448211dac247fa8493ed828083fee9 | HTTP OPTIONS /api/academics/classes responded 204 in 0.0443 ms
2026-04-19 17:07:29.735 +05:30 [INF] Serilog.AspNetCore.RequestLoggingMiddleware | CorrelationId:46ebe7ef37244e298026e722db0f4a27 | HTTP OPTIONS /api/academics/academic-years responded 204 in 0.0450 ms
2026-04-19 17:07:29.743 +05:30 [INF] Serilog.AspNetCore.RequestLoggingMiddleware | CorrelationId:ed7dbea068a941dc8cd485a48613ac1a | HTTP OPTIONS /api/staff responded 204 in 0.1042 ms
2026-04-19 17:07:29.743 +05:30 [INF] Serilog.AspNetCore.RequestLoggingMiddleware | CorrelationId:10c56c0143914627b512161d3c3983ba | HTTP OPTIONS /api/academics/classes responded 204 in 0.0135 ms
2026-04-19 17:07:29.744 +05:30 [INF] Serilog.AspNetCore.RequestLoggingMiddleware | CorrelationId:498e86eb32b747a2bcca04c3e27f4900 | HTTP OPTIONS /api/academics/academic-years responded 204 in 0.0143 ms
2026-04-19 17:07:29.744 +05:30 [INF] Serilog.AspNetCore.RequestLoggingMiddleware | CorrelationId:d9ca803cdd7143e4a8aaebcb8a5ac34b | HTTP OPTIONS /api/staff responded 204 in 0.0145 ms
2026-04-19 17:07:29.762 +05:30 [INF] SmsApi.Middleware.LoggingActionFilter | CorrelationId:3a4c30ba11934d47af9ccd6305079e7d | API Request: GET /api/academics/academic-years | User: Unknown | School: 550e8400-e29b-41d4-a716-446655440000
2026-04-19 17:07:29.765 +05:30 [INF] SmsApi.Middleware.LoggingActionFilter | CorrelationId:3a4c30ba11934d47af9ccd6305079e7d | API Response: GET /api/academics/academic-years | Status: 200 | Duration: 3ms
2026-04-19 17:07:29.768 +05:30 [INF] Serilog.AspNetCore.RequestLoggingMiddleware | CorrelationId:3a4c30ba11934d47af9ccd6305079e7d | HTTP GET /api/academics/academic-years responded 200 in 18.1562 ms
2026-04-19 17:07:29.772 +05:30 [INF] SmsApi.Middleware.LoggingActionFilter | CorrelationId:c5681013ccda4cc08a43ae6649bacc80 | API Request: GET /api/academics/academic-years | User: Unknown | School: 550e8400-e29b-41d4-a716-446655440000
2026-04-19 17:07:29.773 +05:30 [INF] SmsApi.Middleware.LoggingActionFilter | CorrelationId:dbbf877c5f35424ca699a6c78c08040d | API Request: GET /api/academics/classes | User: Unknown | School: 550e8400-e29b-41d4-a716-446655440000
2026-04-19 17:07:29.775 +05:30 [INF] SmsApi.Middleware.LoggingActionFilter | CorrelationId:1b3efd77fe8447e6b635e6e7ec0d3133 | API Request: GET /api/staff | User: Unknown | School: 550e8400-e29b-41d4-a716-446655440000
2026-04-19 17:07:29.777 +05:30 [INF] SmsApi.Middleware.LoggingActionFilter | CorrelationId:2e8fb156110b4ca8bdadcba16d103832 | API Request: GET /api/staff | User: Unknown | School: 550e8400-e29b-41d4-a716-446655440000
2026-04-19 17:07:29.777 +05:30 [INF] SmsApi.Middleware.LoggingActionFilter | CorrelationId:97c3c779739a445abbc11747c53d44a2 | API Request: GET /api/academics/classes | User: Unknown | School: 550e8400-e29b-41d4-a716-446655440000
2026-04-19 17:07:29.778 +05:30 [INF] SmsApi.Middleware.LoggingActionFilter | CorrelationId:c5681013ccda4cc08a43ae6649bacc80 | API Response: GET /api/academics/academic-years | Status: 200 | Duration: 6ms
2026-04-19 17:07:29.778 +05:30 [INF] Serilog.AspNetCore.RequestLoggingMiddleware | CorrelationId:c5681013ccda4cc08a43ae6649bacc80 | HTTP GET /api/academics/academic-years responded 200 in 7.3070 ms
2026-04-19 17:07:29.779 +05:30 [INF] SmsApi.Middleware.LoggingActionFilter | CorrelationId:1b3efd77fe8447e6b635e6e7ec0d3133 | API Response: GET /api/staff | Status: 200 | Duration: 4ms
2026-04-19 17:07:29.788 +05:30 [INF] SmsApi.Middleware.LoggingActionFilter | CorrelationId:2e8fb156110b4ca8bdadcba16d103832 | API Response: GET /api/staff | Status: 200 | Duration: 10ms
2026-04-19 17:07:29.788 +05:30 [INF] Serilog.AspNetCore.RequestLoggingMiddleware | CorrelationId:1b3efd77fe8447e6b635e6e7ec0d3133 | HTTP GET /api/staff responded 200 in 18.8525 ms
2026-04-19 17:07:29.788 +05:30 [INF] Serilog.AspNetCore.RequestLoggingMiddleware | CorrelationId:2e8fb156110b4ca8bdadcba16d103832 | HTTP GET /api/staff responded 200 in 15.1637 ms
2026-04-19 17:07:29.992 +05:30 [INF] SmsApi.Middleware.LoggingActionFilter | CorrelationId:97c3c779739a445abbc11747c53d44a2 | API Response: GET /api/academics/classes | Status: 200 | Duration: 214ms
2026-04-19 17:07:29.992 +05:30 [INF] SmsApi.Middleware.LoggingActionFilter | CorrelationId:dbbf877c5f35424ca699a6c78c08040d | API Response: GET /api/academics/classes | Status: 200 | Duration: 218ms
2026-04-19 17:07:30.004 +05:30 [INF] Serilog.AspNetCore.RequestLoggingMiddleware | CorrelationId:dbbf877c5f35424ca699a6c78c08040d | HTTP GET /api/academics/classes responded 200 in 242.3437 ms
2026-04-19 17:07:30.004 +05:30 [INF] Serilog.AspNetCore.RequestLoggingMiddleware | CorrelationId:97c3c779739a445abbc11747c53d44a2 | HTTP GET /api/academics/classes responded 200 in 234.3434 ms
2026-04-19 17:07:31.550 +05:30 [INF] Serilog.AspNetCore.RequestLoggingMiddleware | CorrelationId:567702e2ed2a4c45b4876199dca12a58 | HTTP OPTIONS /api/library/books responded 204 in 0.0755 ms
2026-04-19 17:07:31.552 +05:30 [INF] Serilog.AspNetCore.RequestLoggingMiddleware | CorrelationId:93db51ca7f17485580126ca5f2dabfcf | HTTP OPTIONS /api/library/books responded 204 in 0.0222 ms
2026-04-19 17:07:31.596 +05:30 [INF] Serilog.AspNetCore.RequestLoggingMiddleware | CorrelationId:4e62913c99344ede89d3a0e9e535ae45 | HTTP OPTIONS /api/library/issues responded 204 in 0.0617 ms
2026-04-19 17:07:31.596 +05:30 [INF] Serilog.AspNetCore.RequestLoggingMiddleware | CorrelationId:0e40ba03bfeb4c60a7cb14ad56fd7214 | HTTP OPTIONS /api/library/books responded 204 in 0.0190 ms
2026-04-19 17:07:31.597 +05:30 [INF] Serilog.AspNetCore.RequestLoggingMiddleware | CorrelationId:794d0b34fa2c4f06bc07863ac8d7c5cc | HTTP OPTIONS /api/library/stats responded 204 in 0.0873 ms
2026-04-19 17:07:31.602 +05:30 [INF] Serilog.AspNetCore.RequestLoggingMiddleware | CorrelationId:36aca421fa174c56acb42bcdc8e2a385 | HTTP OPTIONS /api/library/issues responded 204 in 0.0523 ms
2026-04-19 17:07:31.603 +05:30 [INF] Serilog.AspNetCore.RequestLoggingMiddleware | CorrelationId:b573acf04d564c16abdb86180c240726 | HTTP OPTIONS /api/students responded 204 in 0.0132 ms
2026-04-19 17:07:31.604 +05:30 [INF] Serilog.AspNetCore.RequestLoggingMiddleware | CorrelationId:db86bb8254fb42bcb80087f45350fc9e | HTTP OPTIONS /api/library/books responded 204 in 0.0145 ms
2026-04-19 17:07:31.605 +05:30 [INF] Serilog.AspNetCore.RequestLoggingMiddleware | CorrelationId:f4f9a1e9da6b4ff0aa3d32d65f637ceb | HTTP OPTIONS /api/library/books responded 204 in 0.0271 ms
2026-04-19 17:07:31.605 +05:30 [INF] Serilog.AspNetCore.RequestLoggingMiddleware | CorrelationId:1397bfab8b7c49c4a36afad77da8a357 | HTTP OPTIONS /api/library/issues responded 204 in 0.0821 ms
2026-04-19 17:07:31.606 +05:30 [INF] Serilog.AspNetCore.RequestLoggingMiddleware | CorrelationId:98128834e5764ce88bafd27339f0d426 | HTTP OPTIONS /api/library/issues responded 204 in 0.0169 ms
2026-04-19 17:07:31.607 +05:30 [INF] Serilog.AspNetCore.RequestLoggingMiddleware | CorrelationId:582d417adad049518116dcc7b74821e6 | HTTP OPTIONS /api/library/issues responded 204 in 0.0179 ms
2026-04-19 17:07:31.610 +05:30 [INF] Serilog.AspNetCore.RequestLoggingMiddleware | CorrelationId:879ef9aedd124b2e89ef4de98aedb818 | HTTP OPTIONS /api/library/stats responded 204 in 0.0192 ms
2026-04-19 17:07:31.610 +05:30 [INF] Serilog.AspNetCore.RequestLoggingMiddleware | CorrelationId:ce75bae11806406aac053ad584c34e10 | HTTP OPTIONS /api/library/books responded 204 in 0.0227 ms
2026-04-19 17:07:31.610 +05:30 [INF] Serilog.AspNetCore.RequestLoggingMiddleware | CorrelationId:d44cfb52ab754b30a66db042879e3496 | HTTP OPTIONS /api/library/issues responded 204 in 0.0086 ms
2026-04-19 17:07:31.610 +05:30 [INF] Serilog.AspNetCore.RequestLoggingMiddleware | CorrelationId:f0ebe020b3544147b68f452401b8b897 | HTTP OPTIONS /api/students responded 204 in 0.0110 ms
2026-04-19 17:07:31.618 +05:30 [INF] SmsApi.Middleware.LoggingActionFilter | CorrelationId:484c51a8a04e42108880be471d6ab36e | API Request: GET /api/students | User: Unknown | School: 550e8400-e29b-41d4-a716-446655440000
2026-04-19 17:07:31.639 +05:30 [INF] SmsApi.Middleware.LoggingActionFilter | CorrelationId:0a107d86c40f4a78a99546aeaafa4432 | API Request: GET /api/library/stats | User: Unknown | School: 550e8400-e29b-41d4-a716-446655440000
2026-04-19 17:07:31.639 +05:30 [INF] SmsApi.Middleware.LoggingActionFilter | CorrelationId:a93f9b02001741ee93463b7daf74c3d4 | API Request: GET /api/library/books | User: Unknown | School: 550e8400-e29b-41d4-a716-446655440000
2026-04-19 17:07:31.640 +05:30 [INF] SmsApi.Middleware.LoggingActionFilter | CorrelationId:3665664e40214237b1d09912d02f8b8a | API Request: GET /api/library/issues | User: Unknown | School: 550e8400-e29b-41d4-a716-446655440000
2026-04-19 17:07:31.645 +05:30 [INF] SmsApi.Middleware.LoggingActionFilter | CorrelationId:f868aead59b349f8a8320ed12896fa4f | API Request: GET /api/library/books | User: Unknown | School: 550e8400-e29b-41d4-a716-446655440000
2026-04-19 17:07:31.645 +05:30 [INF] SmsApi.Middleware.LoggingActionFilter | CorrelationId:77304234e98f4fb097ecaa0a4c655beb | API Request: GET /api/library/issues | User: Unknown | School: 550e8400-e29b-41d4-a716-446655440000
2026-04-19 17:07:31.655 +05:30 [INF] SmsApi.Middleware.LoggingActionFilter | CorrelationId:484c51a8a04e42108880be471d6ab36e | API Response: GET /api/students | Status: 200 | Duration: 36ms
2026-04-19 17:07:31.657 +05:30 [INF] Serilog.AspNetCore.RequestLoggingMiddleware | CorrelationId:484c51a8a04e42108880be471d6ab36e | HTTP GET /api/students responded 200 in 40.4223 ms
2026-04-19 17:07:31.679 +05:30 [INF] SmsApi.Middleware.LoggingActionFilter | CorrelationId:5d367c5d04ae45f5b589c657b305cf0a | API Request: GET /api/library/stats | User: Unknown | School: 550e8400-e29b-41d4-a716-446655440000
2026-04-19 17:07:31.763 +05:30 [INF] SmsApi.Middleware.LoggingActionFilter | CorrelationId:3665664e40214237b1d09912d02f8b8a | API Response: GET /api/library/issues | Status: 200 | Duration: 122ms
2026-04-19 17:07:31.763 +05:30 [INF] SmsApi.Middleware.LoggingActionFilter | CorrelationId:77304234e98f4fb097ecaa0a4c655beb | API Response: GET /api/library/issues | Status: 200 | Duration: 118ms
2026-04-19 17:07:31.764 +05:30 [INF] SmsApi.Middleware.LoggingActionFilter | CorrelationId:5d367c5d04ae45f5b589c657b305cf0a | API Response: GET /api/library/stats | Status: 200 | Duration: 85ms
2026-04-19 17:07:31.765 +05:30 [INF] SmsApi.Middleware.LoggingActionFilter | CorrelationId:0a107d86c40f4a78a99546aeaafa4432 | API Response: GET /api/library/stats | Status: 200 | Duration: 126ms
2026-04-19 17:07:31.767 +05:30 [INF] Serilog.AspNetCore.RequestLoggingMiddleware | CorrelationId:3665664e40214237b1d09912d02f8b8a | HTTP GET /api/library/issues responded 200 in 152.2160 ms
2026-04-19 17:07:31.767 +05:30 [INF] Serilog.AspNetCore.RequestLoggingMiddleware | CorrelationId:77304234e98f4fb097ecaa0a4c655beb | HTTP GET /api/library/issues responded 200 in 123.5495 ms
2026-04-19 17:07:31.767 +05:30 [INF] Serilog.AspNetCore.RequestLoggingMiddleware | CorrelationId:0a107d86c40f4a78a99546aeaafa4432 | HTTP GET /api/library/stats responded 200 in 151.5193 ms
2026-04-19 17:07:31.780 +05:30 [INF] SmsApi.Middleware.LoggingActionFilter | CorrelationId:d1c6dfd95d3f46c5acf92eca4b32e808 | API Request: GET /api/students | User: Unknown | School: 550e8400-e29b-41d4-a716-446655440000
2026-04-19 17:07:31.780 +05:30 [INF] SmsApi.Middleware.LoggingActionFilter | CorrelationId:f7b6ecfd143d4badac7e2f39bfb03c06 | API Request: GET /api/library/issues | User: Unknown | School: 550e8400-e29b-41d4-a716-446655440000
2026-04-19 17:07:31.780 +05:30 [INF] Serilog.AspNetCore.RequestLoggingMiddleware | CorrelationId:5d367c5d04ae45f5b589c657b305cf0a | HTTP GET /api/library/stats responded 200 in 110.1640 ms
2026-04-19 17:07:31.785 +05:30 [INF] SmsApi.Middleware.LoggingActionFilter | CorrelationId:f7b6ecfd143d4badac7e2f39bfb03c06 | API Response: GET /api/library/issues | Status: 200 | Duration: 5ms
2026-04-19 17:07:31.786 +05:30 [INF] Serilog.AspNetCore.RequestLoggingMiddleware | CorrelationId:f7b6ecfd143d4badac7e2f39bfb03c06 | HTTP GET /api/library/issues responded 200 in 7.6451 ms
2026-04-19 17:07:31.780 +05:30 [INF] SmsApi.Middleware.LoggingActionFilter | CorrelationId:a93f9b02001741ee93463b7daf74c3d4 | API Response: GET /api/library/books | Status: 200 | Duration: 140ms
2026-04-19 17:07:31.778 +05:30 [INF] SmsApi.Middleware.LoggingActionFilter | CorrelationId:b98eff6e2f9c4ee9a30513484946d324 | API Request: GET /api/library/books | User: Unknown | School: 550e8400-e29b-41d4-a716-446655440000
2026-04-19 17:07:31.801 +05:30 [INF] SmsApi.Middleware.LoggingActionFilter | CorrelationId:b98eff6e2f9c4ee9a30513484946d324 | API Response: GET /api/library/books | Status: 200 | Duration: 22ms
2026-04-19 17:07:31.802 +05:30 [INF] SmsApi.Middleware.LoggingActionFilter | CorrelationId:f8d977e61bd44dd794af79c23c2cf39b | API Request: GET /api/library/books | User: Unknown | School: 550e8400-e29b-41d4-a716-446655440000
2026-04-19 17:07:31.803 +05:30 [INF] SmsApi.Middleware.LoggingActionFilter | CorrelationId:ef3ead132fb34100811c7bf9564faf08 | API Request: GET /api/library/issues | User: Unknown | School: 550e8400-e29b-41d4-a716-446655440000
2026-04-19 17:07:31.803 +05:30 [INF] SmsApi.Middleware.LoggingActionFilter | CorrelationId:d1c6dfd95d3f46c5acf92eca4b32e808 | API Response: GET /api/students | Status: 200 | Duration: 23ms
2026-04-19 17:07:31.803 +05:30 [INF] Serilog.AspNetCore.RequestLoggingMiddleware | CorrelationId:d1c6dfd95d3f46c5acf92eca4b32e808 | HTTP GET /api/students responded 200 in 31.5972 ms
2026-04-19 17:07:31.804 +05:30 [INF] SmsApi.Middleware.LoggingActionFilter | CorrelationId:f8d977e61bd44dd794af79c23c2cf39b | API Response: GET /api/library/books | Status: 200 | Duration: 1ms
2026-04-19 17:07:31.810 +05:30 [INF] Serilog.AspNetCore.RequestLoggingMiddleware | CorrelationId:a93f9b02001741ee93463b7daf74c3d4 | HTTP GET /api/library/books responded 200 in 195.4803 ms
2026-04-19 17:07:31.813 +05:30 [INF] SmsApi.Middleware.LoggingActionFilter | CorrelationId:ef3ead132fb34100811c7bf9564faf08 | API Response: GET /api/library/issues | Status: 200 | Duration: 10ms
2026-04-19 17:07:31.817 +05:30 [INF] Serilog.AspNetCore.RequestLoggingMiddleware | CorrelationId:b98eff6e2f9c4ee9a30513484946d324 | HTTP GET /api/library/books responded 200 in 44.4994 ms
2026-04-19 17:07:31.818 +05:30 [INF] Serilog.AspNetCore.RequestLoggingMiddleware | CorrelationId:ef3ead132fb34100811c7bf9564faf08 | HTTP GET /api/library/issues responded 200 in 17.6020 ms
2026-04-19 17:07:31.846 +05:30 [INF] Serilog.AspNetCore.RequestLoggingMiddleware | CorrelationId:f8d977e61bd44dd794af79c23c2cf39b | HTTP GET /api/library/books responded 200 in 44.9915 ms
2026-04-19 17:07:31.859 +05:30 [INF] SmsApi.Middleware.LoggingActionFilter | CorrelationId:f99b1680c0c54fd79cf27586762eaf4b | API Request: GET /api/library/issues | User: Unknown | School: 550e8400-e29b-41d4-a716-446655440000
2026-04-19 17:07:31.869 +05:30 [INF] SmsApi.Middleware.LoggingActionFilter | CorrelationId:0760cd4314df46b9968fe5280093b2d6 | API Request: GET /api/library/issues | User: Unknown | School: 550e8400-e29b-41d4-a716-446655440000
2026-04-19 17:07:31.835 +05:30 [INF] SmsApi.Middleware.LoggingActionFilter | CorrelationId:d4a3b0d4390a42448413933ef8d8373d | API Request: GET /api/library/books | User: Unknown | School: 550e8400-e29b-41d4-a716-446655440000
2026-04-19 17:07:31.871 +05:30 [INF] SmsApi.Middleware.LoggingActionFilter | CorrelationId:f99b1680c0c54fd79cf27586762eaf4b | API Response: GET /api/library/issues | Status: 200 | Duration: 11ms
2026-04-19 17:07:31.871 +05:30 [INF] Serilog.AspNetCore.RequestLoggingMiddleware | CorrelationId:f99b1680c0c54fd79cf27586762eaf4b | HTTP GET /api/library/issues responded 200 in 20.6262 ms
2026-04-19 17:07:31.873 +05:30 [INF] SmsApi.Middleware.LoggingActionFilter | CorrelationId:d4a3b0d4390a42448413933ef8d8373d | API Response: GET /api/library/books | Status: 200 | Duration: 37ms
2026-04-19 17:07:31.879 +05:30 [INF] SmsApi.Middleware.LoggingActionFilter | CorrelationId:b5654baec3d84ac8bbe24df388ece4b1 | API Request: GET /api/library/books | User: Unknown | School: 550e8400-e29b-41d4-a716-446655440000
2026-04-19 17:07:31.873 +05:30 [INF] Serilog.AspNetCore.RequestLoggingMiddleware | CorrelationId:d4a3b0d4390a42448413933ef8d8373d | HTTP GET /api/library/books responded 200 in 40.6700 ms
2026-04-19 17:07:31.883 +05:30 [INF] SmsApi.Middleware.LoggingActionFilter | CorrelationId:0760cd4314df46b9968fe5280093b2d6 | API Response: GET /api/library/issues | Status: 200 | Duration: 14ms
2026-04-19 17:07:31.883 +05:30 [INF] Serilog.AspNetCore.RequestLoggingMiddleware | CorrelationId:0760cd4314df46b9968fe5280093b2d6 | HTTP GET /api/library/issues responded 200 in 23.3055 ms
2026-04-19 17:07:31.884 +05:30 [INF] SmsApi.Middleware.LoggingActionFilter | CorrelationId:b5654baec3d84ac8bbe24df388ece4b1 | API Response: GET /api/library/books | Status: 200 | Duration: 5ms
2026-04-19 17:07:31.913 +05:30 [INF] Serilog.AspNetCore.RequestLoggingMiddleware | CorrelationId:ebdf8d5b0acc4cc8824d1912f1ad1d99 | HTTP OPTIONS /api/library/books responded 204 in 0.0418 ms
2026-04-19 17:07:31.885 +05:30 [INF] Serilog.AspNetCore.RequestLoggingMiddleware | CorrelationId:b5654baec3d84ac8bbe24df388ece4b1 | HTTP GET /api/library/books responded 200 in 70.1729 ms
2026-04-19 17:07:31.970 +05:30 [INF] SmsApi.Middleware.LoggingActionFilter | CorrelationId:7f081c9e6f544675bcc140ef222d87a7 | API Request: GET /api/library/books | User: Unknown | School: 550e8400-e29b-41d4-a716-446655440000
2026-04-19 17:07:31.972 +05:30 [INF] SmsApi.Middleware.LoggingActionFilter | CorrelationId:7f081c9e6f544675bcc140ef222d87a7 | API Response: GET /api/library/books | Status: 200 | Duration: 2ms
2026-04-19 17:07:31.972 +05:30 [INF] Serilog.AspNetCore.RequestLoggingMiddleware | CorrelationId:7f081c9e6f544675bcc140ef222d87a7 | HTTP GET /api/library/books responded 200 in 5.2818 ms
2026-04-19 17:07:31.974 +05:30 [INF] SmsApi.Middleware.LoggingActionFilter | CorrelationId:f868aead59b349f8a8320ed12896fa4f | API Response: GET /api/library/books | Status: 200 | Duration: 328ms
2026-04-19 17:07:31.975 +05:30 [INF] Serilog.AspNetCore.RequestLoggingMiddleware | CorrelationId:f868aead59b349f8a8320ed12896fa4f | HTTP GET /api/library/books responded 200 in 332.6465 ms
2026-04-19 17:07:33.846 +05:30 [INF] Serilog.AspNetCore.RequestLoggingMiddleware | CorrelationId:99e70675a25b494182062603c91ce822 | HTTP OPTIONS /api/permissions/roles responded 204 in 0.0570 ms
2026-04-19 17:07:33.855 +05:30 [INF] Serilog.AspNetCore.RequestLoggingMiddleware | CorrelationId:2c027ec1e2114e6c80ccd92f20bdaa37 | HTTP OPTIONS /api/permissions/roles responded 204 in 0.0429 ms
2026-04-19 17:07:33.856 +05:30 [INF] Serilog.AspNetCore.RequestLoggingMiddleware | CorrelationId:e6df21a649ab4c63adbf5f83ce5f042b | HTTP OPTIONS /api/permissions/stats responded 204 in 0.0185 ms
2026-04-19 17:07:33.859 +05:30 [INF] Serilog.AspNetCore.RequestLoggingMiddleware | CorrelationId:9881520cfcb54d1a9cc3bb2147cc6d1a | HTTP OPTIONS /api/permissions/stats responded 204 in 0.0555 ms
2026-04-19 17:07:33.920 +05:30 [INF] SmsApi.Middleware.LoggingActionFilter | CorrelationId:d2f191bef5e640da93301703ade7dbe4 | API Request: GET /api/permissions/stats | User: Unknown | School: 550e8400-e29b-41d4-a716-446655440000
2026-04-19 17:07:33.921 +05:30 [INF] SmsApi.Middleware.LoggingActionFilter | CorrelationId:57e5ae1bcd6d4bbcad9c400de12d20e3 | API Request: GET /api/permissions/roles | User: Unknown | School: 550e8400-e29b-41d4-a716-446655440000
2026-04-19 17:07:33.921 +05:30 [INF] SmsApi.Middleware.LoggingActionFilter | CorrelationId:81aa8e6c7b02418b89eee8383b376a73 | API Request: GET /api/permissions/roles | User: Unknown | School: 550e8400-e29b-41d4-a716-446655440000
2026-04-19 17:07:33.921 +05:30 [INF] SmsApi.Middleware.LoggingActionFilter | CorrelationId:526e43827dd64ec8af57eb1b0488c282 | API Request: GET /api/permissions/stats | User: Unknown | School: 550e8400-e29b-41d4-a716-446655440000
2026-04-19 17:07:33.973 +05:30 [INF] SmsApi.Middleware.LoggingActionFilter | CorrelationId:526e43827dd64ec8af57eb1b0488c282 | API Response: GET /api/permissions/stats | Status: 200 | Duration: 51ms
2026-04-19 17:07:33.974 +05:30 [INF] SmsApi.Middleware.LoggingActionFilter | CorrelationId:d2f191bef5e640da93301703ade7dbe4 | API Response: GET /api/permissions/stats | Status: 200 | Duration: 54ms
2026-04-19 17:07:33.982 +05:30 [INF] Serilog.AspNetCore.RequestLoggingMiddleware | CorrelationId:d2f191bef5e640da93301703ade7dbe4 | HTTP GET /api/permissions/stats responded 200 in 84.4650 ms
2026-04-19 17:07:33.986 +05:30 [INF] Serilog.AspNetCore.RequestLoggingMiddleware | CorrelationId:526e43827dd64ec8af57eb1b0488c282 | HTTP GET /api/permissions/stats responded 200 in 90.5981 ms
2026-04-19 17:07:34.015 +05:30 [INF] SmsApi.Middleware.LoggingActionFilter | CorrelationId:81aa8e6c7b02418b89eee8383b376a73 | API Response: GET /api/permissions/roles | Status: 200 | Duration: 94ms
2026-04-19 17:07:34.015 +05:30 [INF] SmsApi.Middleware.LoggingActionFilter | CorrelationId:57e5ae1bcd6d4bbcad9c400de12d20e3 | API Response: GET /api/permissions/roles | Status: 200 | Duration: 94ms
2026-04-19 17:07:34.019 +05:30 [INF] Serilog.AspNetCore.RequestLoggingMiddleware | CorrelationId:81aa8e6c7b02418b89eee8383b376a73 | HTTP GET /api/permissions/roles responded 200 in 126.5026 ms
2026-04-19 17:07:34.020 +05:30 [INF] Serilog.AspNetCore.RequestLoggingMiddleware | CorrelationId:57e5ae1bcd6d4bbcad9c400de12d20e3 | HTTP GET /api/permissions/roles responded 200 in 124.2892 ms
2026-04-19 17:07:35.687 +05:30 [INF] Serilog.AspNetCore.RequestLoggingMiddleware | CorrelationId:5cf1c2767f6d4786b80706a2d0129931 | HTTP OPTIONS /api/hostel/rooms responded 204 in 0.0425 ms
2026-04-19 17:07:35.726 +05:30 [INF] Serilog.AspNetCore.RequestLoggingMiddleware | CorrelationId:e81079937a5b4452871afa4e218d29c9 | HTTP OPTIONS /api/hostel/rooms responded 204 in 0.2644 ms
2026-04-19 17:07:35.733 +05:30 [INF] SmsApi.Middleware.LoggingActionFilter | CorrelationId:bb6ae536f25b46c391d634eeb6888670 | API Request: GET /api/hostel/rooms | User: Unknown | School: 550e8400-e29b-41d4-a716-446655440000
2026-04-19 17:07:35.734 +05:30 [INF] SmsApi.Middleware.LoggingActionFilter | CorrelationId:78bdc696c23c4672a2abc0835e98a929 | API Request: GET /api/hostel/rooms | User: Unknown | School: 550e8400-e29b-41d4-a716-446655440000
2026-04-19 17:07:35.769 +05:30 [INF] SmsApi.Middleware.LoggingActionFilter | CorrelationId:bb6ae536f25b46c391d634eeb6888670 | API Response: GET /api/hostel/rooms | Status: 200 | Duration: 35ms
2026-04-19 17:07:35.769 +05:30 [INF] SmsApi.Middleware.LoggingActionFilter | CorrelationId:78bdc696c23c4672a2abc0835e98a929 | API Response: GET /api/hostel/rooms | Status: 200 | Duration: 34ms
2026-04-19 17:07:35.772 +05:30 [INF] Serilog.AspNetCore.RequestLoggingMiddleware | CorrelationId:78bdc696c23c4672a2abc0835e98a929 | HTTP GET /api/hostel/rooms responded 200 in 42.4138 ms
2026-04-19 17:07:35.772 +05:30 [INF] Serilog.AspNetCore.RequestLoggingMiddleware | CorrelationId:bb6ae536f25b46c391d634eeb6888670 | HTTP GET /api/hostel/rooms responded 200 in 45.9137 ms
2026-04-19 17:07:36.791 +05:30 [INF] Serilog.AspNetCore.RequestLoggingMiddleware | CorrelationId:ecfd5e43056248feac677119c620a8c5 | HTTP OPTIONS /api/transport/routes responded 204 in 0.2048 ms
2026-04-19 17:07:36.791 +05:30 [INF] Serilog.AspNetCore.RequestLoggingMiddleware | CorrelationId:4973262d2ce34c18a846e4883e2d0257 | HTTP OPTIONS /api/transport/routes responded 204 in 0.1179 ms
2026-04-19 17:07:36.826 +05:30 [INF] SmsApi.Middleware.LoggingActionFilter | CorrelationId:bebf3dd31be5470dae9d43bed59dd09d | API Request: GET /api/transport/routes | User: Unknown | School: 550e8400-e29b-41d4-a716-446655440000
2026-04-19 17:07:36.826 +05:30 [INF] SmsApi.Middleware.LoggingActionFilter | CorrelationId:b9acc5d09ba6419da3dbbb41138cca03 | API Request: GET /api/transport/routes | User: Unknown | School: 550e8400-e29b-41d4-a716-446655440000
2026-04-19 17:07:36.881 +05:30 [INF] SmsApi.Middleware.LoggingActionFilter | CorrelationId:bebf3dd31be5470dae9d43bed59dd09d | API Response: GET /api/transport/routes | Status: 200 | Duration: 55ms
2026-04-19 17:07:36.882 +05:30 [INF] SmsApi.Middleware.LoggingActionFilter | CorrelationId:b9acc5d09ba6419da3dbbb41138cca03 | API Response: GET /api/transport/routes | Status: 200 | Duration: 55ms
2026-04-19 17:07:36.894 +05:30 [INF] Serilog.AspNetCore.RequestLoggingMiddleware | CorrelationId:bebf3dd31be5470dae9d43bed59dd09d | HTTP GET /api/transport/routes responded 200 in 76.2417 ms
2026-04-19 17:07:36.897 +05:30 [INF] Serilog.AspNetCore.RequestLoggingMiddleware | CorrelationId:b9acc5d09ba6419da3dbbb41138cca03 | HTTP GET /api/transport/routes responded 200 in 88.1019 ms
2026-04-19 17:10:39.018 +05:30 [INF] Serilog.AspNetCore.RequestLoggingMiddleware | CorrelationId:8b1e8467eec5433eb93e69613c0de81e | HTTP OPTIONS /api/academics/academic-years responded 204 in 0.1667 ms
2026-04-19 17:10:39.016 +05:30 [INF] Serilog.AspNetCore.RequestLoggingMiddleware | CorrelationId:8b0281a9a310406995596ed2f67970d9 | HTTP OPTIONS /api/academics/academic-years responded 204 in 3.7188 ms
2026-04-19 17:10:39.042 +05:30 [INF] SmsApi.Middleware.LoggingActionFilter | CorrelationId:be4ce67ae2e64e6b82ecfd5143cc800c | API Request: GET /api/academics/academic-years | User: Unknown | School: 550e8400-e29b-41d4-a716-446655440000
2026-04-19 17:10:39.043 +05:30 [INF] SmsApi.Middleware.LoggingActionFilter | CorrelationId:1cd94b8395b7441781e2e2e50abc82f4 | API Request: GET /api/academics/academic-years | User: Unknown | School: 550e8400-e29b-41d4-a716-446655440000
2026-04-19 17:10:39.081 +05:30 [INF] SmsApi.Middleware.LoggingActionFilter | CorrelationId:1cd94b8395b7441781e2e2e50abc82f4 | API Response: GET /api/academics/academic-years | Status: 200 | Duration: 38ms
2026-04-19 17:10:39.088 +05:30 [INF] Serilog.AspNetCore.RequestLoggingMiddleware | CorrelationId:1cd94b8395b7441781e2e2e50abc82f4 | HTTP GET /api/academics/academic-years responded 200 in 51.4639 ms
2026-04-19 17:10:39.090 +05:30 [INF] SmsApi.Middleware.LoggingActionFilter | CorrelationId:be4ce67ae2e64e6b82ecfd5143cc800c | API Response: GET /api/academics/academic-years | Status: 200 | Duration: 45ms
2026-04-19 17:10:39.091 +05:30 [INF] Serilog.AspNetCore.RequestLoggingMiddleware | CorrelationId:be4ce67ae2e64e6b82ecfd5143cc800c | HTTP GET /api/academics/academic-years responded 200 in 54.3993 ms
2026-04-19 17:10:42.183 +05:30 [INF] Serilog.AspNetCore.RequestLoggingMiddleware | CorrelationId:ea6ac6e67fbe4c38ae979ba25d61b828 | HTTP OPTIONS /api/students responded 204 in 0.1011 ms
2026-04-19 17:10:42.184 +05:30 [INF] Serilog.AspNetCore.RequestLoggingMiddleware | CorrelationId:337526b55b7148d2abd9dcf3847ea8ec | HTTP OPTIONS /api/Attendance/records responded 204 in 0.0141 ms
2026-04-19 17:10:42.184 +05:30 [INF] Serilog.AspNetCore.RequestLoggingMiddleware | CorrelationId:429dd475bea34b7398e3db80c73e06af | HTTP OPTIONS /api/fees/stats responded 204 in 0.0129 ms
2026-04-19 17:10:42.185 +05:30 [INF] Serilog.AspNetCore.RequestLoggingMiddleware | CorrelationId:69e540acbe5f42649c224f04c28a1159 | HTTP OPTIONS /api/students responded 204 in 0.0086 ms
2026-04-19 17:10:42.185 +05:30 [INF] Serilog.AspNetCore.RequestLoggingMiddleware | CorrelationId:4832955959844019acdd45a9d4a13398 | HTTP OPTIONS /api/staff responded 204 in 0.0172 ms
2026-04-19 17:10:42.183 +05:30 [INF] Serilog.AspNetCore.RequestLoggingMiddleware | CorrelationId:440285a086f84c3cabf8b239e3514e91 | HTTP OPTIONS /api/staff responded 204 in 0.1011 ms
2026-04-19 17:10:42.187 +05:30 [INF] Serilog.AspNetCore.RequestLoggingMiddleware | CorrelationId:76291c4c86194a1e9fa5e328a3edbd67 | HTTP OPTIONS /api/Attendance/records responded 204 in 0.0354 ms
2026-04-19 17:10:42.188 +05:30 [INF] Serilog.AspNetCore.RequestLoggingMiddleware | CorrelationId:ed5dfe32849749d7a595b9c9406f18d9 | HTTP OPTIONS /api/fees/stats responded 204 in 0.0258 ms
2026-04-19 17:10:42.201 +05:30 [INF] SmsApi.Middleware.LoggingActionFilter | CorrelationId:20388b70f0df4845972df09526a2f5dc | API Request: GET /api/fees/stats | User: Unknown | School: 550e8400-e29b-41d4-a716-446655440000
2026-04-19 17:10:42.208 +05:30 [INF] SmsApi.Middleware.LoggingActionFilter | CorrelationId:7fa90ef304eb4d41a93a4c76716b2aeb | API Request: GET /api/Attendance/records | User: Unknown | School: 550e8400-e29b-41d4-a716-446655440000
2026-04-19 17:10:42.225 +05:30 [INF] SmsApi.Middleware.LoggingActionFilter | CorrelationId:00cec99930674f7287de51270c31647e | API Request: GET /api/students | User: Unknown | School: 550e8400-e29b-41d4-a716-446655440000
2026-04-19 17:10:42.228 +05:30 [INF] SmsApi.Middleware.LoggingActionFilter | CorrelationId:b3c2d2c36ac74d65b3fea9cdf0c36ab7 | API Request: GET /api/Attendance/records | User: Unknown | School: 550e8400-e29b-41d4-a716-446655440000
2026-04-19 17:10:42.229 +05:30 [INF] SmsApi.Middleware.LoggingActionFilter | CorrelationId:710ea489c2474900b41feea87f64a55d | API Request: GET /api/students | User: Unknown | School: 550e8400-e29b-41d4-a716-446655440000
2026-04-19 17:10:42.243 +05:30 [INF] SmsApi.Middleware.LoggingActionFilter | CorrelationId:8a1a21e8cf9a456fa71fb472233fd03c | API Request: GET /api/staff | User: Unknown | School: 550e8400-e29b-41d4-a716-446655440000
2026-04-19 17:10:42.247 +05:30 [INF] SmsApi.Middleware.LoggingActionFilter | CorrelationId:710ea489c2474900b41feea87f64a55d | API Response: GET /api/students | Status: 200 | Duration: 18ms
2026-04-19 17:10:42.262 +05:30 [INF] SmsApi.Middleware.LoggingActionFilter | CorrelationId:8a1a21e8cf9a456fa71fb472233fd03c | API Response: GET /api/staff | Status: 200 | Duration: 19ms
2026-04-19 17:10:42.263 +05:30 [INF] Serilog.AspNetCore.RequestLoggingMiddleware | CorrelationId:8a1a21e8cf9a456fa71fb472233fd03c | HTTP GET /api/staff responded 200 in 54.9060 ms
2026-04-19 17:10:42.263 +05:30 [INF] SmsApi.Middleware.LoggingActionFilter | CorrelationId:b3c2d2c36ac74d65b3fea9cdf0c36ab7 | API Response: GET /api/Attendance/records | Status: 200 | Duration: 35ms
2026-04-19 17:10:42.263 +05:30 [INF] Serilog.AspNetCore.RequestLoggingMiddleware | CorrelationId:710ea489c2474900b41feea87f64a55d | HTTP GET /api/students responded 200 in 66.5040 ms
2026-04-19 17:10:42.264 +05:30 [INF] Serilog.AspNetCore.RequestLoggingMiddleware | CorrelationId:b3c2d2c36ac74d65b3fea9cdf0c36ab7 | HTTP GET /api/Attendance/records responded 200 in 61.7934 ms
2026-04-19 17:10:42.251 +05:30 [INF] SmsApi.Middleware.LoggingActionFilter | CorrelationId:00cec99930674f7287de51270c31647e | API Response: GET /api/students | Status: 200 | Duration: 26ms
2026-04-19 17:10:42.265 +05:30 [INF] Serilog.AspNetCore.RequestLoggingMiddleware | CorrelationId:00cec99930674f7287de51270c31647e | HTTP GET /api/students responded 200 in 66.4365 ms
2026-04-19 17:10:42.265 +05:30 [INF] SmsApi.Middleware.LoggingActionFilter | CorrelationId:7fa90ef304eb4d41a93a4c76716b2aeb | API Response: GET /api/Attendance/records | Status: 200 | Duration: 57ms
2026-04-19 17:10:42.266 +05:30 [INF] Serilog.AspNetCore.RequestLoggingMiddleware | CorrelationId:7fa90ef304eb4d41a93a4c76716b2aeb | HTTP GET /api/Attendance/records responded 200 in 68.6685 ms
2026-04-19 17:10:42.266 +05:30 [INF] SmsApi.Middleware.LoggingActionFilter | CorrelationId:20388b70f0df4845972df09526a2f5dc | API Response: GET /api/fees/stats | Status: 200 | Duration: 65ms
2026-04-19 17:10:42.267 +05:30 [INF] Serilog.AspNetCore.RequestLoggingMiddleware | CorrelationId:20388b70f0df4845972df09526a2f5dc | HTTP GET /api/fees/stats responded 200 in 70.1090 ms
2026-04-19 17:10:42.281 +05:30 [INF] SmsApi.Middleware.LoggingActionFilter | CorrelationId:aae056fc16614912a05b2b8c40d12961 | API Request: GET /api/fees/stats | User: Unknown | School: 550e8400-e29b-41d4-a716-446655440000
2026-04-19 17:10:42.282 +05:30 [INF] SmsApi.Middleware.LoggingActionFilter | CorrelationId:14d26acb071e4208a1c95fb1d907b24e | API Request: GET /api/staff | User: Unknown | School: 550e8400-e29b-41d4-a716-446655440000
2026-04-19 17:10:42.291 +05:30 [INF] SmsApi.Middleware.LoggingActionFilter | CorrelationId:14d26acb071e4208a1c95fb1d907b24e | API Response: GET /api/staff | Status: 200 | Duration: 8ms
2026-04-19 17:10:42.291 +05:30 [INF] Serilog.AspNetCore.RequestLoggingMiddleware | CorrelationId:14d26acb071e4208a1c95fb1d907b24e | HTTP GET /api/staff responded 200 in 12.1921 ms
2026-04-19 17:10:42.329 +05:30 [INF] SmsApi.Middleware.LoggingActionFilter | CorrelationId:aae056fc16614912a05b2b8c40d12961 | API Response: GET /api/fees/stats | Status: 200 | Duration: 47ms
2026-04-19 17:10:42.329 +05:30 [INF] Serilog.AspNetCore.RequestLoggingMiddleware | CorrelationId:aae056fc16614912a05b2b8c40d12961 | HTTP GET /api/fees/stats responded 200 in 50.9958 ms
2026-04-19 17:10:43.215 +05:30 [INF] Serilog.AspNetCore.RequestLoggingMiddleware | CorrelationId:6dc4de0d15464ba7aa0222f6a4798386 | HTTP OPTIONS /api/staff responded 204 in 0.1156 ms
2026-04-19 17:10:43.221 +05:30 [INF] Serilog.AspNetCore.RequestLoggingMiddleware | CorrelationId:1295b4a345c5449bb85dc82d9e5acc4d | HTTP OPTIONS /api/staff responded 204 in 0.1768 ms
2026-04-19 17:10:43.267 +05:30 [INF] SmsApi.Middleware.LoggingActionFilter | CorrelationId:9ac89e9a8fdf4abdb578d92daeb26061 | API Request: GET /api/staff | User: Unknown | School: 550e8400-e29b-41d4-a716-446655440000
2026-04-19 17:10:43.270 +05:30 [INF] SmsApi.Middleware.LoggingActionFilter | CorrelationId:764283aa008844c59d08315c6a463b22 | API Request: GET /api/staff | User: Unknown | School: 550e8400-e29b-41d4-a716-446655440000
2026-04-19 17:10:43.280 +05:30 [INF] SmsApi.Middleware.LoggingActionFilter | CorrelationId:9ac89e9a8fdf4abdb578d92daeb26061 | API Response: GET /api/staff | Status: 200 | Duration: 13ms
2026-04-19 17:10:43.280 +05:30 [INF] SmsApi.Middleware.LoggingActionFilter | CorrelationId:764283aa008844c59d08315c6a463b22 | API Response: GET /api/staff | Status: 200 | Duration: 10ms
2026-04-19 17:10:43.281 +05:30 [INF] Serilog.AspNetCore.RequestLoggingMiddleware | CorrelationId:764283aa008844c59d08315c6a463b22 | HTTP GET /api/staff responded 200 in 19.0168 ms
2026-04-19 17:10:43.281 +05:30 [INF] Serilog.AspNetCore.RequestLoggingMiddleware | CorrelationId:9ac89e9a8fdf4abdb578d92daeb26061 | HTTP GET /api/staff responded 200 in 20.9451 ms
2026-04-19 17:10:47.199 +05:30 [INF] Serilog.AspNetCore.RequestLoggingMiddleware | CorrelationId:335a05eb1f054a2ca03de2429cebe911 | HTTP OPTIONS /api/LeaveManagement/requests responded 204 in 0.0855 ms
2026-04-19 17:10:47.197 +05:30 [INF] Serilog.AspNetCore.RequestLoggingMiddleware | CorrelationId:bd1cd4093ac84f31a82a5b945d428f32 | HTTP OPTIONS /api/LeaveManagement/requests responded 204 in 0.2053 ms
2026-04-19 17:10:47.362 +05:30 [INF] SmsApi.Middleware.LoggingActionFilter | CorrelationId:d98a8f377f5f446ca3c458742f0d299a | API Request: GET /api/LeaveManagement/requests | User: Unknown | School: 550e8400-e29b-41d4-a716-446655440000
2026-04-19 17:10:47.362 +05:30 [INF] SmsApi.Middleware.LoggingActionFilter | CorrelationId:8382dd43643246deb21fba6d37f4d5e0 | API Request: GET /api/LeaveManagement/requests | User: Unknown | School: 550e8400-e29b-41d4-a716-446655440000
2026-04-19 17:10:47.590 +05:30 [INF] SmsApi.Middleware.LoggingActionFilter | CorrelationId:d98a8f377f5f446ca3c458742f0d299a | API Response: GET /api/LeaveManagement/requests | Status: 200 | Duration: 228ms
2026-04-19 17:10:47.590 +05:30 [INF] SmsApi.Middleware.LoggingActionFilter | CorrelationId:8382dd43643246deb21fba6d37f4d5e0 | API Response: GET /api/LeaveManagement/requests | Status: 200 | Duration: 228ms
2026-04-19 17:10:47.618 +05:30 [INF] Serilog.AspNetCore.RequestLoggingMiddleware | CorrelationId:8382dd43643246deb21fba6d37f4d5e0 | HTTP GET /api/LeaveManagement/requests responded 200 in 272.5185 ms
2026-04-19 17:10:47.623 +05:30 [INF] Serilog.AspNetCore.RequestLoggingMiddleware | CorrelationId:d98a8f377f5f446ca3c458742f0d299a | HTTP GET /api/LeaveManagement/requests responded 200 in 284.6955 ms
2026-04-19 17:32:43.605 +05:30 [INF] Serilog.AspNetCore.RequestLoggingMiddleware | CorrelationId:42e6e73a6a0f4a71b54b607c4bb9b8a4 | HTTP GET /api/health responded 404 in 84.0163 ms
2026-04-19 17:32:49.183 +05:30 [INF] Serilog.AspNetCore.RequestLoggingMiddleware | CorrelationId:5cef6633477f4416a24390678b421613 | HTTP GET /health responded 200 in 296.8506 ms
2026-04-19 17:32:56.765 +05:30 [INF] SmsApi.Middleware.LoggingActionFilter | CorrelationId:0cd6f5ed610b4f01b443d531096eb34f | API Request: POST /api/auth/login | User: Unknown | School: Unknown
2026-04-19 17:32:57.651 +05:30 [INF] SmsApi.Controllers.AuthController | CorrelationId:0cd6f5ed610b4f01b443d531096eb34f | Login successful for admin (SchoolId: "550e8400-e29b-41d4-a716-446655440000")
2026-04-19 17:32:57.652 +05:30 [INF] SmsApi.Middleware.LoggingActionFilter | CorrelationId:0cd6f5ed610b4f01b443d531096eb34f | API Response: POST /api/auth/login | Status: 200 | Duration: 887ms
2026-04-19 17:32:57.668 +05:30 [INF] Serilog.AspNetCore.RequestLoggingMiddleware | CorrelationId:0cd6f5ed610b4f01b443d531096eb34f | HTTP POST /api/auth/login responded 200 in 933.0416 ms
2026-04-19 17:32:57.669 +05:30 [WRN] SmsApi.Infrastructure.Performance.PerformanceMonitoringMiddleware | CorrelationId: | Slow request: POST /api/auth/login took 918ms — status 200.
2026-04-19 17:33:04.887 +05:30 [INF] SmsApi.Middleware.LoggingActionFilter | CorrelationId:eb51f5a36d5b4abcad0dc38bb485e0a4 | API Request: POST /api/auth/login | User: Unknown | School: Unknown
2026-04-19 17:33:05.644 +05:30 [INF] SmsApi.Controllers.AuthController | CorrelationId:eb51f5a36d5b4abcad0dc38bb485e0a4 | Login successful for admin (SchoolId: "550e8400-e29b-41d4-a716-446655440000")
2026-04-19 17:33:05.645 +05:30 [INF] SmsApi.Middleware.LoggingActionFilter | CorrelationId:eb51f5a36d5b4abcad0dc38bb485e0a4 | API Response: POST /api/auth/login | Status: 200 | Duration: 758ms
2026-04-19 17:33:05.652 +05:30 [INF] Serilog.AspNetCore.RequestLoggingMiddleware | CorrelationId:eb51f5a36d5b4abcad0dc38bb485e0a4 | HTTP POST /api/auth/login responded 200 in 767.5923 ms
2026-04-19 17:33:05.652 +05:30 [WRN] SmsApi.Infrastructure.Performance.PerformanceMonitoringMiddleware | CorrelationId: | Slow request: POST /api/auth/login took 761ms — status 200.
2026-04-19 17:33:06.166 +05:30 [INF] SmsApi.Middleware.LoggingActionFilter | CorrelationId:b7224390a043454dad2704785677250c | API Request: GET /api/Staff | User: Unknown | School: 550e8400-e29b-41d4-a716-446655440000
2026-04-19 17:33:06.199 +05:30 [INF] SmsApi.Middleware.LoggingActionFilter | CorrelationId:b7224390a043454dad2704785677250c | API Response: GET /api/Staff | Status: 200 | Duration: 33ms
2026-04-19 17:33:06.205 +05:30 [INF] Serilog.AspNetCore.RequestLoggingMiddleware | CorrelationId:b7224390a043454dad2704785677250c | HTTP GET /api/Staff responded 200 in 64.4234 ms
2026-04-19 17:33:10.287 +05:30 [INF] SmsApi.Middleware.LoggingActionFilter | CorrelationId:79060778b7d54f7fb34ba6619f6794fd | API Request: POST /api/auth/login | User: Unknown | School: Unknown
2026-04-19 17:33:11.203 +05:30 [INF] SmsApi.Controllers.AuthController | CorrelationId:79060778b7d54f7fb34ba6619f6794fd | Login successful for admin (SchoolId: "550e8400-e29b-41d4-a716-446655440000")
2026-04-19 17:33:11.203 +05:30 [INF] SmsApi.Middleware.LoggingActionFilter | CorrelationId:79060778b7d54f7fb34ba6619f6794fd | API Response: POST /api/auth/login | Status: 200 | Duration: 916ms
2026-04-19 17:33:11.207 +05:30 [INF] Serilog.AspNetCore.RequestLoggingMiddleware | CorrelationId:79060778b7d54f7fb34ba6619f6794fd | HTTP POST /api/auth/login responded 200 in 951.2442 ms
2026-04-19 17:33:11.207 +05:30 [WRN] SmsApi.Infrastructure.Performance.PerformanceMonitoringMiddleware | CorrelationId: | Slow request: POST /api/auth/login took 947ms — status 200.
2026-04-19 17:33:17.775 +05:30 [INF] SmsApi.Middleware.LoggingActionFilter | CorrelationId:b03fff135a5b4bf7936c7d85b3ed306e | API Request: POST /api/auth/login | User: Unknown | School: Unknown
2026-04-19 17:33:18.640 +05:30 [INF] SmsApi.Controllers.AuthController | CorrelationId:b03fff135a5b4bf7936c7d85b3ed306e | Login successful for admin (SchoolId: "550e8400-e29b-41d4-a716-446655440000")
2026-04-19 17:33:18.640 +05:30 [INF] SmsApi.Middleware.LoggingActionFilter | CorrelationId:b03fff135a5b4bf7936c7d85b3ed306e | API Response: POST /api/auth/login | Status: 200 | Duration: 864ms
2026-04-19 17:33:18.646 +05:30 [INF] Serilog.AspNetCore.RequestLoggingMiddleware | CorrelationId:b03fff135a5b4bf7936c7d85b3ed306e | HTTP POST /api/auth/login responded 200 in 1123.1104 ms
2026-04-19 17:33:18.646 +05:30 [WRN] SmsApi.Infrastructure.Performance.PerformanceMonitoringMiddleware | CorrelationId: | Slow request: POST /api/auth/login took 1117ms — status 200.
2026-04-19 17:33:18.771 +05:30 [INF] SmsApi.Middleware.LoggingActionFilter | CorrelationId:191128df671c41e4b60b271517aa03de | API Request: GET /api/Staff | User: Unknown | School: 550e8400-e29b-41d4-a716-446655440000
2026-04-19 17:33:18.775 +05:30 [INF] SmsApi.Middleware.LoggingActionFilter | CorrelationId:191128df671c41e4b60b271517aa03de | API Response: GET /api/Staff | Status: 200 | Duration: 3ms
2026-04-19 17:33:18.775 +05:30 [INF] Serilog.AspNetCore.RequestLoggingMiddleware | CorrelationId:191128df671c41e4b60b271517aa03de | HTTP GET /api/Staff responded 200 in 19.2029 ms
2026-04-19 17:33:27.965 +05:30 [INF] SmsApi.Middleware.LoggingActionFilter | CorrelationId:5593867bb7d940f6be66ddc097e9ff9e | API Request: POST /api/auth/login | User: Unknown | School: Unknown
2026-04-19 17:33:28.784 +05:30 [INF] SmsApi.Controllers.AuthController | CorrelationId:5593867bb7d940f6be66ddc097e9ff9e | Login successful for admin (SchoolId: "550e8400-e29b-41d4-a716-446655440000")
2026-04-19 17:33:28.784 +05:30 [INF] SmsApi.Middleware.LoggingActionFilter | CorrelationId:5593867bb7d940f6be66ddc097e9ff9e | API Response: POST /api/auth/login | Status: 200 | Duration: 818ms
2026-04-19 17:33:28.796 +05:30 [INF] Serilog.AspNetCore.RequestLoggingMiddleware | CorrelationId:5593867bb7d940f6be66ddc097e9ff9e | HTTP POST /api/auth/login responded 200 in 835.4638 ms
2026-04-19 17:33:28.796 +05:30 [WRN] SmsApi.Infrastructure.Performance.PerformanceMonitoringMiddleware | CorrelationId: | Slow request: POST /api/auth/login took 824ms — status 200.
2026-04-19 17:33:28.833 +05:30 [INF] SmsApi.Middleware.LoggingActionFilter | CorrelationId:efc2943e3ca44de49bd1da5a9688860a | API Request: GET /api/Staff | User: Unknown | School: 550e8400-e29b-41d4-a716-446655440000
2026-04-19 17:33:28.836 +05:30 [INF] SmsApi.Middleware.LoggingActionFilter | CorrelationId:efc2943e3ca44de49bd1da5a9688860a | API Response: GET /api/Staff | Status: 200 | Duration: 2ms
2026-04-19 17:33:28.836 +05:30 [INF] Serilog.AspNetCore.RequestLoggingMiddleware | CorrelationId:efc2943e3ca44de49bd1da5a9688860a | HTTP GET /api/Staff responded 200 in 7.2724 ms
2026-04-19 17:34:08.775 +05:30 [INF] SmsApi.Middleware.LoggingActionFilter | CorrelationId:bcd6db2a5e3d468b80d3ba83fa87d881 | API Request: POST /api/auth/login | User: Unknown | School: Unknown
2026-04-19 17:34:09.655 +05:30 [INF] SmsApi.Controllers.AuthController | CorrelationId:bcd6db2a5e3d468b80d3ba83fa87d881 | Login successful for admin (SchoolId: "550e8400-e29b-41d4-a716-446655440000")
2026-04-19 17:34:09.655 +05:30 [INF] SmsApi.Middleware.LoggingActionFilter | CorrelationId:bcd6db2a5e3d468b80d3ba83fa87d881 | API Response: POST /api/auth/login | Status: 200 | Duration: 881ms
2026-04-19 17:34:09.659 +05:30 [INF] Serilog.AspNetCore.RequestLoggingMiddleware | CorrelationId:bcd6db2a5e3d468b80d3ba83fa87d881 | HTTP POST /api/auth/login responded 200 in 898.8812 ms
2026-04-19 17:34:09.659 +05:30 [WRN] SmsApi.Infrastructure.Performance.PerformanceMonitoringMiddleware | CorrelationId: | Slow request: POST /api/auth/login took 897ms — status 200.
2026-04-19 17:34:09.973 +05:30 [INF] SmsApi.Middleware.LoggingActionFilter | CorrelationId:6c4c063ccb5b426aae91459a0bb82898 | API Request: GET /api/Staff/stats | User: Unknown | School: 550e8400-e29b-41d4-a716-446655440000
2026-04-19 17:34:10.330 +05:30 [INF] SmsApi.Middleware.LoggingActionFilter | CorrelationId:6c4c063ccb5b426aae91459a0bb82898 | API Response: GET /api/Staff/stats | Status: 200 | Duration: 357ms
2026-04-19 17:34:10.341 +05:30 [INF] Serilog.AspNetCore.RequestLoggingMiddleware | CorrelationId:6c4c063ccb5b426aae91459a0bb82898 | HTTP GET /api/Staff/stats responded 200 in 402.6727 ms
2026-04-19 17:34:10.928 +05:30 [INF] SmsApi.Middleware.LoggingActionFilter | CorrelationId:39a4200a621a422a87ee678485b131fc | API Request: GET /api/Staff/departments | User: Unknown | School: 550e8400-e29b-41d4-a716-446655440000
2026-04-19 17:34:10.954 +05:30 [INF] SmsApi.Middleware.LoggingActionFilter | CorrelationId:39a4200a621a422a87ee678485b131fc | API Response: GET /api/Staff/departments | Status: 200 | Duration: 25ms
2026-04-19 17:34:10.965 +05:30 [INF] Serilog.AspNetCore.RequestLoggingMiddleware | CorrelationId:39a4200a621a422a87ee678485b131fc | HTTP GET /api/Staff/departments responded 200 in 56.6218 ms
2026-04-19 17:34:11.436 +05:30 [INF] SmsApi.Middleware.LoggingActionFilter | CorrelationId:a3596e7e198042bca3daa907ea388754 | API Request: GET /api/Staff | User: Unknown | School: 550e8400-e29b-41d4-a716-446655440000
2026-04-19 17:34:11.441 +05:30 [INF] SmsApi.Middleware.LoggingActionFilter | CorrelationId:a3596e7e198042bca3daa907ea388754 | API Response: GET /api/Staff | Status: 200 | Duration: 4ms
2026-04-19 17:34:11.444 +05:30 [INF] Serilog.AspNetCore.RequestLoggingMiddleware | CorrelationId:a3596e7e198042bca3daa907ea388754 | HTTP GET /api/Staff responded 200 in 13.3662 ms
2026-04-19 17:34:11.557 +05:30 [INF] SmsApi.Middleware.LoggingActionFilter | CorrelationId:f9b9b838612a4596afc7d6c8176427b6 | API Request: GET /api/Staff/a2a6a05c-5b3c-4809-94ac-51dad9bc451a | User: Unknown | School: 550e8400-e29b-41d4-a716-446655440000
2026-04-19 17:34:11.672 +05:30 [INF] SmsApi.Middleware.LoggingActionFilter | CorrelationId:f9b9b838612a4596afc7d6c8176427b6 | API Response: GET /api/Staff/a2a6a05c-5b3c-4809-94ac-51dad9bc451a | Status: 200 | Duration: 115ms
2026-04-19 17:34:11.683 +05:30 [INF] Serilog.AspNetCore.RequestLoggingMiddleware | CorrelationId:f9b9b838612a4596afc7d6c8176427b6 | HTTP GET /api/Staff/a2a6a05c-5b3c-4809-94ac-51dad9bc451a responded 200 in 149.2206 ms
2026-04-19 17:42:13.644 +05:30 [INF] Serilog.AspNetCore.RequestLoggingMiddleware | CorrelationId:214fad508ad6403d8566129042168d97 | HTTP GET /health responded 200 in 621.7053 ms
2026-04-19 17:42:14.583 +05:30 [INF] SmsApi.Middleware.LoggingActionFilter | CorrelationId:0283adb4fefd497cb6c3a3854b73380d | API Request: POST /api/auth/login | User: Unknown | School: Unknown
2026-04-19 17:42:15.326 +05:30 [INF] SmsApi.Controllers.AuthController | CorrelationId:0283adb4fefd497cb6c3a3854b73380d | Login successful for admin (SchoolId: "550e8400-e29b-41d4-a716-446655440000")
2026-04-19 17:42:15.328 +05:30 [INF] SmsApi.Middleware.LoggingActionFilter | CorrelationId:0283adb4fefd497cb6c3a3854b73380d | API Response: POST /api/auth/login | Status: 200 | Duration: 746ms
2026-04-19 17:42:15.347 +05:30 [INF] Serilog.AspNetCore.RequestLoggingMiddleware | CorrelationId:0283adb4fefd497cb6c3a3854b73380d | HTTP POST /api/auth/login responded 200 in 796.8319 ms
2026-04-19 17:42:15.347 +05:30 [WRN] SmsApi.Infrastructure.Performance.PerformanceMonitoringMiddleware | CorrelationId: | Slow request: POST /api/auth/login took 780ms — status 200.
2026-04-19 17:42:15.737 +05:30 [INF] SmsApi.Middleware.LoggingActionFilter | CorrelationId:b94b0563503d4d75b40329e9d44e2517 | API Request: POST /api/Staff | User: Unknown | School: 550e8400-e29b-41d4-a716-446655440000
2026-04-19 17:42:15.994 +05:30 [ERR] Microsoft.EntityFrameworkCore.Update | CorrelationId:b94b0563503d4d75b40329e9d44e2517 | An exception occurred in the database while saving changes for context type 'SmsApi.Data.AppDbContext'.
System.InvalidOperationException: The configured execution strategy 'NpgsqlRetryingExecutionStrategy' does not support user-initiated transactions. Use the execution strategy returned by 'DbContext.Database.CreateExecutionStrategy()' to execute all the operations in the transaction as a retriable unit.
   at Microsoft.EntityFrameworkCore.Storage.ExecutionStrategy.OnFirstExecution()
   at Microsoft.EntityFrameworkCore.Storage.ExecutionStrategy.ExecuteAsync[TState,TResult](TState state, Func`4 operation, Func`4 verifySucceeded, CancellationToken cancellationToken)
   at Microsoft.EntityFrameworkCore.DbContext.SaveChangesAsync(Boolean acceptAllChangesOnSuccess, CancellationToken cancellationToken)
System.InvalidOperationException: The configured execution strategy 'NpgsqlRetryingExecutionStrategy' does not support user-initiated transactions. Use the execution strategy returned by 'DbContext.Database.CreateExecutionStrategy()' to execute all the operations in the transaction as a retriable unit.
   at Microsoft.EntityFrameworkCore.Storage.ExecutionStrategy.OnFirstExecution()
   at Microsoft.EntityFrameworkCore.Storage.ExecutionStrategy.ExecuteAsync[TState,TResult](TState state, Func`4 operation, Func`4 verifySucceeded, CancellationToken cancellationToken)
   at Microsoft.EntityFrameworkCore.DbContext.SaveChangesAsync(Boolean acceptAllChangesOnSuccess, CancellationToken cancellationToken)
2026-04-19 17:42:16.017 +05:30 [INF] SmsApi.Middleware.LoggingActionFilter | CorrelationId:b94b0563503d4d75b40329e9d44e2517 | API Response: POST /api/Staff | Status: 200 | Duration: 279ms
2026-04-19 17:42:16.104 +05:30 [INF] Serilog.AspNetCore.RequestLoggingMiddleware | CorrelationId:b94b0563503d4d75b40329e9d44e2517 | HTTP POST /api/Staff responded 400 in 480.4381 ms
2026-04-19 17:42:16.309 +05:30 [INF] SmsApi.Middleware.LoggingActionFilter | CorrelationId:ada916a62de74388a671cc65a386cb8b | API Request: GET /api/Staff/ | User: Unknown | School: 550e8400-e29b-41d4-a716-446655440000
2026-04-19 17:42:16.324 +05:30 [INF] SmsApi.Middleware.LoggingActionFilter | CorrelationId:ada916a62de74388a671cc65a386cb8b | API Response: GET /api/Staff/ | Status: 200 | Duration: 14ms
2026-04-19 17:42:16.326 +05:30 [INF] Serilog.AspNetCore.RequestLoggingMiddleware | CorrelationId:ada916a62de74388a671cc65a386cb8b | HTTP GET /api/Staff/ responded 200 in 22.5003 ms
2026-04-19 17:42:16.495 +05:30 [INF] Serilog.AspNetCore.RequestLoggingMiddleware | CorrelationId:68a45f6038724056a05551c437def7ef | HTTP PUT /api/Staff/ responded 405 in 13.0624 ms
2026-04-19 17:42:16.615 +05:30 [INF] SmsApi.Middleware.LoggingActionFilter | CorrelationId:aa635bd8397c46ce903454c664f83ace | API Request: GET /api/Staff | User: Unknown | School: 550e8400-e29b-41d4-a716-446655440000
2026-04-19 17:42:16.653 +05:30 [INF] SmsApi.Middleware.LoggingActionFilter | CorrelationId:aa635bd8397c46ce903454c664f83ace | API Response: GET /api/Staff | Status: 200 | Duration: 38ms
2026-04-19 17:42:16.654 +05:30 [INF] Serilog.AspNetCore.RequestLoggingMiddleware | CorrelationId:aa635bd8397c46ce903454c664f83ace | HTTP GET /api/Staff responded 200 in 40.9990 ms
2026-04-19 17:42:16.863 +05:30 [INF] Serilog.AspNetCore.RequestLoggingMiddleware | CorrelationId:61994969a03243f8ac699d51ef4f9ce9 | HTTP POST /api/Staff/bulk-import responded 405 in 4.3895 ms
2026-04-19 17:42:17.012 +05:30 [INF] Serilog.AspNetCore.RequestLoggingMiddleware | CorrelationId:bce05c2f487e45eea0a839911f4c51d4 | HTTP GET /api/Staff/bulk-import/template responded 404 in 5.3558 ms
2026-04-19 17:42:17.133 +05:30 [INF] Serilog.AspNetCore.RequestLoggingMiddleware | CorrelationId:37c7a6f899e84786a864084dec7525cf | HTTP GET /api/Staff/export responded 400 in 41.3797 ms
2026-04-19 17:42:17.250 +05:30 [INF] Serilog.AspNetCore.RequestLoggingMiddleware | CorrelationId:3c6da0f1561d4aeaab99686aa847189a | HTTP DELETE /api/Staff/ responded 405 in 4.8542 ms
2026-04-19 17:42:17.349 +05:30 [INF] SmsApi.Middleware.LoggingActionFilter | CorrelationId:7b8f1d03e2ae4760b11a358b69199cfa | API Request: GET /api/Staff/ | User: Unknown | School: 550e8400-e29b-41d4-a716-446655440000
2026-04-19 17:42:17.351 +05:30 [INF] SmsApi.Middleware.LoggingActionFilter | CorrelationId:7b8f1d03e2ae4760b11a358b69199cfa | API Response: GET /api/Staff/ | Status: 200 | Duration: 2ms
2026-04-19 17:42:17.352 +05:30 [INF] Serilog.AspNetCore.RequestLoggingMiddleware | CorrelationId:7b8f1d03e2ae4760b11a358b69199cfa | HTTP GET /api/Staff/ responded 200 in 6.6986 ms
2026-04-19 17:42:18.446 +05:30 [INF] Serilog.AspNetCore.RequestLoggingMiddleware | CorrelationId:2fd277cfce0c456197a091a71cb2b295 | HTTP GET /health responded 200 in 3.7742 ms
2026-04-19 17:42:27.537 +05:30 [INF] SmsApi.Middleware.LoggingActionFilter | CorrelationId:aa38e64a270946229288db33f3dbd45e | API Request: POST /api/auth/login | User: Unknown | School: Unknown
2026-04-19 17:42:28.040 +05:30 [INF] SmsApi.Controllers.AuthController | CorrelationId:aa38e64a270946229288db33f3dbd45e | Login successful for admin (SchoolId: "550e8400-e29b-41d4-a716-446655440000")
2026-04-19 17:42:28.040 +05:30 [INF] SmsApi.Middleware.LoggingActionFilter | CorrelationId:aa38e64a270946229288db33f3dbd45e | API Response: POST /api/auth/login | Status: 200 | Duration: 502ms
2026-04-19 17:42:28.043 +05:30 [INF] Serilog.AspNetCore.RequestLoggingMiddleware | CorrelationId:aa38e64a270946229288db33f3dbd45e | HTTP POST /api/auth/login responded 200 in 509.8859 ms
2026-04-19 17:42:28.043 +05:30 [WRN] SmsApi.Infrastructure.Performance.PerformanceMonitoringMiddleware | CorrelationId: | Slow request: POST /api/auth/login took 507ms — status 200.
2026-04-19 17:42:28.055 +05:30 [INF] SmsApi.Middleware.LoggingActionFilter | CorrelationId:09b3894172ce474c8c1dd73b609ed324 | API Request: POST /api/Staff | User: Unknown | School: 550e8400-e29b-41d4-a716-446655440000
2026-04-19 17:42:28.058 +05:30 [ERR] Microsoft.EntityFrameworkCore.Update | CorrelationId:09b3894172ce474c8c1dd73b609ed324 | An exception occurred in the database while saving changes for context type 'SmsApi.Data.AppDbContext'.
System.InvalidOperationException: The configured execution strategy 'NpgsqlRetryingExecutionStrategy' does not support user-initiated transactions. Use the execution strategy returned by 'DbContext.Database.CreateExecutionStrategy()' to execute all the operations in the transaction as a retriable unit.
   at Microsoft.EntityFrameworkCore.Storage.ExecutionStrategy.OnFirstExecution()
   at Microsoft.EntityFrameworkCore.Storage.ExecutionStrategy.ExecuteAsync[TState,TResult](TState state, Func`4 operation, Func`4 verifySucceeded, CancellationToken cancellationToken)
   at Microsoft.EntityFrameworkCore.DbContext.SaveChangesAsync(Boolean acceptAllChangesOnSuccess, CancellationToken cancellationToken)
System.InvalidOperationException: The configured execution strategy 'NpgsqlRetryingExecutionStrategy' does not support user-initiated transactions. Use the execution strategy returned by 'DbContext.Database.CreateExecutionStrategy()' to execute all the operations in the transaction as a retriable unit.
   at Microsoft.EntityFrameworkCore.Storage.ExecutionStrategy.OnFirstExecution()
   at Microsoft.EntityFrameworkCore.Storage.ExecutionStrategy.ExecuteAsync[TState,TResult](TState state, Func`4 operation, Func`4 verifySucceeded, CancellationToken cancellationToken)
   at Microsoft.EntityFrameworkCore.DbContext.SaveChangesAsync(Boolean acceptAllChangesOnSuccess, CancellationToken cancellationToken)
2026-04-19 17:42:28.059 +05:30 [INF] SmsApi.Middleware.LoggingActionFilter | CorrelationId:09b3894172ce474c8c1dd73b609ed324 | API Response: POST /api/Staff | Status: 200 | Duration: 4ms
2026-04-19 17:42:28.065 +05:30 [INF] Serilog.AspNetCore.RequestLoggingMiddleware | CorrelationId:09b3894172ce474c8c1dd73b609ed324 | HTTP POST /api/Staff responded 400 in 15.5417 ms
2026-04-19 17:42:35.655 +05:30 [INF] SmsApi.Middleware.LoggingActionFilter | CorrelationId:1f633354833941408218e41f8d8d6b32 | API Request: POST /api/auth/login | User: Unknown | School: Unknown
2026-04-19 17:42:36.168 +05:30 [INF] SmsApi.Controllers.AuthController | CorrelationId:1f633354833941408218e41f8d8d6b32 | Login successful for admin (SchoolId: "550e8400-e29b-41d4-a716-446655440000")
2026-04-19 17:42:36.168 +05:30 [INF] SmsApi.Middleware.LoggingActionFilter | CorrelationId:1f633354833941408218e41f8d8d6b32 | API Response: POST /api/auth/login | Status: 200 | Duration: 512ms
2026-04-19 17:42:36.172 +05:30 [INF] Serilog.AspNetCore.RequestLoggingMiddleware | CorrelationId:1f633354833941408218e41f8d8d6b32 | HTTP POST /api/auth/login responded 200 in 518.2437 ms
2026-04-19 17:42:36.173 +05:30 [WRN] SmsApi.Infrastructure.Performance.PerformanceMonitoringMiddleware | CorrelationId: | Slow request: POST /api/auth/login took 514ms — status 200.
2026-04-19 17:42:36.207 +05:30 [INF] SmsApi.Middleware.LoggingActionFilter | CorrelationId:176d986174db45b6853c566bcd8dbb87 | API Request: POST /api/Staff | User: Unknown | School: 550e8400-e29b-41d4-a716-446655440000
2026-04-19 17:42:36.210 +05:30 [ERR] Microsoft.EntityFrameworkCore.Update | CorrelationId:176d986174db45b6853c566bcd8dbb87 | An exception occurred in the database while saving changes for context type 'SmsApi.Data.AppDbContext'.
System.InvalidOperationException: The configured execution strategy 'NpgsqlRetryingExecutionStrategy' does not support user-initiated transactions. Use the execution strategy returned by 'DbContext.Database.CreateExecutionStrategy()' to execute all the operations in the transaction as a retriable unit.
   at Microsoft.EntityFrameworkCore.Storage.ExecutionStrategy.OnFirstExecution()
   at Microsoft.EntityFrameworkCore.Storage.ExecutionStrategy.ExecuteAsync[TState,TResult](TState state, Func`4 operation, Func`4 verifySucceeded, CancellationToken cancellationToken)
   at Microsoft.EntityFrameworkCore.DbContext.SaveChangesAsync(Boolean acceptAllChangesOnSuccess, CancellationToken cancellationToken)
System.InvalidOperationException: The configured execution strategy 'NpgsqlRetryingExecutionStrategy' does not support user-initiated transactions. Use the execution strategy returned by 'DbContext.Database.CreateExecutionStrategy()' to execute all the operations in the transaction as a retriable unit.
   at Microsoft.EntityFrameworkCore.Storage.ExecutionStrategy.OnFirstExecution()
   at Microsoft.EntityFrameworkCore.Storage.ExecutionStrategy.ExecuteAsync[TState,TResult](TState state, Func`4 operation, Func`4 verifySucceeded, CancellationToken cancellationToken)
   at Microsoft.EntityFrameworkCore.DbContext.SaveChangesAsync(Boolean acceptAllChangesOnSuccess, CancellationToken cancellationToken)
2026-04-19 17:42:36.213 +05:30 [INF] SmsApi.Middleware.LoggingActionFilter | CorrelationId:176d986174db45b6853c566bcd8dbb87 | API Response: POST /api/Staff | Status: 200 | Duration: 6ms
2026-04-19 17:42:36.219 +05:30 [INF] Serilog.AspNetCore.RequestLoggingMiddleware | CorrelationId:176d986174db45b6853c566bcd8dbb87 | HTTP POST /api/Staff responded 400 in 14.8617 ms
2026-04-19 17:42:44.291 +05:30 [INF] SmsApi.Middleware.LoggingActionFilter | CorrelationId:f96ccaa98402406c8fe6d101654b655f | API Request: POST /api/auth/login | User: Unknown | School: Unknown
2026-04-19 17:42:44.783 +05:30 [INF] SmsApi.Controllers.AuthController | CorrelationId:f96ccaa98402406c8fe6d101654b655f | Login successful for admin (SchoolId: "550e8400-e29b-41d4-a716-446655440000")
2026-04-19 17:42:44.783 +05:30 [INF] SmsApi.Middleware.LoggingActionFilter | CorrelationId:f96ccaa98402406c8fe6d101654b655f | API Response: POST /api/auth/login | Status: 200 | Duration: 491ms
2026-04-19 17:42:44.784 +05:30 [INF] Serilog.AspNetCore.RequestLoggingMiddleware | CorrelationId:f96ccaa98402406c8fe6d101654b655f | HTTP POST /api/auth/login responded 200 in 495.6553 ms
2026-04-19 17:42:52.723 +05:30 [INF] SmsApi.Middleware.LoggingActionFilter | CorrelationId:0daae51e028840709519b51da308cfda | API Request: POST /api/auth/login | User: Unknown | School: Unknown
2026-04-19 17:42:53.213 +05:30 [INF] SmsApi.Controllers.AuthController | CorrelationId:0daae51e028840709519b51da308cfda | Login successful for admin (SchoolId: "550e8400-e29b-41d4-a716-446655440000")
2026-04-19 17:42:53.213 +05:30 [INF] SmsApi.Middleware.LoggingActionFilter | CorrelationId:0daae51e028840709519b51da308cfda | API Response: POST /api/auth/login | Status: 200 | Duration: 490ms
2026-04-19 17:42:53.216 +05:30 [INF] Serilog.AspNetCore.RequestLoggingMiddleware | CorrelationId:0daae51e028840709519b51da308cfda | HTTP POST /api/auth/login responded 200 in 495.3833 ms
2026-04-19 17:42:53.225 +05:30 [INF] SmsApi.Middleware.LoggingActionFilter | CorrelationId:d5d698e84840426d93fda30673909d81 | API Request: POST /api/Staff | User: Unknown | School: 550e8400-e29b-41d4-a716-446655440000
2026-04-19 17:42:53.229 +05:30 [ERR] Microsoft.EntityFrameworkCore.Update | CorrelationId:d5d698e84840426d93fda30673909d81 | An exception occurred in the database while saving changes for context type 'SmsApi.Data.AppDbContext'.
System.InvalidOperationException: The configured execution strategy 'NpgsqlRetryingExecutionStrategy' does not support user-initiated transactions. Use the execution strategy returned by 'DbContext.Database.CreateExecutionStrategy()' to execute all the operations in the transaction as a retriable unit.
   at Microsoft.EntityFrameworkCore.Storage.ExecutionStrategy.OnFirstExecution()
   at Microsoft.EntityFrameworkCore.Storage.ExecutionStrategy.ExecuteAsync[TState,TResult](TState state, Func`4 operation, Func`4 verifySucceeded, CancellationToken cancellationToken)
   at Microsoft.EntityFrameworkCore.DbContext.SaveChangesAsync(Boolean acceptAllChangesOnSuccess, CancellationToken cancellationToken)
System.InvalidOperationException: The configured execution strategy 'NpgsqlRetryingExecutionStrategy' does not support user-initiated transactions. Use the execution strategy returned by 'DbContext.Database.CreateExecutionStrategy()' to execute all the operations in the transaction as a retriable unit.
   at Microsoft.EntityFrameworkCore.Storage.ExecutionStrategy.OnFirstExecution()
   at Microsoft.EntityFrameworkCore.Storage.ExecutionStrategy.ExecuteAsync[TState,TResult](TState state, Func`4 operation, Func`4 verifySucceeded, CancellationToken cancellationToken)
   at Microsoft.EntityFrameworkCore.DbContext.SaveChangesAsync(Boolean acceptAllChangesOnSuccess, CancellationToken cancellationToken)
2026-04-19 17:42:53.232 +05:30 [INF] SmsApi.Middleware.LoggingActionFilter | CorrelationId:d5d698e84840426d93fda30673909d81 | API Response: POST /api/Staff | Status: 200 | Duration: 6ms
2026-04-19 17:42:53.237 +05:30 [INF] Serilog.AspNetCore.RequestLoggingMiddleware | CorrelationId:d5d698e84840426d93fda30673909d81 | HTTP POST /api/Staff responded 400 in 16.5983 ms
2026-04-19 17:45:52.168 +05:30 [INF]  | CorrelationId: | Using distributed in-memory cache (development only)
2026-04-19 17:45:54.329 +05:30 [WRN] Microsoft.EntityFrameworkCore.Model.Validation | CorrelationId: | Entity 'Staff' has a global query filter defined and is the required end of a relationship with the entity 'Certificate'. This may lead to unexpected results when the required entity is filtered out. Either configure the navigation as optional, or define matching query filters for both entities in the navigation. See https://go.microsoft.com/fwlink/?linkid=2131316 for more information.
2026-04-19 17:45:54.332 +05:30 [WRN] Microsoft.EntityFrameworkCore.Model.Validation | CorrelationId: | Entity 'School' has a global query filter defined and is the required end of a relationship with the entity 'CertificateTemplate'. This may lead to unexpected results when the required entity is filtered out. Either configure the navigation as optional, or define matching query filters for both entities in the navigation. See https://go.microsoft.com/fwlink/?linkid=2131316 for more information.
2026-04-19 17:45:54.332 +05:30 [WRN] Microsoft.EntityFrameworkCore.Model.Validation | CorrelationId: | Entity 'School' has a global query filter defined and is the required end of a relationship with the entity 'Document'. This may lead to unexpected results when the required entity is filtered out. Either configure the navigation as optional, or define matching query filters for both entities in the navigation. See https://go.microsoft.com/fwlink/?linkid=2131316 for more information.
2026-04-19 17:45:54.332 +05:30 [WRN] Microsoft.EntityFrameworkCore.Model.Validation | CorrelationId: | Entity 'School' has a global query filter defined and is the required end of a relationship with the entity 'DocumentCategory'. This may lead to unexpected results when the required entity is filtered out. Either configure the navigation as optional, or define matching query filters for both entities in the navigation. See https://go.microsoft.com/fwlink/?linkid=2131316 for more information.
2026-04-19 17:45:54.333 +05:30 [WRN] Microsoft.EntityFrameworkCore.Model.Validation | CorrelationId: | Entity 'School' has a global query filter defined and is the required end of a relationship with the entity 'FeeAuditLog'. This may lead to unexpected results when the required entity is filtered out. Either configure the navigation as optional, or define matching query filters for both entities in the navigation. See https://go.microsoft.com/fwlink/?linkid=2131316 for more information.
2026-04-19 17:45:54.333 +05:30 [WRN] Microsoft.EntityFrameworkCore.Model.Validation | CorrelationId: | Entity 'School' has a global query filter defined and is the required end of a relationship with the entity 'Holiday'. This may lead to unexpected results when the required entity is filtered out. Either configure the navigation as optional, or define matching query filters for both entities in the navigation. See https://go.microsoft.com/fwlink/?linkid=2131316 for more information.
2026-04-19 17:45:54.333 +05:30 [WRN] Microsoft.EntityFrameworkCore.Model.Validation | CorrelationId: | Entity 'School' has a global query filter defined and is the required end of a relationship with the entity 'IDCard'. This may lead to unexpected results when the required entity is filtered out. Either configure the navigation as optional, or define matching query filters for both entities in the navigation. See https://go.microsoft.com/fwlink/?linkid=2131316 for more information.
2026-04-19 17:45:54.334 +05:30 [WRN] Microsoft.EntityFrameworkCore.Model.Validation | CorrelationId: | Entity 'School' has a global query filter defined and is the required end of a relationship with the entity 'IDCardTemplate'. This may lead to unexpected results when the required entity is filtered out. Either configure the navigation as optional, or define matching query filters for both entities in the navigation. See https://go.microsoft.com/fwlink/?linkid=2131316 for more information.
2026-04-19 17:45:54.334 +05:30 [WRN] Microsoft.EntityFrameworkCore.Model.Validation | CorrelationId: | Entity 'UserLogin' has a global query filter defined and is the required end of a relationship with the entity 'PasswordResetToken'. This may lead to unexpected results when the required entity is filtered out. Either configure the navigation as optional, or define matching query filters for both entities in the navigation. See https://go.microsoft.com/fwlink/?linkid=2131316 for more information.
2026-04-19 17:45:54.334 +05:30 [WRN] Microsoft.EntityFrameworkCore.Model.Validation | CorrelationId: | Entity 'School' has a global query filter defined and is the required end of a relationship with the entity 'PromotionHistory'. This may lead to unexpected results when the required entity is filtered out. Either configure the navigation as optional, or define matching query filters for both entities in the navigation. See https://go.microsoft.com/fwlink/?linkid=2131316 for more information.
2026-04-19 17:45:54.484 +05:30 [WRN] Microsoft.EntityFrameworkCore.Model.Validation | CorrelationId: | The foreign key property 'Staff.ReportingToId1' was created in shadow state because a conflicting property with the simple name 'ReportingToId' exists in the entity type, but is either not mapped, is already used for another relationship, or is incompatible with the associated primary key type. See https://aka.ms/efcore-relationships for information on mapping relationships in EF Core.
2026-04-19 17:45:55.915 +05:30 [INF] Program | CorrelationId: | Database migrations applied successfully.
2026-04-19 17:45:57.025 +05:30 [INF] Microsoft.Hosting.Lifetime | CorrelationId: | Now listening on: http://localhost:5092
2026-04-19 17:45:57.026 +05:30 [INF] Microsoft.Hosting.Lifetime | CorrelationId: | Application started. Press Ctrl+C to shut down.
2026-04-19 17:45:57.027 +05:30 [INF] Microsoft.Hosting.Lifetime | CorrelationId: | Hosting environment: Development
2026-04-19 17:45:57.027 +05:30 [INF] Microsoft.Hosting.Lifetime | CorrelationId: | Content root path: C:\Vitana\Vitana Group\sms-api
2026-04-19 17:46:18.111 +05:30 [WRN] Microsoft.AspNetCore.HttpsPolicy.HttpsRedirectionMiddleware | CorrelationId:cafb9ce6677b4907a0809c1996b9f969 | Failed to determine the https port for redirect.
2026-04-19 17:46:18.212 +05:30 [INF] SmsApi.Middleware.LoggingActionFilter | CorrelationId:cafb9ce6677b4907a0809c1996b9f969 | API Request: POST /api/auth/login | User: Unknown | School: Unknown
2026-04-19 17:46:19.291 +05:30 [INF] SmsApi.Controllers.AuthController | CorrelationId:cafb9ce6677b4907a0809c1996b9f969 | Login successful for admin (SchoolId: "550e8400-e29b-41d4-a716-446655440000")
2026-04-19 17:46:19.294 +05:30 [INF] SmsApi.Middleware.LoggingActionFilter | CorrelationId:cafb9ce6677b4907a0809c1996b9f969 | API Response: POST /api/auth/login | Status: 200 | Duration: 1082ms
2026-04-19 17:46:19.371 +05:30 [INF] Serilog.AspNetCore.RequestLoggingMiddleware | CorrelationId:cafb9ce6677b4907a0809c1996b9f969 | HTTP POST /api/auth/login responded 200 in 1270.6920 ms
2026-04-19 17:46:19.373 +05:30 [WRN] SmsApi.Infrastructure.Performance.PerformanceMonitoringMiddleware | CorrelationId: | Slow request: POST /api/auth/login took 1233ms — status 200.
2026-04-19 17:46:19.495 +05:30 [INF] SmsApi.Middleware.LoggingActionFilter | CorrelationId:aa8906b6e3da478aa173f3e2cd1ccec0 | API Request: POST /api/Staff | User: Unknown | School: 550e8400-e29b-41d4-a716-446655440000
2026-04-19 17:46:19.792 +05:30 [INF] SmsApi.Services.StaffService | CorrelationId:aa8906b6e3da478aa173f3e2cd1ccec0 | Staff onboarding complete for E2E174617
2026-04-19 17:46:19.895 +05:30 [INF] SmsApi.Middleware.LoggingActionFilter | CorrelationId:aa8906b6e3da478aa173f3e2cd1ccec0 | API Response: POST /api/Staff | Status: 200 | Duration: 399ms
2026-04-19 17:46:19.937 +05:30 [INF] Serilog.AspNetCore.RequestLoggingMiddleware | CorrelationId:aa8906b6e3da478aa173f3e2cd1ccec0 | HTTP POST /api/Staff responded 201 in 529.0923 ms
2026-04-19 17:46:19.938 +05:30 [WRN] SmsApi.Infrastructure.Performance.PerformanceMonitoringMiddleware | CorrelationId: | Slow request: POST /api/Staff took 523ms — status 201.
2026-04-19 17:46:19.966 +05:30 [INF] SmsApi.Middleware.LoggingActionFilter | CorrelationId:ecb7a2c026ef4f84a028e71d5caede45 | API Request: GET /api/Staff/ | User: Unknown | School: 550e8400-e29b-41d4-a716-446655440000
2026-04-19 17:46:20.013 +05:30 [INF] SmsApi.Middleware.LoggingActionFilter | CorrelationId:ecb7a2c026ef4f84a028e71d5caede45 | API Response: GET /api/Staff/ | Status: 200 | Duration: 46ms
2026-04-19 17:46:20.016 +05:30 [INF] Serilog.AspNetCore.RequestLoggingMiddleware | CorrelationId:ecb7a2c026ef4f84a028e71d5caede45 | HTTP GET /api/Staff/ responded 200 in 68.5563 ms
2026-04-19 17:46:20.031 +05:30 [INF] Serilog.AspNetCore.RequestLoggingMiddleware | CorrelationId:200d85ac220e4583b0d8e2165bb87b73 | HTTP PUT /api/Staff/ responded 405 in 5.0325 ms
2026-04-19 17:46:42.893 +05:30 [INF] SmsApi.Middleware.LoggingActionFilter | CorrelationId:a483a95d9fc1494ab4890f5f45425b24 | API Request: POST /api/auth/login | User: Unknown | School: Unknown
2026-04-19 17:46:43.401 +05:30 [INF] SmsApi.Controllers.AuthController | CorrelationId:a483a95d9fc1494ab4890f5f45425b24 | Login successful for admin (SchoolId: "550e8400-e29b-41d4-a716-446655440000")
2026-04-19 17:46:43.402 +05:30 [INF] SmsApi.Middleware.LoggingActionFilter | CorrelationId:a483a95d9fc1494ab4890f5f45425b24 | API Response: POST /api/auth/login | Status: 200 | Duration: 508ms
2026-04-19 17:46:43.405 +05:30 [INF] Serilog.AspNetCore.RequestLoggingMiddleware | CorrelationId:a483a95d9fc1494ab4890f5f45425b24 | HTTP POST /api/auth/login responded 200 in 518.6941 ms
2026-04-19 17:46:43.405 +05:30 [WRN] SmsApi.Infrastructure.Performance.PerformanceMonitoringMiddleware | CorrelationId: | Slow request: POST /api/auth/login took 516ms — status 200.
2026-04-19 17:46:43.457 +05:30 [INF] SmsApi.Middleware.LoggingActionFilter | CorrelationId:b63b83cdbc04487ba39d81931cb6fb29 | API Request: POST /api/Staff | User: Unknown | School: 550e8400-e29b-41d4-a716-446655440000
2026-04-19 17:46:43.482 +05:30 [INF] SmsApi.Services.StaffService | CorrelationId:b63b83cdbc04487ba39d81931cb6fb29 | Staff onboarding complete for T668537
2026-04-19 17:46:43.488 +05:30 [INF] SmsApi.Middleware.LoggingActionFilter | CorrelationId:b63b83cdbc04487ba39d81931cb6fb29 | API Response: POST /api/Staff | Status: 200 | Duration: 31ms
2026-04-19 17:46:43.498 +05:30 [INF] Serilog.AspNetCore.RequestLoggingMiddleware | CorrelationId:b63b83cdbc04487ba39d81931cb6fb29 | HTTP POST /api/Staff responded 201 in 48.3373 ms
2026-04-19 17:46:53.662 +05:30 [INF] SmsApi.Middleware.LoggingActionFilter | CorrelationId:0448829d05ce4a72afd2d7554c431d0c | API Request: POST /api/auth/login | User: Unknown | School: Unknown
2026-04-19 17:46:54.298 +05:30 [INF] SmsApi.Controllers.AuthController | CorrelationId:0448829d05ce4a72afd2d7554c431d0c | Login successful for admin (SchoolId: "550e8400-e29b-41d4-a716-446655440000")
2026-04-19 17:46:54.298 +05:30 [INF] SmsApi.Middleware.LoggingActionFilter | CorrelationId:0448829d05ce4a72afd2d7554c431d0c | API Response: POST /api/auth/login | Status: 200 | Duration: 636ms
2026-04-19 17:46:54.302 +05:30 [INF] Serilog.AspNetCore.RequestLoggingMiddleware | CorrelationId:0448829d05ce4a72afd2d7554c431d0c | HTTP POST /api/auth/login responded 200 in 652.4502 ms
2026-04-19 17:46:54.302 +05:30 [WRN] SmsApi.Infrastructure.Performance.PerformanceMonitoringMiddleware | CorrelationId: | Slow request: POST /api/auth/login took 650ms — status 200.
2026-04-19 17:46:54.317 +05:30 [INF] SmsApi.Middleware.LoggingActionFilter | CorrelationId:211f910159b844dfba0093783cf8db67 | API Request: POST /api/Staff | User: Unknown | School: 550e8400-e29b-41d4-a716-446655440000
2026-04-19 17:46:54.338 +05:30 [INF] SmsApi.Services.StaffService | CorrelationId:211f910159b844dfba0093783cf8db67 | Staff onboarding complete for E2E174653
2026-04-19 17:46:54.349 +05:30 [INF] SmsApi.Middleware.LoggingActionFilter | CorrelationId:211f910159b844dfba0093783cf8db67 | API Response: POST /api/Staff | Status: 200 | Duration: 32ms
2026-04-19 17:46:54.354 +05:30 [INF] Serilog.AspNetCore.RequestLoggingMiddleware | CorrelationId:211f910159b844dfba0093783cf8db67 | HTTP POST /api/Staff responded 201 in 47.2413 ms
2026-04-19 17:46:54.380 +05:30 [INF] SmsApi.Middleware.LoggingActionFilter | CorrelationId:ae0f4bebc4fe4b52852c35a7b69f7bb7 | API Request: GET /api/Staff/dd489f45-d713-415d-951a-015b61b83917 | User: Unknown | School: 550e8400-e29b-41d4-a716-446655440000
2026-04-19 17:46:54.399 +05:30 [INF] SmsApi.Middleware.LoggingActionFilter | CorrelationId:ae0f4bebc4fe4b52852c35a7b69f7bb7 | API Response: GET /api/Staff/dd489f45-d713-415d-951a-015b61b83917 | Status: 200 | Duration: 19ms
2026-04-19 17:46:54.400 +05:30 [INF] Serilog.AspNetCore.RequestLoggingMiddleware | CorrelationId:ae0f4bebc4fe4b52852c35a7b69f7bb7 | HTTP GET /api/Staff/dd489f45-d713-415d-951a-015b61b83917 responded 200 in 32.9610 ms
2026-04-19 17:46:54.433 +05:30 [INF] SmsApi.Middleware.LoggingActionFilter | CorrelationId:18e2fbfb9e774788ab2395978b637f80 | API Request: PUT /api/Staff/dd489f45-d713-415d-951a-015b61b83917 | User: Unknown | School: 550e8400-e29b-41d4-a716-446655440000
2026-04-19 17:46:54.480 +05:30 [INF] SmsApi.Middleware.LoggingActionFilter | CorrelationId:18e2fbfb9e774788ab2395978b637f80 | API Response: PUT /api/Staff/dd489f45-d713-415d-951a-015b61b83917 | Status: 200 | Duration: 46ms
2026-04-19 17:46:54.486 +05:30 [INF] Serilog.AspNetCore.RequestLoggingMiddleware | CorrelationId:18e2fbfb9e774788ab2395978b637f80 | HTTP PUT /api/Staff/dd489f45-d713-415d-951a-015b61b83917 responded 200 in 80.0745 ms
2026-04-19 17:46:54.503 +05:30 [INF] SmsApi.Middleware.LoggingActionFilter | CorrelationId:97b3e1ad0ff34cda90c08c74622df87c | API Request: GET /api/Staff | User: Unknown | School: 550e8400-e29b-41d4-a716-446655440000
2026-04-19 17:46:54.508 +05:30 [INF] SmsApi.Middleware.LoggingActionFilter | CorrelationId:97b3e1ad0ff34cda90c08c74622df87c | API Response: GET /api/Staff | Status: 200 | Duration: 5ms
2026-04-19 17:46:54.510 +05:30 [INF] Serilog.AspNetCore.RequestLoggingMiddleware | CorrelationId:97b3e1ad0ff34cda90c08c74622df87c | HTTP GET /api/Staff responded 200 in 14.4920 ms
2026-04-19 17:46:54.519 +05:30 [INF] SmsApi.Middleware.LoggingActionFilter | CorrelationId:e821e1c1d7404fabaf95e23437755890 | API Request: POST /api/Staff | User: Unknown | School: 550e8400-e29b-41d4-a716-446655440000
2026-04-19 17:46:54.523 +05:30 [INF] SmsApi.Middleware.LoggingActionFilter | CorrelationId:e821e1c1d7404fabaf95e23437755890 | API Response: POST /api/Staff | Status: 200 | Duration: 3ms
2026-04-19 17:46:54.530 +05:30 [INF] Serilog.AspNetCore.RequestLoggingMiddleware | CorrelationId:e821e1c1d7404fabaf95e23437755890 | HTTP POST /api/Staff responded 400 in 13.0030 ms
2026-04-19 17:47:05.864 +05:30 [INF] SmsApi.Middleware.LoggingActionFilter | CorrelationId:255b756e551d42dd9bb35d959bb7496c | API Request: POST /api/auth/login | User: Unknown | School: Unknown
2026-04-19 17:47:06.362 +05:30 [INF] SmsApi.Controllers.AuthController | CorrelationId:255b756e551d42dd9bb35d959bb7496c | Login successful for admin (SchoolId: "550e8400-e29b-41d4-a716-446655440000")
2026-04-19 17:47:06.362 +05:30 [INF] SmsApi.Middleware.LoggingActionFilter | CorrelationId:255b756e551d42dd9bb35d959bb7496c | API Response: POST /api/auth/login | Status: 200 | Duration: 498ms
2026-04-19 17:47:06.365 +05:30 [INF] Serilog.AspNetCore.RequestLoggingMiddleware | CorrelationId:255b756e551d42dd9bb35d959bb7496c | HTTP POST /api/auth/login responded 200 in 502.2795 ms
2026-04-19 17:47:06.383 +05:30 [INF] SmsApi.Middleware.LoggingActionFilter | CorrelationId:63c77699182d467c866a1400f3b77298 | API Request: POST /api/Staff | User: Unknown | School: 550e8400-e29b-41d4-a716-446655440000
2026-04-19 17:47:06.398 +05:30 [INF] SmsApi.Services.StaffService | CorrelationId:63c77699182d467c866a1400f3b77298 | Staff onboarding complete for BULK441993
2026-04-19 17:47:06.402 +05:30 [INF] SmsApi.Middleware.LoggingActionFilter | CorrelationId:63c77699182d467c866a1400f3b77298 | API Response: POST /api/Staff | Status: 200 | Duration: 19ms
2026-04-19 17:47:06.405 +05:30 [INF] Serilog.AspNetCore.RequestLoggingMiddleware | CorrelationId:63c77699182d467c866a1400f3b77298 | HTTP POST /api/Staff responded 201 in 24.6744 ms
2026-04-19 17:47:06.429 +05:30 [INF] SmsApi.Middleware.LoggingActionFilter | CorrelationId:eee220619f4141e5a3824cbc640ec1fa | API Request: GET /api/Staff | User: Unknown | School: 550e8400-e29b-41d4-a716-446655440000
2026-04-19 17:47:06.432 +05:30 [INF] SmsApi.Middleware.LoggingActionFilter | CorrelationId:eee220619f4141e5a3824cbc640ec1fa | API Response: GET /api/Staff | Status: 200 | Duration: 2ms
2026-04-19 17:47:06.434 +05:30 [INF] Serilog.AspNetCore.RequestLoggingMiddleware | CorrelationId:eee220619f4141e5a3824cbc640ec1fa | HTTP GET /api/Staff responded 200 in 8.2593 ms
2026-04-19 17:47:06.449 +05:30 [INF] SmsApi.Middleware.LoggingActionFilter | CorrelationId:f5597ca42540443c80cc77753216411b | API Request: DELETE /api/Staff/e3ecaa45-e08a-48ad-b551-834481bd9763 | User: Unknown | School: 550e8400-e29b-41d4-a716-446655440000
2026-04-19 17:47:06.457 +05:30 [INF] SmsApi.Middleware.LoggingActionFilter | CorrelationId:f5597ca42540443c80cc77753216411b | API Response: DELETE /api/Staff/e3ecaa45-e08a-48ad-b551-834481bd9763 | Status: 200 | Duration: 7ms
2026-04-19 17:47:06.459 +05:30 [INF] Serilog.AspNetCore.RequestLoggingMiddleware | CorrelationId:f5597ca42540443c80cc77753216411b | HTTP DELETE /api/Staff/e3ecaa45-e08a-48ad-b551-834481bd9763 responded 204 in 15.1438 ms
2026-04-19 17:47:06.467 +05:30 [INF] SmsApi.Middleware.LoggingActionFilter | CorrelationId:99504d1e9e5048f9b08fc6fcb834c341 | API Request: GET /api/Staff/e3ecaa45-e08a-48ad-b551-834481bd9763 | User: Unknown | School: 550e8400-e29b-41d4-a716-446655440000
2026-04-19 17:47:06.470 +05:30 [INF] SmsApi.Middleware.LoggingActionFilter | CorrelationId:99504d1e9e5048f9b08fc6fcb834c341 | API Response: GET /api/Staff/e3ecaa45-e08a-48ad-b551-834481bd9763 | Status: 200 | Duration: 3ms
2026-04-19 17:47:06.472 +05:30 [INF] Serilog.AspNetCore.RequestLoggingMiddleware | CorrelationId:99504d1e9e5048f9b08fc6fcb834c341 | HTTP GET /api/Staff/e3ecaa45-e08a-48ad-b551-834481bd9763 responded 404 in 7.7396 ms
2026-04-19 17:47:19.109 +05:30 [INF] SmsApi.Middleware.LoggingActionFilter | CorrelationId:cc473d0c24de4561a123ef3c26406b78 | API Request: POST /api/auth/login | User: Unknown | School: Unknown
2026-04-19 17:47:19.606 +05:30 [INF] SmsApi.Controllers.AuthController | CorrelationId:cc473d0c24de4561a123ef3c26406b78 | Login successful for admin (SchoolId: "550e8400-e29b-41d4-a716-446655440000")
2026-04-19 17:47:19.606 +05:30 [INF] SmsApi.Middleware.LoggingActionFilter | CorrelationId:cc473d0c24de4561a123ef3c26406b78 | API Response: POST /api/auth/login | Status: 200 | Duration: 497ms
2026-04-19 17:47:19.610 +05:30 [INF] Serilog.AspNetCore.RequestLoggingMiddleware | CorrelationId:cc473d0c24de4561a123ef3c26406b78 | HTTP POST /api/auth/login responded 200 in 507.8168 ms
2026-04-19 17:47:19.610 +05:30 [WRN] SmsApi.Infrastructure.Performance.PerformanceMonitoringMiddleware | CorrelationId: | Slow request: POST /api/auth/login took 505ms — status 200.
2026-04-19 17:47:19.652 +05:30 [INF] SmsApi.Middleware.LoggingActionFilter | CorrelationId:bfc0822611184915ad8613c150ed1834 | API Request: POST /api/Staff | User: Unknown | School: 550e8400-e29b-41d4-a716-446655440000
2026-04-19 17:47:19.652 +05:30 [INF] SmsApi.Middleware.LoggingActionFilter | CorrelationId:bfc0822611184915ad8613c150ed1834 | API Response: POST /api/Staff | Status: 200 | Duration: 0ms
2026-04-19 17:47:19.655 +05:30 [INF] Serilog.AspNetCore.RequestLoggingMiddleware | CorrelationId:bfc0822611184915ad8613c150ed1834 | HTTP POST /api/Staff responded 400 in 6.9333 ms
2026-04-19 17:47:19.686 +05:30 [INF] SmsApi.Middleware.LoggingActionFilter | CorrelationId:f55c95e824bc491d82d1406001b588de | API Request: POST /api/Staff | User: Unknown | School: 550e8400-e29b-41d4-a716-446655440000
2026-04-19 17:47:19.687 +05:30 [INF] SmsApi.Middleware.LoggingActionFilter | CorrelationId:f55c95e824bc491d82d1406001b588de | API Response: POST /api/Staff | Status: 200 | Duration: 0ms
2026-04-19 17:47:19.689 +05:30 [INF] Serilog.AspNetCore.RequestLoggingMiddleware | CorrelationId:f55c95e824bc491d82d1406001b588de | HTTP POST /api/Staff responded 400 in 5.5893 ms
2026-04-19 17:47:19.717 +05:30 [INF] SmsApi.Middleware.LoggingActionFilter | CorrelationId:c0e508e04cdc4ed688b6a5e2f368935f | API Request: POST /api/Staff | User: Unknown | School: 550e8400-e29b-41d4-a716-446655440000
2026-04-19 17:47:19.717 +05:30 [INF] SmsApi.Middleware.LoggingActionFilter | CorrelationId:c0e508e04cdc4ed688b6a5e2f368935f | API Response: POST /api/Staff | Status: 200 | Duration: 0ms
2026-04-19 17:47:19.720 +05:30 [INF] Serilog.AspNetCore.RequestLoggingMiddleware | CorrelationId:c0e508e04cdc4ed688b6a5e2f368935f | HTTP POST /api/Staff responded 400 in 5.4822 ms
2026-04-19 17:47:19.750 +05:30 [INF] SmsApi.Middleware.LoggingActionFilter | CorrelationId:a759890a0dca4ceca46f7f3a1e76d803 | API Request: POST /api/Staff | User: Unknown | School: 550e8400-e29b-41d4-a716-446655440000
2026-04-19 17:47:19.764 +05:30 [INF] SmsApi.Services.StaffService | CorrelationId:a759890a0dca4ceca46f7f3a1e76d803 | Staff onboarding complete for DUP1_220253
2026-04-19 17:47:19.769 +05:30 [INF] SmsApi.Middleware.LoggingActionFilter | CorrelationId:a759890a0dca4ceca46f7f3a1e76d803 | API Response: POST /api/Staff | Status: 200 | Duration: 18ms
2026-04-19 17:47:19.773 +05:30 [INF] Serilog.AspNetCore.RequestLoggingMiddleware | CorrelationId:a759890a0dca4ceca46f7f3a1e76d803 | HTTP POST /api/Staff responded 201 in 26.0117 ms
2026-04-19 17:47:19.781 +05:30 [INF] SmsApi.Middleware.LoggingActionFilter | CorrelationId:c23275fbc9574261ae8cd13b725ed844 | API Request: POST /api/Staff | User: Unknown | School: 550e8400-e29b-41d4-a716-446655440000
2026-04-19 17:47:19.783 +05:30 [INF] SmsApi.Middleware.LoggingActionFilter | CorrelationId:c23275fbc9574261ae8cd13b725ed844 | API Response: POST /api/Staff | Status: 200 | Duration: 2ms
2026-04-19 17:47:19.786 +05:30 [INF] Serilog.AspNetCore.RequestLoggingMiddleware | CorrelationId:c23275fbc9574261ae8cd13b725ed844 | HTTP POST /api/Staff responded 400 in 7.7054 ms
2026-04-19 17:47:19.813 +05:30 [INF] SmsApi.Middleware.LoggingActionFilter | CorrelationId:9a7098ec268d48078df2869f83dfdb60 | API Request: POST /api/Staff | User: Unknown | School: 550e8400-e29b-41d4-a716-446655440000
2026-04-19 17:47:19.813 +05:30 [INF] SmsApi.Middleware.LoggingActionFilter | CorrelationId:9a7098ec268d48078df2869f83dfdb60 | API Response: POST /api/Staff | Status: 200 | Duration: 0ms
2026-04-19 17:47:19.815 +05:30 [INF] Serilog.AspNetCore.RequestLoggingMiddleware | CorrelationId:9a7098ec268d48078df2869f83dfdb60 | HTTP POST /api/Staff responded 400 in 6.5243 ms
2026-04-19 17:47:28.035 +05:30 [INF] SmsApi.Middleware.LoggingActionFilter | CorrelationId:31c6af99f2964cbbb56965d3d0fd08bc | API Request: POST /api/auth/login | User: Unknown | School: Unknown
2026-04-19 17:47:28.533 +05:30 [INF] SmsApi.Controllers.AuthController | CorrelationId:31c6af99f2964cbbb56965d3d0fd08bc | Login successful for admin (SchoolId: "550e8400-e29b-41d4-a716-446655440000")
2026-04-19 17:47:28.534 +05:30 [INF] SmsApi.Middleware.LoggingActionFilter | CorrelationId:31c6af99f2964cbbb56965d3d0fd08bc | API Response: POST /api/auth/login | Status: 200 | Duration: 499ms
2026-04-19 17:47:28.537 +05:30 [INF] Serilog.AspNetCore.RequestLoggingMiddleware | CorrelationId:31c6af99f2964cbbb56965d3d0fd08bc | HTTP POST /api/auth/login responded 200 in 504.9338 ms
2026-04-19 17:47:28.537 +05:30 [WRN] SmsApi.Infrastructure.Performance.PerformanceMonitoringMiddleware | CorrelationId: | Slow request: POST /api/auth/login took 503ms — status 200.
2026-04-19 17:47:28.546 +05:30 [INF] SmsApi.Middleware.LoggingActionFilter | CorrelationId:d60e9d5de96842eeb636c3c6b5551f6a | API Request: POST /api/Staff | User: Unknown | School: 550e8400-e29b-41d4-a716-446655440000
2026-04-19 17:47:28.547 +05:30 [INF] SmsApi.Middleware.LoggingActionFilter | CorrelationId:d60e9d5de96842eeb636c3c6b5551f6a | API Response: POST /api/Staff | Status: 200 | Duration: 0ms
2026-04-19 17:47:28.549 +05:30 [INF] Serilog.AspNetCore.RequestLoggingMiddleware | CorrelationId:d60e9d5de96842eeb636c3c6b5551f6a | HTTP POST /api/Staff responded 400 in 5.1236 ms
2026-04-19 17:47:28.560 +05:30 [INF] SmsApi.Middleware.LoggingActionFilter | CorrelationId:aeeac0fe104242b28708a9c7cdcec60c | API Request: POST /api/Staff | User: Unknown | School: 550e8400-e29b-41d4-a716-446655440000
2026-04-19 17:47:28.561 +05:30 [INF] SmsApi.Middleware.LoggingActionFilter | CorrelationId:aeeac0fe104242b28708a9c7cdcec60c | API Response: POST /api/Staff | Status: 200 | Duration: 0ms
2026-04-19 17:47:28.563 +05:30 [INF] Serilog.AspNetCore.RequestLoggingMiddleware | CorrelationId:aeeac0fe104242b28708a9c7cdcec60c | HTTP POST /api/Staff responded 400 in 5.5416 ms
2026-04-19 17:47:28.571 +05:30 [INF] SmsApi.Middleware.LoggingActionFilter | CorrelationId:aa2e231c4a284e829e5b0c01883190b4 | API Request: POST /api/Staff | User: Unknown | School: 550e8400-e29b-41d4-a716-446655440000
2026-04-19 17:47:28.571 +05:30 [INF] SmsApi.Middleware.LoggingActionFilter | CorrelationId:aa2e231c4a284e829e5b0c01883190b4 | API Response: POST /api/Staff | Status: 200 | Duration: 0ms
2026-04-19 17:47:28.574 +05:30 [INF] Serilog.AspNetCore.RequestLoggingMiddleware | CorrelationId:aa2e231c4a284e829e5b0c01883190b4 | HTTP POST /api/Staff responded 400 in 5.7170 ms
2026-04-19 17:47:28.582 +05:30 [INF] SmsApi.Middleware.LoggingActionFilter | CorrelationId:b57d2e65954b430b8050c25c9a1a1f33 | API Request: POST /api/Staff | User: Unknown | School: 550e8400-e29b-41d4-a716-446655440000
2026-04-19 17:47:28.583 +05:30 [INF] SmsApi.Middleware.LoggingActionFilter | CorrelationId:b57d2e65954b430b8050c25c9a1a1f33 | API Response: POST /api/Staff | Status: 200 | Duration: 0ms
2026-04-19 17:47:28.585 +05:30 [INF] Serilog.AspNetCore.RequestLoggingMiddleware | CorrelationId:b57d2e65954b430b8050c25c9a1a1f33 | HTTP POST /api/Staff responded 400 in 4.6733 ms
2026-04-19 18:00:33.538 +05:30 [INF] Serilog.AspNetCore.RequestLoggingMiddleware | CorrelationId:35d8de81bec94eafadb643ec02137e74 | HTTP OPTIONS /api/LeaveManagement/requests responded 204 in 12.6502 ms
2026-04-19 18:00:33.539 +05:30 [INF] Serilog.AspNetCore.RequestLoggingMiddleware | CorrelationId:bc68e7a454e8405194c1cd113011f49b | HTTP OPTIONS /api/LeaveManagement/requests responded 204 in 16.2012 ms
2026-04-19 18:00:33.836 +05:30 [INF] SmsApi.Middleware.LoggingActionFilter | CorrelationId:749a427575be4bf8b7c7c4868a9bb7c0 | API Request: GET /api/LeaveManagement/requests | User: Unknown | School: 550e8400-e29b-41d4-a716-446655440000
2026-04-19 18:00:33.840 +05:30 [INF] SmsApi.Middleware.LoggingActionFilter | CorrelationId:70b0b5d7b47c401ab521e82f7e999dc6 | API Request: GET /api/LeaveManagement/requests | User: Unknown | School: 550e8400-e29b-41d4-a716-446655440000
2026-04-19 18:00:34.375 +05:30 [INF] SmsApi.Middleware.LoggingActionFilter | CorrelationId:749a427575be4bf8b7c7c4868a9bb7c0 | API Response: GET /api/LeaveManagement/requests | Status: 200 | Duration: 539ms
2026-04-19 18:00:34.375 +05:30 [INF] SmsApi.Middleware.LoggingActionFilter | CorrelationId:70b0b5d7b47c401ab521e82f7e999dc6 | API Response: GET /api/LeaveManagement/requests | Status: 200 | Duration: 534ms
2026-04-19 18:00:34.422 +05:30 [INF] Serilog.AspNetCore.RequestLoggingMiddleware | CorrelationId:749a427575be4bf8b7c7c4868a9bb7c0 | HTTP GET /api/LeaveManagement/requests responded 200 in 677.1946 ms
2026-04-19 18:00:34.424 +05:30 [INF] Serilog.AspNetCore.RequestLoggingMiddleware | CorrelationId:70b0b5d7b47c401ab521e82f7e999dc6 | HTTP GET /api/LeaveManagement/requests responded 200 in 667.5277 ms
2026-04-19 18:00:34.429 +05:30 [WRN] SmsApi.Infrastructure.Performance.PerformanceMonitoringMiddleware | CorrelationId: | Slow request: GET /api/LeaveManagement/requests took 676ms — status 200.
2026-04-19 18:00:34.430 +05:30 [WRN] SmsApi.Infrastructure.Performance.PerformanceMonitoringMiddleware | CorrelationId: | Slow request: GET /api/LeaveManagement/requests took 664ms — status 200.
2026-04-19 18:00:38.867 +05:30 [INF] Serilog.AspNetCore.RequestLoggingMiddleware | CorrelationId:b5021639bca64f3c97b669198bebea0d | HTTP OPTIONS /api/academics/academic-years responded 204 in 1.2715 ms
2026-04-19 18:00:38.893 +05:30 [INF] Serilog.AspNetCore.RequestLoggingMiddleware | CorrelationId:936e0872ac4a4182977c384846cdb817 | HTTP OPTIONS /api/academics/academic-years responded 204 in 0.4444 ms
2026-04-19 18:00:38.909 +05:30 [INF] SmsApi.Middleware.LoggingActionFilter | CorrelationId:5fccbb3b4877409b8aa5b5a8f3f6528a | API Request: GET /api/academics/academic-years | User: Unknown | School: 550e8400-e29b-41d4-a716-446655440000
2026-04-19 18:00:38.909 +05:30 [INF] SmsApi.Middleware.LoggingActionFilter | CorrelationId:ed266f7340184ccf80cec55371e90ae6 | API Request: GET /api/academics/academic-years | User: Unknown | School: 550e8400-e29b-41d4-a716-446655440000
2026-04-19 18:00:39.000 +05:30 [INF] SmsApi.Middleware.LoggingActionFilter | CorrelationId:5fccbb3b4877409b8aa5b5a8f3f6528a | API Response: GET /api/academics/academic-years | Status: 200 | Duration: 91ms
2026-04-19 18:00:39.000 +05:30 [INF] SmsApi.Middleware.LoggingActionFilter | CorrelationId:ed266f7340184ccf80cec55371e90ae6 | API Response: GET /api/academics/academic-years | Status: 200 | Duration: 91ms
2026-04-19 18:00:39.005 +05:30 [INF] Serilog.AspNetCore.RequestLoggingMiddleware | CorrelationId:5fccbb3b4877409b8aa5b5a8f3f6528a | HTTP GET /api/academics/academic-years responded 200 in 100.0384 ms
2026-04-19 18:00:39.005 +05:30 [INF] Serilog.AspNetCore.RequestLoggingMiddleware | CorrelationId:ed266f7340184ccf80cec55371e90ae6 | HTTP GET /api/academics/academic-years responded 200 in 112.3943 ms
2026-04-19 18:00:41.134 +05:30 [INF] Serilog.AspNetCore.RequestLoggingMiddleware | CorrelationId:4961ec9ca226465dbe04e0d507aced04 | HTTP OPTIONS /api/students responded 204 in 0.2470 ms
2026-04-19 18:00:41.134 +05:30 [INF] Serilog.AspNetCore.RequestLoggingMiddleware | CorrelationId:fb58d4001e3349cb8bd939183283133c | HTTP OPTIONS /api/students responded 204 in 0.0400 ms
2026-04-19 18:00:41.238 +05:30 [INF] SmsApi.Middleware.LoggingActionFilter | CorrelationId:6833a40823474746bf2768c4909555cc | API Request: GET /api/students | User: Unknown | School: 550e8400-e29b-41d4-a716-446655440000
2026-04-19 18:00:41.238 +05:30 [INF] SmsApi.Middleware.LoggingActionFilter | CorrelationId:50efb074139c4032baad7202aba37cd4 | API Request: GET /api/students | User: Unknown | School: 550e8400-e29b-41d4-a716-446655440000
2026-04-19 18:00:41.357 +05:30 [INF] SmsApi.Middleware.LoggingActionFilter | CorrelationId:50efb074139c4032baad7202aba37cd4 | API Response: GET /api/students | Status: 200 | Duration: 119ms
2026-04-19 18:00:41.374 +05:30 [INF] SmsApi.Middleware.LoggingActionFilter | CorrelationId:6833a40823474746bf2768c4909555cc | API Response: GET /api/students | Status: 200 | Duration: 136ms
2026-04-19 18:00:41.395 +05:30 [INF] Serilog.AspNetCore.RequestLoggingMiddleware | CorrelationId:50efb074139c4032baad7202aba37cd4 | HTTP GET /api/students responded 200 in 179.7094 ms
2026-04-19 18:00:41.399 +05:30 [INF] Serilog.AspNetCore.RequestLoggingMiddleware | CorrelationId:6833a40823474746bf2768c4909555cc | HTTP GET /api/students responded 200 in 179.2826 ms
2026-04-19 18:00:42.594 +05:30 [INF] Serilog.AspNetCore.RequestLoggingMiddleware | CorrelationId:5da5e0673ae548738201515742c658d1 | HTTP OPTIONS /api/students responded 204 in 0.1353 ms
2026-04-19 18:00:42.594 +05:30 [INF] Serilog.AspNetCore.RequestLoggingMiddleware | CorrelationId:b1a432a64ce64e44bec85f84139887dd | HTTP OPTIONS /api/staff responded 204 in 0.0368 ms
2026-04-19 18:00:42.602 +05:30 [INF] Serilog.AspNetCore.RequestLoggingMiddleware | CorrelationId:fc4276be753d4b0cb506b9c8a8aacff5 | HTTP OPTIONS /api/staff responded 204 in 0.0893 ms
2026-04-19 18:00:42.604 +05:30 [INF] Serilog.AspNetCore.RequestLoggingMiddleware | CorrelationId:1fa14e139a20481e9d4ddae9d7c50a9e | HTTP OPTIONS /api/students responded 204 in 0.1080 ms
2026-04-19 18:00:42.638 +05:30 [INF] Serilog.AspNetCore.RequestLoggingMiddleware | CorrelationId:222164554ced496bb1a8ffaed1399514 | HTTP OPTIONS /api/fees/stats responded 204 in 0.1129 ms
2026-04-19 18:00:42.643 +05:30 [INF] Serilog.AspNetCore.RequestLoggingMiddleware | CorrelationId:7f099527bf0641fe898f6f987a5290d1 | HTTP OPTIONS /api/Attendance/records responded 204 in 0.0825 ms
2026-04-19 18:00:42.647 +05:30 [INF] Serilog.AspNetCore.RequestLoggingMiddleware | CorrelationId:9385fb55f59a43fcbb2feb962c26b693 | HTTP OPTIONS /api/Attendance/records responded 204 in 0.1319 ms
2026-04-19 18:00:42.654 +05:30 [INF] Serilog.AspNetCore.RequestLoggingMiddleware | CorrelationId:04ed6db1bd1c40b78740943c42148da1 | HTTP OPTIONS /api/fees/stats responded 204 in 0.0835 ms
2026-04-19 18:00:42.676 +05:30 [INF] SmsApi.Middleware.LoggingActionFilter | CorrelationId:fd1cdf8abcfc499a801ac8bbcfa98d11 | API Request: GET /api/students | User: Unknown | School: 550e8400-e29b-41d4-a716-446655440000
2026-04-19 18:00:42.683 +05:30 [INF] SmsApi.Middleware.LoggingActionFilter | CorrelationId:4d660020767a424f9f19ad2aca01d054 | API Request: GET /api/staff | User: Unknown | School: 550e8400-e29b-41d4-a716-446655440000
2026-04-19 18:00:42.687 +05:30 [INF] SmsApi.Middleware.LoggingActionFilter | CorrelationId:fd1cdf8abcfc499a801ac8bbcfa98d11 | API Response: GET /api/students | Status: 200 | Duration: 10ms
2026-04-19 18:00:42.696 +05:30 [INF] Serilog.AspNetCore.RequestLoggingMiddleware | CorrelationId:fd1cdf8abcfc499a801ac8bbcfa98d11 | HTTP GET /api/students responded 200 in 40.1150 ms
2026-04-19 18:00:42.689 +05:30 [INF] SmsApi.Middleware.LoggingActionFilter | CorrelationId:3c7b4af8b20242acbbcd982503ea1300 | API Request: GET /api/students | User: Unknown | School: 550e8400-e29b-41d4-a716-446655440000
2026-04-19 18:00:42.710 +05:30 [INF] SmsApi.Middleware.LoggingActionFilter | CorrelationId:3c7b4af8b20242acbbcd982503ea1300 | API Response: GET /api/students | Status: 200 | Duration: 21ms
2026-04-19 18:00:42.712 +05:30 [INF] Serilog.AspNetCore.RequestLoggingMiddleware | CorrelationId:3c7b4af8b20242acbbcd982503ea1300 | HTTP GET /api/students responded 200 in 30.3364 ms
2026-04-19 18:00:42.715 +05:30 [INF] SmsApi.Middleware.LoggingActionFilter | CorrelationId:4d660020767a424f9f19ad2aca01d054 | API Response: GET /api/staff | Status: 200 | Duration: 31ms
2026-04-19 18:00:42.743 +05:30 [INF] SmsApi.Middleware.LoggingActionFilter | CorrelationId:0e93d7046ae240e098a81d2cec96bafe | API Request: GET /api/fees/stats | User: Unknown | School: 550e8400-e29b-41d4-a716-446655440000
2026-04-19 18:00:42.782 +05:30 [INF] Serilog.AspNetCore.RequestLoggingMiddleware | CorrelationId:4d660020767a424f9f19ad2aca01d054 | HTTP GET /api/staff responded 200 in 111.6633 ms
2026-04-19 18:00:42.799 +05:30 [INF] SmsApi.Middleware.LoggingActionFilter | CorrelationId:551064fbda754f69bd5b3ed6806a1e7d | API Request: GET /api/fees/stats | User: Unknown | School: 550e8400-e29b-41d4-a716-446655440000
2026-04-19 18:00:42.942 +05:30 [INF] SmsApi.Middleware.LoggingActionFilter | CorrelationId:0be955e4a82c4c23832a58c444a0cbac | API Request: GET /api/Attendance/records | User: Unknown | School: 550e8400-e29b-41d4-a716-446655440000
2026-04-19 18:00:42.983 +05:30 [INF] SmsApi.Middleware.LoggingActionFilter | CorrelationId:3b59ad0ac5d84cb195674f5a7d2c6b8b | API Request: GET /api/staff | User: Unknown | School: 550e8400-e29b-41d4-a716-446655440000
2026-04-19 18:00:43.013 +05:30 [INF] SmsApi.Middleware.LoggingActionFilter | CorrelationId:3b59ad0ac5d84cb195674f5a7d2c6b8b | API Response: GET /api/staff | Status: 200 | Duration: 29ms
2026-04-19 18:00:43.057 +05:30 [INF] Serilog.AspNetCore.RequestLoggingMiddleware | CorrelationId:3b59ad0ac5d84cb195674f5a7d2c6b8b | HTTP GET /api/staff responded 200 in 354.6867 ms
2026-04-19 18:00:43.084 +05:30 [INF] SmsApi.Middleware.LoggingActionFilter | CorrelationId:b497b994e0284dd284b14eab3ea36a8d | API Request: GET /api/Attendance/records | User: Unknown | School: 550e8400-e29b-41d4-a716-446655440000
2026-04-19 18:00:43.265 +05:30 [INF] SmsApi.Middleware.LoggingActionFilter | CorrelationId:b497b994e0284dd284b14eab3ea36a8d | API Response: GET /api/Attendance/records | Status: 200 | Duration: 181ms
2026-04-19 18:00:43.266 +05:30 [INF] SmsApi.Middleware.LoggingActionFilter | CorrelationId:0be955e4a82c4c23832a58c444a0cbac | API Response: GET /api/Attendance/records | Status: 200 | Duration: 324ms
2026-04-19 18:00:43.302 +05:30 [INF] Serilog.AspNetCore.RequestLoggingMiddleware | CorrelationId:b497b994e0284dd284b14eab3ea36a8d | HTTP GET /api/Attendance/records responded 200 in 605.5073 ms
2026-04-19 18:00:43.310 +05:30 [INF] Serilog.AspNetCore.RequestLoggingMiddleware | CorrelationId:0be955e4a82c4c23832a58c444a0cbac | HTTP GET /api/Attendance/records responded 200 in 590.1031 ms
2026-04-19 18:00:43.320 +05:30 [WRN] SmsApi.Infrastructure.Performance.PerformanceMonitoringMiddleware | CorrelationId: | Slow request: GET /api/Attendance/records took 605ms — status 200.
2026-04-19 18:00:43.330 +05:30 [WRN] SmsApi.Infrastructure.Performance.PerformanceMonitoringMiddleware | CorrelationId: | Slow request: GET /api/Attendance/records took 590ms — status 200.
2026-04-19 18:00:43.536 +05:30 [INF] SmsApi.Middleware.LoggingActionFilter | CorrelationId:551064fbda754f69bd5b3ed6806a1e7d | API Response: GET /api/fees/stats | Status: 200 | Duration: 736ms
2026-04-19 18:00:43.538 +05:30 [INF] SmsApi.Middleware.LoggingActionFilter | CorrelationId:0e93d7046ae240e098a81d2cec96bafe | API Response: GET /api/fees/stats | Status: 200 | Duration: 794ms
2026-04-19 18:00:43.555 +05:30 [INF] Serilog.AspNetCore.RequestLoggingMiddleware | CorrelationId:551064fbda754f69bd5b3ed6806a1e7d | HTTP GET /api/fees/stats responded 200 in 770.7399 ms
2026-04-19 18:00:43.556 +05:30 [INF] Serilog.AspNetCore.RequestLoggingMiddleware | CorrelationId:0e93d7046ae240e098a81d2cec96bafe | HTTP GET /api/fees/stats responded 200 in 873.7563 ms
2026-04-19 18:00:43.563 +05:30 [WRN] SmsApi.Infrastructure.Performance.PerformanceMonitoringMiddleware | CorrelationId: | Slow request: GET /api/fees/stats took 770ms — status 200.
2026-04-19 18:00:43.564 +05:30 [WRN] SmsApi.Infrastructure.Performance.PerformanceMonitoringMiddleware | CorrelationId: | Slow request: GET /api/fees/stats took 873ms — status 200.
2026-04-19 18:07:12.345 +05:30 [INF] Serilog.AspNetCore.RequestLoggingMiddleware | CorrelationId:d755f6b78e224c3487fbd043c828fda8 | HTTP OPTIONS /api/academics/academic-years responded 204 in 0.8754 ms
2026-04-19 18:07:12.742 +05:30 [INF] Serilog.AspNetCore.RequestLoggingMiddleware | CorrelationId:dffad555654245b8a21136ba2427c479 | HTTP GET /api/academics/academic-years responded 401 in 185.9448 ms
2026-04-19 18:07:12.926 +05:30 [INF] Serilog.AspNetCore.RequestLoggingMiddleware | CorrelationId:7e5a175cafeb496bb08830eb7b4fdeaf | HTTP OPTIONS /api/academics/academic-years responded 204 in 0.0930 ms
2026-04-19 18:07:12.974 +05:30 [INF] Serilog.AspNetCore.RequestLoggingMiddleware | CorrelationId:f30cd971deca4a0fa1447830460a7cc4 | HTTP GET /api/academics/academic-years responded 401 in 1.3150 ms
2026-04-19 18:11:49.501 +05:30 [FTL]  | CorrelationId: | Application terminated unexpectedly
System.InvalidOperationException: Could not find 'UserSecretsIdAttribute' on assembly 'SmsApi'.
Check that the project for 'SmsApi' has set the 'UserSecretsId' build property.
If the 'UserSecretsId' property is already set then add a reference to the Microsoft.Extensions.Configuration.UserSecrets package.
   at Microsoft.Extensions.Configuration.UserSecretsConfigurationExtensions.AddUserSecrets(IConfigurationBuilder configuration, Assembly assembly, Boolean optional, Boolean reloadOnChange)
   at Program.<Main>$(String[] args) in C:\Vitana\Vitana Group\sms-api\Program.cs:line 59
2026-04-19 18:15:08.357 +05:30 [INF]  | CorrelationId: | Using distributed in-memory cache (development only)
2026-04-19 18:15:10.619 +05:30 [WRN] Microsoft.EntityFrameworkCore.Model.Validation | CorrelationId: | Entity 'Staff' has a global query filter defined and is the required end of a relationship with the entity 'Certificate'. This may lead to unexpected results when the required entity is filtered out. Either configure the navigation as optional, or define matching query filters for both entities in the navigation. See https://go.microsoft.com/fwlink/?linkid=2131316 for more information.
2026-04-19 18:15:10.631 +05:30 [WRN] Microsoft.EntityFrameworkCore.Model.Validation | CorrelationId: | Entity 'School' has a global query filter defined and is the required end of a relationship with the entity 'CertificateTemplate'. This may lead to unexpected results when the required entity is filtered out. Either configure the navigation as optional, or define matching query filters for both entities in the navigation. See https://go.microsoft.com/fwlink/?linkid=2131316 for more information.
2026-04-19 18:15:10.636 +05:30 [WRN] Microsoft.EntityFrameworkCore.Model.Validation | CorrelationId: | Entity 'School' has a global query filter defined and is the required end of a relationship with the entity 'Document'. This may lead to unexpected results when the required entity is filtered out. Either configure the navigation as optional, or define matching query filters for both entities in the navigation. See https://go.microsoft.com/fwlink/?linkid=2131316 for more information.
2026-04-19 18:15:10.646 +05:30 [WRN] Microsoft.EntityFrameworkCore.Model.Validation | CorrelationId: | Entity 'School' has a global query filter defined and is the required end of a relationship with the entity 'DocumentCategory'. This may lead to unexpected results when the required entity is filtered out. Either configure the navigation as optional, or define matching query filters for both entities in the navigation. See https://go.microsoft.com/fwlink/?linkid=2131316 for more information.
2026-04-19 18:15:10.659 +05:30 [WRN] Microsoft.EntityFrameworkCore.Model.Validation | CorrelationId: | Entity 'School' has a global query filter defined and is the required end of a relationship with the entity 'FeeAuditLog'. This may lead to unexpected results when the required entity is filtered out. Either configure the navigation as optional, or define matching query filters for both entities in the navigation. See https://go.microsoft.com/fwlink/?linkid=2131316 for more information.
2026-04-19 18:15:10.672 +05:30 [WRN] Microsoft.EntityFrameworkCore.Model.Validation | CorrelationId: | Entity 'School' has a global query filter defined and is the required end of a relationship with the entity 'Holiday'. This may lead to unexpected results when the required entity is filtered out. Either configure the navigation as optional, or define matching query filters for both entities in the navigation. See https://go.microsoft.com/fwlink/?linkid=2131316 for more information.
2026-04-19 18:15:10.687 +05:30 [WRN] Microsoft.EntityFrameworkCore.Model.Validation | CorrelationId: | Entity 'School' has a global query filter defined and is the required end of a relationship with the entity 'IDCard'. This may lead to unexpected results when the required entity is filtered out. Either configure the navigation as optional, or define matching query filters for both entities in the navigation. See https://go.microsoft.com/fwlink/?linkid=2131316 for more information.
2026-04-19 18:15:10.696 +05:30 [WRN] Microsoft.EntityFrameworkCore.Model.Validation | CorrelationId: | Entity 'School' has a global query filter defined and is the required end of a relationship with the entity 'IDCardTemplate'. This may lead to unexpected results when the required entity is filtered out. Either configure the navigation as optional, or define matching query filters for both entities in the navigation. See https://go.microsoft.com/fwlink/?linkid=2131316 for more information.
2026-04-19 18:15:10.706 +05:30 [WRN] Microsoft.EntityFrameworkCore.Model.Validation | CorrelationId: | Entity 'UserLogin' has a global query filter defined and is the required end of a relationship with the entity 'PasswordResetToken'. This may lead to unexpected results when the required entity is filtered out. Either configure the navigation as optional, or define matching query filters for both entities in the navigation. See https://go.microsoft.com/fwlink/?linkid=2131316 for more information.
2026-04-19 18:15:10.713 +05:30 [WRN] Microsoft.EntityFrameworkCore.Model.Validation | CorrelationId: | Entity 'School' has a global query filter defined and is the required end of a relationship with the entity 'PromotionHistory'. This may lead to unexpected results when the required entity is filtered out. Either configure the navigation as optional, or define matching query filters for both entities in the navigation. See https://go.microsoft.com/fwlink/?linkid=2131316 for more information.
2026-04-19 18:15:10.819 +05:30 [WRN] Microsoft.EntityFrameworkCore.Model.Validation | CorrelationId: | The foreign key property 'Staff.ReportingToId1' was created in shadow state because a conflicting property with the simple name 'ReportingToId' exists in the entity type, but is either not mapped, is already used for another relationship, or is incompatible with the associated primary key type. See https://aka.ms/efcore-relationships for information on mapping relationships in EF Core.
2026-04-19 18:15:12.084 +05:30 [INF] Program | CorrelationId: | Database migrations applied successfully.
2026-04-19 18:15:13.101 +05:30 [INF] Microsoft.Hosting.Lifetime | CorrelationId: | Now listening on: http://localhost:5092
2026-04-19 18:15:13.103 +05:30 [INF] Microsoft.Hosting.Lifetime | CorrelationId: | Application started. Press Ctrl+C to shut down.
2026-04-19 18:15:13.104 +05:30 [INF] Microsoft.Hosting.Lifetime | CorrelationId: | Hosting environment: Development
2026-04-19 18:15:13.108 +05:30 [INF] Microsoft.Hosting.Lifetime | CorrelationId: | Content root path: C:\Vitana\Vitana Group\sms-api
2026-04-19 18:15:30.765 +05:30 [WRN] Microsoft.AspNetCore.HttpsPolicy.HttpsRedirectionMiddleware | CorrelationId:2635c811bb4f430f8708c69a8e157b79 | Failed to determine the https port for redirect.
2026-04-19 18:15:31.052 +05:30 [INF] Serilog.AspNetCore.RequestLoggingMiddleware | CorrelationId:2635c811bb4f430f8708c69a8e157b79 | HTTP POST /api/Auth/login responded 400 in 297.5492 ms
2026-04-19 18:15:31.099 +05:30 [INF] Serilog.AspNetCore.RequestLoggingMiddleware | CorrelationId:478ff225cd0b4811bc396e0ac170e5ea | HTTP POST /api/LeaveManagement/types responded 401 in 6.5128 ms
2026-04-19 18:15:31.114 +05:30 [INF] Serilog.AspNetCore.RequestLoggingMiddleware | CorrelationId:aa22509b3fc54519918b43a62166713b | HTTP POST /api/LeaveManagement/types responded 401 in 4.3987 ms
2026-04-19 18:15:31.127 +05:30 [INF] Serilog.AspNetCore.RequestLoggingMiddleware | CorrelationId:d242c79f0a0f48cd9148b66ae1557ce6 | HTTP POST /api/LeaveManagement/types responded 401 in 0.9033 ms
2026-04-19 18:15:31.154 +05:30 [INF] Serilog.AspNetCore.RequestLoggingMiddleware | CorrelationId:3aadf084ddfa4aee8fd4a31a7b4e1898 | HTTP POST /api/LeaveManagement/types responded 401 in 0.2396 ms
2026-04-19 18:15:31.319 +05:30 [INF] Serilog.AspNetCore.RequestLoggingMiddleware | CorrelationId:f4c7f73ef0164487bcc6ac9b77ccfe31 | HTTP GET /api/LeaveManagement/requests responded 401 in 48.3903 ms
2026-04-19 18:16:26.023 +05:30 [INF] Serilog.AspNetCore.RequestLoggingMiddleware | CorrelationId:89b46bdff66941b09b8e609ec853e8a5 | HTTP GET /api/health responded 404 in 7.5908 ms
2026-04-19 18:16:35.183 +05:30 [INF] Serilog.AspNetCore.RequestLoggingMiddleware | CorrelationId:1663357aa045469bb05786dc5a05461d | HTTP GET /api/Auth/health responded 404 in 3.6658 ms
2026-04-19 18:16:44.862 +05:30 [INF] Serilog.AspNetCore.RequestLoggingMiddleware | CorrelationId:07280d656b424a378475a7be1b13de4c | HTTP GET /api/Staff responded 401 in 1.6005 ms
2026-04-19 18:16:44.983 +05:30 [INF] SmsApi.Middleware.LoggingActionFilter | CorrelationId:00f3a6bbaec441bc9c988966f72f48a6 | API Request: POST /api/Auth/login | User: Unknown | School: Unknown
2026-04-19 18:16:45.631 +05:30 [INF] SmsApi.Middleware.LoggingActionFilter | CorrelationId:00f3a6bbaec441bc9c988966f72f48a6 | API Response: POST /api/Auth/login | Status: 200 | Duration: 649ms
2026-04-19 18:16:45.649 +05:30 [INF] Serilog.AspNetCore.RequestLoggingMiddleware | CorrelationId:00f3a6bbaec441bc9c988966f72f48a6 | HTTP POST /api/Auth/login responded 401 in 676.9347 ms
2026-04-19 18:16:45.655 +05:30 [WRN] SmsApi.Infrastructure.Performance.PerformanceMonitoringMiddleware | CorrelationId: | Slow request: POST /api/Auth/login took 669ms — status 401.
2026-04-19 18:16:45.668 +05:30 [INF] SmsApi.Middleware.LoggingActionFilter | CorrelationId:5103be2c0e8d4380aae2f63794fcecba | API Request: POST /api/Auth/login | User: Unknown | School: Unknown
2026-04-19 18:16:46.053 +05:30 [INF] SmsApi.Middleware.LoggingActionFilter | CorrelationId:5103be2c0e8d4380aae2f63794fcecba | API Response: POST /api/Auth/login | Status: 200 | Duration: 385ms
2026-04-19 18:16:46.058 +05:30 [INF] Serilog.AspNetCore.RequestLoggingMiddleware | CorrelationId:5103be2c0e8d4380aae2f63794fcecba | HTTP POST /api/Auth/login responded 401 in 392.8379 ms
2026-04-19 18:16:46.069 +05:30 [INF] SmsApi.Middleware.LoggingActionFilter | CorrelationId:a8a88fd78fc1412d905f89e19375303f | API Request: POST /api/Auth/login | User: Unknown | School: Unknown
2026-04-19 18:16:46.441 +05:30 [INF] SmsApi.Middleware.LoggingActionFilter | CorrelationId:a8a88fd78fc1412d905f89e19375303f | API Response: POST /api/Auth/login | Status: 200 | Duration: 371ms
2026-04-19 18:16:46.473 +05:30 [INF] Serilog.AspNetCore.RequestLoggingMiddleware | CorrelationId:a8a88fd78fc1412d905f89e19375303f | HTTP POST /api/Auth/login responded 401 in 404.2802 ms
2026-04-19 18:16:46.491 +05:30 [INF] SmsApi.Middleware.LoggingActionFilter | CorrelationId:8d818b2ef6844c4594f66087ddefe0a6 | API Request: POST /api/Auth/login | User: Unknown | School: Unknown
2026-04-19 18:16:46.497 +05:30 [WRN] SmsApi.Controllers.AuthController | CorrelationId:8d818b2ef6844c4594f66087ddefe0a6 | Login failed: user not found for identifier admin@school.com
2026-04-19 18:16:46.499 +05:30 [INF] SmsApi.Middleware.LoggingActionFilter | CorrelationId:8d818b2ef6844c4594f66087ddefe0a6 | API Response: POST /api/Auth/login | Status: 200 | Duration: 8ms
2026-04-19 18:16:46.507 +05:30 [INF] Serilog.AspNetCore.RequestLoggingMiddleware | CorrelationId:8d818b2ef6844c4594f66087ddefe0a6 | HTTP POST /api/Auth/login responded 401 in 16.8459 ms
2026-04-19 18:16:46.538 +05:30 [INF] Serilog.AspNetCore.RequestLoggingMiddleware | CorrelationId:6ef95bd3fdfb43a19b76d4cd94515fa6 | HTTP GET /api/LeaveManagement/requests responded 401 in 0.1923 ms
2026-04-19 18:18:21.733 +05:30 [INF] Serilog.AspNetCore.RequestLoggingMiddleware | CorrelationId:1e559ee0e6db485cb62746ba6966469a | HTTP OPTIONS /api/auth/login responded 204 in 28.9643 ms
2026-04-19 18:18:21.872 +05:30 [INF] SmsApi.Middleware.LoggingActionFilter | CorrelationId:af496885d1da438f9f16c4807a98df59 | API Request: POST /api/auth/login | User: Unknown | School: Unknown
2026-04-19 18:18:22.594 +05:30 [INF] SmsApi.Controllers.AuthController | CorrelationId:af496885d1da438f9f16c4807a98df59 | Login successful for admin (SchoolId: "550e8400-e29b-41d4-a716-446655440000")
2026-04-19 18:18:22.597 +05:30 [INF] SmsApi.Middleware.LoggingActionFilter | CorrelationId:af496885d1da438f9f16c4807a98df59 | API Response: POST /api/auth/login | Status: 200 | Duration: 725ms
2026-04-19 18:18:22.653 +05:30 [INF] Serilog.AspNetCore.RequestLoggingMiddleware | CorrelationId:af496885d1da438f9f16c4807a98df59 | HTTP POST /api/auth/login responded 200 in 800.4949 ms
2026-04-19 18:18:22.679 +05:30 [WRN] SmsApi.Infrastructure.Performance.PerformanceMonitoringMiddleware | CorrelationId: | Slow request: POST /api/auth/login took 792ms — status 200.
2026-04-19 18:18:23.074 +05:30 [INF] Serilog.AspNetCore.RequestLoggingMiddleware | CorrelationId:8bcda1d5b1bb4906806d988137441d6a | HTTP OPTIONS /api/staff responded 204 in 0.2763 ms
2026-04-19 18:18:23.077 +05:30 [INF] Serilog.AspNetCore.RequestLoggingMiddleware | CorrelationId:84a451748d74435d8b211838e7264279 | HTTP OPTIONS /api/students responded 204 in 0.8890 ms
2026-04-19 18:18:23.074 +05:30 [INF] Serilog.AspNetCore.RequestLoggingMiddleware | CorrelationId:da9064890ce9449ca73ce0c72ac6eb8d | HTTP OPTIONS /api/settings/school/me responded 204 in 0.0372 ms
2026-04-19 18:18:23.110 +05:30 [INF] Serilog.AspNetCore.RequestLoggingMiddleware | CorrelationId:8d9cb233855b4c20aedc3d5c1f0ac772 | HTTP OPTIONS /api/Attendance/records responded 204 in 0.0885 ms
2026-04-19 18:18:23.122 +05:30 [INF] Serilog.AspNetCore.RequestLoggingMiddleware | CorrelationId:6e87abfa7c4448dabe70d2f9728b2240 | HTTP OPTIONS /api/fees/stats responded 204 in 0.0736 ms
2026-04-19 18:18:23.131 +05:30 [INF] Serilog.AspNetCore.RequestLoggingMiddleware | CorrelationId:2a18b1f6953e46b08fbf384eac107eee | HTTP OPTIONS /api/students responded 204 in 0.0879 ms
2026-04-19 18:18:23.634 +05:30 [WRN] SmsApi.Infrastructure.Performance.PerformanceMonitoringMiddleware | CorrelationId: | Slow request: OPTIONS /api/students took 504ms — status 204.
2026-04-19 18:18:23.239 +05:30 [INF] Serilog.AspNetCore.RequestLoggingMiddleware | CorrelationId:f8d4337e71bf42ed9cc63d1d6df19bde | HTTP OPTIONS /api/Attendance/records responded 204 in 0.2850 ms
2026-04-19 18:18:23.605 +05:30 [INF] Serilog.AspNetCore.RequestLoggingMiddleware | CorrelationId:220db742fecd4fe5adb8fc42986ba5c4 | HTTP OPTIONS /api/fees/stats responded 204 in 0.2662 ms
2026-04-19 18:18:23.618 +05:30 [WRN] SmsApi.Infrastructure.Performance.PerformanceMonitoringMiddleware | CorrelationId: | Slow request: OPTIONS /api/Attendance/records took 508ms — status 204.
2026-04-19 18:18:23.624 +05:30 [WRN] SmsApi.Infrastructure.Performance.PerformanceMonitoringMiddleware | CorrelationId: | Slow request: OPTIONS /api/fees/stats took 502ms — status 204.
2026-04-19 18:18:23.177 +05:30 [INF] Serilog.AspNetCore.RequestLoggingMiddleware | CorrelationId:35f6f6f35a0447cf802d1a1f8e624bee | HTTP OPTIONS /api/staff responded 204 in 0.1405 ms
2026-04-19 18:18:23.810 +05:30 [WRN] SmsApi.Infrastructure.Performance.PerformanceMonitoringMiddleware | CorrelationId: | Slow request: OPTIONS /api/staff took 633ms — status 204.
2026-04-19 18:18:23.817 +05:30 [INF] SmsApi.Middleware.LoggingActionFilter | CorrelationId:da48635b668e4a518d13ca4cced076bd | API Request: GET /api/settings/school/me | User: Unknown | School: 550e8400-e29b-41d4-a716-446655440000
2026-04-19 18:18:24.090 +05:30 [INF] SmsApi.Middleware.LoggingActionFilter | CorrelationId:feb966cfb35c4ef3a246fd5573ed13d1 | API Request: GET /api/staff | User: Unknown | School: 550e8400-e29b-41d4-a716-446655440000
2026-04-19 18:18:24.182 +05:30 [INF] SmsApi.Middleware.LoggingActionFilter | CorrelationId:37600b18cbfb4e41ab7f7bb9c7a13c06 | API Request: GET /api/fees/stats | User: Unknown | School: 550e8400-e29b-41d4-a716-446655440000
2026-04-19 18:18:24.211 +05:30 [INF] SmsApi.Middleware.LoggingActionFilter | CorrelationId:e294f104d96a4fe19e02f94871c3774a | API Request: GET /api/students | User: Unknown | School: 550e8400-e29b-41d4-a716-446655440000
2026-04-19 18:18:24.211 +05:30 [INF] SmsApi.Middleware.LoggingActionFilter | CorrelationId:55b6d79cb2674277ba0d4290cf824a87 | API Request: GET /api/students | User: Unknown | School: 550e8400-e29b-41d4-a716-446655440000
2026-04-19 18:18:24.226 +05:30 [INF] SmsApi.Middleware.LoggingActionFilter | CorrelationId:8e6d6dc6d517415fa7cd9a9ff65699a7 | API Request: GET /api/fees/stats | User: Unknown | School: 550e8400-e29b-41d4-a716-446655440000
2026-04-19 18:18:24.227 +05:30 [INF] SmsApi.Middleware.LoggingActionFilter | CorrelationId:4db979bfa00b44d6a5919157681e06e8 | API Request: GET /api/Attendance/records | User: Unknown | School: 550e8400-e29b-41d4-a716-446655440000
2026-04-19 18:18:24.227 +05:30 [INF] SmsApi.Middleware.LoggingActionFilter | CorrelationId:660801d802ef417db1ddb0f8e615827a | API Request: GET /api/Attendance/records | User: Unknown | School: 550e8400-e29b-41d4-a716-446655440000
2026-04-19 18:18:24.231 +05:30 [INF] SmsApi.Middleware.LoggingActionFilter | CorrelationId:25ef59a92b114d7984084891dd173014 | API Request: GET /api/staff | User: Unknown | School: 550e8400-e29b-41d4-a716-446655440000
2026-04-19 18:18:24.627 +05:30 [INF] SmsApi.Middleware.LoggingActionFilter | CorrelationId:da48635b668e4a518d13ca4cced076bd | API Response: GET /api/settings/school/me | Status: 200 | Duration: 810ms
2026-04-19 18:18:24.819 +05:30 [INF] SmsApi.Middleware.LoggingActionFilter | CorrelationId:feb966cfb35c4ef3a246fd5573ed13d1 | API Response: GET /api/staff | Status: 200 | Duration: 729ms
2026-04-19 18:18:25.233 +05:30 [INF] SmsApi.Middleware.LoggingActionFilter | CorrelationId:e294f104d96a4fe19e02f94871c3774a | API Response: GET /api/students | Status: 200 | Duration: 1022ms
2026-04-19 18:18:25.233 +05:30 [INF] SmsApi.Middleware.LoggingActionFilter | CorrelationId:55b6d79cb2674277ba0d4290cf824a87 | API Response: GET /api/students | Status: 200 | Duration: 1022ms
2026-04-19 18:18:25.253 +05:30 [INF] SmsApi.Middleware.LoggingActionFilter | CorrelationId:25ef59a92b114d7984084891dd173014 | API Response: GET /api/staff | Status: 200 | Duration: 1021ms
2026-04-19 18:18:25.323 +05:30 [INF] Serilog.AspNetCore.RequestLoggingMiddleware | CorrelationId:da48635b668e4a518d13ca4cced076bd | HTTP GET /api/settings/school/me responded 200 in 1561.1831 ms
2026-04-19 18:18:25.504 +05:30 [WRN] SmsApi.Infrastructure.Performance.PerformanceMonitoringMiddleware | CorrelationId: | Slow request: GET /api/settings/school/me took 1762ms — status 200.
2026-04-19 18:18:25.447 +05:30 [INF] SmsApi.Middleware.LoggingActionFilter | CorrelationId:4db979bfa00b44d6a5919157681e06e8 | API Response: GET /api/Attendance/records | Status: 200 | Duration: 1220ms
2026-04-19 18:18:25.447 +05:30 [INF] SmsApi.Middleware.LoggingActionFilter | CorrelationId:660801d802ef417db1ddb0f8e615827a | API Response: GET /api/Attendance/records | Status: 200 | Duration: 1220ms
2026-04-19 18:18:25.448 +05:30 [INF] Serilog.AspNetCore.RequestLoggingMiddleware | CorrelationId:e294f104d96a4fe19e02f94871c3774a | HTTP GET /api/students responded 200 in 1715.8653 ms
2026-04-19 18:18:25.459 +05:30 [INF] Serilog.AspNetCore.RequestLoggingMiddleware | CorrelationId:55b6d79cb2674277ba0d4290cf824a87 | HTTP GET /api/students responded 200 in 1704.5320 ms
2026-04-19 18:18:25.480 +05:30 [INF] Serilog.AspNetCore.RequestLoggingMiddleware | CorrelationId:25ef59a92b114d7984084891dd173014 | HTTP GET /api/staff responded 200 in 1253.9930 ms
2026-04-19 18:18:25.380 +05:30 [INF] Serilog.AspNetCore.RequestLoggingMiddleware | CorrelationId:feb966cfb35c4ef3a246fd5573ed13d1 | HTTP GET /api/staff responded 200 in 1707.6508 ms
2026-04-19 18:18:25.559 +05:30 [INF] Serilog.AspNetCore.RequestLoggingMiddleware | CorrelationId:4db979bfa00b44d6a5919157681e06e8 | HTTP GET /api/Attendance/records responded 200 in 1770.3373 ms
2026-04-19 18:18:25.606 +05:30 [INF] Serilog.AspNetCore.RequestLoggingMiddleware | CorrelationId:660801d802ef417db1ddb0f8e615827a | HTTP GET /api/Attendance/records responded 200 in 1416.2736 ms
2026-04-19 18:18:25.662 +05:30 [WRN] SmsApi.Infrastructure.Performance.PerformanceMonitoringMiddleware | CorrelationId: | Slow request: GET /api/students took 1929ms — status 200.
2026-04-19 18:18:25.663 +05:30 [WRN] SmsApi.Infrastructure.Performance.PerformanceMonitoringMiddleware | CorrelationId: | Slow request: GET /api/students took 1908ms — status 200.
2026-04-19 18:18:25.703 +05:30 [WRN] SmsApi.Infrastructure.Performance.PerformanceMonitoringMiddleware | CorrelationId: | Slow request: GET /api/staff took 1476ms — status 200.
2026-04-19 18:18:25.779 +05:30 [ERR] SmsApi.Infrastructure.Performance.PerformanceMonitoringMiddleware | CorrelationId: | SLA BREACH: GET /api/staff took 2106ms — status 200. Investigate immediately.
2026-04-19 18:18:25.796 +05:30 [ERR] SmsApi.Infrastructure.Performance.PerformanceMonitoringMiddleware | CorrelationId: | SLA BREACH: GET /api/Attendance/records took 2008ms — status 200. Investigate immediately.
2026-04-19 18:18:25.815 +05:30 [WRN] SmsApi.Infrastructure.Performance.PerformanceMonitoringMiddleware | CorrelationId: | Slow request: GET /api/Attendance/records took 1625ms — status 200.
2026-04-19 18:18:25.833 +05:30 [INF] SmsApi.Middleware.LoggingActionFilter | CorrelationId:8e6d6dc6d517415fa7cd9a9ff65699a7 | API Response: GET /api/fees/stats | Status: 200 | Duration: 1606ms
2026-04-19 18:18:25.833 +05:30 [INF] SmsApi.Middleware.LoggingActionFilter | CorrelationId:37600b18cbfb4e41ab7f7bb9c7a13c06 | API Response: GET /api/fees/stats | Status: 200 | Duration: 1651ms
2026-04-19 18:18:26.540 +05:30 [INF] Serilog.AspNetCore.RequestLoggingMiddleware | CorrelationId:8e6d6dc6d517415fa7cd9a9ff65699a7 | HTTP GET /api/fees/stats responded 200 in 2341.7190 ms
2026-04-19 18:18:26.571 +05:30 [INF] Serilog.AspNetCore.RequestLoggingMiddleware | CorrelationId:37600b18cbfb4e41ab7f7bb9c7a13c06 | HTTP GET /api/fees/stats responded 200 in 2723.8407 ms
2026-04-19 18:18:26.586 +05:30 [ERR] SmsApi.Infrastructure.Performance.PerformanceMonitoringMiddleware | CorrelationId: | SLA BREACH: GET /api/fees/stats took 2392ms — status 200. Investigate immediately.
2026-04-19 18:18:26.609 +05:30 [ERR] SmsApi.Infrastructure.Performance.PerformanceMonitoringMiddleware | CorrelationId: | SLA BREACH: GET /api/fees/stats took 2761ms — status 200. Investigate immediately.
2026-04-19 18:18:30.556 +05:30 [INF] Serilog.AspNetCore.RequestLoggingMiddleware | CorrelationId:943e538bef2245a6a20d849e93f2343e | HTTP OPTIONS /api/staff responded 204 in 0.9523 ms
2026-04-19 18:18:30.556 +05:30 [INF] Serilog.AspNetCore.RequestLoggingMiddleware | CorrelationId:446c4cc4929944249de444ec36aa4f8f | HTTP OPTIONS /api/Attendance/records responded 204 in 0.0732 ms
2026-04-19 18:18:30.565 +05:30 [INF] Serilog.AspNetCore.RequestLoggingMiddleware | CorrelationId:777ab074aadf45aeab111d77906b8848 | HTTP OPTIONS /api/fees/stats responded 204 in 0.1099 ms
2026-04-19 18:18:30.626 +05:30 [INF] Serilog.AspNetCore.RequestLoggingMiddleware | CorrelationId:605e2987b87942f6a276fe9533b44cf2 | HTTP OPTIONS /api/academics/academic-years responded 204 in 0.0782 ms
2026-04-19 18:18:30.626 +05:30 [INF] Serilog.AspNetCore.RequestLoggingMiddleware | CorrelationId:6e57b1afce734b36ac86dbce7fbcd3d7 | HTTP OPTIONS /api/students responded 204 in 0.0779 ms
2026-04-19 18:18:30.626 +05:30 [INF] Serilog.AspNetCore.RequestLoggingMiddleware | CorrelationId:fb430ea63c964bb0baa8521c60a93789 | HTTP OPTIONS /api/students responded 204 in 74.2806 ms
2026-04-19 18:18:31.535 +05:30 [WRN] SmsApi.Infrastructure.Performance.PerformanceMonitoringMiddleware | CorrelationId: | Slow request: OPTIONS /api/staff took 980ms — status 204.
2026-04-19 18:18:31.541 +05:30 [WRN] SmsApi.Infrastructure.Performance.PerformanceMonitoringMiddleware | CorrelationId: | Slow request: OPTIONS /api/Attendance/records took 985ms — status 204.
2026-04-19 18:18:31.559 +05:30 [WRN] SmsApi.Infrastructure.Performance.PerformanceMonitoringMiddleware | CorrelationId: | Slow request: OPTIONS /api/fees/stats took 993ms — status 204.
2026-04-19 18:18:31.586 +05:30 [WRN] SmsApi.Infrastructure.Performance.PerformanceMonitoringMiddleware | CorrelationId: | Slow request: OPTIONS /api/academics/academic-years took 959ms — status 204.
2026-04-19 18:18:31.599 +05:30 [WRN] SmsApi.Infrastructure.Performance.PerformanceMonitoringMiddleware | CorrelationId: | Slow request: OPTIONS /api/students took 972ms — status 204.
2026-04-19 18:18:31.609 +05:30 [WRN] SmsApi.Infrastructure.Performance.PerformanceMonitoringMiddleware | CorrelationId: | Slow request: OPTIONS /api/students took 1056ms — status 204.
2026-04-19 18:18:31.638 +05:30 [INF] Serilog.AspNetCore.RequestLoggingMiddleware | CorrelationId:d44f30571bf543fea8d512c60354425a | HTTP OPTIONS /api/staff responded 204 in 0.2954 ms
2026-04-19 18:18:31.689 +05:30 [INF] Serilog.AspNetCore.RequestLoggingMiddleware | CorrelationId:1da0e7869ea84c0494093e94c421be20 | HTTP OPTIONS /api/Attendance/records responded 204 in 0.0630 ms
2026-04-19 18:18:31.707 +05:30 [INF] Serilog.AspNetCore.RequestLoggingMiddleware | CorrelationId:f88738dc4ebc48c0ad16b032fc33b85c | HTTP OPTIONS /api/fees/stats responded 204 in 0.0715 ms
2026-04-19 18:18:31.717 +05:30 [INF] Serilog.AspNetCore.RequestLoggingMiddleware | CorrelationId:9638d5d9f09046b7ba822e74f8221551 | HTTP OPTIONS /api/academics/academic-years responded 204 in 0.1032 ms
2026-04-19 18:18:31.723 +05:30 [INF] Serilog.AspNetCore.RequestLoggingMiddleware | CorrelationId:80fab52a1103419cb58809b35dfa6edf | HTTP OPTIONS /api/settings/school/me responded 204 in 0.0782 ms
2026-04-19 18:18:31.762 +05:30 [INF] SmsApi.Middleware.LoggingActionFilter | CorrelationId:6175cc13f0d1474c9c6535637e859788 | API Request: GET /api/staff | User: Unknown | School: 550e8400-e29b-41d4-a716-446655440000
2026-04-19 18:18:31.763 +05:30 [INF] SmsApi.Middleware.LoggingActionFilter | CorrelationId:97e040ec4c8f4c8ebfcd9b5476e5db44 | API Request: GET /api/Attendance/records | User: Unknown | School: 550e8400-e29b-41d4-a716-446655440000
2026-04-19 18:18:31.795 +05:30 [INF] SmsApi.Middleware.LoggingActionFilter | CorrelationId:d4593151062d449b9232c5c6ee6c9711 | API Request: GET /api/fees/stats | User: Unknown | School: 550e8400-e29b-41d4-a716-446655440000
2026-04-19 18:18:31.813 +05:30 [INF] SmsApi.Middleware.LoggingActionFilter | CorrelationId:62c6d5dcae7c46d68e9e9ac2a8520767 | API Request: GET /api/academics/academic-years | User: Unknown | School: 550e8400-e29b-41d4-a716-446655440000
2026-04-19 18:18:31.900 +05:30 [INF] SmsApi.Middleware.LoggingActionFilter | CorrelationId:41aeb24983f04c9da33ff7de96ea4fc5 | API Request: GET /api/staff | User: Unknown | School: 550e8400-e29b-41d4-a716-446655440000
2026-04-19 18:18:31.912 +05:30 [INF] SmsApi.Middleware.LoggingActionFilter | CorrelationId:6175cc13f0d1474c9c6535637e859788 | API Response: GET /api/staff | Status: 200 | Duration: 149ms
2026-04-19 18:18:31.947 +05:30 [INF] SmsApi.Middleware.LoggingActionFilter | CorrelationId:41aeb24983f04c9da33ff7de96ea4fc5 | API Response: GET /api/staff | Status: 200 | Duration: 47ms
2026-04-19 18:18:31.957 +05:30 [INF] SmsApi.Middleware.LoggingActionFilter | CorrelationId:d4593151062d449b9232c5c6ee6c9711 | API Response: GET /api/fees/stats | Status: 200 | Duration: 161ms
2026-04-19 18:18:31.964 +05:30 [INF] SmsApi.Middleware.LoggingActionFilter | CorrelationId:97e040ec4c8f4c8ebfcd9b5476e5db44 | API Response: GET /api/Attendance/records | Status: 200 | Duration: 200ms
2026-04-19 18:18:32.011 +05:30 [INF] Serilog.AspNetCore.RequestLoggingMiddleware | CorrelationId:6175cc13f0d1474c9c6535637e859788 | HTTP GET /api/staff responded 200 in 278.6367 ms
2026-04-19 18:18:32.011 +05:30 [INF] Serilog.AspNetCore.RequestLoggingMiddleware | CorrelationId:41aeb24983f04c9da33ff7de96ea4fc5 | HTTP GET /api/staff responded 200 in 118.4983 ms
2026-04-19 18:18:32.020 +05:30 [INF] Serilog.AspNetCore.RequestLoggingMiddleware | CorrelationId:d4593151062d449b9232c5c6ee6c9711 | HTTP GET /api/fees/stats responded 200 in 246.8734 ms
2026-04-19 18:18:32.031 +05:30 [INF] Serilog.AspNetCore.RequestLoggingMiddleware | CorrelationId:97e040ec4c8f4c8ebfcd9b5476e5db44 | HTTP GET /api/Attendance/records responded 200 in 287.1348 ms
2026-04-19 18:18:32.092 +05:30 [INF] SmsApi.Middleware.LoggingActionFilter | CorrelationId:c49dcc1dc1284ad6a8233538358a5468 | API Request: GET /api/students | User: Unknown | School: 550e8400-e29b-41d4-a716-446655440000
2026-04-19 18:18:32.134 +05:30 [INF] SmsApi.Middleware.LoggingActionFilter | CorrelationId:cb7aa4e1ec8a4b49835b18db67aafc43 | API Request: GET /api/Attendance/records | User: Unknown | School: 550e8400-e29b-41d4-a716-446655440000
2026-04-19 18:18:32.142 +05:30 [INF] SmsApi.Middleware.LoggingActionFilter | CorrelationId:5d03f82cdcbe4e7e9d4205500b05cf47 | API Request: GET /api/students | User: Unknown | School: 550e8400-e29b-41d4-a716-446655440000
2026-04-19 18:18:32.177 +05:30 [INF] SmsApi.Middleware.LoggingActionFilter | CorrelationId:62c6d5dcae7c46d68e9e9ac2a8520767 | API Response: GET /api/academics/academic-years | Status: 200 | Duration: 363ms
2026-04-19 18:18:32.177 +05:30 [INF] SmsApi.Middleware.LoggingActionFilter | CorrelationId:66ba364634e84802ab16689b14d74856 | API Request: GET /api/fees/stats | User: Unknown | School: 550e8400-e29b-41d4-a716-446655440000
2026-04-19 18:18:32.188 +05:30 [INF] SmsApi.Middleware.LoggingActionFilter | CorrelationId:c49dcc1dc1284ad6a8233538358a5468 | API Response: GET /api/students | Status: 200 | Duration: 96ms
2026-04-19 18:18:32.200 +05:30 [INF] SmsApi.Middleware.LoggingActionFilter | CorrelationId:cb7aa4e1ec8a4b49835b18db67aafc43 | API Response: GET /api/Attendance/records | Status: 200 | Duration: 65ms
2026-04-19 18:18:32.232 +05:30 [INF] Serilog.AspNetCore.RequestLoggingMiddleware | CorrelationId:cb7aa4e1ec8a4b49835b18db67aafc43 | HTTP GET /api/Attendance/records responded 200 in 112.1728 ms
2026-04-19 18:18:32.246 +05:30 [INF] SmsApi.Middleware.LoggingActionFilter | CorrelationId:66ba364634e84802ab16689b14d74856 | API Response: GET /api/fees/stats | Status: 200 | Duration: 68ms
2026-04-19 18:18:32.227 +05:30 [INF] Serilog.AspNetCore.RequestLoggingMiddleware | CorrelationId:c49dcc1dc1284ad6a8233538358a5468 | HTTP GET /api/students responded 200 in 145.0354 ms
2026-04-19 18:18:32.246 +05:30 [INF] Serilog.AspNetCore.RequestLoggingMiddleware | CorrelationId:62c6d5dcae7c46d68e9e9ac2a8520767 | HTTP GET /api/academics/academic-years responded 200 in 466.0896 ms
2026-04-19 18:18:32.254 +05:30 [INF] SmsApi.Middleware.LoggingActionFilter | CorrelationId:5d03f82cdcbe4e7e9d4205500b05cf47 | API Response: GET /api/students | Status: 200 | Duration: 111ms
2026-04-19 18:18:32.263 +05:30 [INF] Serilog.AspNetCore.RequestLoggingMiddleware | CorrelationId:66ba364634e84802ab16689b14d74856 | HTTP GET /api/fees/stats responded 200 in 88.7629 ms
2026-04-19 18:18:32.274 +05:30 [INF] SmsApi.Middleware.LoggingActionFilter | CorrelationId:834d991b60ab4c44b78714baa8fd44ac | API Request: GET /api/academics/academic-years | User: Unknown | School: 550e8400-e29b-41d4-a716-446655440000
2026-04-19 18:18:32.293 +05:30 [INF] SmsApi.Middleware.LoggingActionFilter | CorrelationId:3bbc29b39310459fa93672f11053eb97 | API Request: GET /api/settings/school/me | User: Unknown | School: 550e8400-e29b-41d4-a716-446655440000
2026-04-19 18:18:32.325 +05:30 [INF] Serilog.AspNetCore.RequestLoggingMiddleware | CorrelationId:5d03f82cdcbe4e7e9d4205500b05cf47 | HTTP GET /api/students responded 200 in 212.4133 ms
2026-04-19 18:18:32.389 +05:30 [INF] SmsApi.Middleware.LoggingActionFilter | CorrelationId:834d991b60ab4c44b78714baa8fd44ac | API Response: GET /api/academics/academic-years | Status: 200 | Duration: 115ms
2026-04-19 18:18:32.413 +05:30 [INF] SmsApi.Middleware.LoggingActionFilter | CorrelationId:3bbc29b39310459fa93672f11053eb97 | API Response: GET /api/settings/school/me | Status: 200 | Duration: 119ms
2026-04-19 18:18:32.509 +05:30 [INF] Serilog.AspNetCore.RequestLoggingMiddleware | CorrelationId:834d991b60ab4c44b78714baa8fd44ac | HTTP GET /api/academics/academic-years responded 200 in 237.4118 ms
2026-04-19 18:18:32.521 +05:30 [INF] Serilog.AspNetCore.RequestLoggingMiddleware | CorrelationId:3bbc29b39310459fa93672f11053eb97 | HTTP GET /api/settings/school/me responded 200 in 231.9579 ms
2026-04-19 18:18:35.055 +05:30 [INF] Serilog.AspNetCore.RequestLoggingMiddleware | CorrelationId:51d2e733655543d19ef95579075e3ce0 | HTTP OPTIONS /api/students responded 204 in 0.1361 ms
2026-04-19 18:18:35.058 +05:30 [INF] Serilog.AspNetCore.RequestLoggingMiddleware | CorrelationId:59f6edcca88d48acba0feb29576c4b90 | HTTP OPTIONS /api/students responded 204 in 0.3867 ms
2026-04-19 18:18:35.196 +05:30 [INF] SmsApi.Middleware.LoggingActionFilter | CorrelationId:5577d6896c9f4a728b2a8965533ea275 | API Request: GET /api/students | User: Unknown | School: 550e8400-e29b-41d4-a716-446655440000
2026-04-19 18:18:35.204 +05:30 [INF] SmsApi.Middleware.LoggingActionFilter | CorrelationId:1c4a7304208e487a9b9abc90f7f06486 | API Request: GET /api/students | User: Unknown | School: 550e8400-e29b-41d4-a716-446655440000
2026-04-19 18:18:35.253 +05:30 [INF] SmsApi.Middleware.LoggingActionFilter | CorrelationId:5577d6896c9f4a728b2a8965533ea275 | API Response: GET /api/students | Status: 200 | Duration: 57ms
2026-04-19 18:18:35.266 +05:30 [INF] Serilog.AspNetCore.RequestLoggingMiddleware | CorrelationId:5577d6896c9f4a728b2a8965533ea275 | HTTP GET /api/students responded 200 in 97.9188 ms
2026-04-19 18:18:35.267 +05:30 [INF] SmsApi.Middleware.LoggingActionFilter | CorrelationId:1c4a7304208e487a9b9abc90f7f06486 | API Response: GET /api/students | Status: 200 | Duration: 63ms
2026-04-19 18:18:35.351 +05:30 [INF] Serilog.AspNetCore.RequestLoggingMiddleware | CorrelationId:1c4a7304208e487a9b9abc90f7f06486 | HTTP GET /api/students responded 200 in 151.2831 ms
2026-04-19 18:18:36.374 +05:30 [INF] Serilog.AspNetCore.RequestLoggingMiddleware | CorrelationId:28175fd3011c4d58b7ca586834b6e280 | HTTP OPTIONS /api/staff responded 204 in 0.2975 ms
2026-04-19 18:18:36.374 +05:30 [INF] Serilog.AspNetCore.RequestLoggingMiddleware | CorrelationId:97933573cdd84b8c8d4a0ebcdf66fbee | HTTP OPTIONS /api/staff responded 204 in 0.2985 ms
2026-04-19 18:18:36.453 +05:30 [INF] SmsApi.Middleware.LoggingActionFilter | CorrelationId:52682a875871415f91c2e5a67f3ffdb5 | API Request: GET /api/staff | User: Unknown | School: 550e8400-e29b-41d4-a716-446655440000
2026-04-19 18:18:36.454 +05:30 [INF] SmsApi.Middleware.LoggingActionFilter | CorrelationId:6da1ccc6baf54a80b318e380d12e6544 | API Request: GET /api/staff | User: Unknown | School: 550e8400-e29b-41d4-a716-446655440000
2026-04-19 18:18:36.480 +05:30 [INF] SmsApi.Middleware.LoggingActionFilter | CorrelationId:52682a875871415f91c2e5a67f3ffdb5 | API Response: GET /api/staff | Status: 200 | Duration: 26ms
2026-04-19 18:18:36.492 +05:30 [INF] SmsApi.Middleware.LoggingActionFilter | CorrelationId:6da1ccc6baf54a80b318e380d12e6544 | API Response: GET /api/staff | Status: 200 | Duration: 37ms
2026-04-19 18:18:36.499 +05:30 [INF] Serilog.AspNetCore.RequestLoggingMiddleware | CorrelationId:6da1ccc6baf54a80b318e380d12e6544 | HTTP GET /api/staff responded 200 in 55.7374 ms
2026-04-19 18:18:36.493 +05:30 [INF] Serilog.AspNetCore.RequestLoggingMiddleware | CorrelationId:52682a875871415f91c2e5a67f3ffdb5 | HTTP GET /api/staff responded 200 in 71.0349 ms
2026-04-19 18:18:38.516 +05:30 [INF] Serilog.AspNetCore.RequestLoggingMiddleware | CorrelationId:c2f0260f824f465a8e3f7a26a141ca5e | HTTP OPTIONS /api/LeaveManagement/requests responded 204 in 0.0666 ms
2026-04-19 18:18:38.512 +05:30 [INF] Serilog.AspNetCore.RequestLoggingMiddleware | CorrelationId:d5a36189070243bbb48704760403dd66 | HTTP OPTIONS /api/LeaveManagement/requests responded 204 in 0.5903 ms
2026-04-19 18:18:39.049 +05:30 [WRN] SmsApi.Infrastructure.Performance.PerformanceMonitoringMiddleware | CorrelationId: | Slow request: OPTIONS /api/LeaveManagement/requests took 538ms — status 204.
2026-04-19 18:18:39.040 +05:30 [WRN] SmsApi.Infrastructure.Performance.PerformanceMonitoringMiddleware | CorrelationId: | Slow request: OPTIONS /api/LeaveManagement/requests took 524ms — status 204.
2026-04-19 18:18:39.203 +05:30 [INF] SmsApi.Middleware.LoggingActionFilter | CorrelationId:b51208713a0a48bd869e6d479a462da9 | API Request: GET /api/LeaveManagement/requests | User: Unknown | School: 550e8400-e29b-41d4-a716-446655440000
2026-04-19 18:18:39.203 +05:30 [INF] SmsApi.Middleware.LoggingActionFilter | CorrelationId:1c236ae227864bc3966b257982531f44 | API Request: GET /api/LeaveManagement/requests | User: Unknown | School: 550e8400-e29b-41d4-a716-446655440000
2026-04-19 18:18:39.425 +05:30 [INF] SmsApi.Middleware.LoggingActionFilter | CorrelationId:b51208713a0a48bd869e6d479a462da9 | API Response: GET /api/LeaveManagement/requests | Status: 200 | Duration: 222ms
2026-04-19 18:18:39.695 +05:30 [INF] SmsApi.Middleware.LoggingActionFilter | CorrelationId:1c236ae227864bc3966b257982531f44 | API Response: GET /api/LeaveManagement/requests | Status: 200 | Duration: 492ms
2026-04-19 18:18:39.731 +05:30 [INF] Serilog.AspNetCore.RequestLoggingMiddleware | CorrelationId:1c236ae227864bc3966b257982531f44 | HTTP GET /api/LeaveManagement/requests responded 200 in 612.6155 ms
2026-04-19 18:18:39.733 +05:30 [INF] Serilog.AspNetCore.RequestLoggingMiddleware | CorrelationId:b51208713a0a48bd869e6d479a462da9 | HTTP GET /api/LeaveManagement/requests responded 200 in 548.0621 ms
2026-04-19 18:18:39.809 +05:30 [WRN] SmsApi.Infrastructure.Performance.PerformanceMonitoringMiddleware | CorrelationId: | Slow request: GET /api/LeaveManagement/requests took 612ms — status 200.
2026-04-19 18:18:39.813 +05:30 [WRN] SmsApi.Infrastructure.Performance.PerformanceMonitoringMiddleware | CorrelationId: | Slow request: GET /api/LeaveManagement/requests took 548ms — status 200.
2026-04-19 18:18:42.542 +05:30 [INF] Serilog.AspNetCore.RequestLoggingMiddleware | CorrelationId:ca43b7f6647442088306deec62eaf017 | HTTP OPTIONS /api/LeaveManagement/requests responded 204 in 0.1392 ms
2026-04-19 18:18:42.542 +05:30 [INF] Serilog.AspNetCore.RequestLoggingMiddleware | CorrelationId:896386c361ec4c32ba1e3f4154d0b05f | HTTP OPTIONS /api/LeaveManagement/requests responded 204 in 0.0619 ms
2026-04-19 18:18:43.051 +05:30 [WRN] SmsApi.Infrastructure.Performance.PerformanceMonitoringMiddleware | CorrelationId: | Slow request: OPTIONS /api/LeaveManagement/requests took 509ms — status 204.
2026-04-19 18:18:42.973 +05:30 [INF] SmsApi.Middleware.LoggingActionFilter | CorrelationId:d35eac68f306400596b7fe518a03fb62 | API Request: GET /api/LeaveManagement/requests | User: Unknown | School: 550e8400-e29b-41d4-a716-446655440000
2026-04-19 18:18:43.206 +05:30 [INF] SmsApi.Middleware.LoggingActionFilter | CorrelationId:cf640e3aae884ed38a95a3947d9327ae | API Request: GET /api/LeaveManagement/requests | User: Unknown | School: 550e8400-e29b-41d4-a716-446655440000
2026-04-19 18:18:44.121 +05:30 [INF] SmsApi.Middleware.LoggingActionFilter | CorrelationId:d35eac68f306400596b7fe518a03fb62 | API Response: GET /api/LeaveManagement/requests | Status: 200 | Duration: 1148ms
2026-04-19 18:18:44.136 +05:30 [INF] SmsApi.Middleware.LoggingActionFilter | CorrelationId:cf640e3aae884ed38a95a3947d9327ae | API Response: GET /api/LeaveManagement/requests | Status: 200 | Duration: 930ms
2026-04-19 18:18:44.363 +05:30 [INF] Serilog.AspNetCore.RequestLoggingMiddleware | CorrelationId:cf640e3aae884ed38a95a3947d9327ae | HTTP GET /api/LeaveManagement/requests responded 200 in 1157.9943 ms
2026-04-19 18:18:44.367 +05:30 [WRN] SmsApi.Infrastructure.Performance.PerformanceMonitoringMiddleware | CorrelationId: | Slow request: GET /api/LeaveManagement/requests took 1157ms — status 200.
2026-04-19 18:18:44.317 +05:30 [INF] Serilog.AspNetCore.RequestLoggingMiddleware | CorrelationId:d35eac68f306400596b7fe518a03fb62 | HTTP GET /api/LeaveManagement/requests responded 200 in 1350.6355 ms
2026-04-19 18:18:44.762 +05:30 [WRN] SmsApi.Infrastructure.Performance.PerformanceMonitoringMiddleware | CorrelationId: | Slow request: GET /api/LeaveManagement/requests took 1350ms — status 200.
2026-04-19 18:18:46.765 +05:30 [INF] Serilog.AspNetCore.RequestLoggingMiddleware | CorrelationId:4a64794116424b219d85c021a1102dbd | HTTP OPTIONS /api/LeaveManagement/requests responded 204 in 0.1828 ms
2026-04-19 18:18:46.766 +05:30 [INF] Serilog.AspNetCore.RequestLoggingMiddleware | CorrelationId:54a07ccb83be439988b0864d766c45cc | HTTP OPTIONS /api/LeaveManagement/requests responded 204 in 0.0339 ms
2026-04-19 18:18:47.076 +05:30 [INF] SmsApi.Middleware.LoggingActionFilter | CorrelationId:32f0d9aca9b4462691d04d3b7972237c | API Request: GET /api/LeaveManagement/requests | User: Unknown | School: 550e8400-e29b-41d4-a716-446655440000
2026-04-19 18:18:47.088 +05:30 [INF] SmsApi.Middleware.LoggingActionFilter | CorrelationId:0b904353d8794e22bf2d377452c55f8e | API Request: GET /api/LeaveManagement/requests | User: Unknown | School: 550e8400-e29b-41d4-a716-446655440000
2026-04-19 18:18:47.338 +05:30 [INF] SmsApi.Middleware.LoggingActionFilter | CorrelationId:32f0d9aca9b4462691d04d3b7972237c | API Response: GET /api/LeaveManagement/requests | Status: 200 | Duration: 261ms
2026-04-19 18:18:47.351 +05:30 [INF] SmsApi.Middleware.LoggingActionFilter | CorrelationId:0b904353d8794e22bf2d377452c55f8e | API Response: GET /api/LeaveManagement/requests | Status: 200 | Duration: 263ms
2026-04-19 18:18:47.374 +05:30 [INF] Serilog.AspNetCore.RequestLoggingMiddleware | CorrelationId:32f0d9aca9b4462691d04d3b7972237c | HTTP GET /api/LeaveManagement/requests responded 200 in 326.5141 ms
2026-04-19 18:18:47.589 +05:30 [INF] Serilog.AspNetCore.RequestLoggingMiddleware | CorrelationId:0b904353d8794e22bf2d377452c55f8e | HTTP GET /api/LeaveManagement/requests responded 200 in 504.6363 ms
2026-04-19 18:18:47.662 +05:30 [WRN] SmsApi.Infrastructure.Performance.PerformanceMonitoringMiddleware | CorrelationId: | Slow request: GET /api/LeaveManagement/requests took 504ms — status 200.
2026-04-19 18:18:49.934 +05:30 [INF] Serilog.AspNetCore.RequestLoggingMiddleware | CorrelationId:07cc59382e544da9addd6d3ea6b32254 | HTTP OPTIONS /api/LeaveManagement/requests responded 204 in 0.1131 ms
2026-04-19 18:18:49.934 +05:30 [INF] Serilog.AspNetCore.RequestLoggingMiddleware | CorrelationId:866aa0f181c947daa9a37f0bd6227e27 | HTTP OPTIONS /api/LeaveManagement/requests responded 204 in 0.0124 ms
2026-04-19 18:18:50.790 +05:30 [WRN] SmsApi.Infrastructure.Performance.PerformanceMonitoringMiddleware | CorrelationId: | Slow request: OPTIONS /api/LeaveManagement/requests took 855ms — status 204.
2026-04-19 18:18:50.788 +05:30 [INF] SmsApi.Middleware.LoggingActionFilter | CorrelationId:bd8191dc4e5843dd9675c95d4d0d96eb | API Request: GET /api/LeaveManagement/requests | User: Unknown | School: 550e8400-e29b-41d4-a716-446655440000
2026-04-19 18:18:50.861 +05:30 [INF] SmsApi.Middleware.LoggingActionFilter | CorrelationId:ab560b472bf749108861ca652c2bbcea | API Request: GET /api/LeaveManagement/requests | User: Unknown | School: 550e8400-e29b-41d4-a716-446655440000
2026-04-19 18:18:50.875 +05:30 [INF] SmsApi.Middleware.LoggingActionFilter | CorrelationId:bd8191dc4e5843dd9675c95d4d0d96eb | API Response: GET /api/LeaveManagement/requests | Status: 200 | Duration: 86ms
2026-04-19 18:18:51.079 +05:30 [INF] SmsApi.Middleware.LoggingActionFilter | CorrelationId:ab560b472bf749108861ca652c2bbcea | API Response: GET /api/LeaveManagement/requests | Status: 200 | Duration: 217ms
2026-04-19 18:18:51.089 +05:30 [INF] Serilog.AspNetCore.RequestLoggingMiddleware | CorrelationId:bd8191dc4e5843dd9675c95d4d0d96eb | HTTP GET /api/LeaveManagement/requests responded 200 in 302.4916 ms
2026-04-19 18:18:51.189 +05:30 [INF] Serilog.AspNetCore.RequestLoggingMiddleware | CorrelationId:ab560b472bf749108861ca652c2bbcea | HTTP GET /api/LeaveManagement/requests responded 200 in 328.6117 ms
2026-04-19 18:34:39.627 +05:30 [INF] SmsApi.Middleware.LoggingActionFilter | CorrelationId:674797c9e27748feb68e6bfd55b78c4e | API Request: POST /api/auth/login | User: Unknown | School: Unknown
2026-04-19 18:34:42.546 +05:30 [INF] SmsApi.Controllers.AuthController | CorrelationId:674797c9e27748feb68e6bfd55b78c4e | Login successful for admin (SchoolId: "550e8400-e29b-41d4-a716-446655440000")
2026-04-19 18:34:42.551 +05:30 [INF] SmsApi.Middleware.LoggingActionFilter | CorrelationId:674797c9e27748feb68e6bfd55b78c4e | API Response: POST /api/auth/login | Status: 200 | Duration: 2929ms
2026-04-19 18:34:42.608 +05:30 [INF] Serilog.AspNetCore.RequestLoggingMiddleware | CorrelationId:674797c9e27748feb68e6bfd55b78c4e | HTTP POST /api/auth/login responded 200 in 3200.1354 ms
2026-04-19 18:34:42.616 +05:30 [ERR] SmsApi.Infrastructure.Performance.PerformanceMonitoringMiddleware | CorrelationId: | SLA BREACH: POST /api/auth/login took 3163ms — status 200. Investigate immediately.
2026-04-19 18:37:44.228 +05:30 [INF] SmsApi.Middleware.LoggingActionFilter | CorrelationId:b552a6bb5f994359915408ef3be9742b | API Request: GET /api/students | User: Unknown | School: 550e8400-e29b-41d4-a716-446655440000
2026-04-19 18:37:44.351 +05:30 [INF] SmsApi.Middleware.LoggingActionFilter | CorrelationId:b552a6bb5f994359915408ef3be9742b | API Response: GET /api/students | Status: 200 | Duration: 123ms
2026-04-19 18:37:44.368 +05:30 [INF] Serilog.AspNetCore.RequestLoggingMiddleware | CorrelationId:b552a6bb5f994359915408ef3be9742b | HTTP GET /api/students responded 200 in 202.4005 ms
2026-04-19 18:38:17.905 +05:30 [INF] SmsApi.Middleware.LoggingActionFilter | CorrelationId:587d72767ddb4476845f42b702b45519 | API Request: POST /api/auth/login | User: Unknown | School: Unknown
2026-04-19 18:38:18.907 +05:30 [INF] SmsApi.Controllers.AuthController | CorrelationId:587d72767ddb4476845f42b702b45519 | Login successful for admin (SchoolId: "550e8400-e29b-41d4-a716-446655440000")
2026-04-19 18:38:18.917 +05:30 [INF] SmsApi.Middleware.LoggingActionFilter | CorrelationId:587d72767ddb4476845f42b702b45519 | API Response: POST /api/auth/login | Status: 200 | Duration: 1013ms
2026-04-19 18:38:18.931 +05:30 [INF] Serilog.AspNetCore.RequestLoggingMiddleware | CorrelationId:587d72767ddb4476845f42b702b45519 | HTTP POST /api/auth/login responded 200 in 1041.0399 ms
2026-04-19 18:38:19.123 +05:30 [WRN] SmsApi.Infrastructure.Performance.PerformanceMonitoringMiddleware | CorrelationId: | Slow request: POST /api/auth/login took 1034ms — status 200.
2026-04-19 18:38:19.350 +05:30 [INF] SmsApi.Middleware.LoggingActionFilter | CorrelationId:6960e10f1ca4424f86ae710085a3f3a4 | API Request: GET /api/students | User: Unknown | School: 550e8400-e29b-41d4-a716-446655440000
2026-04-19 18:38:19.392 +05:30 [INF] SmsApi.Middleware.LoggingActionFilter | CorrelationId:6960e10f1ca4424f86ae710085a3f3a4 | API Response: GET /api/students | Status: 200 | Duration: 41ms
2026-04-19 18:38:19.431 +05:30 [INF] Serilog.AspNetCore.RequestLoggingMiddleware | CorrelationId:6960e10f1ca4424f86ae710085a3f3a4 | HTTP GET /api/students responded 200 in 105.1199 ms
2026-04-19 18:38:19.691 +05:30 [INF] SmsApi.Middleware.LoggingActionFilter | CorrelationId:44b5e2b978634bcea1746e1a87a20b77 | API Request: POST /api/students | User: Unknown | School: 550e8400-e29b-41d4-a716-446655440000
2026-04-19 18:38:19.907 +05:30 [ERR] Microsoft.EntityFrameworkCore.Update | CorrelationId:44b5e2b978634bcea1746e1a87a20b77 | An exception occurred in the database while saving changes for context type 'SmsApi.Data.AppDbContext'.
System.InvalidOperationException: The configured execution strategy 'NpgsqlRetryingExecutionStrategy' does not support user-initiated transactions. Use the execution strategy returned by 'DbContext.Database.CreateExecutionStrategy()' to execute all the operations in the transaction as a retriable unit.
   at Microsoft.EntityFrameworkCore.Storage.ExecutionStrategy.OnFirstExecution()
   at Microsoft.EntityFrameworkCore.Storage.ExecutionStrategy.ExecuteAsync[TState,TResult](TState state, Func`4 operation, Func`4 verifySucceeded, CancellationToken cancellationToken)
   at Microsoft.EntityFrameworkCore.DbContext.SaveChangesAsync(Boolean acceptAllChangesOnSuccess, CancellationToken cancellationToken)
System.InvalidOperationException: The configured execution strategy 'NpgsqlRetryingExecutionStrategy' does not support user-initiated transactions. Use the execution strategy returned by 'DbContext.Database.CreateExecutionStrategy()' to execute all the operations in the transaction as a retriable unit.
   at Microsoft.EntityFrameworkCore.Storage.ExecutionStrategy.OnFirstExecution()
   at Microsoft.EntityFrameworkCore.Storage.ExecutionStrategy.ExecuteAsync[TState,TResult](TState state, Func`4 operation, Func`4 verifySucceeded, CancellationToken cancellationToken)
   at Microsoft.EntityFrameworkCore.DbContext.SaveChangesAsync(Boolean acceptAllChangesOnSuccess, CancellationToken cancellationToken)
2026-04-19 18:38:19.939 +05:30 [ERR] SmsApi.Services.StudentService | CorrelationId:44b5e2b978634bcea1746e1a87a20b77 | Failed to create student: ATTE2E20260419183819
System.InvalidOperationException: The configured execution strategy 'NpgsqlRetryingExecutionStrategy' does not support user-initiated transactions. Use the execution strategy returned by 'DbContext.Database.CreateExecutionStrategy()' to execute all the operations in the transaction as a retriable unit.
   at Microsoft.EntityFrameworkCore.Storage.ExecutionStrategy.OnFirstExecution()
   at Microsoft.EntityFrameworkCore.Storage.ExecutionStrategy.ExecuteAsync[TState,TResult](TState state, Func`4 operation, Func`4 verifySucceeded, CancellationToken cancellationToken)
   at Microsoft.EntityFrameworkCore.DbContext.SaveChangesAsync(Boolean acceptAllChangesOnSuccess, CancellationToken cancellationToken)
   at Microsoft.EntityFrameworkCore.DbContext.SaveChangesAsync(Boolean acceptAllChangesOnSuccess, CancellationToken cancellationToken)
   at SmsApi.Data.AppDbContext.SaveChangesAsync(CancellationToken cancellationToken) in C:\Vitana\Vitana Group\sms-api\Data\AppDbContext.cs:line 229
   at SmsApi.Services.StudentService.CreateStudentAsync(CreateStudentRequest request) in C:\Vitana\Vitana Group\sms-api\Services\StudentService.cs:line 364
2026-04-19 18:38:19.996 +05:30 [INF] SmsApi.Middleware.LoggingActionFilter | CorrelationId:44b5e2b978634bcea1746e1a87a20b77 | API Response: POST /api/students | Status: 200 | Duration: 305ms
2026-04-19 18:38:20.109 +05:30 [INF] Serilog.AspNetCore.RequestLoggingMiddleware | CorrelationId:44b5e2b978634bcea1746e1a87a20b77 | HTTP POST /api/students responded 400 in 570.1382 ms
2026-04-19 18:38:27.835 +05:30 [INF] SmsApi.Middleware.LoggingActionFilter | CorrelationId:d2a76087c53140e2a3725edc6c42952e | API Request: POST /api/auth/login | User: Unknown | School: Unknown
2026-04-19 18:38:28.613 +05:30 [INF] SmsApi.Controllers.AuthController | CorrelationId:d2a76087c53140e2a3725edc6c42952e | Login successful for admin (SchoolId: "550e8400-e29b-41d4-a716-446655440000")
2026-04-19 18:38:28.712 +05:30 [INF] SmsApi.Middleware.LoggingActionFilter | CorrelationId:d2a76087c53140e2a3725edc6c42952e | API Response: POST /api/auth/login | Status: 200 | Duration: 877ms
2026-04-19 18:38:28.760 +05:30 [INF] Serilog.AspNetCore.RequestLoggingMiddleware | CorrelationId:d2a76087c53140e2a3725edc6c42952e | HTTP POST /api/auth/login responded 200 in 929.1176 ms
2026-04-19 18:38:28.860 +05:30 [WRN] SmsApi.Infrastructure.Performance.PerformanceMonitoringMiddleware | CorrelationId: | Slow request: POST /api/auth/login took 920ms — status 200.
2026-04-19 18:38:29.017 +05:30 [INF] SmsApi.Middleware.LoggingActionFilter | CorrelationId:595d2399bae441d5821a08e930bd7d35 | API Request: POST /api/students | User: Unknown | School: 550e8400-e29b-41d4-a716-446655440000
2026-04-19 18:38:29.048 +05:30 [ERR] Microsoft.EntityFrameworkCore.Update | CorrelationId:595d2399bae441d5821a08e930bd7d35 | An exception occurred in the database while saving changes for context type 'SmsApi.Data.AppDbContext'.
System.InvalidOperationException: The configured execution strategy 'NpgsqlRetryingExecutionStrategy' does not support user-initiated transactions. Use the execution strategy returned by 'DbContext.Database.CreateExecutionStrategy()' to execute all the operations in the transaction as a retriable unit.
   at Microsoft.EntityFrameworkCore.Storage.ExecutionStrategy.OnFirstExecution()
   at Microsoft.EntityFrameworkCore.Storage.ExecutionStrategy.ExecuteAsync[TState,TResult](TState state, Func`4 operation, Func`4 verifySucceeded, CancellationToken cancellationToken)
   at Microsoft.EntityFrameworkCore.DbContext.SaveChangesAsync(Boolean acceptAllChangesOnSuccess, CancellationToken cancellationToken)
System.InvalidOperationException: The configured execution strategy 'NpgsqlRetryingExecutionStrategy' does not support user-initiated transactions. Use the execution strategy returned by 'DbContext.Database.CreateExecutionStrategy()' to execute all the operations in the transaction as a retriable unit.
   at Microsoft.EntityFrameworkCore.Storage.ExecutionStrategy.OnFirstExecution()
   at Microsoft.EntityFrameworkCore.Storage.ExecutionStrategy.ExecuteAsync[TState,TResult](TState state, Func`4 operation, Func`4 verifySucceeded, CancellationToken cancellationToken)
   at Microsoft.EntityFrameworkCore.DbContext.SaveChangesAsync(Boolean acceptAllChangesOnSuccess, CancellationToken cancellationToken)
2026-04-19 18:38:29.062 +05:30 [ERR] SmsApi.Services.StudentService | CorrelationId:595d2399bae441d5821a08e930bd7d35 | Failed to create student: ATTE2E20260419183828
System.InvalidOperationException: The configured execution strategy 'NpgsqlRetryingExecutionStrategy' does not support user-initiated transactions. Use the execution strategy returned by 'DbContext.Database.CreateExecutionStrategy()' to execute all the operations in the transaction as a retriable unit.
   at Microsoft.EntityFrameworkCore.Storage.ExecutionStrategy.OnFirstExecution()
   at Microsoft.EntityFrameworkCore.Storage.ExecutionStrategy.ExecuteAsync[TState,TResult](TState state, Func`4 operation, Func`4 verifySucceeded, CancellationToken cancellationToken)
   at Microsoft.EntityFrameworkCore.DbContext.SaveChangesAsync(Boolean acceptAllChangesOnSuccess, CancellationToken cancellationToken)
   at Microsoft.EntityFrameworkCore.DbContext.SaveChangesAsync(Boolean acceptAllChangesOnSuccess, CancellationToken cancellationToken)
   at SmsApi.Data.AppDbContext.SaveChangesAsync(CancellationToken cancellationToken) in C:\Vitana\Vitana Group\sms-api\Data\AppDbContext.cs:line 229
   at SmsApi.Services.StudentService.CreateStudentAsync(CreateStudentRequest request) in C:\Vitana\Vitana Group\sms-api\Services\StudentService.cs:line 364
2026-04-19 18:38:29.090 +05:30 [INF] SmsApi.Middleware.LoggingActionFilter | CorrelationId:595d2399bae441d5821a08e930bd7d35 | API Response: POST /api/students | Status: 200 | Duration: 73ms
2026-04-19 18:38:29.107 +05:30 [INF] Serilog.AspNetCore.RequestLoggingMiddleware | CorrelationId:595d2399bae441d5821a08e930bd7d35 | HTTP POST /api/students responded 400 in 100.3621 ms
2026-04-19 18:40:05.356 +05:30 [INF]  | CorrelationId: | Using distributed in-memory cache (development only)
2026-04-19 18:40:08.999 +05:30 [WRN] Microsoft.EntityFrameworkCore.Model.Validation | CorrelationId: | Entity 'Staff' has a global query filter defined and is the required end of a relationship with the entity 'Certificate'. This may lead to unexpected results when the required entity is filtered out. Either configure the navigation as optional, or define matching query filters for both entities in the navigation. See https://go.microsoft.com/fwlink/?linkid=2131316 for more information.
2026-04-19 18:40:09.029 +05:30 [WRN] Microsoft.EntityFrameworkCore.Model.Validation | CorrelationId: | Entity 'School' has a global query filter defined and is the required end of a relationship with the entity 'CertificateTemplate'. This may lead to unexpected results when the required entity is filtered out. Either configure the navigation as optional, or define matching query filters for both entities in the navigation. See https://go.microsoft.com/fwlink/?linkid=2131316 for more information.
2026-04-19 18:40:09.073 +05:30 [WRN] Microsoft.EntityFrameworkCore.Model.Validation | CorrelationId: | Entity 'School' has a global query filter defined and is the required end of a relationship with the entity 'Document'. This may lead to unexpected results when the required entity is filtered out. Either configure the navigation as optional, or define matching query filters for both entities in the navigation. See https://go.microsoft.com/fwlink/?linkid=2131316 for more information.
2026-04-19 18:40:09.110 +05:30 [WRN] Microsoft.EntityFrameworkCore.Model.Validation | CorrelationId: | Entity 'School' has a global query filter defined and is the required end of a relationship with the entity 'DocumentCategory'. This may lead to unexpected results when the required entity is filtered out. Either configure the navigation as optional, or define matching query filters for both entities in the navigation. See https://go.microsoft.com/fwlink/?linkid=2131316 for more information.
2026-04-19 18:40:09.152 +05:30 [WRN] Microsoft.EntityFrameworkCore.Model.Validation | CorrelationId: | Entity 'School' has a global query filter defined and is the required end of a relationship with the entity 'FeeAuditLog'. This may lead to unexpected results when the required entity is filtered out. Either configure the navigation as optional, or define matching query filters for both entities in the navigation. See https://go.microsoft.com/fwlink/?linkid=2131316 for more information.
2026-04-19 18:40:09.234 +05:30 [WRN] Microsoft.EntityFrameworkCore.Model.Validation | CorrelationId: | Entity 'School' has a global query filter defined and is the required end of a relationship with the entity 'Holiday'. This may lead to unexpected results when the required entity is filtered out. Either configure the navigation as optional, or define matching query filters for both entities in the navigation. See https://go.microsoft.com/fwlink/?linkid=2131316 for more information.
2026-04-19 18:40:09.768 +05:30 [WRN] Microsoft.EntityFrameworkCore.Model.Validation | CorrelationId: | Entity 'School' has a global query filter defined and is the required end of a relationship with the entity 'IDCard'. This may lead to unexpected results when the required entity is filtered out. Either configure the navigation as optional, or define matching query filters for both entities in the navigation. See https://go.microsoft.com/fwlink/?linkid=2131316 for more information.
2026-04-19 18:40:10.690 +05:30 [WRN] Microsoft.EntityFrameworkCore.Model.Validation | CorrelationId: | Entity 'School' has a global query filter defined and is the required end of a relationship with the entity 'IDCardTemplate'. This may lead to unexpected results when the required entity is filtered out. Either configure the navigation as optional, or define matching query filters for both entities in the navigation. See https://go.microsoft.com/fwlink/?linkid=2131316 for more information.
2026-04-19 18:40:11.087 +05:30 [WRN] Microsoft.EntityFrameworkCore.Model.Validation | CorrelationId: | Entity 'UserLogin' has a global query filter defined and is the required end of a relationship with the entity 'PasswordResetToken'. This may lead to unexpected results when the required entity is filtered out. Either configure the navigation as optional, or define matching query filters for both entities in the navigation. See https://go.microsoft.com/fwlink/?linkid=2131316 for more information.
2026-04-19 18:40:11.123 +05:30 [WRN] Microsoft.EntityFrameworkCore.Model.Validation | CorrelationId: | Entity 'School' has a global query filter defined and is the required end of a relationship with the entity 'PromotionHistory'. This may lead to unexpected results when the required entity is filtered out. Either configure the navigation as optional, or define matching query filters for both entities in the navigation. See https://go.microsoft.com/fwlink/?linkid=2131316 for more information.
2026-04-19 18:40:12.979 +05:30 [WRN] Microsoft.EntityFrameworkCore.Model.Validation | CorrelationId: | The foreign key property 'Staff.ReportingToId1' was created in shadow state because a conflicting property with the simple name 'ReportingToId' exists in the entity type, but is either not mapped, is already used for another relationship, or is incompatible with the associated primary key type. See https://aka.ms/efcore-relationships for information on mapping relationships in EF Core.
2026-04-19 18:40:15.144 +05:30 [INF] Program | CorrelationId: | Database migrations applied successfully.
2026-04-19 18:40:16.533 +05:30 [INF] Microsoft.Hosting.Lifetime | CorrelationId: | Now listening on: http://localhost:5092
2026-04-19 18:40:16.538 +05:30 [INF] Microsoft.Hosting.Lifetime | CorrelationId: | Application started. Press Ctrl+C to shut down.
2026-04-19 18:40:16.540 +05:30 [INF] Microsoft.Hosting.Lifetime | CorrelationId: | Hosting environment: Development
2026-04-19 18:40:16.543 +05:30 [INF] Microsoft.Hosting.Lifetime | CorrelationId: | Content root path: C:\Vitana\Vitana Group\sms-api
2026-04-19 18:41:21.794 +05:30 [WRN] Microsoft.AspNetCore.HttpsPolicy.HttpsRedirectionMiddleware | CorrelationId:73992e5f9a694bb28427a879af3c8326 | Failed to determine the https port for redirect.
2026-04-19 18:41:21.925 +05:30 [INF] SmsApi.Middleware.LoggingActionFilter | CorrelationId:73992e5f9a694bb28427a879af3c8326 | API Request: POST /api/auth/login | User: Unknown | School: Unknown
2026-04-19 18:41:23.037 +05:30 [INF] SmsApi.Controllers.AuthController | CorrelationId:73992e5f9a694bb28427a879af3c8326 | Login successful for admin (SchoolId: "550e8400-e29b-41d4-a716-446655440000")
2026-04-19 18:41:23.044 +05:30 [INF] SmsApi.Middleware.LoggingActionFilter | CorrelationId:73992e5f9a694bb28427a879af3c8326 | API Response: POST /api/auth/login | Status: 200 | Duration: 1119ms
2026-04-19 18:41:23.135 +05:30 [INF] Serilog.AspNetCore.RequestLoggingMiddleware | CorrelationId:73992e5f9a694bb28427a879af3c8326 | HTTP POST /api/auth/login responded 200 in 1354.8925 ms
2026-04-19 18:41:23.140 +05:30 [WRN] SmsApi.Infrastructure.Performance.PerformanceMonitoringMiddleware | CorrelationId: | Slow request: POST /api/auth/login took 1307ms — status 200.
2026-04-19 18:41:23.269 +05:30 [INF] SmsApi.Middleware.LoggingActionFilter | CorrelationId:562f62ade5d24c9f94d580caffc090c3 | API Request: GET /api/students | User: Unknown | School: 550e8400-e29b-41d4-a716-446655440000
2026-04-19 18:41:23.317 +05:30 [INF] SmsApi.Middleware.LoggingActionFilter | CorrelationId:562f62ade5d24c9f94d580caffc090c3 | API Response: GET /api/students | Status: 200 | Duration: 48ms
2026-04-19 18:41:23.327 +05:30 [INF] Serilog.AspNetCore.RequestLoggingMiddleware | CorrelationId:562f62ade5d24c9f94d580caffc090c3 | HTTP GET /api/students responded 200 in 137.1131 ms
2026-04-19 18:41:23.406 +05:30 [INF] SmsApi.Middleware.LoggingActionFilter | CorrelationId:3f0d76fa43614e91b6c9d27b51e9ce01 | API Request: POST /api/students | User: Unknown | School: 550e8400-e29b-41d4-a716-446655440000
2026-04-19 18:41:23.474 +05:30 [INF] SmsApi.Services.StudentService | CorrelationId:3f0d76fa43614e91b6c9d27b51e9ce01 | Student created: "7c012fed-2a69-4374-a2c7-2988ec4d8eee", Admission: ATTE2E20260419184123
2026-04-19 18:41:23.506 +05:30 [WRN] SmsApi.Services.StudentService | CorrelationId:3f0d76fa43614e91b6c9d27b51e9ce01 | No fee structure found for class 10, academic year 2025-2026. Fee record not created.
2026-04-19 18:41:23.529 +05:30 [INF] SmsApi.Services.StudentService | CorrelationId:3f0d76fa43614e91b6c9d27b51e9ce01 | Library card initialized for student "7c012fed-2a69-4374-a2c7-2988ec4d8eee": LIB-ATTE2E20260419184123
2026-04-19 18:41:23.541 +05:30 [INF] SmsApi.Services.StudentService | CorrelationId:3f0d76fa43614e91b6c9d27b51e9ce01 | Student creation completed with all related records: "7c012fed-2a69-4374-a2c7-2988ec4d8eee"
2026-04-19 18:41:23.601 +05:30 [WRN] Microsoft.EntityFrameworkCore.Query | CorrelationId:3f0d76fa43614e91b6c9d27b51e9ce01 | Compiling a query which loads related collections for more than one collection navigation, either via 'Include' or through projection, but no 'QuerySplittingBehavior' has been configured. By default, Entity Framework will use 'QuerySplittingBehavior.SingleQuery', which can potentially result in slow query performance. See https://go.microsoft.com/fwlink/?linkid=2134277 for more information. To identify the query that's triggering this warning call 'ConfigureWarnings(w => w.Throw(RelationalEventId.MultipleCollectionIncludeWarning))'.
2026-04-19 18:41:23.630 +05:30 [INF] SmsApi.Middleware.LoggingActionFilter | CorrelationId:3f0d76fa43614e91b6c9d27b51e9ce01 | API Response: POST /api/students | Status: 200 | Duration: 224ms
2026-04-19 18:41:23.672 +05:30 [INF] Serilog.AspNetCore.RequestLoggingMiddleware | CorrelationId:3f0d76fa43614e91b6c9d27b51e9ce01 | HTTP POST /api/students responded 201 in 304.8480 ms
2026-04-19 18:41:50.381 +05:30 [INF] SmsApi.Middleware.LoggingActionFilter | CorrelationId:82b2db2f8356491fa9e7f7ee455cc193 | API Request: POST /api/auth/login | User: Unknown | School: Unknown
2026-04-19 18:41:50.919 +05:30 [INF] SmsApi.Controllers.AuthController | CorrelationId:82b2db2f8356491fa9e7f7ee455cc193 | Login successful for admin (SchoolId: "550e8400-e29b-41d4-a716-446655440000")
2026-04-19 18:41:50.925 +05:30 [INF] SmsApi.Middleware.LoggingActionFilter | CorrelationId:82b2db2f8356491fa9e7f7ee455cc193 | API Response: POST /api/auth/login | Status: 200 | Duration: 544ms
2026-04-19 18:41:50.940 +05:30 [INF] Serilog.AspNetCore.RequestLoggingMiddleware | CorrelationId:82b2db2f8356491fa9e7f7ee455cc193 | HTTP POST /api/auth/login responded 200 in 568.5126 ms
2026-04-19 18:41:50.963 +05:30 [WRN] SmsApi.Infrastructure.Performance.PerformanceMonitoringMiddleware | CorrelationId: | Slow request: POST /api/auth/login took 563ms — status 200.
2026-04-19 18:41:51.030 +05:30 [INF] SmsApi.Middleware.LoggingActionFilter | CorrelationId:c40d7aaacbdb468fb50bd7f90fc058c2 | API Request: POST /api/students | User: Unknown | School: 550e8400-e29b-41d4-a716-446655440000
2026-04-19 18:41:51.049 +05:30 [INF] SmsApi.Services.StudentService | CorrelationId:c40d7aaacbdb468fb50bd7f90fc058c2 | Student created: "a8a6f3b5-12bb-4bef-bc88-c55804eae227", Admission: TEST20260419184151
2026-04-19 18:41:51.055 +05:30 [WRN] SmsApi.Services.StudentService | CorrelationId:c40d7aaacbdb468fb50bd7f90fc058c2 | No fee structure found for class 10, academic year 2025-2026. Fee record not created.
2026-04-19 18:41:51.064 +05:30 [INF] SmsApi.Services.StudentService | CorrelationId:c40d7aaacbdb468fb50bd7f90fc058c2 | Library card initialized for student "a8a6f3b5-12bb-4bef-bc88-c55804eae227": LIB-TEST20260419184151
2026-04-19 18:41:51.068 +05:30 [INF] SmsApi.Services.StudentService | CorrelationId:c40d7aaacbdb468fb50bd7f90fc058c2 | Student creation completed with all related records: "a8a6f3b5-12bb-4bef-bc88-c55804eae227"
2026-04-19 18:41:51.076 +05:30 [INF] SmsApi.Middleware.LoggingActionFilter | CorrelationId:c40d7aaacbdb468fb50bd7f90fc058c2 | API Response: POST /api/students | Status: 200 | Duration: 46ms
2026-04-19 18:41:51.084 +05:30 [INF] Serilog.AspNetCore.RequestLoggingMiddleware | CorrelationId:c40d7aaacbdb468fb50bd7f90fc058c2 | HTTP POST /api/students responded 201 in 66.1463 ms
2026-04-19 18:42:01.384 +05:30 [INF] SmsApi.Middleware.LoggingActionFilter | CorrelationId:8dc8efdc748848309c977596241ddddf | API Request: POST /api/auth/login | User: Unknown | School: Unknown
2026-04-19 18:42:02.003 +05:30 [INF] SmsApi.Controllers.AuthController | CorrelationId:8dc8efdc748848309c977596241ddddf | Login successful for admin (SchoolId: "550e8400-e29b-41d4-a716-446655440000")
2026-04-19 18:42:02.006 +05:30 [INF] SmsApi.Middleware.LoggingActionFilter | CorrelationId:8dc8efdc748848309c977596241ddddf | API Response: POST /api/auth/login | Status: 200 | Duration: 622ms
2026-04-19 18:42:02.017 +05:30 [INF] Serilog.AspNetCore.RequestLoggingMiddleware | CorrelationId:8dc8efdc748848309c977596241ddddf | HTTP POST /api/auth/login responded 200 in 663.7195 ms
2026-04-19 18:42:02.032 +05:30 [WRN] SmsApi.Infrastructure.Performance.PerformanceMonitoringMiddleware | CorrelationId: | Slow request: POST /api/auth/login took 660ms — status 200.
2026-04-19 18:42:02.091 +05:30 [INF] SmsApi.Middleware.LoggingActionFilter | CorrelationId:59c8bbf534fd41c3841e8b26310b509f | API Request: GET /api/students | User: Unknown | School: 550e8400-e29b-41d4-a716-446655440000
2026-04-19 18:42:02.104 +05:30 [INF] SmsApi.Middleware.LoggingActionFilter | CorrelationId:59c8bbf534fd41c3841e8b26310b509f | API Response: GET /api/students | Status: 200 | Duration: 12ms
2026-04-19 18:42:02.117 +05:30 [INF] Serilog.AspNetCore.RequestLoggingMiddleware | CorrelationId:59c8bbf534fd41c3841e8b26310b509f | HTTP GET /api/students responded 200 in 37.7930 ms
2026-04-19 18:42:02.174 +05:30 [INF] SmsApi.Middleware.LoggingActionFilter | CorrelationId:1d595002afed4d27a35f6fb919ebedf6 | API Request: POST /api/students | User: Unknown | School: 550e8400-e29b-41d4-a716-446655440000
2026-04-19 18:42:02.194 +05:30 [INF] SmsApi.Services.StudentService | CorrelationId:1d595002afed4d27a35f6fb919ebedf6 | Student created: "373b6e68-c7ce-4d18-960c-98b17ae6a02a", Admission: ATTE2E20260419184202
2026-04-19 18:42:02.208 +05:30 [WRN] SmsApi.Services.StudentService | CorrelationId:1d595002afed4d27a35f6fb919ebedf6 | No fee structure found for class 10, academic year 2025-2026. Fee record not created.
2026-04-19 18:42:02.232 +05:30 [INF] SmsApi.Services.StudentService | CorrelationId:1d595002afed4d27a35f6fb919ebedf6 | Library card initialized for student "373b6e68-c7ce-4d18-960c-98b17ae6a02a": LIB-ATTE2E20260419184202
2026-04-19 18:42:02.238 +05:30 [INF] SmsApi.Services.StudentService | CorrelationId:1d595002afed4d27a35f6fb919ebedf6 | Student creation completed with all related records: "373b6e68-c7ce-4d18-960c-98b17ae6a02a"
2026-04-19 18:42:02.245 +05:30 [INF] SmsApi.Middleware.LoggingActionFilter | CorrelationId:1d595002afed4d27a35f6fb919ebedf6 | API Response: POST /api/students | Status: 200 | Duration: 70ms
2026-04-19 18:42:02.259 +05:30 [INF] Serilog.AspNetCore.RequestLoggingMiddleware | CorrelationId:1d595002afed4d27a35f6fb919ebedf6 | HTTP POST /api/students responded 201 in 89.2102 ms
2026-04-19 18:42:02.330 +05:30 [INF] SmsApi.Middleware.LoggingActionFilter | CorrelationId:80b2fbb8da1843e8ad0df2bb468f10ab | API Request: POST /api/Attendance/records | User: Unknown | School: 550e8400-e29b-41d4-a716-446655440000
2026-04-19 18:42:02.508 +05:30 [ERR] Microsoft.EntityFrameworkCore.Database.Command | CorrelationId:80b2fbb8da1843e8ad0df2bb468f10ab | Failed executing DbCommand (45ms) [Parameters=[@p0='?' (DbType = Guid), @p1='?', @p2='?' (DbType = Object), @p3='?' (DbType = Object), @p4='?' (DbType = DateTime), @p5='?' (DbType = Guid), @p6='?' (DbType = DateTime), @p7='?' (DbType = DateTime), @p8='?', @p9='?' (DbType = Boolean), @p10='?' (DbType = Boolean), @p11='?' (DbType = Guid), @p12='?', @p13='?' (DbType = Guid), @p14='?', @p15='?' (DbType = Guid), @p16='?' (DbType = DateTime), @p17='?' (DbType = Guid)], CommandType='"Text"', CommandTimeout='30']
INSERT INTO "AttendanceRecords" ("Id", "BiometricId", "CheckInTime", "CheckOutTime", "CreatedAt", "CreatedBy", "Date", "DeletedAt", "Discriminator", "IsDeleted", "IsManualOverride", "MarkedBy", "Remarks", "SchoolId", "Status", "StudentId", "UpdatedAt", "UpdatedBy")
VALUES (@p0, @p1, @p2, @p3, @p4, @p5, @p6, @p7, @p8, @p9, @p10, @p11, @p12, @p13, @p14, @p15, @p16, @p17)
RETURNING "RowVersion";
2026-04-19 18:42:02.539 +05:30 [ERR] Microsoft.EntityFrameworkCore.Update | CorrelationId:80b2fbb8da1843e8ad0df2bb468f10ab | An exception occurred in the database while saving changes for context type 'SmsApi.Data.AppDbContext'.
Microsoft.EntityFrameworkCore.DbUpdateException: An error occurred while saving the entity changes. See the inner exception for details.
 ---> Npgsql.PostgresException (0x80004005): 23503: insert or update on table "AttendanceRecords" violates foreign key constraint "FK_AttendanceRecords_User_MarkedBy"

DETAIL: Detail redacted as it may contain sensitive data. Specify 'Include Error Detail' in the connection string to include this information.
   at Npgsql.Internal.NpgsqlConnector.ReadMessageLong(Boolean async, DataRowLoadingMode dataRowLoadingMode, Boolean readingNotifications, Boolean isReadingPrependedMessage)
   at System.Runtime.CompilerServices.PoolingAsyncValueTaskMethodBuilder`1.StateMachineBox`1.System.Threading.Tasks.Sources.IValueTaskSource<TResult>.GetResult(Int16 token)
   at Npgsql.NpgsqlDataReader.NextResult(Boolean async, Boolean isConsuming, CancellationToken cancellationToken)
   at Npgsql.NpgsqlDataReader.NextResult(Boolean async, Boolean isConsuming, CancellationToken cancellationToken)
   at Npgsql.NpgsqlCommand.ExecuteReader(Boolean async, CommandBehavior behavior, CancellationToken cancellationToken)
   at Npgsql.NpgsqlCommand.ExecuteReader(Boolean async, CommandBehavior behavior, CancellationToken cancellationToken)
   at Npgsql.NpgsqlCommand.ExecuteDbDataReaderAsync(CommandBehavior behavior, CancellationToken cancellationToken)
   at Microsoft.EntityFrameworkCore.Storage.RelationalCommand.ExecuteReaderAsync(RelationalCommandParameterObject parameterObject, CancellationToken cancellationToken)
   at Microsoft.EntityFrameworkCore.Storage.RelationalCommand.ExecuteReaderAsync(RelationalCommandParameterObject parameterObject, CancellationToken cancellationToken)
   at Microsoft.EntityFrameworkCore.Update.ReaderModificationCommandBatch.ExecuteAsync(IRelationalConnection connection, CancellationToken cancellationToken)
  Exception data:
    Severity: ERROR
    SqlState: 23503
    MessageText: insert or update on table "AttendanceRecords" violates foreign key constraint "FK_AttendanceRecords_User_MarkedBy"
    Detail: Detail redacted as it may contain sensitive data. Specify 'Include Error Detail' in the connection string to include this information.
    SchemaName: public
    TableName: AttendanceRecords
    ConstraintName: FK_AttendanceRecords_User_MarkedBy
    File: ri_triggers.c
    Line: 2783
    Routine: ri_ReportViolation
   --- End of inner exception stack trace ---
   at Microsoft.EntityFrameworkCore.Update.ReaderModificationCommandBatch.ExecuteAsync(IRelationalConnection connection, CancellationToken cancellationToken)
   at Microsoft.EntityFrameworkCore.Update.Internal.BatchExecutor.ExecuteAsync(IEnumerable`1 commandBatches, IRelationalConnection connection, CancellationToken cancellationToken)
   at Microsoft.EntityFrameworkCore.Update.Internal.BatchExecutor.ExecuteAsync(IEnumerable`1 commandBatches, IRelationalConnection connection, CancellationToken cancellationToken)
   at Microsoft.EntityFrameworkCore.Update.Internal.BatchExecutor.ExecuteAsync(IEnumerable`1 commandBatches, IRelationalConnection connection, CancellationToken cancellationToken)
   at Microsoft.EntityFrameworkCore.ChangeTracking.Internal.StateManager.SaveChangesAsync(IList`1 entriesToSave, CancellationToken cancellationToken)
   at Microsoft.EntityFrameworkCore.ChangeTracking.Internal.StateManager.SaveChangesAsync(StateManager stateManager, Boolean acceptAllChangesOnSuccess, CancellationToken cancellationToken)
   at Microsoft.EntityFrameworkCore.Storage.ExecutionStrategy.<>c__DisplayClass30_0`2.<<ExecuteAsync>b__0>d.MoveNext()
--- End of stack trace from previous location ---
   at Microsoft.EntityFrameworkCore.Storage.ExecutionStrategy.ExecuteImplementationAsync[TState,TResult](Func`4 operation, Func`4 verifySucceeded, TState state, CancellationToken cancellationToken)
   at Microsoft.EntityFrameworkCore.Storage.ExecutionStrategy.ExecuteImplementationAsync[TState,TResult](Func`4 operation, Func`4 verifySucceeded, TState state, CancellationToken cancellationToken)
   at Microsoft.EntityFrameworkCore.Storage.ExecutionStrategy.ExecuteAsync[TState,TResult](TState state, Func`4 operation, Func`4 verifySucceeded, CancellationToken cancellationToken)
   at Microsoft.EntityFrameworkCore.DbContext.SaveChangesAsync(Boolean acceptAllChangesOnSuccess, CancellationToken cancellationToken)
Microsoft.EntityFrameworkCore.DbUpdateException: An error occurred while saving the entity changes. See the inner exception for details.
 ---> Npgsql.PostgresException (0x80004005): 23503: insert or update on table "AttendanceRecords" violates foreign key constraint "FK_AttendanceRecords_User_MarkedBy"

DETAIL: Detail redacted as it may contain sensitive data. Specify 'Include Error Detail' in the connection string to include this information.
   at Npgsql.Internal.NpgsqlConnector.ReadMessageLong(Boolean async, DataRowLoadingMode dataRowLoadingMode, Boolean readingNotifications, Boolean isReadingPrependedMessage)
   at System.Runtime.CompilerServices.PoolingAsyncValueTaskMethodBuilder`1.StateMachineBox`1.System.Threading.Tasks.Sources.IValueTaskSource<TResult>.GetResult(Int16 token)
   at Npgsql.NpgsqlDataReader.NextResult(Boolean async, Boolean isConsuming, CancellationToken cancellationToken)
   at Npgsql.NpgsqlDataReader.NextResult(Boolean async, Boolean isConsuming, CancellationToken cancellationToken)
   at Npgsql.NpgsqlCommand.ExecuteReader(Boolean async, CommandBehavior behavior, CancellationToken cancellationToken)
   at Npgsql.NpgsqlCommand.ExecuteReader(Boolean async, CommandBehavior behavior, CancellationToken cancellationToken)
   at Npgsql.NpgsqlCommand.ExecuteDbDataReaderAsync(CommandBehavior behavior, CancellationToken cancellationToken)
   at Microsoft.EntityFrameworkCore.Storage.RelationalCommand.ExecuteReaderAsync(RelationalCommandParameterObject parameterObject, CancellationToken cancellationToken)
   at Microsoft.EntityFrameworkCore.Storage.RelationalCommand.ExecuteReaderAsync(RelationalCommandParameterObject parameterObject, CancellationToken cancellationToken)
   at Microsoft.EntityFrameworkCore.Update.ReaderModificationCommandBatch.ExecuteAsync(IRelationalConnection connection, CancellationToken cancellationToken)
  Exception data:
    Severity: ERROR
    SqlState: 23503
    MessageText: insert or update on table "AttendanceRecords" violates foreign key constraint "FK_AttendanceRecords_User_MarkedBy"
    Detail: Detail redacted as it may contain sensitive data. Specify 'Include Error Detail' in the connection string to include this information.
    SchemaName: public
    TableName: AttendanceRecords
    ConstraintName: FK_AttendanceRecords_User_MarkedBy
    File: ri_triggers.c
    Line: 2783
    Routine: ri_ReportViolation
   --- End of inner exception stack trace ---
   at Microsoft.EntityFrameworkCore.Update.ReaderModificationCommandBatch.ExecuteAsync(IRelationalConnection connection, CancellationToken cancellationToken)
   at Microsoft.EntityFrameworkCore.Update.Internal.BatchExecutor.ExecuteAsync(IEnumerable`1 commandBatches, IRelationalConnection connection, CancellationToken cancellationToken)
   at Microsoft.EntityFrameworkCore.Update.Internal.BatchExecutor.ExecuteAsync(IEnumerable`1 commandBatches, IRelationalConnection connection, CancellationToken cancellationToken)
   at Microsoft.EntityFrameworkCore.Update.Internal.BatchExecutor.ExecuteAsync(IEnumerable`1 commandBatches, IRelationalConnection connection, CancellationToken cancellationToken)
   at Microsoft.EntityFrameworkCore.ChangeTracking.Internal.StateManager.SaveChangesAsync(IList`1 entriesToSave, CancellationToken cancellationToken)
   at Microsoft.EntityFrameworkCore.ChangeTracking.Internal.StateManager.SaveChangesAsync(StateManager stateManager, Boolean acceptAllChangesOnSuccess, CancellationToken cancellationToken)
   at Microsoft.EntityFrameworkCore.Storage.ExecutionStrategy.<>c__DisplayClass30_0`2.<<ExecuteAsync>b__0>d.MoveNext()
--- End of stack trace from previous location ---
   at Microsoft.EntityFrameworkCore.Storage.ExecutionStrategy.ExecuteImplementationAsync[TState,TResult](Func`4 operation, Func`4 verifySucceeded, TState state, CancellationToken cancellationToken)
   at Microsoft.EntityFrameworkCore.Storage.ExecutionStrategy.ExecuteImplementationAsync[TState,TResult](Func`4 operation, Func`4 verifySucceeded, TState state, CancellationToken cancellationToken)
   at Microsoft.EntityFrameworkCore.Storage.ExecutionStrategy.ExecuteAsync[TState,TResult](TState state, Func`4 operation, Func`4 verifySucceeded, CancellationToken cancellationToken)
   at Microsoft.EntityFrameworkCore.DbContext.SaveChangesAsync(Boolean acceptAllChangesOnSuccess, CancellationToken cancellationToken)
2026-04-19 18:42:02.564 +05:30 [ERR] SmsApi.Controllers.AttendanceController | CorrelationId:80b2fbb8da1843e8ad0df2bb468f10ab | Error marking attendance
Microsoft.EntityFrameworkCore.DbUpdateException: An error occurred while saving the entity changes. See the inner exception for details.
 ---> Npgsql.PostgresException (0x80004005): 23503: insert or update on table "AttendanceRecords" violates foreign key constraint "FK_AttendanceRecords_User_MarkedBy"

DETAIL: Detail redacted as it may contain sensitive data. Specify 'Include Error Detail' in the connection string to include this information.
   at Npgsql.Internal.NpgsqlConnector.ReadMessageLong(Boolean async, DataRowLoadingMode dataRowLoadingMode, Boolean readingNotifications, Boolean isReadingPrependedMessage)
   at System.Runtime.CompilerServices.PoolingAsyncValueTaskMethodBuilder`1.StateMachineBox`1.System.Threading.Tasks.Sources.IValueTaskSource<TResult>.GetResult(Int16 token)
   at Npgsql.NpgsqlDataReader.NextResult(Boolean async, Boolean isConsuming, CancellationToken cancellationToken)
   at Npgsql.NpgsqlDataReader.NextResult(Boolean async, Boolean isConsuming, CancellationToken cancellationToken)
   at Npgsql.NpgsqlCommand.ExecuteReader(Boolean async, CommandBehavior behavior, CancellationToken cancellationToken)
   at Npgsql.NpgsqlCommand.ExecuteReader(Boolean async, CommandBehavior behavior, CancellationToken cancellationToken)
   at Npgsql.NpgsqlCommand.ExecuteDbDataReaderAsync(CommandBehavior behavior, CancellationToken cancellationToken)
   at Microsoft.EntityFrameworkCore.Storage.RelationalCommand.ExecuteReaderAsync(RelationalCommandParameterObject parameterObject, CancellationToken cancellationToken)
   at Microsoft.EntityFrameworkCore.Storage.RelationalCommand.ExecuteReaderAsync(RelationalCommandParameterObject parameterObject, CancellationToken cancellationToken)
   at Microsoft.EntityFrameworkCore.Update.ReaderModificationCommandBatch.ExecuteAsync(IRelationalConnection connection, CancellationToken cancellationToken)
  Exception data:
    Severity: ERROR
    SqlState: 23503
    MessageText: insert or update on table "AttendanceRecords" violates foreign key constraint "FK_AttendanceRecords_User_MarkedBy"
    Detail: Detail redacted as it may contain sensitive data. Specify 'Include Error Detail' in the connection string to include this information.
    SchemaName: public
    TableName: AttendanceRecords
    ConstraintName: FK_AttendanceRecords_User_MarkedBy
    File: ri_triggers.c
    Line: 2783
    Routine: ri_ReportViolation
   --- End of inner exception stack trace ---
   at Microsoft.EntityFrameworkCore.Update.ReaderModificationCommandBatch.ExecuteAsync(IRelationalConnection connection, CancellationToken cancellationToken)
   at Microsoft.EntityFrameworkCore.Update.Internal.BatchExecutor.ExecuteAsync(IEnumerable`1 commandBatches, IRelationalConnection connection, CancellationToken cancellationToken)
   at Microsoft.EntityFrameworkCore.Update.Internal.BatchExecutor.ExecuteAsync(IEnumerable`1 commandBatches, IRelationalConnection connection, CancellationToken cancellationToken)
   at Microsoft.EntityFrameworkCore.Update.Internal.BatchExecutor.ExecuteAsync(IEnumerable`1 commandBatches, IRelationalConnection connection, CancellationToken cancellationToken)
   at Microsoft.EntityFrameworkCore.ChangeTracking.Internal.StateManager.SaveChangesAsync(IList`1 entriesToSave, CancellationToken cancellationToken)
   at Microsoft.EntityFrameworkCore.ChangeTracking.Internal.StateManager.SaveChangesAsync(StateManager stateManager, Boolean acceptAllChangesOnSuccess, CancellationToken cancellationToken)
   at Microsoft.EntityFrameworkCore.Storage.ExecutionStrategy.<>c__DisplayClass30_0`2.<<ExecuteAsync>b__0>d.MoveNext()
--- End of stack trace from previous location ---
   at Microsoft.EntityFrameworkCore.Storage.ExecutionStrategy.ExecuteImplementationAsync[TState,TResult](Func`4 operation, Func`4 verifySucceeded, TState state, CancellationToken cancellationToken)
   at Microsoft.EntityFrameworkCore.Storage.ExecutionStrategy.ExecuteImplementationAsync[TState,TResult](Func`4 operation, Func`4 verifySucceeded, TState state, CancellationToken cancellationToken)
   at Microsoft.EntityFrameworkCore.Storage.ExecutionStrategy.ExecuteAsync[TState,TResult](TState state, Func`4 operation, Func`4 verifySucceeded, CancellationToken cancellationToken)
   at Microsoft.EntityFrameworkCore.DbContext.SaveChangesAsync(Boolean acceptAllChangesOnSuccess, CancellationToken cancellationToken)
   at Microsoft.EntityFrameworkCore.DbContext.SaveChangesAsync(Boolean acceptAllChangesOnSuccess, CancellationToken cancellationToken)
   at SmsApi.Data.AppDbContext.SaveChangesAsync(CancellationToken cancellationToken) in C:\Vitana\Vitana Group\sms-api\Data\AppDbContext.cs:line 229
   at SmsApi.Services.AttendanceService.MarkAttendanceAsync(Guid schoolId, MarkAttendanceDto dto, Guid userId) in C:\Vitana\Vitana Group\sms-api\Services\AttendanceService.cs:line 260
   at SmsApi.Controllers.AttendanceController.MarkAttendance(MarkAttendanceDto dto) in C:\Vitana\Vitana Group\sms-api\Controllers\AttendanceController.cs:line 152
2026-04-19 18:42:02.604 +05:30 [INF] SmsApi.Middleware.LoggingActionFilter | CorrelationId:80b2fbb8da1843e8ad0df2bb468f10ab | API Response: POST /api/Attendance/records | Status: 200 | Duration: 273ms
2026-04-19 18:42:02.619 +05:30 [ERR] Microsoft.EntityFrameworkCore.Database.Command | CorrelationId:80b2fbb8da1843e8ad0df2bb468f10ab | Failed executing DbCommand (3ms) [Parameters=[@p0='?' (DbType = Guid), @p1='?', @p2='?' (DbType = Object), @p3='?' (DbType = Object), @p4='?' (DbType = DateTime), @p5='?' (DbType = Guid), @p6='?' (DbType = DateTime), @p7='?' (DbType = DateTime), @p8='?', @p9='?' (DbType = Boolean), @p10='?' (DbType = Boolean), @p11='?' (DbType = Guid), @p12='?', @p13='?' (DbType = Guid), @p14='?', @p15='?' (DbType = Guid), @p16='?' (DbType = DateTime), @p17='?' (DbType = Guid), @p18='?' (DbType = Guid), @p19='?', @p20='?' (DbType = Int64), @p21='?' (DbType = Guid), @p22='?', @p23='?', @p24='?', @p25='?', @p26='?', @p27='?', @p28='?', @p29='?' (DbType = Guid), @p30='?' (DbType = Int32), @p31='?' (DbType = DateTime), @p32='?', @p33='?' (DbType = Guid), @p34='?'], CommandType='"Text"', CommandTimeout='30']
INSERT INTO "AttendanceRecords" ("Id", "BiometricId", "CheckInTime", "CheckOutTime", "CreatedAt", "CreatedBy", "Date", "DeletedAt", "Discriminator", "IsDeleted", "IsManualOverride", "MarkedBy", "Remarks", "SchoolId", "Status", "StudentId", "UpdatedAt", "UpdatedBy")
VALUES (@p0, @p1, @p2, @p3, @p4, @p5, @p6, @p7, @p8, @p9, @p10, @p11, @p12, @p13, @p14, @p15, @p16, @p17)
RETURNING "RowVersion";
INSERT INTO "AuditLogs" ("Id", "ActionType", "DurationMs", "EntityId", "EntityType", "ExceptionMessage", "HttpMethod", "IpAddress", "Path", "QueryString", "RequestBody", "SchoolId", "StatusCode", "Timestamp", "UserAgent", "UserId", "Username")
VALUES (@p18, @p19, @p20, @p21, @p22, @p23, @p24, @p25, @p26, @p27, @p28, @p29, @p30, @p31, @p32, @p33, @p34);
2026-04-19 18:42:02.633 +05:30 [ERR] Microsoft.EntityFrameworkCore.Update | CorrelationId:80b2fbb8da1843e8ad0df2bb468f10ab | An exception occurred in the database while saving changes for context type 'SmsApi.Data.AppDbContext'.
Microsoft.EntityFrameworkCore.DbUpdateException: An error occurred while saving the entity changes. See the inner exception for details.
 ---> Npgsql.PostgresException (0x80004005): 23503: insert or update on table "AttendanceRecords" violates foreign key constraint "FK_AttendanceRecords_User_MarkedBy"

DETAIL: Detail redacted as it may contain sensitive data. Specify 'Include Error Detail' in the connection string to include this information.
   at Npgsql.Internal.NpgsqlConnector.ReadMessageLong(Boolean async, DataRowLoadingMode dataRowLoadingMode, Boolean readingNotifications, Boolean isReadingPrependedMessage)
   at System.Runtime.CompilerServices.PoolingAsyncValueTaskMethodBuilder`1.StateMachineBox`1.System.Threading.Tasks.Sources.IValueTaskSource<TResult>.GetResult(Int16 token)
   at Npgsql.NpgsqlDataReader.NextResult(Boolean async, Boolean isConsuming, CancellationToken cancellationToken)
   at Npgsql.NpgsqlDataReader.NextResult(Boolean async, Boolean isConsuming, CancellationToken cancellationToken)
   at Npgsql.NpgsqlCommand.ExecuteReader(Boolean async, CommandBehavior behavior, CancellationToken cancellationToken)
   at Npgsql.NpgsqlCommand.ExecuteReader(Boolean async, CommandBehavior behavior, CancellationToken cancellationToken)
   at Npgsql.NpgsqlCommand.ExecuteDbDataReaderAsync(CommandBehavior behavior, CancellationToken cancellationToken)
   at Microsoft.EntityFrameworkCore.Storage.RelationalCommand.ExecuteReaderAsync(RelationalCommandParameterObject parameterObject, CancellationToken cancellationToken)
   at Microsoft.EntityFrameworkCore.Storage.RelationalCommand.ExecuteReaderAsync(RelationalCommandParameterObject parameterObject, CancellationToken cancellationToken)
   at Microsoft.EntityFrameworkCore.Update.ReaderModificationCommandBatch.ExecuteAsync(IRelationalConnection connection, CancellationToken cancellationToken)
  Exception data:
    Severity: ERROR
    SqlState: 23503
    MessageText: insert or update on table "AttendanceRecords" violates foreign key constraint "FK_AttendanceRecords_User_MarkedBy"
    Detail: Detail redacted as it may contain sensitive data. Specify 'Include Error Detail' in the connection string to include this information.
    SchemaName: public
    TableName: AttendanceRecords
    ConstraintName: FK_AttendanceRecords_User_MarkedBy
    File: ri_triggers.c
    Line: 2783
    Routine: ri_ReportViolation
   --- End of inner exception stack trace ---
   at Microsoft.EntityFrameworkCore.Update.ReaderModificationCommandBatch.ExecuteAsync(IRelationalConnection connection, CancellationToken cancellationToken)
   at Microsoft.EntityFrameworkCore.Update.Internal.BatchExecutor.ExecuteAsync(IEnumerable`1 commandBatches, IRelationalConnection connection, CancellationToken cancellationToken)
   at Microsoft.EntityFrameworkCore.Update.Internal.BatchExecutor.ExecuteAsync(IEnumerable`1 commandBatches, IRelationalConnection connection, CancellationToken cancellationToken)
   at Microsoft.EntityFrameworkCore.Update.Internal.BatchExecutor.ExecuteAsync(IEnumerable`1 commandBatches, IRelationalConnection connection, CancellationToken cancellationToken)
   at Microsoft.EntityFrameworkCore.ChangeTracking.Internal.StateManager.SaveChangesAsync(IList`1 entriesToSave, CancellationToken cancellationToken)
   at Microsoft.EntityFrameworkCore.ChangeTracking.Internal.StateManager.SaveChangesAsync(StateManager stateManager, Boolean acceptAllChangesOnSuccess, CancellationToken cancellationToken)
   at Microsoft.EntityFrameworkCore.Storage.ExecutionStrategy.<>c__DisplayClass30_0`2.<<ExecuteAsync>b__0>d.MoveNext()
--- End of stack trace from previous location ---
   at Microsoft.EntityFrameworkCore.Storage.ExecutionStrategy.ExecuteImplementationAsync[TState,TResult](Func`4 operation, Func`4 verifySucceeded, TState state, CancellationToken cancellationToken)
   at Microsoft.EntityFrameworkCore.Storage.ExecutionStrategy.ExecuteImplementationAsync[TState,TResult](Func`4 operation, Func`4 verifySucceeded, TState state, CancellationToken cancellationToken)
   at Microsoft.EntityFrameworkCore.Storage.ExecutionStrategy.ExecuteAsync[TState,TResult](TState state, Func`4 operation, Func`4 verifySucceeded, CancellationToken cancellationToken)
   at Microsoft.EntityFrameworkCore.DbContext.SaveChangesAsync(Boolean acceptAllChangesOnSuccess, CancellationToken cancellationToken)
Microsoft.EntityFrameworkCore.DbUpdateException: An error occurred while saving the entity changes. See the inner exception for details.
 ---> Npgsql.PostgresException (0x80004005): 23503: insert or update on table "AttendanceRecords" violates foreign key constraint "FK_AttendanceRecords_User_MarkedBy"

DETAIL: Detail redacted as it may contain sensitive data. Specify 'Include Error Detail' in the connection string to include this information.
   at Npgsql.Internal.NpgsqlConnector.ReadMessageLong(Boolean async, DataRowLoadingMode dataRowLoadingMode, Boolean readingNotifications, Boolean isReadingPrependedMessage)
   at System.Runtime.CompilerServices.PoolingAsyncValueTaskMethodBuilder`1.StateMachineBox`1.System.Threading.Tasks.Sources.IValueTaskSource<TResult>.GetResult(Int16 token)
   at Npgsql.NpgsqlDataReader.NextResult(Boolean async, Boolean isConsuming, CancellationToken cancellationToken)
   at Npgsql.NpgsqlDataReader.NextResult(Boolean async, Boolean isConsuming, CancellationToken cancellationToken)
   at Npgsql.NpgsqlCommand.ExecuteReader(Boolean async, CommandBehavior behavior, CancellationToken cancellationToken)
   at Npgsql.NpgsqlCommand.ExecuteReader(Boolean async, CommandBehavior behavior, CancellationToken cancellationToken)
   at Npgsql.NpgsqlCommand.ExecuteDbDataReaderAsync(CommandBehavior behavior, CancellationToken cancellationToken)
   at Microsoft.EntityFrameworkCore.Storage.RelationalCommand.ExecuteReaderAsync(RelationalCommandParameterObject parameterObject, CancellationToken cancellationToken)
   at Microsoft.EntityFrameworkCore.Storage.RelationalCommand.ExecuteReaderAsync(RelationalCommandParameterObject parameterObject, CancellationToken cancellationToken)
   at Microsoft.EntityFrameworkCore.Update.ReaderModificationCommandBatch.ExecuteAsync(IRelationalConnection connection, CancellationToken cancellationToken)
  Exception data:
    Severity: ERROR
    SqlState: 23503
    MessageText: insert or update on table "AttendanceRecords" violates foreign key constraint "FK_AttendanceRecords_User_MarkedBy"
    Detail: Detail redacted as it may contain sensitive data. Specify 'Include Error Detail' in the connection string to include this information.
    SchemaName: public
    TableName: AttendanceRecords
    ConstraintName: FK_AttendanceRecords_User_MarkedBy
    File: ri_triggers.c
    Line: 2783
    Routine: ri_ReportViolation
   --- End of inner exception stack trace ---
   at Microsoft.EntityFrameworkCore.Update.ReaderModificationCommandBatch.ExecuteAsync(IRelationalConnection connection, CancellationToken cancellationToken)
   at Microsoft.EntityFrameworkCore.Update.Internal.BatchExecutor.ExecuteAsync(IEnumerable`1 commandBatches, IRelationalConnection connection, CancellationToken cancellationToken)
   at Microsoft.EntityFrameworkCore.Update.Internal.BatchExecutor.ExecuteAsync(IEnumerable`1 commandBatches, IRelationalConnection connection, CancellationToken cancellationToken)
   at Microsoft.EntityFrameworkCore.Update.Internal.BatchExecutor.ExecuteAsync(IEnumerable`1 commandBatches, IRelationalConnection connection, CancellationToken cancellationToken)
   at Microsoft.EntityFrameworkCore.ChangeTracking.Internal.StateManager.SaveChangesAsync(IList`1 entriesToSave, CancellationToken cancellationToken)
   at Microsoft.EntityFrameworkCore.ChangeTracking.Internal.StateManager.SaveChangesAsync(StateManager stateManager, Boolean acceptAllChangesOnSuccess, CancellationToken cancellationToken)
   at Microsoft.EntityFrameworkCore.Storage.ExecutionStrategy.<>c__DisplayClass30_0`2.<<ExecuteAsync>b__0>d.MoveNext()
--- End of stack trace from previous location ---
   at Microsoft.EntityFrameworkCore.Storage.ExecutionStrategy.ExecuteImplementationAsync[TState,TResult](Func`4 operation, Func`4 verifySucceeded, TState state, CancellationToken cancellationToken)
   at Microsoft.EntityFrameworkCore.Storage.ExecutionStrategy.ExecuteImplementationAsync[TState,TResult](Func`4 operation, Func`4 verifySucceeded, TState state, CancellationToken cancellationToken)
   at Microsoft.EntityFrameworkCore.Storage.ExecutionStrategy.ExecuteAsync[TState,TResult](TState state, Func`4 operation, Func`4 verifySucceeded, CancellationToken cancellationToken)
   at Microsoft.EntityFrameworkCore.DbContext.SaveChangesAsync(Boolean acceptAllChangesOnSuccess, CancellationToken cancellationToken)
2026-04-19 18:42:02.659 +05:30 [ERR] SmsApi.Middleware.AuditLoggingMiddleware | CorrelationId:80b2fbb8da1843e8ad0df2bb468f10ab | Failed to write audit log entry
Microsoft.EntityFrameworkCore.DbUpdateException: An error occurred while saving the entity changes. See the inner exception for details.
 ---> Npgsql.PostgresException (0x80004005): 23503: insert or update on table "AttendanceRecords" violates foreign key constraint "FK_AttendanceRecords_User_MarkedBy"

DETAIL: Detail redacted as it may contain sensitive data. Specify 'Include Error Detail' in the connection string to include this information.
   at Npgsql.Internal.NpgsqlConnector.ReadMessageLong(Boolean async, DataRowLoadingMode dataRowLoadingMode, Boolean readingNotifications, Boolean isReadingPrependedMessage)
   at System.Runtime.CompilerServices.PoolingAsyncValueTaskMethodBuilder`1.StateMachineBox`1.System.Threading.Tasks.Sources.IValueTaskSource<TResult>.GetResult(Int16 token)
   at Npgsql.NpgsqlDataReader.NextResult(Boolean async, Boolean isConsuming, CancellationToken cancellationToken)
   at Npgsql.NpgsqlDataReader.NextResult(Boolean async, Boolean isConsuming, CancellationToken cancellationToken)
   at Npgsql.NpgsqlCommand.ExecuteReader(Boolean async, CommandBehavior behavior, CancellationToken cancellationToken)
   at Npgsql.NpgsqlCommand.ExecuteReader(Boolean async, CommandBehavior behavior, CancellationToken cancellationToken)
   at Npgsql.NpgsqlCommand.ExecuteDbDataReaderAsync(CommandBehavior behavior, CancellationToken cancellationToken)
   at Microsoft.EntityFrameworkCore.Storage.RelationalCommand.ExecuteReaderAsync(RelationalCommandParameterObject parameterObject, CancellationToken cancellationToken)
   at Microsoft.EntityFrameworkCore.Storage.RelationalCommand.ExecuteReaderAsync(RelationalCommandParameterObject parameterObject, CancellationToken cancellationToken)
   at Microsoft.EntityFrameworkCore.Update.ReaderModificationCommandBatch.ExecuteAsync(IRelationalConnection connection, CancellationToken cancellationToken)
  Exception data:
    Severity: ERROR
    SqlState: 23503
    MessageText: insert or update on table "AttendanceRecords" violates foreign key constraint "FK_AttendanceRecords_User_MarkedBy"
    Detail: Detail redacted as it may contain sensitive data. Specify 'Include Error Detail' in the connection string to include this information.
    SchemaName: public
    TableName: AttendanceRecords
    ConstraintName: FK_AttendanceRecords_User_MarkedBy
    File: ri_triggers.c
    Line: 2783
    Routine: ri_ReportViolation
   --- End of inner exception stack trace ---
   at Microsoft.EntityFrameworkCore.Update.ReaderModificationCommandBatch.ExecuteAsync(IRelationalConnection connection, CancellationToken cancellationToken)
   at Microsoft.EntityFrameworkCore.Update.Internal.BatchExecutor.ExecuteAsync(IEnumerable`1 commandBatches, IRelationalConnection connection, CancellationToken cancellationToken)
   at Microsoft.EntityFrameworkCore.Update.Internal.BatchExecutor.ExecuteAsync(IEnumerable`1 commandBatches, IRelationalConnection connection, CancellationToken cancellationToken)
   at Microsoft.EntityFrameworkCore.Update.Internal.BatchExecutor.ExecuteAsync(IEnumerable`1 commandBatches, IRelationalConnection connection, CancellationToken cancellationToken)
   at Microsoft.EntityFrameworkCore.ChangeTracking.Internal.StateManager.SaveChangesAsync(IList`1 entriesToSave, CancellationToken cancellationToken)
   at Microsoft.EntityFrameworkCore.ChangeTracking.Internal.StateManager.SaveChangesAsync(StateManager stateManager, Boolean acceptAllChangesOnSuccess, CancellationToken cancellationToken)
   at Microsoft.EntityFrameworkCore.Storage.ExecutionStrategy.<>c__DisplayClass30_0`2.<<ExecuteAsync>b__0>d.MoveNext()
--- End of stack trace from previous location ---
   at Microsoft.EntityFrameworkCore.Storage.ExecutionStrategy.ExecuteImplementationAsync[TState,TResult](Func`4 operation, Func`4 verifySucceeded, TState state, CancellationToken cancellationToken)
   at Microsoft.EntityFrameworkCore.Storage.ExecutionStrategy.ExecuteImplementationAsync[TState,TResult](Func`4 operation, Func`4 verifySucceeded, TState state, CancellationToken cancellationToken)
   at Microsoft.EntityFrameworkCore.Storage.ExecutionStrategy.ExecuteAsync[TState,TResult](TState state, Func`4 operation, Func`4 verifySucceeded, CancellationToken cancellationToken)
   at Microsoft.EntityFrameworkCore.DbContext.SaveChangesAsync(Boolean acceptAllChangesOnSuccess, CancellationToken cancellationToken)
   at Microsoft.EntityFrameworkCore.DbContext.SaveChangesAsync(Boolean acceptAllChangesOnSuccess, CancellationToken cancellationToken)
   at SmsApi.Data.AppDbContext.SaveChangesAsync(CancellationToken cancellationToken) in C:\Vitana\Vitana Group\sms-api\Data\AppDbContext.cs:line 229
   at SmsApi.Middleware.AuditLoggingMiddleware.WriteAuditLog(HttpContext context, AppDbContext dbContext, String requestBody, Int64 durationMs, String exceptionMessage) in C:\Vitana\Vitana Group\sms-api\Middleware\AuditLoggingMiddleware.cs:line 112
2026-04-19 18:42:02.680 +05:30 [ERR] Serilog.AspNetCore.RequestLoggingMiddleware | CorrelationId:80b2fbb8da1843e8ad0df2bb468f10ab | HTTP POST /api/Attendance/records responded 500 in 370.6047 ms
2026-04-19 18:42:02.742 +05:30 [INF] SmsApi.Middleware.LoggingActionFilter | CorrelationId:c13e803af1d84ad7921cca5af3e0ed97 | API Request: POST /api/Attendance/records | User: Unknown | School: 550e8400-e29b-41d4-a716-446655440000
2026-04-19 18:42:02.752 +05:30 [INF] SmsApi.Middleware.LoggingActionFilter | CorrelationId:c13e803af1d84ad7921cca5af3e0ed97 | API Response: POST /api/Attendance/records | Status: 200 | Duration: 9ms
2026-04-19 18:42:02.763 +05:30 [INF] Serilog.AspNetCore.RequestLoggingMiddleware | CorrelationId:c13e803af1d84ad7921cca5af3e0ed97 | HTTP POST /api/Attendance/records responded 400 in 24.7741 ms
2026-04-19 18:42:02.798 +05:30 [INF] SmsApi.Middleware.LoggingActionFilter | CorrelationId:827d4e62834544b0b339acc3e6d92c91 | API Request: POST /api/Attendance/records/bulk | User: Unknown | School: 550e8400-e29b-41d4-a716-446655440000
2026-04-19 18:42:02.816 +05:30 [INF] SmsApi.Middleware.LoggingActionFilter | CorrelationId:827d4e62834544b0b339acc3e6d92c91 | API Response: POST /api/Attendance/records/bulk | Status: 200 | Duration: 17ms
2026-04-19 18:42:02.823 +05:30 [INF] Serilog.AspNetCore.RequestLoggingMiddleware | CorrelationId:827d4e62834544b0b339acc3e6d92c91 | HTTP POST /api/Attendance/records/bulk responded 400 in 38.7249 ms
2026-04-19 18:42:02.850 +05:30 [INF] SmsApi.Middleware.LoggingActionFilter | CorrelationId:ac56eb210e384fde8cdd514bd13852d7 | API Request: GET /api/Attendance/records | User: Unknown | School: 550e8400-e29b-41d4-a716-446655440000
2026-04-19 18:42:02.900 +05:30 [INF] SmsApi.Middleware.LoggingActionFilter | CorrelationId:ac56eb210e384fde8cdd514bd13852d7 | API Response: GET /api/Attendance/records | Status: 200 | Duration: 51ms
2026-04-19 18:42:02.911 +05:30 [INF] Serilog.AspNetCore.RequestLoggingMiddleware | CorrelationId:ac56eb210e384fde8cdd514bd13852d7 | HTTP GET /api/Attendance/records responded 200 in 71.4509 ms
2026-04-19 18:42:02.948 +05:30 [INF] SmsApi.Middleware.LoggingActionFilter | CorrelationId:6db1d66399b9472d8d3b12f51ba56362 | API Request: POST /api/Attendance/leave-requests | User: Unknown | School: 550e8400-e29b-41d4-a716-446655440000
2026-04-19 18:42:03.041 +05:30 [INF] SmsApi.Middleware.LoggingActionFilter | CorrelationId:6db1d66399b9472d8d3b12f51ba56362 | API Response: POST /api/Attendance/leave-requests | Status: 200 | Duration: 92ms
2026-04-19 18:42:03.051 +05:30 [INF] Serilog.AspNetCore.RequestLoggingMiddleware | CorrelationId:6db1d66399b9472d8d3b12f51ba56362 | HTTP POST /api/Attendance/leave-requests responded 201 in 113.5685 ms
2026-04-19 18:42:03.071 +05:30 [INF] SmsApi.Middleware.LoggingActionFilter | CorrelationId:b1df0965bef6468f970aa2bf30ae17fd | API Request: POST /api/Attendance/leave-requests | User: Unknown | School: 550e8400-e29b-41d4-a716-446655440000
2026-04-19 18:42:03.080 +05:30 [INF] SmsApi.Middleware.LoggingActionFilter | CorrelationId:b1df0965bef6468f970aa2bf30ae17fd | API Response: POST /api/Attendance/leave-requests | Status: 200 | Duration: 9ms
2026-04-19 18:42:03.086 +05:30 [INF] Serilog.AspNetCore.RequestLoggingMiddleware | CorrelationId:b1df0965bef6468f970aa2bf30ae17fd | HTTP POST /api/Attendance/leave-requests responded 400 in 18.2055 ms
2026-04-19 18:42:03.100 +05:30 [INF] Serilog.AspNetCore.RequestLoggingMiddleware | CorrelationId:63eecdad64c24bc2adcf1d84aa38baa3 | HTTP GET /api/Attendance/records responded 401 in 4.4190 ms
2026-04-19 18:42:19.048 +05:30 [INF] SmsApi.Middleware.LoggingActionFilter | CorrelationId:dfd00cfb875049f3bbeb8359968cd7bb | API Request: POST /api/auth/login | User: Unknown | School: Unknown
2026-04-19 18:42:19.573 +05:30 [INF] SmsApi.Controllers.AuthController | CorrelationId:dfd00cfb875049f3bbeb8359968cd7bb | Login successful for admin (SchoolId: "550e8400-e29b-41d4-a716-446655440000")
2026-04-19 18:42:19.579 +05:30 [INF] SmsApi.Middleware.LoggingActionFilter | CorrelationId:dfd00cfb875049f3bbeb8359968cd7bb | API Response: POST /api/auth/login | Status: 200 | Duration: 531ms
2026-04-19 18:42:19.589 +05:30 [INF] Serilog.AspNetCore.RequestLoggingMiddleware | CorrelationId:dfd00cfb875049f3bbeb8359968cd7bb | HTTP POST /api/auth/login responded 200 in 544.7107 ms
2026-04-19 18:42:19.609 +05:30 [WRN] SmsApi.Infrastructure.Performance.PerformanceMonitoringMiddleware | CorrelationId: | Slow request: POST /api/auth/login took 538ms — status 200.
2026-04-19 18:42:19.647 +05:30 [INF] SmsApi.Middleware.LoggingActionFilter | CorrelationId:5c9b6a61ce0f4d3abd71b0ec34b6aeec | API Request: POST /api/students | User: Unknown | School: 550e8400-e29b-41d4-a716-446655440000
2026-04-19 18:42:19.656 +05:30 [INF] SmsApi.Services.StudentService | CorrelationId:5c9b6a61ce0f4d3abd71b0ec34b6aeec | Student created: "d501b465-6c7d-47b8-99e9-ba6c78380fb5", Admission: TEST20260419184219
2026-04-19 18:42:19.664 +05:30 [WRN] SmsApi.Services.StudentService | CorrelationId:5c9b6a61ce0f4d3abd71b0ec34b6aeec | No fee structure found for class 10, academic year 2025-2026. Fee record not created.
2026-04-19 18:42:19.671 +05:30 [INF] SmsApi.Services.StudentService | CorrelationId:5c9b6a61ce0f4d3abd71b0ec34b6aeec | Library card initialized for student "d501b465-6c7d-47b8-99e9-ba6c78380fb5": LIB-TEST20260419184219
2026-04-19 18:42:19.675 +05:30 [INF] SmsApi.Services.StudentService | CorrelationId:5c9b6a61ce0f4d3abd71b0ec34b6aeec | Student creation completed with all related records: "d501b465-6c7d-47b8-99e9-ba6c78380fb5"
2026-04-19 18:42:19.681 +05:30 [INF] SmsApi.Middleware.LoggingActionFilter | CorrelationId:5c9b6a61ce0f4d3abd71b0ec34b6aeec | API Response: POST /api/students | Status: 200 | Duration: 33ms
2026-04-19 18:42:19.688 +05:30 [INF] Serilog.AspNetCore.RequestLoggingMiddleware | CorrelationId:5c9b6a61ce0f4d3abd71b0ec34b6aeec | HTTP POST /api/students responded 201 in 45.1363 ms
2026-04-19 18:42:19.724 +05:30 [INF] SmsApi.Middleware.LoggingActionFilter | CorrelationId:d205226242d846c69d53ab0259f4020e | API Request: POST /api/Attendance/records | User: Unknown | School: 550e8400-e29b-41d4-a716-446655440000
2026-04-19 18:42:19.735 +05:30 [ERR] Microsoft.EntityFrameworkCore.Database.Command | CorrelationId:d205226242d846c69d53ab0259f4020e | Failed executing DbCommand (3ms) [Parameters=[@p0='?' (DbType = Guid), @p1='?', @p2='?' (DbType = Object), @p3='?' (DbType = Object), @p4='?' (DbType = DateTime), @p5='?' (DbType = Guid), @p6='?' (DbType = DateTime), @p7='?' (DbType = DateTime), @p8='?', @p9='?' (DbType = Boolean), @p10='?' (DbType = Boolean), @p11='?' (DbType = Guid), @p12='?', @p13='?' (DbType = Guid), @p14='?', @p15='?' (DbType = Guid), @p16='?' (DbType = DateTime), @p17='?' (DbType = Guid)], CommandType='"Text"', CommandTimeout='30']
INSERT INTO "AttendanceRecords" ("Id", "BiometricId", "CheckInTime", "CheckOutTime", "CreatedAt", "CreatedBy", "Date", "DeletedAt", "Discriminator", "IsDeleted", "IsManualOverride", "MarkedBy", "Remarks", "SchoolId", "Status", "StudentId", "UpdatedAt", "UpdatedBy")
VALUES (@p0, @p1, @p2, @p3, @p4, @p5, @p6, @p7, @p8, @p9, @p10, @p11, @p12, @p13, @p14, @p15, @p16, @p17)
RETURNING "RowVersion";
2026-04-19 18:42:19.742 +05:30 [ERR] Microsoft.EntityFrameworkCore.Update | CorrelationId:d205226242d846c69d53ab0259f4020e | An exception occurred in the database while saving changes for context type 'SmsApi.Data.AppDbContext'.
Microsoft.EntityFrameworkCore.DbUpdateException: An error occurred while saving the entity changes. See the inner exception for details.
 ---> Npgsql.PostgresException (0x80004005): 23503: insert or update on table "AttendanceRecords" violates foreign key constraint "FK_AttendanceRecords_User_MarkedBy"

DETAIL: Detail redacted as it may contain sensitive data. Specify 'Include Error Detail' in the connection string to include this information.
   at Npgsql.Internal.NpgsqlConnector.ReadMessageLong(Boolean async, DataRowLoadingMode dataRowLoadingMode, Boolean readingNotifications, Boolean isReadingPrependedMessage)
   at System.Runtime.CompilerServices.PoolingAsyncValueTaskMethodBuilder`1.StateMachineBox`1.System.Threading.Tasks.Sources.IValueTaskSource<TResult>.GetResult(Int16 token)
   at Npgsql.NpgsqlDataReader.NextResult(Boolean async, Boolean isConsuming, CancellationToken cancellationToken)
   at Npgsql.NpgsqlDataReader.NextResult(Boolean async, Boolean isConsuming, CancellationToken cancellationToken)
   at Npgsql.NpgsqlCommand.ExecuteReader(Boolean async, CommandBehavior behavior, CancellationToken cancellationToken)
   at Npgsql.NpgsqlCommand.ExecuteReader(Boolean async, CommandBehavior behavior, CancellationToken cancellationToken)
   at Npgsql.NpgsqlCommand.ExecuteDbDataReaderAsync(CommandBehavior behavior, CancellationToken cancellationToken)
   at Microsoft.EntityFrameworkCore.Storage.RelationalCommand.ExecuteReaderAsync(RelationalCommandParameterObject parameterObject, CancellationToken cancellationToken)
   at Microsoft.EntityFrameworkCore.Storage.RelationalCommand.ExecuteReaderAsync(RelationalCommandParameterObject parameterObject, CancellationToken cancellationToken)
   at Microsoft.EntityFrameworkCore.Update.ReaderModificationCommandBatch.ExecuteAsync(IRelationalConnection connection, CancellationToken cancellationToken)
  Exception data:
    Severity: ERROR
    SqlState: 23503
    MessageText: insert or update on table "AttendanceRecords" violates foreign key constraint "FK_AttendanceRecords_User_MarkedBy"
    Detail: Detail redacted as it may contain sensitive data. Specify 'Include Error Detail' in the connection string to include this information.
    SchemaName: public
    TableName: AttendanceRecords
    ConstraintName: FK_AttendanceRecords_User_MarkedBy
    File: ri_triggers.c
    Line: 2783
    Routine: ri_ReportViolation
   --- End of inner exception stack trace ---
   at Microsoft.EntityFrameworkCore.Update.ReaderModificationCommandBatch.ExecuteAsync(IRelationalConnection connection, CancellationToken cancellationToken)
   at Microsoft.EntityFrameworkCore.Update.Internal.BatchExecutor.ExecuteAsync(IEnumerable`1 commandBatches, IRelationalConnection connection, CancellationToken cancellationToken)
   at Microsoft.EntityFrameworkCore.Update.Internal.BatchExecutor.ExecuteAsync(IEnumerable`1 commandBatches, IRelationalConnection connection, CancellationToken cancellationToken)
   at Microsoft.EntityFrameworkCore.Update.Internal.BatchExecutor.ExecuteAsync(IEnumerable`1 commandBatches, IRelationalConnection connection, CancellationToken cancellationToken)
   at Microsoft.EntityFrameworkCore.ChangeTracking.Internal.StateManager.SaveChangesAsync(IList`1 entriesToSave, CancellationToken cancellationToken)
   at Microsoft.EntityFrameworkCore.ChangeTracking.Internal.StateManager.SaveChangesAsync(StateManager stateManager, Boolean acceptAllChangesOnSuccess, CancellationToken cancellationToken)
   at Microsoft.EntityFrameworkCore.Storage.ExecutionStrategy.<>c__DisplayClass30_0`2.<<ExecuteAsync>b__0>d.MoveNext()
--- End of stack trace from previous location ---
   at Microsoft.EntityFrameworkCore.Storage.ExecutionStrategy.ExecuteImplementationAsync[TState,TResult](Func`4 operation, Func`4 verifySucceeded, TState state, CancellationToken cancellationToken)
   at Microsoft.EntityFrameworkCore.Storage.ExecutionStrategy.ExecuteImplementationAsync[TState,TResult](Func`4 operation, Func`4 verifySucceeded, TState state, CancellationToken cancellationToken)
   at Microsoft.EntityFrameworkCore.Storage.ExecutionStrategy.ExecuteAsync[TState,TResult](TState state, Func`4 operation, Func`4 verifySucceeded, CancellationToken cancellationToken)
   at Microsoft.EntityFrameworkCore.DbContext.SaveChangesAsync(Boolean acceptAllChangesOnSuccess, CancellationToken cancellationToken)
Microsoft.EntityFrameworkCore.DbUpdateException: An error occurred while saving the entity changes. See the inner exception for details.
 ---> Npgsql.PostgresException (0x80004005): 23503: insert or update on table "AttendanceRecords" violates foreign key constraint "FK_AttendanceRecords_User_MarkedBy"

DETAIL: Detail redacted as it may contain sensitive data. Specify 'Include Error Detail' in the connection string to include this information.
   at Npgsql.Internal.NpgsqlConnector.ReadMessageLong(Boolean async, DataRowLoadingMode dataRowLoadingMode, Boolean readingNotifications, Boolean isReadingPrependedMessage)
   at System.Runtime.CompilerServices.PoolingAsyncValueTaskMethodBuilder`1.StateMachineBox`1.System.Threading.Tasks.Sources.IValueTaskSource<TResult>.GetResult(Int16 token)
   at Npgsql.NpgsqlDataReader.NextResult(Boolean async, Boolean isConsuming, CancellationToken cancellationToken)
   at Npgsql.NpgsqlDataReader.NextResult(Boolean async, Boolean isConsuming, CancellationToken cancellationToken)
   at Npgsql.NpgsqlCommand.ExecuteReader(Boolean async, CommandBehavior behavior, CancellationToken cancellationToken)
   at Npgsql.NpgsqlCommand.ExecuteReader(Boolean async, CommandBehavior behavior, CancellationToken cancellationToken)
   at Npgsql.NpgsqlCommand.ExecuteDbDataReaderAsync(CommandBehavior behavior, CancellationToken cancellationToken)
   at Microsoft.EntityFrameworkCore.Storage.RelationalCommand.ExecuteReaderAsync(RelationalCommandParameterObject parameterObject, CancellationToken cancellationToken)
   at Microsoft.EntityFrameworkCore.Storage.RelationalCommand.ExecuteReaderAsync(RelationalCommandParameterObject parameterObject, CancellationToken cancellationToken)
   at Microsoft.EntityFrameworkCore.Update.ReaderModificationCommandBatch.ExecuteAsync(IRelationalConnection connection, CancellationToken cancellationToken)
  Exception data:
    Severity: ERROR
    SqlState: 23503
    MessageText: insert or update on table "AttendanceRecords" violates foreign key constraint "FK_AttendanceRecords_User_MarkedBy"
    Detail: Detail redacted as it may contain sensitive data. Specify 'Include Error Detail' in the connection string to include this information.
    SchemaName: public
    TableName: AttendanceRecords
    ConstraintName: FK_AttendanceRecords_User_MarkedBy
    File: ri_triggers.c
    Line: 2783
    Routine: ri_ReportViolation
   --- End of inner exception stack trace ---
   at Microsoft.EntityFrameworkCore.Update.ReaderModificationCommandBatch.ExecuteAsync(IRelationalConnection connection, CancellationToken cancellationToken)
   at Microsoft.EntityFrameworkCore.Update.Internal.BatchExecutor.ExecuteAsync(IEnumerable`1 commandBatches, IRelationalConnection connection, CancellationToken cancellationToken)
   at Microsoft.EntityFrameworkCore.Update.Internal.BatchExecutor.ExecuteAsync(IEnumerable`1 commandBatches, IRelationalConnection connection, CancellationToken cancellationToken)
   at Microsoft.EntityFrameworkCore.Update.Internal.BatchExecutor.ExecuteAsync(IEnumerable`1 commandBatches, IRelationalConnection connection, CancellationToken cancellationToken)
   at Microsoft.EntityFrameworkCore.ChangeTracking.Internal.StateManager.SaveChangesAsync(IList`1 entriesToSave, CancellationToken cancellationToken)
   at Microsoft.EntityFrameworkCore.ChangeTracking.Internal.StateManager.SaveChangesAsync(StateManager stateManager, Boolean acceptAllChangesOnSuccess, CancellationToken cancellationToken)
   at Microsoft.EntityFrameworkCore.Storage.ExecutionStrategy.<>c__DisplayClass30_0`2.<<ExecuteAsync>b__0>d.MoveNext()
--- End of stack trace from previous location ---
   at Microsoft.EntityFrameworkCore.Storage.ExecutionStrategy.ExecuteImplementationAsync[TState,TResult](Func`4 operation, Func`4 verifySucceeded, TState state, CancellationToken cancellationToken)
   at Microsoft.EntityFrameworkCore.Storage.ExecutionStrategy.ExecuteImplementationAsync[TState,TResult](Func`4 operation, Func`4 verifySucceeded, TState state, CancellationToken cancellationToken)
   at Microsoft.EntityFrameworkCore.Storage.ExecutionStrategy.ExecuteAsync[TState,TResult](TState state, Func`4 operation, Func`4 verifySucceeded, CancellationToken cancellationToken)
   at Microsoft.EntityFrameworkCore.DbContext.SaveChangesAsync(Boolean acceptAllChangesOnSuccess, CancellationToken cancellationToken)
2026-04-19 18:42:19.760 +05:30 [ERR] SmsApi.Controllers.AttendanceController | CorrelationId:d205226242d846c69d53ab0259f4020e | Error marking attendance
Microsoft.EntityFrameworkCore.DbUpdateException: An error occurred while saving the entity changes. See the inner exception for details.
 ---> Npgsql.PostgresException (0x80004005): 23503: insert or update on table "AttendanceRecords" violates foreign key constraint "FK_AttendanceRecords_User_MarkedBy"

DETAIL: Detail redacted as it may contain sensitive data. Specify 'Include Error Detail' in the connection string to include this information.
   at Npgsql.Internal.NpgsqlConnector.ReadMessageLong(Boolean async, DataRowLoadingMode dataRowLoadingMode, Boolean readingNotifications, Boolean isReadingPrependedMessage)
   at System.Runtime.CompilerServices.PoolingAsyncValueTaskMethodBuilder`1.StateMachineBox`1.System.Threading.Tasks.Sources.IValueTaskSource<TResult>.GetResult(Int16 token)
   at Npgsql.NpgsqlDataReader.NextResult(Boolean async, Boolean isConsuming, CancellationToken cancellationToken)
   at Npgsql.NpgsqlDataReader.NextResult(Boolean async, Boolean isConsuming, CancellationToken cancellationToken)
   at Npgsql.NpgsqlCommand.ExecuteReader(Boolean async, CommandBehavior behavior, CancellationToken cancellationToken)
   at Npgsql.NpgsqlCommand.ExecuteReader(Boolean async, CommandBehavior behavior, CancellationToken cancellationToken)
   at Npgsql.NpgsqlCommand.ExecuteDbDataReaderAsync(CommandBehavior behavior, CancellationToken cancellationToken)
   at Microsoft.EntityFrameworkCore.Storage.RelationalCommand.ExecuteReaderAsync(RelationalCommandParameterObject parameterObject, CancellationToken cancellationToken)
   at Microsoft.EntityFrameworkCore.Storage.RelationalCommand.ExecuteReaderAsync(RelationalCommandParameterObject parameterObject, CancellationToken cancellationToken)
   at Microsoft.EntityFrameworkCore.Update.ReaderModificationCommandBatch.ExecuteAsync(IRelationalConnection connection, CancellationToken cancellationToken)
  Exception data:
    Severity: ERROR
    SqlState: 23503
    MessageText: insert or update on table "AttendanceRecords" violates foreign key constraint "FK_AttendanceRecords_User_MarkedBy"
    Detail: Detail redacted as it may contain sensitive data. Specify 'Include Error Detail' in the connection string to include this information.
    SchemaName: public
    TableName: AttendanceRecords
    ConstraintName: FK_AttendanceRecords_User_MarkedBy
    File: ri_triggers.c
    Line: 2783
    Routine: ri_ReportViolation
   --- End of inner exception stack trace ---
   at Microsoft.EntityFrameworkCore.Update.ReaderModificationCommandBatch.ExecuteAsync(IRelationalConnection connection, CancellationToken cancellationToken)
   at Microsoft.EntityFrameworkCore.Update.Internal.BatchExecutor.ExecuteAsync(IEnumerable`1 commandBatches, IRelationalConnection connection, CancellationToken cancellationToken)
   at Microsoft.EntityFrameworkCore.Update.Internal.BatchExecutor.ExecuteAsync(IEnumerable`1 commandBatches, IRelationalConnection connection, CancellationToken cancellationToken)
   at Microsoft.EntityFrameworkCore.Update.Internal.BatchExecutor.ExecuteAsync(IEnumerable`1 commandBatches, IRelationalConnection connection, CancellationToken cancellationToken)
   at Microsoft.EntityFrameworkCore.ChangeTracking.Internal.StateManager.SaveChangesAsync(IList`1 entriesToSave, CancellationToken cancellationToken)
   at Microsoft.EntityFrameworkCore.ChangeTracking.Internal.StateManager.SaveChangesAsync(StateManager stateManager, Boolean acceptAllChangesOnSuccess, CancellationToken cancellationToken)
   at Microsoft.EntityFrameworkCore.Storage.ExecutionStrategy.<>c__DisplayClass30_0`2.<<ExecuteAsync>b__0>d.MoveNext()
--- End of stack trace from previous location ---
   at Microsoft.EntityFrameworkCore.Storage.ExecutionStrategy.ExecuteImplementationAsync[TState,TResult](Func`4 operation, Func`4 verifySucceeded, TState state, CancellationToken cancellationToken)
   at Microsoft.EntityFrameworkCore.Storage.ExecutionStrategy.ExecuteImplementationAsync[TState,TResult](Func`4 operation, Func`4 verifySucceeded, TState state, CancellationToken cancellationToken)
   at Microsoft.EntityFrameworkCore.Storage.ExecutionStrategy.ExecuteAsync[TState,TResult](TState state, Func`4 operation, Func`4 verifySucceeded, CancellationToken cancellationToken)
   at Microsoft.EntityFrameworkCore.DbContext.SaveChangesAsync(Boolean acceptAllChangesOnSuccess, CancellationToken cancellationToken)
   at Microsoft.EntityFrameworkCore.DbContext.SaveChangesAsync(Boolean acceptAllChangesOnSuccess, CancellationToken cancellationToken)
   at SmsApi.Data.AppDbContext.SaveChangesAsync(CancellationToken cancellationToken) in C:\Vitana\Vitana Group\sms-api\Data\AppDbContext.cs:line 229
   at SmsApi.Services.AttendanceService.MarkAttendanceAsync(Guid schoolId, MarkAttendanceDto dto, Guid userId) in C:\Vitana\Vitana Group\sms-api\Services\AttendanceService.cs:line 260
   at SmsApi.Controllers.AttendanceController.MarkAttendance(MarkAttendanceDto dto) in C:\Vitana\Vitana Group\sms-api\Controllers\AttendanceController.cs:line 152
2026-04-19 18:42:19.782 +05:30 [INF] SmsApi.Middleware.LoggingActionFilter | CorrelationId:d205226242d846c69d53ab0259f4020e | API Response: POST /api/Attendance/records | Status: 200 | Duration: 58ms
2026-04-19 18:42:19.790 +05:30 [ERR] Microsoft.EntityFrameworkCore.Database.Command | CorrelationId:d205226242d846c69d53ab0259f4020e | Failed executing DbCommand (3ms) [Parameters=[@p0='?' (DbType = Guid), @p1='?', @p2='?' (DbType = Object), @p3='?' (DbType = Object), @p4='?' (DbType = DateTime), @p5='?' (DbType = Guid), @p6='?' (DbType = DateTime), @p7='?' (DbType = DateTime), @p8='?', @p9='?' (DbType = Boolean), @p10='?' (DbType = Boolean), @p11='?' (DbType = Guid), @p12='?', @p13='?' (DbType = Guid), @p14='?', @p15='?' (DbType = Guid), @p16='?' (DbType = DateTime), @p17='?' (DbType = Guid), @p18='?' (DbType = Guid), @p19='?', @p20='?' (DbType = Int64), @p21='?' (DbType = Guid), @p22='?', @p23='?', @p24='?', @p25='?', @p26='?', @p27='?', @p28='?', @p29='?' (DbType = Guid), @p30='?' (DbType = Int32), @p31='?' (DbType = DateTime), @p32='?', @p33='?' (DbType = Guid), @p34='?'], CommandType='"Text"', CommandTimeout='30']
INSERT INTO "AttendanceRecords" ("Id", "BiometricId", "CheckInTime", "CheckOutTime", "CreatedAt", "CreatedBy", "Date", "DeletedAt", "Discriminator", "IsDeleted", "IsManualOverride", "MarkedBy", "Remarks", "SchoolId", "Status", "StudentId", "UpdatedAt", "UpdatedBy")
VALUES (@p0, @p1, @p2, @p3, @p4, @p5, @p6, @p7, @p8, @p9, @p10, @p11, @p12, @p13, @p14, @p15, @p16, @p17)
RETURNING "RowVersion";
INSERT INTO "AuditLogs" ("Id", "ActionType", "DurationMs", "EntityId", "EntityType", "ExceptionMessage", "HttpMethod", "IpAddress", "Path", "QueryString", "RequestBody", "SchoolId", "StatusCode", "Timestamp", "UserAgent", "UserId", "Username")
VALUES (@p18, @p19, @p20, @p21, @p22, @p23, @p24, @p25, @p26, @p27, @p28, @p29, @p30, @p31, @p32, @p33, @p34);
2026-04-19 18:42:19.799 +05:30 [ERR] Microsoft.EntityFrameworkCore.Update | CorrelationId:d205226242d846c69d53ab0259f4020e | An exception occurred in the database while saving changes for context type 'SmsApi.Data.AppDbContext'.
Microsoft.EntityFrameworkCore.DbUpdateException: An error occurred while saving the entity changes. See the inner exception for details.
 ---> Npgsql.PostgresException (0x80004005): 23503: insert or update on table "AttendanceRecords" violates foreign key constraint "FK_AttendanceRecords_User_MarkedBy"

DETAIL: Detail redacted as it may contain sensitive data. Specify 'Include Error Detail' in the connection string to include this information.
   at Npgsql.Internal.NpgsqlConnector.ReadMessageLong(Boolean async, DataRowLoadingMode dataRowLoadingMode, Boolean readingNotifications, Boolean isReadingPrependedMessage)
   at System.Runtime.CompilerServices.PoolingAsyncValueTaskMethodBuilder`1.StateMachineBox`1.System.Threading.Tasks.Sources.IValueTaskSource<TResult>.GetResult(Int16 token)
   at Npgsql.NpgsqlDataReader.NextResult(Boolean async, Boolean isConsuming, CancellationToken cancellationToken)
   at Npgsql.NpgsqlDataReader.NextResult(Boolean async, Boolean isConsuming, CancellationToken cancellationToken)
   at Npgsql.NpgsqlCommand.ExecuteReader(Boolean async, CommandBehavior behavior, CancellationToken cancellationToken)
   at Npgsql.NpgsqlCommand.ExecuteReader(Boolean async, CommandBehavior behavior, CancellationToken cancellationToken)
   at Npgsql.NpgsqlCommand.ExecuteDbDataReaderAsync(CommandBehavior behavior, CancellationToken cancellationToken)
   at Microsoft.EntityFrameworkCore.Storage.RelationalCommand.ExecuteReaderAsync(RelationalCommandParameterObject parameterObject, CancellationToken cancellationToken)
   at Microsoft.EntityFrameworkCore.Storage.RelationalCommand.ExecuteReaderAsync(RelationalCommandParameterObject parameterObject, CancellationToken cancellationToken)
   at Microsoft.EntityFrameworkCore.Update.ReaderModificationCommandBatch.ExecuteAsync(IRelationalConnection connection, CancellationToken cancellationToken)
  Exception data:
    Severity: ERROR
    SqlState: 23503
    MessageText: insert or update on table "AttendanceRecords" violates foreign key constraint "FK_AttendanceRecords_User_MarkedBy"
    Detail: Detail redacted as it may contain sensitive data. Specify 'Include Error Detail' in the connection string to include this information.
    SchemaName: public
    TableName: AttendanceRecords
    ConstraintName: FK_AttendanceRecords_User_MarkedBy
    File: ri_triggers.c
    Line: 2783
    Routine: ri_ReportViolation
   --- End of inner exception stack trace ---
   at Microsoft.EntityFrameworkCore.Update.ReaderModificationCommandBatch.ExecuteAsync(IRelationalConnection connection, CancellationToken cancellationToken)
   at Microsoft.EntityFrameworkCore.Update.Internal.BatchExecutor.ExecuteAsync(IEnumerable`1 commandBatches, IRelationalConnection connection, CancellationToken cancellationToken)
   at Microsoft.EntityFrameworkCore.Update.Internal.BatchExecutor.ExecuteAsync(IEnumerable`1 commandBatches, IRelationalConnection connection, CancellationToken cancellationToken)
   at Microsoft.EntityFrameworkCore.Update.Internal.BatchExecutor.ExecuteAsync(IEnumerable`1 commandBatches, IRelationalConnection connection, CancellationToken cancellationToken)
   at Microsoft.EntityFrameworkCore.ChangeTracking.Internal.StateManager.SaveChangesAsync(IList`1 entriesToSave, CancellationToken cancellationToken)
   at Microsoft.EntityFrameworkCore.ChangeTracking.Internal.StateManager.SaveChangesAsync(StateManager stateManager, Boolean acceptAllChangesOnSuccess, CancellationToken cancellationToken)
   at Microsoft.EntityFrameworkCore.Storage.ExecutionStrategy.<>c__DisplayClass30_0`2.<<ExecuteAsync>b__0>d.MoveNext()
--- End of stack trace from previous location ---
   at Microsoft.EntityFrameworkCore.Storage.ExecutionStrategy.ExecuteImplementationAsync[TState,TResult](Func`4 operation, Func`4 verifySucceeded, TState state, CancellationToken cancellationToken)
   at Microsoft.EntityFrameworkCore.Storage.ExecutionStrategy.ExecuteImplementationAsync[TState,TResult](Func`4 operation, Func`4 verifySucceeded, TState state, CancellationToken cancellationToken)
   at Microsoft.EntityFrameworkCore.Storage.ExecutionStrategy.ExecuteAsync[TState,TResult](TState state, Func`4 operation, Func`4 verifySucceeded, CancellationToken cancellationToken)
   at Microsoft.EntityFrameworkCore.DbContext.SaveChangesAsync(Boolean acceptAllChangesOnSuccess, CancellationToken cancellationToken)
Microsoft.EntityFrameworkCore.DbUpdateException: An error occurred while saving the entity changes. See the inner exception for details.
 ---> Npgsql.PostgresException (0x80004005): 23503: insert or update on table "AttendanceRecords" violates foreign key constraint "FK_AttendanceRecords_User_MarkedBy"

DETAIL: Detail redacted as it may contain sensitive data. Specify 'Include Error Detail' in the connection string to include this information.
   at Npgsql.Internal.NpgsqlConnector.ReadMessageLong(Boolean async, DataRowLoadingMode dataRowLoadingMode, Boolean readingNotifications, Boolean isReadingPrependedMessage)
   at System.Runtime.CompilerServices.PoolingAsyncValueTaskMethodBuilder`1.StateMachineBox`1.System.Threading.Tasks.Sources.IValueTaskSource<TResult>.GetResult(Int16 token)
   at Npgsql.NpgsqlDataReader.NextResult(Boolean async, Boolean isConsuming, CancellationToken cancellationToken)
   at Npgsql.NpgsqlDataReader.NextResult(Boolean async, Boolean isConsuming, CancellationToken cancellationToken)
   at Npgsql.NpgsqlCommand.ExecuteReader(Boolean async, CommandBehavior behavior, CancellationToken cancellationToken)
   at Npgsql.NpgsqlCommand.ExecuteReader(Boolean async, CommandBehavior behavior, CancellationToken cancellationToken)
   at Npgsql.NpgsqlCommand.ExecuteDbDataReaderAsync(CommandBehavior behavior, CancellationToken cancellationToken)
   at Microsoft.EntityFrameworkCore.Storage.RelationalCommand.ExecuteReaderAsync(RelationalCommandParameterObject parameterObject, CancellationToken cancellationToken)
   at Microsoft.EntityFrameworkCore.Storage.RelationalCommand.ExecuteReaderAsync(RelationalCommandParameterObject parameterObject, CancellationToken cancellationToken)
   at Microsoft.EntityFrameworkCore.Update.ReaderModificationCommandBatch.ExecuteAsync(IRelationalConnection connection, CancellationToken cancellationToken)
  Exception data:
    Severity: ERROR
    SqlState: 23503
    MessageText: insert or update on table "AttendanceRecords" violates foreign key constraint "FK_AttendanceRecords_User_MarkedBy"
    Detail: Detail redacted as it may contain sensitive data. Specify 'Include Error Detail' in the connection string to include this information.
    SchemaName: public
    TableName: AttendanceRecords
    ConstraintName: FK_AttendanceRecords_User_MarkedBy
    File: ri_triggers.c
    Line: 2783
    Routine: ri_ReportViolation
   --- End of inner exception stack trace ---
   at Microsoft.EntityFrameworkCore.Update.ReaderModificationCommandBatch.ExecuteAsync(IRelationalConnection connection, CancellationToken cancellationToken)
   at Microsoft.EntityFrameworkCore.Update.Internal.BatchExecutor.ExecuteAsync(IEnumerable`1 commandBatches, IRelationalConnection connection, CancellationToken cancellationToken)
   at Microsoft.EntityFrameworkCore.Update.Internal.BatchExecutor.ExecuteAsync(IEnumerable`1 commandBatches, IRelationalConnection connection, CancellationToken cancellationToken)
   at Microsoft.EntityFrameworkCore.Update.Internal.BatchExecutor.ExecuteAsync(IEnumerable`1 commandBatches, IRelationalConnection connection, CancellationToken cancellationToken)
   at Microsoft.EntityFrameworkCore.ChangeTracking.Internal.StateManager.SaveChangesAsync(IList`1 entriesToSave, CancellationToken cancellationToken)
   at Microsoft.EntityFrameworkCore.ChangeTracking.Internal.StateManager.SaveChangesAsync(StateManager stateManager, Boolean acceptAllChangesOnSuccess, CancellationToken cancellationToken)
   at Microsoft.EntityFrameworkCore.Storage.ExecutionStrategy.<>c__DisplayClass30_0`2.<<ExecuteAsync>b__0>d.MoveNext()
--- End of stack trace from previous location ---
   at Microsoft.EntityFrameworkCore.Storage.ExecutionStrategy.ExecuteImplementationAsync[TState,TResult](Func`4 operation, Func`4 verifySucceeded, TState state, CancellationToken cancellationToken)
   at Microsoft.EntityFrameworkCore.Storage.ExecutionStrategy.ExecuteImplementationAsync[TState,TResult](Func`4 operation, Func`4 verifySucceeded, TState state, CancellationToken cancellationToken)
   at Microsoft.EntityFrameworkCore.Storage.ExecutionStrategy.ExecuteAsync[TState,TResult](TState state, Func`4 operation, Func`4 verifySucceeded, CancellationToken cancellationToken)
   at Microsoft.EntityFrameworkCore.DbContext.SaveChangesAsync(Boolean acceptAllChangesOnSuccess, CancellationToken cancellationToken)
2026-04-19 18:42:19.822 +05:30 [ERR] SmsApi.Middleware.AuditLoggingMiddleware | CorrelationId:d205226242d846c69d53ab0259f4020e | Failed to write audit log entry
Microsoft.EntityFrameworkCore.DbUpdateException: An error occurred while saving the entity changes. See the inner exception for details.
 ---> Npgsql.PostgresException (0x80004005): 23503: insert or update on table "AttendanceRecords" violates foreign key constraint "FK_AttendanceRecords_User_MarkedBy"

DETAIL: Detail redacted as it may contain sensitive data. Specify 'Include Error Detail' in the connection string to include this information.
   at Npgsql.Internal.NpgsqlConnector.ReadMessageLong(Boolean async, DataRowLoadingMode dataRowLoadingMode, Boolean readingNotifications, Boolean isReadingPrependedMessage)
   at System.Runtime.CompilerServices.PoolingAsyncValueTaskMethodBuilder`1.StateMachineBox`1.System.Threading.Tasks.Sources.IValueTaskSource<TResult>.GetResult(Int16 token)
   at Npgsql.NpgsqlDataReader.NextResult(Boolean async, Boolean isConsuming, CancellationToken cancellationToken)
   at Npgsql.NpgsqlDataReader.NextResult(Boolean async, Boolean isConsuming, CancellationToken cancellationToken)
   at Npgsql.NpgsqlCommand.ExecuteReader(Boolean async, CommandBehavior behavior, CancellationToken cancellationToken)
   at Npgsql.NpgsqlCommand.ExecuteReader(Boolean async, CommandBehavior behavior, CancellationToken cancellationToken)
   at Npgsql.NpgsqlCommand.ExecuteDbDataReaderAsync(CommandBehavior behavior, CancellationToken cancellationToken)
   at Microsoft.EntityFrameworkCore.Storage.RelationalCommand.ExecuteReaderAsync(RelationalCommandParameterObject parameterObject, CancellationToken cancellationToken)
   at Microsoft.EntityFrameworkCore.Storage.RelationalCommand.ExecuteReaderAsync(RelationalCommandParameterObject parameterObject, CancellationToken cancellationToken)
   at Microsoft.EntityFrameworkCore.Update.ReaderModificationCommandBatch.ExecuteAsync(IRelationalConnection connection, CancellationToken cancellationToken)
  Exception data:
    Severity: ERROR
    SqlState: 23503
    MessageText: insert or update on table "AttendanceRecords" violates foreign key constraint "FK_AttendanceRecords_User_MarkedBy"
    Detail: Detail redacted as it may contain sensitive data. Specify 'Include Error Detail' in the connection string to include this information.
    SchemaName: public
    TableName: AttendanceRecords
    ConstraintName: FK_AttendanceRecords_User_MarkedBy
    File: ri_triggers.c
    Line: 2783
    Routine: ri_ReportViolation
   --- End of inner exception stack trace ---
   at Microsoft.EntityFrameworkCore.Update.ReaderModificationCommandBatch.ExecuteAsync(IRelationalConnection connection, CancellationToken cancellationToken)
   at Microsoft.EntityFrameworkCore.Update.Internal.BatchExecutor.ExecuteAsync(IEnumerable`1 commandBatches, IRelationalConnection connection, CancellationToken cancellationToken)
   at Microsoft.EntityFrameworkCore.Update.Internal.BatchExecutor.ExecuteAsync(IEnumerable`1 commandBatches, IRelationalConnection connection, CancellationToken cancellationToken)
   at Microsoft.EntityFrameworkCore.Update.Internal.BatchExecutor.ExecuteAsync(IEnumerable`1 commandBatches, IRelationalConnection connection, CancellationToken cancellationToken)
   at Microsoft.EntityFrameworkCore.ChangeTracking.Internal.StateManager.SaveChangesAsync(IList`1 entriesToSave, CancellationToken cancellationToken)
   at Microsoft.EntityFrameworkCore.ChangeTracking.Internal.StateManager.SaveChangesAsync(StateManager stateManager, Boolean acceptAllChangesOnSuccess, CancellationToken cancellationToken)
   at Microsoft.EntityFrameworkCore.Storage.ExecutionStrategy.<>c__DisplayClass30_0`2.<<ExecuteAsync>b__0>d.MoveNext()
--- End of stack trace from previous location ---
   at Microsoft.EntityFrameworkCore.Storage.ExecutionStrategy.ExecuteImplementationAsync[TState,TResult](Func`4 operation, Func`4 verifySucceeded, TState state, CancellationToken cancellationToken)
   at Microsoft.EntityFrameworkCore.Storage.ExecutionStrategy.ExecuteImplementationAsync[TState,TResult](Func`4 operation, Func`4 verifySucceeded, TState state, CancellationToken cancellationToken)
   at Microsoft.EntityFrameworkCore.Storage.ExecutionStrategy.ExecuteAsync[TState,TResult](TState state, Func`4 operation, Func`4 verifySucceeded, CancellationToken cancellationToken)
   at Microsoft.EntityFrameworkCore.DbContext.SaveChangesAsync(Boolean acceptAllChangesOnSuccess, CancellationToken cancellationToken)
   at Microsoft.EntityFrameworkCore.DbContext.SaveChangesAsync(Boolean acceptAllChangesOnSuccess, CancellationToken cancellationToken)
   at SmsApi.Data.AppDbContext.SaveChangesAsync(CancellationToken cancellationToken) in C:\Vitana\Vitana Group\sms-api\Data\AppDbContext.cs:line 229
   at SmsApi.Middleware.AuditLoggingMiddleware.WriteAuditLog(HttpContext context, AppDbContext dbContext, String requestBody, Int64 durationMs, String exceptionMessage) in C:\Vitana\Vitana Group\sms-api\Middleware\AuditLoggingMiddleware.cs:line 112
2026-04-19 18:42:19.839 +05:30 [ERR] Serilog.AspNetCore.RequestLoggingMiddleware | CorrelationId:d205226242d846c69d53ab0259f4020e | HTTP POST /api/Attendance/records responded 500 in 120.9331 ms
2026-04-19 18:45:03.690 +05:30 [INF]  | CorrelationId: | Using distributed in-memory cache (development only)
2026-04-19 18:45:06.183 +05:30 [WRN] Microsoft.EntityFrameworkCore.Model.Validation | CorrelationId: | Entity 'Staff' has a global query filter defined and is the required end of a relationship with the entity 'Certificate'. This may lead to unexpected results when the required entity is filtered out. Either configure the navigation as optional, or define matching query filters for both entities in the navigation. See https://go.microsoft.com/fwlink/?linkid=2131316 for more information.
2026-04-19 18:45:06.203 +05:30 [WRN] Microsoft.EntityFrameworkCore.Model.Validation | CorrelationId: | Entity 'School' has a global query filter defined and is the required end of a relationship with the entity 'CertificateTemplate'. This may lead to unexpected results when the required entity is filtered out. Either configure the navigation as optional, or define matching query filters for both entities in the navigation. See https://go.microsoft.com/fwlink/?linkid=2131316 for more information.
2026-04-19 18:45:06.208 +05:30 [WRN] Microsoft.EntityFrameworkCore.Model.Validation | CorrelationId: | Entity 'School' has a global query filter defined and is the required end of a relationship with the entity 'Document'. This may lead to unexpected results when the required entity is filtered out. Either configure the navigation as optional, or define matching query filters for both entities in the navigation. See https://go.microsoft.com/fwlink/?linkid=2131316 for more information.
2026-04-19 18:45:06.228 +05:30 [WRN] Microsoft.EntityFrameworkCore.Model.Validation | CorrelationId: | Entity 'School' has a global query filter defined and is the required end of a relationship with the entity 'DocumentCategory'. This may lead to unexpected results when the required entity is filtered out. Either configure the navigation as optional, or define matching query filters for both entities in the navigation. See https://go.microsoft.com/fwlink/?linkid=2131316 for more information.
2026-04-19 18:45:06.234 +05:30 [WRN] Microsoft.EntityFrameworkCore.Model.Validation | CorrelationId: | Entity 'School' has a global query filter defined and is the required end of a relationship with the entity 'FeeAuditLog'. This may lead to unexpected results when the required entity is filtered out. Either configure the navigation as optional, or define matching query filters for both entities in the navigation. See https://go.microsoft.com/fwlink/?linkid=2131316 for more information.
2026-04-19 18:45:06.245 +05:30 [WRN] Microsoft.EntityFrameworkCore.Model.Validation | CorrelationId: | Entity 'School' has a global query filter defined and is the required end of a relationship with the entity 'Holiday'. This may lead to unexpected results when the required entity is filtered out. Either configure the navigation as optional, or define matching query filters for both entities in the navigation. See https://go.microsoft.com/fwlink/?linkid=2131316 for more information.
2026-04-19 18:45:06.255 +05:30 [WRN] Microsoft.EntityFrameworkCore.Model.Validation | CorrelationId: | Entity 'School' has a global query filter defined and is the required end of a relationship with the entity 'IDCard'. This may lead to unexpected results when the required entity is filtered out. Either configure the navigation as optional, or define matching query filters for both entities in the navigation. See https://go.microsoft.com/fwlink/?linkid=2131316 for more information.
2026-04-19 18:45:06.263 +05:30 [WRN] Microsoft.EntityFrameworkCore.Model.Validation | CorrelationId: | Entity 'School' has a global query filter defined and is the required end of a relationship with the entity 'IDCardTemplate'. This may lead to unexpected results when the required entity is filtered out. Either configure the navigation as optional, or define matching query filters for both entities in the navigation. See https://go.microsoft.com/fwlink/?linkid=2131316 for more information.
2026-04-19 18:45:06.271 +05:30 [WRN] Microsoft.EntityFrameworkCore.Model.Validation | CorrelationId: | Entity 'UserLogin' has a global query filter defined and is the required end of a relationship with the entity 'PasswordResetToken'. This may lead to unexpected results when the required entity is filtered out. Either configure the navigation as optional, or define matching query filters for both entities in the navigation. See https://go.microsoft.com/fwlink/?linkid=2131316 for more information.
2026-04-19 18:45:06.282 +05:30 [WRN] Microsoft.EntityFrameworkCore.Model.Validation | CorrelationId: | Entity 'School' has a global query filter defined and is the required end of a relationship with the entity 'PromotionHistory'. This may lead to unexpected results when the required entity is filtered out. Either configure the navigation as optional, or define matching query filters for both entities in the navigation. See https://go.microsoft.com/fwlink/?linkid=2131316 for more information.
2026-04-19 18:45:06.562 +05:30 [WRN] Microsoft.EntityFrameworkCore.Model.Validation | CorrelationId: | The foreign key property 'Staff.ReportingToId1' was created in shadow state because a conflicting property with the simple name 'ReportingToId' exists in the entity type, but is either not mapped, is already used for another relationship, or is incompatible with the associated primary key type. See https://aka.ms/efcore-relationships for information on mapping relationships in EF Core.
2026-04-19 18:45:10.390 +05:30 [INF] Program | CorrelationId: | Database migrations applied successfully.
2026-04-19 18:45:12.019 +05:30 [INF] Microsoft.Hosting.Lifetime | CorrelationId: | Now listening on: http://localhost:5092
2026-04-19 18:45:12.326 +05:30 [INF] Microsoft.Hosting.Lifetime | CorrelationId: | Application started. Press Ctrl+C to shut down.
2026-04-19 18:45:12.594 +05:30 [INF] Microsoft.Hosting.Lifetime | CorrelationId: | Hosting environment: Development
2026-04-19 18:45:12.650 +05:30 [INF] Microsoft.Hosting.Lifetime | CorrelationId: | Content root path: C:\Vitana\Vitana Group\sms-api
2026-04-19 18:45:23.781 +05:30 [WRN] Microsoft.AspNetCore.HttpsPolicy.HttpsRedirectionMiddleware | CorrelationId:c5393f24889343adbb3ac8db67474f42 | Failed to determine the https port for redirect.
2026-04-19 18:45:23.894 +05:30 [INF] SmsApi.Middleware.LoggingActionFilter | CorrelationId:c5393f24889343adbb3ac8db67474f42 | API Request: POST /api/auth/login | User: Unknown | School: Unknown
2026-04-19 18:45:24.963 +05:30 [INF] SmsApi.Controllers.AuthController | CorrelationId:c5393f24889343adbb3ac8db67474f42 | Login successful for admin (SchoolId: "550e8400-e29b-41d4-a716-446655440000")
2026-04-19 18:45:24.968 +05:30 [INF] SmsApi.Middleware.LoggingActionFilter | CorrelationId:c5393f24889343adbb3ac8db67474f42 | API Response: POST /api/auth/login | Status: 200 | Duration: 1074ms
2026-04-19 18:45:25.055 +05:30 [INF] Serilog.AspNetCore.RequestLoggingMiddleware | CorrelationId:c5393f24889343adbb3ac8db67474f42 | HTTP POST /api/auth/login responded 200 in 1287.2664 ms
2026-04-19 18:45:25.060 +05:30 [WRN] SmsApi.Infrastructure.Performance.PerformanceMonitoringMiddleware | CorrelationId: | Slow request: POST /api/auth/login took 1240ms — status 200.
2026-04-19 18:45:25.216 +05:30 [INF] SmsApi.Middleware.LoggingActionFilter | CorrelationId:662479c24e474efca02d245e4c5864c8 | API Request: GET /api/students | User: Unknown | School: 550e8400-e29b-41d4-a716-446655440000
2026-04-19 18:45:25.281 +05:30 [INF] SmsApi.Middleware.LoggingActionFilter | CorrelationId:662479c24e474efca02d245e4c5864c8 | API Response: GET /api/students | Status: 200 | Duration: 65ms
2026-04-19 18:45:25.292 +05:30 [INF] Serilog.AspNetCore.RequestLoggingMiddleware | CorrelationId:662479c24e474efca02d245e4c5864c8 | HTTP GET /api/students responded 200 in 151.8938 ms
2026-04-19 18:45:25.373 +05:30 [INF] SmsApi.Middleware.LoggingActionFilter | CorrelationId:95fe13c4e60e42a7ac523076eedc8820 | API Request: POST /api/students | User: Unknown | School: 550e8400-e29b-41d4-a716-446655440000
2026-04-19 18:45:25.438 +05:30 [INF] SmsApi.Services.StudentService | CorrelationId:95fe13c4e60e42a7ac523076eedc8820 | Student created: "af1f9838-85e7-4702-bc8e-85e78d4230f7", Admission: ATTE2E20260419184525
2026-04-19 18:45:25.467 +05:30 [WRN] SmsApi.Services.StudentService | CorrelationId:95fe13c4e60e42a7ac523076eedc8820 | No fee structure found for class 10, academic year 2025-2026. Fee record not created.
2026-04-19 18:45:25.485 +05:30 [INF] SmsApi.Services.StudentService | CorrelationId:95fe13c4e60e42a7ac523076eedc8820 | Library card initialized for student "af1f9838-85e7-4702-bc8e-85e78d4230f7": LIB-ATTE2E20260419184525
2026-04-19 18:45:25.499 +05:30 [INF] SmsApi.Services.StudentService | CorrelationId:95fe13c4e60e42a7ac523076eedc8820 | Student creation completed with all related records: "af1f9838-85e7-4702-bc8e-85e78d4230f7"
2026-04-19 18:45:25.555 +05:30 [WRN] Microsoft.EntityFrameworkCore.Query | CorrelationId:95fe13c4e60e42a7ac523076eedc8820 | Compiling a query which loads related collections for more than one collection navigation, either via 'Include' or through projection, but no 'QuerySplittingBehavior' has been configured. By default, Entity Framework will use 'QuerySplittingBehavior.SingleQuery', which can potentially result in slow query performance. See https://go.microsoft.com/fwlink/?linkid=2134277 for more information. To identify the query that's triggering this warning call 'ConfigureWarnings(w => w.Throw(RelationalEventId.MultipleCollectionIncludeWarning))'.
2026-04-19 18:45:25.578 +05:30 [INF] SmsApi.Middleware.LoggingActionFilter | CorrelationId:95fe13c4e60e42a7ac523076eedc8820 | API Response: POST /api/students | Status: 200 | Duration: 205ms
2026-04-19 18:45:25.615 +05:30 [INF] Serilog.AspNetCore.RequestLoggingMiddleware | CorrelationId:95fe13c4e60e42a7ac523076eedc8820 | HTTP POST /api/students responded 201 in 278.0848 ms
2026-04-19 18:45:25.651 +05:30 [INF] SmsApi.Middleware.LoggingActionFilter | CorrelationId:738b96c778484717b012dd69d39ebcf9 | API Request: POST /api/Attendance/records | User: Unknown | School: 550e8400-e29b-41d4-a716-446655440000
2026-04-19 18:45:25.752 +05:30 [ERR] Microsoft.EntityFrameworkCore.Database.Command | CorrelationId:738b96c778484717b012dd69d39ebcf9 | Failed executing DbCommand (23ms) [Parameters=[@p0='?' (DbType = Guid), @p1='?', @p2='?' (DbType = Object), @p3='?' (DbType = Object), @p4='?' (DbType = DateTime), @p5='?' (DbType = Guid), @p6='?' (DbType = DateTime), @p7='?' (DbType = DateTime), @p8='?', @p9='?' (DbType = Boolean), @p10='?' (DbType = Boolean), @p11='?' (DbType = Guid), @p12='?', @p13='?' (DbType = Guid), @p14='?', @p15='?' (DbType = Guid), @p16='?' (DbType = DateTime), @p17='?' (DbType = Guid)], CommandType='"Text"', CommandTimeout='30']
INSERT INTO "AttendanceRecords" ("Id", "BiometricId", "CheckInTime", "CheckOutTime", "CreatedAt", "CreatedBy", "Date", "DeletedAt", "Discriminator", "IsDeleted", "IsManualOverride", "MarkedBy", "Remarks", "SchoolId", "Status", "StudentId", "UpdatedAt", "UpdatedBy")
VALUES (@p0, @p1, @p2, @p3, @p4, @p5, @p6, @p7, @p8, @p9, @p10, @p11, @p12, @p13, @p14, @p15, @p16, @p17)
RETURNING "RowVersion";
2026-04-19 18:45:25.788 +05:30 [ERR] Microsoft.EntityFrameworkCore.Update | CorrelationId:738b96c778484717b012dd69d39ebcf9 | An exception occurred in the database while saving changes for context type 'SmsApi.Data.AppDbContext'.
Microsoft.EntityFrameworkCore.DbUpdateException: An error occurred while saving the entity changes. See the inner exception for details.
 ---> Npgsql.PostgresException (0x80004005): 23503: insert or update on table "AttendanceRecords" violates foreign key constraint "FK_AttendanceRecords_User_MarkedBy"

DETAIL: Detail redacted as it may contain sensitive data. Specify 'Include Error Detail' in the connection string to include this information.
   at Npgsql.Internal.NpgsqlConnector.ReadMessageLong(Boolean async, DataRowLoadingMode dataRowLoadingMode, Boolean readingNotifications, Boolean isReadingPrependedMessage)
   at System.Runtime.CompilerServices.PoolingAsyncValueTaskMethodBuilder`1.StateMachineBox`1.System.Threading.Tasks.Sources.IValueTaskSource<TResult>.GetResult(Int16 token)
   at Npgsql.NpgsqlDataReader.NextResult(Boolean async, Boolean isConsuming, CancellationToken cancellationToken)
   at Npgsql.NpgsqlDataReader.NextResult(Boolean async, Boolean isConsuming, CancellationToken cancellationToken)
   at Npgsql.NpgsqlCommand.ExecuteReader(Boolean async, CommandBehavior behavior, CancellationToken cancellationToken)
   at Npgsql.NpgsqlCommand.ExecuteReader(Boolean async, CommandBehavior behavior, CancellationToken cancellationToken)
   at Npgsql.NpgsqlCommand.ExecuteDbDataReaderAsync(CommandBehavior behavior, CancellationToken cancellationToken)
   at Microsoft.EntityFrameworkCore.Storage.RelationalCommand.ExecuteReaderAsync(RelationalCommandParameterObject parameterObject, CancellationToken cancellationToken)
   at Microsoft.EntityFrameworkCore.Storage.RelationalCommand.ExecuteReaderAsync(RelationalCommandParameterObject parameterObject, CancellationToken cancellationToken)
   at Microsoft.EntityFrameworkCore.Update.ReaderModificationCommandBatch.ExecuteAsync(IRelationalConnection connection, CancellationToken cancellationToken)
  Exception data:
    Severity: ERROR
    SqlState: 23503
    MessageText: insert or update on table "AttendanceRecords" violates foreign key constraint "FK_AttendanceRecords_User_MarkedBy"
    Detail: Detail redacted as it may contain sensitive data. Specify 'Include Error Detail' in the connection string to include this information.
    SchemaName: public
    TableName: AttendanceRecords
    ConstraintName: FK_AttendanceRecords_User_MarkedBy
    File: ri_triggers.c
    Line: 2783
    Routine: ri_ReportViolation
   --- End of inner exception stack trace ---
   at Microsoft.EntityFrameworkCore.Update.ReaderModificationCommandBatch.ExecuteAsync(IRelationalConnection connection, CancellationToken cancellationToken)
   at Microsoft.EntityFrameworkCore.Update.Internal.BatchExecutor.ExecuteAsync(IEnumerable`1 commandBatches, IRelationalConnection connection, CancellationToken cancellationToken)
   at Microsoft.EntityFrameworkCore.Update.Internal.BatchExecutor.ExecuteAsync(IEnumerable`1 commandBatches, IRelationalConnection connection, CancellationToken cancellationToken)
   at Microsoft.EntityFrameworkCore.Update.Internal.BatchExecutor.ExecuteAsync(IEnumerable`1 commandBatches, IRelationalConnection connection, CancellationToken cancellationToken)
   at Microsoft.EntityFrameworkCore.ChangeTracking.Internal.StateManager.SaveChangesAsync(IList`1 entriesToSave, CancellationToken cancellationToken)
   at Microsoft.EntityFrameworkCore.ChangeTracking.Internal.StateManager.SaveChangesAsync(StateManager stateManager, Boolean acceptAllChangesOnSuccess, CancellationToken cancellationToken)
   at Microsoft.EntityFrameworkCore.Storage.ExecutionStrategy.<>c__DisplayClass30_0`2.<<ExecuteAsync>b__0>d.MoveNext()
--- End of stack trace from previous location ---
   at Microsoft.EntityFrameworkCore.Storage.ExecutionStrategy.ExecuteImplementationAsync[TState,TResult](Func`4 operation, Func`4 verifySucceeded, TState state, CancellationToken cancellationToken)
   at Microsoft.EntityFrameworkCore.Storage.ExecutionStrategy.ExecuteImplementationAsync[TState,TResult](Func`4 operation, Func`4 verifySucceeded, TState state, CancellationToken cancellationToken)
   at Microsoft.EntityFrameworkCore.Storage.ExecutionStrategy.ExecuteAsync[TState,TResult](TState state, Func`4 operation, Func`4 verifySucceeded, CancellationToken cancellationToken)
   at Microsoft.EntityFrameworkCore.DbContext.SaveChangesAsync(Boolean acceptAllChangesOnSuccess, CancellationToken cancellationToken)
Microsoft.EntityFrameworkCore.DbUpdateException: An error occurred while saving the entity changes. See the inner exception for details.
 ---> Npgsql.PostgresException (0x80004005): 23503: insert or update on table "AttendanceRecords" violates foreign key constraint "FK_AttendanceRecords_User_MarkedBy"

DETAIL: Detail redacted as it may contain sensitive data. Specify 'Include Error Detail' in the connection string to include this information.
   at Npgsql.Internal.NpgsqlConnector.ReadMessageLong(Boolean async, DataRowLoadingMode dataRowLoadingMode, Boolean readingNotifications, Boolean isReadingPrependedMessage)
   at System.Runtime.CompilerServices.PoolingAsyncValueTaskMethodBuilder`1.StateMachineBox`1.System.Threading.Tasks.Sources.IValueTaskSource<TResult>.GetResult(Int16 token)
   at Npgsql.NpgsqlDataReader.NextResult(Boolean async, Boolean isConsuming, CancellationToken cancellationToken)
   at Npgsql.NpgsqlDataReader.NextResult(Boolean async, Boolean isConsuming, CancellationToken cancellationToken)
   at Npgsql.NpgsqlCommand.ExecuteReader(Boolean async, CommandBehavior behavior, CancellationToken cancellationToken)
   at Npgsql.NpgsqlCommand.ExecuteReader(Boolean async, CommandBehavior behavior, CancellationToken cancellationToken)
   at Npgsql.NpgsqlCommand.ExecuteDbDataReaderAsync(CommandBehavior behavior, CancellationToken cancellationToken)
   at Microsoft.EntityFrameworkCore.Storage.RelationalCommand.ExecuteReaderAsync(RelationalCommandParameterObject parameterObject, CancellationToken cancellationToken)
   at Microsoft.EntityFrameworkCore.Storage.RelationalCommand.ExecuteReaderAsync(RelationalCommandParameterObject parameterObject, CancellationToken cancellationToken)
   at Microsoft.EntityFrameworkCore.Update.ReaderModificationCommandBatch.ExecuteAsync(IRelationalConnection connection, CancellationToken cancellationToken)
  Exception data:
    Severity: ERROR
    SqlState: 23503
    MessageText: insert or update on table "AttendanceRecords" violates foreign key constraint "FK_AttendanceRecords_User_MarkedBy"
    Detail: Detail redacted as it may contain sensitive data. Specify 'Include Error Detail' in the connection string to include this information.
    SchemaName: public
    TableName: AttendanceRecords
    ConstraintName: FK_AttendanceRecords_User_MarkedBy
    File: ri_triggers.c
    Line: 2783
    Routine: ri_ReportViolation
   --- End of inner exception stack trace ---
   at Microsoft.EntityFrameworkCore.Update.ReaderModificationCommandBatch.ExecuteAsync(IRelationalConnection connection, CancellationToken cancellationToken)
   at Microsoft.EntityFrameworkCore.Update.Internal.BatchExecutor.ExecuteAsync(IEnumerable`1 commandBatches, IRelationalConnection connection, CancellationToken cancellationToken)
   at Microsoft.EntityFrameworkCore.Update.Internal.BatchExecutor.ExecuteAsync(IEnumerable`1 commandBatches, IRelationalConnection connection, CancellationToken cancellationToken)
   at Microsoft.EntityFrameworkCore.Update.Internal.BatchExecutor.ExecuteAsync(IEnumerable`1 commandBatches, IRelationalConnection connection, CancellationToken cancellationToken)
   at Microsoft.EntityFrameworkCore.ChangeTracking.Internal.StateManager.SaveChangesAsync(IList`1 entriesToSave, CancellationToken cancellationToken)
   at Microsoft.EntityFrameworkCore.ChangeTracking.Internal.StateManager.SaveChangesAsync(StateManager stateManager, Boolean acceptAllChangesOnSuccess, CancellationToken cancellationToken)
   at Microsoft.EntityFrameworkCore.Storage.ExecutionStrategy.<>c__DisplayClass30_0`2.<<ExecuteAsync>b__0>d.MoveNext()
--- End of stack trace from previous location ---
   at Microsoft.EntityFrameworkCore.Storage.ExecutionStrategy.ExecuteImplementationAsync[TState,TResult](Func`4 operation, Func`4 verifySucceeded, TState state, CancellationToken cancellationToken)
   at Microsoft.EntityFrameworkCore.Storage.ExecutionStrategy.ExecuteImplementationAsync[TState,TResult](Func`4 operation, Func`4 verifySucceeded, TState state, CancellationToken cancellationToken)
   at Microsoft.EntityFrameworkCore.Storage.ExecutionStrategy.ExecuteAsync[TState,TResult](TState state, Func`4 operation, Func`4 verifySucceeded, CancellationToken cancellationToken)
   at Microsoft.EntityFrameworkCore.DbContext.SaveChangesAsync(Boolean acceptAllChangesOnSuccess, CancellationToken cancellationToken)
2026-04-19 18:45:25.805 +05:30 [ERR] SmsApi.Controllers.AttendanceController | CorrelationId:738b96c778484717b012dd69d39ebcf9 | Error marking attendance
Microsoft.EntityFrameworkCore.DbUpdateException: An error occurred while saving the entity changes. See the inner exception for details.
 ---> Npgsql.PostgresException (0x80004005): 23503: insert or update on table "AttendanceRecords" violates foreign key constraint "FK_AttendanceRecords_User_MarkedBy"

DETAIL: Detail redacted as it may contain sensitive data. Specify 'Include Error Detail' in the connection string to include this information.
   at Npgsql.Internal.NpgsqlConnector.ReadMessageLong(Boolean async, DataRowLoadingMode dataRowLoadingMode, Boolean readingNotifications, Boolean isReadingPrependedMessage)
   at System.Runtime.CompilerServices.PoolingAsyncValueTaskMethodBuilder`1.StateMachineBox`1.System.Threading.Tasks.Sources.IValueTaskSource<TResult>.GetResult(Int16 token)
   at Npgsql.NpgsqlDataReader.NextResult(Boolean async, Boolean isConsuming, CancellationToken cancellationToken)
   at Npgsql.NpgsqlDataReader.NextResult(Boolean async, Boolean isConsuming, CancellationToken cancellationToken)
   at Npgsql.NpgsqlCommand.ExecuteReader(Boolean async, CommandBehavior behavior, CancellationToken cancellationToken)
   at Npgsql.NpgsqlCommand.ExecuteReader(Boolean async, CommandBehavior behavior, CancellationToken cancellationToken)
   at Npgsql.NpgsqlCommand.ExecuteDbDataReaderAsync(CommandBehavior behavior, CancellationToken cancellationToken)
   at Microsoft.EntityFrameworkCore.Storage.RelationalCommand.ExecuteReaderAsync(RelationalCommandParameterObject parameterObject, CancellationToken cancellationToken)
   at Microsoft.EntityFrameworkCore.Storage.RelationalCommand.ExecuteReaderAsync(RelationalCommandParameterObject parameterObject, CancellationToken cancellationToken)
   at Microsoft.EntityFrameworkCore.Update.ReaderModificationCommandBatch.ExecuteAsync(IRelationalConnection connection, CancellationToken cancellationToken)
  Exception data:
    Severity: ERROR
    SqlState: 23503
    MessageText: insert or update on table "AttendanceRecords" violates foreign key constraint "FK_AttendanceRecords_User_MarkedBy"
    Detail: Detail redacted as it may contain sensitive data. Specify 'Include Error Detail' in the connection string to include this information.
    SchemaName: public
    TableName: AttendanceRecords
    ConstraintName: FK_AttendanceRecords_User_MarkedBy
    File: ri_triggers.c
    Line: 2783
    Routine: ri_ReportViolation
   --- End of inner exception stack trace ---
   at Microsoft.EntityFrameworkCore.Update.ReaderModificationCommandBatch.ExecuteAsync(IRelationalConnection connection, CancellationToken cancellationToken)
   at Microsoft.EntityFrameworkCore.Update.Internal.BatchExecutor.ExecuteAsync(IEnumerable`1 commandBatches, IRelationalConnection connection, CancellationToken cancellationToken)
   at Microsoft.EntityFrameworkCore.Update.Internal.BatchExecutor.ExecuteAsync(IEnumerable`1 commandBatches, IRelationalConnection connection, CancellationToken cancellationToken)
   at Microsoft.EntityFrameworkCore.Update.Internal.BatchExecutor.ExecuteAsync(IEnumerable`1 commandBatches, IRelationalConnection connection, CancellationToken cancellationToken)
   at Microsoft.EntityFrameworkCore.ChangeTracking.Internal.StateManager.SaveChangesAsync(IList`1 entriesToSave, CancellationToken cancellationToken)
   at Microsoft.EntityFrameworkCore.ChangeTracking.Internal.StateManager.SaveChangesAsync(StateManager stateManager, Boolean acceptAllChangesOnSuccess, CancellationToken cancellationToken)
   at Microsoft.EntityFrameworkCore.Storage.ExecutionStrategy.<>c__DisplayClass30_0`2.<<ExecuteAsync>b__0>d.MoveNext()
--- End of stack trace from previous location ---
   at Microsoft.EntityFrameworkCore.Storage.ExecutionStrategy.ExecuteImplementationAsync[TState,TResult](Func`4 operation, Func`4 verifySucceeded, TState state, CancellationToken cancellationToken)
   at Microsoft.EntityFrameworkCore.Storage.ExecutionStrategy.ExecuteImplementationAsync[TState,TResult](Func`4 operation, Func`4 verifySucceeded, TState state, CancellationToken cancellationToken)
   at Microsoft.EntityFrameworkCore.Storage.ExecutionStrategy.ExecuteAsync[TState,TResult](TState state, Func`4 operation, Func`4 verifySucceeded, CancellationToken cancellationToken)
   at Microsoft.EntityFrameworkCore.DbContext.SaveChangesAsync(Boolean acceptAllChangesOnSuccess, CancellationToken cancellationToken)
   at Microsoft.EntityFrameworkCore.DbContext.SaveChangesAsync(Boolean acceptAllChangesOnSuccess, CancellationToken cancellationToken)
   at SmsApi.Data.AppDbContext.SaveChangesAsync(CancellationToken cancellationToken) in C:\Vitana\Vitana Group\sms-api\Data\AppDbContext.cs:line 229
   at SmsApi.Services.AttendanceService.MarkAttendanceAsync(Guid schoolId, MarkAttendanceDto dto, Guid userId) in C:\Vitana\Vitana Group\sms-api\Services\AttendanceService.cs:line 259
   at SmsApi.Controllers.AttendanceController.MarkAttendance(MarkAttendanceDto dto) in C:\Vitana\Vitana Group\sms-api\Controllers\AttendanceController.cs:line 152
2026-04-19 18:45:25.843 +05:30 [INF] SmsApi.Middleware.LoggingActionFilter | CorrelationId:738b96c778484717b012dd69d39ebcf9 | API Response: POST /api/Attendance/records | Status: 200 | Duration: 191ms
2026-04-19 18:45:25.856 +05:30 [ERR] Microsoft.EntityFrameworkCore.Database.Command | CorrelationId:738b96c778484717b012dd69d39ebcf9 | Failed executing DbCommand (3ms) [Parameters=[@p0='?' (DbType = Guid), @p1='?', @p2='?' (DbType = Object), @p3='?' (DbType = Object), @p4='?' (DbType = DateTime), @p5='?' (DbType = Guid), @p6='?' (DbType = DateTime), @p7='?' (DbType = DateTime), @p8='?', @p9='?' (DbType = Boolean), @p10='?' (DbType = Boolean), @p11='?' (DbType = Guid), @p12='?', @p13='?' (DbType = Guid), @p14='?', @p15='?' (DbType = Guid), @p16='?' (DbType = DateTime), @p17='?' (DbType = Guid), @p18='?' (DbType = Guid), @p19='?', @p20='?' (DbType = Int64), @p21='?' (DbType = Guid), @p22='?', @p23='?', @p24='?', @p25='?', @p26='?', @p27='?', @p28='?', @p29='?' (DbType = Guid), @p30='?' (DbType = Int32), @p31='?' (DbType = DateTime), @p32='?', @p33='?' (DbType = Guid), @p34='?'], CommandType='"Text"', CommandTimeout='30']
INSERT INTO "AttendanceRecords" ("Id", "BiometricId", "CheckInTime", "CheckOutTime", "CreatedAt", "CreatedBy", "Date", "DeletedAt", "Discriminator", "IsDeleted", "IsManualOverride", "MarkedBy", "Remarks", "SchoolId", "Status", "StudentId", "UpdatedAt", "UpdatedBy")
VALUES (@p0, @p1, @p2, @p3, @p4, @p5, @p6, @p7, @p8, @p9, @p10, @p11, @p12, @p13, @p14, @p15, @p16, @p17)
RETURNING "RowVersion";
INSERT INTO "AuditLogs" ("Id", "ActionType", "DurationMs", "EntityId", "EntityType", "ExceptionMessage", "HttpMethod", "IpAddress", "Path", "QueryString", "RequestBody", "SchoolId", "StatusCode", "Timestamp", "UserAgent", "UserId", "Username")
VALUES (@p18, @p19, @p20, @p21, @p22, @p23, @p24, @p25, @p26, @p27, @p28, @p29, @p30, @p31, @p32, @p33, @p34);
2026-04-19 18:45:25.887 +05:30 [ERR] Microsoft.EntityFrameworkCore.Update | CorrelationId:738b96c778484717b012dd69d39ebcf9 | An exception occurred in the database while saving changes for context type 'SmsApi.Data.AppDbContext'.
Microsoft.EntityFrameworkCore.DbUpdateException: An error occurred while saving the entity changes. See the inner exception for details.
 ---> Npgsql.PostgresException (0x80004005): 23503: insert or update on table "AttendanceRecords" violates foreign key constraint "FK_AttendanceRecords_User_MarkedBy"

DETAIL: Detail redacted as it may contain sensitive data. Specify 'Include Error Detail' in the connection string to include this information.
   at Npgsql.Internal.NpgsqlConnector.ReadMessageLong(Boolean async, DataRowLoadingMode dataRowLoadingMode, Boolean readingNotifications, Boolean isReadingPrependedMessage)
   at System.Runtime.CompilerServices.PoolingAsyncValueTaskMethodBuilder`1.StateMachineBox`1.System.Threading.Tasks.Sources.IValueTaskSource<TResult>.GetResult(Int16 token)
   at Npgsql.NpgsqlDataReader.NextResult(Boolean async, Boolean isConsuming, CancellationToken cancellationToken)
   at Npgsql.NpgsqlDataReader.NextResult(Boolean async, Boolean isConsuming, CancellationToken cancellationToken)
   at Npgsql.NpgsqlCommand.ExecuteReader(Boolean async, CommandBehavior behavior, CancellationToken cancellationToken)
   at Npgsql.NpgsqlCommand.ExecuteReader(Boolean async, CommandBehavior behavior, CancellationToken cancellationToken)
   at Npgsql.NpgsqlCommand.ExecuteDbDataReaderAsync(CommandBehavior behavior, CancellationToken cancellationToken)
   at Microsoft.EntityFrameworkCore.Storage.RelationalCommand.ExecuteReaderAsync(RelationalCommandParameterObject parameterObject, CancellationToken cancellationToken)
   at Microsoft.EntityFrameworkCore.Storage.RelationalCommand.ExecuteReaderAsync(RelationalCommandParameterObject parameterObject, CancellationToken cancellationToken)
   at Microsoft.EntityFrameworkCore.Update.ReaderModificationCommandBatch.ExecuteAsync(IRelationalConnection connection, CancellationToken cancellationToken)
  Exception data:
    Severity: ERROR
    SqlState: 23503
    MessageText: insert or update on table "AttendanceRecords" violates foreign key constraint "FK_AttendanceRecords_User_MarkedBy"
    Detail: Detail redacted as it may contain sensitive data. Specify 'Include Error Detail' in the connection string to include this information.
    SchemaName: public
    TableName: AttendanceRecords
    ConstraintName: FK_AttendanceRecords_User_MarkedBy
    File: ri_triggers.c
    Line: 2783
    Routine: ri_ReportViolation
   --- End of inner exception stack trace ---
   at Microsoft.EntityFrameworkCore.Update.ReaderModificationCommandBatch.ExecuteAsync(IRelationalConnection connection, CancellationToken cancellationToken)
   at Microsoft.EntityFrameworkCore.Update.Internal.BatchExecutor.ExecuteAsync(IEnumerable`1 commandBatches, IRelationalConnection connection, CancellationToken cancellationToken)
   at Microsoft.EntityFrameworkCore.Update.Internal.BatchExecutor.ExecuteAsync(IEnumerable`1 commandBatches, IRelationalConnection connection, CancellationToken cancellationToken)
   at Microsoft.EntityFrameworkCore.Update.Internal.BatchExecutor.ExecuteAsync(IEnumerable`1 commandBatches, IRelationalConnection connection, CancellationToken cancellationToken)
   at Microsoft.EntityFrameworkCore.ChangeTracking.Internal.StateManager.SaveChangesAsync(IList`1 entriesToSave, CancellationToken cancellationToken)
   at Microsoft.EntityFrameworkCore.ChangeTracking.Internal.StateManager.SaveChangesAsync(StateManager stateManager, Boolean acceptAllChangesOnSuccess, CancellationToken cancellationToken)
   at Microsoft.EntityFrameworkCore.Storage.ExecutionStrategy.<>c__DisplayClass30_0`2.<<ExecuteAsync>b__0>d.MoveNext()
--- End of stack trace from previous location ---
   at Microsoft.EntityFrameworkCore.Storage.ExecutionStrategy.ExecuteImplementationAsync[TState,TResult](Func`4 operation, Func`4 verifySucceeded, TState state, CancellationToken cancellationToken)
   at Microsoft.EntityFrameworkCore.Storage.ExecutionStrategy.ExecuteImplementationAsync[TState,TResult](Func`4 operation, Func`4 verifySucceeded, TState state, CancellationToken cancellationToken)
   at Microsoft.EntityFrameworkCore.Storage.ExecutionStrategy.ExecuteAsync[TState,TResult](TState state, Func`4 operation, Func`4 verifySucceeded, CancellationToken cancellationToken)
   at Microsoft.EntityFrameworkCore.DbContext.SaveChangesAsync(Boolean acceptAllChangesOnSuccess, CancellationToken cancellationToken)
Microsoft.EntityFrameworkCore.DbUpdateException: An error occurred while saving the entity changes. See the inner exception for details.
 ---> Npgsql.PostgresException (0x80004005): 23503: insert or update on table "AttendanceRecords" violates foreign key constraint "FK_AttendanceRecords_User_MarkedBy"

DETAIL: Detail redacted as it may contain sensitive data. Specify 'Include Error Detail' in the connection string to include this information.
   at Npgsql.Internal.NpgsqlConnector.ReadMessageLong(Boolean async, DataRowLoadingMode dataRowLoadingMode, Boolean readingNotifications, Boolean isReadingPrependedMessage)
   at System.Runtime.CompilerServices.PoolingAsyncValueTaskMethodBuilder`1.StateMachineBox`1.System.Threading.Tasks.Sources.IValueTaskSource<TResult>.GetResult(Int16 token)
   at Npgsql.NpgsqlDataReader.NextResult(Boolean async, Boolean isConsuming, CancellationToken cancellationToken)
   at Npgsql.NpgsqlDataReader.NextResult(Boolean async, Boolean isConsuming, CancellationToken cancellationToken)
   at Npgsql.NpgsqlCommand.ExecuteReader(Boolean async, CommandBehavior behavior, CancellationToken cancellationToken)
   at Npgsql.NpgsqlCommand.ExecuteReader(Boolean async, CommandBehavior behavior, CancellationToken cancellationToken)
   at Npgsql.NpgsqlCommand.ExecuteDbDataReaderAsync(CommandBehavior behavior, CancellationToken cancellationToken)
   at Microsoft.EntityFrameworkCore.Storage.RelationalCommand.ExecuteReaderAsync(RelationalCommandParameterObject parameterObject, CancellationToken cancellationToken)
   at Microsoft.EntityFrameworkCore.Storage.RelationalCommand.ExecuteReaderAsync(RelationalCommandParameterObject parameterObject, CancellationToken cancellationToken)
   at Microsoft.EntityFrameworkCore.Update.ReaderModificationCommandBatch.ExecuteAsync(IRelationalConnection connection, CancellationToken cancellationToken)
  Exception data:
    Severity: ERROR
    SqlState: 23503
    MessageText: insert or update on table "AttendanceRecords" violates foreign key constraint "FK_AttendanceRecords_User_MarkedBy"
    Detail: Detail redacted as it may contain sensitive data. Specify 'Include Error Detail' in the connection string to include this information.
    SchemaName: public
    TableName: AttendanceRecords
    ConstraintName: FK_AttendanceRecords_User_MarkedBy
    File: ri_triggers.c
    Line: 2783
    Routine: ri_ReportViolation
   --- End of inner exception stack trace ---
   at Microsoft.EntityFrameworkCore.Update.ReaderModificationCommandBatch.ExecuteAsync(IRelationalConnection connection, CancellationToken cancellationToken)
   at Microsoft.EntityFrameworkCore.Update.Internal.BatchExecutor.ExecuteAsync(IEnumerable`1 commandBatches, IRelationalConnection connection, CancellationToken cancellationToken)
   at Microsoft.EntityFrameworkCore.Update.Internal.BatchExecutor.ExecuteAsync(IEnumerable`1 commandBatches, IRelationalConnection connection, CancellationToken cancellationToken)
   at Microsoft.EntityFrameworkCore.Update.Internal.BatchExecutor.ExecuteAsync(IEnumerable`1 commandBatches, IRelationalConnection connection, CancellationToken cancellationToken)
   at Microsoft.EntityFrameworkCore.ChangeTracking.Internal.StateManager.SaveChangesAsync(IList`1 entriesToSave, CancellationToken cancellationToken)
   at Microsoft.EntityFrameworkCore.ChangeTracking.Internal.StateManager.SaveChangesAsync(StateManager stateManager, Boolean acceptAllChangesOnSuccess, CancellationToken cancellationToken)
   at Microsoft.EntityFrameworkCore.Storage.ExecutionStrategy.<>c__DisplayClass30_0`2.<<ExecuteAsync>b__0>d.MoveNext()
--- End of stack trace from previous location ---
   at Microsoft.EntityFrameworkCore.Storage.ExecutionStrategy.ExecuteImplementationAsync[TState,TResult](Func`4 operation, Func`4 verifySucceeded, TState state, CancellationToken cancellationToken)
   at Microsoft.EntityFrameworkCore.Storage.ExecutionStrategy.ExecuteImplementationAsync[TState,TResult](Func`4 operation, Func`4 verifySucceeded, TState state, CancellationToken cancellationToken)
   at Microsoft.EntityFrameworkCore.Storage.ExecutionStrategy.ExecuteAsync[TState,TResult](TState state, Func`4 operation, Func`4 verifySucceeded, CancellationToken cancellationToken)
   at Microsoft.EntityFrameworkCore.DbContext.SaveChangesAsync(Boolean acceptAllChangesOnSuccess, CancellationToken cancellationToken)
2026-04-19 18:45:25.911 +05:30 [ERR] SmsApi.Middleware.AuditLoggingMiddleware | CorrelationId:738b96c778484717b012dd69d39ebcf9 | Failed to write audit log entry
Microsoft.EntityFrameworkCore.DbUpdateException: An error occurred while saving the entity changes. See the inner exception for details.
 ---> Npgsql.PostgresException (0x80004005): 23503: insert or update on table "AttendanceRecords" violates foreign key constraint "FK_AttendanceRecords_User_MarkedBy"

DETAIL: Detail redacted as it may contain sensitive data. Specify 'Include Error Detail' in the connection string to include this information.
   at Npgsql.Internal.NpgsqlConnector.ReadMessageLong(Boolean async, DataRowLoadingMode dataRowLoadingMode, Boolean readingNotifications, Boolean isReadingPrependedMessage)
   at System.Runtime.CompilerServices.PoolingAsyncValueTaskMethodBuilder`1.StateMachineBox`1.System.Threading.Tasks.Sources.IValueTaskSource<TResult>.GetResult(Int16 token)
   at Npgsql.NpgsqlDataReader.NextResult(Boolean async, Boolean isConsuming, CancellationToken cancellationToken)
   at Npgsql.NpgsqlDataReader.NextResult(Boolean async, Boolean isConsuming, CancellationToken cancellationToken)
   at Npgsql.NpgsqlCommand.ExecuteReader(Boolean async, CommandBehavior behavior, CancellationToken cancellationToken)
   at Npgsql.NpgsqlCommand.ExecuteReader(Boolean async, CommandBehavior behavior, CancellationToken cancellationToken)
   at Npgsql.NpgsqlCommand.ExecuteDbDataReaderAsync(CommandBehavior behavior, CancellationToken cancellationToken)
   at Microsoft.EntityFrameworkCore.Storage.RelationalCommand.ExecuteReaderAsync(RelationalCommandParameterObject parameterObject, CancellationToken cancellationToken)
   at Microsoft.EntityFrameworkCore.Storage.RelationalCommand.ExecuteReaderAsync(RelationalCommandParameterObject parameterObject, CancellationToken cancellationToken)
   at Microsoft.EntityFrameworkCore.Update.ReaderModificationCommandBatch.ExecuteAsync(IRelationalConnection connection, CancellationToken cancellationToken)
  Exception data:
    Severity: ERROR
    SqlState: 23503
    MessageText: insert or update on table "AttendanceRecords" violates foreign key constraint "FK_AttendanceRecords_User_MarkedBy"
    Detail: Detail redacted as it may contain sensitive data. Specify 'Include Error Detail' in the connection string to include this information.
    SchemaName: public
    TableName: AttendanceRecords
    ConstraintName: FK_AttendanceRecords_User_MarkedBy
    File: ri_triggers.c
    Line: 2783
    Routine: ri_ReportViolation
   --- End of inner exception stack trace ---
   at Microsoft.EntityFrameworkCore.Update.ReaderModificationCommandBatch.ExecuteAsync(IRelationalConnection connection, CancellationToken cancellationToken)
   at Microsoft.EntityFrameworkCore.Update.Internal.BatchExecutor.ExecuteAsync(IEnumerable`1 commandBatches, IRelationalConnection connection, CancellationToken cancellationToken)
   at Microsoft.EntityFrameworkCore.Update.Internal.BatchExecutor.ExecuteAsync(IEnumerable`1 commandBatches, IRelationalConnection connection, CancellationToken cancellationToken)
   at Microsoft.EntityFrameworkCore.Update.Internal.BatchExecutor.ExecuteAsync(IEnumerable`1 commandBatches, IRelationalConnection connection, CancellationToken cancellationToken)
   at Microsoft.EntityFrameworkCore.ChangeTracking.Internal.StateManager.SaveChangesAsync(IList`1 entriesToSave, CancellationToken cancellationToken)
   at Microsoft.EntityFrameworkCore.ChangeTracking.Internal.StateManager.SaveChangesAsync(StateManager stateManager, Boolean acceptAllChangesOnSuccess, CancellationToken cancellationToken)
   at Microsoft.EntityFrameworkCore.Storage.ExecutionStrategy.<>c__DisplayClass30_0`2.<<ExecuteAsync>b__0>d.MoveNext()
--- End of stack trace from previous location ---
   at Microsoft.EntityFrameworkCore.Storage.ExecutionStrategy.ExecuteImplementationAsync[TState,TResult](Func`4 operation, Func`4 verifySucceeded, TState state, CancellationToken cancellationToken)
   at Microsoft.EntityFrameworkCore.Storage.ExecutionStrategy.ExecuteImplementationAsync[TState,TResult](Func`4 operation, Func`4 verifySucceeded, TState state, CancellationToken cancellationToken)
   at Microsoft.EntityFrameworkCore.Storage.ExecutionStrategy.ExecuteAsync[TState,TResult](TState state, Func`4 operation, Func`4 verifySucceeded, CancellationToken cancellationToken)
   at Microsoft.EntityFrameworkCore.DbContext.SaveChangesAsync(Boolean acceptAllChangesOnSuccess, CancellationToken cancellationToken)
   at Microsoft.EntityFrameworkCore.DbContext.SaveChangesAsync(Boolean acceptAllChangesOnSuccess, CancellationToken cancellationToken)
   at SmsApi.Data.AppDbContext.SaveChangesAsync(CancellationToken cancellationToken) in C:\Vitana\Vitana Group\sms-api\Data\AppDbContext.cs:line 229
   at SmsApi.Middleware.AuditLoggingMiddleware.WriteAuditLog(HttpContext context, AppDbContext dbContext, String requestBody, Int64 durationMs, String exceptionMessage) in C:\Vitana\Vitana Group\sms-api\Middleware\AuditLoggingMiddleware.cs:line 112
2026-04-19 18:45:25.935 +05:30 [ERR] Serilog.AspNetCore.RequestLoggingMiddleware | CorrelationId:738b96c778484717b012dd69d39ebcf9 | HTTP POST /api/Attendance/records responded 500 in 296.1220 ms
2026-04-19 18:45:26.010 +05:30 [INF] SmsApi.Middleware.LoggingActionFilter | CorrelationId:287be092706345cd8158ba7b67b9e469 | API Request: POST /api/Attendance/records | User: Unknown | School: 550e8400-e29b-41d4-a716-446655440000
2026-04-19 18:45:26.019 +05:30 [INF] SmsApi.Middleware.LoggingActionFilter | CorrelationId:287be092706345cd8158ba7b67b9e469 | API Response: POST /api/Attendance/records | Status: 200 | Duration: 9ms
2026-04-19 18:45:26.030 +05:30 [INF] Serilog.AspNetCore.RequestLoggingMiddleware | CorrelationId:287be092706345cd8158ba7b67b9e469 | HTTP POST /api/Attendance/records responded 400 in 26.0656 ms
2026-04-19 18:45:26.071 +05:30 [INF] SmsApi.Middleware.LoggingActionFilter | CorrelationId:cdf37736090a454c807b0b83144da2a7 | API Request: POST /api/Attendance/records/bulk | User: Unknown | School: 550e8400-e29b-41d4-a716-446655440000
2026-04-19 18:45:26.081 +05:30 [INF] SmsApi.Middleware.LoggingActionFilter | CorrelationId:cdf37736090a454c807b0b83144da2a7 | API Response: POST /api/Attendance/records/bulk | Status: 200 | Duration: 9ms
2026-04-19 18:45:26.091 +05:30 [INF] Serilog.AspNetCore.RequestLoggingMiddleware | CorrelationId:cdf37736090a454c807b0b83144da2a7 | HTTP POST /api/Attendance/records/bulk responded 400 in 32.3355 ms
2026-04-19 18:45:26.130 +05:30 [INF] SmsApi.Middleware.LoggingActionFilter | CorrelationId:323f4ef8b79b4201a22925c38eb1744c | API Request: GET /api/Attendance/records | User: Unknown | School: 550e8400-e29b-41d4-a716-446655440000
2026-04-19 18:45:26.181 +05:30 [INF] SmsApi.Middleware.LoggingActionFilter | CorrelationId:323f4ef8b79b4201a22925c38eb1744c | API Response: GET /api/Attendance/records | Status: 200 | Duration: 51ms
2026-04-19 18:45:26.187 +05:30 [INF] Serilog.AspNetCore.RequestLoggingMiddleware | CorrelationId:323f4ef8b79b4201a22925c38eb1744c | HTTP GET /api/Attendance/records responded 200 in 71.8858 ms
2026-04-19 18:45:26.225 +05:30 [INF] SmsApi.Middleware.LoggingActionFilter | CorrelationId:244cb029b4c5479a82dc7be054a5307a | API Request: POST /api/Attendance/leave-requests | User: Unknown | School: 550e8400-e29b-41d4-a716-446655440000
2026-04-19 18:45:26.350 +05:30 [INF] SmsApi.Middleware.LoggingActionFilter | CorrelationId:244cb029b4c5479a82dc7be054a5307a | API Response: POST /api/Attendance/leave-requests | Status: 200 | Duration: 125ms
2026-04-19 18:45:27.084 +05:30 [INF] Serilog.AspNetCore.RequestLoggingMiddleware | CorrelationId:244cb029b4c5479a82dc7be054a5307a | HTTP POST /api/Attendance/leave-requests responded 201 in 868.8332 ms
2026-04-19 18:45:27.120 +05:30 [WRN] SmsApi.Infrastructure.Performance.PerformanceMonitoringMiddleware | CorrelationId: | Slow request: POST /api/Attendance/leave-requests took 863ms — status 201.
2026-04-19 18:45:27.190 +05:30 [INF] SmsApi.Middleware.LoggingActionFilter | CorrelationId:aae06214ed19464993d0da3af2cf82cc | API Request: POST /api/Attendance/leave-requests | User: Unknown | School: 550e8400-e29b-41d4-a716-446655440000
2026-04-19 18:45:27.208 +05:30 [INF] SmsApi.Middleware.LoggingActionFilter | CorrelationId:aae06214ed19464993d0da3af2cf82cc | API Response: POST /api/Attendance/leave-requests | Status: 200 | Duration: 18ms
2026-04-19 18:45:27.225 +05:30 [INF] Serilog.AspNetCore.RequestLoggingMiddleware | CorrelationId:aae06214ed19464993d0da3af2cf82cc | HTTP POST /api/Attendance/leave-requests responded 400 in 40.6170 ms
2026-04-19 18:45:27.272 +05:30 [INF] Serilog.AspNetCore.RequestLoggingMiddleware | CorrelationId:eff15456a90e49528ec8f172d16de9a1 | HTTP GET /api/Attendance/records responded 401 in 4.2448 ms
2026-04-19 18:45:33.106 +05:30 [INF] SmsApi.Middleware.LoggingActionFilter | CorrelationId:a416ba24c8234ce0997d51258cf6ff2a | API Request: POST /api/auth/login | User: Unknown | School: Unknown
2026-04-19 18:45:33.654 +05:30 [INF] SmsApi.Controllers.AuthController | CorrelationId:a416ba24c8234ce0997d51258cf6ff2a | Login successful for admin (SchoolId: "550e8400-e29b-41d4-a716-446655440000")
2026-04-19 18:45:33.657 +05:30 [INF] SmsApi.Middleware.LoggingActionFilter | CorrelationId:a416ba24c8234ce0997d51258cf6ff2a | API Response: POST /api/auth/login | Status: 200 | Duration: 550ms
2026-04-19 18:45:33.668 +05:30 [INF] Serilog.AspNetCore.RequestLoggingMiddleware | CorrelationId:a416ba24c8234ce0997d51258cf6ff2a | HTTP POST /api/auth/login responded 200 in 570.4350 ms
2026-04-19 18:45:33.674 +05:30 [WRN] SmsApi.Infrastructure.Performance.PerformanceMonitoringMiddleware | CorrelationId: | Slow request: POST /api/auth/login took 564ms — status 200.
2026-04-19 18:45:33.731 +05:30 [INF] SmsApi.Middleware.LoggingActionFilter | CorrelationId:23b39b5cf79d405992bf5365b9d1d1dc | API Request: POST /api/students | User: Unknown | School: 550e8400-e29b-41d4-a716-446655440000
2026-04-19 18:45:33.745 +05:30 [INF] SmsApi.Services.StudentService | CorrelationId:23b39b5cf79d405992bf5365b9d1d1dc | Student created: "ff23ed9a-26a0-4c96-adba-dc27655e4622", Admission: TEST20260419184533
2026-04-19 18:45:33.754 +05:30 [WRN] SmsApi.Services.StudentService | CorrelationId:23b39b5cf79d405992bf5365b9d1d1dc | No fee structure found for class 10, academic year 2025-2026. Fee record not created.
2026-04-19 18:45:33.760 +05:30 [INF] SmsApi.Services.StudentService | CorrelationId:23b39b5cf79d405992bf5365b9d1d1dc | Library card initialized for student "ff23ed9a-26a0-4c96-adba-dc27655e4622": LIB-TEST20260419184533
2026-04-19 18:45:33.766 +05:30 [INF] SmsApi.Services.StudentService | CorrelationId:23b39b5cf79d405992bf5365b9d1d1dc | Student creation completed with all related records: "ff23ed9a-26a0-4c96-adba-dc27655e4622"
2026-04-19 18:45:33.774 +05:30 [INF] SmsApi.Middleware.LoggingActionFilter | CorrelationId:23b39b5cf79d405992bf5365b9d1d1dc | API Response: POST /api/students | Status: 200 | Duration: 43ms
2026-04-19 18:45:33.782 +05:30 [INF] Serilog.AspNetCore.RequestLoggingMiddleware | CorrelationId:23b39b5cf79d405992bf5365b9d1d1dc | HTTP POST /api/students responded 201 in 58.5240 ms
2026-04-19 18:45:33.824 +05:30 [INF] SmsApi.Middleware.LoggingActionFilter | CorrelationId:773b48400e274573b1079ae0be736bc9 | API Request: POST /api/Attendance/records | User: Unknown | School: 550e8400-e29b-41d4-a716-446655440000
2026-04-19 18:45:33.846 +05:30 [ERR] Microsoft.EntityFrameworkCore.Database.Command | CorrelationId:773b48400e274573b1079ae0be736bc9 | Failed executing DbCommand (5ms) [Parameters=[@p0='?' (DbType = Guid), @p1='?', @p2='?' (DbType = Object), @p3='?' (DbType = Object), @p4='?' (DbType = DateTime), @p5='?' (DbType = Guid), @p6='?' (DbType = DateTime), @p7='?' (DbType = DateTime), @p8='?', @p9='?' (DbType = Boolean), @p10='?' (DbType = Boolean), @p11='?' (DbType = Guid), @p12='?', @p13='?' (DbType = Guid), @p14='?', @p15='?' (DbType = Guid), @p16='?' (DbType = DateTime), @p17='?' (DbType = Guid)], CommandType='"Text"', CommandTimeout='30']
INSERT INTO "AttendanceRecords" ("Id", "BiometricId", "CheckInTime", "CheckOutTime", "CreatedAt", "CreatedBy", "Date", "DeletedAt", "Discriminator", "IsDeleted", "IsManualOverride", "MarkedBy", "Remarks", "SchoolId", "Status", "StudentId", "UpdatedAt", "UpdatedBy")
VALUES (@p0, @p1, @p2, @p3, @p4, @p5, @p6, @p7, @p8, @p9, @p10, @p11, @p12, @p13, @p14, @p15, @p16, @p17)
RETURNING "RowVersion";
2026-04-19 18:45:33.855 +05:30 [ERR] Microsoft.EntityFrameworkCore.Update | CorrelationId:773b48400e274573b1079ae0be736bc9 | An exception occurred in the database while saving changes for context type 'SmsApi.Data.AppDbContext'.
Microsoft.EntityFrameworkCore.DbUpdateException: An error occurred while saving the entity changes. See the inner exception for details.
 ---> Npgsql.PostgresException (0x80004005): 23503: insert or update on table "AttendanceRecords" violates foreign key constraint "FK_AttendanceRecords_User_MarkedBy"

DETAIL: Detail redacted as it may contain sensitive data. Specify 'Include Error Detail' in the connection string to include this information.
   at Npgsql.Internal.NpgsqlConnector.ReadMessageLong(Boolean async, DataRowLoadingMode dataRowLoadingMode, Boolean readingNotifications, Boolean isReadingPrependedMessage)
   at System.Runtime.CompilerServices.PoolingAsyncValueTaskMethodBuilder`1.StateMachineBox`1.System.Threading.Tasks.Sources.IValueTaskSource<TResult>.GetResult(Int16 token)
   at Npgsql.NpgsqlDataReader.NextResult(Boolean async, Boolean isConsuming, CancellationToken cancellationToken)
   at Npgsql.NpgsqlDataReader.NextResult(Boolean async, Boolean isConsuming, CancellationToken cancellationToken)
   at Npgsql.NpgsqlCommand.ExecuteReader(Boolean async, CommandBehavior behavior, CancellationToken cancellationToken)
   at Npgsql.NpgsqlCommand.ExecuteReader(Boolean async, CommandBehavior behavior, CancellationToken cancellationToken)
   at Npgsql.NpgsqlCommand.ExecuteDbDataReaderAsync(CommandBehavior behavior, CancellationToken cancellationToken)
   at Microsoft.EntityFrameworkCore.Storage.RelationalCommand.ExecuteReaderAsync(RelationalCommandParameterObject parameterObject, CancellationToken cancellationToken)
   at Microsoft.EntityFrameworkCore.Storage.RelationalCommand.ExecuteReaderAsync(RelationalCommandParameterObject parameterObject, CancellationToken cancellationToken)
   at Microsoft.EntityFrameworkCore.Update.ReaderModificationCommandBatch.ExecuteAsync(IRelationalConnection connection, CancellationToken cancellationToken)
  Exception data:
    Severity: ERROR
    SqlState: 23503
    MessageText: insert or update on table "AttendanceRecords" violates foreign key constraint "FK_AttendanceRecords_User_MarkedBy"
    Detail: Detail redacted as it may contain sensitive data. Specify 'Include Error Detail' in the connection string to include this information.
    SchemaName: public
    TableName: AttendanceRecords
    ConstraintName: FK_AttendanceRecords_User_MarkedBy
    File: ri_triggers.c
    Line: 2783
    Routine: ri_ReportViolation
   --- End of inner exception stack trace ---
   at Microsoft.EntityFrameworkCore.Update.ReaderModificationCommandBatch.ExecuteAsync(IRelationalConnection connection, CancellationToken cancellationToken)
   at Microsoft.EntityFrameworkCore.Update.Internal.BatchExecutor.ExecuteAsync(IEnumerable`1 commandBatches, IRelationalConnection connection, CancellationToken cancellationToken)
   at Microsoft.EntityFrameworkCore.Update.Internal.BatchExecutor.ExecuteAsync(IEnumerable`1 commandBatches, IRelationalConnection connection, CancellationToken cancellationToken)
   at Microsoft.EntityFrameworkCore.Update.Internal.BatchExecutor.ExecuteAsync(IEnumerable`1 commandBatches, IRelationalConnection connection, CancellationToken cancellationToken)
   at Microsoft.EntityFrameworkCore.ChangeTracking.Internal.StateManager.SaveChangesAsync(IList`1 entriesToSave, CancellationToken cancellationToken)
   at Microsoft.EntityFrameworkCore.ChangeTracking.Internal.StateManager.SaveChangesAsync(StateManager stateManager, Boolean acceptAllChangesOnSuccess, CancellationToken cancellationToken)
   at Microsoft.EntityFrameworkCore.Storage.ExecutionStrategy.<>c__DisplayClass30_0`2.<<ExecuteAsync>b__0>d.MoveNext()
--- End of stack trace from previous location ---
   at Microsoft.EntityFrameworkCore.Storage.ExecutionStrategy.ExecuteImplementationAsync[TState,TResult](Func`4 operation, Func`4 verifySucceeded, TState state, CancellationToken cancellationToken)
   at Microsoft.EntityFrameworkCore.Storage.ExecutionStrategy.ExecuteImplementationAsync[TState,TResult](Func`4 operation, Func`4 verifySucceeded, TState state, CancellationToken cancellationToken)
   at Microsoft.EntityFrameworkCore.Storage.ExecutionStrategy.ExecuteAsync[TState,TResult](TState state, Func`4 operation, Func`4 verifySucceeded, CancellationToken cancellationToken)
   at Microsoft.EntityFrameworkCore.DbContext.SaveChangesAsync(Boolean acceptAllChangesOnSuccess, CancellationToken cancellationToken)
Microsoft.EntityFrameworkCore.DbUpdateException: An error occurred while saving the entity changes. See the inner exception for details.
 ---> Npgsql.PostgresException (0x80004005): 23503: insert or update on table "AttendanceRecords" violates foreign key constraint "FK_AttendanceRecords_User_MarkedBy"

DETAIL: Detail redacted as it may contain sensitive data. Specify 'Include Error Detail' in the connection string to include this information.
   at Npgsql.Internal.NpgsqlConnector.ReadMessageLong(Boolean async, DataRowLoadingMode dataRowLoadingMode, Boolean readingNotifications, Boolean isReadingPrependedMessage)
   at System.Runtime.CompilerServices.PoolingAsyncValueTaskMethodBuilder`1.StateMachineBox`1.System.Threading.Tasks.Sources.IValueTaskSource<TResult>.GetResult(Int16 token)
   at Npgsql.NpgsqlDataReader.NextResult(Boolean async, Boolean isConsuming, CancellationToken cancellationToken)
   at Npgsql.NpgsqlDataReader.NextResult(Boolean async, Boolean isConsuming, CancellationToken cancellationToken)
   at Npgsql.NpgsqlCommand.ExecuteReader(Boolean async, CommandBehavior behavior, CancellationToken cancellationToken)
   at Npgsql.NpgsqlCommand.ExecuteReader(Boolean async, CommandBehavior behavior, CancellationToken cancellationToken)
   at Npgsql.NpgsqlCommand.ExecuteDbDataReaderAsync(CommandBehavior behavior, CancellationToken cancellationToken)
   at Microsoft.EntityFrameworkCore.Storage.RelationalCommand.ExecuteReaderAsync(RelationalCommandParameterObject parameterObject, CancellationToken cancellationToken)
   at Microsoft.EntityFrameworkCore.Storage.RelationalCommand.ExecuteReaderAsync(RelationalCommandParameterObject parameterObject, CancellationToken cancellationToken)
   at Microsoft.EntityFrameworkCore.Update.ReaderModificationCommandBatch.ExecuteAsync(IRelationalConnection connection, CancellationToken cancellationToken)
  Exception data:
    Severity: ERROR
    SqlState: 23503
    MessageText: insert or update on table "AttendanceRecords" violates foreign key constraint "FK_AttendanceRecords_User_MarkedBy"
    Detail: Detail redacted as it may contain sensitive data. Specify 'Include Error Detail' in the connection string to include this information.
    SchemaName: public
    TableName: AttendanceRecords
    ConstraintName: FK_AttendanceRecords_User_MarkedBy
    File: ri_triggers.c
    Line: 2783
    Routine: ri_ReportViolation
   --- End of inner exception stack trace ---
   at Microsoft.EntityFrameworkCore.Update.ReaderModificationCommandBatch.ExecuteAsync(IRelationalConnection connection, CancellationToken cancellationToken)
   at Microsoft.EntityFrameworkCore.Update.Internal.BatchExecutor.ExecuteAsync(IEnumerable`1 commandBatches, IRelationalConnection connection, CancellationToken cancellationToken)
   at Microsoft.EntityFrameworkCore.Update.Internal.BatchExecutor.ExecuteAsync(IEnumerable`1 commandBatches, IRelationalConnection connection, CancellationToken cancellationToken)
   at Microsoft.EntityFrameworkCore.Update.Internal.BatchExecutor.ExecuteAsync(IEnumerable`1 commandBatches, IRelationalConnection connection, CancellationToken cancellationToken)
   at Microsoft.EntityFrameworkCore.ChangeTracking.Internal.StateManager.SaveChangesAsync(IList`1 entriesToSave, CancellationToken cancellationToken)
   at Microsoft.EntityFrameworkCore.ChangeTracking.Internal.StateManager.SaveChangesAsync(StateManager stateManager, Boolean acceptAllChangesOnSuccess, CancellationToken cancellationToken)
   at Microsoft.EntityFrameworkCore.Storage.ExecutionStrategy.<>c__DisplayClass30_0`2.<<ExecuteAsync>b__0>d.MoveNext()
--- End of stack trace from previous location ---
   at Microsoft.EntityFrameworkCore.Storage.ExecutionStrategy.ExecuteImplementationAsync[TState,TResult](Func`4 operation, Func`4 verifySucceeded, TState state, CancellationToken cancellationToken)
   at Microsoft.EntityFrameworkCore.Storage.ExecutionStrategy.ExecuteImplementationAsync[TState,TResult](Func`4 operation, Func`4 verifySucceeded, TState state, CancellationToken cancellationToken)
   at Microsoft.EntityFrameworkCore.Storage.ExecutionStrategy.ExecuteAsync[TState,TResult](TState state, Func`4 operation, Func`4 verifySucceeded, CancellationToken cancellationToken)
   at Microsoft.EntityFrameworkCore.DbContext.SaveChangesAsync(Boolean acceptAllChangesOnSuccess, CancellationToken cancellationToken)
2026-04-19 18:45:33.878 +05:30 [ERR] SmsApi.Controllers.AttendanceController | CorrelationId:773b48400e274573b1079ae0be736bc9 | Error marking attendance
Microsoft.EntityFrameworkCore.DbUpdateException: An error occurred while saving the entity changes. See the inner exception for details.
 ---> Npgsql.PostgresException (0x80004005): 23503: insert or update on table "AttendanceRecords" violates foreign key constraint "FK_AttendanceRecords_User_MarkedBy"

DETAIL: Detail redacted as it may contain sensitive data. Specify 'Include Error Detail' in the connection string to include this information.
   at Npgsql.Internal.NpgsqlConnector.ReadMessageLong(Boolean async, DataRowLoadingMode dataRowLoadingMode, Boolean readingNotifications, Boolean isReadingPrependedMessage)
   at System.Runtime.CompilerServices.PoolingAsyncValueTaskMethodBuilder`1.StateMachineBox`1.System.Threading.Tasks.Sources.IValueTaskSource<TResult>.GetResult(Int16 token)
   at Npgsql.NpgsqlDataReader.NextResult(Boolean async, Boolean isConsuming, CancellationToken cancellationToken)
   at Npgsql.NpgsqlDataReader.NextResult(Boolean async, Boolean isConsuming, CancellationToken cancellationToken)
   at Npgsql.NpgsqlCommand.ExecuteReader(Boolean async, CommandBehavior behavior, CancellationToken cancellationToken)
   at Npgsql.NpgsqlCommand.ExecuteReader(Boolean async, CommandBehavior behavior, CancellationToken cancellationToken)
   at Npgsql.NpgsqlCommand.ExecuteDbDataReaderAsync(CommandBehavior behavior, CancellationToken cancellationToken)
   at Microsoft.EntityFrameworkCore.Storage.RelationalCommand.ExecuteReaderAsync(RelationalCommandParameterObject parameterObject, CancellationToken cancellationToken)
   at Microsoft.EntityFrameworkCore.Storage.RelationalCommand.ExecuteReaderAsync(RelationalCommandParameterObject parameterObject, CancellationToken cancellationToken)
   at Microsoft.EntityFrameworkCore.Update.ReaderModificationCommandBatch.ExecuteAsync(IRelationalConnection connection, CancellationToken cancellationToken)
  Exception data:
    Severity: ERROR
    SqlState: 23503
    MessageText: insert or update on table "AttendanceRecords" violates foreign key constraint "FK_AttendanceRecords_User_MarkedBy"
    Detail: Detail redacted as it may contain sensitive data. Specify 'Include Error Detail' in the connection string to include this information.
    SchemaName: public
    TableName: AttendanceRecords
    ConstraintName: FK_AttendanceRecords_User_MarkedBy
    File: ri_triggers.c
    Line: 2783
    Routine: ri_ReportViolation
   --- End of inner exception stack trace ---
   at Microsoft.EntityFrameworkCore.Update.ReaderModificationCommandBatch.ExecuteAsync(IRelationalConnection connection, CancellationToken cancellationToken)
   at Microsoft.EntityFrameworkCore.Update.Internal.BatchExecutor.ExecuteAsync(IEnumerable`1 commandBatches, IRelationalConnection connection, CancellationToken cancellationToken)
   at Microsoft.EntityFrameworkCore.Update.Internal.BatchExecutor.ExecuteAsync(IEnumerable`1 commandBatches, IRelationalConnection connection, CancellationToken cancellationToken)
   at Microsoft.EntityFrameworkCore.Update.Internal.BatchExecutor.ExecuteAsync(IEnumerable`1 commandBatches, IRelationalConnection connection, CancellationToken cancellationToken)
   at Microsoft.EntityFrameworkCore.ChangeTracking.Internal.StateManager.SaveChangesAsync(IList`1 entriesToSave, CancellationToken cancellationToken)
   at Microsoft.EntityFrameworkCore.ChangeTracking.Internal.StateManager.SaveChangesAsync(StateManager stateManager, Boolean acceptAllChangesOnSuccess, CancellationToken cancellationToken)
   at Microsoft.EntityFrameworkCore.Storage.ExecutionStrategy.<>c__DisplayClass30_0`2.<<ExecuteAsync>b__0>d.MoveNext()
--- End of stack trace from previous location ---
   at Microsoft.EntityFrameworkCore.Storage.ExecutionStrategy.ExecuteImplementationAsync[TState,TResult](Func`4 operation, Func`4 verifySucceeded, TState state, CancellationToken cancellationToken)
   at Microsoft.EntityFrameworkCore.Storage.ExecutionStrategy.ExecuteImplementationAsync[TState,TResult](Func`4 operation, Func`4 verifySucceeded, TState state, CancellationToken cancellationToken)
   at Microsoft.EntityFrameworkCore.Storage.ExecutionStrategy.ExecuteAsync[TState,TResult](TState state, Func`4 operation, Func`4 verifySucceeded, CancellationToken cancellationToken)
   at Microsoft.EntityFrameworkCore.DbContext.SaveChangesAsync(Boolean acceptAllChangesOnSuccess, CancellationToken cancellationToken)
   at Microsoft.EntityFrameworkCore.DbContext.SaveChangesAsync(Boolean acceptAllChangesOnSuccess, CancellationToken cancellationToken)
   at SmsApi.Data.AppDbContext.SaveChangesAsync(CancellationToken cancellationToken) in C:\Vitana\Vitana Group\sms-api\Data\AppDbContext.cs:line 229
   at SmsApi.Services.AttendanceService.MarkAttendanceAsync(Guid schoolId, MarkAttendanceDto dto, Guid userId) in C:\Vitana\Vitana Group\sms-api\Services\AttendanceService.cs:line 259
   at SmsApi.Controllers.AttendanceController.MarkAttendance(MarkAttendanceDto dto) in C:\Vitana\Vitana Group\sms-api\Controllers\AttendanceController.cs:line 152
2026-04-19 18:45:33.900 +05:30 [INF] SmsApi.Middleware.LoggingActionFilter | CorrelationId:773b48400e274573b1079ae0be736bc9 | API Response: POST /api/Attendance/records | Status: 200 | Duration: 75ms
2026-04-19 18:45:33.908 +05:30 [ERR] Microsoft.EntityFrameworkCore.Database.Command | CorrelationId:773b48400e274573b1079ae0be736bc9 | Failed executing DbCommand (2ms) [Parameters=[@p0='?' (DbType = Guid), @p1='?', @p2='?' (DbType = Object), @p3='?' (DbType = Object), @p4='?' (DbType = DateTime), @p5='?' (DbType = Guid), @p6='?' (DbType = DateTime), @p7='?' (DbType = DateTime), @p8='?', @p9='?' (DbType = Boolean), @p10='?' (DbType = Boolean), @p11='?' (DbType = Guid), @p12='?', @p13='?' (DbType = Guid), @p14='?', @p15='?' (DbType = Guid), @p16='?' (DbType = DateTime), @p17='?' (DbType = Guid), @p18='?' (DbType = Guid), @p19='?', @p20='?' (DbType = Int64), @p21='?' (DbType = Guid), @p22='?', @p23='?', @p24='?', @p25='?', @p26='?', @p27='?', @p28='?', @p29='?' (DbType = Guid), @p30='?' (DbType = Int32), @p31='?' (DbType = DateTime), @p32='?', @p33='?' (DbType = Guid), @p34='?'], CommandType='"Text"', CommandTimeout='30']
INSERT INTO "AttendanceRecords" ("Id", "BiometricId", "CheckInTime", "CheckOutTime", "CreatedAt", "CreatedBy", "Date", "DeletedAt", "Discriminator", "IsDeleted", "IsManualOverride", "MarkedBy", "Remarks", "SchoolId", "Status", "StudentId", "UpdatedAt", "UpdatedBy")
VALUES (@p0, @p1, @p2, @p3, @p4, @p5, @p6, @p7, @p8, @p9, @p10, @p11, @p12, @p13, @p14, @p15, @p16, @p17)
RETURNING "RowVersion";
INSERT INTO "AuditLogs" ("Id", "ActionType", "DurationMs", "EntityId", "EntityType", "ExceptionMessage", "HttpMethod", "IpAddress", "Path", "QueryString", "RequestBody", "SchoolId", "StatusCode", "Timestamp", "UserAgent", "UserId", "Username")
VALUES (@p18, @p19, @p20, @p21, @p22, @p23, @p24, @p25, @p26, @p27, @p28, @p29, @p30, @p31, @p32, @p33, @p34);
2026-04-19 18:45:33.917 +05:30 [ERR] Microsoft.EntityFrameworkCore.Update | CorrelationId:773b48400e274573b1079ae0be736bc9 | An exception occurred in the database while saving changes for context type 'SmsApi.Data.AppDbContext'.
Microsoft.EntityFrameworkCore.DbUpdateException: An error occurred while saving the entity changes. See the inner exception for details.
 ---> Npgsql.PostgresException (0x80004005): 23503: insert or update on table "AttendanceRecords" violates foreign key constraint "FK_AttendanceRecords_User_MarkedBy"

DETAIL: Detail redacted as it may contain sensitive data. Specify 'Include Error Detail' in the connection string to include this information.
   at Npgsql.Internal.NpgsqlConnector.ReadMessageLong(Boolean async, DataRowLoadingMode dataRowLoadingMode, Boolean readingNotifications, Boolean isReadingPrependedMessage)
   at System.Runtime.CompilerServices.PoolingAsyncValueTaskMethodBuilder`1.StateMachineBox`1.System.Threading.Tasks.Sources.IValueTaskSource<TResult>.GetResult(Int16 token)
   at Npgsql.NpgsqlDataReader.NextResult(Boolean async, Boolean isConsuming, CancellationToken cancellationToken)
   at Npgsql.NpgsqlDataReader.NextResult(Boolean async, Boolean isConsuming, CancellationToken cancellationToken)
   at Npgsql.NpgsqlCommand.ExecuteReader(Boolean async, CommandBehavior behavior, CancellationToken cancellationToken)
   at Npgsql.NpgsqlCommand.ExecuteReader(Boolean async, CommandBehavior behavior, CancellationToken cancellationToken)
   at Npgsql.NpgsqlCommand.ExecuteDbDataReaderAsync(CommandBehavior behavior, CancellationToken cancellationToken)
   at Microsoft.EntityFrameworkCore.Storage.RelationalCommand.ExecuteReaderAsync(RelationalCommandParameterObject parameterObject, CancellationToken cancellationToken)
   at Microsoft.EntityFrameworkCore.Storage.RelationalCommand.ExecuteReaderAsync(RelationalCommandParameterObject parameterObject, CancellationToken cancellationToken)
   at Microsoft.EntityFrameworkCore.Update.ReaderModificationCommandBatch.ExecuteAsync(IRelationalConnection connection, CancellationToken cancellationToken)
  Exception data:
    Severity: ERROR
    SqlState: 23503
    MessageText: insert or update on table "AttendanceRecords" violates foreign key constraint "FK_AttendanceRecords_User_MarkedBy"
    Detail: Detail redacted as it may contain sensitive data. Specify 'Include Error Detail' in the connection string to include this information.
    SchemaName: public
    TableName: AttendanceRecords
    ConstraintName: FK_AttendanceRecords_User_MarkedBy
    File: ri_triggers.c
    Line: 2783
    Routine: ri_ReportViolation
   --- End of inner exception stack trace ---
   at Microsoft.EntityFrameworkCore.Update.ReaderModificationCommandBatch.ExecuteAsync(IRelationalConnection connection, CancellationToken cancellationToken)
   at Microsoft.EntityFrameworkCore.Update.Internal.BatchExecutor.ExecuteAsync(IEnumerable`1 commandBatches, IRelationalConnection connection, CancellationToken cancellationToken)
   at Microsoft.EntityFrameworkCore.Update.Internal.BatchExecutor.ExecuteAsync(IEnumerable`1 commandBatches, IRelationalConnection connection, CancellationToken cancellationToken)
   at Microsoft.EntityFrameworkCore.Update.Internal.BatchExecutor.ExecuteAsync(IEnumerable`1 commandBatches, IRelationalConnection connection, CancellationToken cancellationToken)
   at Microsoft.EntityFrameworkCore.ChangeTracking.Internal.StateManager.SaveChangesAsync(IList`1 entriesToSave, CancellationToken cancellationToken)
   at Microsoft.EntityFrameworkCore.ChangeTracking.Internal.StateManager.SaveChangesAsync(StateManager stateManager, Boolean acceptAllChangesOnSuccess, CancellationToken cancellationToken)
   at Microsoft.EntityFrameworkCore.Storage.ExecutionStrategy.<>c__DisplayClass30_0`2.<<ExecuteAsync>b__0>d.MoveNext()
--- End of stack trace from previous location ---
   at Microsoft.EntityFrameworkCore.Storage.ExecutionStrategy.ExecuteImplementationAsync[TState,TResult](Func`4 operation, Func`4 verifySucceeded, TState state, CancellationToken cancellationToken)
   at Microsoft.EntityFrameworkCore.Storage.ExecutionStrategy.ExecuteImplementationAsync[TState,TResult](Func`4 operation, Func`4 verifySucceeded, TState state, CancellationToken cancellationToken)
   at Microsoft.EntityFrameworkCore.Storage.ExecutionStrategy.ExecuteAsync[TState,TResult](TState state, Func`4 operation, Func`4 verifySucceeded, CancellationToken cancellationToken)
   at Microsoft.EntityFrameworkCore.DbContext.SaveChangesAsync(Boolean acceptAllChangesOnSuccess, CancellationToken cancellationToken)
Microsoft.EntityFrameworkCore.DbUpdateException: An error occurred while saving the entity changes. See the inner exception for details.
 ---> Npgsql.PostgresException (0x80004005): 23503: insert or update on table "AttendanceRecords" violates foreign key constraint "FK_AttendanceRecords_User_MarkedBy"

DETAIL: Detail redacted as it may contain sensitive data. Specify 'Include Error Detail' in the connection string to include this information.
   at Npgsql.Internal.NpgsqlConnector.ReadMessageLong(Boolean async, DataRowLoadingMode dataRowLoadingMode, Boolean readingNotifications, Boolean isReadingPrependedMessage)
   at System.Runtime.CompilerServices.PoolingAsyncValueTaskMethodBuilder`1.StateMachineBox`1.System.Threading.Tasks.Sources.IValueTaskSource<TResult>.GetResult(Int16 token)
   at Npgsql.NpgsqlDataReader.NextResult(Boolean async, Boolean isConsuming, CancellationToken cancellationToken)
   at Npgsql.NpgsqlDataReader.NextResult(Boolean async, Boolean isConsuming, CancellationToken cancellationToken)
   at Npgsql.NpgsqlCommand.ExecuteReader(Boolean async, CommandBehavior behavior, CancellationToken cancellationToken)
   at Npgsql.NpgsqlCommand.ExecuteReader(Boolean async, CommandBehavior behavior, CancellationToken cancellationToken)
   at Npgsql.NpgsqlCommand.ExecuteDbDataReaderAsync(CommandBehavior behavior, CancellationToken cancellationToken)
   at Microsoft.EntityFrameworkCore.Storage.RelationalCommand.ExecuteReaderAsync(RelationalCommandParameterObject parameterObject, CancellationToken cancellationToken)
   at Microsoft.EntityFrameworkCore.Storage.RelationalCommand.ExecuteReaderAsync(RelationalCommandParameterObject parameterObject, CancellationToken cancellationToken)
   at Microsoft.EntityFrameworkCore.Update.ReaderModificationCommandBatch.ExecuteAsync(IRelationalConnection connection, CancellationToken cancellationToken)
  Exception data:
    Severity: ERROR
    SqlState: 23503
    MessageText: insert or update on table "AttendanceRecords" violates foreign key constraint "FK_AttendanceRecords_User_MarkedBy"
    Detail: Detail redacted as it may contain sensitive data. Specify 'Include Error Detail' in the connection string to include this information.
    SchemaName: public
    TableName: AttendanceRecords
    ConstraintName: FK_AttendanceRecords_User_MarkedBy
    File: ri_triggers.c
    Line: 2783
    Routine: ri_ReportViolation
   --- End of inner exception stack trace ---
   at Microsoft.EntityFrameworkCore.Update.ReaderModificationCommandBatch.ExecuteAsync(IRelationalConnection connection, CancellationToken cancellationToken)
   at Microsoft.EntityFrameworkCore.Update.Internal.BatchExecutor.ExecuteAsync(IEnumerable`1 commandBatches, IRelationalConnection connection, CancellationToken cancellationToken)
   at Microsoft.EntityFrameworkCore.Update.Internal.BatchExecutor.ExecuteAsync(IEnumerable`1 commandBatches, IRelationalConnection connection, CancellationToken cancellationToken)
   at Microsoft.EntityFrameworkCore.Update.Internal.BatchExecutor.ExecuteAsync(IEnumerable`1 commandBatches, IRelationalConnection connection, CancellationToken cancellationToken)
   at Microsoft.EntityFrameworkCore.ChangeTracking.Internal.StateManager.SaveChangesAsync(IList`1 entriesToSave, CancellationToken cancellationToken)
   at Microsoft.EntityFrameworkCore.ChangeTracking.Internal.StateManager.SaveChangesAsync(StateManager stateManager, Boolean acceptAllChangesOnSuccess, CancellationToken cancellationToken)
   at Microsoft.EntityFrameworkCore.Storage.ExecutionStrategy.<>c__DisplayClass30_0`2.<<ExecuteAsync>b__0>d.MoveNext()
--- End of stack trace from previous location ---
   at Microsoft.EntityFrameworkCore.Storage.ExecutionStrategy.ExecuteImplementationAsync[TState,TResult](Func`4 operation, Func`4 verifySucceeded, TState state, CancellationToken cancellationToken)
   at Microsoft.EntityFrameworkCore.Storage.ExecutionStrategy.ExecuteImplementationAsync[TState,TResult](Func`4 operation, Func`4 verifySucceeded, TState state, CancellationToken cancellationToken)
   at Microsoft.EntityFrameworkCore.Storage.ExecutionStrategy.ExecuteAsync[TState,TResult](TState state, Func`4 operation, Func`4 verifySucceeded, CancellationToken cancellationToken)
   at Microsoft.EntityFrameworkCore.DbContext.SaveChangesAsync(Boolean acceptAllChangesOnSuccess, CancellationToken cancellationToken)
2026-04-19 18:45:33.952 +05:30 [ERR] SmsApi.Middleware.AuditLoggingMiddleware | CorrelationId:773b48400e274573b1079ae0be736bc9 | Failed to write audit log entry
Microsoft.EntityFrameworkCore.DbUpdateException: An error occurred while saving the entity changes. See the inner exception for details.
 ---> Npgsql.PostgresException (0x80004005): 23503: insert or update on table "AttendanceRecords" violates foreign key constraint "FK_AttendanceRecords_User_MarkedBy"

DETAIL: Detail redacted as it may contain sensitive data. Specify 'Include Error Detail' in the connection string to include this information.
   at Npgsql.Internal.NpgsqlConnector.ReadMessageLong(Boolean async, DataRowLoadingMode dataRowLoadingMode, Boolean readingNotifications, Boolean isReadingPrependedMessage)
   at System.Runtime.CompilerServices.PoolingAsyncValueTaskMethodBuilder`1.StateMachineBox`1.System.Threading.Tasks.Sources.IValueTaskSource<TResult>.GetResult(Int16 token)
   at Npgsql.NpgsqlDataReader.NextResult(Boolean async, Boolean isConsuming, CancellationToken cancellationToken)
   at Npgsql.NpgsqlDataReader.NextResult(Boolean async, Boolean isConsuming, CancellationToken cancellationToken)
   at Npgsql.NpgsqlCommand.ExecuteReader(Boolean async, CommandBehavior behavior, CancellationToken cancellationToken)
   at Npgsql.NpgsqlCommand.ExecuteReader(Boolean async, CommandBehavior behavior, CancellationToken cancellationToken)
   at Npgsql.NpgsqlCommand.ExecuteDbDataReaderAsync(CommandBehavior behavior, CancellationToken cancellationToken)
   at Microsoft.EntityFrameworkCore.Storage.RelationalCommand.ExecuteReaderAsync(RelationalCommandParameterObject parameterObject, CancellationToken cancellationToken)
   at Microsoft.EntityFrameworkCore.Storage.RelationalCommand.ExecuteReaderAsync(RelationalCommandParameterObject parameterObject, CancellationToken cancellationToken)
   at Microsoft.EntityFrameworkCore.Update.ReaderModificationCommandBatch.ExecuteAsync(IRelationalConnection connection, CancellationToken cancellationToken)
  Exception data:
    Severity: ERROR
    SqlState: 23503
    MessageText: insert or update on table "AttendanceRecords" violates foreign key constraint "FK_AttendanceRecords_User_MarkedBy"
    Detail: Detail redacted as it may contain sensitive data. Specify 'Include Error Detail' in the connection string to include this information.
    SchemaName: public
    TableName: AttendanceRecords
    ConstraintName: FK_AttendanceRecords_User_MarkedBy
    File: ri_triggers.c
    Line: 2783
    Routine: ri_ReportViolation
   --- End of inner exception stack trace ---
   at Microsoft.EntityFrameworkCore.Update.ReaderModificationCommandBatch.ExecuteAsync(IRelationalConnection connection, CancellationToken cancellationToken)
   at Microsoft.EntityFrameworkCore.Update.Internal.BatchExecutor.ExecuteAsync(IEnumerable`1 commandBatches, IRelationalConnection connection, CancellationToken cancellationToken)
   at Microsoft.EntityFrameworkCore.Update.Internal.BatchExecutor.ExecuteAsync(IEnumerable`1 commandBatches, IRelationalConnection connection, CancellationToken cancellationToken)
   at Microsoft.EntityFrameworkCore.Update.Internal.BatchExecutor.ExecuteAsync(IEnumerable`1 commandBatches, IRelationalConnection connection, CancellationToken cancellationToken)
   at Microsoft.EntityFrameworkCore.ChangeTracking.Internal.StateManager.SaveChangesAsync(IList`1 entriesToSave, CancellationToken cancellationToken)
   at Microsoft.EntityFrameworkCore.ChangeTracking.Internal.StateManager.SaveChangesAsync(StateManager stateManager, Boolean acceptAllChangesOnSuccess, CancellationToken cancellationToken)
   at Microsoft.EntityFrameworkCore.Storage.ExecutionStrategy.<>c__DisplayClass30_0`2.<<ExecuteAsync>b__0>d.MoveNext()
--- End of stack trace from previous location ---
   at Microsoft.EntityFrameworkCore.Storage.ExecutionStrategy.ExecuteImplementationAsync[TState,TResult](Func`4 operation, Func`4 verifySucceeded, TState state, CancellationToken cancellationToken)
   at Microsoft.EntityFrameworkCore.Storage.ExecutionStrategy.ExecuteImplementationAsync[TState,TResult](Func`4 operation, Func`4 verifySucceeded, TState state, CancellationToken cancellationToken)
   at Microsoft.EntityFrameworkCore.Storage.ExecutionStrategy.ExecuteAsync[TState,TResult](TState state, Func`4 operation, Func`4 verifySucceeded, CancellationToken cancellationToken)
   at Microsoft.EntityFrameworkCore.DbContext.SaveChangesAsync(Boolean acceptAllChangesOnSuccess, CancellationToken cancellationToken)
   at Microsoft.EntityFrameworkCore.DbContext.SaveChangesAsync(Boolean acceptAllChangesOnSuccess, CancellationToken cancellationToken)
   at SmsApi.Data.AppDbContext.SaveChangesAsync(CancellationToken cancellationToken) in C:\Vitana\Vitana Group\sms-api\Data\AppDbContext.cs:line 229
   at SmsApi.Middleware.AuditLoggingMiddleware.WriteAuditLog(HttpContext context, AppDbContext dbContext, String requestBody, Int64 durationMs, String exceptionMessage) in C:\Vitana\Vitana Group\sms-api\Middleware\AuditLoggingMiddleware.cs:line 112
2026-04-19 18:45:33.975 +05:30 [ERR] Serilog.AspNetCore.RequestLoggingMiddleware | CorrelationId:773b48400e274573b1079ae0be736bc9 | HTTP POST /api/Attendance/records responded 500 in 154.9120 ms
2026-04-19 18:48:26.639 +05:30 [INF]  | CorrelationId: | Using distributed in-memory cache (development only)
2026-04-19 18:48:28.808 +05:30 [WRN] Microsoft.EntityFrameworkCore.Model.Validation | CorrelationId: | Entity 'Staff' has a global query filter defined and is the required end of a relationship with the entity 'Certificate'. This may lead to unexpected results when the required entity is filtered out. Either configure the navigation as optional, or define matching query filters for both entities in the navigation. See https://go.microsoft.com/fwlink/?linkid=2131316 for more information.
2026-04-19 18:48:28.812 +05:30 [WRN] Microsoft.EntityFrameworkCore.Model.Validation | CorrelationId: | Entity 'School' has a global query filter defined and is the required end of a relationship with the entity 'CertificateTemplate'. This may lead to unexpected results when the required entity is filtered out. Either configure the navigation as optional, or define matching query filters for both entities in the navigation. See https://go.microsoft.com/fwlink/?linkid=2131316 for more information.
2026-04-19 18:48:28.817 +05:30 [WRN] Microsoft.EntityFrameworkCore.Model.Validation | CorrelationId: | Entity 'School' has a global query filter defined and is the required end of a relationship with the entity 'Document'. This may lead to unexpected results when the required entity is filtered out. Either configure the navigation as optional, or define matching query filters for both entities in the navigation. See https://go.microsoft.com/fwlink/?linkid=2131316 for more information.
2026-04-19 18:48:28.822 +05:30 [WRN] Microsoft.EntityFrameworkCore.Model.Validation | CorrelationId: | Entity 'School' has a global query filter defined and is the required end of a relationship with the entity 'DocumentCategory'. This may lead to unexpected results when the required entity is filtered out. Either configure the navigation as optional, or define matching query filters for both entities in the navigation. See https://go.microsoft.com/fwlink/?linkid=2131316 for more information.
2026-04-19 18:48:28.826 +05:30 [WRN] Microsoft.EntityFrameworkCore.Model.Validation | CorrelationId: | Entity 'School' has a global query filter defined and is the required end of a relationship with the entity 'FeeAuditLog'. This may lead to unexpected results when the required entity is filtered out. Either configure the navigation as optional, or define matching query filters for both entities in the navigation. See https://go.microsoft.com/fwlink/?linkid=2131316 for more information.
2026-04-19 18:48:28.830 +05:30 [WRN] Microsoft.EntityFrameworkCore.Model.Validation | CorrelationId: | Entity 'School' has a global query filter defined and is the required end of a relationship with the entity 'Holiday'. This may lead to unexpected results when the required entity is filtered out. Either configure the navigation as optional, or define matching query filters for both entities in the navigation. See https://go.microsoft.com/fwlink/?linkid=2131316 for more information.
2026-04-19 18:48:28.834 +05:30 [WRN] Microsoft.EntityFrameworkCore.Model.Validation | CorrelationId: | Entity 'School' has a global query filter defined and is the required end of a relationship with the entity 'IDCard'. This may lead to unexpected results when the required entity is filtered out. Either configure the navigation as optional, or define matching query filters for both entities in the navigation. See https://go.microsoft.com/fwlink/?linkid=2131316 for more information.
2026-04-19 18:48:28.837 +05:30 [WRN] Microsoft.EntityFrameworkCore.Model.Validation | CorrelationId: | Entity 'School' has a global query filter defined and is the required end of a relationship with the entity 'IDCardTemplate'. This may lead to unexpected results when the required entity is filtered out. Either configure the navigation as optional, or define matching query filters for both entities in the navigation. See https://go.microsoft.com/fwlink/?linkid=2131316 for more information.
2026-04-19 18:48:28.840 +05:30 [WRN] Microsoft.EntityFrameworkCore.Model.Validation | CorrelationId: | Entity 'UserLogin' has a global query filter defined and is the required end of a relationship with the entity 'PasswordResetToken'. This may lead to unexpected results when the required entity is filtered out. Either configure the navigation as optional, or define matching query filters for both entities in the navigation. See https://go.microsoft.com/fwlink/?linkid=2131316 for more information.
2026-04-19 18:48:28.844 +05:30 [WRN] Microsoft.EntityFrameworkCore.Model.Validation | CorrelationId: | Entity 'School' has a global query filter defined and is the required end of a relationship with the entity 'PromotionHistory'. This may lead to unexpected results when the required entity is filtered out. Either configure the navigation as optional, or define matching query filters for both entities in the navigation. See https://go.microsoft.com/fwlink/?linkid=2131316 for more information.
2026-04-19 18:48:28.954 +05:30 [WRN] Microsoft.EntityFrameworkCore.Model.Validation | CorrelationId: | The foreign key property 'Staff.ReportingToId1' was created in shadow state because a conflicting property with the simple name 'ReportingToId' exists in the entity type, but is either not mapped, is already used for another relationship, or is incompatible with the associated primary key type. See https://aka.ms/efcore-relationships for information on mapping relationships in EF Core.
2026-04-19 18:48:30.249 +05:30 [INF] Program | CorrelationId: | Database migrations applied successfully.
2026-04-19 18:48:31.073 +05:30 [INF] Microsoft.Hosting.Lifetime | CorrelationId: | Now listening on: http://localhost:5092
2026-04-19 18:48:31.076 +05:30 [INF] Microsoft.Hosting.Lifetime | CorrelationId: | Application started. Press Ctrl+C to shut down.
2026-04-19 18:48:31.078 +05:30 [INF] Microsoft.Hosting.Lifetime | CorrelationId: | Hosting environment: Development
2026-04-19 18:48:31.084 +05:30 [INF] Microsoft.Hosting.Lifetime | CorrelationId: | Content root path: C:\Vitana\Vitana Group\sms-api
2026-04-19 18:48:38.767 +05:30 [WRN] Microsoft.AspNetCore.HttpsPolicy.HttpsRedirectionMiddleware | CorrelationId:6f2f57197a9f46c1be823b6b1cd9012f | Failed to determine the https port for redirect.
2026-04-19 18:48:38.909 +05:30 [INF] SmsApi.Middleware.LoggingActionFilter | CorrelationId:6f2f57197a9f46c1be823b6b1cd9012f | API Request: POST /api/auth/login | User: Unknown | School: Unknown
2026-04-19 18:48:40.103 +05:30 [INF] SmsApi.Controllers.AuthController | CorrelationId:6f2f57197a9f46c1be823b6b1cd9012f | Login successful for admin (SchoolId: "550e8400-e29b-41d4-a716-446655440000")
2026-04-19 18:48:40.107 +05:30 [INF] SmsApi.Middleware.LoggingActionFilter | CorrelationId:6f2f57197a9f46c1be823b6b1cd9012f | API Response: POST /api/auth/login | Status: 200 | Duration: 1199ms
2026-04-19 18:48:40.236 +05:30 [INF] Serilog.AspNetCore.RequestLoggingMiddleware | CorrelationId:6f2f57197a9f46c1be823b6b1cd9012f | HTTP POST /api/auth/login responded 200 in 1482.5686 ms
2026-04-19 18:48:40.239 +05:30 [WRN] SmsApi.Infrastructure.Performance.PerformanceMonitoringMiddleware | CorrelationId: | Slow request: POST /api/auth/login took 1403ms — status 200.
2026-04-19 18:48:40.360 +05:30 [INF] SmsApi.Middleware.LoggingActionFilter | CorrelationId:2b3d2065a6094015af24c7eb74cd0e55 | API Request: GET /api/students | User: Unknown | School: 550e8400-e29b-41d4-a716-446655440000
2026-04-19 18:48:40.407 +05:30 [INF] SmsApi.Middleware.LoggingActionFilter | CorrelationId:2b3d2065a6094015af24c7eb74cd0e55 | API Response: GET /api/students | Status: 200 | Duration: 46ms
2026-04-19 18:48:40.417 +05:30 [INF] Serilog.AspNetCore.RequestLoggingMiddleware | CorrelationId:2b3d2065a6094015af24c7eb74cd0e55 | HTTP GET /api/students responded 200 in 127.4138 ms
2026-04-19 18:48:40.483 +05:30 [INF] SmsApi.Middleware.LoggingActionFilter | CorrelationId:0fff576e64b9417d9a343d14f562356f | API Request: POST /api/students | User: Unknown | School: 550e8400-e29b-41d4-a716-446655440000
2026-04-19 18:48:40.578 +05:30 [INF] SmsApi.Services.StudentService | CorrelationId:0fff576e64b9417d9a343d14f562356f | Student created: "70bf4173-514e-421d-9268-a32f300b4315", Admission: ATTE2E20260419184840
2026-04-19 18:48:40.617 +05:30 [WRN] SmsApi.Services.StudentService | CorrelationId:0fff576e64b9417d9a343d14f562356f | No fee structure found for class 10, academic year 2025-2026. Fee record not created.
2026-04-19 18:48:40.634 +05:30 [INF] SmsApi.Services.StudentService | CorrelationId:0fff576e64b9417d9a343d14f562356f | Library card initialized for student "70bf4173-514e-421d-9268-a32f300b4315": LIB-ATTE2E20260419184840
2026-04-19 18:48:40.645 +05:30 [INF] SmsApi.Services.StudentService | CorrelationId:0fff576e64b9417d9a343d14f562356f | Student creation completed with all related records: "70bf4173-514e-421d-9268-a32f300b4315"
2026-04-19 18:48:40.687 +05:30 [WRN] Microsoft.EntityFrameworkCore.Query | CorrelationId:0fff576e64b9417d9a343d14f562356f | Compiling a query which loads related collections for more than one collection navigation, either via 'Include' or through projection, but no 'QuerySplittingBehavior' has been configured. By default, Entity Framework will use 'QuerySplittingBehavior.SingleQuery', which can potentially result in slow query performance. See https://go.microsoft.com/fwlink/?linkid=2134277 for more information. To identify the query that's triggering this warning call 'ConfigureWarnings(w => w.Throw(RelationalEventId.MultipleCollectionIncludeWarning))'.
2026-04-19 18:48:40.713 +05:30 [INF] SmsApi.Middleware.LoggingActionFilter | CorrelationId:0fff576e64b9417d9a343d14f562356f | API Response: POST /api/students | Status: 200 | Duration: 229ms
2026-04-19 18:48:40.746 +05:30 [INF] Serilog.AspNetCore.RequestLoggingMiddleware | CorrelationId:0fff576e64b9417d9a343d14f562356f | HTTP POST /api/students responded 201 in 287.9705 ms
2026-04-19 18:48:40.787 +05:30 [INF] SmsApi.Middleware.LoggingActionFilter | CorrelationId:a9f98df8948c4ca583136a7fa9e17287 | API Request: POST /api/Attendance/records | User: Unknown | School: 550e8400-e29b-41d4-a716-446655440000
2026-04-19 18:48:40.873 +05:30 [ERR] Microsoft.EntityFrameworkCore.Database.Command | CorrelationId:a9f98df8948c4ca583136a7fa9e17287 | Failed executing DbCommand (9ms) [Parameters=[@p0='?' (DbType = Guid), @p1='?', @p2='?' (DbType = Object), @p3='?' (DbType = Object), @p4='?' (DbType = DateTime), @p5='?' (DbType = Guid), @p6='?' (DbType = DateTime), @p7='?' (DbType = DateTime), @p8='?', @p9='?' (DbType = Boolean), @p10='?' (DbType = Boolean), @p11='?' (DbType = Guid), @p12='?', @p13='?' (DbType = Guid), @p14='?', @p15='?' (DbType = Guid), @p16='?' (DbType = DateTime), @p17='?' (DbType = Guid)], CommandType='"Text"', CommandTimeout='30']
INSERT INTO "AttendanceRecords" ("Id", "BiometricId", "CheckInTime", "CheckOutTime", "CreatedAt", "CreatedBy", "Date", "DeletedAt", "Discriminator", "IsDeleted", "IsManualOverride", "MarkedBy", "Remarks", "SchoolId", "Status", "StudentId", "UpdatedAt", "UpdatedBy")
VALUES (@p0, @p1, @p2, @p3, @p4, @p5, @p6, @p7, @p8, @p9, @p10, @p11, @p12, @p13, @p14, @p15, @p16, @p17)
RETURNING "RowVersion";
2026-04-19 18:48:40.893 +05:30 [ERR] Microsoft.EntityFrameworkCore.Update | CorrelationId:a9f98df8948c4ca583136a7fa9e17287 | An exception occurred in the database while saving changes for context type 'SmsApi.Data.AppDbContext'.
Microsoft.EntityFrameworkCore.DbUpdateException: An error occurred while saving the entity changes. See the inner exception for details.
 ---> Npgsql.PostgresException (0x80004005): 23503: insert or update on table "AttendanceRecords" violates foreign key constraint "FK_AttendanceRecords_User_MarkedBy"

DETAIL: Detail redacted as it may contain sensitive data. Specify 'Include Error Detail' in the connection string to include this information.
   at Npgsql.Internal.NpgsqlConnector.ReadMessageLong(Boolean async, DataRowLoadingMode dataRowLoadingMode, Boolean readingNotifications, Boolean isReadingPrependedMessage)
   at System.Runtime.CompilerServices.PoolingAsyncValueTaskMethodBuilder`1.StateMachineBox`1.System.Threading.Tasks.Sources.IValueTaskSource<TResult>.GetResult(Int16 token)
   at Npgsql.NpgsqlDataReader.NextResult(Boolean async, Boolean isConsuming, CancellationToken cancellationToken)
   at Npgsql.NpgsqlDataReader.NextResult(Boolean async, Boolean isConsuming, CancellationToken cancellationToken)
   at Npgsql.NpgsqlCommand.ExecuteReader(Boolean async, CommandBehavior behavior, CancellationToken cancellationToken)
   at Npgsql.NpgsqlCommand.ExecuteReader(Boolean async, CommandBehavior behavior, CancellationToken cancellationToken)
   at Npgsql.NpgsqlCommand.ExecuteDbDataReaderAsync(CommandBehavior behavior, CancellationToken cancellationToken)
   at Microsoft.EntityFrameworkCore.Storage.RelationalCommand.ExecuteReaderAsync(RelationalCommandParameterObject parameterObject, CancellationToken cancellationToken)
   at Microsoft.EntityFrameworkCore.Storage.RelationalCommand.ExecuteReaderAsync(RelationalCommandParameterObject parameterObject, CancellationToken cancellationToken)
   at Microsoft.EntityFrameworkCore.Update.ReaderModificationCommandBatch.ExecuteAsync(IRelationalConnection connection, CancellationToken cancellationToken)
  Exception data:
    Severity: ERROR
    SqlState: 23503
    MessageText: insert or update on table "AttendanceRecords" violates foreign key constraint "FK_AttendanceRecords_User_MarkedBy"
    Detail: Detail redacted as it may contain sensitive data. Specify 'Include Error Detail' in the connection string to include this information.
    SchemaName: public
    TableName: AttendanceRecords
    ConstraintName: FK_AttendanceRecords_User_MarkedBy
    File: ri_triggers.c
    Line: 2783
    Routine: ri_ReportViolation
   --- End of inner exception stack trace ---
   at Microsoft.EntityFrameworkCore.Update.ReaderModificationCommandBatch.ExecuteAsync(IRelationalConnection connection, CancellationToken cancellationToken)
   at Microsoft.EntityFrameworkCore.Update.Internal.BatchExecutor.ExecuteAsync(IEnumerable`1 commandBatches, IRelationalConnection connection, CancellationToken cancellationToken)
   at Microsoft.EntityFrameworkCore.Update.Internal.BatchExecutor.ExecuteAsync(IEnumerable`1 commandBatches, IRelationalConnection connection, CancellationToken cancellationToken)
   at Microsoft.EntityFrameworkCore.Update.Internal.BatchExecutor.ExecuteAsync(IEnumerable`1 commandBatches, IRelationalConnection connection, CancellationToken cancellationToken)
   at Microsoft.EntityFrameworkCore.ChangeTracking.Internal.StateManager.SaveChangesAsync(IList`1 entriesToSave, CancellationToken cancellationToken)
   at Microsoft.EntityFrameworkCore.ChangeTracking.Internal.StateManager.SaveChangesAsync(StateManager stateManager, Boolean acceptAllChangesOnSuccess, CancellationToken cancellationToken)
   at Microsoft.EntityFrameworkCore.Storage.ExecutionStrategy.<>c__DisplayClass30_0`2.<<ExecuteAsync>b__0>d.MoveNext()
--- End of stack trace from previous location ---
   at Microsoft.EntityFrameworkCore.Storage.ExecutionStrategy.ExecuteImplementationAsync[TState,TResult](Func`4 operation, Func`4 verifySucceeded, TState state, CancellationToken cancellationToken)
   at Microsoft.EntityFrameworkCore.Storage.ExecutionStrategy.ExecuteImplementationAsync[TState,TResult](Func`4 operation, Func`4 verifySucceeded, TState state, CancellationToken cancellationToken)
   at Microsoft.EntityFrameworkCore.Storage.ExecutionStrategy.ExecuteAsync[TState,TResult](TState state, Func`4 operation, Func`4 verifySucceeded, CancellationToken cancellationToken)
   at Microsoft.EntityFrameworkCore.DbContext.SaveChangesAsync(Boolean acceptAllChangesOnSuccess, CancellationToken cancellationToken)
Microsoft.EntityFrameworkCore.DbUpdateException: An error occurred while saving the entity changes. See the inner exception for details.
 ---> Npgsql.PostgresException (0x80004005): 23503: insert or update on table "AttendanceRecords" violates foreign key constraint "FK_AttendanceRecords_User_MarkedBy"

DETAIL: Detail redacted as it may contain sensitive data. Specify 'Include Error Detail' in the connection string to include this information.
   at Npgsql.Internal.NpgsqlConnector.ReadMessageLong(Boolean async, DataRowLoadingMode dataRowLoadingMode, Boolean readingNotifications, Boolean isReadingPrependedMessage)
   at System.Runtime.CompilerServices.PoolingAsyncValueTaskMethodBuilder`1.StateMachineBox`1.System.Threading.Tasks.Sources.IValueTaskSource<TResult>.GetResult(Int16 token)
   at Npgsql.NpgsqlDataReader.NextResult(Boolean async, Boolean isConsuming, CancellationToken cancellationToken)
   at Npgsql.NpgsqlDataReader.NextResult(Boolean async, Boolean isConsuming, CancellationToken cancellationToken)
   at Npgsql.NpgsqlCommand.ExecuteReader(Boolean async, CommandBehavior behavior, CancellationToken cancellationToken)
   at Npgsql.NpgsqlCommand.ExecuteReader(Boolean async, CommandBehavior behavior, CancellationToken cancellationToken)
   at Npgsql.NpgsqlCommand.ExecuteDbDataReaderAsync(CommandBehavior behavior, CancellationToken cancellationToken)
   at Microsoft.EntityFrameworkCore.Storage.RelationalCommand.ExecuteReaderAsync(RelationalCommandParameterObject parameterObject, CancellationToken cancellationToken)
   at Microsoft.EntityFrameworkCore.Storage.RelationalCommand.ExecuteReaderAsync(RelationalCommandParameterObject parameterObject, CancellationToken cancellationToken)
   at Microsoft.EntityFrameworkCore.Update.ReaderModificationCommandBatch.ExecuteAsync(IRelationalConnection connection, CancellationToken cancellationToken)
  Exception data:
    Severity: ERROR
    SqlState: 23503
    MessageText: insert or update on table "AttendanceRecords" violates foreign key constraint "FK_AttendanceRecords_User_MarkedBy"
    Detail: Detail redacted as it may contain sensitive data. Specify 'Include Error Detail' in the connection string to include this information.
    SchemaName: public
    TableName: AttendanceRecords
    ConstraintName: FK_AttendanceRecords_User_MarkedBy
    File: ri_triggers.c
    Line: 2783
    Routine: ri_ReportViolation
   --- End of inner exception stack trace ---
   at Microsoft.EntityFrameworkCore.Update.ReaderModificationCommandBatch.ExecuteAsync(IRelationalConnection connection, CancellationToken cancellationToken)
   at Microsoft.EntityFrameworkCore.Update.Internal.BatchExecutor.ExecuteAsync(IEnumerable`1 commandBatches, IRelationalConnection connection, CancellationToken cancellationToken)
   at Microsoft.EntityFrameworkCore.Update.Internal.BatchExecutor.ExecuteAsync(IEnumerable`1 commandBatches, IRelationalConnection connection, CancellationToken cancellationToken)
   at Microsoft.EntityFrameworkCore.Update.Internal.BatchExecutor.ExecuteAsync(IEnumerable`1 commandBatches, IRelationalConnection connection, CancellationToken cancellationToken)
   at Microsoft.EntityFrameworkCore.ChangeTracking.Internal.StateManager.SaveChangesAsync(IList`1 entriesToSave, CancellationToken cancellationToken)
   at Microsoft.EntityFrameworkCore.ChangeTracking.Internal.StateManager.SaveChangesAsync(StateManager stateManager, Boolean acceptAllChangesOnSuccess, CancellationToken cancellationToken)
   at Microsoft.EntityFrameworkCore.Storage.ExecutionStrategy.<>c__DisplayClass30_0`2.<<ExecuteAsync>b__0>d.MoveNext()
--- End of stack trace from previous location ---
   at Microsoft.EntityFrameworkCore.Storage.ExecutionStrategy.ExecuteImplementationAsync[TState,TResult](Func`4 operation, Func`4 verifySucceeded, TState state, CancellationToken cancellationToken)
   at Microsoft.EntityFrameworkCore.Storage.ExecutionStrategy.ExecuteImplementationAsync[TState,TResult](Func`4 operation, Func`4 verifySucceeded, TState state, CancellationToken cancellationToken)
   at Microsoft.EntityFrameworkCore.Storage.ExecutionStrategy.ExecuteAsync[TState,TResult](TState state, Func`4 operation, Func`4 verifySucceeded, CancellationToken cancellationToken)
   at Microsoft.EntityFrameworkCore.DbContext.SaveChangesAsync(Boolean acceptAllChangesOnSuccess, CancellationToken cancellationToken)
2026-04-19 18:48:40.925 +05:30 [ERR] SmsApi.Controllers.AttendanceController | CorrelationId:a9f98df8948c4ca583136a7fa9e17287 | Error marking attendance
Microsoft.EntityFrameworkCore.DbUpdateException: An error occurred while saving the entity changes. See the inner exception for details.
 ---> Npgsql.PostgresException (0x80004005): 23503: insert or update on table "AttendanceRecords" violates foreign key constraint "FK_AttendanceRecords_User_MarkedBy"

DETAIL: Detail redacted as it may contain sensitive data. Specify 'Include Error Detail' in the connection string to include this information.
   at Npgsql.Internal.NpgsqlConnector.ReadMessageLong(Boolean async, DataRowLoadingMode dataRowLoadingMode, Boolean readingNotifications, Boolean isReadingPrependedMessage)
   at System.Runtime.CompilerServices.PoolingAsyncValueTaskMethodBuilder`1.StateMachineBox`1.System.Threading.Tasks.Sources.IValueTaskSource<TResult>.GetResult(Int16 token)
   at Npgsql.NpgsqlDataReader.NextResult(Boolean async, Boolean isConsuming, CancellationToken cancellationToken)
   at Npgsql.NpgsqlDataReader.NextResult(Boolean async, Boolean isConsuming, CancellationToken cancellationToken)
   at Npgsql.NpgsqlCommand.ExecuteReader(Boolean async, CommandBehavior behavior, CancellationToken cancellationToken)
   at Npgsql.NpgsqlCommand.ExecuteReader(Boolean async, CommandBehavior behavior, CancellationToken cancellationToken)
   at Npgsql.NpgsqlCommand.ExecuteDbDataReaderAsync(CommandBehavior behavior, CancellationToken cancellationToken)
   at Microsoft.EntityFrameworkCore.Storage.RelationalCommand.ExecuteReaderAsync(RelationalCommandParameterObject parameterObject, CancellationToken cancellationToken)
   at Microsoft.EntityFrameworkCore.Storage.RelationalCommand.ExecuteReaderAsync(RelationalCommandParameterObject parameterObject, CancellationToken cancellationToken)
   at Microsoft.EntityFrameworkCore.Update.ReaderModificationCommandBatch.ExecuteAsync(IRelationalConnection connection, CancellationToken cancellationToken)
  Exception data:
    Severity: ERROR
    SqlState: 23503
    MessageText: insert or update on table "AttendanceRecords" violates foreign key constraint "FK_AttendanceRecords_User_MarkedBy"
    Detail: Detail redacted as it may contain sensitive data. Specify 'Include Error Detail' in the connection string to include this information.
    SchemaName: public
    TableName: AttendanceRecords
    ConstraintName: FK_AttendanceRecords_User_MarkedBy
    File: ri_triggers.c
    Line: 2783
    Routine: ri_ReportViolation
   --- End of inner exception stack trace ---
   at Microsoft.EntityFrameworkCore.Update.ReaderModificationCommandBatch.ExecuteAsync(IRelationalConnection connection, CancellationToken cancellationToken)
   at Microsoft.EntityFrameworkCore.Update.Internal.BatchExecutor.ExecuteAsync(IEnumerable`1 commandBatches, IRelationalConnection connection, CancellationToken cancellationToken)
   at Microsoft.EntityFrameworkCore.Update.Internal.BatchExecutor.ExecuteAsync(IEnumerable`1 commandBatches, IRelationalConnection connection, CancellationToken cancellationToken)
   at Microsoft.EntityFrameworkCore.Update.Internal.BatchExecutor.ExecuteAsync(IEnumerable`1 commandBatches, IRelationalConnection connection, CancellationToken cancellationToken)
   at Microsoft.EntityFrameworkCore.ChangeTracking.Internal.StateManager.SaveChangesAsync(IList`1 entriesToSave, CancellationToken cancellationToken)
   at Microsoft.EntityFrameworkCore.ChangeTracking.Internal.StateManager.SaveChangesAsync(StateManager stateManager, Boolean acceptAllChangesOnSuccess, CancellationToken cancellationToken)
   at Microsoft.EntityFrameworkCore.Storage.ExecutionStrategy.<>c__DisplayClass30_0`2.<<ExecuteAsync>b__0>d.MoveNext()
--- End of stack trace from previous location ---
   at Microsoft.EntityFrameworkCore.Storage.ExecutionStrategy.ExecuteImplementationAsync[TState,TResult](Func`4 operation, Func`4 verifySucceeded, TState state, CancellationToken cancellationToken)
   at Microsoft.EntityFrameworkCore.Storage.ExecutionStrategy.ExecuteImplementationAsync[TState,TResult](Func`4 operation, Func`4 verifySucceeded, TState state, CancellationToken cancellationToken)
   at Microsoft.EntityFrameworkCore.Storage.ExecutionStrategy.ExecuteAsync[TState,TResult](TState state, Func`4 operation, Func`4 verifySucceeded, CancellationToken cancellationToken)
   at Microsoft.EntityFrameworkCore.DbContext.SaveChangesAsync(Boolean acceptAllChangesOnSuccess, CancellationToken cancellationToken)
   at Microsoft.EntityFrameworkCore.DbContext.SaveChangesAsync(Boolean acceptAllChangesOnSuccess, CancellationToken cancellationToken)
   at SmsApi.Data.AppDbContext.SaveChangesAsync(CancellationToken cancellationToken) in C:\Vitana\Vitana Group\sms-api\Data\AppDbContext.cs:line 229
   at SmsApi.Services.AttendanceService.MarkAttendanceAsync(Guid schoolId, MarkAttendanceDto dto, Guid userId) in C:\Vitana\Vitana Group\sms-api\Services\AttendanceService.cs:line 259
   at SmsApi.Controllers.AttendanceController.MarkAttendance(MarkAttendanceDto dto) in C:\Vitana\Vitana Group\sms-api\Controllers\AttendanceController.cs:line 152
2026-04-19 18:48:40.969 +05:30 [INF] SmsApi.Middleware.LoggingActionFilter | CorrelationId:a9f98df8948c4ca583136a7fa9e17287 | API Response: POST /api/Attendance/records | Status: 200 | Duration: 181ms
2026-04-19 18:48:40.983 +05:30 [ERR] Microsoft.EntityFrameworkCore.Database.Command | CorrelationId:a9f98df8948c4ca583136a7fa9e17287 | Failed executing DbCommand (3ms) [Parameters=[@p0='?' (DbType = Guid), @p1='?', @p2='?' (DbType = Object), @p3='?' (DbType = Object), @p4='?' (DbType = DateTime), @p5='?' (DbType = Guid), @p6='?' (DbType = DateTime), @p7='?' (DbType = DateTime), @p8='?', @p9='?' (DbType = Boolean), @p10='?' (DbType = Boolean), @p11='?' (DbType = Guid), @p12='?', @p13='?' (DbType = Guid), @p14='?', @p15='?' (DbType = Guid), @p16='?' (DbType = DateTime), @p17='?' (DbType = Guid), @p18='?' (DbType = Guid), @p19='?', @p20='?' (DbType = Int64), @p21='?' (DbType = Guid), @p22='?', @p23='?', @p24='?', @p25='?', @p26='?', @p27='?', @p28='?', @p29='?' (DbType = Guid), @p30='?' (DbType = Int32), @p31='?' (DbType = DateTime), @p32='?', @p33='?' (DbType = Guid), @p34='?'], CommandType='"Text"', CommandTimeout='30']
INSERT INTO "AttendanceRecords" ("Id", "BiometricId", "CheckInTime", "CheckOutTime", "CreatedAt", "CreatedBy", "Date", "DeletedAt", "Discriminator", "IsDeleted", "IsManualOverride", "MarkedBy", "Remarks", "SchoolId", "Status", "StudentId", "UpdatedAt", "UpdatedBy")
VALUES (@p0, @p1, @p2, @p3, @p4, @p5, @p6, @p7, @p8, @p9, @p10, @p11, @p12, @p13, @p14, @p15, @p16, @p17)
RETURNING "RowVersion";
INSERT INTO "AuditLogs" ("Id", "ActionType", "DurationMs", "EntityId", "EntityType", "ExceptionMessage", "HttpMethod", "IpAddress", "Path", "QueryString", "RequestBody", "SchoolId", "StatusCode", "Timestamp", "UserAgent", "UserId", "Username")
VALUES (@p18, @p19, @p20, @p21, @p22, @p23, @p24, @p25, @p26, @p27, @p28, @p29, @p30, @p31, @p32, @p33, @p34);
2026-04-19 18:48:41.000 +05:30 [ERR] Microsoft.EntityFrameworkCore.Update | CorrelationId:a9f98df8948c4ca583136a7fa9e17287 | An exception occurred in the database while saving changes for context type 'SmsApi.Data.AppDbContext'.
Microsoft.EntityFrameworkCore.DbUpdateException: An error occurred while saving the entity changes. See the inner exception for details.
 ---> Npgsql.PostgresException (0x80004005): 23503: insert or update on table "AttendanceRecords" violates foreign key constraint "FK_AttendanceRecords_User_MarkedBy"

DETAIL: Detail redacted as it may contain sensitive data. Specify 'Include Error Detail' in the connection string to include this information.
   at Npgsql.Internal.NpgsqlConnector.ReadMessageLong(Boolean async, DataRowLoadingMode dataRowLoadingMode, Boolean readingNotifications, Boolean isReadingPrependedMessage)
   at System.Runtime.CompilerServices.PoolingAsyncValueTaskMethodBuilder`1.StateMachineBox`1.System.Threading.Tasks.Sources.IValueTaskSource<TResult>.GetResult(Int16 token)
   at Npgsql.NpgsqlDataReader.NextResult(Boolean async, Boolean isConsuming, CancellationToken cancellationToken)
   at Npgsql.NpgsqlDataReader.NextResult(Boolean async, Boolean isConsuming, CancellationToken cancellationToken)
   at Npgsql.NpgsqlCommand.ExecuteReader(Boolean async, CommandBehavior behavior, CancellationToken cancellationToken)
   at Npgsql.NpgsqlCommand.ExecuteReader(Boolean async, CommandBehavior behavior, CancellationToken cancellationToken)
   at Npgsql.NpgsqlCommand.ExecuteDbDataReaderAsync(CommandBehavior behavior, CancellationToken cancellationToken)
   at Microsoft.EntityFrameworkCore.Storage.RelationalCommand.ExecuteReaderAsync(RelationalCommandParameterObject parameterObject, CancellationToken cancellationToken)
   at Microsoft.EntityFrameworkCore.Storage.RelationalCommand.ExecuteReaderAsync(RelationalCommandParameterObject parameterObject, CancellationToken cancellationToken)
   at Microsoft.EntityFrameworkCore.Update.ReaderModificationCommandBatch.ExecuteAsync(IRelationalConnection connection, CancellationToken cancellationToken)
  Exception data:
    Severity: ERROR
    SqlState: 23503
    MessageText: insert or update on table "AttendanceRecords" violates foreign key constraint "FK_AttendanceRecords_User_MarkedBy"
    Detail: Detail redacted as it may contain sensitive data. Specify 'Include Error Detail' in the connection string to include this information.
    SchemaName: public
    TableName: AttendanceRecords
    ConstraintName: FK_AttendanceRecords_User_MarkedBy
    File: ri_triggers.c
    Line: 2783
    Routine: ri_ReportViolation
   --- End of inner exception stack trace ---
   at Microsoft.EntityFrameworkCore.Update.ReaderModificationCommandBatch.ExecuteAsync(IRelationalConnection connection, CancellationToken cancellationToken)
   at Microsoft.EntityFrameworkCore.Update.Internal.BatchExecutor.ExecuteAsync(IEnumerable`1 commandBatches, IRelationalConnection connection, CancellationToken cancellationToken)
   at Microsoft.EntityFrameworkCore.Update.Internal.BatchExecutor.ExecuteAsync(IEnumerable`1 commandBatches, IRelationalConnection connection, CancellationToken cancellationToken)
   at Microsoft.EntityFrameworkCore.Update.Internal.BatchExecutor.ExecuteAsync(IEnumerable`1 commandBatches, IRelationalConnection connection, CancellationToken cancellationToken)
   at Microsoft.EntityFrameworkCore.ChangeTracking.Internal.StateManager.SaveChangesAsync(IList`1 entriesToSave, CancellationToken cancellationToken)
   at Microsoft.EntityFrameworkCore.ChangeTracking.Internal.StateManager.SaveChangesAsync(StateManager stateManager, Boolean acceptAllChangesOnSuccess, CancellationToken cancellationToken)
   at Microsoft.EntityFrameworkCore.Storage.ExecutionStrategy.<>c__DisplayClass30_0`2.<<ExecuteAsync>b__0>d.MoveNext()
--- End of stack trace from previous location ---
   at Microsoft.EntityFrameworkCore.Storage.ExecutionStrategy.ExecuteImplementationAsync[TState,TResult](Func`4 operation, Func`4 verifySucceeded, TState state, CancellationToken cancellationToken)
   at Microsoft.EntityFrameworkCore.Storage.ExecutionStrategy.ExecuteImplementationAsync[TState,TResult](Func`4 operation, Func`4 verifySucceeded, TState state, CancellationToken cancellationToken)
   at Microsoft.EntityFrameworkCore.Storage.ExecutionStrategy.ExecuteAsync[TState,TResult](TState state, Func`4 operation, Func`4 verifySucceeded, CancellationToken cancellationToken)
   at Microsoft.EntityFrameworkCore.DbContext.SaveChangesAsync(Boolean acceptAllChangesOnSuccess, CancellationToken cancellationToken)
Microsoft.EntityFrameworkCore.DbUpdateException: An error occurred while saving the entity changes. See the inner exception for details.
 ---> Npgsql.PostgresException (0x80004005): 23503: insert or update on table "AttendanceRecords" violates foreign key constraint "FK_AttendanceRecords_User_MarkedBy"

DETAIL: Detail redacted as it may contain sensitive data. Specify 'Include Error Detail' in the connection string to include this information.
   at Npgsql.Internal.NpgsqlConnector.ReadMessageLong(Boolean async, DataRowLoadingMode dataRowLoadingMode, Boolean readingNotifications, Boolean isReadingPrependedMessage)
   at System.Runtime.CompilerServices.PoolingAsyncValueTaskMethodBuilder`1.StateMachineBox`1.System.Threading.Tasks.Sources.IValueTaskSource<TResult>.GetResult(Int16 token)
   at Npgsql.NpgsqlDataReader.NextResult(Boolean async, Boolean isConsuming, CancellationToken cancellationToken)
   at Npgsql.NpgsqlDataReader.NextResult(Boolean async, Boolean isConsuming, CancellationToken cancellationToken)
   at Npgsql.NpgsqlCommand.ExecuteReader(Boolean async, CommandBehavior behavior, CancellationToken cancellationToken)
   at Npgsql.NpgsqlCommand.ExecuteReader(Boolean async, CommandBehavior behavior, CancellationToken cancellationToken)
   at Npgsql.NpgsqlCommand.ExecuteDbDataReaderAsync(CommandBehavior behavior, CancellationToken cancellationToken)
   at Microsoft.EntityFrameworkCore.Storage.RelationalCommand.ExecuteReaderAsync(RelationalCommandParameterObject parameterObject, CancellationToken cancellationToken)
   at Microsoft.EntityFrameworkCore.Storage.RelationalCommand.ExecuteReaderAsync(RelationalCommandParameterObject parameterObject, CancellationToken cancellationToken)
   at Microsoft.EntityFrameworkCore.Update.ReaderModificationCommandBatch.ExecuteAsync(IRelationalConnection connection, CancellationToken cancellationToken)
  Exception data:
    Severity: ERROR
    SqlState: 23503
    MessageText: insert or update on table "AttendanceRecords" violates foreign key constraint "FK_AttendanceRecords_User_MarkedBy"
    Detail: Detail redacted as it may contain sensitive data. Specify 'Include Error Detail' in the connection string to include this information.
    SchemaName: public
    TableName: AttendanceRecords
    ConstraintName: FK_AttendanceRecords_User_MarkedBy
    File: ri_triggers.c
    Line: 2783
    Routine: ri_ReportViolation
   --- End of inner exception stack trace ---
   at Microsoft.EntityFrameworkCore.Update.ReaderModificationCommandBatch.ExecuteAsync(IRelationalConnection connection, CancellationToken cancellationToken)
   at Microsoft.EntityFrameworkCore.Update.Internal.BatchExecutor.ExecuteAsync(IEnumerable`1 commandBatches, IRelationalConnection connection, CancellationToken cancellationToken)
   at Microsoft.EntityFrameworkCore.Update.Internal.BatchExecutor.ExecuteAsync(IEnumerable`1 commandBatches, IRelationalConnection connection, CancellationToken cancellationToken)
   at Microsoft.EntityFrameworkCore.Update.Internal.BatchExecutor.ExecuteAsync(IEnumerable`1 commandBatches, IRelationalConnection connection, CancellationToken cancellationToken)
   at Microsoft.EntityFrameworkCore.ChangeTracking.Internal.StateManager.SaveChangesAsync(IList`1 entriesToSave, CancellationToken cancellationToken)
   at Microsoft.EntityFrameworkCore.ChangeTracking.Internal.StateManager.SaveChangesAsync(StateManager stateManager, Boolean acceptAllChangesOnSuccess, CancellationToken cancellationToken)
   at Microsoft.EntityFrameworkCore.Storage.ExecutionStrategy.<>c__DisplayClass30_0`2.<<ExecuteAsync>b__0>d.MoveNext()
--- End of stack trace from previous location ---
   at Microsoft.EntityFrameworkCore.Storage.ExecutionStrategy.ExecuteImplementationAsync[TState,TResult](Func`4 operation, Func`4 verifySucceeded, TState state, CancellationToken cancellationToken)
   at Microsoft.EntityFrameworkCore.Storage.ExecutionStrategy.ExecuteImplementationAsync[TState,TResult](Func`4 operation, Func`4 verifySucceeded, TState state, CancellationToken cancellationToken)
   at Microsoft.EntityFrameworkCore.Storage.ExecutionStrategy.ExecuteAsync[TState,TResult](TState state, Func`4 operation, Func`4 verifySucceeded, CancellationToken cancellationToken)
   at Microsoft.EntityFrameworkCore.DbContext.SaveChangesAsync(Boolean acceptAllChangesOnSuccess, CancellationToken cancellationToken)
2026-04-19 18:48:41.023 +05:30 [ERR] SmsApi.Middleware.AuditLoggingMiddleware | CorrelationId:a9f98df8948c4ca583136a7fa9e17287 | Failed to write audit log entry
Microsoft.EntityFrameworkCore.DbUpdateException: An error occurred while saving the entity changes. See the inner exception for details.
 ---> Npgsql.PostgresException (0x80004005): 23503: insert or update on table "AttendanceRecords" violates foreign key constraint "FK_AttendanceRecords_User_MarkedBy"

DETAIL: Detail redacted as it may contain sensitive data. Specify 'Include Error Detail' in the connection string to include this information.
   at Npgsql.Internal.NpgsqlConnector.ReadMessageLong(Boolean async, DataRowLoadingMode dataRowLoadingMode, Boolean readingNotifications, Boolean isReadingPrependedMessage)
   at System.Runtime.CompilerServices.PoolingAsyncValueTaskMethodBuilder`1.StateMachineBox`1.System.Threading.Tasks.Sources.IValueTaskSource<TResult>.GetResult(Int16 token)
   at Npgsql.NpgsqlDataReader.NextResult(Boolean async, Boolean isConsuming, CancellationToken cancellationToken)
   at Npgsql.NpgsqlDataReader.NextResult(Boolean async, Boolean isConsuming, CancellationToken cancellationToken)
   at Npgsql.NpgsqlCommand.ExecuteReader(Boolean async, CommandBehavior behavior, CancellationToken cancellationToken)
   at Npgsql.NpgsqlCommand.ExecuteReader(Boolean async, CommandBehavior behavior, CancellationToken cancellationToken)
   at Npgsql.NpgsqlCommand.ExecuteDbDataReaderAsync(CommandBehavior behavior, CancellationToken cancellationToken)
   at Microsoft.EntityFrameworkCore.Storage.RelationalCommand.ExecuteReaderAsync(RelationalCommandParameterObject parameterObject, CancellationToken cancellationToken)
   at Microsoft.EntityFrameworkCore.Storage.RelationalCommand.ExecuteReaderAsync(RelationalCommandParameterObject parameterObject, CancellationToken cancellationToken)
   at Microsoft.EntityFrameworkCore.Update.ReaderModificationCommandBatch.ExecuteAsync(IRelationalConnection connection, CancellationToken cancellationToken)
  Exception data:
    Severity: ERROR
    SqlState: 23503
    MessageText: insert or update on table "AttendanceRecords" violates foreign key constraint "FK_AttendanceRecords_User_MarkedBy"
    Detail: Detail redacted as it may contain sensitive data. Specify 'Include Error Detail' in the connection string to include this information.
    SchemaName: public
    TableName: AttendanceRecords
    ConstraintName: FK_AttendanceRecords_User_MarkedBy
    File: ri_triggers.c
    Line: 2783
    Routine: ri_ReportViolation
   --- End of inner exception stack trace ---
   at Microsoft.EntityFrameworkCore.Update.ReaderModificationCommandBatch.ExecuteAsync(IRelationalConnection connection, CancellationToken cancellationToken)
   at Microsoft.EntityFrameworkCore.Update.Internal.BatchExecutor.ExecuteAsync(IEnumerable`1 commandBatches, IRelationalConnection connection, CancellationToken cancellationToken)
   at Microsoft.EntityFrameworkCore.Update.Internal.BatchExecutor.ExecuteAsync(IEnumerable`1 commandBatches, IRelationalConnection connection, CancellationToken cancellationToken)
   at Microsoft.EntityFrameworkCore.Update.Internal.BatchExecutor.ExecuteAsync(IEnumerable`1 commandBatches, IRelationalConnection connection, CancellationToken cancellationToken)
   at Microsoft.EntityFrameworkCore.ChangeTracking.Internal.StateManager.SaveChangesAsync(IList`1 entriesToSave, CancellationToken cancellationToken)
   at Microsoft.EntityFrameworkCore.ChangeTracking.Internal.StateManager.SaveChangesAsync(StateManager stateManager, Boolean acceptAllChangesOnSuccess, CancellationToken cancellationToken)
   at Microsoft.EntityFrameworkCore.Storage.ExecutionStrategy.<>c__DisplayClass30_0`2.<<ExecuteAsync>b__0>d.MoveNext()
--- End of stack trace from previous location ---
   at Microsoft.EntityFrameworkCore.Storage.ExecutionStrategy.ExecuteImplementationAsync[TState,TResult](Func`4 operation, Func`4 verifySucceeded, TState state, CancellationToken cancellationToken)
   at Microsoft.EntityFrameworkCore.Storage.ExecutionStrategy.ExecuteImplementationAsync[TState,TResult](Func`4 operation, Func`4 verifySucceeded, TState state, CancellationToken cancellationToken)
   at Microsoft.EntityFrameworkCore.Storage.ExecutionStrategy.ExecuteAsync[TState,TResult](TState state, Func`4 operation, Func`4 verifySucceeded, CancellationToken cancellationToken)
   at Microsoft.EntityFrameworkCore.DbContext.SaveChangesAsync(Boolean acceptAllChangesOnSuccess, CancellationToken cancellationToken)
   at Microsoft.EntityFrameworkCore.DbContext.SaveChangesAsync(Boolean acceptAllChangesOnSuccess, CancellationToken cancellationToken)
   at SmsApi.Data.AppDbContext.SaveChangesAsync(CancellationToken cancellationToken) in C:\Vitana\Vitana Group\sms-api\Data\AppDbContext.cs:line 229
   at SmsApi.Middleware.AuditLoggingMiddleware.WriteAuditLog(HttpContext context, AppDbContext dbContext, String requestBody, Int64 durationMs, String exceptionMessage) in C:\Vitana\Vitana Group\sms-api\Middleware\AuditLoggingMiddleware.cs:line 112
2026-04-19 18:48:41.046 +05:30 [ERR] Serilog.AspNetCore.RequestLoggingMiddleware | CorrelationId:a9f98df8948c4ca583136a7fa9e17287 | HTTP POST /api/Attendance/records responded 500 in 271.6018 ms
2026-04-19 18:48:41.099 +05:30 [INF] SmsApi.Middleware.LoggingActionFilter | CorrelationId:021c3b80465647cb99091f45c029bf32 | API Request: POST /api/Attendance/records | User: Unknown | School: 550e8400-e29b-41d4-a716-446655440000
2026-04-19 18:48:41.103 +05:30 [INF] SmsApi.Middleware.LoggingActionFilter | CorrelationId:021c3b80465647cb99091f45c029bf32 | API Response: POST /api/Attendance/records | Status: 200 | Duration: 4ms
2026-04-19 18:48:41.110 +05:30 [INF] Serilog.AspNetCore.RequestLoggingMiddleware | CorrelationId:021c3b80465647cb99091f45c029bf32 | HTTP POST /api/Attendance/records responded 400 in 17.2420 ms
2026-04-19 18:48:41.132 +05:30 [INF] SmsApi.Middleware.LoggingActionFilter | CorrelationId:5de4c7edb2e14d60b984d9bb6129b3ad | API Request: POST /api/Attendance/records/bulk | User: Unknown | School: 550e8400-e29b-41d4-a716-446655440000
2026-04-19 18:48:41.141 +05:30 [INF] SmsApi.Middleware.LoggingActionFilter | CorrelationId:5de4c7edb2e14d60b984d9bb6129b3ad | API Response: POST /api/Attendance/records/bulk | Status: 200 | Duration: 9ms
2026-04-19 18:48:41.148 +05:30 [INF] Serilog.AspNetCore.RequestLoggingMiddleware | CorrelationId:5de4c7edb2e14d60b984d9bb6129b3ad | HTTP POST /api/Attendance/records/bulk responded 400 in 26.5018 ms
2026-04-19 18:48:41.170 +05:30 [INF] SmsApi.Middleware.LoggingActionFilter | CorrelationId:649e7740b9bb44e19a634c2e5cd06844 | API Request: GET /api/Attendance/records | User: Unknown | School: 550e8400-e29b-41d4-a716-446655440000
2026-04-19 18:48:41.212 +05:30 [INF] SmsApi.Middleware.LoggingActionFilter | CorrelationId:649e7740b9bb44e19a634c2e5cd06844 | API Response: GET /api/Attendance/records | Status: 200 | Duration: 42ms
2026-04-19 18:48:41.222 +05:30 [INF] Serilog.AspNetCore.RequestLoggingMiddleware | CorrelationId:649e7740b9bb44e19a634c2e5cd06844 | HTTP GET /api/Attendance/records responded 200 in 62.1056 ms
2026-04-19 18:48:41.260 +05:30 [INF] SmsApi.Middleware.LoggingActionFilter | CorrelationId:259eb8eb4c83446eaab053967547b822 | API Request: POST /api/Attendance/leave-requests | User: Unknown | School: 550e8400-e29b-41d4-a716-446655440000
2026-04-19 18:48:41.357 +05:30 [INF] SmsApi.Middleware.LoggingActionFilter | CorrelationId:259eb8eb4c83446eaab053967547b822 | API Response: POST /api/Attendance/leave-requests | Status: 200 | Duration: 96ms
2026-04-19 18:48:41.370 +05:30 [INF] Serilog.AspNetCore.RequestLoggingMiddleware | CorrelationId:259eb8eb4c83446eaab053967547b822 | HTTP POST /api/Attendance/leave-requests responded 201 in 117.7129 ms
2026-04-19 18:48:41.406 +05:30 [INF] SmsApi.Middleware.LoggingActionFilter | CorrelationId:ea376f9e6a354710a13b0912e6742c83 | API Request: POST /api/Attendance/leave-requests | User: Unknown | School: 550e8400-e29b-41d4-a716-446655440000
2026-04-19 18:48:41.413 +05:30 [INF] SmsApi.Middleware.LoggingActionFilter | CorrelationId:ea376f9e6a354710a13b0912e6742c83 | API Response: POST /api/Attendance/leave-requests | Status: 200 | Duration: 6ms
2026-04-19 18:48:41.422 +05:30 [INF] Serilog.AspNetCore.RequestLoggingMiddleware | CorrelationId:ea376f9e6a354710a13b0912e6742c83 | HTTP POST /api/Attendance/leave-requests responded 400 in 21.0665 ms
2026-04-19 18:48:41.433 +05:30 [INF] Serilog.AspNetCore.RequestLoggingMiddleware | CorrelationId:d4c512a0e92342c49b78de9b30bb3fb7 | HTTP GET /api/Attendance/records responded 401 in 3.3055 ms
2026-04-19 18:52:12.423 +05:30 [INF] Serilog.AspNetCore.RequestLoggingMiddleware | CorrelationId:fe8c804a7acf47f680bd0c2a212fbd7e | HTTP OPTIONS /api/fees/records responded 204 in 8.6893 ms
2026-04-19 18:52:12.423 +05:30 [INF] Serilog.AspNetCore.RequestLoggingMiddleware | CorrelationId:6d7c3211a98344d4af2a68c3a1135083 | HTTP OPTIONS /api/fees/stats responded 204 in 10.6120 ms
2026-04-19 18:52:12.423 +05:30 [INF] Serilog.AspNetCore.RequestLoggingMiddleware | CorrelationId:ef4fb780c01646d3b0070a217e6fbb48 | HTTP OPTIONS /api/fees/records responded 204 in 7.5344 ms
2026-04-19 18:52:12.423 +05:30 [INF] Serilog.AspNetCore.RequestLoggingMiddleware | CorrelationId:d9529cccdbfb4ce89bc82b8b8b405609 | HTTP OPTIONS /api/fees/structures responded 204 in 10.2061 ms
2026-04-19 18:52:12.423 +05:30 [INF] Serilog.AspNetCore.RequestLoggingMiddleware | CorrelationId:a47036178dac4c0f993be9f299aabc69 | HTTP OPTIONS /api/fees/structures responded 204 in 13.5705 ms
2026-04-19 18:52:12.423 +05:30 [INF] Serilog.AspNetCore.RequestLoggingMiddleware | CorrelationId:91e2d39db74d42a39e5a2b2406ea81b1 | HTTP OPTIONS /api/fees/stats responded 204 in 0.6733 ms
2026-04-19 18:52:12.570 +05:30 [INF] SmsApi.Middleware.LoggingActionFilter | CorrelationId:c2a8d8a6958f4d0c84d10c527c6eca75 | API Request: GET /api/fees/stats | User: Unknown | School: 550e8400-e29b-41d4-a716-446655440000
2026-04-19 18:52:12.574 +05:30 [INF] SmsApi.Middleware.LoggingActionFilter | CorrelationId:55bb117511d043c19d56020a4958cc9e | API Request: GET /api/fees/structures | User: Unknown | School: 550e8400-e29b-41d4-a716-446655440000
2026-04-19 18:52:12.574 +05:30 [INF] SmsApi.Middleware.LoggingActionFilter | CorrelationId:f0121b0206d04975ab9c73df584764ac | API Request: GET /api/fees/structures | User: Unknown | School: 550e8400-e29b-41d4-a716-446655440000
2026-04-19 18:52:12.581 +05:30 [INF] SmsApi.Middleware.LoggingActionFilter | CorrelationId:a0290527c2ad4df0a830f58903e295c0 | API Request: GET /api/fees/stats | User: Unknown | School: 550e8400-e29b-41d4-a716-446655440000
2026-04-19 18:52:12.687 +05:30 [INF] SmsApi.Middleware.LoggingActionFilter | CorrelationId:e48d9ee2a7184b38911dcc9ff99f2a9d | API Request: GET /api/fees/records | User: Unknown | School: 550e8400-e29b-41d4-a716-446655440000
2026-04-19 18:52:12.688 +05:30 [INF] SmsApi.Middleware.LoggingActionFilter | CorrelationId:62f9e1c8012e4daca17598e152117b22 | API Request: GET /api/fees/records | User: Unknown | School: 550e8400-e29b-41d4-a716-446655440000
2026-04-19 18:52:12.764 +05:30 [INF] SmsApi.Middleware.LoggingActionFilter | CorrelationId:f0121b0206d04975ab9c73df584764ac | API Response: GET /api/fees/structures | Status: 200 | Duration: 189ms
2026-04-19 18:52:12.764 +05:30 [INF] SmsApi.Middleware.LoggingActionFilter | CorrelationId:55bb117511d043c19d56020a4958cc9e | API Response: GET /api/fees/structures | Status: 200 | Duration: 189ms
2026-04-19 18:52:12.918 +05:30 [INF] SmsApi.Services.FeeService | CorrelationId:62f9e1c8012e4daca17598e152117b22 | Late fee calculation with partial payment: Total=18000.00, Paid=6000.00, Remaining=12000.00
2026-04-19 18:52:12.918 +05:30 [INF] SmsApi.Services.FeeService | CorrelationId:e48d9ee2a7184b38911dcc9ff99f2a9d | Late fee calculation with partial payment: Total=18000.00, Paid=6000.00, Remaining=12000.00
2026-04-19 18:52:12.950 +05:30 [INF] Serilog.AspNetCore.RequestLoggingMiddleware | CorrelationId:55bb117511d043c19d56020a4958cc9e | HTTP GET /api/fees/structures responded 200 in 449.6342 ms
2026-04-19 18:52:12.950 +05:30 [INF] Serilog.AspNetCore.RequestLoggingMiddleware | CorrelationId:f0121b0206d04975ab9c73df584764ac | HTTP GET /api/fees/structures responded 200 in 422.8070 ms
2026-04-19 18:52:12.956 +05:30 [INF] SmsApi.Middleware.LoggingActionFilter | CorrelationId:c2a8d8a6958f4d0c84d10c527c6eca75 | API Response: GET /api/fees/stats | Status: 200 | Duration: 386ms
2026-04-19 18:52:12.956 +05:30 [INF] SmsApi.Middleware.LoggingActionFilter | CorrelationId:a0290527c2ad4df0a830f58903e295c0 | API Response: GET /api/fees/stats | Status: 200 | Duration: 375ms
2026-04-19 18:52:12.983 +05:30 [WRN] SmsApi.Services.FeeService | CorrelationId:62f9e1c8012e4daca17598e152117b22 | No late fee configuration found for school 550e8400-e29b-41d4-a716-446655440000
2026-04-19 18:52:12.983 +05:30 [WRN] SmsApi.Services.FeeService | CorrelationId:e48d9ee2a7184b38911dcc9ff99f2a9d | No late fee configuration found for school 550e8400-e29b-41d4-a716-446655440000
2026-04-19 18:52:13.056 +05:30 [INF] Serilog.AspNetCore.RequestLoggingMiddleware | CorrelationId:c2a8d8a6958f4d0c84d10c527c6eca75 | HTTP GET /api/fees/stats responded 200 in 597.0326 ms
2026-04-19 18:52:13.057 +05:30 [INF] Serilog.AspNetCore.RequestLoggingMiddleware | CorrelationId:a0290527c2ad4df0a830f58903e295c0 | HTTP GET /api/fees/stats responded 200 in 487.8611 ms
2026-04-19 18:52:13.057 +05:30 [INF] SmsApi.Services.FeeService | CorrelationId:62f9e1c8012e4daca17598e152117b22 | Late fee calculation with partial payment: Total=20000.00, Paid=12000.00, Remaining=8000.00
2026-04-19 18:52:13.083 +05:30 [INF] SmsApi.Services.FeeService | CorrelationId:e48d9ee2a7184b38911dcc9ff99f2a9d | Late fee calculation with partial payment: Total=20000.00, Paid=12000.00, Remaining=8000.00
2026-04-19 18:52:13.296 +05:30 [WRN] SmsApi.Infrastructure.Performance.PerformanceMonitoringMiddleware | CorrelationId: | Slow request: GET /api/fees/stats took 596ms — status 200.
2026-04-19 18:52:13.332 +05:30 [WRN] SmsApi.Services.FeeService | CorrelationId:62f9e1c8012e4daca17598e152117b22 | No late fee configuration found for school 550e8400-e29b-41d4-a716-446655440000
2026-04-19 18:52:13.337 +05:30 [WRN] SmsApi.Services.FeeService | CorrelationId:e48d9ee2a7184b38911dcc9ff99f2a9d | No late fee configuration found for school 550e8400-e29b-41d4-a716-446655440000
2026-04-19 18:52:13.447 +05:30 [INF] SmsApi.Services.FeeService | CorrelationId:62f9e1c8012e4daca17598e152117b22 | Late fee calculation with partial payment: Total=12000.00, Paid=6000.00, Remaining=6000.00
2026-04-19 18:52:13.452 +05:30 [INF] SmsApi.Services.FeeService | CorrelationId:e48d9ee2a7184b38911dcc9ff99f2a9d | Late fee calculation with partial payment: Total=12000.00, Paid=6000.00, Remaining=6000.00
2026-04-19 18:52:13.493 +05:30 [WRN] SmsApi.Services.FeeService | CorrelationId:62f9e1c8012e4daca17598e152117b22 | No late fee configuration found for school 550e8400-e29b-41d4-a716-446655440000
2026-04-19 18:52:13.496 +05:30 [WRN] SmsApi.Services.FeeService | CorrelationId:e48d9ee2a7184b38911dcc9ff99f2a9d | No late fee configuration found for school 550e8400-e29b-41d4-a716-446655440000
2026-04-19 18:52:13.500 +05:30 [INF] SmsApi.Services.FeeService | CorrelationId:62f9e1c8012e4daca17598e152117b22 | Late fee calculation with partial payment: Total=12000.00, Paid=6000.00, Remaining=6000.00
2026-04-19 18:52:13.503 +05:30 [INF] SmsApi.Services.FeeService | CorrelationId:e48d9ee2a7184b38911dcc9ff99f2a9d | Late fee calculation with partial payment: Total=12000.00, Paid=6000.00, Remaining=6000.00
2026-04-19 18:52:13.509 +05:30 [WRN] SmsApi.Services.FeeService | CorrelationId:62f9e1c8012e4daca17598e152117b22 | No late fee configuration found for school 550e8400-e29b-41d4-a716-446655440000
2026-04-19 18:52:13.518 +05:30 [WRN] SmsApi.Services.FeeService | CorrelationId:e48d9ee2a7184b38911dcc9ff99f2a9d | No late fee configuration found for school 550e8400-e29b-41d4-a716-446655440000
2026-04-19 18:52:13.523 +05:30 [WRN] SmsApi.Services.FeeService | CorrelationId:62f9e1c8012e4daca17598e152117b22 | No late fee configuration found for school 550e8400-e29b-41d4-a716-446655440000
2026-04-19 18:52:13.524 +05:30 [WRN] SmsApi.Services.FeeService | CorrelationId:e48d9ee2a7184b38911dcc9ff99f2a9d | No late fee configuration found for school 550e8400-e29b-41d4-a716-446655440000
2026-04-19 18:52:13.534 +05:30 [INF] SmsApi.Services.FeeService | CorrelationId:62f9e1c8012e4daca17598e152117b22 | Late fee calculation with partial payment: Total=12000.00, Paid=6000.00, Remaining=6000.00
2026-04-19 18:52:13.535 +05:30 [INF] SmsApi.Services.FeeService | CorrelationId:e48d9ee2a7184b38911dcc9ff99f2a9d | Late fee calculation with partial payment: Total=12000.00, Paid=6000.00, Remaining=6000.00
2026-04-19 18:52:13.541 +05:30 [WRN] SmsApi.Services.FeeService | CorrelationId:62f9e1c8012e4daca17598e152117b22 | No late fee configuration found for school 550e8400-e29b-41d4-a716-446655440000
2026-04-19 18:52:13.543 +05:30 [WRN] SmsApi.Services.FeeService | CorrelationId:e48d9ee2a7184b38911dcc9ff99f2a9d | No late fee configuration found for school 550e8400-e29b-41d4-a716-446655440000
2026-04-19 18:52:13.546 +05:30 [INF] SmsApi.Services.FeeService | CorrelationId:62f9e1c8012e4daca17598e152117b22 | Late fee calculation with partial payment: Total=12000.00, Paid=6000.00, Remaining=6000.00
2026-04-19 18:52:13.546 +05:30 [INF] SmsApi.Services.FeeService | CorrelationId:e48d9ee2a7184b38911dcc9ff99f2a9d | Late fee calculation with partial payment: Total=12000.00, Paid=6000.00, Remaining=6000.00
2026-04-19 18:52:13.549 +05:30 [WRN] SmsApi.Services.FeeService | CorrelationId:62f9e1c8012e4daca17598e152117b22 | No late fee configuration found for school 550e8400-e29b-41d4-a716-446655440000
2026-04-19 18:52:13.551 +05:30 [WRN] SmsApi.Services.FeeService | CorrelationId:e48d9ee2a7184b38911dcc9ff99f2a9d | No late fee configuration found for school 550e8400-e29b-41d4-a716-446655440000
2026-04-19 18:52:13.557 +05:30 [WRN] SmsApi.Services.FeeService | CorrelationId:62f9e1c8012e4daca17598e152117b22 | No late fee configuration found for school 550e8400-e29b-41d4-a716-446655440000
2026-04-19 18:52:13.559 +05:30 [WRN] SmsApi.Services.FeeService | CorrelationId:e48d9ee2a7184b38911dcc9ff99f2a9d | No late fee configuration found for school 550e8400-e29b-41d4-a716-446655440000
2026-04-19 18:52:13.569 +05:30 [WRN] SmsApi.Services.FeeService | CorrelationId:62f9e1c8012e4daca17598e152117b22 | No late fee configuration found for school 550e8400-e29b-41d4-a716-446655440000
2026-04-19 18:52:13.570 +05:30 [WRN] SmsApi.Services.FeeService | CorrelationId:e48d9ee2a7184b38911dcc9ff99f2a9d | No late fee configuration found for school 550e8400-e29b-41d4-a716-446655440000
2026-04-19 18:52:13.576 +05:30 [INF] SmsApi.Services.FeeService | CorrelationId:62f9e1c8012e4daca17598e152117b22 | Late fee calculation with partial payment: Total=12000.00, Paid=6000.00, Remaining=6000.00
2026-04-19 18:52:13.577 +05:30 [INF] SmsApi.Services.FeeService | CorrelationId:e48d9ee2a7184b38911dcc9ff99f2a9d | Late fee calculation with partial payment: Total=12000.00, Paid=6000.00, Remaining=6000.00
2026-04-19 18:52:13.582 +05:30 [WRN] SmsApi.Services.FeeService | CorrelationId:62f9e1c8012e4daca17598e152117b22 | No late fee configuration found for school 550e8400-e29b-41d4-a716-446655440000
2026-04-19 18:52:13.584 +05:30 [WRN] SmsApi.Services.FeeService | CorrelationId:e48d9ee2a7184b38911dcc9ff99f2a9d | No late fee configuration found for school 550e8400-e29b-41d4-a716-446655440000
2026-04-19 18:52:13.587 +05:30 [WRN] SmsApi.Services.FeeService | CorrelationId:62f9e1c8012e4daca17598e152117b22 | No late fee configuration found for school 550e8400-e29b-41d4-a716-446655440000
2026-04-19 18:52:13.590 +05:30 [WRN] SmsApi.Services.FeeService | CorrelationId:e48d9ee2a7184b38911dcc9ff99f2a9d | No late fee configuration found for school 550e8400-e29b-41d4-a716-446655440000
2026-04-19 18:52:13.593 +05:30 [WRN] SmsApi.Services.FeeService | CorrelationId:62f9e1c8012e4daca17598e152117b22 | No late fee configuration found for school 550e8400-e29b-41d4-a716-446655440000
2026-04-19 18:52:13.598 +05:30 [INF] SmsApi.Services.FeeService | CorrelationId:62f9e1c8012e4daca17598e152117b22 | Late fee calculation with partial payment: Total=12000.00, Paid=6000.00, Remaining=6000.00
2026-04-19 18:52:13.600 +05:30 [WRN] SmsApi.Services.FeeService | CorrelationId:e48d9ee2a7184b38911dcc9ff99f2a9d | No late fee configuration found for school 550e8400-e29b-41d4-a716-446655440000
2026-04-19 18:52:13.607 +05:30 [WRN] SmsApi.Services.FeeService | CorrelationId:62f9e1c8012e4daca17598e152117b22 | No late fee configuration found for school 550e8400-e29b-41d4-a716-446655440000
2026-04-19 18:52:13.608 +05:30 [INF] SmsApi.Services.FeeService | CorrelationId:e48d9ee2a7184b38911dcc9ff99f2a9d | Late fee calculation with partial payment: Total=12000.00, Paid=6000.00, Remaining=6000.00
2026-04-19 18:52:13.615 +05:30 [WRN] SmsApi.Services.FeeService | CorrelationId:62f9e1c8012e4daca17598e152117b22 | No late fee configuration found for school 550e8400-e29b-41d4-a716-446655440000
2026-04-19 18:52:13.616 +05:30 [WRN] SmsApi.Services.FeeService | CorrelationId:e48d9ee2a7184b38911dcc9ff99f2a9d | No late fee configuration found for school 550e8400-e29b-41d4-a716-446655440000
2026-04-19 18:52:13.626 +05:30 [WRN] SmsApi.Services.FeeService | CorrelationId:62f9e1c8012e4daca17598e152117b22 | No late fee configuration found for school 550e8400-e29b-41d4-a716-446655440000
2026-04-19 18:52:13.629 +05:30 [WRN] SmsApi.Services.FeeService | CorrelationId:e48d9ee2a7184b38911dcc9ff99f2a9d | No late fee configuration found for school 550e8400-e29b-41d4-a716-446655440000
2026-04-19 18:52:13.638 +05:30 [WRN] SmsApi.Services.FeeService | CorrelationId:62f9e1c8012e4daca17598e152117b22 | No late fee configuration found for school 550e8400-e29b-41d4-a716-446655440000
2026-04-19 18:52:13.641 +05:30 [WRN] SmsApi.Services.FeeService | CorrelationId:e48d9ee2a7184b38911dcc9ff99f2a9d | No late fee configuration found for school 550e8400-e29b-41d4-a716-446655440000
2026-04-19 18:52:13.644 +05:30 [INF] SmsApi.Services.FeeService | CorrelationId:62f9e1c8012e4daca17598e152117b22 | Late fee calculation with partial payment: Total=12000.00, Paid=6000.00, Remaining=6000.00
2026-04-19 18:52:13.650 +05:30 [WRN] SmsApi.Services.FeeService | CorrelationId:e48d9ee2a7184b38911dcc9ff99f2a9d | No late fee configuration found for school 550e8400-e29b-41d4-a716-446655440000
2026-04-19 18:52:13.653 +05:30 [WRN] SmsApi.Services.FeeService | CorrelationId:62f9e1c8012e4daca17598e152117b22 | No late fee configuration found for school 550e8400-e29b-41d4-a716-446655440000
2026-04-19 18:52:13.654 +05:30 [INF] SmsApi.Services.FeeService | CorrelationId:e48d9ee2a7184b38911dcc9ff99f2a9d | Late fee calculation with partial payment: Total=12000.00, Paid=6000.00, Remaining=6000.00
2026-04-19 18:52:13.674 +05:30 [WRN] SmsApi.Services.FeeService | CorrelationId:62f9e1c8012e4daca17598e152117b22 | No late fee configuration found for school 550e8400-e29b-41d4-a716-446655440000
2026-04-19 18:52:13.683 +05:30 [WRN] SmsApi.Services.FeeService | CorrelationId:e48d9ee2a7184b38911dcc9ff99f2a9d | No late fee configuration found for school 550e8400-e29b-41d4-a716-446655440000
2026-04-19 18:52:13.695 +05:30 [WRN] SmsApi.Services.FeeService | CorrelationId:e48d9ee2a7184b38911dcc9ff99f2a9d | No late fee configuration found for school 550e8400-e29b-41d4-a716-446655440000
2026-04-19 18:52:13.715 +05:30 [INF] SmsApi.Middleware.LoggingActionFilter | CorrelationId:e48d9ee2a7184b38911dcc9ff99f2a9d | API Response: GET /api/fees/records | Status: 200 | Duration: 1027ms
2026-04-19 18:52:13.715 +05:30 [INF] SmsApi.Middleware.LoggingActionFilter | CorrelationId:62f9e1c8012e4daca17598e152117b22 | API Response: GET /api/fees/records | Status: 200 | Duration: 1027ms
2026-04-19 18:52:13.735 +05:30 [INF] Serilog.AspNetCore.RequestLoggingMiddleware | CorrelationId:62f9e1c8012e4daca17598e152117b22 | HTTP GET /api/fees/records responded 200 in 1271.0533 ms
2026-04-19 18:52:13.735 +05:30 [INF] Serilog.AspNetCore.RequestLoggingMiddleware | CorrelationId:e48d9ee2a7184b38911dcc9ff99f2a9d | HTTP GET /api/fees/records responded 200 in 1276.5715 ms
2026-04-19 18:52:13.761 +05:30 [WRN] SmsApi.Infrastructure.Performance.PerformanceMonitoringMiddleware | CorrelationId: | Slow request: GET /api/fees/records took 1270ms — status 200.
2026-04-19 18:52:13.769 +05:30 [WRN] SmsApi.Infrastructure.Performance.PerformanceMonitoringMiddleware | CorrelationId: | Slow request: GET /api/fees/records took 1276ms — status 200.
2026-04-19 18:53:12.673 +05:30 [INF]  | CorrelationId: | Using distributed in-memory cache (development only)
2026-04-19 18:53:14.749 +05:30 [WRN] Microsoft.EntityFrameworkCore.Model.Validation | CorrelationId: | Entity 'Staff' has a global query filter defined and is the required end of a relationship with the entity 'Certificate'. This may lead to unexpected results when the required entity is filtered out. Either configure the navigation as optional, or define matching query filters for both entities in the navigation. See https://go.microsoft.com/fwlink/?linkid=2131316 for more information.
2026-04-19 18:53:14.753 +05:30 [WRN] Microsoft.EntityFrameworkCore.Model.Validation | CorrelationId: | Entity 'School' has a global query filter defined and is the required end of a relationship with the entity 'CertificateTemplate'. This may lead to unexpected results when the required entity is filtered out. Either configure the navigation as optional, or define matching query filters for both entities in the navigation. See https://go.microsoft.com/fwlink/?linkid=2131316 for more information.
2026-04-19 18:53:14.755 +05:30 [WRN] Microsoft.EntityFrameworkCore.Model.Validation | CorrelationId: | Entity 'School' has a global query filter defined and is the required end of a relationship with the entity 'Document'. This may lead to unexpected results when the required entity is filtered out. Either configure the navigation as optional, or define matching query filters for both entities in the navigation. See https://go.microsoft.com/fwlink/?linkid=2131316 for more information.
2026-04-19 18:53:14.759 +05:30 [WRN] Microsoft.EntityFrameworkCore.Model.Validation | CorrelationId: | Entity 'School' has a global query filter defined and is the required end of a relationship with the entity 'DocumentCategory'. This may lead to unexpected results when the required entity is filtered out. Either configure the navigation as optional, or define matching query filters for both entities in the navigation. See https://go.microsoft.com/fwlink/?linkid=2131316 for more information.
2026-04-19 18:53:14.762 +05:30 [WRN] Microsoft.EntityFrameworkCore.Model.Validation | CorrelationId: | Entity 'School' has a global query filter defined and is the required end of a relationship with the entity 'FeeAuditLog'. This may lead to unexpected results when the required entity is filtered out. Either configure the navigation as optional, or define matching query filters for both entities in the navigation. See https://go.microsoft.com/fwlink/?linkid=2131316 for more information.
2026-04-19 18:53:14.764 +05:30 [WRN] Microsoft.EntityFrameworkCore.Model.Validation | CorrelationId: | Entity 'School' has a global query filter defined and is the required end of a relationship with the entity 'Holiday'. This may lead to unexpected results when the required entity is filtered out. Either configure the navigation as optional, or define matching query filters for both entities in the navigation. See https://go.microsoft.com/fwlink/?linkid=2131316 for more information.
2026-04-19 18:53:14.766 +05:30 [WRN] Microsoft.EntityFrameworkCore.Model.Validation | CorrelationId: | Entity 'School' has a global query filter defined and is the required end of a relationship with the entity 'IDCard'. This may lead to unexpected results when the required entity is filtered out. Either configure the navigation as optional, or define matching query filters for both entities in the navigation. See https://go.microsoft.com/fwlink/?linkid=2131316 for more information.
2026-04-19 18:53:14.769 +05:30 [WRN] Microsoft.EntityFrameworkCore.Model.Validation | CorrelationId: | Entity 'School' has a global query filter defined and is the required end of a relationship with the entity 'IDCardTemplate'. This may lead to unexpected results when the required entity is filtered out. Either configure the navigation as optional, or define matching query filters for both entities in the navigation. See https://go.microsoft.com/fwlink/?linkid=2131316 for more information.
2026-04-19 18:53:14.771 +05:30 [WRN] Microsoft.EntityFrameworkCore.Model.Validation | CorrelationId: | Entity 'UserLogin' has a global query filter defined and is the required end of a relationship with the entity 'PasswordResetToken'. This may lead to unexpected results when the required entity is filtered out. Either configure the navigation as optional, or define matching query filters for both entities in the navigation. See https://go.microsoft.com/fwlink/?linkid=2131316 for more information.
2026-04-19 18:53:14.774 +05:30 [WRN] Microsoft.EntityFrameworkCore.Model.Validation | CorrelationId: | Entity 'School' has a global query filter defined and is the required end of a relationship with the entity 'PromotionHistory'. This may lead to unexpected results when the required entity is filtered out. Either configure the navigation as optional, or define matching query filters for both entities in the navigation. See https://go.microsoft.com/fwlink/?linkid=2131316 for more information.
2026-04-19 18:53:14.850 +05:30 [WRN] Microsoft.EntityFrameworkCore.Model.Validation | CorrelationId: | The foreign key property 'Staff.ReportingToId1' was created in shadow state because a conflicting property with the simple name 'ReportingToId' exists in the entity type, but is either not mapped, is already used for another relationship, or is incompatible with the associated primary key type. See https://aka.ms/efcore-relationships for information on mapping relationships in EF Core.
2026-04-19 18:53:15.864 +05:30 [INF] Program | CorrelationId: | Database migrations applied successfully.
2026-04-19 18:53:16.626 +05:30 [INF] Microsoft.Hosting.Lifetime | CorrelationId: | Now listening on: http://localhost:5092
2026-04-19 18:53:16.627 +05:30 [INF] Microsoft.Hosting.Lifetime | CorrelationId: | Application started. Press Ctrl+C to shut down.
2026-04-19 18:53:16.629 +05:30 [INF] Microsoft.Hosting.Lifetime | CorrelationId: | Hosting environment: Development
2026-04-19 18:53:16.630 +05:30 [INF] Microsoft.Hosting.Lifetime | CorrelationId: | Content root path: C:\Vitana\Vitana Group\sms-api
2026-04-19 18:53:48.224 +05:30 [WRN] Microsoft.AspNetCore.HttpsPolicy.HttpsRedirectionMiddleware | CorrelationId:0545fd9a715b494e8bb62664d925820f | Failed to determine the https port for redirect.
2026-04-19 18:53:48.367 +05:30 [INF] SmsApi.Middleware.LoggingActionFilter | CorrelationId:0545fd9a715b494e8bb62664d925820f | API Request: POST /api/auth/login | User: Unknown | School: Unknown
2026-04-19 18:53:49.599 +05:30 [INF] SmsApi.Controllers.AuthController | CorrelationId:0545fd9a715b494e8bb62664d925820f | Login successful for admin (SchoolId: "550e8400-e29b-41d4-a716-446655440000")
2026-04-19 18:53:49.604 +05:30 [INF] SmsApi.Middleware.LoggingActionFilter | CorrelationId:0545fd9a715b494e8bb62664d925820f | API Response: POST /api/auth/login | Status: 200 | Duration: 1237ms
2026-04-19 18:53:49.699 +05:30 [INF] Serilog.AspNetCore.RequestLoggingMiddleware | CorrelationId:0545fd9a715b494e8bb62664d925820f | HTTP POST /api/auth/login responded 200 in 1491.3545 ms
2026-04-19 18:53:49.705 +05:30 [WRN] SmsApi.Infrastructure.Performance.PerformanceMonitoringMiddleware | CorrelationId: | Slow request: POST /api/auth/login took 1448ms — status 200.
2026-04-19 18:53:49.857 +05:30 [INF] SmsApi.Middleware.LoggingActionFilter | CorrelationId:f02ee2e8609f4f1f9c4c8db51076a10e | API Request: POST /api/students | User: Unknown | School: 550e8400-e29b-41d4-a716-446655440000
2026-04-19 18:53:49.936 +05:30 [INF] SmsApi.Services.StudentService | CorrelationId:f02ee2e8609f4f1f9c4c8db51076a10e | Student created: "09a78ad7-a841-488a-a42c-35880281cef0", Admission: INT20260419185349
2026-04-19 18:53:49.966 +05:30 [WRN] SmsApi.Services.StudentService | CorrelationId:f02ee2e8609f4f1f9c4c8db51076a10e | No fee structure found for class 10, academic year 2025-2026. Fee record not created.
2026-04-19 18:53:49.986 +05:30 [INF] SmsApi.Services.StudentService | CorrelationId:f02ee2e8609f4f1f9c4c8db51076a10e | Library card initialized for student "09a78ad7-a841-488a-a42c-35880281cef0": LIB-INT20260419185349
2026-04-19 18:53:49.998 +05:30 [INF] SmsApi.Services.StudentService | CorrelationId:f02ee2e8609f4f1f9c4c8db51076a10e | Student creation completed with all related records: "09a78ad7-a841-488a-a42c-35880281cef0"
2026-04-19 18:53:50.062 +05:30 [WRN] Microsoft.EntityFrameworkCore.Query | CorrelationId:f02ee2e8609f4f1f9c4c8db51076a10e | Compiling a query which loads related collections for more than one collection navigation, either via 'Include' or through projection, but no 'QuerySplittingBehavior' has been configured. By default, Entity Framework will use 'QuerySplittingBehavior.SingleQuery', which can potentially result in slow query performance. See https://go.microsoft.com/fwlink/?linkid=2134277 for more information. To identify the query that's triggering this warning call 'ConfigureWarnings(w => w.Throw(RelationalEventId.MultipleCollectionIncludeWarning))'.
2026-04-19 18:53:50.102 +05:30 [INF] SmsApi.Middleware.LoggingActionFilter | CorrelationId:f02ee2e8609f4f1f9c4c8db51076a10e | API Response: POST /api/students | Status: 200 | Duration: 244ms
2026-04-19 18:53:50.150 +05:30 [INF] Serilog.AspNetCore.RequestLoggingMiddleware | CorrelationId:f02ee2e8609f4f1f9c4c8db51076a10e | HTTP POST /api/students responded 201 in 386.6953 ms
2026-04-19 18:53:50.184 +05:30 [INF] SmsApi.Middleware.LoggingActionFilter | CorrelationId:2cd5095c36a1400aaefd42fb25dc78e1 | API Request: GET /api/students/09a78ad7-a841-488a-a42c-35880281cef0 | User: Unknown | School: 550e8400-e29b-41d4-a716-446655440000
2026-04-19 18:53:50.196 +05:30 [INF] SmsApi.Middleware.LoggingActionFilter | CorrelationId:2cd5095c36a1400aaefd42fb25dc78e1 | API Response: GET /api/students/09a78ad7-a841-488a-a42c-35880281cef0 | Status: 200 | Duration: 11ms
2026-04-19 18:53:50.204 +05:30 [INF] Serilog.AspNetCore.RequestLoggingMiddleware | CorrelationId:2cd5095c36a1400aaefd42fb25dc78e1 | HTTP GET /api/students/09a78ad7-a841-488a-a42c-35880281cef0 responded 200 in 39.5876 ms
2026-04-19 18:53:50.252 +05:30 [INF] SmsApi.Middleware.LoggingActionFilter | CorrelationId:24d135d0b8ba4078a50d11dd4fc830fa | API Request: POST /api/Staff | User: Unknown | School: 550e8400-e29b-41d4-a716-446655440000
2026-04-19 18:53:50.586 +05:30 [INF] SmsApi.Services.StaffService | CorrelationId:24d135d0b8ba4078a50d11dd4fc830fa | Staff onboarding complete for EMP20260419185349
2026-04-19 18:53:50.647 +05:30 [INF] SmsApi.Middleware.LoggingActionFilter | CorrelationId:24d135d0b8ba4078a50d11dd4fc830fa | API Response: POST /api/Staff | Status: 200 | Duration: 394ms
2026-04-19 18:53:50.671 +05:30 [INF] Serilog.AspNetCore.RequestLoggingMiddleware | CorrelationId:24d135d0b8ba4078a50d11dd4fc830fa | HTTP POST /api/Staff responded 201 in 443.8689 ms
2026-04-19 18:53:50.699 +05:30 [INF] SmsApi.Middleware.LoggingActionFilter | CorrelationId:4641a66b202540f096e64d163342f210 | API Request: GET /api/Staff/7f5873e1-dd49-44ce-878e-e352ae1ac829 | User: Unknown | School: 550e8400-e29b-41d4-a716-446655440000
2026-04-19 18:53:50.723 +05:30 [INF] SmsApi.Middleware.LoggingActionFilter | CorrelationId:4641a66b202540f096e64d163342f210 | API Response: GET /api/Staff/7f5873e1-dd49-44ce-878e-e352ae1ac829 | Status: 200 | Duration: 24ms
2026-04-19 18:53:50.754 +05:30 [INF] Serilog.AspNetCore.RequestLoggingMiddleware | CorrelationId:4641a66b202540f096e64d163342f210 | HTTP GET /api/Staff/7f5873e1-dd49-44ce-878e-e352ae1ac829 responded 200 in 63.2558 ms
2026-04-19 18:53:50.789 +05:30 [INF] SmsApi.Middleware.LoggingActionFilter | CorrelationId:658d082ef1724823bac9cc8856383559 | API Request: GET /api/Staff | User: Unknown | School: 550e8400-e29b-41d4-a716-446655440000
2026-04-19 18:53:50.829 +05:30 [INF] SmsApi.Middleware.LoggingActionFilter | CorrelationId:658d082ef1724823bac9cc8856383559 | API Response: GET /api/Staff | Status: 200 | Duration: 40ms
2026-04-19 18:53:50.834 +05:30 [INF] Serilog.AspNetCore.RequestLoggingMiddleware | CorrelationId:658d082ef1724823bac9cc8856383559 | HTTP GET /api/Staff responded 200 in 58.3611 ms
2026-04-19 18:53:50.860 +05:30 [INF] SmsApi.Middleware.LoggingActionFilter | CorrelationId:d20954f344434c91935b6233ecb157b2 | API Request: GET /api/LeaveManagement/types | User: Unknown | School: 550e8400-e29b-41d4-a716-446655440000
2026-04-19 18:53:50.908 +05:30 [INF] SmsApi.Middleware.LoggingActionFilter | CorrelationId:d20954f344434c91935b6233ecb157b2 | API Response: GET /api/LeaveManagement/types | Status: 200 | Duration: 48ms
2026-04-19 18:53:50.915 +05:30 [INF] Serilog.AspNetCore.RequestLoggingMiddleware | CorrelationId:d20954f344434c91935b6233ecb157b2 | HTTP GET /api/LeaveManagement/types responded 200 in 61.7454 ms
2026-04-19 18:53:50.946 +05:30 [INF] SmsApi.Middleware.LoggingActionFilter | CorrelationId:7ad5f2b5c8c04c3c94950ee754138f5d | API Request: POST /api/LeaveManagement/requests | User: Unknown | School: 550e8400-e29b-41d4-a716-446655440000
2026-04-19 18:53:51.013 +05:30 [INF] SmsApi.Middleware.LoggingActionFilter | CorrelationId:7ad5f2b5c8c04c3c94950ee754138f5d | API Response: POST /api/LeaveManagement/requests | Status: 200 | Duration: 67ms
2026-04-19 18:53:51.035 +05:30 [INF] Serilog.AspNetCore.RequestLoggingMiddleware | CorrelationId:7ad5f2b5c8c04c3c94950ee754138f5d | HTTP POST /api/LeaveManagement/requests responded 400 in 99.0604 ms
2026-04-19 18:53:51.134 +05:30 [INF] SmsApi.Middleware.LoggingActionFilter | CorrelationId:c469baccc4a642bc9102fa3e9bd61a1f | API Request: POST /api/Attendance/records | User: Unknown | School: 550e8400-e29b-41d4-a716-446655440000
2026-04-19 18:53:51.220 +05:30 [ERR] Microsoft.EntityFrameworkCore.Database.Command | CorrelationId:c469baccc4a642bc9102fa3e9bd61a1f | Failed executing DbCommand (16ms) [Parameters=[@p0='?' (DbType = Guid), @p1='?', @p2='?' (DbType = Object), @p3='?' (DbType = Object), @p4='?' (DbType = DateTime), @p5='?' (DbType = Guid), @p6='?' (DbType = DateTime), @p7='?' (DbType = DateTime), @p8='?', @p9='?' (DbType = Boolean), @p10='?' (DbType = Boolean), @p11='?' (DbType = Guid), @p12='?', @p13='?' (DbType = Guid), @p14='?', @p15='?' (DbType = Guid), @p16='?' (DbType = DateTime), @p17='?' (DbType = Guid)], CommandType='"Text"', CommandTimeout='30']
INSERT INTO "AttendanceRecords" ("Id", "BiometricId", "CheckInTime", "CheckOutTime", "CreatedAt", "CreatedBy", "Date", "DeletedAt", "Discriminator", "IsDeleted", "IsManualOverride", "MarkedBy", "Remarks", "SchoolId", "Status", "StudentId", "UpdatedAt", "UpdatedBy")
VALUES (@p0, @p1, @p2, @p3, @p4, @p5, @p6, @p7, @p8, @p9, @p10, @p11, @p12, @p13, @p14, @p15, @p16, @p17)
RETURNING "RowVersion";
2026-04-19 18:53:51.247 +05:30 [ERR] Microsoft.EntityFrameworkCore.Update | CorrelationId:c469baccc4a642bc9102fa3e9bd61a1f | An exception occurred in the database while saving changes for context type 'SmsApi.Data.AppDbContext'.
Microsoft.EntityFrameworkCore.DbUpdateException: An error occurred while saving the entity changes. See the inner exception for details.
 ---> Npgsql.PostgresException (0x80004005): 23503: insert or update on table "AttendanceRecords" violates foreign key constraint "FK_AttendanceRecords_User_MarkedBy"

DETAIL: Detail redacted as it may contain sensitive data. Specify 'Include Error Detail' in the connection string to include this information.
   at Npgsql.Internal.NpgsqlConnector.ReadMessageLong(Boolean async, DataRowLoadingMode dataRowLoadingMode, Boolean readingNotifications, Boolean isReadingPrependedMessage)
   at System.Runtime.CompilerServices.PoolingAsyncValueTaskMethodBuilder`1.StateMachineBox`1.System.Threading.Tasks.Sources.IValueTaskSource<TResult>.GetResult(Int16 token)
   at Npgsql.NpgsqlDataReader.NextResult(Boolean async, Boolean isConsuming, CancellationToken cancellationToken)
   at Npgsql.NpgsqlDataReader.NextResult(Boolean async, Boolean isConsuming, CancellationToken cancellationToken)
   at Npgsql.NpgsqlCommand.ExecuteReader(Boolean async, CommandBehavior behavior, CancellationToken cancellationToken)
   at Npgsql.NpgsqlCommand.ExecuteReader(Boolean async, CommandBehavior behavior, CancellationToken cancellationToken)
   at Npgsql.NpgsqlCommand.ExecuteDbDataReaderAsync(CommandBehavior behavior, CancellationToken cancellationToken)
   at Microsoft.EntityFrameworkCore.Storage.RelationalCommand.ExecuteReaderAsync(RelationalCommandParameterObject parameterObject, CancellationToken cancellationToken)
   at Microsoft.EntityFrameworkCore.Storage.RelationalCommand.ExecuteReaderAsync(RelationalCommandParameterObject parameterObject, CancellationToken cancellationToken)
   at Microsoft.EntityFrameworkCore.Update.ReaderModificationCommandBatch.ExecuteAsync(IRelationalConnection connection, CancellationToken cancellationToken)
  Exception data:
    Severity: ERROR
    SqlState: 23503
    MessageText: insert or update on table "AttendanceRecords" violates foreign key constraint "FK_AttendanceRecords_User_MarkedBy"
    Detail: Detail redacted as it may contain sensitive data. Specify 'Include Error Detail' in the connection string to include this information.
    SchemaName: public
    TableName: AttendanceRecords
    ConstraintName: FK_AttendanceRecords_User_MarkedBy
    File: ri_triggers.c
    Line: 2783
    Routine: ri_ReportViolation
   --- End of inner exception stack trace ---
   at Microsoft.EntityFrameworkCore.Update.ReaderModificationCommandBatch.ExecuteAsync(IRelationalConnection connection, CancellationToken cancellationToken)
   at Microsoft.EntityFrameworkCore.Update.Internal.BatchExecutor.ExecuteAsync(IEnumerable`1 commandBatches, IRelationalConnection connection, CancellationToken cancellationToken)
   at Microsoft.EntityFrameworkCore.Update.Internal.BatchExecutor.ExecuteAsync(IEnumerable`1 commandBatches, IRelationalConnection connection, CancellationToken cancellationToken)
   at Microsoft.EntityFrameworkCore.Update.Internal.BatchExecutor.ExecuteAsync(IEnumerable`1 commandBatches, IRelationalConnection connection, CancellationToken cancellationToken)
   at Microsoft.EntityFrameworkCore.ChangeTracking.Internal.StateManager.SaveChangesAsync(IList`1 entriesToSave, CancellationToken cancellationToken)
   at Microsoft.EntityFrameworkCore.ChangeTracking.Internal.StateManager.SaveChangesAsync(StateManager stateManager, Boolean acceptAllChangesOnSuccess, CancellationToken cancellationToken)
   at Microsoft.EntityFrameworkCore.Storage.ExecutionStrategy.<>c__DisplayClass30_0`2.<<ExecuteAsync>b__0>d.MoveNext()
--- End of stack trace from previous location ---
   at Microsoft.EntityFrameworkCore.Storage.ExecutionStrategy.ExecuteImplementationAsync[TState,TResult](Func`4 operation, Func`4 verifySucceeded, TState state, CancellationToken cancellationToken)
   at Microsoft.EntityFrameworkCore.Storage.ExecutionStrategy.ExecuteImplementationAsync[TState,TResult](Func`4 operation, Func`4 verifySucceeded, TState state, CancellationToken cancellationToken)
   at Microsoft.EntityFrameworkCore.Storage.ExecutionStrategy.ExecuteAsync[TState,TResult](TState state, Func`4 operation, Func`4 verifySucceeded, CancellationToken cancellationToken)
   at Microsoft.EntityFrameworkCore.DbContext.SaveChangesAsync(Boolean acceptAllChangesOnSuccess, CancellationToken cancellationToken)
Microsoft.EntityFrameworkCore.DbUpdateException: An error occurred while saving the entity changes. See the inner exception for details.
 ---> Npgsql.PostgresException (0x80004005): 23503: insert or update on table "AttendanceRecords" violates foreign key constraint "FK_AttendanceRecords_User_MarkedBy"

DETAIL: Detail redacted as it may contain sensitive data. Specify 'Include Error Detail' in the connection string to include this information.
   at Npgsql.Internal.NpgsqlConnector.ReadMessageLong(Boolean async, DataRowLoadingMode dataRowLoadingMode, Boolean readingNotifications, Boolean isReadingPrependedMessage)
   at System.Runtime.CompilerServices.PoolingAsyncValueTaskMethodBuilder`1.StateMachineBox`1.System.Threading.Tasks.Sources.IValueTaskSource<TResult>.GetResult(Int16 token)
   at Npgsql.NpgsqlDataReader.NextResult(Boolean async, Boolean isConsuming, CancellationToken cancellationToken)
   at Npgsql.NpgsqlDataReader.NextResult(Boolean async, Boolean isConsuming, CancellationToken cancellationToken)
   at Npgsql.NpgsqlCommand.ExecuteReader(Boolean async, CommandBehavior behavior, CancellationToken cancellationToken)
   at Npgsql.NpgsqlCommand.ExecuteReader(Boolean async, CommandBehavior behavior, CancellationToken cancellationToken)
   at Npgsql.NpgsqlCommand.ExecuteDbDataReaderAsync(CommandBehavior behavior, CancellationToken cancellationToken)
   at Microsoft.EntityFrameworkCore.Storage.RelationalCommand.ExecuteReaderAsync(RelationalCommandParameterObject parameterObject, CancellationToken cancellationToken)
   at Microsoft.EntityFrameworkCore.Storage.RelationalCommand.ExecuteReaderAsync(RelationalCommandParameterObject parameterObject, CancellationToken cancellationToken)
   at Microsoft.EntityFrameworkCore.Update.ReaderModificationCommandBatch.ExecuteAsync(IRelationalConnection connection, CancellationToken cancellationToken)
  Exception data:
    Severity: ERROR
    SqlState: 23503
    MessageText: insert or update on table "AttendanceRecords" violates foreign key constraint "FK_AttendanceRecords_User_MarkedBy"
    Detail: Detail redacted as it may contain sensitive data. Specify 'Include Error Detail' in the connection string to include this information.
    SchemaName: public
    TableName: AttendanceRecords
    ConstraintName: FK_AttendanceRecords_User_MarkedBy
    File: ri_triggers.c
    Line: 2783
    Routine: ri_ReportViolation
   --- End of inner exception stack trace ---
   at Microsoft.EntityFrameworkCore.Update.ReaderModificationCommandBatch.ExecuteAsync(IRelationalConnection connection, CancellationToken cancellationToken)
   at Microsoft.EntityFrameworkCore.Update.Internal.BatchExecutor.ExecuteAsync(IEnumerable`1 commandBatches, IRelationalConnection connection, CancellationToken cancellationToken)
   at Microsoft.EntityFrameworkCore.Update.Internal.BatchExecutor.ExecuteAsync(IEnumerable`1 commandBatches, IRelationalConnection connection, CancellationToken cancellationToken)
   at Microsoft.EntityFrameworkCore.Update.Internal.BatchExecutor.ExecuteAsync(IEnumerable`1 commandBatches, IRelationalConnection connection, CancellationToken cancellationToken)
   at Microsoft.EntityFrameworkCore.ChangeTracking.Internal.StateManager.SaveChangesAsync(IList`1 entriesToSave, CancellationToken cancellationToken)
   at Microsoft.EntityFrameworkCore.ChangeTracking.Internal.StateManager.SaveChangesAsync(StateManager stateManager, Boolean acceptAllChangesOnSuccess, CancellationToken cancellationToken)
   at Microsoft.EntityFrameworkCore.Storage.ExecutionStrategy.<>c__DisplayClass30_0`2.<<ExecuteAsync>b__0>d.MoveNext()
--- End of stack trace from previous location ---
   at Microsoft.EntityFrameworkCore.Storage.ExecutionStrategy.ExecuteImplementationAsync[TState,TResult](Func`4 operation, Func`4 verifySucceeded, TState state, CancellationToken cancellationToken)
   at Microsoft.EntityFrameworkCore.Storage.ExecutionStrategy.ExecuteImplementationAsync[TState,TResult](Func`4 operation, Func`4 verifySucceeded, TState state, CancellationToken cancellationToken)
   at Microsoft.EntityFrameworkCore.Storage.ExecutionStrategy.ExecuteAsync[TState,TResult](TState state, Func`4 operation, Func`4 verifySucceeded, CancellationToken cancellationToken)
   at Microsoft.EntityFrameworkCore.DbContext.SaveChangesAsync(Boolean acceptAllChangesOnSuccess, CancellationToken cancellationToken)
2026-04-19 18:53:51.278 +05:30 [ERR] SmsApi.Controllers.AttendanceController | CorrelationId:c469baccc4a642bc9102fa3e9bd61a1f | Error marking attendance
Microsoft.EntityFrameworkCore.DbUpdateException: An error occurred while saving the entity changes. See the inner exception for details.
 ---> Npgsql.PostgresException (0x80004005): 23503: insert or update on table "AttendanceRecords" violates foreign key constraint "FK_AttendanceRecords_User_MarkedBy"

DETAIL: Detail redacted as it may contain sensitive data. Specify 'Include Error Detail' in the connection string to include this information.
   at Npgsql.Internal.NpgsqlConnector.ReadMessageLong(Boolean async, DataRowLoadingMode dataRowLoadingMode, Boolean readingNotifications, Boolean isReadingPrependedMessage)
   at System.Runtime.CompilerServices.PoolingAsyncValueTaskMethodBuilder`1.StateMachineBox`1.System.Threading.Tasks.Sources.IValueTaskSource<TResult>.GetResult(Int16 token)
   at Npgsql.NpgsqlDataReader.NextResult(Boolean async, Boolean isConsuming, CancellationToken cancellationToken)
   at Npgsql.NpgsqlDataReader.NextResult(Boolean async, Boolean isConsuming, CancellationToken cancellationToken)
   at Npgsql.NpgsqlCommand.ExecuteReader(Boolean async, CommandBehavior behavior, CancellationToken cancellationToken)
   at Npgsql.NpgsqlCommand.ExecuteReader(Boolean async, CommandBehavior behavior, CancellationToken cancellationToken)
   at Npgsql.NpgsqlCommand.ExecuteDbDataReaderAsync(CommandBehavior behavior, CancellationToken cancellationToken)
   at Microsoft.EntityFrameworkCore.Storage.RelationalCommand.ExecuteReaderAsync(RelationalCommandParameterObject parameterObject, CancellationToken cancellationToken)
   at Microsoft.EntityFrameworkCore.Storage.RelationalCommand.ExecuteReaderAsync(RelationalCommandParameterObject parameterObject, CancellationToken cancellationToken)
   at Microsoft.EntityFrameworkCore.Update.ReaderModificationCommandBatch.ExecuteAsync(IRelationalConnection connection, CancellationToken cancellationToken)
  Exception data:
    Severity: ERROR
    SqlState: 23503
    MessageText: insert or update on table "AttendanceRecords" violates foreign key constraint "FK_AttendanceRecords_User_MarkedBy"
    Detail: Detail redacted as it may contain sensitive data. Specify 'Include Error Detail' in the connection string to include this information.
    SchemaName: public
    TableName: AttendanceRecords
    ConstraintName: FK_AttendanceRecords_User_MarkedBy
    File: ri_triggers.c
    Line: 2783
    Routine: ri_ReportViolation
   --- End of inner exception stack trace ---
   at Microsoft.EntityFrameworkCore.Update.ReaderModificationCommandBatch.ExecuteAsync(IRelationalConnection connection, CancellationToken cancellationToken)
   at Microsoft.EntityFrameworkCore.Update.Internal.BatchExecutor.ExecuteAsync(IEnumerable`1 commandBatches, IRelationalConnection connection, CancellationToken cancellationToken)
   at Microsoft.EntityFrameworkCore.Update.Internal.BatchExecutor.ExecuteAsync(IEnumerable`1 commandBatches, IRelationalConnection connection, CancellationToken cancellationToken)
   at Microsoft.EntityFrameworkCore.Update.Internal.BatchExecutor.ExecuteAsync(IEnumerable`1 commandBatches, IRelationalConnection connection, CancellationToken cancellationToken)
   at Microsoft.EntityFrameworkCore.ChangeTracking.Internal.StateManager.SaveChangesAsync(IList`1 entriesToSave, CancellationToken cancellationToken)
   at Microsoft.EntityFrameworkCore.ChangeTracking.Internal.StateManager.SaveChangesAsync(StateManager stateManager, Boolean acceptAllChangesOnSuccess, CancellationToken cancellationToken)
   at Microsoft.EntityFrameworkCore.Storage.ExecutionStrategy.<>c__DisplayClass30_0`2.<<ExecuteAsync>b__0>d.MoveNext()
--- End of stack trace from previous location ---
   at Microsoft.EntityFrameworkCore.Storage.ExecutionStrategy.ExecuteImplementationAsync[TState,TResult](Func`4 operation, Func`4 verifySucceeded, TState state, CancellationToken cancellationToken)
   at Microsoft.EntityFrameworkCore.Storage.ExecutionStrategy.ExecuteImplementationAsync[TState,TResult](Func`4 operation, Func`4 verifySucceeded, TState state, CancellationToken cancellationToken)
   at Microsoft.EntityFrameworkCore.Storage.ExecutionStrategy.ExecuteAsync[TState,TResult](TState state, Func`4 operation, Func`4 verifySucceeded, CancellationToken cancellationToken)
   at Microsoft.EntityFrameworkCore.DbContext.SaveChangesAsync(Boolean acceptAllChangesOnSuccess, CancellationToken cancellationToken)
   at Microsoft.EntityFrameworkCore.DbContext.SaveChangesAsync(Boolean acceptAllChangesOnSuccess, CancellationToken cancellationToken)
   at SmsApi.Data.AppDbContext.SaveChangesAsync(CancellationToken cancellationToken) in C:\Vitana\Vitana Group\sms-api\Data\AppDbContext.cs:line 229
   at SmsApi.Services.AttendanceService.MarkAttendanceAsync(Guid schoolId, MarkAttendanceDto dto, Guid userId) in C:\Vitana\Vitana Group\sms-api\Services\AttendanceService.cs:line 259
   at SmsApi.Controllers.AttendanceController.MarkAttendance(MarkAttendanceDto dto) in C:\Vitana\Vitana Group\sms-api\Controllers\AttendanceController.cs:line 152
2026-04-19 18:53:51.322 +05:30 [INF] SmsApi.Middleware.LoggingActionFilter | CorrelationId:c469baccc4a642bc9102fa3e9bd61a1f | API Response: POST /api/Attendance/records | Status: 200 | Duration: 188ms
2026-04-19 18:53:51.332 +05:30 [ERR] Microsoft.EntityFrameworkCore.Database.Command | CorrelationId:c469baccc4a642bc9102fa3e9bd61a1f | Failed executing DbCommand (4ms) [Parameters=[@p0='?' (DbType = Guid), @p1='?', @p2='?' (DbType = Object), @p3='?' (DbType = Object), @p4='?' (DbType = DateTime), @p5='?' (DbType = Guid), @p6='?' (DbType = DateTime), @p7='?' (DbType = DateTime), @p8='?', @p9='?' (DbType = Boolean), @p10='?' (DbType = Boolean), @p11='?' (DbType = Guid), @p12='?', @p13='?' (DbType = Guid), @p14='?', @p15='?' (DbType = Guid), @p16='?' (DbType = DateTime), @p17='?' (DbType = Guid), @p18='?' (DbType = Guid), @p19='?', @p20='?' (DbType = Int64), @p21='?' (DbType = Guid), @p22='?', @p23='?', @p24='?', @p25='?', @p26='?', @p27='?', @p28='?', @p29='?' (DbType = Guid), @p30='?' (DbType = Int32), @p31='?' (DbType = DateTime), @p32='?', @p33='?' (DbType = Guid), @p34='?'], CommandType='"Text"', CommandTimeout='30']
INSERT INTO "AttendanceRecords" ("Id", "BiometricId", "CheckInTime", "CheckOutTime", "CreatedAt", "CreatedBy", "Date", "DeletedAt", "Discriminator", "IsDeleted", "IsManualOverride", "MarkedBy", "Remarks", "SchoolId", "Status", "StudentId", "UpdatedAt", "UpdatedBy")
VALUES (@p0, @p1, @p2, @p3, @p4, @p5, @p6, @p7, @p8, @p9, @p10, @p11, @p12, @p13, @p14, @p15, @p16, @p17)
RETURNING "RowVersion";
INSERT INTO "AuditLogs" ("Id", "ActionType", "DurationMs", "EntityId", "EntityType", "ExceptionMessage", "HttpMethod", "IpAddress", "Path", "QueryString", "RequestBody", "SchoolId", "StatusCode", "Timestamp", "UserAgent", "UserId", "Username")
VALUES (@p18, @p19, @p20, @p21, @p22, @p23, @p24, @p25, @p26, @p27, @p28, @p29, @p30, @p31, @p32, @p33, @p34);
2026-04-19 18:53:51.368 +05:30 [ERR] Microsoft.EntityFrameworkCore.Update | CorrelationId:c469baccc4a642bc9102fa3e9bd61a1f | An exception occurred in the database while saving changes for context type 'SmsApi.Data.AppDbContext'.
Microsoft.EntityFrameworkCore.DbUpdateException: An error occurred while saving the entity changes. See the inner exception for details.
 ---> Npgsql.PostgresException (0x80004005): 23503: insert or update on table "AttendanceRecords" violates foreign key constraint "FK_AttendanceRecords_User_MarkedBy"

DETAIL: Detail redacted as it may contain sensitive data. Specify 'Include Error Detail' in the connection string to include this information.
   at Npgsql.Internal.NpgsqlConnector.ReadMessageLong(Boolean async, DataRowLoadingMode dataRowLoadingMode, Boolean readingNotifications, Boolean isReadingPrependedMessage)
   at System.Runtime.CompilerServices.PoolingAsyncValueTaskMethodBuilder`1.StateMachineBox`1.System.Threading.Tasks.Sources.IValueTaskSource<TResult>.GetResult(Int16 token)
   at Npgsql.NpgsqlDataReader.NextResult(Boolean async, Boolean isConsuming, CancellationToken cancellationToken)
   at Npgsql.NpgsqlDataReader.NextResult(Boolean async, Boolean isConsuming, CancellationToken cancellationToken)
   at Npgsql.NpgsqlCommand.ExecuteReader(Boolean async, CommandBehavior behavior, CancellationToken cancellationToken)
   at Npgsql.NpgsqlCommand.ExecuteReader(Boolean async, CommandBehavior behavior, CancellationToken cancellationToken)
   at Npgsql.NpgsqlCommand.ExecuteDbDataReaderAsync(CommandBehavior behavior, CancellationToken cancellationToken)
   at Microsoft.EntityFrameworkCore.Storage.RelationalCommand.ExecuteReaderAsync(RelationalCommandParameterObject parameterObject, CancellationToken cancellationToken)
   at Microsoft.EntityFrameworkCore.Storage.RelationalCommand.ExecuteReaderAsync(RelationalCommandParameterObject parameterObject, CancellationToken cancellationToken)
   at Microsoft.EntityFrameworkCore.Update.ReaderModificationCommandBatch.ExecuteAsync(IRelationalConnection connection, CancellationToken cancellationToken)
  Exception data:
    Severity: ERROR
    SqlState: 23503
    MessageText: insert or update on table "AttendanceRecords" violates foreign key constraint "FK_AttendanceRecords_User_MarkedBy"
    Detail: Detail redacted as it may contain sensitive data. Specify 'Include Error Detail' in the connection string to include this information.
    SchemaName: public
    TableName: AttendanceRecords
    ConstraintName: FK_AttendanceRecords_User_MarkedBy
    File: ri_triggers.c
    Line: 2783
    Routine: ri_ReportViolation
   --- End of inner exception stack trace ---
   at Microsoft.EntityFrameworkCore.Update.ReaderModificationCommandBatch.ExecuteAsync(IRelationalConnection connection, CancellationToken cancellationToken)
   at Microsoft.EntityFrameworkCore.Update.Internal.BatchExecutor.ExecuteAsync(IEnumerable`1 commandBatches, IRelationalConnection connection, CancellationToken cancellationToken)
   at Microsoft.EntityFrameworkCore.Update.Internal.BatchExecutor.ExecuteAsync(IEnumerable`1 commandBatches, IRelationalConnection connection, CancellationToken cancellationToken)
   at Microsoft.EntityFrameworkCore.Update.Internal.BatchExecutor.ExecuteAsync(IEnumerable`1 commandBatches, IRelationalConnection connection, CancellationToken cancellationToken)
   at Microsoft.EntityFrameworkCore.ChangeTracking.Internal.StateManager.SaveChangesAsync(IList`1 entriesToSave, CancellationToken cancellationToken)
   at Microsoft.EntityFrameworkCore.ChangeTracking.Internal.StateManager.SaveChangesAsync(StateManager stateManager, Boolean acceptAllChangesOnSuccess, CancellationToken cancellationToken)
   at Microsoft.EntityFrameworkCore.Storage.ExecutionStrategy.<>c__DisplayClass30_0`2.<<ExecuteAsync>b__0>d.MoveNext()
--- End of stack trace from previous location ---
   at Microsoft.EntityFrameworkCore.Storage.ExecutionStrategy.ExecuteImplementationAsync[TState,TResult](Func`4 operation, Func`4 verifySucceeded, TState state, CancellationToken cancellationToken)
   at Microsoft.EntityFrameworkCore.Storage.ExecutionStrategy.ExecuteImplementationAsync[TState,TResult](Func`4 operation, Func`4 verifySucceeded, TState state, CancellationToken cancellationToken)
   at Microsoft.EntityFrameworkCore.Storage.ExecutionStrategy.ExecuteAsync[TState,TResult](TState state, Func`4 operation, Func`4 verifySucceeded, CancellationToken cancellationToken)
   at Microsoft.EntityFrameworkCore.DbContext.SaveChangesAsync(Boolean acceptAllChangesOnSuccess, CancellationToken cancellationToken)
Microsoft.EntityFrameworkCore.DbUpdateException: An error occurred while saving the entity changes. See the inner exception for details.
 ---> Npgsql.PostgresException (0x80004005): 23503: insert or update on table "AttendanceRecords" violates foreign key constraint "FK_AttendanceRecords_User_MarkedBy"

DETAIL: Detail redacted as it may contain sensitive data. Specify 'Include Error Detail' in the connection string to include this information.
   at Npgsql.Internal.NpgsqlConnector.ReadMessageLong(Boolean async, DataRowLoadingMode dataRowLoadingMode, Boolean readingNotifications, Boolean isReadingPrependedMessage)
   at System.Runtime.CompilerServices.PoolingAsyncValueTaskMethodBuilder`1.StateMachineBox`1.System.Threading.Tasks.Sources.IValueTaskSource<TResult>.GetResult(Int16 token)
   at Npgsql.NpgsqlDataReader.NextResult(Boolean async, Boolean isConsuming, CancellationToken cancellationToken)
   at Npgsql.NpgsqlDataReader.NextResult(Boolean async, Boolean isConsuming, CancellationToken cancellationToken)
   at Npgsql.NpgsqlCommand.ExecuteReader(Boolean async, CommandBehavior behavior, CancellationToken cancellationToken)
   at Npgsql.NpgsqlCommand.ExecuteReader(Boolean async, CommandBehavior behavior, CancellationToken cancellationToken)
   at Npgsql.NpgsqlCommand.ExecuteDbDataReaderAsync(CommandBehavior behavior, CancellationToken cancellationToken)
   at Microsoft.EntityFrameworkCore.Storage.RelationalCommand.ExecuteReaderAsync(RelationalCommandParameterObject parameterObject, CancellationToken cancellationToken)
   at Microsoft.EntityFrameworkCore.Storage.RelationalCommand.ExecuteReaderAsync(RelationalCommandParameterObject parameterObject, CancellationToken cancellationToken)
   at Microsoft.EntityFrameworkCore.Update.ReaderModificationCommandBatch.ExecuteAsync(IRelationalConnection connection, CancellationToken cancellationToken)
  Exception data:
    Severity: ERROR
    SqlState: 23503
    MessageText: insert or update on table "AttendanceRecords" violates foreign key constraint "FK_AttendanceRecords_User_MarkedBy"
    Detail: Detail redacted as it may contain sensitive data. Specify 'Include Error Detail' in the connection string to include this information.
    SchemaName: public
    TableName: AttendanceRecords
    ConstraintName: FK_AttendanceRecords_User_MarkedBy
    File: ri_triggers.c
    Line: 2783
    Routine: ri_ReportViolation
   --- End of inner exception stack trace ---
   at Microsoft.EntityFrameworkCore.Update.ReaderModificationCommandBatch.ExecuteAsync(IRelationalConnection connection, CancellationToken cancellationToken)
   at Microsoft.EntityFrameworkCore.Update.Internal.BatchExecutor.ExecuteAsync(IEnumerable`1 commandBatches, IRelationalConnection connection, CancellationToken cancellationToken)
   at Microsoft.EntityFrameworkCore.Update.Internal.BatchExecutor.ExecuteAsync(IEnumerable`1 commandBatches, IRelationalConnection connection, CancellationToken cancellationToken)
   at Microsoft.EntityFrameworkCore.Update.Internal.BatchExecutor.ExecuteAsync(IEnumerable`1 commandBatches, IRelationalConnection connection, CancellationToken cancellationToken)
   at Microsoft.EntityFrameworkCore.ChangeTracking.Internal.StateManager.SaveChangesAsync(IList`1 entriesToSave, CancellationToken cancellationToken)
   at Microsoft.EntityFrameworkCore.ChangeTracking.Internal.StateManager.SaveChangesAsync(StateManager stateManager, Boolean acceptAllChangesOnSuccess, CancellationToken cancellationToken)
   at Microsoft.EntityFrameworkCore.Storage.ExecutionStrategy.<>c__DisplayClass30_0`2.<<ExecuteAsync>b__0>d.MoveNext()
--- End of stack trace from previous location ---
   at Microsoft.EntityFrameworkCore.Storage.ExecutionStrategy.ExecuteImplementationAsync[TState,TResult](Func`4 operation, Func`4 verifySucceeded, TState state, CancellationToken cancellationToken)
   at Microsoft.EntityFrameworkCore.Storage.ExecutionStrategy.ExecuteImplementationAsync[TState,TResult](Func`4 operation, Func`4 verifySucceeded, TState state, CancellationToken cancellationToken)
   at Microsoft.EntityFrameworkCore.Storage.ExecutionStrategy.ExecuteAsync[TState,TResult](TState state, Func`4 operation, Func`4 verifySucceeded, CancellationToken cancellationToken)
   at Microsoft.EntityFrameworkCore.DbContext.SaveChangesAsync(Boolean acceptAllChangesOnSuccess, CancellationToken cancellationToken)
2026-04-19 18:53:51.413 +05:30 [ERR] SmsApi.Middleware.AuditLoggingMiddleware | CorrelationId:c469baccc4a642bc9102fa3e9bd61a1f | Failed to write audit log entry
Microsoft.EntityFrameworkCore.DbUpdateException: An error occurred while saving the entity changes. See the inner exception for details.
 ---> Npgsql.PostgresException (0x80004005): 23503: insert or update on table "AttendanceRecords" violates foreign key constraint "FK_AttendanceRecords_User_MarkedBy"

DETAIL: Detail redacted as it may contain sensitive data. Specify 'Include Error Detail' in the connection string to include this information.
   at Npgsql.Internal.NpgsqlConnector.ReadMessageLong(Boolean async, DataRowLoadingMode dataRowLoadingMode, Boolean readingNotifications, Boolean isReadingPrependedMessage)
   at System.Runtime.CompilerServices.PoolingAsyncValueTaskMethodBuilder`1.StateMachineBox`1.System.Threading.Tasks.Sources.IValueTaskSource<TResult>.GetResult(Int16 token)
   at Npgsql.NpgsqlDataReader.NextResult(Boolean async, Boolean isConsuming, CancellationToken cancellationToken)
   at Npgsql.NpgsqlDataReader.NextResult(Boolean async, Boolean isConsuming, CancellationToken cancellationToken)
   at Npgsql.NpgsqlCommand.ExecuteReader(Boolean async, CommandBehavior behavior, CancellationToken cancellationToken)
   at Npgsql.NpgsqlCommand.ExecuteReader(Boolean async, CommandBehavior behavior, CancellationToken cancellationToken)
   at Npgsql.NpgsqlCommand.ExecuteDbDataReaderAsync(CommandBehavior behavior, CancellationToken cancellationToken)
   at Microsoft.EntityFrameworkCore.Storage.RelationalCommand.ExecuteReaderAsync(RelationalCommandParameterObject parameterObject, CancellationToken cancellationToken)
   at Microsoft.EntityFrameworkCore.Storage.RelationalCommand.ExecuteReaderAsync(RelationalCommandParameterObject parameterObject, CancellationToken cancellationToken)
   at Microsoft.EntityFrameworkCore.Update.ReaderModificationCommandBatch.ExecuteAsync(IRelationalConnection connection, CancellationToken cancellationToken)
  Exception data:
    Severity: ERROR
    SqlState: 23503
    MessageText: insert or update on table "AttendanceRecords" violates foreign key constraint "FK_AttendanceRecords_User_MarkedBy"
    Detail: Detail redacted as it may contain sensitive data. Specify 'Include Error Detail' in the connection string to include this information.
    SchemaName: public
    TableName: AttendanceRecords
    ConstraintName: FK_AttendanceRecords_User_MarkedBy
    File: ri_triggers.c
    Line: 2783
    Routine: ri_ReportViolation
   --- End of inner exception stack trace ---
   at Microsoft.EntityFrameworkCore.Update.ReaderModificationCommandBatch.ExecuteAsync(IRelationalConnection connection, CancellationToken cancellationToken)
   at Microsoft.EntityFrameworkCore.Update.Internal.BatchExecutor.ExecuteAsync(IEnumerable`1 commandBatches, IRelationalConnection connection, CancellationToken cancellationToken)
   at Microsoft.EntityFrameworkCore.Update.Internal.BatchExecutor.ExecuteAsync(IEnumerable`1 commandBatches, IRelationalConnection connection, CancellationToken cancellationToken)
   at Microsoft.EntityFrameworkCore.Update.Internal.BatchExecutor.ExecuteAsync(IEnumerable`1 commandBatches, IRelationalConnection connection, CancellationToken cancellationToken)
   at Microsoft.EntityFrameworkCore.ChangeTracking.Internal.StateManager.SaveChangesAsync(IList`1 entriesToSave, CancellationToken cancellationToken)
   at Microsoft.EntityFrameworkCore.ChangeTracking.Internal.StateManager.SaveChangesAsync(StateManager stateManager, Boolean acceptAllChangesOnSuccess, CancellationToken cancellationToken)
   at Microsoft.EntityFrameworkCore.Storage.ExecutionStrategy.<>c__DisplayClass30_0`2.<<ExecuteAsync>b__0>d.MoveNext()
--- End of stack trace from previous location ---
   at Microsoft.EntityFrameworkCore.Storage.ExecutionStrategy.ExecuteImplementationAsync[TState,TResult](Func`4 operation, Func`4 verifySucceeded, TState state, CancellationToken cancellationToken)
   at Microsoft.EntityFrameworkCore.Storage.ExecutionStrategy.ExecuteImplementationAsync[TState,TResult](Func`4 operation, Func`4 verifySucceeded, TState state, CancellationToken cancellationToken)
   at Microsoft.EntityFrameworkCore.Storage.ExecutionStrategy.ExecuteAsync[TState,TResult](TState state, Func`4 operation, Func`4 verifySucceeded, CancellationToken cancellationToken)
   at Microsoft.EntityFrameworkCore.DbContext.SaveChangesAsync(Boolean acceptAllChangesOnSuccess, CancellationToken cancellationToken)
   at Microsoft.EntityFrameworkCore.DbContext.SaveChangesAsync(Boolean acceptAllChangesOnSuccess, CancellationToken cancellationToken)
   at SmsApi.Data.AppDbContext.SaveChangesAsync(CancellationToken cancellationToken) in C:\Vitana\Vitana Group\sms-api\Data\AppDbContext.cs:line 229
   at SmsApi.Middleware.AuditLoggingMiddleware.WriteAuditLog(HttpContext context, AppDbContext dbContext, String requestBody, Int64 durationMs, String exceptionMessage) in C:\Vitana\Vitana Group\sms-api\Middleware\AuditLoggingMiddleware.cs:line 112
2026-04-19 18:53:51.438 +05:30 [ERR] Serilog.AspNetCore.RequestLoggingMiddleware | CorrelationId:c469baccc4a642bc9102fa3e9bd61a1f | HTTP POST /api/Attendance/records responded 500 in 316.8829 ms
2026-04-19 18:53:51.465 +05:30 [INF] SmsApi.Middleware.LoggingActionFilter | CorrelationId:667de837d6a147cdb079799929555872 | API Request: GET /api/Attendance/records | User: Unknown | School: 550e8400-e29b-41d4-a716-446655440000
2026-04-19 18:53:51.505 +05:30 [INF] SmsApi.Middleware.LoggingActionFilter | CorrelationId:667de837d6a147cdb079799929555872 | API Response: GET /api/Attendance/records | Status: 200 | Duration: 39ms
2026-04-19 18:53:51.512 +05:30 [INF] Serilog.AspNetCore.RequestLoggingMiddleware | CorrelationId:667de837d6a147cdb079799929555872 | HTTP GET /api/Attendance/records responded 200 in 58.1361 ms
2026-04-19 18:53:51.579 +05:30 [INF] SmsApi.Middleware.LoggingActionFilter | CorrelationId:785d14ca0ad14f2d89e25b0539c4685e | API Request: GET /api/Attendance/records | User: Unknown | School: 550e8400-e29b-41d4-a716-446655440000
2026-04-19 18:53:51.599 +05:30 [INF] SmsApi.Middleware.LoggingActionFilter | CorrelationId:785d14ca0ad14f2d89e25b0539c4685e | API Response: GET /api/Attendance/records | Status: 200 | Duration: 20ms
2026-04-19 18:53:51.609 +05:30 [INF] Serilog.AspNetCore.RequestLoggingMiddleware | CorrelationId:785d14ca0ad14f2d89e25b0539c4685e | HTTP GET /api/Attendance/records responded 200 in 36.7690 ms
2026-04-19 18:53:51.639 +05:30 [INF] SmsApi.Middleware.LoggingActionFilter | CorrelationId:9167a8cd2ee9473fb834e091a1923d2e | API Request: GET /api/LeaveManagement/requests | User: Unknown | School: 550e8400-e29b-41d4-a716-446655440000
2026-04-19 18:53:51.740 +05:30 [INF] SmsApi.Middleware.LoggingActionFilter | CorrelationId:9167a8cd2ee9473fb834e091a1923d2e | API Response: GET /api/LeaveManagement/requests | Status: 200 | Duration: 100ms
2026-04-19 18:53:51.746 +05:30 [INF] Serilog.AspNetCore.RequestLoggingMiddleware | CorrelationId:9167a8cd2ee9473fb834e091a1923d2e | HTTP GET /api/LeaveManagement/requests responded 200 in 111.1491 ms
2026-04-19 18:53:51.789 +05:30 [INF] Serilog.AspNetCore.RequestLoggingMiddleware | CorrelationId:5cec91f9d09c4dd09a545a3f47f84638 | HTTP POST /api/students responded 400 in 32.9888 ms
2026-04-19 18:57:52.432 +05:30 [INF] Serilog.AspNetCore.RequestLoggingMiddleware | CorrelationId:292ebdba7c6443e1bec95ff490a80a4f | HTTP OPTIONS /api/library/books responded 204 in 86.3827 ms
2026-04-19 18:57:52.442 +05:30 [INF] Serilog.AspNetCore.RequestLoggingMiddleware | CorrelationId:17d92d23265c40c18f1fddaeac7a7b90 | HTTP OPTIONS /api/library/issues responded 204 in 83.4440 ms
2026-04-19 18:57:52.442 +05:30 [INF] Serilog.AspNetCore.RequestLoggingMiddleware | CorrelationId:97b85be2990a45e4b76f0be551964054 | HTTP OPTIONS /api/library/issues responded 204 in 96.3132 ms
2026-04-19 18:57:52.442 +05:30 [INF] Serilog.AspNetCore.RequestLoggingMiddleware | CorrelationId:528ad16239c3468faf4161af7c09dcae | HTTP OPTIONS /api/library/books responded 204 in 96.2997 ms
2026-04-19 18:57:53.002 +05:30 [WRN] SmsApi.Infrastructure.Performance.PerformanceMonitoringMiddleware | CorrelationId: | Slow request: OPTIONS /api/library/books took 654ms — status 204.
2026-04-19 18:57:53.012 +05:30 [WRN] SmsApi.Infrastructure.Performance.PerformanceMonitoringMiddleware | CorrelationId: | Slow request: OPTIONS /api/library/issues took 667ms — status 204.
2026-04-19 18:57:53.014 +05:30 [WRN] SmsApi.Infrastructure.Performance.PerformanceMonitoringMiddleware | CorrelationId: | Slow request: OPTIONS /api/library/issues took 668ms — status 204.
2026-04-19 18:57:53.019 +05:30 [WRN] SmsApi.Infrastructure.Performance.PerformanceMonitoringMiddleware | CorrelationId: | Slow request: OPTIONS /api/library/books took 674ms — status 204.
2026-04-19 18:57:53.074 +05:30 [INF] Serilog.AspNetCore.RequestLoggingMiddleware | CorrelationId:85c7c7921f3140fd810134b6b7c25632 | HTTP OPTIONS /api/library/stats responded 204 in 0.2076 ms
2026-04-19 18:57:53.084 +05:30 [INF] Serilog.AspNetCore.RequestLoggingMiddleware | CorrelationId:3161e0ba4c9c4ed9a76406567bfde770 | HTTP OPTIONS /api/library/books responded 204 in 0.1885 ms
2026-04-19 18:57:53.117 +05:30 [INF] Serilog.AspNetCore.RequestLoggingMiddleware | CorrelationId:03fd6e6c7e814f05aa7492d86334a39b | HTTP OPTIONS /api/library/issues responded 204 in 0.1668 ms
2026-04-19 18:57:53.140 +05:30 [INF] Serilog.AspNetCore.RequestLoggingMiddleware | CorrelationId:cfb882b988c046688bc71dcb096b8083 | HTTP OPTIONS /api/students responded 204 in 0.1721 ms
2026-04-19 18:57:53.161 +05:30 [INF] Serilog.AspNetCore.RequestLoggingMiddleware | CorrelationId:96b117d76d4b42b1beea0828ef92e592 | HTTP OPTIONS /api/academics/academic-years responded 204 in 0.0932 ms
2026-04-19 18:57:53.191 +05:30 [INF] Serilog.AspNetCore.RequestLoggingMiddleware | CorrelationId:cbb76f4e6152409e98669257e1810ce3 | HTTP OPTIONS /api/library/books responded 204 in 0.2597 ms
2026-04-19 18:57:53.208 +05:30 [INF] Serilog.AspNetCore.RequestLoggingMiddleware | CorrelationId:62f1a41b0e144c8f9968cf62632bb0a4 | HTTP OPTIONS /api/library/books responded 204 in 0.1115 ms
2026-04-19 18:57:53.232 +05:30 [INF] Serilog.AspNetCore.RequestLoggingMiddleware | CorrelationId:50957294a76d4d43b606a34b66daf837 | HTTP OPTIONS /api/library/issues responded 204 in 0.1199 ms
2026-04-19 18:57:53.252 +05:30 [INF] Serilog.AspNetCore.RequestLoggingMiddleware | CorrelationId:3f4f89a74294462583f439d41d23f776 | HTTP OPTIONS /api/library/issues responded 204 in 0.1110 ms
2026-04-19 18:57:53.263 +05:30 [INF] Serilog.AspNetCore.RequestLoggingMiddleware | CorrelationId:f6d9c45aa4dd4588b560c10fbdd8b371 | HTTP OPTIONS /api/library/stats responded 204 in 0.1102 ms
2026-04-19 18:57:53.279 +05:30 [INF] Serilog.AspNetCore.RequestLoggingMiddleware | CorrelationId:6112d6fcb2a34afaa1b8068fee88e0c4 | HTTP OPTIONS /api/library/books responded 204 in 0.1425 ms
2026-04-19 18:57:53.312 +05:30 [INF] Serilog.AspNetCore.RequestLoggingMiddleware | CorrelationId:b27fe50bc39845129f9b6aafa7b0c893 | HTTP OPTIONS /api/library/issues responded 204 in 0.1108 ms
2026-04-19 18:57:53.333 +05:30 [INF] Serilog.AspNetCore.RequestLoggingMiddleware | CorrelationId:1a8d5c9c000844eea42425002983f965 | HTTP OPTIONS /api/students responded 204 in 0.3323 ms
2026-04-19 18:57:54.392 +05:30 [WRN] SmsApi.Infrastructure.Performance.PerformanceMonitoringMiddleware | CorrelationId: | Slow request: OPTIONS /api/students took 1059ms — status 204.
2026-04-19 18:57:54.167 +05:30 [WRN] SmsApi.Infrastructure.Performance.PerformanceMonitoringMiddleware | CorrelationId: | Slow request: OPTIONS /api/library/issues took 914ms — status 204.
2026-04-19 18:57:54.217 +05:30 [WRN] SmsApi.Infrastructure.Performance.PerformanceMonitoringMiddleware | CorrelationId: | Slow request: OPTIONS /api/library/stats took 954ms — status 204.
2026-04-19 18:57:54.261 +05:30 [WRN] SmsApi.Infrastructure.Performance.PerformanceMonitoringMiddleware | CorrelationId: | Slow request: OPTIONS /api/library/books took 981ms — status 204.
2026-04-19 18:57:54.311 +05:30 [WRN] SmsApi.Infrastructure.Performance.PerformanceMonitoringMiddleware | CorrelationId: | Slow request: OPTIONS /api/library/issues took 998ms — status 204.
2026-04-19 18:57:53.433 +05:30 [INF] Serilog.AspNetCore.RequestLoggingMiddleware | CorrelationId:9707a268ade44dc5b004df3629f0dea2 | HTTP OPTIONS /api/academics/academic-years responded 204 in 0.1955 ms
2026-04-19 18:57:54.976 +05:30 [WRN] SmsApi.Infrastructure.Performance.PerformanceMonitoringMiddleware | CorrelationId: | Slow request: OPTIONS /api/academics/academic-years took 1543ms — status 204.
2026-04-19 18:57:54.562 +05:30 [INF] Serilog.AspNetCore.RequestLoggingMiddleware | CorrelationId:9ad330500af84e15b67e333eff29eddb | HTTP OPTIONS /api/library/books responded 204 in 0.0848 ms
2026-04-19 18:57:54.754 +05:30 [INF] SmsApi.Middleware.LoggingActionFilter | CorrelationId:d450803568ad4e53bbb3a9d9bac6d91e | API Request: GET /api/library/issues | User: Unknown | School: 550e8400-e29b-41d4-a716-446655440000
2026-04-19 18:57:54.922 +05:30 [INF] SmsApi.Middleware.LoggingActionFilter | CorrelationId:2877a6684740412da9a246ecf642e7e0 | API Request: GET /api/library/books | User: Unknown | School: 550e8400-e29b-41d4-a716-446655440000
2026-04-19 18:57:54.534 +05:30 [INF] Serilog.AspNetCore.RequestLoggingMiddleware | CorrelationId:9a0519b3c00448ab9bc1b2636c7a3b77 | HTTP OPTIONS /api/settings/school/me responded 204 in 0.2021 ms
2026-04-19 18:57:55.093 +05:30 [WRN] SmsApi.Infrastructure.Performance.PerformanceMonitoringMiddleware | CorrelationId: | Slow request: OPTIONS /api/settings/school/me took 559ms — status 204.
2026-04-19 18:57:55.030 +05:30 [INF] SmsApi.Middleware.LoggingActionFilter | CorrelationId:6590678aa14e4a10aea0306adb6b42ba | API Request: GET /api/library/books | User: Unknown | School: 550e8400-e29b-41d4-a716-446655440000
2026-04-19 18:57:55.047 +05:30 [INF] SmsApi.Middleware.LoggingActionFilter | CorrelationId:0ff53052a30b431f8d069b8226603a70 | API Request: GET /api/library/stats | User: Unknown | School: 550e8400-e29b-41d4-a716-446655440000
2026-04-19 18:57:55.008 +05:30 [INF] SmsApi.Middleware.LoggingActionFilter | CorrelationId:e079d09a925b4e35987ae4b77dacc5e7 | API Request: GET /api/library/issues | User: Unknown | School: 550e8400-e29b-41d4-a716-446655440000
2026-04-19 18:57:55.135 +05:30 [INF] SmsApi.Middleware.LoggingActionFilter | CorrelationId:7bde6a5b698c4f07b84e3fdd7ad94e66 | API Request: GET /api/library/books | User: Unknown | School: 550e8400-e29b-41d4-a716-446655440000
2026-04-19 18:57:55.349 +05:30 [INF] SmsApi.Middleware.LoggingActionFilter | CorrelationId:2877a6684740412da9a246ecf642e7e0 | API Response: GET /api/library/books | Status: 200 | Duration: 427ms
2026-04-19 18:57:55.367 +05:30 [INF] SmsApi.Middleware.LoggingActionFilter | CorrelationId:6590678aa14e4a10aea0306adb6b42ba | API Response: GET /api/library/books | Status: 200 | Duration: 319ms
2026-04-19 18:57:55.470 +05:30 [INF] SmsApi.Middleware.LoggingActionFilter | CorrelationId:e079d09a925b4e35987ae4b77dacc5e7 | API Response: GET /api/library/issues | Status: 200 | Duration: 461ms
2026-04-19 18:57:55.470 +05:30 [INF] SmsApi.Middleware.LoggingActionFilter | CorrelationId:d450803568ad4e53bbb3a9d9bac6d91e | API Response: GET /api/library/issues | Status: 200 | Duration: 716ms
2026-04-19 18:57:55.490 +05:30 [INF] SmsApi.Middleware.LoggingActionFilter | CorrelationId:7bde6a5b698c4f07b84e3fdd7ad94e66 | API Response: GET /api/library/books | Status: 200 | Duration: 355ms
2026-04-19 18:57:55.633 +05:30 [INF] Serilog.AspNetCore.RequestLoggingMiddleware | CorrelationId:7bde6a5b698c4f07b84e3fdd7ad94e66 | HTTP GET /api/library/books responded 200 in 507.0965 ms
2026-04-19 18:57:55.675 +05:30 [WRN] SmsApi.Infrastructure.Performance.PerformanceMonitoringMiddleware | CorrelationId: | Slow request: GET /api/library/books took 506ms — status 200.
2026-04-19 18:57:55.634 +05:30 [INF] Serilog.AspNetCore.RequestLoggingMiddleware | CorrelationId:6590678aa14e4a10aea0306adb6b42ba | HTTP GET /api/library/books responded 200 in 610.6454 ms
2026-04-19 18:57:55.841 +05:30 [WRN] SmsApi.Infrastructure.Performance.PerformanceMonitoringMiddleware | CorrelationId: | Slow request: GET /api/library/books took 610ms — status 200.
2026-04-19 18:57:55.638 +05:30 [INF] Serilog.AspNetCore.RequestLoggingMiddleware | CorrelationId:2877a6684740412da9a246ecf642e7e0 | HTTP GET /api/library/books responded 200 in 1051.5439 ms
2026-04-19 18:57:55.644 +05:30 [INF] SmsApi.Middleware.LoggingActionFilter | CorrelationId:0ff53052a30b431f8d069b8226603a70 | API Response: GET /api/library/stats | Status: 200 | Duration: 597ms
2026-04-19 18:57:55.634 +05:30 [INF] Serilog.AspNetCore.RequestLoggingMiddleware | CorrelationId:d450803568ad4e53bbb3a9d9bac6d91e | HTTP GET /api/library/issues responded 200 in 1030.5176 ms
2026-04-19 18:57:55.634 +05:30 [INF] Serilog.AspNetCore.RequestLoggingMiddleware | CorrelationId:e079d09a925b4e35987ae4b77dacc5e7 | HTTP GET /api/library/issues responded 200 in 668.6560 ms
2026-04-19 18:57:55.850 +05:30 [INF] SmsApi.Middleware.LoggingActionFilter | CorrelationId:f755adc9e261408da97cf81f2c8c4e92 | API Request: GET /api/library/issues | User: Unknown | School: 550e8400-e29b-41d4-a716-446655440000
2026-04-19 18:57:55.904 +05:30 [INF] SmsApi.Middleware.LoggingActionFilter | CorrelationId:c75cc96b358d491ab619c459828ad8af | API Request: GET /api/students | User: Unknown | School: 550e8400-e29b-41d4-a716-446655440000
2026-04-19 18:57:55.911 +05:30 [WRN] SmsApi.Infrastructure.Performance.PerformanceMonitoringMiddleware | CorrelationId: | Slow request: GET /api/library/books took 1045ms — status 200.
2026-04-19 18:57:55.929 +05:30 [INF] Serilog.AspNetCore.RequestLoggingMiddleware | CorrelationId:0ff53052a30b431f8d069b8226603a70 | HTTP GET /api/library/stats responded 200 in 892.0481 ms
2026-04-19 18:57:55.932 +05:30 [WRN] SmsApi.Infrastructure.Performance.PerformanceMonitoringMiddleware | CorrelationId: | Slow request: GET /api/library/issues took 1029ms — status 200.
2026-04-19 18:57:55.946 +05:30 [WRN] SmsApi.Infrastructure.Performance.PerformanceMonitoringMiddleware | CorrelationId: | Slow request: GET /api/library/issues took 668ms — status 200.
2026-04-19 18:57:55.960 +05:30 [INF] SmsApi.Middleware.LoggingActionFilter | CorrelationId:f755adc9e261408da97cf81f2c8c4e92 | API Response: GET /api/library/issues | Status: 200 | Duration: 109ms
2026-04-19 18:57:56.059 +05:30 [INF] SmsApi.Middleware.LoggingActionFilter | CorrelationId:cf332d4c574a4b819bab27a70e3e2605 | API Request: GET /api/academics/academic-years | User: Unknown | School: 550e8400-e29b-41d4-a716-446655440000
2026-04-19 18:57:56.061 +05:30 [WRN] SmsApi.Infrastructure.Performance.PerformanceMonitoringMiddleware | CorrelationId: | Slow request: GET /api/library/stats took 891ms — status 200.
2026-04-19 18:57:56.074 +05:30 [INF] SmsApi.Middleware.LoggingActionFilter | CorrelationId:c75cc96b358d491ab619c459828ad8af | API Response: GET /api/students | Status: 200 | Duration: 170ms
2026-04-19 18:57:56.094 +05:30 [INF] SmsApi.Middleware.LoggingActionFilter | CorrelationId:9df1a5a9d03e49f9a94eac269fb512b6 | API Request: GET /api/library/books | User: Unknown | School: 550e8400-e29b-41d4-a716-446655440000
2026-04-19 18:57:56.123 +05:30 [INF] SmsApi.Middleware.LoggingActionFilter | CorrelationId:c52f601242d643549d0837b2a5a676cb | API Request: GET /api/library/books | User: Unknown | School: 550e8400-e29b-41d4-a716-446655440000
2026-04-19 18:57:56.126 +05:30 [INF] Serilog.AspNetCore.RequestLoggingMiddleware | CorrelationId:f755adc9e261408da97cf81f2c8c4e92 | HTTP GET /api/library/issues responded 200 in 297.1761 ms
2026-04-19 18:57:56.191 +05:30 [INF] SmsApi.Middleware.LoggingActionFilter | CorrelationId:6b2d17da06e94a11bf40619de28f417c | API Request: GET /api/library/issues | User: Unknown | School: 550e8400-e29b-41d4-a716-446655440000
2026-04-19 18:57:56.202 +05:30 [INF] Serilog.AspNetCore.RequestLoggingMiddleware | CorrelationId:c75cc96b358d491ab619c459828ad8af | HTTP GET /api/students responded 200 in 316.8409 ms
2026-04-19 18:57:56.230 +05:30 [INF] SmsApi.Middleware.LoggingActionFilter | CorrelationId:9df1a5a9d03e49f9a94eac269fb512b6 | API Response: GET /api/library/books | Status: 200 | Duration: 136ms
2026-04-19 18:57:56.304 +05:30 [INF] Serilog.AspNetCore.RequestLoggingMiddleware | CorrelationId:9df1a5a9d03e49f9a94eac269fb512b6 | HTTP GET /api/library/books responded 200 in 217.2526 ms
2026-04-19 18:57:56.265 +05:30 [INF] SmsApi.Middleware.LoggingActionFilter | CorrelationId:1498286a6f0d47c999235e5fae13a69d | API Request: GET /api/students | User: Unknown | School: 550e8400-e29b-41d4-a716-446655440000
2026-04-19 18:57:56.276 +05:30 [INF] SmsApi.Middleware.LoggingActionFilter | CorrelationId:6b2d17da06e94a11bf40619de28f417c | API Response: GET /api/library/issues | Status: 200 | Duration: 84ms
2026-04-19 18:57:56.300 +05:30 [INF] SmsApi.Middleware.LoggingActionFilter | CorrelationId:915bd595f0ae4969980efae0c41bcc2f | API Request: GET /api/library/issues | User: Unknown | School: 550e8400-e29b-41d4-a716-446655440000
2026-04-19 18:57:56.258 +05:30 [INF] SmsApi.Middleware.LoggingActionFilter | CorrelationId:c52f601242d643549d0837b2a5a676cb | API Response: GET /api/library/books | Status: 200 | Duration: 134ms
2026-04-19 18:57:56.327 +05:30 [INF] SmsApi.Middleware.LoggingActionFilter | CorrelationId:cf332d4c574a4b819bab27a70e3e2605 | API Response: GET /api/academics/academic-years | Status: 200 | Duration: 267ms
2026-04-19 18:57:56.398 +05:30 [INF] Serilog.AspNetCore.RequestLoggingMiddleware | CorrelationId:6b2d17da06e94a11bf40619de28f417c | HTTP GET /api/library/issues responded 200 in 219.2069 ms
2026-04-19 18:57:56.404 +05:30 [INF] SmsApi.Middleware.LoggingActionFilter | CorrelationId:de93ede8efd84a61b55a9c73f840ac8e | API Request: GET /api/library/stats | User: Unknown | School: 550e8400-e29b-41d4-a716-446655440000
2026-04-19 18:57:56.409 +05:30 [INF] Serilog.AspNetCore.RequestLoggingMiddleware | CorrelationId:c52f601242d643549d0837b2a5a676cb | HTTP GET /api/library/books responded 200 in 309.0022 ms
2026-04-19 18:57:56.413 +05:30 [INF] Serilog.AspNetCore.RequestLoggingMiddleware | CorrelationId:cf332d4c574a4b819bab27a70e3e2605 | HTTP GET /api/academics/academic-years responded 200 in 372.7430 ms
2026-04-19 18:57:56.452 +05:30 [INF] SmsApi.Middleware.LoggingActionFilter | CorrelationId:1498286a6f0d47c999235e5fae13a69d | API Response: GET /api/students | Status: 200 | Duration: 187ms
2026-04-19 18:57:56.473 +05:30 [INF] SmsApi.Middleware.LoggingActionFilter | CorrelationId:915bd595f0ae4969980efae0c41bcc2f | API Response: GET /api/library/issues | Status: 200 | Duration: 172ms
2026-04-19 18:57:56.481 +05:30 [INF] SmsApi.Middleware.LoggingActionFilter | CorrelationId:ff68269cbc554f7d9461c413349ce913 | API Request: GET /api/library/books | User: Unknown | School: 550e8400-e29b-41d4-a716-446655440000
2026-04-19 18:57:56.616 +05:30 [INF] SmsApi.Middleware.LoggingActionFilter | CorrelationId:e77aed3e878c4bcc9cf689edccc14369 | API Request: GET /api/library/issues | User: Unknown | School: 550e8400-e29b-41d4-a716-446655440000
2026-04-19 18:57:56.888 +05:30 [INF] Serilog.AspNetCore.RequestLoggingMiddleware | CorrelationId:1498286a6f0d47c999235e5fae13a69d | HTTP GET /api/students responded 200 in 638.4672 ms
2026-04-19 18:57:56.889 +05:30 [INF] Serilog.AspNetCore.RequestLoggingMiddleware | CorrelationId:915bd595f0ae4969980efae0c41bcc2f | HTTP GET /api/library/issues responded 200 in 608.8887 ms
2026-04-19 18:57:56.911 +05:30 [INF] SmsApi.Middleware.LoggingActionFilter | CorrelationId:de93ede8efd84a61b55a9c73f840ac8e | API Response: GET /api/library/stats | Status: 200 | Duration: 507ms
2026-04-19 18:57:56.946 +05:30 [INF] SmsApi.Middleware.LoggingActionFilter | CorrelationId:ff68269cbc554f7d9461c413349ce913 | API Response: GET /api/library/books | Status: 200 | Duration: 465ms
2026-04-19 18:57:56.960 +05:30 [WRN] SmsApi.Infrastructure.Performance.PerformanceMonitoringMiddleware | CorrelationId: | Slow request: GET /api/students took 638ms — status 200.
2026-04-19 18:57:56.978 +05:30 [WRN] SmsApi.Infrastructure.Performance.PerformanceMonitoringMiddleware | CorrelationId: | Slow request: GET /api/library/issues took 608ms — status 200.
2026-04-19 18:57:56.989 +05:30 [INF] Serilog.AspNetCore.RequestLoggingMiddleware | CorrelationId:de93ede8efd84a61b55a9c73f840ac8e | HTTP GET /api/library/stats responded 200 in 606.3193 ms
2026-04-19 18:57:56.996 +05:30 [INF] Serilog.AspNetCore.RequestLoggingMiddleware | CorrelationId:ff68269cbc554f7d9461c413349ce913 | HTTP GET /api/library/books responded 200 in 525.1799 ms
2026-04-19 18:57:57.090 +05:30 [WRN] SmsApi.Infrastructure.Performance.PerformanceMonitoringMiddleware | CorrelationId: | Slow request: GET /api/library/books took 525ms — status 200.
2026-04-19 18:57:57.078 +05:30 [INF] SmsApi.Middleware.LoggingActionFilter | CorrelationId:e77aed3e878c4bcc9cf689edccc14369 | API Response: GET /api/library/issues | Status: 200 | Duration: 462ms
2026-04-19 18:57:57.087 +05:30 [WRN] SmsApi.Infrastructure.Performance.PerformanceMonitoringMiddleware | CorrelationId: | Slow request: GET /api/library/stats took 606ms — status 200.
2026-04-19 18:57:57.054 +05:30 [INF] SmsApi.Middleware.LoggingActionFilter | CorrelationId:39c8fb6a413149eb9e7d8c2c4c42980e | API Request: GET /api/academics/academic-years | User: Unknown | School: 550e8400-e29b-41d4-a716-446655440000
2026-04-19 18:57:57.130 +05:30 [INF] SmsApi.Middleware.LoggingActionFilter | CorrelationId:39d48526c6f7455ebb750aa5a32e66cc | API Request: GET /api/settings/school/me | User: Unknown | School: 550e8400-e29b-41d4-a716-446655440000
2026-04-19 18:57:57.141 +05:30 [INF] Serilog.AspNetCore.RequestLoggingMiddleware | CorrelationId:e77aed3e878c4bcc9cf689edccc14369 | HTTP GET /api/library/issues responded 200 in 640.7331 ms
2026-04-19 18:57:57.215 +05:30 [WRN] SmsApi.Infrastructure.Performance.PerformanceMonitoringMiddleware | CorrelationId: | Slow request: GET /api/library/issues took 640ms — status 200.
2026-04-19 18:57:57.185 +05:30 [INF] SmsApi.Middleware.LoggingActionFilter | CorrelationId:39c8fb6a413149eb9e7d8c2c4c42980e | API Response: GET /api/academics/academic-years | Status: 200 | Duration: 131ms
2026-04-19 18:57:57.149 +05:30 [INF] SmsApi.Middleware.LoggingActionFilter | CorrelationId:63923974d210498386a6c30b71c3d834 | API Request: GET /api/library/books | User: Unknown | School: 550e8400-e29b-41d4-a716-446655440000
2026-04-19 18:57:57.257 +05:30 [INF] SmsApi.Middleware.LoggingActionFilter | CorrelationId:39d48526c6f7455ebb750aa5a32e66cc | API Response: GET /api/settings/school/me | Status: 200 | Duration: 127ms
2026-04-19 18:57:57.368 +05:30 [INF] Serilog.AspNetCore.RequestLoggingMiddleware | CorrelationId:39c8fb6a413149eb9e7d8c2c4c42980e | HTTP GET /api/academics/academic-years responded 200 in 333.9391 ms
2026-04-19 18:57:57.396 +05:30 [INF] SmsApi.Middleware.LoggingActionFilter | CorrelationId:63923974d210498386a6c30b71c3d834 | API Response: GET /api/library/books | Status: 200 | Duration: 246ms
2026-04-19 18:57:57.415 +05:30 [INF] Serilog.AspNetCore.RequestLoggingMiddleware | CorrelationId:39d48526c6f7455ebb750aa5a32e66cc | HTTP GET /api/settings/school/me responded 200 in 293.1970 ms
2026-04-19 18:57:57.434 +05:30 [INF] Serilog.AspNetCore.RequestLoggingMiddleware | CorrelationId:63923974d210498386a6c30b71c3d834 | HTTP GET /api/library/books responded 200 in 315.9029 ms
2026-04-19 18:57:59.851 +05:30 [INF] Serilog.AspNetCore.RequestLoggingMiddleware | CorrelationId:92cf880ccbd34775952196b254ba1bff | HTTP OPTIONS /api/fees/records responded 204 in 0.1510 ms
2026-04-19 18:57:59.852 +05:30 [INF] Serilog.AspNetCore.RequestLoggingMiddleware | CorrelationId:30ec8615bb654a7391a847920465388e | HTTP OPTIONS /api/fees/structures responded 204 in 0.0373 ms
2026-04-19 18:57:59.855 +05:30 [INF] Serilog.AspNetCore.RequestLoggingMiddleware | CorrelationId:cefa5e3b41064ee2a8bce0d916e31b49 | HTTP OPTIONS /api/fees/stats responded 204 in 0.0809 ms
2026-04-19 18:57:59.867 +05:30 [INF] Serilog.AspNetCore.RequestLoggingMiddleware | CorrelationId:edf1e4f972b442999bf201f905319a0b | HTTP OPTIONS /api/fees/records responded 204 in 0.0693 ms
2026-04-19 18:57:59.898 +05:30 [INF] Serilog.AspNetCore.RequestLoggingMiddleware | CorrelationId:214d60fdd00749fe955d2007d34fcc12 | HTTP OPTIONS /api/fees/structures responded 204 in 0.0575 ms
2026-04-19 18:57:59.902 +05:30 [INF] Serilog.AspNetCore.RequestLoggingMiddleware | CorrelationId:68232c6f82164975baeaeb4156a5cf17 | HTTP OPTIONS /api/fees/stats responded 204 in 0.1097 ms
2026-04-19 18:58:00.069 +05:30 [INF] SmsApi.Middleware.LoggingActionFilter | CorrelationId:76de79fb72514deeaeade376a40234e6 | API Request: GET /api/fees/structures | User: Unknown | School: 550e8400-e29b-41d4-a716-446655440000
2026-04-19 18:58:00.070 +05:30 [INF] SmsApi.Middleware.LoggingActionFilter | CorrelationId:438b5bed6f48452a930b1faf8e26ac5a | API Request: GET /api/fees/stats | User: Unknown | School: 550e8400-e29b-41d4-a716-446655440000
2026-04-19 18:58:00.076 +05:30 [INF] SmsApi.Middleware.LoggingActionFilter | CorrelationId:4ed01c4eac1e4175b023bb90b0d91863 | API Request: GET /api/fees/records | User: Unknown | School: 550e8400-e29b-41d4-a716-446655440000
2026-04-19 18:58:00.110 +05:30 [INF] SmsApi.Middleware.LoggingActionFilter | CorrelationId:3895984cfaf646a683e94f0cfd524372 | API Request: GET /api/fees/records | User: Unknown | School: 550e8400-e29b-41d4-a716-446655440000
2026-04-19 18:58:00.125 +05:30 [INF] SmsApi.Middleware.LoggingActionFilter | CorrelationId:86737cd3c3484cd588d870edec5b821b | API Request: GET /api/fees/structures | User: Unknown | School: 550e8400-e29b-41d4-a716-446655440000
2026-04-19 18:58:00.125 +05:30 [INF] SmsApi.Middleware.LoggingActionFilter | CorrelationId:47471c45ad9849e9882eaac31b431854 | API Request: GET /api/fees/stats | User: Unknown | School: 550e8400-e29b-41d4-a716-446655440000
2026-04-19 18:58:00.240 +05:30 [INF] SmsApi.Middleware.LoggingActionFilter | CorrelationId:86737cd3c3484cd588d870edec5b821b | API Response: GET /api/fees/structures | Status: 200 | Duration: 115ms
2026-04-19 18:58:00.244 +05:30 [INF] SmsApi.Middleware.LoggingActionFilter | CorrelationId:76de79fb72514deeaeade376a40234e6 | API Response: GET /api/fees/structures | Status: 200 | Duration: 175ms
2026-04-19 18:58:00.356 +05:30 [INF] SmsApi.Middleware.LoggingActionFilter | CorrelationId:438b5bed6f48452a930b1faf8e26ac5a | API Response: GET /api/fees/stats | Status: 200 | Duration: 285ms
2026-04-19 18:58:00.358 +05:30 [INF] SmsApi.Middleware.LoggingActionFilter | CorrelationId:47471c45ad9849e9882eaac31b431854 | API Response: GET /api/fees/stats | Status: 200 | Duration: 233ms
2026-04-19 18:58:00.364 +05:30 [INF] SmsApi.Services.FeeService | CorrelationId:3895984cfaf646a683e94f0cfd524372 | Late fee calculation with partial payment: Total=18000.00, Paid=6000.00, Remaining=12000.00
2026-04-19 18:58:00.366 +05:30 [INF] SmsApi.Services.FeeService | CorrelationId:4ed01c4eac1e4175b023bb90b0d91863 | Late fee calculation with partial payment: Total=18000.00, Paid=6000.00, Remaining=12000.00
2026-04-19 18:58:00.386 +05:30 [INF] Serilog.AspNetCore.RequestLoggingMiddleware | CorrelationId:76de79fb72514deeaeade376a40234e6 | HTTP GET /api/fees/structures responded 200 in 380.8536 ms
2026-04-19 18:58:00.389 +05:30 [INF] Serilog.AspNetCore.RequestLoggingMiddleware | CorrelationId:86737cd3c3484cd588d870edec5b821b | HTTP GET /api/fees/structures responded 200 in 265.8881 ms
2026-04-19 18:58:00.427 +05:30 [INF] Serilog.AspNetCore.RequestLoggingMiddleware | CorrelationId:438b5bed6f48452a930b1faf8e26ac5a | HTTP GET /api/fees/stats responded 200 in 384.0850 ms
2026-04-19 18:58:00.427 +05:30 [INF] Serilog.AspNetCore.RequestLoggingMiddleware | CorrelationId:47471c45ad9849e9882eaac31b431854 | HTTP GET /api/fees/stats responded 200 in 303.9842 ms
2026-04-19 18:58:00.442 +05:30 [WRN] SmsApi.Services.FeeService | CorrelationId:3895984cfaf646a683e94f0cfd524372 | No late fee configuration found for school 550e8400-e29b-41d4-a716-446655440000
2026-04-19 18:58:00.442 +05:30 [WRN] SmsApi.Services.FeeService | CorrelationId:4ed01c4eac1e4175b023bb90b0d91863 | No late fee configuration found for school 550e8400-e29b-41d4-a716-446655440000
2026-04-19 18:58:00.520 +05:30 [INF] SmsApi.Services.FeeService | CorrelationId:3895984cfaf646a683e94f0cfd524372 | Late fee calculation with partial payment: Total=20000.00, Paid=12000.00, Remaining=8000.00
2026-04-19 18:58:00.522 +05:30 [INF] SmsApi.Services.FeeService | CorrelationId:4ed01c4eac1e4175b023bb90b0d91863 | Late fee calculation with partial payment: Total=20000.00, Paid=12000.00, Remaining=8000.00
2026-04-19 18:58:00.527 +05:30 [WRN] SmsApi.Services.FeeService | CorrelationId:3895984cfaf646a683e94f0cfd524372 | No late fee configuration found for school 550e8400-e29b-41d4-a716-446655440000
2026-04-19 18:58:00.530 +05:30 [WRN] SmsApi.Services.FeeService | CorrelationId:4ed01c4eac1e4175b023bb90b0d91863 | No late fee configuration found for school 550e8400-e29b-41d4-a716-446655440000
2026-04-19 18:58:00.537 +05:30 [INF] SmsApi.Services.FeeService | CorrelationId:3895984cfaf646a683e94f0cfd524372 | Late fee calculation with partial payment: Total=12000.00, Paid=6000.00, Remaining=6000.00
2026-04-19 18:58:00.539 +05:30 [INF] SmsApi.Services.FeeService | CorrelationId:4ed01c4eac1e4175b023bb90b0d91863 | Late fee calculation with partial payment: Total=12000.00, Paid=6000.00, Remaining=6000.00
2026-04-19 18:58:00.555 +05:30 [WRN] SmsApi.Services.FeeService | CorrelationId:3895984cfaf646a683e94f0cfd524372 | No late fee configuration found for school 550e8400-e29b-41d4-a716-446655440000
2026-04-19 18:58:00.560 +05:30 [WRN] SmsApi.Services.FeeService | CorrelationId:4ed01c4eac1e4175b023bb90b0d91863 | No late fee configuration found for school 550e8400-e29b-41d4-a716-446655440000
2026-04-19 18:58:00.571 +05:30 [INF] SmsApi.Services.FeeService | CorrelationId:3895984cfaf646a683e94f0cfd524372 | Late fee calculation with partial payment: Total=12000.00, Paid=6000.00, Remaining=6000.00
2026-04-19 18:58:00.572 +05:30 [INF] SmsApi.Services.FeeService | CorrelationId:4ed01c4eac1e4175b023bb90b0d91863 | Late fee calculation with partial payment: Total=12000.00, Paid=6000.00, Remaining=6000.00
2026-04-19 18:58:00.579 +05:30 [WRN] SmsApi.Services.FeeService | CorrelationId:3895984cfaf646a683e94f0cfd524372 | No late fee configuration found for school 550e8400-e29b-41d4-a716-446655440000
2026-04-19 18:58:00.582 +05:30 [WRN] SmsApi.Services.FeeService | CorrelationId:4ed01c4eac1e4175b023bb90b0d91863 | No late fee configuration found for school 550e8400-e29b-41d4-a716-446655440000
2026-04-19 18:58:00.590 +05:30 [WRN] SmsApi.Services.FeeService | CorrelationId:3895984cfaf646a683e94f0cfd524372 | No late fee configuration found for school 550e8400-e29b-41d4-a716-446655440000
2026-04-19 18:58:00.593 +05:30 [WRN] SmsApi.Services.FeeService | CorrelationId:4ed01c4eac1e4175b023bb90b0d91863 | No late fee configuration found for school 550e8400-e29b-41d4-a716-446655440000
2026-04-19 18:58:00.597 +05:30 [INF] SmsApi.Services.FeeService | CorrelationId:3895984cfaf646a683e94f0cfd524372 | Late fee calculation with partial payment: Total=12000.00, Paid=6000.00, Remaining=6000.00
2026-04-19 18:58:00.603 +05:30 [INF] SmsApi.Services.FeeService | CorrelationId:4ed01c4eac1e4175b023bb90b0d91863 | Late fee calculation with partial payment: Total=12000.00, Paid=6000.00, Remaining=6000.00
2026-04-19 18:58:00.607 +05:30 [WRN] SmsApi.Services.FeeService | CorrelationId:3895984cfaf646a683e94f0cfd524372 | No late fee configuration found for school 550e8400-e29b-41d4-a716-446655440000
2026-04-19 18:58:00.609 +05:30 [WRN] SmsApi.Services.FeeService | CorrelationId:4ed01c4eac1e4175b023bb90b0d91863 | No late fee configuration found for school 550e8400-e29b-41d4-a716-446655440000
2026-04-19 18:58:00.614 +05:30 [INF] SmsApi.Services.FeeService | CorrelationId:3895984cfaf646a683e94f0cfd524372 | Late fee calculation with partial payment: Total=12000.00, Paid=6000.00, Remaining=6000.00
2026-04-19 18:58:00.619 +05:30 [INF] SmsApi.Services.FeeService | CorrelationId:4ed01c4eac1e4175b023bb90b0d91863 | Late fee calculation with partial payment: Total=12000.00, Paid=6000.00, Remaining=6000.00
2026-04-19 18:58:00.620 +05:30 [WRN] SmsApi.Services.FeeService | CorrelationId:3895984cfaf646a683e94f0cfd524372 | No late fee configuration found for school 550e8400-e29b-41d4-a716-446655440000
2026-04-19 18:58:00.623 +05:30 [WRN] SmsApi.Services.FeeService | CorrelationId:4ed01c4eac1e4175b023bb90b0d91863 | No late fee configuration found for school 550e8400-e29b-41d4-a716-446655440000
2026-04-19 18:58:00.628 +05:30 [WRN] SmsApi.Services.FeeService | CorrelationId:3895984cfaf646a683e94f0cfd524372 | No late fee configuration found for school 550e8400-e29b-41d4-a716-446655440000
2026-04-19 18:58:00.633 +05:30 [WRN] SmsApi.Services.FeeService | CorrelationId:4ed01c4eac1e4175b023bb90b0d91863 | No late fee configuration found for school 550e8400-e29b-41d4-a716-446655440000
2026-04-19 18:58:00.640 +05:30 [WRN] SmsApi.Services.FeeService | CorrelationId:4ed01c4eac1e4175b023bb90b0d91863 | No late fee configuration found for school 550e8400-e29b-41d4-a716-446655440000
2026-04-19 18:58:00.640 +05:30 [WRN] SmsApi.Services.FeeService | CorrelationId:3895984cfaf646a683e94f0cfd524372 | No late fee configuration found for school 550e8400-e29b-41d4-a716-446655440000
2026-04-19 18:58:00.655 +05:30 [INF] SmsApi.Services.FeeService | CorrelationId:4ed01c4eac1e4175b023bb90b0d91863 | Late fee calculation with partial payment: Total=12000.00, Paid=6000.00, Remaining=6000.00
2026-04-19 18:58:00.658 +05:30 [INF] SmsApi.Services.FeeService | CorrelationId:3895984cfaf646a683e94f0cfd524372 | Late fee calculation with partial payment: Total=12000.00, Paid=6000.00, Remaining=6000.00
2026-04-19 18:58:00.661 +05:30 [WRN] SmsApi.Services.FeeService | CorrelationId:4ed01c4eac1e4175b023bb90b0d91863 | No late fee configuration found for school 550e8400-e29b-41d4-a716-446655440000
2026-04-19 18:58:00.664 +05:30 [WRN] SmsApi.Services.FeeService | CorrelationId:3895984cfaf646a683e94f0cfd524372 | No late fee configuration found for school 550e8400-e29b-41d4-a716-446655440000
2026-04-19 18:58:00.669 +05:30 [WRN] SmsApi.Services.FeeService | CorrelationId:4ed01c4eac1e4175b023bb90b0d91863 | No late fee configuration found for school 550e8400-e29b-41d4-a716-446655440000
2026-04-19 18:58:00.672 +05:30 [WRN] SmsApi.Services.FeeService | CorrelationId:3895984cfaf646a683e94f0cfd524372 | No late fee configuration found for school 550e8400-e29b-41d4-a716-446655440000
2026-04-19 18:58:00.675 +05:30 [WRN] SmsApi.Services.FeeService | CorrelationId:4ed01c4eac1e4175b023bb90b0d91863 | No late fee configuration found for school 550e8400-e29b-41d4-a716-446655440000
2026-04-19 18:58:00.680 +05:30 [WRN] SmsApi.Services.FeeService | CorrelationId:3895984cfaf646a683e94f0cfd524372 | No late fee configuration found for school 550e8400-e29b-41d4-a716-446655440000
2026-04-19 18:58:00.684 +05:30 [INF] SmsApi.Services.FeeService | CorrelationId:4ed01c4eac1e4175b023bb90b0d91863 | Late fee calculation with partial payment: Total=12000.00, Paid=6000.00, Remaining=6000.00
2026-04-19 18:58:00.685 +05:30 [INF] SmsApi.Services.FeeService | CorrelationId:3895984cfaf646a683e94f0cfd524372 | Late fee calculation with partial payment: Total=12000.00, Paid=6000.00, Remaining=6000.00
2026-04-19 18:58:00.692 +05:30 [WRN] SmsApi.Services.FeeService | CorrelationId:4ed01c4eac1e4175b023bb90b0d91863 | No late fee configuration found for school 550e8400-e29b-41d4-a716-446655440000
2026-04-19 18:58:00.694 +05:30 [WRN] SmsApi.Services.FeeService | CorrelationId:3895984cfaf646a683e94f0cfd524372 | No late fee configuration found for school 550e8400-e29b-41d4-a716-446655440000
2026-04-19 18:58:00.707 +05:30 [WRN] SmsApi.Services.FeeService | CorrelationId:4ed01c4eac1e4175b023bb90b0d91863 | No late fee configuration found for school 550e8400-e29b-41d4-a716-446655440000
2026-04-19 18:58:00.710 +05:30 [WRN] SmsApi.Services.FeeService | CorrelationId:3895984cfaf646a683e94f0cfd524372 | No late fee configuration found for school 550e8400-e29b-41d4-a716-446655440000
2026-04-19 18:58:00.720 +05:30 [WRN] SmsApi.Services.FeeService | CorrelationId:4ed01c4eac1e4175b023bb90b0d91863 | No late fee configuration found for school 550e8400-e29b-41d4-a716-446655440000
2026-04-19 18:58:00.721 +05:30 [WRN] SmsApi.Services.FeeService | CorrelationId:3895984cfaf646a683e94f0cfd524372 | No late fee configuration found for school 550e8400-e29b-41d4-a716-446655440000
2026-04-19 18:58:00.734 +05:30 [WRN] SmsApi.Services.FeeService | CorrelationId:4ed01c4eac1e4175b023bb90b0d91863 | No late fee configuration found for school 550e8400-e29b-41d4-a716-446655440000
2026-04-19 18:58:00.734 +05:30 [WRN] SmsApi.Services.FeeService | CorrelationId:3895984cfaf646a683e94f0cfd524372 | No late fee configuration found for school 550e8400-e29b-41d4-a716-446655440000
2026-04-19 18:58:00.744 +05:30 [INF] SmsApi.Services.FeeService | CorrelationId:4ed01c4eac1e4175b023bb90b0d91863 | Late fee calculation with partial payment: Total=12000.00, Paid=6000.00, Remaining=6000.00
2026-04-19 18:58:00.750 +05:30 [INF] SmsApi.Services.FeeService | CorrelationId:3895984cfaf646a683e94f0cfd524372 | Late fee calculation with partial payment: Total=12000.00, Paid=6000.00, Remaining=6000.00
2026-04-19 18:58:00.752 +05:30 [WRN] SmsApi.Services.FeeService | CorrelationId:4ed01c4eac1e4175b023bb90b0d91863 | No late fee configuration found for school 550e8400-e29b-41d4-a716-446655440000
2026-04-19 18:58:00.753 +05:30 [WRN] SmsApi.Services.FeeService | CorrelationId:3895984cfaf646a683e94f0cfd524372 | No late fee configuration found for school 550e8400-e29b-41d4-a716-446655440000
2026-04-19 18:58:00.757 +05:30 [WRN] SmsApi.Services.FeeService | CorrelationId:4ed01c4eac1e4175b023bb90b0d91863 | No late fee configuration found for school 550e8400-e29b-41d4-a716-446655440000
2026-04-19 18:58:00.766 +05:30 [WRN] SmsApi.Services.FeeService | CorrelationId:3895984cfaf646a683e94f0cfd524372 | No late fee configuration found for school 550e8400-e29b-41d4-a716-446655440000
2026-04-19 18:58:00.792 +05:30 [INF] SmsApi.Middleware.LoggingActionFilter | CorrelationId:3895984cfaf646a683e94f0cfd524372 | API Response: GET /api/fees/records | Status: 200 | Duration: 682ms
2026-04-19 18:58:00.792 +05:30 [INF] SmsApi.Middleware.LoggingActionFilter | CorrelationId:4ed01c4eac1e4175b023bb90b0d91863 | API Response: GET /api/fees/records | Status: 200 | Duration: 715ms
2026-04-19 18:58:00.806 +05:30 [INF] Serilog.AspNetCore.RequestLoggingMiddleware | CorrelationId:3895984cfaf646a683e94f0cfd524372 | HTTP GET /api/fees/records responded 200 in 726.2695 ms
2026-04-19 18:58:00.806 +05:30 [INF] Serilog.AspNetCore.RequestLoggingMiddleware | CorrelationId:4ed01c4eac1e4175b023bb90b0d91863 | HTTP GET /api/fees/records responded 200 in 812.5797 ms
2026-04-19 18:58:00.831 +05:30 [WRN] SmsApi.Infrastructure.Performance.PerformanceMonitoringMiddleware | CorrelationId: | Slow request: GET /api/fees/records took 812ms — status 200.
2026-04-19 18:58:00.817 +05:30 [WRN] SmsApi.Infrastructure.Performance.PerformanceMonitoringMiddleware | CorrelationId: | Slow request: GET /api/fees/records took 726ms — status 200.
2026-04-19 18:58:02.256 +05:30 [INF] Serilog.AspNetCore.RequestLoggingMiddleware | CorrelationId:7f0509a2abc34cfa9f7825bf7495a2c1 | HTTP OPTIONS /api/permissions/stats responded 204 in 0.1783 ms
2026-04-19 18:58:02.256 +05:30 [INF] Serilog.AspNetCore.RequestLoggingMiddleware | CorrelationId:4d2740ce033e472aa41a10257d495f19 | HTTP OPTIONS /api/permissions/roles responded 204 in 0.0321 ms
2026-04-19 18:58:02.257 +05:30 [INF] Serilog.AspNetCore.RequestLoggingMiddleware | CorrelationId:40c0515e01ca42c88707d3440aa3bb38 | HTTP OPTIONS /api/permissions/roles responded 204 in 0.0298 ms
2026-04-19 18:58:02.261 +05:30 [INF] Serilog.AspNetCore.RequestLoggingMiddleware | CorrelationId:4221993c8f19414080fb492ad5a28870 | HTTP OPTIONS /api/permissions/stats responded 204 in 0.0476 ms
2026-04-19 18:58:02.337 +05:30 [INF] SmsApi.Middleware.LoggingActionFilter | CorrelationId:2aaf165ecfb34486be402207d82091c4 | API Request: GET /api/permissions/stats | User: Unknown | School: 550e8400-e29b-41d4-a716-446655440000
2026-04-19 18:58:02.347 +05:30 [INF] SmsApi.Middleware.LoggingActionFilter | CorrelationId:29b0a1100e53421693eddebbd6475ba5 | API Request: GET /api/permissions/roles | User: Unknown | School: 550e8400-e29b-41d4-a716-446655440000
2026-04-19 18:58:02.390 +05:30 [INF] SmsApi.Middleware.LoggingActionFilter | CorrelationId:1de70a6bf499407e9fcf6145b8fdb8d9 | API Request: GET /api/permissions/roles | User: Unknown | School: 550e8400-e29b-41d4-a716-446655440000
2026-04-19 18:58:02.417 +05:30 [INF] SmsApi.Middleware.LoggingActionFilter | CorrelationId:f91093f984f84e71b957a61954453bb5 | API Request: GET /api/permissions/stats | User: Unknown | School: 550e8400-e29b-41d4-a716-446655440000
2026-04-19 18:58:02.549 +05:30 [INF] SmsApi.Middleware.LoggingActionFilter | CorrelationId:2aaf165ecfb34486be402207d82091c4 | API Response: GET /api/permissions/stats | Status: 200 | Duration: 211ms
2026-04-19 18:58:02.550 +05:30 [INF] SmsApi.Middleware.LoggingActionFilter | CorrelationId:f91093f984f84e71b957a61954453bb5 | API Response: GET /api/permissions/stats | Status: 200 | Duration: 132ms
2026-04-19 18:58:02.603 +05:30 [INF] SmsApi.Middleware.LoggingActionFilter | CorrelationId:1de70a6bf499407e9fcf6145b8fdb8d9 | API Response: GET /api/permissions/roles | Status: 200 | Duration: 213ms
2026-04-19 18:58:02.604 +05:30 [INF] SmsApi.Middleware.LoggingActionFilter | CorrelationId:29b0a1100e53421693eddebbd6475ba5 | API Response: GET /api/permissions/roles | Status: 200 | Duration: 256ms
2026-04-19 18:58:02.624 +05:30 [INF] Serilog.AspNetCore.RequestLoggingMiddleware | CorrelationId:f91093f984f84e71b957a61954453bb5 | HTTP GET /api/permissions/stats responded 200 in 207.5940 ms
2026-04-19 18:58:02.632 +05:30 [INF] Serilog.AspNetCore.RequestLoggingMiddleware | CorrelationId:2aaf165ecfb34486be402207d82091c4 | HTTP GET /api/permissions/stats responded 200 in 305.5416 ms
2026-04-19 18:58:02.672 +05:30 [INF] Serilog.AspNetCore.RequestLoggingMiddleware | CorrelationId:1de70a6bf499407e9fcf6145b8fdb8d9 | HTTP GET /api/permissions/roles responded 200 in 284.4784 ms
2026-04-19 18:58:02.675 +05:30 [INF] Serilog.AspNetCore.RequestLoggingMiddleware | CorrelationId:29b0a1100e53421693eddebbd6475ba5 | HTTP GET /api/permissions/roles responded 200 in 334.9770 ms
2026-04-19 18:58:06.055 +05:30 [INF] Serilog.AspNetCore.RequestLoggingMiddleware | CorrelationId:107cb91f9d0d4ef7931d0db588410938 | HTTP OPTIONS /api/transport/routes responded 204 in 0.0735 ms
2026-04-19 18:58:06.063 +05:30 [INF] Serilog.AspNetCore.RequestLoggingMiddleware | CorrelationId:335739ef10c243b7a78a8d3e00b721ec | HTTP OPTIONS /api/transport/routes responded 204 in 9.4961 ms
2026-04-19 18:58:06.258 +05:30 [INF] SmsApi.Middleware.LoggingActionFilter | CorrelationId:15c107bc07a4480f9e408fa7071c477b | API Request: GET /api/transport/routes | User: Unknown | School: 550e8400-e29b-41d4-a716-446655440000
2026-04-19 18:58:06.258 +05:30 [INF] SmsApi.Middleware.LoggingActionFilter | CorrelationId:e09d0b18e2f84d39a6ab7a4be1b549e9 | API Request: GET /api/transport/routes | User: Unknown | School: 550e8400-e29b-41d4-a716-446655440000
2026-04-19 18:58:06.346 +05:30 [INF] SmsApi.Middleware.LoggingActionFilter | CorrelationId:15c107bc07a4480f9e408fa7071c477b | API Response: GET /api/transport/routes | Status: 200 | Duration: 88ms
2026-04-19 18:58:06.346 +05:30 [INF] SmsApi.Middleware.LoggingActionFilter | CorrelationId:e09d0b18e2f84d39a6ab7a4be1b549e9 | API Response: GET /api/transport/routes | Status: 200 | Duration: 88ms
2026-04-19 18:58:06.370 +05:30 [INF] Serilog.AspNetCore.RequestLoggingMiddleware | CorrelationId:15c107bc07a4480f9e408fa7071c477b | HTTP GET /api/transport/routes responded 200 in 137.3077 ms
2026-04-19 18:58:06.370 +05:30 [INF] Serilog.AspNetCore.RequestLoggingMiddleware | CorrelationId:e09d0b18e2f84d39a6ab7a4be1b549e9 | HTTP GET /api/transport/routes responded 200 in 188.9108 ms
2026-04-19 19:07:07.880 +05:30 [INF]  | CorrelationId: | Using distributed in-memory cache (development only)
2026-04-19 19:07:10.699 +05:30 [WRN] Microsoft.EntityFrameworkCore.Model.Validation | CorrelationId: | Entity 'Staff' has a global query filter defined and is the required end of a relationship with the entity 'Certificate'. This may lead to unexpected results when the required entity is filtered out. Either configure the navigation as optional, or define matching query filters for both entities in the navigation. See https://go.microsoft.com/fwlink/?linkid=2131316 for more information.
2026-04-19 19:07:10.707 +05:30 [WRN] Microsoft.EntityFrameworkCore.Model.Validation | CorrelationId: | Entity 'School' has a global query filter defined and is the required end of a relationship with the entity 'CertificateTemplate'. This may lead to unexpected results when the required entity is filtered out. Either configure the navigation as optional, or define matching query filters for both entities in the navigation. See https://go.microsoft.com/fwlink/?linkid=2131316 for more information.
2026-04-19 19:07:10.715 +05:30 [WRN] Microsoft.EntityFrameworkCore.Model.Validation | CorrelationId: | Entity 'School' has a global query filter defined and is the required end of a relationship with the entity 'Document'. This may lead to unexpected results when the required entity is filtered out. Either configure the navigation as optional, or define matching query filters for both entities in the navigation. See https://go.microsoft.com/fwlink/?linkid=2131316 for more information.
2026-04-19 19:07:10.725 +05:30 [WRN] Microsoft.EntityFrameworkCore.Model.Validation | CorrelationId: | Entity 'School' has a global query filter defined and is the required end of a relationship with the entity 'DocumentCategory'. This may lead to unexpected results when the required entity is filtered out. Either configure the navigation as optional, or define matching query filters for both entities in the navigation. See https://go.microsoft.com/fwlink/?linkid=2131316 for more information.
2026-04-19 19:07:10.733 +05:30 [WRN] Microsoft.EntityFrameworkCore.Model.Validation | CorrelationId: | Entity 'School' has a global query filter defined and is the required end of a relationship with the entity 'FeeAuditLog'. This may lead to unexpected results when the required entity is filtered out. Either configure the navigation as optional, or define matching query filters for both entities in the navigation. See https://go.microsoft.com/fwlink/?linkid=2131316 for more information.
2026-04-19 19:07:10.739 +05:30 [WRN] Microsoft.EntityFrameworkCore.Model.Validation | CorrelationId: | Entity 'School' has a global query filter defined and is the required end of a relationship with the entity 'Holiday'. This may lead to unexpected results when the required entity is filtered out. Either configure the navigation as optional, or define matching query filters for both entities in the navigation. See https://go.microsoft.com/fwlink/?linkid=2131316 for more information.
2026-04-19 19:07:10.748 +05:30 [WRN] Microsoft.EntityFrameworkCore.Model.Validation | CorrelationId: | Entity 'School' has a global query filter defined and is the required end of a relationship with the entity 'IDCard'. This may lead to unexpected results when the required entity is filtered out. Either configure the navigation as optional, or define matching query filters for both entities in the navigation. See https://go.microsoft.com/fwlink/?linkid=2131316 for more information.
2026-04-19 19:07:10.762 +05:30 [WRN] Microsoft.EntityFrameworkCore.Model.Validation | CorrelationId: | Entity 'School' has a global query filter defined and is the required end of a relationship with the entity 'IDCardTemplate'. This may lead to unexpected results when the required entity is filtered out. Either configure the navigation as optional, or define matching query filters for both entities in the navigation. See https://go.microsoft.com/fwlink/?linkid=2131316 for more information.
2026-04-19 19:07:10.767 +05:30 [WRN] Microsoft.EntityFrameworkCore.Model.Validation | CorrelationId: | Entity 'UserLogin' has a global query filter defined and is the required end of a relationship with the entity 'PasswordResetToken'. This may lead to unexpected results when the required entity is filtered out. Either configure the navigation as optional, or define matching query filters for both entities in the navigation. See https://go.microsoft.com/fwlink/?linkid=2131316 for more information.
2026-04-19 19:07:10.771 +05:30 [WRN] Microsoft.EntityFrameworkCore.Model.Validation | CorrelationId: | Entity 'School' has a global query filter defined and is the required end of a relationship with the entity 'PromotionHistory'. This may lead to unexpected results when the required entity is filtered out. Either configure the navigation as optional, or define matching query filters for both entities in the navigation. See https://go.microsoft.com/fwlink/?linkid=2131316 for more information.
2026-04-19 19:07:10.884 +05:30 [WRN] Microsoft.EntityFrameworkCore.Model.Validation | CorrelationId: | The foreign key property 'Staff.ReportingToId1' was created in shadow state because a conflicting property with the simple name 'ReportingToId' exists in the entity type, but is either not mapped, is already used for another relationship, or is incompatible with the associated primary key type. See https://aka.ms/efcore-relationships for information on mapping relationships in EF Core.
2026-04-19 19:07:12.579 +05:30 [INF] Program | CorrelationId: | Database migrations applied successfully.
2026-04-19 19:07:13.688 +05:30 [INF] Microsoft.Hosting.Lifetime | CorrelationId: | Now listening on: http://localhost:5092
2026-04-19 19:07:13.692 +05:30 [INF] Microsoft.Hosting.Lifetime | CorrelationId: | Application started. Press Ctrl+C to shut down.
2026-04-19 19:07:13.694 +05:30 [INF] Microsoft.Hosting.Lifetime | CorrelationId: | Hosting environment: Development
2026-04-19 19:07:13.697 +05:30 [INF] Microsoft.Hosting.Lifetime | CorrelationId: | Content root path: C:\Vitana\Vitana Group\sms-api
2026-04-19 19:07:33.437 +05:30 [WRN] Microsoft.AspNetCore.HttpsPolicy.HttpsRedirectionMiddleware | CorrelationId:2cd0f10f3b764e459ae26f2ef4d81552 | Failed to determine the https port for redirect.
2026-04-19 19:07:33.567 +05:30 [INF] SmsApi.Middleware.LoggingActionFilter | CorrelationId:2cd0f10f3b764e459ae26f2ef4d81552 | API Request: POST /api/auth/login | User: Unknown | School: Unknown
2026-04-19 19:07:34.834 +05:30 [INF] SmsApi.Controllers.AuthController | CorrelationId:2cd0f10f3b764e459ae26f2ef4d81552 | Login successful for admin (SchoolId: "550e8400-e29b-41d4-a716-446655440000")
2026-04-19 19:07:34.840 +05:30 [INF] SmsApi.Middleware.LoggingActionFilter | CorrelationId:2cd0f10f3b764e459ae26f2ef4d81552 | API Response: POST /api/auth/login | Status: 200 | Duration: 1273ms
2026-04-19 19:07:34.958 +05:30 [INF] Serilog.AspNetCore.RequestLoggingMiddleware | CorrelationId:2cd0f10f3b764e459ae26f2ef4d81552 | HTTP POST /api/auth/login responded 200 in 1538.8458 ms
2026-04-19 19:07:34.963 +05:30 [WRN] SmsApi.Infrastructure.Performance.PerformanceMonitoringMiddleware | CorrelationId: | Slow request: POST /api/auth/login took 1474ms — status 200.
2026-04-19 19:07:35.105 +05:30 [INF] SmsApi.Middleware.LoggingActionFilter | CorrelationId:03cfe9c436d14f938c84b51cb09e28f3 | API Request: POST /api/academics/classes | User: Unknown | School: 550e8400-e29b-41d4-a716-446655440000
2026-04-19 19:07:35.280 +05:30 [INF] SmsApi.Middleware.LoggingActionFilter | CorrelationId:03cfe9c436d14f938c84b51cb09e28f3 | API Response: POST /api/academics/classes | Status: 200 | Duration: 175ms
2026-04-19 19:07:35.318 +05:30 [INF] Serilog.AspNetCore.RequestLoggingMiddleware | CorrelationId:03cfe9c436d14f938c84b51cb09e28f3 | HTTP POST /api/academics/classes responded 201 in 265.9353 ms
2026-04-19 19:07:35.348 +05:30 [INF] SmsApi.Middleware.LoggingActionFilter | CorrelationId:0036f47645b94814b5ab719f325a0024 | API Request: POST /api/academics/classes | User: Unknown | School: 550e8400-e29b-41d4-a716-446655440000
2026-04-19 19:07:35.364 +05:30 [INF] SmsApi.Middleware.LoggingActionFilter | CorrelationId:0036f47645b94814b5ab719f325a0024 | API Response: POST /api/academics/classes | Status: 200 | Duration: 15ms
2026-04-19 19:07:35.371 +05:30 [INF] Serilog.AspNetCore.RequestLoggingMiddleware | CorrelationId:0036f47645b94814b5ab719f325a0024 | HTTP POST /api/academics/classes responded 400 in 29.6757 ms
2026-04-19 19:07:35.424 +05:30 [INF] SmsApi.Middleware.LoggingActionFilter | CorrelationId:b6d00886c2ea4747876a8bbe40adb267 | API Request: POST /api/academics/sections | User: Unknown | School: 550e8400-e29b-41d4-a716-446655440000
2026-04-19 19:07:35.438 +05:30 [INF] SmsApi.Middleware.LoggingActionFilter | CorrelationId:b6d00886c2ea4747876a8bbe40adb267 | API Response: POST /api/academics/sections | Status: 200 | Duration: 13ms
2026-04-19 19:07:35.444 +05:30 [INF] Serilog.AspNetCore.RequestLoggingMiddleware | CorrelationId:b6d00886c2ea4747876a8bbe40adb267 | HTTP POST /api/academics/sections responded 400 in 30.1090 ms
2026-04-19 19:07:35.470 +05:30 [INF] SmsApi.Middleware.LoggingActionFilter | CorrelationId:c2dd3a726ed1480ebfe1c3fe34496252 | API Request: POST /api/academics/subjects | User: Unknown | School: 550e8400-e29b-41d4-a716-446655440000
2026-04-19 19:07:35.553 +05:30 [INF] SmsApi.Middleware.LoggingActionFilter | CorrelationId:c2dd3a726ed1480ebfe1c3fe34496252 | API Response: POST /api/academics/subjects | Status: 200 | Duration: 82ms
2026-04-19 19:07:35.560 +05:30 [INF] Serilog.AspNetCore.RequestLoggingMiddleware | CorrelationId:c2dd3a726ed1480ebfe1c3fe34496252 | HTTP POST /api/academics/subjects responded 201 in 99.7260 ms
2026-04-19 19:07:35.583 +05:30 [INF] SmsApi.Middleware.LoggingActionFilter | CorrelationId:cb97f40c10ba48388270ac8d2200f456 | API Request: POST /api/academics/subjects | User: Unknown | School: 550e8400-e29b-41d4-a716-446655440000
2026-04-19 19:07:35.592 +05:30 [INF] SmsApi.Middleware.LoggingActionFilter | CorrelationId:cb97f40c10ba48388270ac8d2200f456 | API Response: POST /api/academics/subjects | Status: 200 | Duration: 8ms
2026-04-19 19:07:35.598 +05:30 [INF] Serilog.AspNetCore.RequestLoggingMiddleware | CorrelationId:cb97f40c10ba48388270ac8d2200f456 | HTTP POST /api/academics/subjects responded 400 in 16.1311 ms
2026-04-19 19:07:35.621 +05:30 [INF] SmsApi.Middleware.LoggingActionFilter | CorrelationId:ced8a19ad21245809a75e6a9e3c807af | API Request: POST /api/academics/class-subjects | User: Unknown | School: 550e8400-e29b-41d4-a716-446655440000
2026-04-19 19:07:35.711 +05:30 [INF] SmsApi.Middleware.LoggingActionFilter | CorrelationId:ced8a19ad21245809a75e6a9e3c807af | API Response: POST /api/academics/class-subjects | Status: 200 | Duration: 89ms
2026-04-19 19:07:35.720 +05:30 [INF] Serilog.AspNetCore.RequestLoggingMiddleware | CorrelationId:ced8a19ad21245809a75e6a9e3c807af | HTTP POST /api/academics/class-subjects responded 200 in 107.5942 ms
2026-04-19 19:07:35.747 +05:30 [INF] SmsApi.Middleware.LoggingActionFilter | CorrelationId:085f69b86ca346579623840925e6bee0 | API Request: POST /api/academics/class-subjects | User: Unknown | School: 550e8400-e29b-41d4-a716-446655440000
2026-04-19 19:07:35.765 +05:30 [INF] SmsApi.Middleware.LoggingActionFilter | CorrelationId:085f69b86ca346579623840925e6bee0 | API Response: POST /api/academics/class-subjects | Status: 200 | Duration: 17ms
2026-04-19 19:07:35.773 +05:30 [INF] Serilog.AspNetCore.RequestLoggingMiddleware | CorrelationId:085f69b86ca346579623840925e6bee0 | HTTP POST /api/academics/class-subjects responded 400 in 27.7908 ms
2026-04-19 19:07:35.805 +05:30 [INF] SmsApi.Middleware.LoggingActionFilter | CorrelationId:afbab2dc20124d558262487e39187cff | API Request: POST /api/academics/academic-years | User: Unknown | School: 550e8400-e29b-41d4-a716-446655440000
2026-04-19 19:07:35.844 +05:30 [INF] SmsApi.Middleware.LoggingActionFilter | CorrelationId:afbab2dc20124d558262487e39187cff | API Response: POST /api/academics/academic-years | Status: 200 | Duration: 38ms
2026-04-19 19:07:35.857 +05:30 [INF] Serilog.AspNetCore.RequestLoggingMiddleware | CorrelationId:afbab2dc20124d558262487e39187cff | HTTP POST /api/academics/academic-years responded 201 in 57.7513 ms
2026-04-19 19:07:35.877 +05:30 [INF] SmsApi.Middleware.LoggingActionFilter | CorrelationId:d51d9e112f9b451e9d1edae702f3468e | API Request: POST /api/academics/academic-years | User: Unknown | School: 550e8400-e29b-41d4-a716-446655440000
2026-04-19 19:07:35.885 +05:30 [INF] SmsApi.Middleware.LoggingActionFilter | CorrelationId:d51d9e112f9b451e9d1edae702f3468e | API Response: POST /api/academics/academic-years | Status: 200 | Duration: 8ms
2026-04-19 19:07:35.891 +05:30 [INF] Serilog.AspNetCore.RequestLoggingMiddleware | CorrelationId:d51d9e112f9b451e9d1edae702f3468e | HTTP POST /api/academics/academic-years responded 400 in 15.3559 ms
2026-04-19 19:07:35.920 +05:30 [INF] SmsApi.Middleware.LoggingActionFilter | CorrelationId:1b519d87cd194a48b823fd9ba50c45a1 | API Request: GET /api/academics/classes | User: Unknown | School: 550e8400-e29b-41d4-a716-446655440000
2026-04-19 19:07:36.106 +05:30 [INF] SmsApi.Middleware.LoggingActionFilter | CorrelationId:1b519d87cd194a48b823fd9ba50c45a1 | API Response: GET /api/academics/classes | Status: 200 | Duration: 185ms
2026-04-19 19:07:36.114 +05:30 [INF] Serilog.AspNetCore.RequestLoggingMiddleware | CorrelationId:1b519d87cd194a48b823fd9ba50c45a1 | HTTP GET /api/academics/classes responded 200 in 206.9483 ms
2026-04-19 19:07:36.150 +05:30 [INF] Serilog.AspNetCore.RequestLoggingMiddleware | CorrelationId:ca886508686f44ec9ebedd6ab61d514e | HTTP GET /api/academics/classes responded 401 in 5.1471 ms
2026-04-19 19:07:37.274 +05:30 [INF] SmsApi.Middleware.LoggingActionFilter | CorrelationId:b93584cf1aed4004906a274740bde3f2 | API Request: POST /api/auth/login | User: Unknown | School: Unknown
2026-04-19 19:07:37.825 +05:30 [INF] SmsApi.Controllers.AuthController | CorrelationId:b93584cf1aed4004906a274740bde3f2 | Login successful for admin (SchoolId: "550e8400-e29b-41d4-a716-446655440000")
2026-04-19 19:07:37.827 +05:30 [INF] SmsApi.Middleware.LoggingActionFilter | CorrelationId:b93584cf1aed4004906a274740bde3f2 | API Response: POST /api/auth/login | Status: 200 | Duration: 552ms
2026-04-19 19:07:37.838 +05:30 [INF] Serilog.AspNetCore.RequestLoggingMiddleware | CorrelationId:b93584cf1aed4004906a274740bde3f2 | HTTP POST /api/auth/login responded 200 in 568.9433 ms
2026-04-19 19:07:37.853 +05:30 [WRN] SmsApi.Infrastructure.Performance.PerformanceMonitoringMiddleware | CorrelationId: | Slow request: POST /api/auth/login took 563ms — status 200.
2026-04-19 19:07:38.145 +05:30 [INF] SmsApi.Middleware.LoggingActionFilter | CorrelationId:34e8de0c601643cab5ee5e95dd7f35d6 | API Request: POST /api/students | User: Unknown | School: 550e8400-e29b-41d4-a716-446655440000
2026-04-19 19:07:38.282 +05:30 [INF] SmsApi.Services.StudentService | CorrelationId:34e8de0c601643cab5ee5e95dd7f35d6 | Student created: "0abdfc51-36f4-461f-8801-6220ab7f4939", Admission: INT20260419190737
2026-04-19 19:07:38.478 +05:30 [WRN] SmsApi.Services.StudentService | CorrelationId:34e8de0c601643cab5ee5e95dd7f35d6 | No fee structure found for class 10, academic year AY-20260419190735. Fee record not created.
2026-04-19 19:07:38.651 +05:30 [INF] SmsApi.Services.StudentService | CorrelationId:34e8de0c601643cab5ee5e95dd7f35d6 | Library card initialized for student "0abdfc51-36f4-461f-8801-6220ab7f4939": LIB-INT20260419190737
2026-04-19 19:07:38.663 +05:30 [INF] SmsApi.Services.StudentService | CorrelationId:34e8de0c601643cab5ee5e95dd7f35d6 | Student creation completed with all related records: "0abdfc51-36f4-461f-8801-6220ab7f4939"
2026-04-19 19:07:38.707 +05:30 [WRN] Microsoft.EntityFrameworkCore.Query | CorrelationId:34e8de0c601643cab5ee5e95dd7f35d6 | Compiling a query which loads related collections for more than one collection navigation, either via 'Include' or through projection, but no 'QuerySplittingBehavior' has been configured. By default, Entity Framework will use 'QuerySplittingBehavior.SingleQuery', which can potentially result in slow query performance. See https://go.microsoft.com/fwlink/?linkid=2134277 for more information. To identify the query that's triggering this warning call 'ConfigureWarnings(w => w.Throw(RelationalEventId.MultipleCollectionIncludeWarning))'.
2026-04-19 19:07:38.734 +05:30 [INF] SmsApi.Middleware.LoggingActionFilter | CorrelationId:34e8de0c601643cab5ee5e95dd7f35d6 | API Response: POST /api/students | Status: 200 | Duration: 589ms
2026-04-19 19:07:38.755 +05:30 [INF] Serilog.AspNetCore.RequestLoggingMiddleware | CorrelationId:34e8de0c601643cab5ee5e95dd7f35d6 | HTTP POST /api/students responded 201 in 834.2587 ms
2026-04-19 19:07:38.759 +05:30 [WRN] SmsApi.Infrastructure.Performance.PerformanceMonitoringMiddleware | CorrelationId: | Slow request: POST /api/students took 828ms — status 201.
2026-04-19 19:07:38.785 +05:30 [INF] SmsApi.Middleware.LoggingActionFilter | CorrelationId:5893c9d95c8f417f9823b5f4171e6b9d | API Request: GET /api/students/0abdfc51-36f4-461f-8801-6220ab7f4939 | User: Unknown | School: 550e8400-e29b-41d4-a716-446655440000
2026-04-19 19:07:38.795 +05:30 [INF] SmsApi.Middleware.LoggingActionFilter | CorrelationId:5893c9d95c8f417f9823b5f4171e6b9d | API Response: GET /api/students/0abdfc51-36f4-461f-8801-6220ab7f4939 | Status: 200 | Duration: 10ms
2026-04-19 19:07:38.800 +05:30 [INF] Serilog.AspNetCore.RequestLoggingMiddleware | CorrelationId:5893c9d95c8f417f9823b5f4171e6b9d | HTTP GET /api/students/0abdfc51-36f4-461f-8801-6220ab7f4939 responded 200 in 20.8030 ms
2026-04-19 19:07:38.848 +05:30 [INF] SmsApi.Middleware.LoggingActionFilter | CorrelationId:27c312a19cde4f08884e8ae8107f97d8 | API Request: POST /api/Staff | User: Unknown | School: 550e8400-e29b-41d4-a716-446655440000
2026-04-19 19:07:39.086 +05:30 [INF] SmsApi.Services.StaffService | CorrelationId:27c312a19cde4f08884e8ae8107f97d8 | Staff onboarding complete for EMP20260419190737
2026-04-19 19:07:39.132 +05:30 [INF] SmsApi.Middleware.LoggingActionFilter | CorrelationId:27c312a19cde4f08884e8ae8107f97d8 | API Response: POST /api/Staff | Status: 200 | Duration: 283ms
2026-04-19 19:07:39.149 +05:30 [INF] Serilog.AspNetCore.RequestLoggingMiddleware | CorrelationId:27c312a19cde4f08884e8ae8107f97d8 | HTTP POST /api/Staff responded 201 in 320.8809 ms
2026-04-19 19:07:39.168 +05:30 [INF] SmsApi.Middleware.LoggingActionFilter | CorrelationId:f0919a9d956743daa49edccae3b9e42f | API Request: GET /api/Staff/d2c239ef-cfb5-4b54-94af-cf78cab59f29 | User: Unknown | School: 550e8400-e29b-41d4-a716-446655440000
2026-04-19 19:07:39.181 +05:30 [INF] SmsApi.Middleware.LoggingActionFilter | CorrelationId:f0919a9d956743daa49edccae3b9e42f | API Response: GET /api/Staff/d2c239ef-cfb5-4b54-94af-cf78cab59f29 | Status: 200 | Duration: 12ms
2026-04-19 19:07:39.186 +05:30 [INF] Serilog.AspNetCore.RequestLoggingMiddleware | CorrelationId:f0919a9d956743daa49edccae3b9e42f | HTTP GET /api/Staff/d2c239ef-cfb5-4b54-94af-cf78cab59f29 responded 200 in 26.3325 ms
2026-04-19 19:07:39.212 +05:30 [INF] SmsApi.Middleware.LoggingActionFilter | CorrelationId:4c1afc8a5a5c44cfbd41aa8e15a6d6ec | API Request: GET /api/Staff | User: Unknown | School: 550e8400-e29b-41d4-a716-446655440000
2026-04-19 19:07:39.235 +05:30 [INF] SmsApi.Middleware.LoggingActionFilter | CorrelationId:4c1afc8a5a5c44cfbd41aa8e15a6d6ec | API Response: GET /api/Staff | Status: 200 | Duration: 22ms
2026-04-19 19:07:39.242 +05:30 [INF] Serilog.AspNetCore.RequestLoggingMiddleware | CorrelationId:4c1afc8a5a5c44cfbd41aa8e15a6d6ec | HTTP GET /api/Staff responded 200 in 35.9596 ms
2026-04-19 19:07:39.266 +05:30 [INF] SmsApi.Middleware.LoggingActionFilter | CorrelationId:2fe3621e077d4ea0b102177c4cfcd033 | API Request: GET /api/LeaveManagement/types | User: Unknown | School: 550e8400-e29b-41d4-a716-446655440000
2026-04-19 19:07:39.314 +05:30 [INF] SmsApi.Middleware.LoggingActionFilter | CorrelationId:2fe3621e077d4ea0b102177c4cfcd033 | API Response: GET /api/LeaveManagement/types | Status: 200 | Duration: 47ms
2026-04-19 19:07:39.319 +05:30 [INF] Serilog.AspNetCore.RequestLoggingMiddleware | CorrelationId:2fe3621e077d4ea0b102177c4cfcd033 | HTTP GET /api/LeaveManagement/types responded 200 in 57.2133 ms
2026-04-19 19:07:39.353 +05:30 [INF] SmsApi.Middleware.LoggingActionFilter | CorrelationId:e6a5da525759470397cce23e13147a56 | API Request: POST /api/LeaveManagement/requests | User: Unknown | School: 550e8400-e29b-41d4-a716-446655440000
2026-04-19 19:07:39.399 +05:30 [INF] SmsApi.Middleware.LoggingActionFilter | CorrelationId:e6a5da525759470397cce23e13147a56 | API Response: POST /api/LeaveManagement/requests | Status: 200 | Duration: 46ms
2026-04-19 19:07:39.413 +05:30 [INF] Serilog.AspNetCore.RequestLoggingMiddleware | CorrelationId:e6a5da525759470397cce23e13147a56 | HTTP POST /api/LeaveManagement/requests responded 400 in 67.7616 ms
2026-04-19 19:07:39.465 +05:30 [INF] SmsApi.Middleware.LoggingActionFilter | CorrelationId:589e7efb57044a3690275c6d77d50873 | API Request: POST /api/Attendance/records | User: Unknown | School: 550e8400-e29b-41d4-a716-446655440000
2026-04-19 19:07:39.555 +05:30 [ERR] Microsoft.EntityFrameworkCore.Database.Command | CorrelationId:589e7efb57044a3690275c6d77d50873 | Failed executing DbCommand (20ms) [Parameters=[@p0='?' (DbType = Guid), @p1='?', @p2='?' (DbType = Object), @p3='?' (DbType = Object), @p4='?' (DbType = DateTime), @p5='?' (DbType = Guid), @p6='?' (DbType = DateTime), @p7='?' (DbType = DateTime), @p8='?', @p9='?' (DbType = Boolean), @p10='?' (DbType = Boolean), @p11='?' (DbType = Guid), @p12='?', @p13='?' (DbType = Guid), @p14='?', @p15='?' (DbType = Guid), @p16='?' (DbType = DateTime), @p17='?' (DbType = Guid)], CommandType='"Text"', CommandTimeout='30']
INSERT INTO "AttendanceRecords" ("Id", "BiometricId", "CheckInTime", "CheckOutTime", "CreatedAt", "CreatedBy", "Date", "DeletedAt", "Discriminator", "IsDeleted", "IsManualOverride", "MarkedBy", "Remarks", "SchoolId", "Status", "StudentId", "UpdatedAt", "UpdatedBy")
VALUES (@p0, @p1, @p2, @p3, @p4, @p5, @p6, @p7, @p8, @p9, @p10, @p11, @p12, @p13, @p14, @p15, @p16, @p17)
RETURNING "RowVersion";
2026-04-19 19:07:39.579 +05:30 [ERR] Microsoft.EntityFrameworkCore.Update | CorrelationId:589e7efb57044a3690275c6d77d50873 | An exception occurred in the database while saving changes for context type 'SmsApi.Data.AppDbContext'.
Microsoft.EntityFrameworkCore.DbUpdateException: An error occurred while saving the entity changes. See the inner exception for details.
 ---> Npgsql.PostgresException (0x80004005): 23503: insert or update on table "AttendanceRecords" violates foreign key constraint "FK_AttendanceRecords_User_MarkedBy"

DETAIL: Detail redacted as it may contain sensitive data. Specify 'Include Error Detail' in the connection string to include this information.
   at Npgsql.Internal.NpgsqlConnector.ReadMessageLong(Boolean async, DataRowLoadingMode dataRowLoadingMode, Boolean readingNotifications, Boolean isReadingPrependedMessage)
   at System.Runtime.CompilerServices.PoolingAsyncValueTaskMethodBuilder`1.StateMachineBox`1.System.Threading.Tasks.Sources.IValueTaskSource<TResult>.GetResult(Int16 token)
   at Npgsql.NpgsqlDataReader.NextResult(Boolean async, Boolean isConsuming, CancellationToken cancellationToken)
   at Npgsql.NpgsqlDataReader.NextResult(Boolean async, Boolean isConsuming, CancellationToken cancellationToken)
   at Npgsql.NpgsqlCommand.ExecuteReader(Boolean async, CommandBehavior behavior, CancellationToken cancellationToken)
   at Npgsql.NpgsqlCommand.ExecuteReader(Boolean async, CommandBehavior behavior, CancellationToken cancellationToken)
   at Npgsql.NpgsqlCommand.ExecuteDbDataReaderAsync(CommandBehavior behavior, CancellationToken cancellationToken)
   at Microsoft.EntityFrameworkCore.Storage.RelationalCommand.ExecuteReaderAsync(RelationalCommandParameterObject parameterObject, CancellationToken cancellationToken)
   at Microsoft.EntityFrameworkCore.Storage.RelationalCommand.ExecuteReaderAsync(RelationalCommandParameterObject parameterObject, CancellationToken cancellationToken)
   at Microsoft.EntityFrameworkCore.Update.ReaderModificationCommandBatch.ExecuteAsync(IRelationalConnection connection, CancellationToken cancellationToken)
  Exception data:
    Severity: ERROR
    SqlState: 23503
    MessageText: insert or update on table "AttendanceRecords" violates foreign key constraint "FK_AttendanceRecords_User_MarkedBy"
    Detail: Detail redacted as it may contain sensitive data. Specify 'Include Error Detail' in the connection string to include this information.
    SchemaName: public
    TableName: AttendanceRecords
    ConstraintName: FK_AttendanceRecords_User_MarkedBy
    File: ri_triggers.c
    Line: 2783
    Routine: ri_ReportViolation
   --- End of inner exception stack trace ---
   at Microsoft.EntityFrameworkCore.Update.ReaderModificationCommandBatch.ExecuteAsync(IRelationalConnection connection, CancellationToken cancellationToken)
   at Microsoft.EntityFrameworkCore.Update.Internal.BatchExecutor.ExecuteAsync(IEnumerable`1 commandBatches, IRelationalConnection connection, CancellationToken cancellationToken)
   at Microsoft.EntityFrameworkCore.Update.Internal.BatchExecutor.ExecuteAsync(IEnumerable`1 commandBatches, IRelationalConnection connection, CancellationToken cancellationToken)
   at Microsoft.EntityFrameworkCore.Update.Internal.BatchExecutor.ExecuteAsync(IEnumerable`1 commandBatches, IRelationalConnection connection, CancellationToken cancellationToken)
   at Microsoft.EntityFrameworkCore.ChangeTracking.Internal.StateManager.SaveChangesAsync(IList`1 entriesToSave, CancellationToken cancellationToken)
   at Microsoft.EntityFrameworkCore.ChangeTracking.Internal.StateManager.SaveChangesAsync(StateManager stateManager, Boolean acceptAllChangesOnSuccess, CancellationToken cancellationToken)
   at Microsoft.EntityFrameworkCore.Storage.ExecutionStrategy.<>c__DisplayClass30_0`2.<<ExecuteAsync>b__0>d.MoveNext()
--- End of stack trace from previous location ---
   at Microsoft.EntityFrameworkCore.Storage.ExecutionStrategy.ExecuteImplementationAsync[TState,TResult](Func`4 operation, Func`4 verifySucceeded, TState state, CancellationToken cancellationToken)
   at Microsoft.EntityFrameworkCore.Storage.ExecutionStrategy.ExecuteImplementationAsync[TState,TResult](Func`4 operation, Func`4 verifySucceeded, TState state, CancellationToken cancellationToken)
   at Microsoft.EntityFrameworkCore.Storage.ExecutionStrategy.ExecuteAsync[TState,TResult](TState state, Func`4 operation, Func`4 verifySucceeded, CancellationToken cancellationToken)
   at Microsoft.EntityFrameworkCore.DbContext.SaveChangesAsync(Boolean acceptAllChangesOnSuccess, CancellationToken cancellationToken)
Microsoft.EntityFrameworkCore.DbUpdateException: An error occurred while saving the entity changes. See the inner exception for details.
 ---> Npgsql.PostgresException (0x80004005): 23503: insert or update on table "AttendanceRecords" violates foreign key constraint "FK_AttendanceRecords_User_MarkedBy"

DETAIL: Detail redacted as it may contain sensitive data. Specify 'Include Error Detail' in the connection string to include this information.
   at Npgsql.Internal.NpgsqlConnector.ReadMessageLong(Boolean async, DataRowLoadingMode dataRowLoadingMode, Boolean readingNotifications, Boolean isReadingPrependedMessage)
   at System.Runtime.CompilerServices.PoolingAsyncValueTaskMethodBuilder`1.StateMachineBox`1.System.Threading.Tasks.Sources.IValueTaskSource<TResult>.GetResult(Int16 token)
   at Npgsql.NpgsqlDataReader.NextResult(Boolean async, Boolean isConsuming, CancellationToken cancellationToken)
   at Npgsql.NpgsqlDataReader.NextResult(Boolean async, Boolean isConsuming, CancellationToken cancellationToken)
   at Npgsql.NpgsqlCommand.ExecuteReader(Boolean async, CommandBehavior behavior, CancellationToken cancellationToken)
   at Npgsql.NpgsqlCommand.ExecuteReader(Boolean async, CommandBehavior behavior, CancellationToken cancellationToken)
   at Npgsql.NpgsqlCommand.ExecuteDbDataReaderAsync(CommandBehavior behavior, CancellationToken cancellationToken)
   at Microsoft.EntityFrameworkCore.Storage.RelationalCommand.ExecuteReaderAsync(RelationalCommandParameterObject parameterObject, CancellationToken cancellationToken)
   at Microsoft.EntityFrameworkCore.Storage.RelationalCommand.ExecuteReaderAsync(RelationalCommandParameterObject parameterObject, CancellationToken cancellationToken)
   at Microsoft.EntityFrameworkCore.Update.ReaderModificationCommandBatch.ExecuteAsync(IRelationalConnection connection, CancellationToken cancellationToken)
  Exception data:
    Severity: ERROR
    SqlState: 23503
    MessageText: insert or update on table "AttendanceRecords" violates foreign key constraint "FK_AttendanceRecords_User_MarkedBy"
    Detail: Detail redacted as it may contain sensitive data. Specify 'Include Error Detail' in the connection string to include this information.
    SchemaName: public
    TableName: AttendanceRecords
    ConstraintName: FK_AttendanceRecords_User_MarkedBy
    File: ri_triggers.c
    Line: 2783
    Routine: ri_ReportViolation
   --- End of inner exception stack trace ---
   at Microsoft.EntityFrameworkCore.Update.ReaderModificationCommandBatch.ExecuteAsync(IRelationalConnection connection, CancellationToken cancellationToken)
   at Microsoft.EntityFrameworkCore.Update.Internal.BatchExecutor.ExecuteAsync(IEnumerable`1 commandBatches, IRelationalConnection connection, CancellationToken cancellationToken)
   at Microsoft.EntityFrameworkCore.Update.Internal.BatchExecutor.ExecuteAsync(IEnumerable`1 commandBatches, IRelationalConnection connection, CancellationToken cancellationToken)
   at Microsoft.EntityFrameworkCore.Update.Internal.BatchExecutor.ExecuteAsync(IEnumerable`1 commandBatches, IRelationalConnection connection, CancellationToken cancellationToken)
   at Microsoft.EntityFrameworkCore.ChangeTracking.Internal.StateManager.SaveChangesAsync(IList`1 entriesToSave, CancellationToken cancellationToken)
   at Microsoft.EntityFrameworkCore.ChangeTracking.Internal.StateManager.SaveChangesAsync(StateManager stateManager, Boolean acceptAllChangesOnSuccess, CancellationToken cancellationToken)
   at Microsoft.EntityFrameworkCore.Storage.ExecutionStrategy.<>c__DisplayClass30_0`2.<<ExecuteAsync>b__0>d.MoveNext()
--- End of stack trace from previous location ---
   at Microsoft.EntityFrameworkCore.Storage.ExecutionStrategy.ExecuteImplementationAsync[TState,TResult](Func`4 operation, Func`4 verifySucceeded, TState state, CancellationToken cancellationToken)
   at Microsoft.EntityFrameworkCore.Storage.ExecutionStrategy.ExecuteImplementationAsync[TState,TResult](Func`4 operation, Func`4 verifySucceeded, TState state, CancellationToken cancellationToken)
   at Microsoft.EntityFrameworkCore.Storage.ExecutionStrategy.ExecuteAsync[TState,TResult](TState state, Func`4 operation, Func`4 verifySucceeded, CancellationToken cancellationToken)
   at Microsoft.EntityFrameworkCore.DbContext.SaveChangesAsync(Boolean acceptAllChangesOnSuccess, CancellationToken cancellationToken)
2026-04-19 19:07:39.597 +05:30 [ERR] SmsApi.Controllers.AttendanceController | CorrelationId:589e7efb57044a3690275c6d77d50873 | Error marking attendance
Microsoft.EntityFrameworkCore.DbUpdateException: An error occurred while saving the entity changes. See the inner exception for details.
 ---> Npgsql.PostgresException (0x80004005): 23503: insert or update on table "AttendanceRecords" violates foreign key constraint "FK_AttendanceRecords_User_MarkedBy"

DETAIL: Detail redacted as it may contain sensitive data. Specify 'Include Error Detail' in the connection string to include this information.
   at Npgsql.Internal.NpgsqlConnector.ReadMessageLong(Boolean async, DataRowLoadingMode dataRowLoadingMode, Boolean readingNotifications, Boolean isReadingPrependedMessage)
   at System.Runtime.CompilerServices.PoolingAsyncValueTaskMethodBuilder`1.StateMachineBox`1.System.Threading.Tasks.Sources.IValueTaskSource<TResult>.GetResult(Int16 token)
   at Npgsql.NpgsqlDataReader.NextResult(Boolean async, Boolean isConsuming, CancellationToken cancellationToken)
   at Npgsql.NpgsqlDataReader.NextResult(Boolean async, Boolean isConsuming, CancellationToken cancellationToken)
   at Npgsql.NpgsqlCommand.ExecuteReader(Boolean async, CommandBehavior behavior, CancellationToken cancellationToken)
   at Npgsql.NpgsqlCommand.ExecuteReader(Boolean async, CommandBehavior behavior, CancellationToken cancellationToken)
   at Npgsql.NpgsqlCommand.ExecuteDbDataReaderAsync(CommandBehavior behavior, CancellationToken cancellationToken)
   at Microsoft.EntityFrameworkCore.Storage.RelationalCommand.ExecuteReaderAsync(RelationalCommandParameterObject parameterObject, CancellationToken cancellationToken)
   at Microsoft.EntityFrameworkCore.Storage.RelationalCommand.ExecuteReaderAsync(RelationalCommandParameterObject parameterObject, CancellationToken cancellationToken)
   at Microsoft.EntityFrameworkCore.Update.ReaderModificationCommandBatch.ExecuteAsync(IRelationalConnection connection, CancellationToken cancellationToken)
  Exception data:
    Severity: ERROR
    SqlState: 23503
    MessageText: insert or update on table "AttendanceRecords" violates foreign key constraint "FK_AttendanceRecords_User_MarkedBy"
    Detail: Detail redacted as it may contain sensitive data. Specify 'Include Error Detail' in the connection string to include this information.
    SchemaName: public
    TableName: AttendanceRecords
    ConstraintName: FK_AttendanceRecords_User_MarkedBy
    File: ri_triggers.c
    Line: 2783
    Routine: ri_ReportViolation
   --- End of inner exception stack trace ---
   at Microsoft.EntityFrameworkCore.Update.ReaderModificationCommandBatch.ExecuteAsync(IRelationalConnection connection, CancellationToken cancellationToken)
   at Microsoft.EntityFrameworkCore.Update.Internal.BatchExecutor.ExecuteAsync(IEnumerable`1 commandBatches, IRelationalConnection connection, CancellationToken cancellationToken)
   at Microsoft.EntityFrameworkCore.Update.Internal.BatchExecutor.ExecuteAsync(IEnumerable`1 commandBatches, IRelationalConnection connection, CancellationToken cancellationToken)
   at Microsoft.EntityFrameworkCore.Update.Internal.BatchExecutor.ExecuteAsync(IEnumerable`1 commandBatches, IRelationalConnection connection, CancellationToken cancellationToken)
   at Microsoft.EntityFrameworkCore.ChangeTracking.Internal.StateManager.SaveChangesAsync(IList`1 entriesToSave, CancellationToken cancellationToken)
   at Microsoft.EntityFrameworkCore.ChangeTracking.Internal.StateManager.SaveChangesAsync(StateManager stateManager, Boolean acceptAllChangesOnSuccess, CancellationToken cancellationToken)
   at Microsoft.EntityFrameworkCore.Storage.ExecutionStrategy.<>c__DisplayClass30_0`2.<<ExecuteAsync>b__0>d.MoveNext()
--- End of stack trace from previous location ---
   at Microsoft.EntityFrameworkCore.Storage.ExecutionStrategy.ExecuteImplementationAsync[TState,TResult](Func`4 operation, Func`4 verifySucceeded, TState state, CancellationToken cancellationToken)
   at Microsoft.EntityFrameworkCore.Storage.ExecutionStrategy.ExecuteImplementationAsync[TState,TResult](Func`4 operation, Func`4 verifySucceeded, TState state, CancellationToken cancellationToken)
   at Microsoft.EntityFrameworkCore.Storage.ExecutionStrategy.ExecuteAsync[TState,TResult](TState state, Func`4 operation, Func`4 verifySucceeded, CancellationToken cancellationToken)
   at Microsoft.EntityFrameworkCore.DbContext.SaveChangesAsync(Boolean acceptAllChangesOnSuccess, CancellationToken cancellationToken)
   at Microsoft.EntityFrameworkCore.DbContext.SaveChangesAsync(Boolean acceptAllChangesOnSuccess, CancellationToken cancellationToken)
   at SmsApi.Data.AppDbContext.SaveChangesAsync(CancellationToken cancellationToken) in C:\Vitana\Vitana Group\sms-api\Data\AppDbContext.cs:line 229
   at SmsApi.Services.AttendanceService.MarkAttendanceAsync(Guid schoolId, MarkAttendanceDto dto, Guid userId) in C:\Vitana\Vitana Group\sms-api\Services\AttendanceService.cs:line 259
   at SmsApi.Controllers.AttendanceController.MarkAttendance(MarkAttendanceDto dto) in C:\Vitana\Vitana Group\sms-api\Controllers\AttendanceController.cs:line 152
2026-04-19 19:07:39.641 +05:30 [INF] SmsApi.Middleware.LoggingActionFilter | CorrelationId:589e7efb57044a3690275c6d77d50873 | API Response: POST /api/Attendance/records | Status: 200 | Duration: 175ms
2026-04-19 19:07:39.653 +05:30 [ERR] Microsoft.EntityFrameworkCore.Database.Command | CorrelationId:589e7efb57044a3690275c6d77d50873 | Failed executing DbCommand (3ms) [Parameters=[@p0='?' (DbType = Guid), @p1='?', @p2='?' (DbType = Object), @p3='?' (DbType = Object), @p4='?' (DbType = DateTime), @p5='?' (DbType = Guid), @p6='?' (DbType = DateTime), @p7='?' (DbType = DateTime), @p8='?', @p9='?' (DbType = Boolean), @p10='?' (DbType = Boolean), @p11='?' (DbType = Guid), @p12='?', @p13='?' (DbType = Guid), @p14='?', @p15='?' (DbType = Guid), @p16='?' (DbType = DateTime), @p17='?' (DbType = Guid), @p18='?' (DbType = Guid), @p19='?', @p20='?' (DbType = Int64), @p21='?' (DbType = Guid), @p22='?', @p23='?', @p24='?', @p25='?', @p26='?', @p27='?', @p28='?', @p29='?' (DbType = Guid), @p30='?' (DbType = Int32), @p31='?' (DbType = DateTime), @p32='?', @p33='?' (DbType = Guid), @p34='?'], CommandType='"Text"', CommandTimeout='30']
INSERT INTO "AttendanceRecords" ("Id", "BiometricId", "CheckInTime", "CheckOutTime", "CreatedAt", "CreatedBy", "Date", "DeletedAt", "Discriminator", "IsDeleted", "IsManualOverride", "MarkedBy", "Remarks", "SchoolId", "Status", "StudentId", "UpdatedAt", "UpdatedBy")
VALUES (@p0, @p1, @p2, @p3, @p4, @p5, @p6, @p7, @p8, @p9, @p10, @p11, @p12, @p13, @p14, @p15, @p16, @p17)
RETURNING "RowVersion";
INSERT INTO "AuditLogs" ("Id", "ActionType", "DurationMs", "EntityId", "EntityType", "ExceptionMessage", "HttpMethod", "IpAddress", "Path", "QueryString", "RequestBody", "SchoolId", "StatusCode", "Timestamp", "UserAgent", "UserId", "Username")
VALUES (@p18, @p19, @p20, @p21, @p22, @p23, @p24, @p25, @p26, @p27, @p28, @p29, @p30, @p31, @p32, @p33, @p34);
2026-04-19 19:07:39.666 +05:30 [ERR] Microsoft.EntityFrameworkCore.Update | CorrelationId:589e7efb57044a3690275c6d77d50873 | An exception occurred in the database while saving changes for context type 'SmsApi.Data.AppDbContext'.
Microsoft.EntityFrameworkCore.DbUpdateException: An error occurred while saving the entity changes. See the inner exception for details.
 ---> Npgsql.PostgresException (0x80004005): 23503: insert or update on table "AttendanceRecords" violates foreign key constraint "FK_AttendanceRecords_User_MarkedBy"

DETAIL: Detail redacted as it may contain sensitive data. Specify 'Include Error Detail' in the connection string to include this information.
   at Npgsql.Internal.NpgsqlConnector.ReadMessageLong(Boolean async, DataRowLoadingMode dataRowLoadingMode, Boolean readingNotifications, Boolean isReadingPrependedMessage)
   at System.Runtime.CompilerServices.PoolingAsyncValueTaskMethodBuilder`1.StateMachineBox`1.System.Threading.Tasks.Sources.IValueTaskSource<TResult>.GetResult(Int16 token)
   at Npgsql.NpgsqlDataReader.NextResult(Boolean async, Boolean isConsuming, CancellationToken cancellationToken)
   at Npgsql.NpgsqlDataReader.NextResult(Boolean async, Boolean isConsuming, CancellationToken cancellationToken)
   at Npgsql.NpgsqlCommand.ExecuteReader(Boolean async, CommandBehavior behavior, CancellationToken cancellationToken)
   at Npgsql.NpgsqlCommand.ExecuteReader(Boolean async, CommandBehavior behavior, CancellationToken cancellationToken)
   at Npgsql.NpgsqlCommand.ExecuteDbDataReaderAsync(CommandBehavior behavior, CancellationToken cancellationToken)
   at Microsoft.EntityFrameworkCore.Storage.RelationalCommand.ExecuteReaderAsync(RelationalCommandParameterObject parameterObject, CancellationToken cancellationToken)
   at Microsoft.EntityFrameworkCore.Storage.RelationalCommand.ExecuteReaderAsync(RelationalCommandParameterObject parameterObject, CancellationToken cancellationToken)
   at Microsoft.EntityFrameworkCore.Update.ReaderModificationCommandBatch.ExecuteAsync(IRelationalConnection connection, CancellationToken cancellationToken)
  Exception data:
    Severity: ERROR
    SqlState: 23503
    MessageText: insert or update on table "AttendanceRecords" violates foreign key constraint "FK_AttendanceRecords_User_MarkedBy"
    Detail: Detail redacted as it may contain sensitive data. Specify 'Include Error Detail' in the connection string to include this information.
    SchemaName: public
    TableName: AttendanceRecords
    ConstraintName: FK_AttendanceRecords_User_MarkedBy
    File: ri_triggers.c
    Line: 2783
    Routine: ri_ReportViolation
   --- End of inner exception stack trace ---
   at Microsoft.EntityFrameworkCore.Update.ReaderModificationCommandBatch.ExecuteAsync(IRelationalConnection connection, CancellationToken cancellationToken)
   at Microsoft.EntityFrameworkCore.Update.Internal.BatchExecutor.ExecuteAsync(IEnumerable`1 commandBatches, IRelationalConnection connection, CancellationToken cancellationToken)
   at Microsoft.EntityFrameworkCore.Update.Internal.BatchExecutor.ExecuteAsync(IEnumerable`1 commandBatches, IRelationalConnection connection, CancellationToken cancellationToken)
   at Microsoft.EntityFrameworkCore.Update.Internal.BatchExecutor.ExecuteAsync(IEnumerable`1 commandBatches, IRelationalConnection connection, CancellationToken cancellationToken)
   at Microsoft.EntityFrameworkCore.ChangeTracking.Internal.StateManager.SaveChangesAsync(IList`1 entriesToSave, CancellationToken cancellationToken)
   at Microsoft.EntityFrameworkCore.ChangeTracking.Internal.StateManager.SaveChangesAsync(StateManager stateManager, Boolean acceptAllChangesOnSuccess, CancellationToken cancellationToken)
   at Microsoft.EntityFrameworkCore.Storage.ExecutionStrategy.<>c__DisplayClass30_0`2.<<ExecuteAsync>b__0>d.MoveNext()
--- End of stack trace from previous location ---
   at Microsoft.EntityFrameworkCore.Storage.ExecutionStrategy.ExecuteImplementationAsync[TState,TResult](Func`4 operation, Func`4 verifySucceeded, TState state, CancellationToken cancellationToken)
   at Microsoft.EntityFrameworkCore.Storage.ExecutionStrategy.ExecuteImplementationAsync[TState,TResult](Func`4 operation, Func`4 verifySucceeded, TState state, CancellationToken cancellationToken)
   at Microsoft.EntityFrameworkCore.Storage.ExecutionStrategy.ExecuteAsync[TState,TResult](TState state, Func`4 operation, Func`4 verifySucceeded, CancellationToken cancellationToken)
   at Microsoft.EntityFrameworkCore.DbContext.SaveChangesAsync(Boolean acceptAllChangesOnSuccess, CancellationToken cancellationToken)
Microsoft.EntityFrameworkCore.DbUpdateException: An error occurred while saving the entity changes. See the inner exception for details.
 ---> Npgsql.PostgresException (0x80004005): 23503: insert or update on table "AttendanceRecords" violates foreign key constraint "FK_AttendanceRecords_User_MarkedBy"

DETAIL: Detail redacted as it may contain sensitive data. Specify 'Include Error Detail' in the connection string to include this information.
   at Npgsql.Internal.NpgsqlConnector.ReadMessageLong(Boolean async, DataRowLoadingMode dataRowLoadingMode, Boolean readingNotifications, Boolean isReadingPrependedMessage)
   at System.Runtime.CompilerServices.PoolingAsyncValueTaskMethodBuilder`1.StateMachineBox`1.System.Threading.Tasks.Sources.IValueTaskSource<TResult>.GetResult(Int16 token)
   at Npgsql.NpgsqlDataReader.NextResult(Boolean async, Boolean isConsuming, CancellationToken cancellationToken)
   at Npgsql.NpgsqlDataReader.NextResult(Boolean async, Boolean isConsuming, CancellationToken cancellationToken)
   at Npgsql.NpgsqlCommand.ExecuteReader(Boolean async, CommandBehavior behavior, CancellationToken cancellationToken)
   at Npgsql.NpgsqlCommand.ExecuteReader(Boolean async, CommandBehavior behavior, CancellationToken cancellationToken)
   at Npgsql.NpgsqlCommand.ExecuteDbDataReaderAsync(CommandBehavior behavior, CancellationToken cancellationToken)
   at Microsoft.EntityFrameworkCore.Storage.RelationalCommand.ExecuteReaderAsync(RelationalCommandParameterObject parameterObject, CancellationToken cancellationToken)
   at Microsoft.EntityFrameworkCore.Storage.RelationalCommand.ExecuteReaderAsync(RelationalCommandParameterObject parameterObject, CancellationToken cancellationToken)
   at Microsoft.EntityFrameworkCore.Update.ReaderModificationCommandBatch.ExecuteAsync(IRelationalConnection connection, CancellationToken cancellationToken)
  Exception data:
    Severity: ERROR
    SqlState: 23503
    MessageText: insert or update on table "AttendanceRecords" violates foreign key constraint "FK_AttendanceRecords_User_MarkedBy"
    Detail: Detail redacted as it may contain sensitive data. Specify 'Include Error Detail' in the connection string to include this information.
    SchemaName: public
    TableName: AttendanceRecords
    ConstraintName: FK_AttendanceRecords_User_MarkedBy
    File: ri_triggers.c
    Line: 2783
    Routine: ri_ReportViolation
   --- End of inner exception stack trace ---
   at Microsoft.EntityFrameworkCore.Update.ReaderModificationCommandBatch.ExecuteAsync(IRelationalConnection connection, CancellationToken cancellationToken)
   at Microsoft.EntityFrameworkCore.Update.Internal.BatchExecutor.ExecuteAsync(IEnumerable`1 commandBatches, IRelationalConnection connection, CancellationToken cancellationToken)
   at Microsoft.EntityFrameworkCore.Update.Internal.BatchExecutor.ExecuteAsync(IEnumerable`1 commandBatches, IRelationalConnection connection, CancellationToken cancellationToken)
   at Microsoft.EntityFrameworkCore.Update.Internal.BatchExecutor.ExecuteAsync(IEnumerable`1 commandBatches, IRelationalConnection connection, CancellationToken cancellationToken)
   at Microsoft.EntityFrameworkCore.ChangeTracking.Internal.StateManager.SaveChangesAsync(IList`1 entriesToSave, CancellationToken cancellationToken)
   at Microsoft.EntityFrameworkCore.ChangeTracking.Internal.StateManager.SaveChangesAsync(StateManager stateManager, Boolean acceptAllChangesOnSuccess, CancellationToken cancellationToken)
   at Microsoft.EntityFrameworkCore.Storage.ExecutionStrategy.<>c__DisplayClass30_0`2.<<ExecuteAsync>b__0>d.MoveNext()
--- End of stack trace from previous location ---
   at Microsoft.EntityFrameworkCore.Storage.ExecutionStrategy.ExecuteImplementationAsync[TState,TResult](Func`4 operation, Func`4 verifySucceeded, TState state, CancellationToken cancellationToken)
   at Microsoft.EntityFrameworkCore.Storage.ExecutionStrategy.ExecuteImplementationAsync[TState,TResult](Func`4 operation, Func`4 verifySucceeded, TState state, CancellationToken cancellationToken)
   at Microsoft.EntityFrameworkCore.Storage.ExecutionStrategy.ExecuteAsync[TState,TResult](TState state, Func`4 operation, Func`4 verifySucceeded, CancellationToken cancellationToken)
   at Microsoft.EntityFrameworkCore.DbContext.SaveChangesAsync(Boolean acceptAllChangesOnSuccess, CancellationToken cancellationToken)
2026-04-19 19:07:39.689 +05:30 [ERR] SmsApi.Middleware.AuditLoggingMiddleware | CorrelationId:589e7efb57044a3690275c6d77d50873 | Failed to write audit log entry
Microsoft.EntityFrameworkCore.DbUpdateException: An error occurred while saving the entity changes. See the inner exception for details.
 ---> Npgsql.PostgresException (0x80004005): 23503: insert or update on table "AttendanceRecords" violates foreign key constraint "FK_AttendanceRecords_User_MarkedBy"

DETAIL: Detail redacted as it may contain sensitive data. Specify 'Include Error Detail' in the connection string to include this information.
   at Npgsql.Internal.NpgsqlConnector.ReadMessageLong(Boolean async, DataRowLoadingMode dataRowLoadingMode, Boolean readingNotifications, Boolean isReadingPrependedMessage)
   at System.Runtime.CompilerServices.PoolingAsyncValueTaskMethodBuilder`1.StateMachineBox`1.System.Threading.Tasks.Sources.IValueTaskSource<TResult>.GetResult(Int16 token)
   at Npgsql.NpgsqlDataReader.NextResult(Boolean async, Boolean isConsuming, CancellationToken cancellationToken)
   at Npgsql.NpgsqlDataReader.NextResult(Boolean async, Boolean isConsuming, CancellationToken cancellationToken)
   at Npgsql.NpgsqlCommand.ExecuteReader(Boolean async, CommandBehavior behavior, CancellationToken cancellationToken)
   at Npgsql.NpgsqlCommand.ExecuteReader(Boolean async, CommandBehavior behavior, CancellationToken cancellationToken)
   at Npgsql.NpgsqlCommand.ExecuteDbDataReaderAsync(CommandBehavior behavior, CancellationToken cancellationToken)
   at Microsoft.EntityFrameworkCore.Storage.RelationalCommand.ExecuteReaderAsync(RelationalCommandParameterObject parameterObject, CancellationToken cancellationToken)
   at Microsoft.EntityFrameworkCore.Storage.RelationalCommand.ExecuteReaderAsync(RelationalCommandParameterObject parameterObject, CancellationToken cancellationToken)
   at Microsoft.EntityFrameworkCore.Update.ReaderModificationCommandBatch.ExecuteAsync(IRelationalConnection connection, CancellationToken cancellationToken)
  Exception data:
    Severity: ERROR
    SqlState: 23503
    MessageText: insert or update on table "AttendanceRecords" violates foreign key constraint "FK_AttendanceRecords_User_MarkedBy"
    Detail: Detail redacted as it may contain sensitive data. Specify 'Include Error Detail' in the connection string to include this information.
    SchemaName: public
    TableName: AttendanceRecords
    ConstraintName: FK_AttendanceRecords_User_MarkedBy
    File: ri_triggers.c
    Line: 2783
    Routine: ri_ReportViolation
   --- End of inner exception stack trace ---
   at Microsoft.EntityFrameworkCore.Update.ReaderModificationCommandBatch.ExecuteAsync(IRelationalConnection connection, CancellationToken cancellationToken)
   at Microsoft.EntityFrameworkCore.Update.Internal.BatchExecutor.ExecuteAsync(IEnumerable`1 commandBatches, IRelationalConnection connection, CancellationToken cancellationToken)
   at Microsoft.EntityFrameworkCore.Update.Internal.BatchExecutor.ExecuteAsync(IEnumerable`1 commandBatches, IRelationalConnection connection, CancellationToken cancellationToken)
   at Microsoft.EntityFrameworkCore.Update.Internal.BatchExecutor.ExecuteAsync(IEnumerable`1 commandBatches, IRelationalConnection connection, CancellationToken cancellationToken)
   at Microsoft.EntityFrameworkCore.ChangeTracking.Internal.StateManager.SaveChangesAsync(IList`1 entriesToSave, CancellationToken cancellationToken)
   at Microsoft.EntityFrameworkCore.ChangeTracking.Internal.StateManager.SaveChangesAsync(StateManager stateManager, Boolean acceptAllChangesOnSuccess, CancellationToken cancellationToken)
   at Microsoft.EntityFrameworkCore.Storage.ExecutionStrategy.<>c__DisplayClass30_0`2.<<ExecuteAsync>b__0>d.MoveNext()
--- End of stack trace from previous location ---
   at Microsoft.EntityFrameworkCore.Storage.ExecutionStrategy.ExecuteImplementationAsync[TState,TResult](Func`4 operation, Func`4 verifySucceeded, TState state, CancellationToken cancellationToken)
   at Microsoft.EntityFrameworkCore.Storage.ExecutionStrategy.ExecuteImplementationAsync[TState,TResult](Func`4 operation, Func`4 verifySucceeded, TState state, CancellationToken cancellationToken)
   at Microsoft.EntityFrameworkCore.Storage.ExecutionStrategy.ExecuteAsync[TState,TResult](TState state, Func`4 operation, Func`4 verifySucceeded, CancellationToken cancellationToken)
   at Microsoft.EntityFrameworkCore.DbContext.SaveChangesAsync(Boolean acceptAllChangesOnSuccess, CancellationToken cancellationToken)
   at Microsoft.EntityFrameworkCore.DbContext.SaveChangesAsync(Boolean acceptAllChangesOnSuccess, CancellationToken cancellationToken)
   at SmsApi.Data.AppDbContext.SaveChangesAsync(CancellationToken cancellationToken) in C:\Vitana\Vitana Group\sms-api\Data\AppDbContext.cs:line 229
   at SmsApi.Middleware.AuditLoggingMiddleware.WriteAuditLog(HttpContext context, AppDbContext dbContext, String requestBody, Int64 durationMs, String exceptionMessage) in C:\Vitana\Vitana Group\sms-api\Middleware\AuditLoggingMiddleware.cs:line 112
2026-04-19 19:07:39.708 +05:30 [ERR] Serilog.AspNetCore.RequestLoggingMiddleware | CorrelationId:589e7efb57044a3690275c6d77d50873 | HTTP POST /api/Attendance/records responded 500 in 253.1138 ms
2026-04-19 19:07:39.739 +05:30 [INF] SmsApi.Middleware.LoggingActionFilter | CorrelationId:db3367aa57ef4432a9c59b450f047d8c | API Request: GET /api/Attendance/records | User: Unknown | School: 550e8400-e29b-41d4-a716-446655440000
2026-04-19 19:07:39.781 +05:30 [INF] SmsApi.Middleware.LoggingActionFilter | CorrelationId:db3367aa57ef4432a9c59b450f047d8c | API Response: GET /api/Attendance/records | Status: 200 | Duration: 42ms
2026-04-19 19:07:39.787 +05:30 [INF] Serilog.AspNetCore.RequestLoggingMiddleware | CorrelationId:db3367aa57ef4432a9c59b450f047d8c | HTTP GET /api/Attendance/records responded 200 in 63.7968 ms
2026-04-19 19:07:39.810 +05:30 [INF] SmsApi.Middleware.LoggingActionFilter | CorrelationId:e4d86959f268485a994e349e3a2d9411 | API Request: POST /api/academics/classes | User: Unknown | School: 550e8400-e29b-41d4-a716-446655440000
2026-04-19 19:07:39.831 +05:30 [INF] SmsApi.Middleware.LoggingActionFilter | CorrelationId:e4d86959f268485a994e349e3a2d9411 | API Response: POST /api/academics/classes | Status: 200 | Duration: 20ms
2026-04-19 19:07:39.839 +05:30 [INF] Serilog.AspNetCore.RequestLoggingMiddleware | CorrelationId:e4d86959f268485a994e349e3a2d9411 | HTTP POST /api/academics/classes responded 201 in 29.9615 ms
2026-04-19 19:07:39.855 +05:30 [INF] SmsApi.Middleware.LoggingActionFilter | CorrelationId:9449bffb2e5b488993c68ce6bb2b3ffc | API Request: POST /api/academics/subjects | User: Unknown | School: 550e8400-e29b-41d4-a716-446655440000
2026-04-19 19:07:39.864 +05:30 [INF] SmsApi.Middleware.LoggingActionFilter | CorrelationId:9449bffb2e5b488993c68ce6bb2b3ffc | API Response: POST /api/academics/subjects | Status: 200 | Duration: 9ms
2026-04-19 19:07:39.874 +05:30 [INF] Serilog.AspNetCore.RequestLoggingMiddleware | CorrelationId:9449bffb2e5b488993c68ce6bb2b3ffc | HTTP POST /api/academics/subjects responded 201 in 19.7828 ms
2026-04-19 19:07:39.888 +05:30 [INF] SmsApi.Middleware.LoggingActionFilter | CorrelationId:0467b01f98334c7fa5d64e2c8138f146 | API Request: POST /api/academics/class-subjects | User: Unknown | School: 550e8400-e29b-41d4-a716-446655440000
2026-04-19 19:07:39.900 +05:30 [INF] SmsApi.Middleware.LoggingActionFilter | CorrelationId:0467b01f98334c7fa5d64e2c8138f146 | API Response: POST /api/academics/class-subjects | Status: 200 | Duration: 12ms
2026-04-19 19:07:39.909 +05:30 [INF] Serilog.AspNetCore.RequestLoggingMiddleware | CorrelationId:0467b01f98334c7fa5d64e2c8138f146 | HTTP POST /api/academics/class-subjects responded 200 in 25.9175 ms
2026-04-19 19:07:39.932 +05:30 [INF] SmsApi.Middleware.LoggingActionFilter | CorrelationId:04f27e728efc41d8a6ee4573e358e236 | API Request: GET /api/academics/classes | User: Unknown | School: 550e8400-e29b-41d4-a716-446655440000
2026-04-19 19:07:39.965 +05:30 [INF] SmsApi.Middleware.LoggingActionFilter | CorrelationId:04f27e728efc41d8a6ee4573e358e236 | API Response: GET /api/academics/classes | Status: 200 | Duration: 32ms
2026-04-19 19:07:39.970 +05:30 [INF] Serilog.AspNetCore.RequestLoggingMiddleware | CorrelationId:04f27e728efc41d8a6ee4573e358e236 | HTTP GET /api/academics/classes responded 200 in 38.3545 ms
2026-04-19 19:07:39.992 +05:30 [INF] SmsApi.Middleware.LoggingActionFilter | CorrelationId:d89ba21934be4cc79fe3073c8b8c8916 | API Request: GET /api/Attendance/records | User: Unknown | School: 550e8400-e29b-41d4-a716-446655440000
2026-04-19 19:07:40.001 +05:30 [INF] SmsApi.Middleware.LoggingActionFilter | CorrelationId:d89ba21934be4cc79fe3073c8b8c8916 | API Response: GET /api/Attendance/records | Status: 200 | Duration: 8ms
2026-04-19 19:07:40.008 +05:30 [INF] Serilog.AspNetCore.RequestLoggingMiddleware | CorrelationId:d89ba21934be4cc79fe3073c8b8c8916 | HTTP GET /api/Attendance/records responded 200 in 20.6012 ms
2026-04-19 19:07:40.024 +05:30 [INF] SmsApi.Middleware.LoggingActionFilter | CorrelationId:19032bbc3790495fa5373585328c593a | API Request: GET /api/LeaveManagement/requests | User: Unknown | School: 550e8400-e29b-41d4-a716-446655440000
2026-04-19 19:07:40.066 +05:30 [INF] SmsApi.Middleware.LoggingActionFilter | CorrelationId:19032bbc3790495fa5373585328c593a | API Response: GET /api/LeaveManagement/requests | Status: 200 | Duration: 41ms
2026-04-19 19:07:40.092 +05:30 [INF] Serilog.AspNetCore.RequestLoggingMiddleware | CorrelationId:19032bbc3790495fa5373585328c593a | HTTP GET /api/LeaveManagement/requests responded 200 in 72.4726 ms
2026-04-19 19:07:40.133 +05:30 [INF] Serilog.AspNetCore.RequestLoggingMiddleware | CorrelationId:055bbf31c527451fb8369f6608853061 | HTTP POST /api/students responded 400 in 23.3291 ms
2026-04-19 19:07:53.903 +05:30 [INF] SmsApi.Middleware.LoggingActionFilter | CorrelationId:c34b347766b2441fad28cc6eea0f432d | API Request: POST /api/auth/login | User: Unknown | School: Unknown
2026-04-19 19:07:54.471 +05:30 [INF] SmsApi.Controllers.AuthController | CorrelationId:c34b347766b2441fad28cc6eea0f432d | Login successful for admin (SchoolId: "550e8400-e29b-41d4-a716-446655440000")
2026-04-19 19:07:54.473 +05:30 [INF] SmsApi.Middleware.LoggingActionFilter | CorrelationId:c34b347766b2441fad28cc6eea0f432d | API Response: POST /api/auth/login | Status: 200 | Duration: 570ms
2026-04-19 19:07:54.485 +05:30 [INF] Serilog.AspNetCore.RequestLoggingMiddleware | CorrelationId:c34b347766b2441fad28cc6eea0f432d | HTTP POST /api/auth/login responded 200 in 592.5550 ms
2026-04-19 19:07:54.507 +05:30 [WRN] SmsApi.Infrastructure.Performance.PerformanceMonitoringMiddleware | CorrelationId: | Slow request: POST /api/auth/login took 588ms — status 200.
2026-04-19 19:07:54.545 +05:30 [INF] SmsApi.Middleware.LoggingActionFilter | CorrelationId:c90b7fe73a4944a0b028ceb0b0567995 | API Request: POST /api/academics/classes | User: Unknown | School: 550e8400-e29b-41d4-a716-446655440000
2026-04-19 19:07:54.552 +05:30 [INF] SmsApi.Middleware.LoggingActionFilter | CorrelationId:c90b7fe73a4944a0b028ceb0b0567995 | API Response: POST /api/academics/classes | Status: 200 | Duration: 6ms
2026-04-19 19:07:54.560 +05:30 [INF] Serilog.AspNetCore.RequestLoggingMiddleware | CorrelationId:c90b7fe73a4944a0b028ceb0b0567995 | HTTP POST /api/academics/classes responded 400 in 20.1788 ms
2026-04-19 19:07:54.590 +05:30 [INF] SmsApi.Middleware.LoggingActionFilter | CorrelationId:6af25ba5a4824f54984a3c405245ea4d | API Request: POST /api/academics/classes | User: Unknown | School: 550e8400-e29b-41d4-a716-446655440000
2026-04-19 19:07:54.599 +05:30 [INF] SmsApi.Middleware.LoggingActionFilter | CorrelationId:6af25ba5a4824f54984a3c405245ea4d | API Response: POST /api/academics/classes | Status: 200 | Duration: 8ms
2026-04-19 19:07:54.614 +05:30 [INF] Serilog.AspNetCore.RequestLoggingMiddleware | CorrelationId:6af25ba5a4824f54984a3c405245ea4d | HTTP POST /api/academics/classes responded 400 in 24.8888 ms
2026-04-19 19:07:54.638 +05:30 [INF] SmsApi.Middleware.LoggingActionFilter | CorrelationId:e1dc2665790c464e9d25b4343840530d | API Request: POST /api/academics/subjects | User: Unknown | School: 550e8400-e29b-41d4-a716-446655440000
2026-04-19 19:07:54.648 +05:30 [INF] SmsApi.Middleware.LoggingActionFilter | CorrelationId:e1dc2665790c464e9d25b4343840530d | API Response: POST /api/academics/subjects | Status: 200 | Duration: 9ms
2026-04-19 19:07:54.661 +05:30 [INF] Serilog.AspNetCore.RequestLoggingMiddleware | CorrelationId:e1dc2665790c464e9d25b4343840530d | HTTP POST /api/academics/subjects responded 201 in 23.6255 ms
2026-04-19 19:07:54.685 +05:30 [INF] SmsApi.Middleware.LoggingActionFilter | CorrelationId:6c9fc21b6dad4c51b12fe7b20ac20e1c | API Request: POST /api/academics/subjects | User: Unknown | School: 550e8400-e29b-41d4-a716-446655440000
2026-04-19 19:07:54.690 +05:30 [INF] SmsApi.Middleware.LoggingActionFilter | CorrelationId:6c9fc21b6dad4c51b12fe7b20ac20e1c | API Response: POST /api/academics/subjects | Status: 200 | Duration: 5ms
2026-04-19 19:07:54.696 +05:30 [INF] Serilog.AspNetCore.RequestLoggingMiddleware | CorrelationId:6c9fc21b6dad4c51b12fe7b20ac20e1c | HTTP POST /api/academics/subjects responded 400 in 12.6483 ms
2026-04-19 19:07:54.714 +05:30 [INF] SmsApi.Middleware.LoggingActionFilter | CorrelationId:b2359f981d784418bf5fd76ca92a9238 | API Request: POST /api/academics/academic-years | User: Unknown | School: 550e8400-e29b-41d4-a716-446655440000
2026-04-19 19:07:54.732 +05:30 [INF] SmsApi.Middleware.LoggingActionFilter | CorrelationId:b2359f981d784418bf5fd76ca92a9238 | API Response: POST /api/academics/academic-years | Status: 200 | Duration: 17ms
2026-04-19 19:07:54.746 +05:30 [INF] Serilog.AspNetCore.RequestLoggingMiddleware | CorrelationId:b2359f981d784418bf5fd76ca92a9238 | HTTP POST /api/academics/academic-years responded 201 in 37.1512 ms
2026-04-19 19:07:54.776 +05:30 [INF] SmsApi.Middleware.LoggingActionFilter | CorrelationId:f29d65cd66f149868fd9764d4ae0ea02 | API Request: POST /api/academics/academic-years | User: Unknown | School: 550e8400-e29b-41d4-a716-446655440000
2026-04-19 19:07:54.786 +05:30 [INF] SmsApi.Middleware.LoggingActionFilter | CorrelationId:f29d65cd66f149868fd9764d4ae0ea02 | API Response: POST /api/academics/academic-years | Status: 200 | Duration: 10ms
2026-04-19 19:07:54.792 +05:30 [INF] Serilog.AspNetCore.RequestLoggingMiddleware | CorrelationId:f29d65cd66f149868fd9764d4ae0ea02 | HTTP POST /api/academics/academic-years responded 400 in 17.6993 ms
2026-04-19 19:07:54.803 +05:30 [INF] SmsApi.Middleware.LoggingActionFilter | CorrelationId:252f34eac5164b3fa29c4b68c313fcd6 | API Request: GET /api/academics/classes | User: Unknown | School: 550e8400-e29b-41d4-a716-446655440000
2026-04-19 19:07:54.825 +05:30 [INF] SmsApi.Middleware.LoggingActionFilter | CorrelationId:252f34eac5164b3fa29c4b68c313fcd6 | API Response: GET /api/academics/classes | Status: 200 | Duration: 22ms
2026-04-19 19:07:54.831 +05:30 [INF] Serilog.AspNetCore.RequestLoggingMiddleware | CorrelationId:252f34eac5164b3fa29c4b68c313fcd6 | HTTP GET /api/academics/classes responded 200 in 28.6930 ms
2026-04-19 19:07:54.866 +05:30 [INF] Serilog.AspNetCore.RequestLoggingMiddleware | CorrelationId:ed0b9f7670be427d87e27571d962d7e6 | HTTP GET /api/academics/classes responded 401 in 0.6943 ms
2026-04-19 19:08:06.731 +05:30 [INF] SmsApi.Middleware.LoggingActionFilter | CorrelationId:96d124b8ade945d8bd82112c1a71219a | API Request: POST /api/auth/login | User: Unknown | School: Unknown
2026-04-19 19:08:07.340 +05:30 [INF] SmsApi.Controllers.AuthController | CorrelationId:96d124b8ade945d8bd82112c1a71219a | Login successful for admin (SchoolId: "550e8400-e29b-41d4-a716-446655440000")
2026-04-19 19:08:07.343 +05:30 [INF] SmsApi.Middleware.LoggingActionFilter | CorrelationId:96d124b8ade945d8bd82112c1a71219a | API Response: POST /api/auth/login | Status: 200 | Duration: 612ms
2026-04-19 19:08:07.377 +05:30 [INF] Serilog.AspNetCore.RequestLoggingMiddleware | CorrelationId:96d124b8ade945d8bd82112c1a71219a | HTTP POST /api/auth/login responded 200 in 655.7583 ms
2026-04-19 19:08:07.446 +05:30 [WRN] SmsApi.Infrastructure.Performance.PerformanceMonitoringMiddleware | CorrelationId: | Slow request: POST /api/auth/login took 648ms — status 200.
2026-04-19 19:08:07.529 +05:30 [INF] SmsApi.Middleware.LoggingActionFilter | CorrelationId:bcff9b932d8f4c9d80e2a77ed1e135f9 | API Request: POST /api/academics/classes | User: Unknown | School: 550e8400-e29b-41d4-a716-446655440000
2026-04-19 19:08:07.572 +05:30 [INF] SmsApi.Middleware.LoggingActionFilter | CorrelationId:bcff9b932d8f4c9d80e2a77ed1e135f9 | API Response: POST /api/academics/classes | Status: 200 | Duration: 43ms
2026-04-19 19:08:07.593 +05:30 [INF] Serilog.AspNetCore.RequestLoggingMiddleware | CorrelationId:bcff9b932d8f4c9d80e2a77ed1e135f9 | HTTP POST /api/academics/classes responded 201 in 72.1719 ms
2026-04-19 19:08:07.627 +05:30 [INF] SmsApi.Middleware.LoggingActionFilter | CorrelationId:e10a1ae646804b1cace947a3cf35add2 | API Request: POST /api/academics/classes | User: Unknown | School: 550e8400-e29b-41d4-a716-446655440000
2026-04-19 19:08:07.649 +05:30 [INF] SmsApi.Middleware.LoggingActionFilter | CorrelationId:e10a1ae646804b1cace947a3cf35add2 | API Response: POST /api/academics/classes | Status: 200 | Duration: 21ms
2026-04-19 19:08:07.665 +05:30 [INF] Serilog.AspNetCore.RequestLoggingMiddleware | CorrelationId:e10a1ae646804b1cace947a3cf35add2 | HTTP POST /api/academics/classes responded 400 in 39.1508 ms
2026-04-19 19:08:07.695 +05:30 [INF] SmsApi.Middleware.LoggingActionFilter | CorrelationId:e6fa28af2b26491aa0220a39bd370550 | API Request: POST /api/academics/sections | User: Unknown | School: 550e8400-e29b-41d4-a716-446655440000
2026-04-19 19:08:07.711 +05:30 [INF] SmsApi.Middleware.LoggingActionFilter | CorrelationId:e6fa28af2b26491aa0220a39bd370550 | API Response: POST /api/academics/sections | Status: 200 | Duration: 15ms
2026-04-19 19:08:07.722 +05:30 [INF] Serilog.AspNetCore.RequestLoggingMiddleware | CorrelationId:e6fa28af2b26491aa0220a39bd370550 | HTTP POST /api/academics/sections responded 201 in 28.5685 ms
2026-04-19 19:08:07.745 +05:30 [INF] SmsApi.Middleware.LoggingActionFilter | CorrelationId:4e2844c1014f4967b046579a2ae817d4 | API Request: POST /api/academics/subjects | User: Unknown | School: 550e8400-e29b-41d4-a716-446655440000
2026-04-19 19:08:07.763 +05:30 [INF] SmsApi.Middleware.LoggingActionFilter | CorrelationId:4e2844c1014f4967b046579a2ae817d4 | API Response: POST /api/academics/subjects | Status: 200 | Duration: 17ms
2026-04-19 19:08:07.773 +05:30 [INF] Serilog.AspNetCore.RequestLoggingMiddleware | CorrelationId:4e2844c1014f4967b046579a2ae817d4 | HTTP POST /api/academics/subjects responded 201 in 29.4747 ms
2026-04-19 19:08:07.801 +05:30 [INF] SmsApi.Middleware.LoggingActionFilter | CorrelationId:57c53b37d4994990b9b0daa30e6f15d9 | API Request: POST /api/academics/subjects | User: Unknown | School: 550e8400-e29b-41d4-a716-446655440000
2026-04-19 19:08:07.806 +05:30 [INF] SmsApi.Middleware.LoggingActionFilter | CorrelationId:57c53b37d4994990b9b0daa30e6f15d9 | API Response: POST /api/academics/subjects | Status: 200 | Duration: 5ms
2026-04-19 19:08:07.812 +05:30 [INF] Serilog.AspNetCore.RequestLoggingMiddleware | CorrelationId:57c53b37d4994990b9b0daa30e6f15d9 | HTTP POST /api/academics/subjects responded 400 in 12.5995 ms
2026-04-19 19:08:07.825 +05:30 [INF] SmsApi.Middleware.LoggingActionFilter | CorrelationId:648f206967d540f2a00a4f02cf5b28a3 | API Request: POST /api/academics/class-subjects | User: Unknown | School: 550e8400-e29b-41d4-a716-446655440000
2026-04-19 19:08:07.863 +05:30 [INF] SmsApi.Middleware.LoggingActionFilter | CorrelationId:648f206967d540f2a00a4f02cf5b28a3 | API Response: POST /api/academics/class-subjects | Status: 200 | Duration: 37ms
2026-04-19 19:08:07.872 +05:30 [INF] Serilog.AspNetCore.RequestLoggingMiddleware | CorrelationId:648f206967d540f2a00a4f02cf5b28a3 | HTTP POST /api/academics/class-subjects responded 200 in 48.0851 ms
2026-04-19 19:08:07.916 +05:30 [INF] SmsApi.Middleware.LoggingActionFilter | CorrelationId:967da9fe22b947b38dcaf20505f375ad | API Request: POST /api/academics/class-subjects | User: Unknown | School: 550e8400-e29b-41d4-a716-446655440000
2026-04-19 19:08:07.937 +05:30 [INF] SmsApi.Middleware.LoggingActionFilter | CorrelationId:967da9fe22b947b38dcaf20505f375ad | API Response: POST /api/academics/class-subjects | Status: 200 | Duration: 20ms
2026-04-19 19:08:07.949 +05:30 [INF] Serilog.AspNetCore.RequestLoggingMiddleware | CorrelationId:967da9fe22b947b38dcaf20505f375ad | HTTP POST /api/academics/class-subjects responded 400 in 34.6819 ms
2026-04-19 19:08:07.967 +05:30 [INF] SmsApi.Middleware.LoggingActionFilter | CorrelationId:838594813aff4810b7966664eee4e2d3 | API Request: POST /api/academics/academic-years | User: Unknown | School: 550e8400-e29b-41d4-a716-446655440000
2026-04-19 19:08:07.992 +05:30 [INF] SmsApi.Middleware.LoggingActionFilter | CorrelationId:838594813aff4810b7966664eee4e2d3 | API Response: POST /api/academics/academic-years | Status: 200 | Duration: 24ms
2026-04-19 19:08:08.006 +05:30 [INF] Serilog.AspNetCore.RequestLoggingMiddleware | CorrelationId:838594813aff4810b7966664eee4e2d3 | HTTP POST /api/academics/academic-years responded 201 in 40.0065 ms
2026-04-19 19:08:08.053 +05:30 [INF] SmsApi.Middleware.LoggingActionFilter | CorrelationId:20a4d8cb56ef4db3809ba26d7dee87f0 | API Request: POST /api/academics/academic-years | User: Unknown | School: 550e8400-e29b-41d4-a716-446655440000
2026-04-19 19:08:08.066 +05:30 [INF] SmsApi.Middleware.LoggingActionFilter | CorrelationId:20a4d8cb56ef4db3809ba26d7dee87f0 | API Response: POST /api/academics/academic-years | Status: 200 | Duration: 13ms
2026-04-19 19:08:08.075 +05:30 [INF] Serilog.AspNetCore.RequestLoggingMiddleware | CorrelationId:20a4d8cb56ef4db3809ba26d7dee87f0 | HTTP POST /api/academics/academic-years responded 400 in 26.7782 ms
2026-04-19 19:08:08.128 +05:30 [INF] SmsApi.Middleware.LoggingActionFilter | CorrelationId:92e676947665475ebea067c0b990bda6 | API Request: GET /api/academics/classes | User: Unknown | School: 550e8400-e29b-41d4-a716-446655440000
2026-04-19 19:08:08.160 +05:30 [INF] SmsApi.Middleware.LoggingActionFilter | CorrelationId:92e676947665475ebea067c0b990bda6 | API Response: GET /api/academics/classes | Status: 200 | Duration: 31ms
2026-04-19 19:08:08.179 +05:30 [INF] Serilog.AspNetCore.RequestLoggingMiddleware | CorrelationId:92e676947665475ebea067c0b990bda6 | HTTP GET /api/academics/classes responded 200 in 52.3408 ms
2026-04-19 19:08:08.227 +05:30 [INF] Serilog.AspNetCore.RequestLoggingMiddleware | CorrelationId:e26f924875a04299adb52d23e5fc579e | HTTP GET /api/academics/classes responded 401 in 0.3669 ms
2026-04-19 19:08:17.411 +05:30 [INF] SmsApi.Middleware.LoggingActionFilter | CorrelationId:e4e8299c65d1422592bb15fa263edfcf | API Request: POST /api/auth/login | User: Unknown | School: Unknown
2026-04-19 19:08:18.148 +05:30 [INF] SmsApi.Controllers.AuthController | CorrelationId:e4e8299c65d1422592bb15fa263edfcf | Login successful for admin (SchoolId: "550e8400-e29b-41d4-a716-446655440000")
2026-04-19 19:08:18.153 +05:30 [INF] SmsApi.Middleware.LoggingActionFilter | CorrelationId:e4e8299c65d1422592bb15fa263edfcf | API Response: POST /api/auth/login | Status: 200 | Duration: 741ms
2026-04-19 19:08:18.164 +05:30 [INF] Serilog.AspNetCore.RequestLoggingMiddleware | CorrelationId:e4e8299c65d1422592bb15fa263edfcf | HTTP POST /api/auth/login responded 200 in 764.7809 ms
2026-04-19 19:08:18.171 +05:30 [WRN] SmsApi.Infrastructure.Performance.PerformanceMonitoringMiddleware | CorrelationId: | Slow request: POST /api/auth/login took 761ms — status 200.
2026-04-19 19:08:18.258 +05:30 [INF] SmsApi.Middleware.LoggingActionFilter | CorrelationId:5cc499c8e2974b37a8993abb5605f432 | API Request: POST /api/students | User: Unknown | School: 550e8400-e29b-41d4-a716-446655440000
2026-04-19 19:08:18.284 +05:30 [INF] SmsApi.Services.StudentService | CorrelationId:5cc499c8e2974b37a8993abb5605f432 | Student created: "482c7d63-6c37-4da9-be41-1bf63a1f248b", Admission: INT20260419190818
2026-04-19 19:08:18.307 +05:30 [WRN] SmsApi.Services.StudentService | CorrelationId:5cc499c8e2974b37a8993abb5605f432 | No fee structure found for class 10, academic year AY-20260419190735. Fee record not created.
2026-04-19 19:08:18.330 +05:30 [INF] SmsApi.Services.StudentService | CorrelationId:5cc499c8e2974b37a8993abb5605f432 | Library card initialized for student "482c7d63-6c37-4da9-be41-1bf63a1f248b": LIB-INT20260419190818
2026-04-19 19:08:18.343 +05:30 [INF] SmsApi.Services.StudentService | CorrelationId:5cc499c8e2974b37a8993abb5605f432 | Student creation completed with all related records: "482c7d63-6c37-4da9-be41-1bf63a1f248b"
2026-04-19 19:08:18.366 +05:30 [INF] SmsApi.Middleware.LoggingActionFilter | CorrelationId:5cc499c8e2974b37a8993abb5605f432 | API Response: POST /api/students | Status: 200 | Duration: 108ms
2026-04-19 19:08:18.375 +05:30 [INF] Serilog.AspNetCore.RequestLoggingMiddleware | CorrelationId:5cc499c8e2974b37a8993abb5605f432 | HTTP POST /api/students responded 201 in 129.5245 ms
2026-04-19 19:08:18.394 +05:30 [INF] SmsApi.Middleware.LoggingActionFilter | CorrelationId:471ddd8241644943834aaa795f490779 | API Request: GET /api/students/482c7d63-6c37-4da9-be41-1bf63a1f248b | User: Unknown | School: 550e8400-e29b-41d4-a716-446655440000
2026-04-19 19:08:18.406 +05:30 [INF] SmsApi.Middleware.LoggingActionFilter | CorrelationId:471ddd8241644943834aaa795f490779 | API Response: GET /api/students/482c7d63-6c37-4da9-be41-1bf63a1f248b | Status: 200 | Duration: 11ms
2026-04-19 19:08:18.411 +05:30 [INF] Serilog.AspNetCore.RequestLoggingMiddleware | CorrelationId:471ddd8241644943834aaa795f490779 | HTTP GET /api/students/482c7d63-6c37-4da9-be41-1bf63a1f248b responded 200 in 20.8008 ms
2026-04-19 19:08:18.440 +05:30 [INF] SmsApi.Middleware.LoggingActionFilter | CorrelationId:5fe6962eefe8453bb485f47b662f28d4 | API Request: POST /api/Staff | User: Unknown | School: 550e8400-e29b-41d4-a716-446655440000
2026-04-19 19:08:18.478 +05:30 [INF] SmsApi.Services.StaffService | CorrelationId:5fe6962eefe8453bb485f47b662f28d4 | Staff onboarding complete for EMP20260419190818
2026-04-19 19:08:18.492 +05:30 [INF] SmsApi.Middleware.LoggingActionFilter | CorrelationId:5fe6962eefe8453bb485f47b662f28d4 | API Response: POST /api/Staff | Status: 200 | Duration: 52ms
2026-04-19 19:08:18.509 +05:30 [INF] Serilog.AspNetCore.RequestLoggingMiddleware | CorrelationId:5fe6962eefe8453bb485f47b662f28d4 | HTTP POST /api/Staff responded 201 in 75.1202 ms
2026-04-19 19:08:18.541 +05:30 [INF] SmsApi.Middleware.LoggingActionFilter | CorrelationId:8dae3a13ee5148f8a45f1daff73abfe3 | API Request: GET /api/Staff/aab3426a-36f9-446f-9657-71a4cf278a62 | User: Unknown | School: 550e8400-e29b-41d4-a716-446655440000
2026-04-19 19:08:18.554 +05:30 [INF] SmsApi.Middleware.LoggingActionFilter | CorrelationId:8dae3a13ee5148f8a45f1daff73abfe3 | API Response: GET /api/Staff/aab3426a-36f9-446f-9657-71a4cf278a62 | Status: 200 | Duration: 13ms
2026-04-19 19:08:18.584 +05:30 [INF] Serilog.AspNetCore.RequestLoggingMiddleware | CorrelationId:8dae3a13ee5148f8a45f1daff73abfe3 | HTTP GET /api/Staff/aab3426a-36f9-446f-9657-71a4cf278a62 responded 200 in 47.5311 ms
2026-04-19 19:08:18.610 +05:30 [INF] SmsApi.Middleware.LoggingActionFilter | CorrelationId:8fbeea166c7f48dcb0454016c6c181be | API Request: GET /api/Staff | User: Unknown | School: 550e8400-e29b-41d4-a716-446655440000
2026-04-19 19:08:18.638 +05:30 [INF] SmsApi.Middleware.LoggingActionFilter | CorrelationId:8fbeea166c7f48dcb0454016c6c181be | API Response: GET /api/Staff | Status: 200 | Duration: 27ms
2026-04-19 19:08:18.647 +05:30 [INF] Serilog.AspNetCore.RequestLoggingMiddleware | CorrelationId:8fbeea166c7f48dcb0454016c6c181be | HTTP GET /api/Staff responded 200 in 39.7108 ms
2026-04-19 19:08:18.671 +05:30 [INF] SmsApi.Middleware.LoggingActionFilter | CorrelationId:71ddaf7f5e0c476d8598b1551f8a36dd | API Request: GET /api/LeaveManagement/types | User: Unknown | School: 550e8400-e29b-41d4-a716-446655440000
2026-04-19 19:08:18.686 +05:30 [INF] SmsApi.Middleware.LoggingActionFilter | CorrelationId:71ddaf7f5e0c476d8598b1551f8a36dd | API Response: GET /api/LeaveManagement/types | Status: 200 | Duration: 14ms
2026-04-19 19:08:18.694 +05:30 [INF] Serilog.AspNetCore.RequestLoggingMiddleware | CorrelationId:71ddaf7f5e0c476d8598b1551f8a36dd | HTTP GET /api/LeaveManagement/types responded 200 in 25.3910 ms
2026-04-19 19:08:18.758 +05:30 [INF] SmsApi.Middleware.LoggingActionFilter | CorrelationId:5e3448ab29384c1ab28cbbf696fa8b61 | API Request: POST /api/LeaveManagement/requests | User: Unknown | School: 550e8400-e29b-41d4-a716-446655440000
2026-04-19 19:08:18.768 +05:30 [INF] SmsApi.Middleware.LoggingActionFilter | CorrelationId:5e3448ab29384c1ab28cbbf696fa8b61 | API Response: POST /api/LeaveManagement/requests | Status: 200 | Duration: 10ms
2026-04-19 19:08:18.777 +05:30 [INF] Serilog.AspNetCore.RequestLoggingMiddleware | CorrelationId:5e3448ab29384c1ab28cbbf696fa8b61 | HTTP POST /api/LeaveManagement/requests responded 400 in 21.4193 ms
2026-04-19 19:08:18.821 +05:30 [INF] SmsApi.Middleware.LoggingActionFilter | CorrelationId:e3ea66d45d2144c8b625d63c4e1ee9aa | API Request: POST /api/Attendance/records | User: Unknown | School: 550e8400-e29b-41d4-a716-446655440000
2026-04-19 19:08:18.841 +05:30 [ERR] Microsoft.EntityFrameworkCore.Database.Command | CorrelationId:e3ea66d45d2144c8b625d63c4e1ee9aa | Failed executing DbCommand (4ms) [Parameters=[@p0='?' (DbType = Guid), @p1='?', @p2='?' (DbType = Object), @p3='?' (DbType = Object), @p4='?' (DbType = DateTime), @p5='?' (DbType = Guid), @p6='?' (DbType = DateTime), @p7='?' (DbType = DateTime), @p8='?', @p9='?' (DbType = Boolean), @p10='?' (DbType = Boolean), @p11='?' (DbType = Guid), @p12='?', @p13='?' (DbType = Guid), @p14='?', @p15='?' (DbType = Guid), @p16='?' (DbType = DateTime), @p17='?' (DbType = Guid)], CommandType='"Text"', CommandTimeout='30']
INSERT INTO "AttendanceRecords" ("Id", "BiometricId", "CheckInTime", "CheckOutTime", "CreatedAt", "CreatedBy", "Date", "DeletedAt", "Discriminator", "IsDeleted", "IsManualOverride", "MarkedBy", "Remarks", "SchoolId", "Status", "StudentId", "UpdatedAt", "UpdatedBy")
VALUES (@p0, @p1, @p2, @p3, @p4, @p5, @p6, @p7, @p8, @p9, @p10, @p11, @p12, @p13, @p14, @p15, @p16, @p17)
RETURNING "RowVersion";
2026-04-19 19:08:18.857 +05:30 [ERR] Microsoft.EntityFrameworkCore.Update | CorrelationId:e3ea66d45d2144c8b625d63c4e1ee9aa | An exception occurred in the database while saving changes for context type 'SmsApi.Data.AppDbContext'.
Microsoft.EntityFrameworkCore.DbUpdateException: An error occurred while saving the entity changes. See the inner exception for details.
 ---> Npgsql.PostgresException (0x80004005): 23503: insert or update on table "AttendanceRecords" violates foreign key constraint "FK_AttendanceRecords_User_MarkedBy"

DETAIL: Detail redacted as it may contain sensitive data. Specify 'Include Error Detail' in the connection string to include this information.
   at Npgsql.Internal.NpgsqlConnector.ReadMessageLong(Boolean async, DataRowLoadingMode dataRowLoadingMode, Boolean readingNotifications, Boolean isReadingPrependedMessage)
   at System.Runtime.CompilerServices.PoolingAsyncValueTaskMethodBuilder`1.StateMachineBox`1.System.Threading.Tasks.Sources.IValueTaskSource<TResult>.GetResult(Int16 token)
   at Npgsql.NpgsqlDataReader.NextResult(Boolean async, Boolean isConsuming, CancellationToken cancellationToken)
   at Npgsql.NpgsqlDataReader.NextResult(Boolean async, Boolean isConsuming, CancellationToken cancellationToken)
   at Npgsql.NpgsqlCommand.ExecuteReader(Boolean async, CommandBehavior behavior, CancellationToken cancellationToken)
   at Npgsql.NpgsqlCommand.ExecuteReader(Boolean async, CommandBehavior behavior, CancellationToken cancellationToken)
   at Npgsql.NpgsqlCommand.ExecuteDbDataReaderAsync(CommandBehavior behavior, CancellationToken cancellationToken)
   at Microsoft.EntityFrameworkCore.Storage.RelationalCommand.ExecuteReaderAsync(RelationalCommandParameterObject parameterObject, CancellationToken cancellationToken)
   at Microsoft.EntityFrameworkCore.Storage.RelationalCommand.ExecuteReaderAsync(RelationalCommandParameterObject parameterObject, CancellationToken cancellationToken)
   at Microsoft.EntityFrameworkCore.Update.ReaderModificationCommandBatch.ExecuteAsync(IRelationalConnection connection, CancellationToken cancellationToken)
  Exception data:
    Severity: ERROR
    SqlState: 23503
    MessageText: insert or update on table "AttendanceRecords" violates foreign key constraint "FK_AttendanceRecords_User_MarkedBy"
    Detail: Detail redacted as it may contain sensitive data. Specify 'Include Error Detail' in the connection string to include this information.
    SchemaName: public
    TableName: AttendanceRecords
    ConstraintName: FK_AttendanceRecords_User_MarkedBy
    File: ri_triggers.c
    Line: 2783
    Routine: ri_ReportViolation
   --- End of inner exception stack trace ---
   at Microsoft.EntityFrameworkCore.Update.ReaderModificationCommandBatch.ExecuteAsync(IRelationalConnection connection, CancellationToken cancellationToken)
   at Microsoft.EntityFrameworkCore.Update.Internal.BatchExecutor.ExecuteAsync(IEnumerable`1 commandBatches, IRelationalConnection connection, CancellationToken cancellationToken)
   at Microsoft.EntityFrameworkCore.Update.Internal.BatchExecutor.ExecuteAsync(IEnumerable`1 commandBatches, IRelationalConnection connection, CancellationToken cancellationToken)
   at Microsoft.EntityFrameworkCore.Update.Internal.BatchExecutor.ExecuteAsync(IEnumerable`1 commandBatches, IRelationalConnection connection, CancellationToken cancellationToken)
   at Microsoft.EntityFrameworkCore.ChangeTracking.Internal.StateManager.SaveChangesAsync(IList`1 entriesToSave, CancellationToken cancellationToken)
   at Microsoft.EntityFrameworkCore.ChangeTracking.Internal.StateManager.SaveChangesAsync(StateManager stateManager, Boolean acceptAllChangesOnSuccess, CancellationToken cancellationToken)
   at Microsoft.EntityFrameworkCore.Storage.ExecutionStrategy.<>c__DisplayClass30_0`2.<<ExecuteAsync>b__0>d.MoveNext()
--- End of stack trace from previous location ---
   at Microsoft.EntityFrameworkCore.Storage.ExecutionStrategy.ExecuteImplementationAsync[TState,TResult](Func`4 operation, Func`4 verifySucceeded, TState state, CancellationToken cancellationToken)
   at Microsoft.EntityFrameworkCore.Storage.ExecutionStrategy.ExecuteImplementationAsync[TState,TResult](Func`4 operation, Func`4 verifySucceeded, TState state, CancellationToken cancellationToken)
   at Microsoft.EntityFrameworkCore.Storage.ExecutionStrategy.ExecuteAsync[TState,TResult](TState state, Func`4 operation, Func`4 verifySucceeded, CancellationToken cancellationToken)
   at Microsoft.EntityFrameworkCore.DbContext.SaveChangesAsync(Boolean acceptAllChangesOnSuccess, CancellationToken cancellationToken)
Microsoft.EntityFrameworkCore.DbUpdateException: An error occurred while saving the entity changes. See the inner exception for details.
 ---> Npgsql.PostgresException (0x80004005): 23503: insert or update on table "AttendanceRecords" violates foreign key constraint "FK_AttendanceRecords_User_MarkedBy"

DETAIL: Detail redacted as it may contain sensitive data. Specify 'Include Error Detail' in the connection string to include this information.
   at Npgsql.Internal.NpgsqlConnector.ReadMessageLong(Boolean async, DataRowLoadingMode dataRowLoadingMode, Boolean readingNotifications, Boolean isReadingPrependedMessage)
   at System.Runtime.CompilerServices.PoolingAsyncValueTaskMethodBuilder`1.StateMachineBox`1.System.Threading.Tasks.Sources.IValueTaskSource<TResult>.GetResult(Int16 token)
   at Npgsql.NpgsqlDataReader.NextResult(Boolean async, Boolean isConsuming, CancellationToken cancellationToken)
   at Npgsql.NpgsqlDataReader.NextResult(Boolean async, Boolean isConsuming, CancellationToken cancellationToken)
   at Npgsql.NpgsqlCommand.ExecuteReader(Boolean async, CommandBehavior behavior, CancellationToken cancellationToken)
   at Npgsql.NpgsqlCommand.ExecuteReader(Boolean async, CommandBehavior behavior, CancellationToken cancellationToken)
   at Npgsql.NpgsqlCommand.ExecuteDbDataReaderAsync(CommandBehavior behavior, CancellationToken cancellationToken)
   at Microsoft.EntityFrameworkCore.Storage.RelationalCommand.ExecuteReaderAsync(RelationalCommandParameterObject parameterObject, CancellationToken cancellationToken)
   at Microsoft.EntityFrameworkCore.Storage.RelationalCommand.ExecuteReaderAsync(RelationalCommandParameterObject parameterObject, CancellationToken cancellationToken)
   at Microsoft.EntityFrameworkCore.Update.ReaderModificationCommandBatch.ExecuteAsync(IRelationalConnection connection, CancellationToken cancellationToken)
  Exception data:
    Severity: ERROR
    SqlState: 23503
    MessageText: insert or update on table "AttendanceRecords" violates foreign key constraint "FK_AttendanceRecords_User_MarkedBy"
    Detail: Detail redacted as it may contain sensitive data. Specify 'Include Error Detail' in the connection string to include this information.
    SchemaName: public
    TableName: AttendanceRecords
    ConstraintName: FK_AttendanceRecords_User_MarkedBy
    File: ri_triggers.c
    Line: 2783
    Routine: ri_ReportViolation
   --- End of inner exception stack trace ---
   at Microsoft.EntityFrameworkCore.Update.ReaderModificationCommandBatch.ExecuteAsync(IRelationalConnection connection, CancellationToken cancellationToken)
   at Microsoft.EntityFrameworkCore.Update.Internal.BatchExecutor.ExecuteAsync(IEnumerable`1 commandBatches, IRelationalConnection connection, CancellationToken cancellationToken)
   at Microsoft.EntityFrameworkCore.Update.Internal.BatchExecutor.ExecuteAsync(IEnumerable`1 commandBatches, IRelationalConnection connection, CancellationToken cancellationToken)
   at Microsoft.EntityFrameworkCore.Update.Internal.BatchExecutor.ExecuteAsync(IEnumerable`1 commandBatches, IRelationalConnection connection, CancellationToken cancellationToken)
   at Microsoft.EntityFrameworkCore.ChangeTracking.Internal.StateManager.SaveChangesAsync(IList`1 entriesToSave, CancellationToken cancellationToken)
   at Microsoft.EntityFrameworkCore.ChangeTracking.Internal.StateManager.SaveChangesAsync(StateManager stateManager, Boolean acceptAllChangesOnSuccess, CancellationToken cancellationToken)
   at Microsoft.EntityFrameworkCore.Storage.ExecutionStrategy.<>c__DisplayClass30_0`2.<<ExecuteAsync>b__0>d.MoveNext()
--- End of stack trace from previous location ---
   at Microsoft.EntityFrameworkCore.Storage.ExecutionStrategy.ExecuteImplementationAsync[TState,TResult](Func`4 operation, Func`4 verifySucceeded, TState state, CancellationToken cancellationToken)
   at Microsoft.EntityFrameworkCore.Storage.ExecutionStrategy.ExecuteImplementationAsync[TState,TResult](Func`4 operation, Func`4 verifySucceeded, TState state, CancellationToken cancellationToken)
   at Microsoft.EntityFrameworkCore.Storage.ExecutionStrategy.ExecuteAsync[TState,TResult](TState state, Func`4 operation, Func`4 verifySucceeded, CancellationToken cancellationToken)
   at Microsoft.EntityFrameworkCore.DbContext.SaveChangesAsync(Boolean acceptAllChangesOnSuccess, CancellationToken cancellationToken)
2026-04-19 19:08:18.880 +05:30 [ERR] SmsApi.Controllers.AttendanceController | CorrelationId:e3ea66d45d2144c8b625d63c4e1ee9aa | Error marking attendance
Microsoft.EntityFrameworkCore.DbUpdateException: An error occurred while saving the entity changes. See the inner exception for details.
 ---> Npgsql.PostgresException (0x80004005): 23503: insert or update on table "AttendanceRecords" violates foreign key constraint "FK_AttendanceRecords_User_MarkedBy"

DETAIL: Detail redacted as it may contain sensitive data. Specify 'Include Error Detail' in the connection string to include this information.
   at Npgsql.Internal.NpgsqlConnector.ReadMessageLong(Boolean async, DataRowLoadingMode dataRowLoadingMode, Boolean readingNotifications, Boolean isReadingPrependedMessage)
   at System.Runtime.CompilerServices.PoolingAsyncValueTaskMethodBuilder`1.StateMachineBox`1.System.Threading.Tasks.Sources.IValueTaskSource<TResult>.GetResult(Int16 token)
   at Npgsql.NpgsqlDataReader.NextResult(Boolean async, Boolean isConsuming, CancellationToken cancellationToken)
   at Npgsql.NpgsqlDataReader.NextResult(Boolean async, Boolean isConsuming, CancellationToken cancellationToken)
   at Npgsql.NpgsqlCommand.ExecuteReader(Boolean async, CommandBehavior behavior, CancellationToken cancellationToken)
   at Npgsql.NpgsqlCommand.ExecuteReader(Boolean async, CommandBehavior behavior, CancellationToken cancellationToken)
   at Npgsql.NpgsqlCommand.ExecuteDbDataReaderAsync(CommandBehavior behavior, CancellationToken cancellationToken)
   at Microsoft.EntityFrameworkCore.Storage.RelationalCommand.ExecuteReaderAsync(RelationalCommandParameterObject parameterObject, CancellationToken cancellationToken)
   at Microsoft.EntityFrameworkCore.Storage.RelationalCommand.ExecuteReaderAsync(RelationalCommandParameterObject parameterObject, CancellationToken cancellationToken)
   at Microsoft.EntityFrameworkCore.Update.ReaderModificationCommandBatch.ExecuteAsync(IRelationalConnection connection, CancellationToken cancellationToken)
  Exception data:
    Severity: ERROR
    SqlState: 23503
    MessageText: insert or update on table "AttendanceRecords" violates foreign key constraint "FK_AttendanceRecords_User_MarkedBy"
    Detail: Detail redacted as it may contain sensitive data. Specify 'Include Error Detail' in the connection string to include this information.
    SchemaName: public
    TableName: AttendanceRecords
    ConstraintName: FK_AttendanceRecords_User_MarkedBy
    File: ri_triggers.c
    Line: 2783
    Routine: ri_ReportViolation
   --- End of inner exception stack trace ---
   at Microsoft.EntityFrameworkCore.Update.ReaderModificationCommandBatch.ExecuteAsync(IRelationalConnection connection, CancellationToken cancellationToken)
   at Microsoft.EntityFrameworkCore.Update.Internal.BatchExecutor.ExecuteAsync(IEnumerable`1 commandBatches, IRelationalConnection connection, CancellationToken cancellationToken)
   at Microsoft.EntityFrameworkCore.Update.Internal.BatchExecutor.ExecuteAsync(IEnumerable`1 commandBatches, IRelationalConnection connection, CancellationToken cancellationToken)
   at Microsoft.EntityFrameworkCore.Update.Internal.BatchExecutor.ExecuteAsync(IEnumerable`1 commandBatches, IRelationalConnection connection, CancellationToken cancellationToken)
   at Microsoft.EntityFrameworkCore.ChangeTracking.Internal.StateManager.SaveChangesAsync(IList`1 entriesToSave, CancellationToken cancellationToken)
   at Microsoft.EntityFrameworkCore.ChangeTracking.Internal.StateManager.SaveChangesAsync(StateManager stateManager, Boolean acceptAllChangesOnSuccess, CancellationToken cancellationToken)
   at Microsoft.EntityFrameworkCore.Storage.ExecutionStrategy.<>c__DisplayClass30_0`2.<<ExecuteAsync>b__0>d.MoveNext()
--- End of stack trace from previous location ---
   at Microsoft.EntityFrameworkCore.Storage.ExecutionStrategy.ExecuteImplementationAsync[TState,TResult](Func`4 operation, Func`4 verifySucceeded, TState state, CancellationToken cancellationToken)
   at Microsoft.EntityFrameworkCore.Storage.ExecutionStrategy.ExecuteImplementationAsync[TState,TResult](Func`4 operation, Func`4 verifySucceeded, TState state, CancellationToken cancellationToken)
   at Microsoft.EntityFrameworkCore.Storage.ExecutionStrategy.ExecuteAsync[TState,TResult](TState state, Func`4 operation, Func`4 verifySucceeded, CancellationToken cancellationToken)
   at Microsoft.EntityFrameworkCore.DbContext.SaveChangesAsync(Boolean acceptAllChangesOnSuccess, CancellationToken cancellationToken)
   at Microsoft.EntityFrameworkCore.DbContext.SaveChangesAsync(Boolean acceptAllChangesOnSuccess, CancellationToken cancellationToken)
   at SmsApi.Data.AppDbContext.SaveChangesAsync(CancellationToken cancellationToken) in C:\Vitana\Vitana Group\sms-api\Data\AppDbContext.cs:line 229
   at SmsApi.Services.AttendanceService.MarkAttendanceAsync(Guid schoolId, MarkAttendanceDto dto, Guid userId) in C:\Vitana\Vitana Group\sms-api\Services\AttendanceService.cs:line 259
   at SmsApi.Controllers.AttendanceController.MarkAttendance(MarkAttendanceDto dto) in C:\Vitana\Vitana Group\sms-api\Controllers\AttendanceController.cs:line 152
2026-04-19 19:08:18.901 +05:30 [INF] SmsApi.Middleware.LoggingActionFilter | CorrelationId:e3ea66d45d2144c8b625d63c4e1ee9aa | API Response: POST /api/Attendance/records | Status: 200 | Duration: 79ms
2026-04-19 19:08:18.908 +05:30 [ERR] Microsoft.EntityFrameworkCore.Database.Command | CorrelationId:e3ea66d45d2144c8b625d63c4e1ee9aa | Failed executing DbCommand (2ms) [Parameters=[@p0='?' (DbType = Guid), @p1='?', @p2='?' (DbType = Object), @p3='?' (DbType = Object), @p4='?' (DbType = DateTime), @p5='?' (DbType = Guid), @p6='?' (DbType = DateTime), @p7='?' (DbType = DateTime), @p8='?', @p9='?' (DbType = Boolean), @p10='?' (DbType = Boolean), @p11='?' (DbType = Guid), @p12='?', @p13='?' (DbType = Guid), @p14='?', @p15='?' (DbType = Guid), @p16='?' (DbType = DateTime), @p17='?' (DbType = Guid), @p18='?' (DbType = Guid), @p19='?', @p20='?' (DbType = Int64), @p21='?' (DbType = Guid), @p22='?', @p23='?', @p24='?', @p25='?', @p26='?', @p27='?', @p28='?', @p29='?' (DbType = Guid), @p30='?' (DbType = Int32), @p31='?' (DbType = DateTime), @p32='?', @p33='?' (DbType = Guid), @p34='?'], CommandType='"Text"', CommandTimeout='30']
INSERT INTO "AttendanceRecords" ("Id", "BiometricId", "CheckInTime", "CheckOutTime", "CreatedAt", "CreatedBy", "Date", "DeletedAt", "Discriminator", "IsDeleted", "IsManualOverride", "MarkedBy", "Remarks", "SchoolId", "Status", "StudentId", "UpdatedAt", "UpdatedBy")
VALUES (@p0, @p1, @p2, @p3, @p4, @p5, @p6, @p7, @p8, @p9, @p10, @p11, @p12, @p13, @p14, @p15, @p16, @p17)
RETURNING "RowVersion";
INSERT INTO "AuditLogs" ("Id", "ActionType", "DurationMs", "EntityId", "EntityType", "ExceptionMessage", "HttpMethod", "IpAddress", "Path", "QueryString", "RequestBody", "SchoolId", "StatusCode", "Timestamp", "UserAgent", "UserId", "Username")
VALUES (@p18, @p19, @p20, @p21, @p22, @p23, @p24, @p25, @p26, @p27, @p28, @p29, @p30, @p31, @p32, @p33, @p34);
2026-04-19 19:08:18.920 +05:30 [ERR] Microsoft.EntityFrameworkCore.Update | CorrelationId:e3ea66d45d2144c8b625d63c4e1ee9aa | An exception occurred in the database while saving changes for context type 'SmsApi.Data.AppDbContext'.
Microsoft.EntityFrameworkCore.DbUpdateException: An error occurred while saving the entity changes. See the inner exception for details.
 ---> Npgsql.PostgresException (0x80004005): 23503: insert or update on table "AttendanceRecords" violates foreign key constraint "FK_AttendanceRecords_User_MarkedBy"

DETAIL: Detail redacted as it may contain sensitive data. Specify 'Include Error Detail' in the connection string to include this information.
   at Npgsql.Internal.NpgsqlConnector.ReadMessageLong(Boolean async, DataRowLoadingMode dataRowLoadingMode, Boolean readingNotifications, Boolean isReadingPrependedMessage)
   at System.Runtime.CompilerServices.PoolingAsyncValueTaskMethodBuilder`1.StateMachineBox`1.System.Threading.Tasks.Sources.IValueTaskSource<TResult>.GetResult(Int16 token)
   at Npgsql.NpgsqlDataReader.NextResult(Boolean async, Boolean isConsuming, CancellationToken cancellationToken)
   at Npgsql.NpgsqlDataReader.NextResult(Boolean async, Boolean isConsuming, CancellationToken cancellationToken)
   at Npgsql.NpgsqlCommand.ExecuteReader(Boolean async, CommandBehavior behavior, CancellationToken cancellationToken)
   at Npgsql.NpgsqlCommand.ExecuteReader(Boolean async, CommandBehavior behavior, CancellationToken cancellationToken)
   at Npgsql.NpgsqlCommand.ExecuteDbDataReaderAsync(CommandBehavior behavior, CancellationToken cancellationToken)
   at Microsoft.EntityFrameworkCore.Storage.RelationalCommand.ExecuteReaderAsync(RelationalCommandParameterObject parameterObject, CancellationToken cancellationToken)
   at Microsoft.EntityFrameworkCore.Storage.RelationalCommand.ExecuteReaderAsync(RelationalCommandParameterObject parameterObject, CancellationToken cancellationToken)
   at Microsoft.EntityFrameworkCore.Update.ReaderModificationCommandBatch.ExecuteAsync(IRelationalConnection connection, CancellationToken cancellationToken)
  Exception data:
    Severity: ERROR
    SqlState: 23503
    MessageText: insert or update on table "AttendanceRecords" violates foreign key constraint "FK_AttendanceRecords_User_MarkedBy"
    Detail: Detail redacted as it may contain sensitive data. Specify 'Include Error Detail' in the connection string to include this information.
    SchemaName: public
    TableName: AttendanceRecords
    ConstraintName: FK_AttendanceRecords_User_MarkedBy
    File: ri_triggers.c
    Line: 2783
    Routine: ri_ReportViolation
   --- End of inner exception stack trace ---
   at Microsoft.EntityFrameworkCore.Update.ReaderModificationCommandBatch.ExecuteAsync(IRelationalConnection connection, CancellationToken cancellationToken)
   at Microsoft.EntityFrameworkCore.Update.Internal.BatchExecutor.ExecuteAsync(IEnumerable`1 commandBatches, IRelationalConnection connection, CancellationToken cancellationToken)
   at Microsoft.EntityFrameworkCore.Update.Internal.BatchExecutor.ExecuteAsync(IEnumerable`1 commandBatches, IRelationalConnection connection, CancellationToken cancellationToken)
   at Microsoft.EntityFrameworkCore.Update.Internal.BatchExecutor.ExecuteAsync(IEnumerable`1 commandBatches, IRelationalConnection connection, CancellationToken cancellationToken)
   at Microsoft.EntityFrameworkCore.ChangeTracking.Internal.StateManager.SaveChangesAsync(IList`1 entriesToSave, CancellationToken cancellationToken)
   at Microsoft.EntityFrameworkCore.ChangeTracking.Internal.StateManager.SaveChangesAsync(StateManager stateManager, Boolean acceptAllChangesOnSuccess, CancellationToken cancellationToken)
   at Microsoft.EntityFrameworkCore.Storage.ExecutionStrategy.<>c__DisplayClass30_0`2.<<ExecuteAsync>b__0>d.MoveNext()
--- End of stack trace from previous location ---
   at Microsoft.EntityFrameworkCore.Storage.ExecutionStrategy.ExecuteImplementationAsync[TState,TResult](Func`4 operation, Func`4 verifySucceeded, TState state, CancellationToken cancellationToken)
   at Microsoft.EntityFrameworkCore.Storage.ExecutionStrategy.ExecuteImplementationAsync[TState,TResult](Func`4 operation, Func`4 verifySucceeded, TState state, CancellationToken cancellationToken)
   at Microsoft.EntityFrameworkCore.Storage.ExecutionStrategy.ExecuteAsync[TState,TResult](TState state, Func`4 operation, Func`4 verifySucceeded, CancellationToken cancellationToken)
   at Microsoft.EntityFrameworkCore.DbContext.SaveChangesAsync(Boolean acceptAllChangesOnSuccess, CancellationToken cancellationToken)
Microsoft.EntityFrameworkCore.DbUpdateException: An error occurred while saving the entity changes. See the inner exception for details.
 ---> Npgsql.PostgresException (0x80004005): 23503: insert or update on table "AttendanceRecords" violates foreign key constraint "FK_AttendanceRecords_User_MarkedBy"

DETAIL: Detail redacted as it may contain sensitive data. Specify 'Include Error Detail' in the connection string to include this information.
   at Npgsql.Internal.NpgsqlConnector.ReadMessageLong(Boolean async, DataRowLoadingMode dataRowLoadingMode, Boolean readingNotifications, Boolean isReadingPrependedMessage)
   at System.Runtime.CompilerServices.PoolingAsyncValueTaskMethodBuilder`1.StateMachineBox`1.System.Threading.Tasks.Sources.IValueTaskSource<TResult>.GetResult(Int16 token)
   at Npgsql.NpgsqlDataReader.NextResult(Boolean async, Boolean isConsuming, CancellationToken cancellationToken)
   at Npgsql.NpgsqlDataReader.NextResult(Boolean async, Boolean isConsuming, CancellationToken cancellationToken)
   at Npgsql.NpgsqlCommand.ExecuteReader(Boolean async, CommandBehavior behavior, CancellationToken cancellationToken)
   at Npgsql.NpgsqlCommand.ExecuteReader(Boolean async, CommandBehavior behavior, CancellationToken cancellationToken)
   at Npgsql.NpgsqlCommand.ExecuteDbDataReaderAsync(CommandBehavior behavior, CancellationToken cancellationToken)
   at Microsoft.EntityFrameworkCore.Storage.RelationalCommand.ExecuteReaderAsync(RelationalCommandParameterObject parameterObject, CancellationToken cancellationToken)
   at Microsoft.EntityFrameworkCore.Storage.RelationalCommand.ExecuteReaderAsync(RelationalCommandParameterObject parameterObject, CancellationToken cancellationToken)
   at Microsoft.EntityFrameworkCore.Update.ReaderModificationCommandBatch.ExecuteAsync(IRelationalConnection connection, CancellationToken cancellationToken)
  Exception data:
    Severity: ERROR
    SqlState: 23503
    MessageText: insert or update on table "AttendanceRecords" violates foreign key constraint "FK_AttendanceRecords_User_MarkedBy"
    Detail: Detail redacted as it may contain sensitive data. Specify 'Include Error Detail' in the connection string to include this information.
    SchemaName: public
    TableName: AttendanceRecords
    ConstraintName: FK_AttendanceRecords_User_MarkedBy
    File: ri_triggers.c
    Line: 2783
    Routine: ri_ReportViolation
   --- End of inner exception stack trace ---
   at Microsoft.EntityFrameworkCore.Update.ReaderModificationCommandBatch.ExecuteAsync(IRelationalConnection connection, CancellationToken cancellationToken)
   at Microsoft.EntityFrameworkCore.Update.Internal.BatchExecutor.ExecuteAsync(IEnumerable`1 commandBatches, IRelationalConnection connection, CancellationToken cancellationToken)
   at Microsoft.EntityFrameworkCore.Update.Internal.BatchExecutor.ExecuteAsync(IEnumerable`1 commandBatches, IRelationalConnection connection, CancellationToken cancellationToken)
   at Microsoft.EntityFrameworkCore.Update.Internal.BatchExecutor.ExecuteAsync(IEnumerable`1 commandBatches, IRelationalConnection connection, CancellationToken cancellationToken)
   at Microsoft.EntityFrameworkCore.ChangeTracking.Internal.StateManager.SaveChangesAsync(IList`1 entriesToSave, CancellationToken cancellationToken)
   at Microsoft.EntityFrameworkCore.ChangeTracking.Internal.StateManager.SaveChangesAsync(StateManager stateManager, Boolean acceptAllChangesOnSuccess, CancellationToken cancellationToken)
   at Microsoft.EntityFrameworkCore.Storage.ExecutionStrategy.<>c__DisplayClass30_0`2.<<ExecuteAsync>b__0>d.MoveNext()
--- End of stack trace from previous location ---
   at Microsoft.EntityFrameworkCore.Storage.ExecutionStrategy.ExecuteImplementationAsync[TState,TResult](Func`4 operation, Func`4 verifySucceeded, TState state, CancellationToken cancellationToken)
   at Microsoft.EntityFrameworkCore.Storage.ExecutionStrategy.ExecuteImplementationAsync[TState,TResult](Func`4 operation, Func`4 verifySucceeded, TState state, CancellationToken cancellationToken)
   at Microsoft.EntityFrameworkCore.Storage.ExecutionStrategy.ExecuteAsync[TState,TResult](TState state, Func`4 operation, Func`4 verifySucceeded, CancellationToken cancellationToken)
   at Microsoft.EntityFrameworkCore.DbContext.SaveChangesAsync(Boolean acceptAllChangesOnSuccess, CancellationToken cancellationToken)
2026-04-19 19:08:18.966 +05:30 [ERR] SmsApi.Middleware.AuditLoggingMiddleware | CorrelationId:e3ea66d45d2144c8b625d63c4e1ee9aa | Failed to write audit log entry
Microsoft.EntityFrameworkCore.DbUpdateException: An error occurred while saving the entity changes. See the inner exception for details.
 ---> Npgsql.PostgresException (0x80004005): 23503: insert or update on table "AttendanceRecords" violates foreign key constraint "FK_AttendanceRecords_User_MarkedBy"

DETAIL: Detail redacted as it may contain sensitive data. Specify 'Include Error Detail' in the connection string to include this information.
   at Npgsql.Internal.NpgsqlConnector.ReadMessageLong(Boolean async, DataRowLoadingMode dataRowLoadingMode, Boolean readingNotifications, Boolean isReadingPrependedMessage)
   at System.Runtime.CompilerServices.PoolingAsyncValueTaskMethodBuilder`1.StateMachineBox`1.System.Threading.Tasks.Sources.IValueTaskSource<TResult>.GetResult(Int16 token)
   at Npgsql.NpgsqlDataReader.NextResult(Boolean async, Boolean isConsuming, CancellationToken cancellationToken)
   at Npgsql.NpgsqlDataReader.NextResult(Boolean async, Boolean isConsuming, CancellationToken cancellationToken)
   at Npgsql.NpgsqlCommand.ExecuteReader(Boolean async, CommandBehavior behavior, CancellationToken cancellationToken)
   at Npgsql.NpgsqlCommand.ExecuteReader(Boolean async, CommandBehavior behavior, CancellationToken cancellationToken)
   at Npgsql.NpgsqlCommand.ExecuteDbDataReaderAsync(CommandBehavior behavior, CancellationToken cancellationToken)
   at Microsoft.EntityFrameworkCore.Storage.RelationalCommand.ExecuteReaderAsync(RelationalCommandParameterObject parameterObject, CancellationToken cancellationToken)
   at Microsoft.EntityFrameworkCore.Storage.RelationalCommand.ExecuteReaderAsync(RelationalCommandParameterObject parameterObject, CancellationToken cancellationToken)
   at Microsoft.EntityFrameworkCore.Update.ReaderModificationCommandBatch.ExecuteAsync(IRelationalConnection connection, CancellationToken cancellationToken)
  Exception data:
    Severity: ERROR
    SqlState: 23503
    MessageText: insert or update on table "AttendanceRecords" violates foreign key constraint "FK_AttendanceRecords_User_MarkedBy"
    Detail: Detail redacted as it may contain sensitive data. Specify 'Include Error Detail' in the connection string to include this information.
    SchemaName: public
    TableName: AttendanceRecords
    ConstraintName: FK_AttendanceRecords_User_MarkedBy
    File: ri_triggers.c
    Line: 2783
    Routine: ri_ReportViolation
   --- End of inner exception stack trace ---
   at Microsoft.EntityFrameworkCore.Update.ReaderModificationCommandBatch.ExecuteAsync(IRelationalConnection connection, CancellationToken cancellationToken)
   at Microsoft.EntityFrameworkCore.Update.Internal.BatchExecutor.ExecuteAsync(IEnumerable`1 commandBatches, IRelationalConnection connection, CancellationToken cancellationToken)
   at Microsoft.EntityFrameworkCore.Update.Internal.BatchExecutor.ExecuteAsync(IEnumerable`1 commandBatches, IRelationalConnection connection, CancellationToken cancellationToken)
   at Microsoft.EntityFrameworkCore.Update.Internal.BatchExecutor.ExecuteAsync(IEnumerable`1 commandBatches, IRelationalConnection connection, CancellationToken cancellationToken)
   at Microsoft.EntityFrameworkCore.ChangeTracking.Internal.StateManager.SaveChangesAsync(IList`1 entriesToSave, CancellationToken cancellationToken)
   at Microsoft.EntityFrameworkCore.ChangeTracking.Internal.StateManager.SaveChangesAsync(StateManager stateManager, Boolean acceptAllChangesOnSuccess, CancellationToken cancellationToken)
   at Microsoft.EntityFrameworkCore.Storage.ExecutionStrategy.<>c__DisplayClass30_0`2.<<ExecuteAsync>b__0>d.MoveNext()
--- End of stack trace from previous location ---
   at Microsoft.EntityFrameworkCore.Storage.ExecutionStrategy.ExecuteImplementationAsync[TState,TResult](Func`4 operation, Func`4 verifySucceeded, TState state, CancellationToken cancellationToken)
   at Microsoft.EntityFrameworkCore.Storage.ExecutionStrategy.ExecuteImplementationAsync[TState,TResult](Func`4 operation, Func`4 verifySucceeded, TState state, CancellationToken cancellationToken)
   at Microsoft.EntityFrameworkCore.Storage.ExecutionStrategy.ExecuteAsync[TState,TResult](TState state, Func`4 operation, Func`4 verifySucceeded, CancellationToken cancellationToken)
   at Microsoft.EntityFrameworkCore.DbContext.SaveChangesAsync(Boolean acceptAllChangesOnSuccess, CancellationToken cancellationToken)
   at Microsoft.EntityFrameworkCore.DbContext.SaveChangesAsync(Boolean acceptAllChangesOnSuccess, CancellationToken cancellationToken)
   at SmsApi.Data.AppDbContext.SaveChangesAsync(CancellationToken cancellationToken) in C:\Vitana\Vitana Group\sms-api\Data\AppDbContext.cs:line 229
   at SmsApi.Middleware.AuditLoggingMiddleware.WriteAuditLog(HttpContext context, AppDbContext dbContext, String requestBody, Int64 durationMs, String exceptionMessage) in C:\Vitana\Vitana Group\sms-api\Middleware\AuditLoggingMiddleware.cs:line 112
2026-04-19 19:08:18.999 +05:30 [ERR] Serilog.AspNetCore.RequestLoggingMiddleware | CorrelationId:e3ea66d45d2144c8b625d63c4e1ee9aa | HTTP POST /api/Attendance/records responded 500 in 181.4182 ms
2026-04-19 19:08:19.016 +05:30 [INF] SmsApi.Middleware.LoggingActionFilter | CorrelationId:06e9a347a330474c94da7700236c8dcf | API Request: GET /api/Attendance/records | User: Unknown | School: 550e8400-e29b-41d4-a716-446655440000
2026-04-19 19:08:19.028 +05:30 [INF] SmsApi.Middleware.LoggingActionFilter | CorrelationId:06e9a347a330474c94da7700236c8dcf | API Response: GET /api/Attendance/records | Status: 200 | Duration: 11ms
2026-04-19 19:08:19.033 +05:30 [INF] Serilog.AspNetCore.RequestLoggingMiddleware | CorrelationId:06e9a347a330474c94da7700236c8dcf | HTTP GET /api/Attendance/records responded 200 in 19.6659 ms
2026-04-19 19:08:19.064 +05:30 [INF] SmsApi.Middleware.LoggingActionFilter | CorrelationId:2e75f85f75f9492fba787dd148a9acc3 | API Request: POST /api/academics/classes | User: Unknown | School: 550e8400-e29b-41d4-a716-446655440000
2026-04-19 19:08:19.082 +05:30 [INF] SmsApi.Middleware.LoggingActionFilter | CorrelationId:2e75f85f75f9492fba787dd148a9acc3 | API Response: POST /api/academics/classes | Status: 200 | Duration: 18ms
2026-04-19 19:08:19.103 +05:30 [INF] Serilog.AspNetCore.RequestLoggingMiddleware | CorrelationId:2e75f85f75f9492fba787dd148a9acc3 | HTTP POST /api/academics/classes responded 400 in 41.9333 ms
2026-04-19 19:08:19.130 +05:30 [INF] SmsApi.Middleware.LoggingActionFilter | CorrelationId:925598d94f1d47019393c42d51bb181a | API Request: POST /api/academics/subjects | User: Unknown | School: 550e8400-e29b-41d4-a716-446655440000
2026-04-19 19:08:19.143 +05:30 [INF] SmsApi.Middleware.LoggingActionFilter | CorrelationId:925598d94f1d47019393c42d51bb181a | API Response: POST /api/academics/subjects | Status: 200 | Duration: 12ms
2026-04-19 19:08:19.157 +05:30 [INF] Serilog.AspNetCore.RequestLoggingMiddleware | CorrelationId:925598d94f1d47019393c42d51bb181a | HTTP POST /api/academics/subjects responded 201 in 28.4445 ms
2026-04-19 19:08:19.182 +05:30 [INF] SmsApi.Middleware.LoggingActionFilter | CorrelationId:34a1060e6f144b97b2d259276f3a4817 | API Request: GET /api/academics/classes | User: Unknown | School: 550e8400-e29b-41d4-a716-446655440000
2026-04-19 19:08:19.214 +05:30 [INF] SmsApi.Middleware.LoggingActionFilter | CorrelationId:34a1060e6f144b97b2d259276f3a4817 | API Response: GET /api/academics/classes | Status: 200 | Duration: 32ms
2026-04-19 19:08:19.225 +05:30 [INF] Serilog.AspNetCore.RequestLoggingMiddleware | CorrelationId:34a1060e6f144b97b2d259276f3a4817 | HTTP GET /api/academics/classes responded 200 in 43.9929 ms
2026-04-19 19:08:19.274 +05:30 [INF] SmsApi.Middleware.LoggingActionFilter | CorrelationId:37ae0a4f2c8c453282f915c37dc79076 | API Request: GET /api/Attendance/records | User: Unknown | School: 550e8400-e29b-41d4-a716-446655440000
2026-04-19 19:08:19.281 +05:30 [INF] SmsApi.Middleware.LoggingActionFilter | CorrelationId:37ae0a4f2c8c453282f915c37dc79076 | API Response: GET /api/Attendance/records | Status: 200 | Duration: 7ms
2026-04-19 19:08:19.286 +05:30 [INF] Serilog.AspNetCore.RequestLoggingMiddleware | CorrelationId:37ae0a4f2c8c453282f915c37dc79076 | HTTP GET /api/Attendance/records responded 200 in 16.5933 ms
2026-04-19 19:08:19.304 +05:30 [INF] SmsApi.Middleware.LoggingActionFilter | CorrelationId:a1dcf74ed0054b838a798e839332ba5e | API Request: GET /api/LeaveManagement/requests | User: Unknown | School: 550e8400-e29b-41d4-a716-446655440000
2026-04-19 19:08:19.314 +05:30 [INF] SmsApi.Middleware.LoggingActionFilter | CorrelationId:a1dcf74ed0054b838a798e839332ba5e | API Response: GET /api/LeaveManagement/requests | Status: 200 | Duration: 9ms
2026-04-19 19:08:19.318 +05:30 [INF] Serilog.AspNetCore.RequestLoggingMiddleware | CorrelationId:a1dcf74ed0054b838a798e839332ba5e | HTTP GET /api/LeaveManagement/requests responded 200 in 15.2123 ms
2026-04-19 19:08:19.336 +05:30 [INF] Serilog.AspNetCore.RequestLoggingMiddleware | CorrelationId:adf856d054104b8a91517d9ab0424668 | HTTP POST /api/students responded 400 in 4.8537 ms
2026-04-19 19:08:28.209 +05:30 [INF] SmsApi.Middleware.LoggingActionFilter | CorrelationId:ec2843002cb04041bea1389fb9503486 | API Request: POST /api/auth/login | User: Unknown | School: Unknown
2026-04-19 19:08:28.764 +05:30 [INF] SmsApi.Controllers.AuthController | CorrelationId:ec2843002cb04041bea1389fb9503486 | Login successful for admin (SchoolId: "550e8400-e29b-41d4-a716-446655440000")
2026-04-19 19:08:28.776 +05:30 [INF] SmsApi.Middleware.LoggingActionFilter | CorrelationId:ec2843002cb04041bea1389fb9503486 | API Response: POST /api/auth/login | Status: 200 | Duration: 567ms
2026-04-19 19:08:28.794 +05:30 [INF] Serilog.AspNetCore.RequestLoggingMiddleware | CorrelationId:ec2843002cb04041bea1389fb9503486 | HTTP POST /api/auth/login responded 200 in 591.4921 ms
2026-04-19 19:08:28.802 +05:30 [WRN] SmsApi.Infrastructure.Performance.PerformanceMonitoringMiddleware | CorrelationId: | Slow request: POST /api/auth/login took 587ms — status 200.
2026-04-19 19:08:28.846 +05:30 [INF] SmsApi.Middleware.LoggingActionFilter | CorrelationId:34076e9378a8417294408fa4ba8b6fcf | API Request: POST /api/students | User: Unknown | School: 550e8400-e29b-41d4-a716-446655440000
2026-04-19 19:08:28.863 +05:30 [INF] SmsApi.Services.StudentService | CorrelationId:34076e9378a8417294408fa4ba8b6fcf | Student created: "187db61a-9832-4269-ba5c-5617999f2cf8", Admission: INT20260419190828
2026-04-19 19:08:28.896 +05:30 [WRN] SmsApi.Services.StudentService | CorrelationId:34076e9378a8417294408fa4ba8b6fcf | No fee structure found for class 10, academic year AY-20260419190735. Fee record not created.
2026-04-19 19:08:28.908 +05:30 [INF] SmsApi.Services.StudentService | CorrelationId:34076e9378a8417294408fa4ba8b6fcf | Library card initialized for student "187db61a-9832-4269-ba5c-5617999f2cf8": LIB-INT20260419190828
2026-04-19 19:08:28.915 +05:30 [INF] SmsApi.Services.StudentService | CorrelationId:34076e9378a8417294408fa4ba8b6fcf | Student creation completed with all related records: "187db61a-9832-4269-ba5c-5617999f2cf8"
2026-04-19 19:08:28.927 +05:30 [INF] SmsApi.Middleware.LoggingActionFilter | CorrelationId:34076e9378a8417294408fa4ba8b6fcf | API Response: POST /api/students | Status: 200 | Duration: 81ms
2026-04-19 19:08:28.944 +05:30 [INF] Serilog.AspNetCore.RequestLoggingMiddleware | CorrelationId:34076e9378a8417294408fa4ba8b6fcf | HTTP POST /api/students responded 201 in 104.0378 ms
2026-04-19 19:08:28.970 +05:30 [INF] SmsApi.Middleware.LoggingActionFilter | CorrelationId:6fb4616631f849a0b53687ebc3bdf308 | API Request: GET /api/students/187db61a-9832-4269-ba5c-5617999f2cf8 | User: Unknown | School: 550e8400-e29b-41d4-a716-446655440000
2026-04-19 19:08:28.986 +05:30 [INF] SmsApi.Middleware.LoggingActionFilter | CorrelationId:6fb4616631f849a0b53687ebc3bdf308 | API Response: GET /api/students/187db61a-9832-4269-ba5c-5617999f2cf8 | Status: 200 | Duration: 16ms
2026-04-19 19:08:29.001 +05:30 [INF] Serilog.AspNetCore.RequestLoggingMiddleware | CorrelationId:6fb4616631f849a0b53687ebc3bdf308 | HTTP GET /api/students/187db61a-9832-4269-ba5c-5617999f2cf8 responded 200 in 33.9778 ms
2026-04-19 19:08:29.051 +05:30 [INF] SmsApi.Middleware.LoggingActionFilter | CorrelationId:d93f1c7816c2472aa3932de182117ec1 | API Request: POST /api/Staff | User: Unknown | School: 550e8400-e29b-41d4-a716-446655440000
2026-04-19 19:08:29.075 +05:30 [INF] SmsApi.Services.StaffService | CorrelationId:d93f1c7816c2472aa3932de182117ec1 | Staff onboarding complete for EMP20260419190828
2026-04-19 19:08:29.084 +05:30 [INF] SmsApi.Middleware.LoggingActionFilter | CorrelationId:d93f1c7816c2472aa3932de182117ec1 | API Response: POST /api/Staff | Status: 200 | Duration: 32ms
2026-04-19 19:08:29.099 +05:30 [INF] Serilog.AspNetCore.RequestLoggingMiddleware | CorrelationId:d93f1c7816c2472aa3932de182117ec1 | HTTP POST /api/Staff responded 201 in 51.5289 ms
2026-04-19 19:08:29.124 +05:30 [INF] SmsApi.Middleware.LoggingActionFilter | CorrelationId:4b572d03709442649c78841aaf92f3a6 | API Request: GET /api/Staff/74230cbb-11a1-4849-bfc7-bb51015d2bcf | User: Unknown | School: 550e8400-e29b-41d4-a716-446655440000
2026-04-19 19:08:29.137 +05:30 [INF] SmsApi.Middleware.LoggingActionFilter | CorrelationId:4b572d03709442649c78841aaf92f3a6 | API Response: GET /api/Staff/74230cbb-11a1-4849-bfc7-bb51015d2bcf | Status: 200 | Duration: 12ms
2026-04-19 19:08:29.140 +05:30 [INF] Serilog.AspNetCore.RequestLoggingMiddleware | CorrelationId:4b572d03709442649c78841aaf92f3a6 | HTTP GET /api/Staff/74230cbb-11a1-4849-bfc7-bb51015d2bcf responded 200 in 20.5421 ms
2026-04-19 19:08:29.154 +05:30 [INF] SmsApi.Middleware.LoggingActionFilter | CorrelationId:b1c813258deb48a6bc69ae446c8f66ea | API Request: GET /api/Staff | User: Unknown | School: 550e8400-e29b-41d4-a716-446655440000
2026-04-19 19:08:29.160 +05:30 [INF] SmsApi.Middleware.LoggingActionFilter | CorrelationId:b1c813258deb48a6bc69ae446c8f66ea | API Response: GET /api/Staff | Status: 200 | Duration: 6ms
2026-04-19 19:08:29.169 +05:30 [INF] Serilog.AspNetCore.RequestLoggingMiddleware | CorrelationId:b1c813258deb48a6bc69ae446c8f66ea | HTTP GET /api/Staff responded 200 in 17.6256 ms
2026-04-19 19:08:29.194 +05:30 [INF] SmsApi.Middleware.LoggingActionFilter | CorrelationId:ab0ae245d7034134a45edbc338fd4451 | API Request: GET /api/LeaveManagement/types | User: Unknown | School: 550e8400-e29b-41d4-a716-446655440000
2026-04-19 19:08:29.205 +05:30 [INF] SmsApi.Middleware.LoggingActionFilter | CorrelationId:ab0ae245d7034134a45edbc338fd4451 | API Response: GET /api/LeaveManagement/types | Status: 200 | Duration: 10ms
2026-04-19 19:08:29.214 +05:30 [INF] Serilog.AspNetCore.RequestLoggingMiddleware | CorrelationId:ab0ae245d7034134a45edbc338fd4451 | HTTP GET /api/LeaveManagement/types responded 200 in 20.2926 ms
2026-04-19 19:08:29.248 +05:30 [INF] SmsApi.Middleware.LoggingActionFilter | CorrelationId:b5c1d7b487344a7d9cc8edb6bd176dcb | API Request: POST /api/LeaveManagement/requests | User: Unknown | School: 550e8400-e29b-41d4-a716-446655440000
2026-04-19 19:08:29.262 +05:30 [INF] SmsApi.Middleware.LoggingActionFilter | CorrelationId:b5c1d7b487344a7d9cc8edb6bd176dcb | API Response: POST /api/LeaveManagement/requests | Status: 200 | Duration: 14ms
2026-04-19 19:08:29.273 +05:30 [INF] Serilog.AspNetCore.RequestLoggingMiddleware | CorrelationId:b5c1d7b487344a7d9cc8edb6bd176dcb | HTTP POST /api/LeaveManagement/requests responded 400 in 27.6486 ms
2026-04-19 19:08:29.321 +05:30 [INF] SmsApi.Middleware.LoggingActionFilter | CorrelationId:c7fb09839afe4cd49ed92890329db489 | API Request: POST /api/Attendance/records | User: Unknown | School: 550e8400-e29b-41d4-a716-446655440000
2026-04-19 19:08:29.331 +05:30 [ERR] Microsoft.EntityFrameworkCore.Database.Command | CorrelationId:c7fb09839afe4cd49ed92890329db489 | Failed executing DbCommand (2ms) [Parameters=[@p0='?' (DbType = Guid), @p1='?', @p2='?' (DbType = Object), @p3='?' (DbType = Object), @p4='?' (DbType = DateTime), @p5='?' (DbType = Guid), @p6='?' (DbType = DateTime), @p7='?' (DbType = DateTime), @p8='?', @p9='?' (DbType = Boolean), @p10='?' (DbType = Boolean), @p11='?' (DbType = Guid), @p12='?', @p13='?' (DbType = Guid), @p14='?', @p15='?' (DbType = Guid), @p16='?' (DbType = DateTime), @p17='?' (DbType = Guid)], CommandType='"Text"', CommandTimeout='30']
INSERT INTO "AttendanceRecords" ("Id", "BiometricId", "CheckInTime", "CheckOutTime", "CreatedAt", "CreatedBy", "Date", "DeletedAt", "Discriminator", "IsDeleted", "IsManualOverride", "MarkedBy", "Remarks", "SchoolId", "Status", "StudentId", "UpdatedAt", "UpdatedBy")
VALUES (@p0, @p1, @p2, @p3, @p4, @p5, @p6, @p7, @p8, @p9, @p10, @p11, @p12, @p13, @p14, @p15, @p16, @p17)
RETURNING "RowVersion";
2026-04-19 19:08:29.343 +05:30 [ERR] Microsoft.EntityFrameworkCore.Update | CorrelationId:c7fb09839afe4cd49ed92890329db489 | An exception occurred in the database while saving changes for context type 'SmsApi.Data.AppDbContext'.
Microsoft.EntityFrameworkCore.DbUpdateException: An error occurred while saving the entity changes. See the inner exception for details.
 ---> Npgsql.PostgresException (0x80004005): 23503: insert or update on table "AttendanceRecords" violates foreign key constraint "FK_AttendanceRecords_User_MarkedBy"

DETAIL: Detail redacted as it may contain sensitive data. Specify 'Include Error Detail' in the connection string to include this information.
   at Npgsql.Internal.NpgsqlConnector.ReadMessageLong(Boolean async, DataRowLoadingMode dataRowLoadingMode, Boolean readingNotifications, Boolean isReadingPrependedMessage)
   at System.Runtime.CompilerServices.PoolingAsyncValueTaskMethodBuilder`1.StateMachineBox`1.System.Threading.Tasks.Sources.IValueTaskSource<TResult>.GetResult(Int16 token)
   at Npgsql.NpgsqlDataReader.NextResult(Boolean async, Boolean isConsuming, CancellationToken cancellationToken)
   at Npgsql.NpgsqlDataReader.NextResult(Boolean async, Boolean isConsuming, CancellationToken cancellationToken)
   at Npgsql.NpgsqlCommand.ExecuteReader(Boolean async, CommandBehavior behavior, CancellationToken cancellationToken)
   at Npgsql.NpgsqlCommand.ExecuteReader(Boolean async, CommandBehavior behavior, CancellationToken cancellationToken)
   at Npgsql.NpgsqlCommand.ExecuteDbDataReaderAsync(CommandBehavior behavior, CancellationToken cancellationToken)
   at Microsoft.EntityFrameworkCore.Storage.RelationalCommand.ExecuteReaderAsync(RelationalCommandParameterObject parameterObject, CancellationToken cancellationToken)
   at Microsoft.EntityFrameworkCore.Storage.RelationalCommand.ExecuteReaderAsync(RelationalCommandParameterObject parameterObject, CancellationToken cancellationToken)
   at Microsoft.EntityFrameworkCore.Update.ReaderModificationCommandBatch.ExecuteAsync(IRelationalConnection connection, CancellationToken cancellationToken)
  Exception data:
    Severity: ERROR
    SqlState: 23503
    MessageText: insert or update on table "AttendanceRecords" violates foreign key constraint "FK_AttendanceRecords_User_MarkedBy"
    Detail: Detail redacted as it may contain sensitive data. Specify 'Include Error Detail' in the connection string to include this information.
    SchemaName: public
    TableName: AttendanceRecords
    ConstraintName: FK_AttendanceRecords_User_MarkedBy
    File: ri_triggers.c
    Line: 2783
    Routine: ri_ReportViolation
   --- End of inner exception stack trace ---
   at Microsoft.EntityFrameworkCore.Update.ReaderModificationCommandBatch.ExecuteAsync(IRelationalConnection connection, CancellationToken cancellationToken)
   at Microsoft.EntityFrameworkCore.Update.Internal.BatchExecutor.ExecuteAsync(IEnumerable`1 commandBatches, IRelationalConnection connection, CancellationToken cancellationToken)
   at Microsoft.EntityFrameworkCore.Update.Internal.BatchExecutor.ExecuteAsync(IEnumerable`1 commandBatches, IRelationalConnection connection, CancellationToken cancellationToken)
   at Microsoft.EntityFrameworkCore.Update.Internal.BatchExecutor.ExecuteAsync(IEnumerable`1 commandBatches, IRelationalConnection connection, CancellationToken cancellationToken)
   at Microsoft.EntityFrameworkCore.ChangeTracking.Internal.StateManager.SaveChangesAsync(IList`1 entriesToSave, CancellationToken cancellationToken)
   at Microsoft.EntityFrameworkCore.ChangeTracking.Internal.StateManager.SaveChangesAsync(StateManager stateManager, Boolean acceptAllChangesOnSuccess, CancellationToken cancellationToken)
   at Microsoft.EntityFrameworkCore.Storage.ExecutionStrategy.<>c__DisplayClass30_0`2.<<ExecuteAsync>b__0>d.MoveNext()
--- End of stack trace from previous location ---
   at Microsoft.EntityFrameworkCore.Storage.ExecutionStrategy.ExecuteImplementationAsync[TState,TResult](Func`4 operation, Func`4 verifySucceeded, TState state, CancellationToken cancellationToken)
   at Microsoft.EntityFrameworkCore.Storage.ExecutionStrategy.ExecuteImplementationAsync[TState,TResult](Func`4 operation, Func`4 verifySucceeded, TState state, CancellationToken cancellationToken)
   at Microsoft.EntityFrameworkCore.Storage.ExecutionStrategy.ExecuteAsync[TState,TResult](TState state, Func`4 operation, Func`4 verifySucceeded, CancellationToken cancellationToken)
   at Microsoft.EntityFrameworkCore.DbContext.SaveChangesAsync(Boolean acceptAllChangesOnSuccess, CancellationToken cancellationToken)
Microsoft.EntityFrameworkCore.DbUpdateException: An error occurred while saving the entity changes. See the inner exception for details.
 ---> Npgsql.PostgresException (0x80004005): 23503: insert or update on table "AttendanceRecords" violates foreign key constraint "FK_AttendanceRecords_User_MarkedBy"

DETAIL: Detail redacted as it may contain sensitive data. Specify 'Include Error Detail' in the connection string to include this information.
   at Npgsql.Internal.NpgsqlConnector.ReadMessageLong(Boolean async, DataRowLoadingMode dataRowLoadingMode, Boolean readingNotifications, Boolean isReadingPrependedMessage)
   at System.Runtime.CompilerServices.PoolingAsyncValueTaskMethodBuilder`1.StateMachineBox`1.System.Threading.Tasks.Sources.IValueTaskSource<TResult>.GetResult(Int16 token)
   at Npgsql.NpgsqlDataReader.NextResult(Boolean async, Boolean isConsuming, CancellationToken cancellationToken)
   at Npgsql.NpgsqlDataReader.NextResult(Boolean async, Boolean isConsuming, CancellationToken cancellationToken)
   at Npgsql.NpgsqlCommand.ExecuteReader(Boolean async, CommandBehavior behavior, CancellationToken cancellationToken)
   at Npgsql.NpgsqlCommand.ExecuteReader(Boolean async, CommandBehavior behavior, CancellationToken cancellationToken)
   at Npgsql.NpgsqlCommand.ExecuteDbDataReaderAsync(CommandBehavior behavior, CancellationToken cancellationToken)
   at Microsoft.EntityFrameworkCore.Storage.RelationalCommand.ExecuteReaderAsync(RelationalCommandParameterObject parameterObject, CancellationToken cancellationToken)
   at Microsoft.EntityFrameworkCore.Storage.RelationalCommand.ExecuteReaderAsync(RelationalCommandParameterObject parameterObject, CancellationToken cancellationToken)
   at Microsoft.EntityFrameworkCore.Update.ReaderModificationCommandBatch.ExecuteAsync(IRelationalConnection connection, CancellationToken cancellationToken)
  Exception data:
    Severity: ERROR
    SqlState: 23503
    MessageText: insert or update on table "AttendanceRecords" violates foreign key constraint "FK_AttendanceRecords_User_MarkedBy"
    Detail: Detail redacted as it may contain sensitive data. Specify 'Include Error Detail' in the connection string to include this information.
    SchemaName: public
    TableName: AttendanceRecords
    ConstraintName: FK_AttendanceRecords_User_MarkedBy
    File: ri_triggers.c
    Line: 2783
    Routine: ri_ReportViolation
   --- End of inner exception stack trace ---
   at Microsoft.EntityFrameworkCore.Update.ReaderModificationCommandBatch.ExecuteAsync(IRelationalConnection connection, CancellationToken cancellationToken)
   at Microsoft.EntityFrameworkCore.Update.Internal.BatchExecutor.ExecuteAsync(IEnumerable`1 commandBatches, IRelationalConnection connection, CancellationToken cancellationToken)
   at Microsoft.EntityFrameworkCore.Update.Internal.BatchExecutor.ExecuteAsync(IEnumerable`1 commandBatches, IRelationalConnection connection, CancellationToken cancellationToken)
   at Microsoft.EntityFrameworkCore.Update.Internal.BatchExecutor.ExecuteAsync(IEnumerable`1 commandBatches, IRelationalConnection connection, CancellationToken cancellationToken)
   at Microsoft.EntityFrameworkCore.ChangeTracking.Internal.StateManager.SaveChangesAsync(IList`1 entriesToSave, CancellationToken cancellationToken)
   at Microsoft.EntityFrameworkCore.ChangeTracking.Internal.StateManager.SaveChangesAsync(StateManager stateManager, Boolean acceptAllChangesOnSuccess, CancellationToken cancellationToken)
   at Microsoft.EntityFrameworkCore.Storage.ExecutionStrategy.<>c__DisplayClass30_0`2.<<ExecuteAsync>b__0>d.MoveNext()
--- End of stack trace from previous location ---
   at Microsoft.EntityFrameworkCore.Storage.ExecutionStrategy.ExecuteImplementationAsync[TState,TResult](Func`4 operation, Func`4 verifySucceeded, TState state, CancellationToken cancellationToken)
   at Microsoft.EntityFrameworkCore.Storage.ExecutionStrategy.ExecuteImplementationAsync[TState,TResult](Func`4 operation, Func`4 verifySucceeded, TState state, CancellationToken cancellationToken)
   at Microsoft.EntityFrameworkCore.Storage.ExecutionStrategy.ExecuteAsync[TState,TResult](TState state, Func`4 operation, Func`4 verifySucceeded, CancellationToken cancellationToken)
   at Microsoft.EntityFrameworkCore.DbContext.SaveChangesAsync(Boolean acceptAllChangesOnSuccess, CancellationToken cancellationToken)
2026-04-19 19:08:29.368 +05:30 [ERR] SmsApi.Controllers.AttendanceController | CorrelationId:c7fb09839afe4cd49ed92890329db489 | Error marking attendance
Microsoft.EntityFrameworkCore.DbUpdateException: An error occurred while saving the entity changes. See the inner exception for details.
 ---> Npgsql.PostgresException (0x80004005): 23503: insert or update on table "AttendanceRecords" violates foreign key constraint "FK_AttendanceRecords_User_MarkedBy"

DETAIL: Detail redacted as it may contain sensitive data. Specify 'Include Error Detail' in the connection string to include this information.
   at Npgsql.Internal.NpgsqlConnector.ReadMessageLong(Boolean async, DataRowLoadingMode dataRowLoadingMode, Boolean readingNotifications, Boolean isReadingPrependedMessage)
   at System.Runtime.CompilerServices.PoolingAsyncValueTaskMethodBuilder`1.StateMachineBox`1.System.Threading.Tasks.Sources.IValueTaskSource<TResult>.GetResult(Int16 token)
   at Npgsql.NpgsqlDataReader.NextResult(Boolean async, Boolean isConsuming, CancellationToken cancellationToken)
   at Npgsql.NpgsqlDataReader.NextResult(Boolean async, Boolean isConsuming, CancellationToken cancellationToken)
   at Npgsql.NpgsqlCommand.ExecuteReader(Boolean async, CommandBehavior behavior, CancellationToken cancellationToken)
   at Npgsql.NpgsqlCommand.ExecuteReader(Boolean async, CommandBehavior behavior, CancellationToken cancellationToken)
   at Npgsql.NpgsqlCommand.ExecuteDbDataReaderAsync(CommandBehavior behavior, CancellationToken cancellationToken)
   at Microsoft.EntityFrameworkCore.Storage.RelationalCommand.ExecuteReaderAsync(RelationalCommandParameterObject parameterObject, CancellationToken cancellationToken)
   at Microsoft.EntityFrameworkCore.Storage.RelationalCommand.ExecuteReaderAsync(RelationalCommandParameterObject parameterObject, CancellationToken cancellationToken)
   at Microsoft.EntityFrameworkCore.Update.ReaderModificationCommandBatch.ExecuteAsync(IRelationalConnection connection, CancellationToken cancellationToken)
  Exception data:
    Severity: ERROR
    SqlState: 23503
    MessageText: insert or update on table "AttendanceRecords" violates foreign key constraint "FK_AttendanceRecords_User_MarkedBy"
    Detail: Detail redacted as it may contain sensitive data. Specify 'Include Error Detail' in the connection string to include this information.
    SchemaName: public
    TableName: AttendanceRecords
    ConstraintName: FK_AttendanceRecords_User_MarkedBy
    File: ri_triggers.c
    Line: 2783
    Routine: ri_ReportViolation
   --- End of inner exception stack trace ---
   at Microsoft.EntityFrameworkCore.Update.ReaderModificationCommandBatch.ExecuteAsync(IRelationalConnection connection, CancellationToken cancellationToken)
   at Microsoft.EntityFrameworkCore.Update.Internal.BatchExecutor.ExecuteAsync(IEnumerable`1 commandBatches, IRelationalConnection connection, CancellationToken cancellationToken)
   at Microsoft.EntityFrameworkCore.Update.Internal.BatchExecutor.ExecuteAsync(IEnumerable`1 commandBatches, IRelationalConnection connection, CancellationToken cancellationToken)
   at Microsoft.EntityFrameworkCore.Update.Internal.BatchExecutor.ExecuteAsync(IEnumerable`1 commandBatches, IRelationalConnection connection, CancellationToken cancellationToken)
   at Microsoft.EntityFrameworkCore.ChangeTracking.Internal.StateManager.SaveChangesAsync(IList`1 entriesToSave, CancellationToken cancellationToken)
   at Microsoft.EntityFrameworkCore.ChangeTracking.Internal.StateManager.SaveChangesAsync(StateManager stateManager, Boolean acceptAllChangesOnSuccess, CancellationToken cancellationToken)
   at Microsoft.EntityFrameworkCore.Storage.ExecutionStrategy.<>c__DisplayClass30_0`2.<<ExecuteAsync>b__0>d.MoveNext()
--- End of stack trace from previous location ---
   at Microsoft.EntityFrameworkCore.Storage.ExecutionStrategy.ExecuteImplementationAsync[TState,TResult](Func`4 operation, Func`4 verifySucceeded, TState state, CancellationToken cancellationToken)
   at Microsoft.EntityFrameworkCore.Storage.ExecutionStrategy.ExecuteImplementationAsync[TState,TResult](Func`4 operation, Func`4 verifySucceeded, TState state, CancellationToken cancellationToken)
   at Microsoft.EntityFrameworkCore.Storage.ExecutionStrategy.ExecuteAsync[TState,TResult](TState state, Func`4 operation, Func`4 verifySucceeded, CancellationToken cancellationToken)
   at Microsoft.EntityFrameworkCore.DbContext.SaveChangesAsync(Boolean acceptAllChangesOnSuccess, CancellationToken cancellationToken)
   at Microsoft.EntityFrameworkCore.DbContext.SaveChangesAsync(Boolean acceptAllChangesOnSuccess, CancellationToken cancellationToken)
   at SmsApi.Data.AppDbContext.SaveChangesAsync(CancellationToken cancellationToken) in C:\Vitana\Vitana Group\sms-api\Data\AppDbContext.cs:line 229
   at SmsApi.Services.AttendanceService.MarkAttendanceAsync(Guid schoolId, MarkAttendanceDto dto, Guid userId) in C:\Vitana\Vitana Group\sms-api\Services\AttendanceService.cs:line 259
   at SmsApi.Controllers.AttendanceController.MarkAttendance(MarkAttendanceDto dto) in C:\Vitana\Vitana Group\sms-api\Controllers\AttendanceController.cs:line 152
2026-04-19 19:08:29.394 +05:30 [INF] SmsApi.Middleware.LoggingActionFilter | CorrelationId:c7fb09839afe4cd49ed92890329db489 | API Response: POST /api/Attendance/records | Status: 200 | Duration: 73ms
2026-04-19 19:08:29.412 +05:30 [ERR] Microsoft.EntityFrameworkCore.Database.Command | CorrelationId:c7fb09839afe4cd49ed92890329db489 | Failed executing DbCommand (2ms) [Parameters=[@p0='?' (DbType = Guid), @p1='?', @p2='?' (DbType = Object), @p3='?' (DbType = Object), @p4='?' (DbType = DateTime), @p5='?' (DbType = Guid), @p6='?' (DbType = DateTime), @p7='?' (DbType = DateTime), @p8='?', @p9='?' (DbType = Boolean), @p10='?' (DbType = Boolean), @p11='?' (DbType = Guid), @p12='?', @p13='?' (DbType = Guid), @p14='?', @p15='?' (DbType = Guid), @p16='?' (DbType = DateTime), @p17='?' (DbType = Guid), @p18='?' (DbType = Guid), @p19='?', @p20='?' (DbType = Int64), @p21='?' (DbType = Guid), @p22='?', @p23='?', @p24='?', @p25='?', @p26='?', @p27='?', @p28='?', @p29='?' (DbType = Guid), @p30='?' (DbType = Int32), @p31='?' (DbType = DateTime), @p32='?', @p33='?' (DbType = Guid), @p34='?'], CommandType='"Text"', CommandTimeout='30']
INSERT INTO "AttendanceRecords" ("Id", "BiometricId", "CheckInTime", "CheckOutTime", "CreatedAt", "CreatedBy", "Date", "DeletedAt", "Discriminator", "IsDeleted", "IsManualOverride", "MarkedBy", "Remarks", "SchoolId", "Status", "StudentId", "UpdatedAt", "UpdatedBy")
VALUES (@p0, @p1, @p2, @p3, @p4, @p5, @p6, @p7, @p8, @p9, @p10, @p11, @p12, @p13, @p14, @p15, @p16, @p17)
RETURNING "RowVersion";
INSERT INTO "AuditLogs" ("Id", "ActionType", "DurationMs", "EntityId", "EntityType", "ExceptionMessage", "HttpMethod", "IpAddress", "Path", "QueryString", "RequestBody", "SchoolId", "StatusCode", "Timestamp", "UserAgent", "UserId", "Username")
VALUES (@p18, @p19, @p20, @p21, @p22, @p23, @p24, @p25, @p26, @p27, @p28, @p29, @p30, @p31, @p32, @p33, @p34);
2026-04-19 19:08:29.491 +05:30 [ERR] Microsoft.EntityFrameworkCore.Update | CorrelationId:c7fb09839afe4cd49ed92890329db489 | An exception occurred in the database while saving changes for context type 'SmsApi.Data.AppDbContext'.
Microsoft.EntityFrameworkCore.DbUpdateException: An error occurred while saving the entity changes. See the inner exception for details.
 ---> Npgsql.PostgresException (0x80004005): 23503: insert or update on table "AttendanceRecords" violates foreign key constraint "FK_AttendanceRecords_User_MarkedBy"

DETAIL: Detail redacted as it may contain sensitive data. Specify 'Include Error Detail' in the connection string to include this information.
   at Npgsql.Internal.NpgsqlConnector.ReadMessageLong(Boolean async, DataRowLoadingMode dataRowLoadingMode, Boolean readingNotifications, Boolean isReadingPrependedMessage)
   at System.Runtime.CompilerServices.PoolingAsyncValueTaskMethodBuilder`1.StateMachineBox`1.System.Threading.Tasks.Sources.IValueTaskSource<TResult>.GetResult(Int16 token)
   at Npgsql.NpgsqlDataReader.NextResult(Boolean async, Boolean isConsuming, CancellationToken cancellationToken)
   at Npgsql.NpgsqlDataReader.NextResult(Boolean async, Boolean isConsuming, CancellationToken cancellationToken)
   at Npgsql.NpgsqlCommand.ExecuteReader(Boolean async, CommandBehavior behavior, CancellationToken cancellationToken)
   at Npgsql.NpgsqlCommand.ExecuteReader(Boolean async, CommandBehavior behavior, CancellationToken cancellationToken)
   at Npgsql.NpgsqlCommand.ExecuteDbDataReaderAsync(CommandBehavior behavior, CancellationToken cancellationToken)
   at Microsoft.EntityFrameworkCore.Storage.RelationalCommand.ExecuteReaderAsync(RelationalCommandParameterObject parameterObject, CancellationToken cancellationToken)
   at Microsoft.EntityFrameworkCore.Storage.RelationalCommand.ExecuteReaderAsync(RelationalCommandParameterObject parameterObject, CancellationToken cancellationToken)
   at Microsoft.EntityFrameworkCore.Update.ReaderModificationCommandBatch.ExecuteAsync(IRelationalConnection connection, CancellationToken cancellationToken)
  Exception data:
    Severity: ERROR
    SqlState: 23503
    MessageText: insert or update on table "AttendanceRecords" violates foreign key constraint "FK_AttendanceRecords_User_MarkedBy"
    Detail: Detail redacted as it may contain sensitive data. Specify 'Include Error Detail' in the connection string to include this information.
    SchemaName: public
    TableName: AttendanceRecords
    ConstraintName: FK_AttendanceRecords_User_MarkedBy
    File: ri_triggers.c
    Line: 2783
    Routine: ri_ReportViolation
   --- End of inner exception stack trace ---
   at Microsoft.EntityFrameworkCore.Update.ReaderModificationCommandBatch.ExecuteAsync(IRelationalConnection connection, CancellationToken cancellationToken)
   at Microsoft.EntityFrameworkCore.Update.Internal.BatchExecutor.ExecuteAsync(IEnumerable`1 commandBatches, IRelationalConnection connection, CancellationToken cancellationToken)
   at Microsoft.EntityFrameworkCore.Update.Internal.BatchExecutor.ExecuteAsync(IEnumerable`1 commandBatches, IRelationalConnection connection, CancellationToken cancellationToken)
   at Microsoft.EntityFrameworkCore.Update.Internal.BatchExecutor.ExecuteAsync(IEnumerable`1 commandBatches, IRelationalConnection connection, CancellationToken cancellationToken)
   at Microsoft.EntityFrameworkCore.ChangeTracking.Internal.StateManager.SaveChangesAsync(IList`1 entriesToSave, CancellationToken cancellationToken)
   at Microsoft.EntityFrameworkCore.ChangeTracking.Internal.StateManager.SaveChangesAsync(StateManager stateManager, Boolean acceptAllChangesOnSuccess, CancellationToken cancellationToken)
   at Microsoft.EntityFrameworkCore.Storage.ExecutionStrategy.<>c__DisplayClass30_0`2.<<ExecuteAsync>b__0>d.MoveNext()
--- End of stack trace from previous location ---
   at Microsoft.EntityFrameworkCore.Storage.ExecutionStrategy.ExecuteImplementationAsync[TState,TResult](Func`4 operation, Func`4 verifySucceeded, TState state, CancellationToken cancellationToken)
   at Microsoft.EntityFrameworkCore.Storage.ExecutionStrategy.ExecuteImplementationAsync[TState,TResult](Func`4 operation, Func`4 verifySucceeded, TState state, CancellationToken cancellationToken)
   at Microsoft.EntityFrameworkCore.Storage.ExecutionStrategy.ExecuteAsync[TState,TResult](TState state, Func`4 operation, Func`4 verifySucceeded, CancellationToken cancellationToken)
   at Microsoft.EntityFrameworkCore.DbContext.SaveChangesAsync(Boolean acceptAllChangesOnSuccess, CancellationToken cancellationToken)
Microsoft.EntityFrameworkCore.DbUpdateException: An error occurred while saving the entity changes. See the inner exception for details.
 ---> Npgsql.PostgresException (0x80004005): 23503: insert or update on table "AttendanceRecords" violates foreign key constraint "FK_AttendanceRecords_User_MarkedBy"

DETAIL: Detail redacted as it may contain sensitive data. Specify 'Include Error Detail' in the connection string to include this information.
   at Npgsql.Internal.NpgsqlConnector.ReadMessageLong(Boolean async, DataRowLoadingMode dataRowLoadingMode, Boolean readingNotifications, Boolean isReadingPrependedMessage)
   at System.Runtime.CompilerServices.PoolingAsyncValueTaskMethodBuilder`1.StateMachineBox`1.System.Threading.Tasks.Sources.IValueTaskSource<TResult>.GetResult(Int16 token)
   at Npgsql.NpgsqlDataReader.NextResult(Boolean async, Boolean isConsuming, CancellationToken cancellationToken)
   at Npgsql.NpgsqlDataReader.NextResult(Boolean async, Boolean isConsuming, CancellationToken cancellationToken)
   at Npgsql.NpgsqlCommand.ExecuteReader(Boolean async, CommandBehavior behavior, CancellationToken cancellationToken)
   at Npgsql.NpgsqlCommand.ExecuteReader(Boolean async, CommandBehavior behavior, CancellationToken cancellationToken)
   at Npgsql.NpgsqlCommand.ExecuteDbDataReaderAsync(CommandBehavior behavior, CancellationToken cancellationToken)
   at Microsoft.EntityFrameworkCore.Storage.RelationalCommand.ExecuteReaderAsync(RelationalCommandParameterObject parameterObject, CancellationToken cancellationToken)
   at Microsoft.EntityFrameworkCore.Storage.RelationalCommand.ExecuteReaderAsync(RelationalCommandParameterObject parameterObject, CancellationToken cancellationToken)
   at Microsoft.EntityFrameworkCore.Update.ReaderModificationCommandBatch.ExecuteAsync(IRelationalConnection connection, CancellationToken cancellationToken)
  Exception data:
    Severity: ERROR
    SqlState: 23503
    MessageText: insert or update on table "AttendanceRecords" violates foreign key constraint "FK_AttendanceRecords_User_MarkedBy"
    Detail: Detail redacted as it may contain sensitive data. Specify 'Include Error Detail' in the connection string to include this information.
    SchemaName: public
    TableName: AttendanceRecords
    ConstraintName: FK_AttendanceRecords_User_MarkedBy
    File: ri_triggers.c
    Line: 2783
    Routine: ri_ReportViolation
   --- End of inner exception stack trace ---
   at Microsoft.EntityFrameworkCore.Update.ReaderModificationCommandBatch.ExecuteAsync(IRelationalConnection connection, CancellationToken cancellationToken)
   at Microsoft.EntityFrameworkCore.Update.Internal.BatchExecutor.ExecuteAsync(IEnumerable`1 commandBatches, IRelationalConnection connection, CancellationToken cancellationToken)
   at Microsoft.EntityFrameworkCore.Update.Internal.BatchExecutor.ExecuteAsync(IEnumerable`1 commandBatches, IRelationalConnection connection, CancellationToken cancellationToken)
   at Microsoft.EntityFrameworkCore.Update.Internal.BatchExecutor.ExecuteAsync(IEnumerable`1 commandBatches, IRelationalConnection connection, CancellationToken cancellationToken)
   at Microsoft.EntityFrameworkCore.ChangeTracking.Internal.StateManager.SaveChangesAsync(IList`1 entriesToSave, CancellationToken cancellationToken)
   at Microsoft.EntityFrameworkCore.ChangeTracking.Internal.StateManager.SaveChangesAsync(StateManager stateManager, Boolean acceptAllChangesOnSuccess, CancellationToken cancellationToken)
   at Microsoft.EntityFrameworkCore.Storage.ExecutionStrategy.<>c__DisplayClass30_0`2.<<ExecuteAsync>b__0>d.MoveNext()
--- End of stack trace from previous location ---
   at Microsoft.EntityFrameworkCore.Storage.ExecutionStrategy.ExecuteImplementationAsync[TState,TResult](Func`4 operation, Func`4 verifySucceeded, TState state, CancellationToken cancellationToken)
   at Microsoft.EntityFrameworkCore.Storage.ExecutionStrategy.ExecuteImplementationAsync[TState,TResult](Func`4 operation, Func`4 verifySucceeded, TState state, CancellationToken cancellationToken)
   at Microsoft.EntityFrameworkCore.Storage.ExecutionStrategy.ExecuteAsync[TState,TResult](TState state, Func`4 operation, Func`4 verifySucceeded, CancellationToken cancellationToken)
   at Microsoft.EntityFrameworkCore.DbContext.SaveChangesAsync(Boolean acceptAllChangesOnSuccess, CancellationToken cancellationToken)
2026-04-19 19:08:29.511 +05:30 [ERR] SmsApi.Middleware.AuditLoggingMiddleware | CorrelationId:c7fb09839afe4cd49ed92890329db489 | Failed to write audit log entry
Microsoft.EntityFrameworkCore.DbUpdateException: An error occurred while saving the entity changes. See the inner exception for details.
 ---> Npgsql.PostgresException (0x80004005): 23503: insert or update on table "AttendanceRecords" violates foreign key constraint "FK_AttendanceRecords_User_MarkedBy"

DETAIL: Detail redacted as it may contain sensitive data. Specify 'Include Error Detail' in the connection string to include this information.
   at Npgsql.Internal.NpgsqlConnector.ReadMessageLong(Boolean async, DataRowLoadingMode dataRowLoadingMode, Boolean readingNotifications, Boolean isReadingPrependedMessage)
   at System.Runtime.CompilerServices.PoolingAsyncValueTaskMethodBuilder`1.StateMachineBox`1.System.Threading.Tasks.Sources.IValueTaskSource<TResult>.GetResult(Int16 token)
   at Npgsql.NpgsqlDataReader.NextResult(Boolean async, Boolean isConsuming, CancellationToken cancellationToken)
   at Npgsql.NpgsqlDataReader.NextResult(Boolean async, Boolean isConsuming, CancellationToken cancellationToken)
   at Npgsql.NpgsqlCommand.ExecuteReader(Boolean async, CommandBehavior behavior, CancellationToken cancellationToken)
   at Npgsql.NpgsqlCommand.ExecuteReader(Boolean async, CommandBehavior behavior, CancellationToken cancellationToken)
   at Npgsql.NpgsqlCommand.ExecuteDbDataReaderAsync(CommandBehavior behavior, CancellationToken cancellationToken)
   at Microsoft.EntityFrameworkCore.Storage.RelationalCommand.ExecuteReaderAsync(RelationalCommandParameterObject parameterObject, CancellationToken cancellationToken)
   at Microsoft.EntityFrameworkCore.Storage.RelationalCommand.ExecuteReaderAsync(RelationalCommandParameterObject parameterObject, CancellationToken cancellationToken)
   at Microsoft.EntityFrameworkCore.Update.ReaderModificationCommandBatch.ExecuteAsync(IRelationalConnection connection, CancellationToken cancellationToken)
  Exception data:
    Severity: ERROR
    SqlState: 23503
    MessageText: insert or update on table "AttendanceRecords" violates foreign key constraint "FK_AttendanceRecords_User_MarkedBy"
    Detail: Detail redacted as it may contain sensitive data. Specify 'Include Error Detail' in the connection string to include this information.
    SchemaName: public
    TableName: AttendanceRecords
    ConstraintName: FK_AttendanceRecords_User_MarkedBy
    File: ri_triggers.c
    Line: 2783
    Routine: ri_ReportViolation
   --- End of inner exception stack trace ---
   at Microsoft.EntityFrameworkCore.Update.ReaderModificationCommandBatch.ExecuteAsync(IRelationalConnection connection, CancellationToken cancellationToken)
   at Microsoft.EntityFrameworkCore.Update.Internal.BatchExecutor.ExecuteAsync(IEnumerable`1 commandBatches, IRelationalConnection connection, CancellationToken cancellationToken)
   at Microsoft.EntityFrameworkCore.Update.Internal.BatchExecutor.ExecuteAsync(IEnumerable`1 commandBatches, IRelationalConnection connection, CancellationToken cancellationToken)
   at Microsoft.EntityFrameworkCore.Update.Internal.BatchExecutor.ExecuteAsync(IEnumerable`1 commandBatches, IRelationalConnection connection, CancellationToken cancellationToken)
   at Microsoft.EntityFrameworkCore.ChangeTracking.Internal.StateManager.SaveChangesAsync(IList`1 entriesToSave, CancellationToken cancellationToken)
   at Microsoft.EntityFrameworkCore.ChangeTracking.Internal.StateManager.SaveChangesAsync(StateManager stateManager, Boolean acceptAllChangesOnSuccess, CancellationToken cancellationToken)
   at Microsoft.EntityFrameworkCore.Storage.ExecutionStrategy.<>c__DisplayClass30_0`2.<<ExecuteAsync>b__0>d.MoveNext()
--- End of stack trace from previous location ---
   at Microsoft.EntityFrameworkCore.Storage.ExecutionStrategy.ExecuteImplementationAsync[TState,TResult](Func`4 operation, Func`4 verifySucceeded, TState state, CancellationToken cancellationToken)
   at Microsoft.EntityFrameworkCore.Storage.ExecutionStrategy.ExecuteImplementationAsync[TState,TResult](Func`4 operation, Func`4 verifySucceeded, TState state, CancellationToken cancellationToken)
   at Microsoft.EntityFrameworkCore.Storage.ExecutionStrategy.ExecuteAsync[TState,TResult](TState state, Func`4 operation, Func`4 verifySucceeded, CancellationToken cancellationToken)
   at Microsoft.EntityFrameworkCore.DbContext.SaveChangesAsync(Boolean acceptAllChangesOnSuccess, CancellationToken cancellationToken)
   at Microsoft.EntityFrameworkCore.DbContext.SaveChangesAsync(Boolean acceptAllChangesOnSuccess, CancellationToken cancellationToken)
   at SmsApi.Data.AppDbContext.SaveChangesAsync(CancellationToken cancellationToken) in C:\Vitana\Vitana Group\sms-api\Data\AppDbContext.cs:line 229
   at SmsApi.Middleware.AuditLoggingMiddleware.WriteAuditLog(HttpContext context, AppDbContext dbContext, String requestBody, Int64 durationMs, String exceptionMessage) in C:\Vitana\Vitana Group\sms-api\Middleware\AuditLoggingMiddleware.cs:line 112
2026-04-19 19:08:29.541 +05:30 [ERR] Serilog.AspNetCore.RequestLoggingMiddleware | CorrelationId:c7fb09839afe4cd49ed92890329db489 | HTTP POST /api/Attendance/records responded 500 in 222.0539 ms
2026-04-19 19:08:29.573 +05:30 [INF] SmsApi.Middleware.LoggingActionFilter | CorrelationId:872e389c9d1a460aa204e30955eaae5c | API Request: GET /api/Attendance/records | User: Unknown | School: 550e8400-e29b-41d4-a716-446655440000
2026-04-19 19:08:29.587 +05:30 [INF] SmsApi.Middleware.LoggingActionFilter | CorrelationId:872e389c9d1a460aa204e30955eaae5c | API Response: GET /api/Attendance/records | Status: 200 | Duration: 14ms
2026-04-19 19:08:29.595 +05:30 [INF] Serilog.AspNetCore.RequestLoggingMiddleware | CorrelationId:872e389c9d1a460aa204e30955eaae5c | HTTP GET /api/Attendance/records responded 200 in 26.4155 ms
2026-04-19 19:08:29.615 +05:30 [INF] SmsApi.Middleware.LoggingActionFilter | CorrelationId:2303accd247a4360b02da9dad53766dc | API Request: POST /api/academics/classes | User: Unknown | School: 550e8400-e29b-41d4-a716-446655440000
2026-04-19 19:08:29.630 +05:30 [INF] SmsApi.Middleware.LoggingActionFilter | CorrelationId:2303accd247a4360b02da9dad53766dc | API Response: POST /api/academics/classes | Status: 200 | Duration: 14ms
2026-04-19 19:08:29.636 +05:30 [INF] Serilog.AspNetCore.RequestLoggingMiddleware | CorrelationId:2303accd247a4360b02da9dad53766dc | HTTP POST /api/academics/classes responded 201 in 21.8729 ms
2026-04-19 19:08:29.653 +05:30 [INF] SmsApi.Middleware.LoggingActionFilter | CorrelationId:7b357264701f4fb699a5031e3a7c2a2f | API Request: POST /api/academics/subjects | User: Unknown | School: 550e8400-e29b-41d4-a716-446655440000
2026-04-19 19:08:29.664 +05:30 [INF] SmsApi.Middleware.LoggingActionFilter | CorrelationId:7b357264701f4fb699a5031e3a7c2a2f | API Response: POST /api/academics/subjects | Status: 200 | Duration: 11ms
2026-04-19 19:08:29.672 +05:30 [INF] Serilog.AspNetCore.RequestLoggingMiddleware | CorrelationId:7b357264701f4fb699a5031e3a7c2a2f | HTTP POST /api/academics/subjects responded 201 in 20.6976 ms
2026-04-19 19:08:29.689 +05:30 [INF] SmsApi.Middleware.LoggingActionFilter | CorrelationId:a790052c59b547d0adbaea1f3e42b546 | API Request: POST /api/academics/class-subjects | User: Unknown | School: 550e8400-e29b-41d4-a716-446655440000
2026-04-19 19:08:29.700 +05:30 [INF] SmsApi.Middleware.LoggingActionFilter | CorrelationId:a790052c59b547d0adbaea1f3e42b546 | API Response: POST /api/academics/class-subjects | Status: 200 | Duration: 11ms
2026-04-19 19:08:29.722 +05:30 [INF] Serilog.AspNetCore.RequestLoggingMiddleware | CorrelationId:a790052c59b547d0adbaea1f3e42b546 | HTTP POST /api/academics/class-subjects responded 200 in 34.8358 ms
2026-04-19 19:08:29.739 +05:30 [INF] SmsApi.Middleware.LoggingActionFilter | CorrelationId:c3dc4a1ea62e4305ae1703c2d3286631 | API Request: GET /api/academics/classes | User: Unknown | School: 550e8400-e29b-41d4-a716-446655440000
2026-04-19 19:08:29.759 +05:30 [INF] SmsApi.Middleware.LoggingActionFilter | CorrelationId:c3dc4a1ea62e4305ae1703c2d3286631 | API Response: GET /api/academics/classes | Status: 200 | Duration: 19ms
2026-04-19 19:08:29.769 +05:30 [INF] Serilog.AspNetCore.RequestLoggingMiddleware | CorrelationId:c3dc4a1ea62e4305ae1703c2d3286631 | HTTP GET /api/academics/classes responded 200 in 30.9795 ms
2026-04-19 19:08:29.794 +05:30 [INF] SmsApi.Middleware.LoggingActionFilter | CorrelationId:bc7b32bb532343cdbca5cab3b4d9f38f | API Request: GET /api/Attendance/records | User: Unknown | School: 550e8400-e29b-41d4-a716-446655440000
2026-04-19 19:08:29.807 +05:30 [INF] SmsApi.Middleware.LoggingActionFilter | CorrelationId:bc7b32bb532343cdbca5cab3b4d9f38f | API Response: GET /api/Attendance/records | Status: 200 | Duration: 12ms
2026-04-19 19:08:29.813 +05:30 [INF] Serilog.AspNetCore.RequestLoggingMiddleware | CorrelationId:bc7b32bb532343cdbca5cab3b4d9f38f | HTTP GET /api/Attendance/records responded 200 in 21.7033 ms
2026-04-19 19:08:29.837 +05:30 [INF] SmsApi.Middleware.LoggingActionFilter | CorrelationId:122656ca36e740b2a962cd2d03feb33b | API Request: GET /api/LeaveManagement/requests | User: Unknown | School: 550e8400-e29b-41d4-a716-446655440000
2026-04-19 19:08:29.853 +05:30 [INF] SmsApi.Middleware.LoggingActionFilter | CorrelationId:122656ca36e740b2a962cd2d03feb33b | API Response: GET /api/LeaveManagement/requests | Status: 200 | Duration: 15ms
2026-04-19 19:08:29.860 +05:30 [INF] Serilog.AspNetCore.RequestLoggingMiddleware | CorrelationId:122656ca36e740b2a962cd2d03feb33b | HTTP GET /api/LeaveManagement/requests responded 200 in 23.2580 ms
2026-04-19 19:08:29.906 +05:30 [INF] Serilog.AspNetCore.RequestLoggingMiddleware | CorrelationId:c0ae5d497ce441f493a0fb8e2d1cf6e1 | HTTP POST /api/students responded 400 in 4.2923 ms
2026-04-19 19:10:18.043 +05:30 [INF] Serilog.AspNetCore.RequestLoggingMiddleware | CorrelationId:c7f2b85cadf14adf9470db0e395b3bc2 | HTTP OPTIONS /api/examinations/stats responded 204 in 99.2882 ms
2026-04-19 19:10:18.043 +05:30 [INF] Serilog.AspNetCore.RequestLoggingMiddleware | CorrelationId:afa51508d68f41f5bff0b5f07a01c3c3 | HTTP OPTIONS /api/examinations/exams responded 204 in 46.3193 ms
2026-04-19 19:10:18.043 +05:30 [INF] Serilog.AspNetCore.RequestLoggingMiddleware | CorrelationId:c178b48bd47c41f1862b894971ad902e | HTTP OPTIONS /api/examinations/exams responded 204 in 253.9708 ms
2026-04-19 19:10:18.104 +05:30 [INF] Serilog.AspNetCore.RequestLoggingMiddleware | CorrelationId:489d8f438ee24beb8f466cfee6544d9f | HTTP OPTIONS /api/examinations/stats responded 204 in 0.7358 ms
2026-04-19 19:10:19.728 +05:30 [WRN] SmsApi.Infrastructure.Performance.PerformanceMonitoringMiddleware | CorrelationId: | Slow request: OPTIONS /api/examinations/stats took 1784ms — status 204.
2026-04-19 19:10:19.732 +05:30 [WRN] SmsApi.Infrastructure.Performance.PerformanceMonitoringMiddleware | CorrelationId: | Slow request: OPTIONS /api/examinations/exams took 1735ms — status 204.
2026-04-19 19:10:19.741 +05:30 [WRN] SmsApi.Infrastructure.Performance.PerformanceMonitoringMiddleware | CorrelationId: | Slow request: OPTIONS /api/examinations/exams took 1952ms — status 204.
2026-04-19 19:10:19.746 +05:30 [WRN] SmsApi.Infrastructure.Performance.PerformanceMonitoringMiddleware | CorrelationId: | Slow request: OPTIONS /api/examinations/stats took 1643ms — status 204.
2026-04-19 19:10:19.906 +05:30 [INF] SmsApi.Middleware.LoggingActionFilter | CorrelationId:b70362b76e4b435ea0e82ea1c6621722 | API Request: GET /api/examinations/stats | User: Unknown | School: 550e8400-e29b-41d4-a716-446655440000
2026-04-19 19:10:19.908 +05:30 [INF] SmsApi.Middleware.LoggingActionFilter | CorrelationId:ab95b8703caa4bfdbc9f9af9b3f81b8b | API Request: GET /api/examinations/exams | User: Unknown | School: 550e8400-e29b-41d4-a716-446655440000
2026-04-19 19:10:20.089 +05:30 [INF] SmsApi.Middleware.LoggingActionFilter | CorrelationId:d4646d0377b44b21a75b83b575de78cb | API Request: GET /api/examinations/stats | User: Unknown | School: 550e8400-e29b-41d4-a716-446655440000
2026-04-19 19:10:20.089 +05:30 [INF] SmsApi.Middleware.LoggingActionFilter | CorrelationId:b025c05ee8f94fc985082f03ba046f44 | API Request: GET /api/examinations/exams | User: Unknown | School: 550e8400-e29b-41d4-a716-446655440000
2026-04-19 19:10:20.246 +05:30 [INF] SmsApi.Middleware.LoggingActionFilter | CorrelationId:b025c05ee8f94fc985082f03ba046f44 | API Response: GET /api/examinations/exams | Status: 200 | Duration: 156ms
2026-04-19 19:10:20.394 +05:30 [INF] SmsApi.Middleware.LoggingActionFilter | CorrelationId:ab95b8703caa4bfdbc9f9af9b3f81b8b | API Response: GET /api/examinations/exams | Status: 200 | Duration: 485ms
2026-04-19 19:10:20.508 +05:30 [INF] Serilog.AspNetCore.RequestLoggingMiddleware | CorrelationId:b025c05ee8f94fc985082f03ba046f44 | HTTP GET /api/examinations/exams responded 200 in 640.8788 ms
2026-04-19 19:10:20.590 +05:30 [INF] SmsApi.Middleware.LoggingActionFilter | CorrelationId:d4646d0377b44b21a75b83b575de78cb | API Response: GET /api/examinations/stats | Status: 200 | Duration: 501ms
2026-04-19 19:10:20.590 +05:30 [INF] SmsApi.Middleware.LoggingActionFilter | CorrelationId:b70362b76e4b435ea0e82ea1c6621722 | API Response: GET /api/examinations/stats | Status: 200 | Duration: 684ms
2026-04-19 19:10:20.632 +05:30 [INF] Serilog.AspNetCore.RequestLoggingMiddleware | CorrelationId:ab95b8703caa4bfdbc9f9af9b3f81b8b | HTTP GET /api/examinations/exams responded 200 in 813.9005 ms
2026-04-19 19:10:20.661 +05:30 [WRN] SmsApi.Infrastructure.Performance.PerformanceMonitoringMiddleware | CorrelationId: | Slow request: GET /api/examinations/exams took 640ms — status 200.
2026-04-19 19:10:20.687 +05:30 [INF] Serilog.AspNetCore.RequestLoggingMiddleware | CorrelationId:d4646d0377b44b21a75b83b575de78cb | HTTP GET /api/examinations/stats responded 200 in 890.0750 ms
2026-04-19 19:10:20.743 +05:30 [WRN] SmsApi.Infrastructure.Performance.PerformanceMonitoringMiddleware | CorrelationId: | Slow request: GET /api/examinations/stats took 890ms — status 200.
2026-04-19 19:10:20.703 +05:30 [WRN] SmsApi.Infrastructure.Performance.PerformanceMonitoringMiddleware | CorrelationId: | Slow request: GET /api/examinations/exams took 813ms — status 200.
2026-04-19 19:10:20.701 +05:30 [INF] Serilog.AspNetCore.RequestLoggingMiddleware | CorrelationId:b70362b76e4b435ea0e82ea1c6621722 | HTTP GET /api/examinations/stats responded 200 in 822.1099 ms
2026-04-19 19:10:20.775 +05:30 [WRN] SmsApi.Infrastructure.Performance.PerformanceMonitoringMiddleware | CorrelationId: | Slow request: GET /api/examinations/stats took 822ms — status 200.
2026-04-19 19:10:22.074 +05:30 [INF] Serilog.AspNetCore.RequestLoggingMiddleware | CorrelationId:c491d1c78bc44a65b8aa92e3bd5e43fa | HTTP OPTIONS /api/academics/subjects responded 204 in 0.7982 ms
2026-04-19 19:10:22.080 +05:30 [INF] Serilog.AspNetCore.RequestLoggingMiddleware | CorrelationId:44432ebfa325451abf5e8701eb24cb57 | HTTP OPTIONS /api/academics/classes responded 204 in 0.1915 ms
2026-04-19 19:10:22.082 +05:30 [INF] Serilog.AspNetCore.RequestLoggingMiddleware | CorrelationId:f6b0f667de3c425abeace9ec1e0e7216 | HTTP OPTIONS /api/academics/academic-years responded 204 in 0.0670 ms
2026-04-19 19:10:22.082 +05:30 [INF] Serilog.AspNetCore.RequestLoggingMiddleware | CorrelationId:8708c5adf7c94a20be9abb99d752fb73 | HTTP OPTIONS /api/examinations/exams responded 204 in 0.0804 ms
2026-04-19 19:10:22.082 +05:30 [INF] Serilog.AspNetCore.RequestLoggingMiddleware | CorrelationId:3f65e559988f46048f2572d637e30d4a | HTTP OPTIONS /api/examinations/exams responded 204 in 0.0379 ms
2026-04-19 19:10:22.085 +05:30 [INF] Serilog.AspNetCore.RequestLoggingMiddleware | CorrelationId:e31bfd4cf8454ac285580b15e1032475 | HTTP OPTIONS /api/academics/classes responded 204 in 2.5215 ms
2026-04-19 19:10:22.170 +05:30 [INF] Serilog.AspNetCore.RequestLoggingMiddleware | CorrelationId:872f79b1a1654c02848c546926e7f774 | HTTP OPTIONS /api/academics/subjects responded 204 in 0.3616 ms
2026-04-19 19:10:22.215 +05:30 [INF] Serilog.AspNetCore.RequestLoggingMiddleware | CorrelationId:944997e372544b97a268aca76c4ccf37 | HTTP OPTIONS /api/academics/academic-years responded 204 in 0.2265 ms
2026-04-19 19:10:22.240 +05:30 [INF] Serilog.AspNetCore.RequestLoggingMiddleware | CorrelationId:1ab93b0a2e194ab88b03035308492513 | HTTP OPTIONS /api/examinations/exams responded 204 in 0.1491 ms
2026-04-19 19:10:22.243 +05:30 [INF] Serilog.AspNetCore.RequestLoggingMiddleware | CorrelationId:e0eb6119b6794c26abe8d0bbbddd5718 | HTTP OPTIONS /api/examinations/exams responded 204 in 0.1205 ms
2026-04-19 19:10:22.274 +05:30 [INF] SmsApi.Middleware.LoggingActionFilter | CorrelationId:9a434273fe8a4182a3e158a8e8c086a8 | API Request: GET /api/academics/classes | User: Unknown | School: 550e8400-e29b-41d4-a716-446655440000
2026-04-19 19:10:22.280 +05:30 [INF] SmsApi.Middleware.LoggingActionFilter | CorrelationId:ffb10f480c024e4b8f2092819da3a27d | API Request: GET /api/academics/subjects | User: Unknown | School: 550e8400-e29b-41d4-a716-446655440000
2026-04-19 19:10:22.307 +05:30 [INF] SmsApi.Middleware.LoggingActionFilter | CorrelationId:bedda58ca0a04ad7b7783ef6a51f427a | API Request: GET /api/academics/academic-years | User: Unknown | School: 550e8400-e29b-41d4-a716-446655440000
2026-04-19 19:10:22.316 +05:30 [INF] SmsApi.Middleware.LoggingActionFilter | CorrelationId:7d89761066e14b899257af8f4eb76623 | API Request: GET /api/examinations/exams | User: Unknown | School: 550e8400-e29b-41d4-a716-446655440000
2026-04-19 19:10:22.330 +05:30 [INF] SmsApi.Middleware.LoggingActionFilter | CorrelationId:c96e1d50196e4653a7d3c77fcf19de7a | API Request: GET /api/academics/classes | User: Unknown | School: 550e8400-e29b-41d4-a716-446655440000
2026-04-19 19:10:22.382 +05:30 [INF] SmsApi.Middleware.LoggingActionFilter | CorrelationId:91da630eed10499ea698e86f197dafdf | API Request: GET /api/examinations/exams | User: Unknown | School: 550e8400-e29b-41d4-a716-446655440000
2026-04-19 19:10:22.386 +05:30 [INF] SmsApi.Middleware.LoggingActionFilter | CorrelationId:7d89761066e14b899257af8f4eb76623 | API Response: GET /api/examinations/exams | Status: 200 | Duration: 70ms
2026-04-19 19:10:22.410 +05:30 [INF] SmsApi.Middleware.LoggingActionFilter | CorrelationId:91da630eed10499ea698e86f197dafdf | API Response: GET /api/examinations/exams | Status: 200 | Duration: 28ms
2026-04-19 19:10:22.434 +05:30 [INF] SmsApi.Middleware.LoggingActionFilter | CorrelationId:bedda58ca0a04ad7b7783ef6a51f427a | API Response: GET /api/academics/academic-years | Status: 200 | Duration: 126ms
2026-04-19 19:10:22.445 +05:30 [INF] SmsApi.Middleware.LoggingActionFilter | CorrelationId:ffb10f480c024e4b8f2092819da3a27d | API Response: GET /api/academics/subjects | Status: 200 | Duration: 164ms
2026-04-19 19:10:22.457 +05:30 [INF] Serilog.AspNetCore.RequestLoggingMiddleware | CorrelationId:7d89761066e14b899257af8f4eb76623 | HTTP GET /api/examinations/exams responded 200 in 156.4143 ms
2026-04-19 19:10:22.463 +05:30 [INF] Serilog.AspNetCore.RequestLoggingMiddleware | CorrelationId:91da630eed10499ea698e86f197dafdf | HTTP GET /api/examinations/exams responded 200 in 98.3148 ms
2026-04-19 19:10:22.476 +05:30 [INF] Serilog.AspNetCore.RequestLoggingMiddleware | CorrelationId:bedda58ca0a04ad7b7783ef6a51f427a | HTTP GET /api/academics/academic-years responded 200 in 184.3418 ms
2026-04-19 19:10:22.476 +05:30 [INF] Serilog.AspNetCore.RequestLoggingMiddleware | CorrelationId:ffb10f480c024e4b8f2092819da3a27d | HTTP GET /api/academics/subjects responded 200 in 226.5737 ms
2026-04-19 19:10:22.486 +05:30 [INF] SmsApi.Middleware.LoggingActionFilter | CorrelationId:9a434273fe8a4182a3e158a8e8c086a8 | API Response: GET /api/academics/classes | Status: 200 | Duration: 212ms
2026-04-19 19:10:22.500 +05:30 [INF] SmsApi.Middleware.LoggingActionFilter | CorrelationId:c96e1d50196e4653a7d3c77fcf19de7a | API Response: GET /api/academics/classes | Status: 200 | Duration: 170ms
2026-04-19 19:10:22.514 +05:30 [INF] SmsApi.Middleware.LoggingActionFilter | CorrelationId:8b1b026adb2041d5b4718bf045b5266c | API Request: GET /api/academics/subjects | User: Unknown | School: 550e8400-e29b-41d4-a716-446655440000
2026-04-19 19:10:22.541 +05:30 [INF] SmsApi.Middleware.LoggingActionFilter | CorrelationId:903403eeb2384a8db718379df4b7e3ba | API Request: GET /api/examinations/exams | User: Unknown | School: 550e8400-e29b-41d4-a716-446655440000
2026-04-19 19:10:22.545 +05:30 [INF] Serilog.AspNetCore.RequestLoggingMiddleware | CorrelationId:9a434273fe8a4182a3e158a8e8c086a8 | HTTP GET /api/academics/classes responded 200 in 274.5514 ms
2026-04-19 19:10:22.549 +05:30 [INF] Serilog.AspNetCore.RequestLoggingMiddleware | CorrelationId:c96e1d50196e4653a7d3c77fcf19de7a | HTTP GET /api/academics/classes responded 200 in 219.7562 ms
2026-04-19 19:10:22.563 +05:30 [INF] SmsApi.Middleware.LoggingActionFilter | CorrelationId:a8e357be36de44e5b1260d23c219754e | API Request: GET /api/academics/academic-years | User: Unknown | School: 550e8400-e29b-41d4-a716-446655440000
2026-04-19 19:10:22.589 +05:30 [INF] SmsApi.Middleware.LoggingActionFilter | CorrelationId:3cc904e5181e49309f2cffff5d5d4f06 | API Request: GET /api/examinations/exams | User: Unknown | School: 550e8400-e29b-41d4-a716-446655440000
2026-04-19 19:10:22.599 +05:30 [INF] SmsApi.Middleware.LoggingActionFilter | CorrelationId:8b1b026adb2041d5b4718bf045b5266c | API Response: GET /api/academics/subjects | Status: 200 | Duration: 84ms
2026-04-19 19:10:22.776 +05:30 [INF] Serilog.AspNetCore.RequestLoggingMiddleware | CorrelationId:8b1b026adb2041d5b4718bf045b5266c | HTTP GET /api/academics/subjects responded 200 in 262.7901 ms
2026-04-19 19:10:22.771 +05:30 [INF] SmsApi.Middleware.LoggingActionFilter | CorrelationId:a8e357be36de44e5b1260d23c219754e | API Response: GET /api/academics/academic-years | Status: 200 | Duration: 208ms
2026-04-19 19:10:22.731 +05:30 [INF] SmsApi.Middleware.LoggingActionFilter | CorrelationId:903403eeb2384a8db718379df4b7e3ba | API Response: GET /api/examinations/exams | Status: 200 | Duration: 190ms
2026-04-19 19:10:22.785 +05:30 [INF] SmsApi.Middleware.LoggingActionFilter | CorrelationId:3cc904e5181e49309f2cffff5d5d4f06 | API Response: GET /api/examinations/exams | Status: 200 | Duration: 196ms
2026-04-19 19:10:22.881 +05:30 [INF] Serilog.AspNetCore.RequestLoggingMiddleware | CorrelationId:a8e357be36de44e5b1260d23c219754e | HTTP GET /api/academics/academic-years responded 200 in 326.8172 ms
2026-04-19 19:10:22.908 +05:30 [INF] Serilog.AspNetCore.RequestLoggingMiddleware | CorrelationId:903403eeb2384a8db718379df4b7e3ba | HTTP GET /api/examinations/exams responded 200 in 375.6269 ms
2026-04-19 19:10:22.913 +05:30 [INF] Serilog.AspNetCore.RequestLoggingMiddleware | CorrelationId:3cc904e5181e49309f2cffff5d5d4f06 | HTTP GET /api/examinations/exams responded 200 in 331.0572 ms
2026-04-19 19:10:25.032 +05:30 [INF] Serilog.AspNetCore.RequestLoggingMiddleware | CorrelationId:b21cb14d8a424150882d13f85fa77d95 | HTTP OPTIONS /api/academics/classes responded 204 in 2.4504 ms
2026-04-19 19:10:25.043 +05:30 [INF] Serilog.AspNetCore.RequestLoggingMiddleware | CorrelationId:9b26992bdd154aa4bf5989f85f594224 | HTTP OPTIONS /api/academics/academic-years responded 204 in 0.1236 ms
2026-04-19 19:10:25.050 +05:30 [INF] Serilog.AspNetCore.RequestLoggingMiddleware | CorrelationId:9f5117adbc9d4a9c816075155bf54aee | HTTP OPTIONS /api/staff responded 204 in 0.1041 ms
2026-04-19 19:10:25.053 +05:30 [INF] Serilog.AspNetCore.RequestLoggingMiddleware | CorrelationId:e974fdcbc4994f2cb779ef46cd61b669 | HTTP OPTIONS /api/academics/classes responded 204 in 0.0491 ms
2026-04-19 19:10:25.056 +05:30 [INF] Serilog.AspNetCore.RequestLoggingMiddleware | CorrelationId:2257bf92125b4c1892bfff00a73f8e35 | HTTP OPTIONS /api/academics/academic-years responded 204 in 0.6518 ms
2026-04-19 19:10:25.058 +05:30 [INF] Serilog.AspNetCore.RequestLoggingMiddleware | CorrelationId:a4d11a0d1fe04c7f8d176717230599b1 | HTTP OPTIONS /api/staff responded 204 in 0.1021 ms
2026-04-19 19:10:25.162 +05:30 [INF] SmsApi.Middleware.LoggingActionFilter | CorrelationId:f42d13d16c764c6589411805b1850aec | API Request: GET /api/academics/classes | User: Unknown | School: 550e8400-e29b-41d4-a716-446655440000
2026-04-19 19:10:25.168 +05:30 [INF] SmsApi.Middleware.LoggingActionFilter | CorrelationId:7d73b4a207214195b43b5d3c9f6ede46 | API Request: GET /api/academics/academic-years | User: Unknown | School: 550e8400-e29b-41d4-a716-446655440000
2026-04-19 19:10:25.182 +05:30 [INF] SmsApi.Middleware.LoggingActionFilter | CorrelationId:a2f8cdd0799546598eaa13367d55aa7c | API Request: GET /api/academics/classes | User: Unknown | School: 550e8400-e29b-41d4-a716-446655440000
2026-04-19 19:10:25.190 +05:30 [INF] SmsApi.Middleware.LoggingActionFilter | CorrelationId:34febb4e26be419587a0086b4827a684 | API Request: GET /api/staff | User: Unknown | School: 550e8400-e29b-41d4-a716-446655440000
2026-04-19 19:10:25.251 +05:30 [INF] SmsApi.Middleware.LoggingActionFilter | CorrelationId:f42d13d16c764c6589411805b1850aec | API Response: GET /api/academics/classes | Status: 200 | Duration: 88ms
2026-04-19 19:10:25.252 +05:30 [INF] SmsApi.Middleware.LoggingActionFilter | CorrelationId:34febb4e26be419587a0086b4827a684 | API Response: GET /api/staff | Status: 200 | Duration: 61ms
2026-04-19 19:10:25.252 +05:30 [INF] SmsApi.Middleware.LoggingActionFilter | CorrelationId:7d73b4a207214195b43b5d3c9f6ede46 | API Response: GET /api/academics/academic-years | Status: 200 | Duration: 83ms
2026-04-19 19:10:25.252 +05:30 [INF] SmsApi.Middleware.LoggingActionFilter | CorrelationId:f9870cef431845a09768adcc9dd6134e | API Request: GET /api/academics/academic-years | User: Unknown | School: 550e8400-e29b-41d4-a716-446655440000
2026-04-19 19:10:25.255 +05:30 [INF] SmsApi.Middleware.LoggingActionFilter | CorrelationId:60f561c749534012b52351517c9451d9 | API Request: GET /api/staff | User: Unknown | School: 550e8400-e29b-41d4-a716-446655440000
2026-04-19 19:10:25.256 +05:30 [INF] SmsApi.Middleware.LoggingActionFilter | CorrelationId:a2f8cdd0799546598eaa13367d55aa7c | API Response: GET /api/academics/classes | Status: 200 | Duration: 73ms
2026-04-19 19:10:25.344 +05:30 [INF] Serilog.AspNetCore.RequestLoggingMiddleware | CorrelationId:f42d13d16c764c6589411805b1850aec | HTTP GET /api/academics/classes responded 200 in 183.1034 ms
2026-04-19 19:10:25.351 +05:30 [INF] Serilog.AspNetCore.RequestLoggingMiddleware | CorrelationId:34febb4e26be419587a0086b4827a684 | HTTP GET /api/staff responded 200 in 168.3149 ms
2026-04-19 19:10:25.359 +05:30 [INF] Serilog.AspNetCore.RequestLoggingMiddleware | CorrelationId:7d73b4a207214195b43b5d3c9f6ede46 | HTTP GET /api/academics/academic-years responded 200 in 191.0000 ms
2026-04-19 19:10:25.369 +05:30 [INF] SmsApi.Middleware.LoggingActionFilter | CorrelationId:f9870cef431845a09768adcc9dd6134e | API Response: GET /api/academics/academic-years | Status: 200 | Duration: 117ms
2026-04-19 19:10:25.378 +05:30 [INF] Serilog.AspNetCore.RequestLoggingMiddleware | CorrelationId:a2f8cdd0799546598eaa13367d55aa7c | HTTP GET /api/academics/classes responded 200 in 196.0238 ms
2026-04-19 19:10:25.380 +05:30 [INF] SmsApi.Middleware.LoggingActionFilter | CorrelationId:60f561c749534012b52351517c9451d9 | API Response: GET /api/staff | Status: 200 | Duration: 124ms
2026-04-19 19:10:25.455 +05:30 [INF] Serilog.AspNetCore.RequestLoggingMiddleware | CorrelationId:f9870cef431845a09768adcc9dd6134e | HTTP GET /api/academics/academic-years responded 200 in 203.5849 ms
2026-04-19 19:10:25.478 +05:30 [INF] Serilog.AspNetCore.RequestLoggingMiddleware | CorrelationId:60f561c749534012b52351517c9451d9 | HTTP GET /api/staff responded 200 in 231.8650 ms
2026-04-19 19:10:28.737 +05:30 [INF] Serilog.AspNetCore.RequestLoggingMiddleware | CorrelationId:c26406b6af644c4a8a4d6ce355a9fbcf | HTTP OPTIONS /api/academics/academic-years responded 204 in 0.2970 ms
2026-04-19 19:10:28.737 +05:30 [INF] Serilog.AspNetCore.RequestLoggingMiddleware | CorrelationId:357e9f439ab040eb9bdbbd8f5e6d584e | HTTP OPTIONS /api/academics/academic-years responded 204 in 0.0117 ms
2026-04-19 19:10:28.839 +05:30 [INF] SmsApi.Middleware.LoggingActionFilter | CorrelationId:4f01386b88894c56a3d233bc882dfc94 | API Request: GET /api/academics/academic-years | User: Unknown | School: 550e8400-e29b-41d4-a716-446655440000
2026-04-19 19:10:28.847 +05:30 [INF] SmsApi.Middleware.LoggingActionFilter | CorrelationId:0014c0f8129b411eabc032ff776baca4 | API Request: GET /api/academics/academic-years | User: Unknown | School: 550e8400-e29b-41d4-a716-446655440000
2026-04-19 19:10:28.884 +05:30 [INF] SmsApi.Middleware.LoggingActionFilter | CorrelationId:0014c0f8129b411eabc032ff776baca4 | API Response: GET /api/academics/academic-years | Status: 200 | Duration: 37ms
2026-04-19 19:10:28.888 +05:30 [INF] SmsApi.Middleware.LoggingActionFilter | CorrelationId:4f01386b88894c56a3d233bc882dfc94 | API Response: GET /api/academics/academic-years | Status: 200 | Duration: 48ms
2026-04-19 19:10:28.977 +05:30 [INF] Serilog.AspNetCore.RequestLoggingMiddleware | CorrelationId:0014c0f8129b411eabc032ff776baca4 | HTTP GET /api/academics/academic-years responded 200 in 130.5590 ms
2026-04-19 19:10:28.977 +05:30 [INF] Serilog.AspNetCore.RequestLoggingMiddleware | CorrelationId:4f01386b88894c56a3d233bc882dfc94 | HTTP GET /api/academics/academic-years responded 200 in 138.5094 ms
2026-04-19 19:10:29.822 +05:30 [INF] Serilog.AspNetCore.RequestLoggingMiddleware | CorrelationId:8d8ec67da4ca488ea98671d7373d361e | HTTP OPTIONS /api/academics/classes responded 204 in 0.7973 ms
2026-04-19 19:10:29.824 +05:30 [INF] Serilog.AspNetCore.RequestLoggingMiddleware | CorrelationId:d75f6544471a4847b02e778f0c760c66 | HTTP OPTIONS /api/board/boards responded 204 in 0.0874 ms
2026-04-19 19:10:29.827 +05:30 [INF] Serilog.AspNetCore.RequestLoggingMiddleware | CorrelationId:43cd3a77a6af48dd9f2dc74bd497365c | HTTP OPTIONS /api/academics/classes responded 204 in 0.6599 ms
2026-04-19 19:10:29.830 +05:30 [INF] Serilog.AspNetCore.RequestLoggingMiddleware | CorrelationId:99478e12b68b45c6bdde0acb52eaebbb | HTTP OPTIONS /api/board/boards responded 204 in 0.0920 ms
2026-04-19 19:10:29.896 +05:30 [INF] SmsApi.Middleware.LoggingActionFilter | CorrelationId:94ffcc269b544153b79fca6f0609a565 | API Request: GET /api/academics/classes | User: Unknown | School: 550e8400-e29b-41d4-a716-446655440000
2026-04-19 19:10:29.916 +05:30 [INF] SmsApi.Middleware.LoggingActionFilter | CorrelationId:0b61b8ca64b24e58b26f39ee70088889 | API Request: GET /api/board/boards | User: Unknown | School: 550e8400-e29b-41d4-a716-446655440000
2026-04-19 19:10:29.925 +05:30 [INF] SmsApi.Middleware.LoggingActionFilter | CorrelationId:964fb3e6a6da4fbc8ba1015d673e7419 | API Request: GET /api/academics/classes | User: Unknown | School: 550e8400-e29b-41d4-a716-446655440000
2026-04-19 19:10:29.930 +05:30 [INF] SmsApi.Middleware.LoggingActionFilter | CorrelationId:d259c98316f648268e29dc1d26535b13 | API Request: GET /api/board/boards | User: Unknown | School: 550e8400-e29b-41d4-a716-446655440000
2026-04-19 19:10:29.959 +05:30 [INF] SmsApi.Middleware.LoggingActionFilter | CorrelationId:94ffcc269b544153b79fca6f0609a565 | API Response: GET /api/academics/classes | Status: 200 | Duration: 63ms
2026-04-19 19:10:29.989 +05:30 [INF] SmsApi.Middleware.LoggingActionFilter | CorrelationId:964fb3e6a6da4fbc8ba1015d673e7419 | API Response: GET /api/academics/classes | Status: 200 | Duration: 63ms
2026-04-19 19:10:29.996 +05:30 [INF] Serilog.AspNetCore.RequestLoggingMiddleware | CorrelationId:94ffcc269b544153b79fca6f0609a565 | HTTP GET /api/academics/classes responded 200 in 101.2163 ms
2026-04-19 19:10:30.013 +05:30 [INF] Serilog.AspNetCore.RequestLoggingMiddleware | CorrelationId:964fb3e6a6da4fbc8ba1015d673e7419 | HTTP GET /api/academics/classes responded 200 in 94.1476 ms
2026-04-19 19:10:30.145 +05:30 [INF] SmsApi.Middleware.LoggingActionFilter | CorrelationId:0b61b8ca64b24e58b26f39ee70088889 | API Response: GET /api/board/boards | Status: 200 | Duration: 228ms
2026-04-19 19:10:30.145 +05:30 [INF] SmsApi.Middleware.LoggingActionFilter | CorrelationId:d259c98316f648268e29dc1d26535b13 | API Response: GET /api/board/boards | Status: 200 | Duration: 215ms
2026-04-19 19:10:30.203 +05:30 [INF] Serilog.AspNetCore.RequestLoggingMiddleware | CorrelationId:d259c98316f648268e29dc1d26535b13 | HTTP GET /api/board/boards responded 200 in 273.1710 ms
2026-04-19 19:10:30.203 +05:30 [INF] Serilog.AspNetCore.RequestLoggingMiddleware | CorrelationId:0b61b8ca64b24e58b26f39ee70088889 | HTTP GET /api/board/boards responded 200 in 298.3288 ms
2026-04-19 19:10:33.711 +05:30 [INF] Serilog.AspNetCore.RequestLoggingMiddleware | CorrelationId:9365a0385c4b4ce28688ea72bdfa0a64 | HTTP OPTIONS /api/staff/teaching responded 204 in 1.8562 ms
2026-04-19 19:10:33.711 +05:30 [INF] Serilog.AspNetCore.RequestLoggingMiddleware | CorrelationId:0b366d6332db45869deb24dc2d3f18f8 | HTTP OPTIONS /api/academics/classes/47186d03-9b4f-463d-bee5-93b0a857d1c3 responded 204 in 0.1229 ms
2026-04-19 19:10:33.799 +05:30 [INF] Serilog.AspNetCore.RequestLoggingMiddleware | CorrelationId:d254dfc7fd0d4b8da7a3b50d7730d3f3 | HTTP OPTIONS /api/academics/sections responded 204 in 0.1088 ms
2026-04-19 19:10:33.809 +05:30 [INF] Serilog.AspNetCore.RequestLoggingMiddleware | CorrelationId:95e3dcfb841a44a48b67d72fd4949d8b | HTTP OPTIONS /api/academics/classes/47186d03-9b4f-463d-bee5-93b0a857d1c3 responded 204 in 0.0787 ms
2026-04-19 19:10:33.855 +05:30 [INF] Serilog.AspNetCore.RequestLoggingMiddleware | CorrelationId:02192aa8ab5d4f68a75cfb6acfa98a12 | HTTP OPTIONS /api/staff/teaching responded 204 in 0.0637 ms
2026-04-19 19:10:33.860 +05:30 [INF] Serilog.AspNetCore.RequestLoggingMiddleware | CorrelationId:1cbd82751a00482f93b561bd759bdb1a | HTTP OPTIONS /api/academics/sections responded 204 in 0.0440 ms
2026-04-19 19:10:33.935 +05:30 [INF] SmsApi.Middleware.LoggingActionFilter | CorrelationId:4112150f7869467c88d4ee17eab59ed0 | API Request: GET /api/academics/classes/47186d03-9b4f-463d-bee5-93b0a857d1c3 | User: Unknown | School: 550e8400-e29b-41d4-a716-446655440000
2026-04-19 19:10:33.947 +05:30 [INF] SmsApi.Middleware.LoggingActionFilter | CorrelationId:83ffcd685a0f498596368f5f8206a040 | API Request: GET /api/academics/classes/47186d03-9b4f-463d-bee5-93b0a857d1c3 | User: Unknown | School: 550e8400-e29b-41d4-a716-446655440000
2026-04-19 19:10:33.956 +05:30 [INF] SmsApi.Middleware.LoggingActionFilter | CorrelationId:792e820ad35a45c783291fb3c410dadb | API Request: GET /api/staff/teaching | User: Unknown | School: 550e8400-e29b-41d4-a716-446655440000
2026-04-19 19:10:33.956 +05:30 [INF] SmsApi.Middleware.LoggingActionFilter | CorrelationId:228d8ce7fdde49a6999880e9629276ed | API Request: GET /api/staff/teaching | User: Unknown | School: 550e8400-e29b-41d4-a716-446655440000
2026-04-19 19:10:33.958 +05:30 [INF] SmsApi.Middleware.LoggingActionFilter | CorrelationId:279b1444f15146d1b6556bada1da49c9 | API Request: GET /api/academics/sections | User: Unknown | School: 550e8400-e29b-41d4-a716-446655440000
2026-04-19 19:10:33.959 +05:30 [INF] SmsApi.Middleware.LoggingActionFilter | CorrelationId:a9f8115656214015b5fb6b5491cef0b5 | API Request: GET /api/academics/sections | User: Unknown | School: 550e8400-e29b-41d4-a716-446655440000
2026-04-19 19:10:34.033 +05:30 [INF] SmsApi.Middleware.LoggingActionFilter | CorrelationId:792e820ad35a45c783291fb3c410dadb | API Response: GET /api/staff/teaching | Status: 200 | Duration: 77ms
2026-04-19 19:10:34.044 +05:30 [INF] SmsApi.Middleware.LoggingActionFilter | CorrelationId:228d8ce7fdde49a6999880e9629276ed | API Response: GET /api/staff/teaching | Status: 200 | Duration: 88ms
2026-04-19 19:10:34.070 +05:30 [INF] Serilog.AspNetCore.RequestLoggingMiddleware | CorrelationId:228d8ce7fdde49a6999880e9629276ed | HTTP GET /api/staff/teaching responded 200 in 139.9530 ms
2026-04-19 19:10:34.072 +05:30 [INF] Serilog.AspNetCore.RequestLoggingMiddleware | CorrelationId:792e820ad35a45c783291fb3c410dadb | HTTP GET /api/staff/teaching responded 200 in 180.2628 ms
2026-04-19 19:10:34.080 +05:30 [INF] SmsApi.Middleware.LoggingActionFilter | CorrelationId:83ffcd685a0f498596368f5f8206a040 | API Response: GET /api/academics/classes/47186d03-9b4f-463d-bee5-93b0a857d1c3 | Status: 200 | Duration: 132ms
2026-04-19 19:10:34.080 +05:30 [INF] SmsApi.Middleware.LoggingActionFilter | CorrelationId:4112150f7869467c88d4ee17eab59ed0 | API Response: GET /api/academics/classes/47186d03-9b4f-463d-bee5-93b0a857d1c3 | Status: 200 | Duration: 145ms
2026-04-19 19:10:34.124 +05:30 [INF] Serilog.AspNetCore.RequestLoggingMiddleware | CorrelationId:83ffcd685a0f498596368f5f8206a040 | HTTP GET /api/academics/classes/47186d03-9b4f-463d-bee5-93b0a857d1c3 responded 200 in 227.6783 ms
2026-04-19 19:10:34.128 +05:30 [INF] Serilog.AspNetCore.RequestLoggingMiddleware | CorrelationId:4112150f7869467c88d4ee17eab59ed0 | HTTP GET /api/academics/classes/47186d03-9b4f-463d-bee5-93b0a857d1c3 responded 200 in 227.0242 ms
2026-04-19 19:10:34.208 +05:30 [INF] SmsApi.Middleware.LoggingActionFilter | CorrelationId:279b1444f15146d1b6556bada1da49c9 | API Response: GET /api/academics/sections | Status: 200 | Duration: 249ms
2026-04-19 19:10:34.209 +05:30 [INF] SmsApi.Middleware.LoggingActionFilter | CorrelationId:a9f8115656214015b5fb6b5491cef0b5 | API Response: GET /api/academics/sections | Status: 200 | Duration: 249ms
2026-04-19 19:10:34.337 +05:30 [INF] Serilog.AspNetCore.RequestLoggingMiddleware | CorrelationId:279b1444f15146d1b6556bada1da49c9 | HTTP GET /api/academics/sections responded 200 in 443.0280 ms
2026-04-19 19:10:34.344 +05:30 [INF] Serilog.AspNetCore.RequestLoggingMiddleware | CorrelationId:a9f8115656214015b5fb6b5491cef0b5 | HTTP GET /api/academics/sections responded 200 in 397.2677 ms
2026-04-19 19:10:36.721 +05:30 [INF] Serilog.AspNetCore.RequestLoggingMiddleware | CorrelationId:3f3cf0744a8c4e519685df6d9e3e09c2 | HTTP OPTIONS /api/academics/sections/1df95924-7d14-4de3-b388-8f3767464685 responded 204 in 0.2933 ms
2026-04-19 19:10:36.722 +05:30 [INF] Serilog.AspNetCore.RequestLoggingMiddleware | CorrelationId:41f1534f3b8a46818141119b9ce4b0f4 | HTTP OPTIONS /api/students responded 204 in 0.7862 ms
2026-04-19 19:10:36.723 +05:30 [INF] Serilog.AspNetCore.RequestLoggingMiddleware | CorrelationId:c37ace2099d04e278e570e04410dcc36 | HTTP OPTIONS /api/staff/teaching responded 204 in 0.0752 ms
2026-04-19 19:10:36.724 +05:30 [INF] Serilog.AspNetCore.RequestLoggingMiddleware | CorrelationId:9b2140642b784814b1435df3a9f60019 | HTTP OPTIONS /api/academics/sections/1df95924-7d14-4de3-b388-8f3767464685 responded 204 in 0.0917 ms
2026-04-19 19:10:36.724 +05:30 [INF] Serilog.AspNetCore.RequestLoggingMiddleware | CorrelationId:8972f689a4e84b94ade3f4544cc53b97 | HTTP OPTIONS /api/students responded 204 in 0.0468 ms
2026-04-19 19:10:36.724 +05:30 [INF] Serilog.AspNetCore.RequestLoggingMiddleware | CorrelationId:7e15578f5f5b4f3c8566002ef02ced92 | HTTP OPTIONS /api/staff/teaching responded 204 in 0.0532 ms
2026-04-19 19:10:36.943 +05:30 [INF] SmsApi.Middleware.LoggingActionFilter | CorrelationId:be79ec809da049e5a6c7f59d7f0b363a | API Request: GET /api/academics/sections/1df95924-7d14-4de3-b388-8f3767464685 | User: Unknown | School: 550e8400-e29b-41d4-a716-446655440000
2026-04-19 19:10:37.253 +05:30 [INF] SmsApi.Middleware.LoggingActionFilter | CorrelationId:8c3d99a2ce3c4234a728358ede288e8d | API Request: GET /api/students | User: Unknown | School: 550e8400-e29b-41d4-a716-446655440000
2026-04-19 19:10:37.257 +05:30 [INF] SmsApi.Middleware.LoggingActionFilter | CorrelationId:ec12d9e423704472a1f9542f591f84e1 | API Request: GET /api/staff/teaching | User: Unknown | School: 550e8400-e29b-41d4-a716-446655440000
2026-04-19 19:10:37.263 +05:30 [WRN] SmsApi.Infrastructure.Performance.PerformanceMonitoringMiddleware | CorrelationId: | Slow request: OPTIONS /api/academics/sections/1df95924-7d14-4de3-b388-8f3767464685 took 539ms — status 204.
2026-04-19 19:10:37.266 +05:30 [WRN] SmsApi.Infrastructure.Performance.PerformanceMonitoringMiddleware | CorrelationId: | Slow request: OPTIONS /api/students took 542ms — status 204.
2026-04-19 19:10:37.268 +05:30 [WRN] SmsApi.Infrastructure.Performance.PerformanceMonitoringMiddleware | CorrelationId: | Slow request: OPTIONS /api/staff/teaching took 544ms — status 204.
2026-04-19 19:10:37.318 +05:30 [INF] SmsApi.Middleware.LoggingActionFilter | CorrelationId:ec12d9e423704472a1f9542f591f84e1 | API Response: GET /api/staff/teaching | Status: 200 | Duration: 61ms
2026-04-19 19:10:37.329 +05:30 [INF] SmsApi.Middleware.LoggingActionFilter | CorrelationId:621730cd08f747e4aafbf3949b43b45c | API Request: GET /api/academics/sections/1df95924-7d14-4de3-b388-8f3767464685 | User: Unknown | School: 550e8400-e29b-41d4-a716-446655440000
2026-04-19 19:10:37.359 +05:30 [INF] SmsApi.Middleware.LoggingActionFilter | CorrelationId:10ca876735ea4daa95a5668a45aec885 | API Request: GET /api/students | User: Unknown | School: 550e8400-e29b-41d4-a716-446655440000
2026-04-19 19:10:37.371 +05:30 [INF] Serilog.AspNetCore.RequestLoggingMiddleware | CorrelationId:ec12d9e423704472a1f9542f591f84e1 | HTTP GET /api/staff/teaching responded 200 in 117.5754 ms
2026-04-19 19:10:37.378 +05:30 [INF] SmsApi.Middleware.LoggingActionFilter | CorrelationId:d3a77a4e9508481aa0058828ca378762 | API Request: GET /api/staff/teaching | User: Unknown | School: 550e8400-e29b-41d4-a716-446655440000
2026-04-19 19:10:37.383 +05:30 [INF] SmsApi.Middleware.LoggingActionFilter | CorrelationId:be79ec809da049e5a6c7f59d7f0b363a | API Response: GET /api/academics/sections/1df95924-7d14-4de3-b388-8f3767464685 | Status: 200 | Duration: 440ms
2026-04-19 19:10:37.392 +05:30 [INF] SmsApi.Middleware.LoggingActionFilter | CorrelationId:8c3d99a2ce3c4234a728358ede288e8d | API Response: GET /api/students | Status: 200 | Duration: 139ms
2026-04-19 19:10:37.403 +05:30 [INF] SmsApi.Middleware.LoggingActionFilter | CorrelationId:621730cd08f747e4aafbf3949b43b45c | API Response: GET /api/academics/sections/1df95924-7d14-4de3-b388-8f3767464685 | Status: 200 | Duration: 73ms
2026-04-19 19:10:37.403 +05:30 [INF] SmsApi.Middleware.LoggingActionFilter | CorrelationId:10ca876735ea4daa95a5668a45aec885 | API Response: GET /api/students | Status: 200 | Duration: 44ms
2026-04-19 19:10:37.424 +05:30 [INF] SmsApi.Middleware.LoggingActionFilter | CorrelationId:d3a77a4e9508481aa0058828ca378762 | API Response: GET /api/staff/teaching | Status: 200 | Duration: 45ms
2026-04-19 19:10:37.429 +05:30 [INF] Serilog.AspNetCore.RequestLoggingMiddleware | CorrelationId:be79ec809da049e5a6c7f59d7f0b363a | HTTP GET /api/academics/sections/1df95924-7d14-4de3-b388-8f3767464685 responded 200 in 614.1704 ms
2026-04-19 19:10:37.469 +05:30 [WRN] SmsApi.Infrastructure.Performance.PerformanceMonitoringMiddleware | CorrelationId: | Slow request: GET /api/academics/sections/1df95924-7d14-4de3-b388-8f3767464685 took 614ms — status 200.
2026-04-19 19:10:37.458 +05:30 [INF] Serilog.AspNetCore.RequestLoggingMiddleware | CorrelationId:621730cd08f747e4aafbf3949b43b45c | HTTP GET /api/academics/sections/1df95924-7d14-4de3-b388-8f3767464685 responded 200 in 129.6550 ms
2026-04-19 19:10:37.459 +05:30 [INF] Serilog.AspNetCore.RequestLoggingMiddleware | CorrelationId:10ca876735ea4daa95a5668a45aec885 | HTTP GET /api/students responded 200 in 102.7447 ms
2026-04-19 19:10:37.466 +05:30 [INF] Serilog.AspNetCore.RequestLoggingMiddleware | CorrelationId:d3a77a4e9508481aa0058828ca378762 | HTTP GET /api/staff/teaching responded 200 in 98.2987 ms
2026-04-19 19:10:37.451 +05:30 [INF] Serilog.AspNetCore.RequestLoggingMiddleware | CorrelationId:8c3d99a2ce3c4234a728358ede288e8d | HTTP GET /api/students responded 200 in 330.7217 ms
2026-04-19 19:10:37.504 +05:30 [INF] Serilog.AspNetCore.RequestLoggingMiddleware | CorrelationId:feb006901da2449fb3c0e0eb15d66486 | HTTP OPTIONS /api/Attendance/records responded 204 in 0.0468 ms
2026-04-19 19:10:37.513 +05:30 [INF] Serilog.AspNetCore.RequestLoggingMiddleware | CorrelationId:da81ed8e914f4c728592e7579481b539 | HTTP OPTIONS /api/Attendance/records responded 204 in 0.0567 ms
2026-04-19 19:10:37.536 +05:30 [INF] SmsApi.Middleware.LoggingActionFilter | CorrelationId:e6ad92fceb254d51b510775ef97024e8 | API Request: GET /api/Attendance/records | User: Unknown | School: 550e8400-e29b-41d4-a716-446655440000
2026-04-19 19:10:37.553 +05:30 [INF] SmsApi.Middleware.LoggingActionFilter | CorrelationId:a79892568c144d038d287eae7d48b8de | API Request: GET /api/Attendance/records | User: Unknown | School: 550e8400-e29b-41d4-a716-446655440000
2026-04-19 19:10:37.595 +05:30 [INF] SmsApi.Middleware.LoggingActionFilter | CorrelationId:a79892568c144d038d287eae7d48b8de | API Response: GET /api/Attendance/records | Status: 200 | Duration: 42ms
2026-04-19 19:10:37.595 +05:30 [INF] SmsApi.Middleware.LoggingActionFilter | CorrelationId:e6ad92fceb254d51b510775ef97024e8 | API Response: GET /api/Attendance/records | Status: 200 | Duration: 58ms
2026-04-19 19:10:37.612 +05:30 [INF] Serilog.AspNetCore.RequestLoggingMiddleware | CorrelationId:a79892568c144d038d287eae7d48b8de | HTTP GET /api/Attendance/records responded 200 in 61.4988 ms
2026-04-19 19:10:37.618 +05:30 [INF] Serilog.AspNetCore.RequestLoggingMiddleware | CorrelationId:e6ad92fceb254d51b510775ef97024e8 | HTTP GET /api/Attendance/records responded 200 in 93.3939 ms
2026-04-19 19:10:39.748 +05:30 [INF] Serilog.AspNetCore.RequestLoggingMiddleware | CorrelationId:0b0a983861ec4bbabf14917506a8dba3 | HTTP OPTIONS /api/academics/classes/47186d03-9b4f-463d-bee5-93b0a857d1c3 responded 204 in 0.1538 ms
2026-04-19 19:10:39.749 +05:30 [INF] Serilog.AspNetCore.RequestLoggingMiddleware | CorrelationId:50f42d6bac7f4c05a614f2729c0d49e8 | HTTP OPTIONS /api/staff/teaching responded 204 in 1.3435 ms
2026-04-19 19:10:39.749 +05:30 [INF] Serilog.AspNetCore.RequestLoggingMiddleware | CorrelationId:633cd288496b4a6fbf37f5324852418b | HTTP OPTIONS /api/academics/sections responded 204 in 0.0385 ms
2026-04-19 19:10:39.749 +05:30 [INF] Serilog.AspNetCore.RequestLoggingMiddleware | CorrelationId:87903e7c193d44f7a71d84815c8b0617 | HTTP OPTIONS /api/academics/classes/47186d03-9b4f-463d-bee5-93b0a857d1c3 responded 204 in 0.0047 ms
2026-04-19 19:10:39.756 +05:30 [INF] Serilog.AspNetCore.RequestLoggingMiddleware | CorrelationId:a9b96cf3c646457983f6f8ceb6679490 | HTTP OPTIONS /api/staff/teaching responded 204 in 0.0668 ms
2026-04-19 19:10:39.762 +05:30 [INF] Serilog.AspNetCore.RequestLoggingMiddleware | CorrelationId:9677c989fc114aadb06a57e0517c0217 | HTTP OPTIONS /api/academics/sections responded 204 in 0.0622 ms
2026-04-19 19:10:39.792 +05:30 [INF] SmsApi.Middleware.LoggingActionFilter | CorrelationId:680077f77d9e4443908930391ea4d457 | API Request: GET /api/academics/classes/47186d03-9b4f-463d-bee5-93b0a857d1c3 | User: Unknown | School: 550e8400-e29b-41d4-a716-446655440000
2026-04-19 19:10:39.813 +05:30 [INF] SmsApi.Middleware.LoggingActionFilter | CorrelationId:257ce4bad03e461ca06e1737f837d6ec | API Request: GET /api/academics/sections | User: Unknown | School: 550e8400-e29b-41d4-a716-446655440000
2026-04-19 19:10:39.820 +05:30 [INF] SmsApi.Middleware.LoggingActionFilter | CorrelationId:1412e07bbd584f9cbd778aaef314b57f | API Request: GET /api/staff/teaching | User: Unknown | School: 550e8400-e29b-41d4-a716-446655440000
2026-04-19 19:10:39.840 +05:30 [INF] SmsApi.Middleware.LoggingActionFilter | CorrelationId:25b26c80fdfe42219d50a4f3ffaafbfb | API Request: GET /api/academics/classes/47186d03-9b4f-463d-bee5-93b0a857d1c3 | User: Unknown | School: 550e8400-e29b-41d4-a716-446655440000
2026-04-19 19:10:39.853 +05:30 [INF] SmsApi.Middleware.LoggingActionFilter | CorrelationId:2667b6fcc5e544f2b4d9c2d0a0d2712d | API Request: GET /api/staff/teaching | User: Unknown | School: 550e8400-e29b-41d4-a716-446655440000
2026-04-19 19:10:39.856 +05:30 [INF] SmsApi.Middleware.LoggingActionFilter | CorrelationId:156b9fdc1467482c9e4faa62d3bb2737 | API Request: GET /api/academics/sections | User: Unknown | School: 550e8400-e29b-41d4-a716-446655440000
2026-04-19 19:10:39.858 +05:30 [INF] SmsApi.Middleware.LoggingActionFilter | CorrelationId:680077f77d9e4443908930391ea4d457 | API Response: GET /api/academics/classes/47186d03-9b4f-463d-bee5-93b0a857d1c3 | Status: 200 | Duration: 66ms
2026-04-19 19:10:39.878 +05:30 [INF] SmsApi.Middleware.LoggingActionFilter | CorrelationId:1412e07bbd584f9cbd778aaef314b57f | API Response: GET /api/staff/teaching | Status: 200 | Duration: 58ms
2026-04-19 19:10:39.889 +05:30 [INF] SmsApi.Middleware.LoggingActionFilter | CorrelationId:2667b6fcc5e544f2b4d9c2d0a0d2712d | API Response: GET /api/staff/teaching | Status: 200 | Duration: 36ms
2026-04-19 19:10:39.894 +05:30 [INF] SmsApi.Middleware.LoggingActionFilter | CorrelationId:25b26c80fdfe42219d50a4f3ffaafbfb | API Response: GET /api/academics/classes/47186d03-9b4f-463d-bee5-93b0a857d1c3 | Status: 200 | Duration: 53ms
2026-04-19 19:10:39.898 +05:30 [INF] Serilog.AspNetCore.RequestLoggingMiddleware | CorrelationId:680077f77d9e4443908930391ea4d457 | HTTP GET /api/academics/classes/47186d03-9b4f-463d-bee5-93b0a857d1c3 responded 200 in 107.0868 ms
2026-04-19 19:10:39.900 +05:30 [INF] Serilog.AspNetCore.RequestLoggingMiddleware | CorrelationId:1412e07bbd584f9cbd778aaef314b57f | HTTP GET /api/staff/teaching responded 200 in 92.9522 ms
2026-04-19 19:10:39.908 +05:30 [INF] Serilog.AspNetCore.RequestLoggingMiddleware | CorrelationId:2667b6fcc5e544f2b4d9c2d0a0d2712d | HTTP GET /api/staff/teaching responded 200 in 66.7017 ms
2026-04-19 19:10:39.911 +05:30 [INF] Serilog.AspNetCore.RequestLoggingMiddleware | CorrelationId:25b26c80fdfe42219d50a4f3ffaafbfb | HTTP GET /api/academics/classes/47186d03-9b4f-463d-bee5-93b0a857d1c3 responded 200 in 70.9945 ms
2026-04-19 19:10:39.928 +05:30 [INF] SmsApi.Middleware.LoggingActionFilter | CorrelationId:257ce4bad03e461ca06e1737f837d6ec | API Response: GET /api/academics/sections | Status: 200 | Duration: 115ms
2026-04-19 19:10:39.967 +05:30 [INF] SmsApi.Middleware.LoggingActionFilter | CorrelationId:156b9fdc1467482c9e4faa62d3bb2737 | API Response: GET /api/academics/sections | Status: 200 | Duration: 111ms
2026-04-19 19:10:39.991 +05:30 [INF] Serilog.AspNetCore.RequestLoggingMiddleware | CorrelationId:257ce4bad03e461ca06e1737f837d6ec | HTTP GET /api/academics/sections responded 200 in 179.2081 ms
2026-04-19 19:10:40.000 +05:30 [INF] Serilog.AspNetCore.RequestLoggingMiddleware | CorrelationId:156b9fdc1467482c9e4faa62d3bb2737 | HTTP GET /api/academics/sections responded 200 in 144.9156 ms
2026-04-19 19:10:40.649 +05:30 [INF] Serilog.AspNetCore.RequestLoggingMiddleware | CorrelationId:2107b92dc23642c482f6043dad7416f8 | HTTP OPTIONS /api/academics/academic-years responded 204 in 0.1248 ms
2026-04-19 19:10:40.649 +05:30 [INF] Serilog.AspNetCore.RequestLoggingMiddleware | CorrelationId:9961208f07284730bc653687019e8272 | HTTP OPTIONS /api/academics/academic-years responded 204 in 0.0740 ms
2026-04-19 19:10:40.710 +05:30 [INF] SmsApi.Middleware.LoggingActionFilter | CorrelationId:5240fee8f9dc4547b230b6d796be8ff5 | API Request: GET /api/academics/academic-years | User: Unknown | School: 550e8400-e29b-41d4-a716-446655440000
2026-04-19 19:10:40.719 +05:30 [INF] SmsApi.Middleware.LoggingActionFilter | CorrelationId:51dbebfd5db943389c531806fb77dcab | API Request: GET /api/academics/academic-years | User: Unknown | School: 550e8400-e29b-41d4-a716-446655440000
2026-04-19 19:10:40.726 +05:30 [INF] SmsApi.Middleware.LoggingActionFilter | CorrelationId:5240fee8f9dc4547b230b6d796be8ff5 | API Response: GET /api/academics/academic-years | Status: 200 | Duration: 16ms
2026-04-19 19:10:40.730 +05:30 [INF] Serilog.AspNetCore.RequestLoggingMiddleware | CorrelationId:5240fee8f9dc4547b230b6d796be8ff5 | HTTP GET /api/academics/academic-years responded 200 in 20.8891 ms
2026-04-19 19:10:40.733 +05:30 [INF] SmsApi.Middleware.LoggingActionFilter | CorrelationId:51dbebfd5db943389c531806fb77dcab | API Response: GET /api/academics/academic-years | Status: 200 | Duration: 13ms
2026-04-19 19:10:40.764 +05:30 [INF] Serilog.AspNetCore.RequestLoggingMiddleware | CorrelationId:51dbebfd5db943389c531806fb77dcab | HTTP GET /api/academics/academic-years responded 200 in 45.7812 ms
2026-04-19 19:10:42.853 +05:30 [INF] Serilog.AspNetCore.RequestLoggingMiddleware | CorrelationId:ed3a8cc67f704daea758a5209f917d00 | HTTP OPTIONS /api/transport/routes responded 204 in 0.1137 ms
2026-04-19 19:10:42.853 +05:30 [INF] Serilog.AspNetCore.RequestLoggingMiddleware | CorrelationId:221245380f9848e4830e683d26e2d85c | HTTP OPTIONS /api/transport/routes responded 204 in 0.0506 ms
2026-04-19 19:10:42.932 +05:30 [INF] SmsApi.Middleware.LoggingActionFilter | CorrelationId:34bee593cabb41ee963638206672412b | API Request: GET /api/transport/routes | User: Unknown | School: 550e8400-e29b-41d4-a716-446655440000
2026-04-19 19:10:42.933 +05:30 [INF] SmsApi.Middleware.LoggingActionFilter | CorrelationId:61effcc18f3e464ebf6a20f6a2c3dbfd | API Request: GET /api/transport/routes | User: Unknown | School: 550e8400-e29b-41d4-a716-446655440000
2026-04-19 19:10:43.068 +05:30 [INF] SmsApi.Middleware.LoggingActionFilter | CorrelationId:61effcc18f3e464ebf6a20f6a2c3dbfd | API Response: GET /api/transport/routes | Status: 200 | Duration: 134ms
2026-04-19 19:10:43.068 +05:30 [INF] SmsApi.Middleware.LoggingActionFilter | CorrelationId:34bee593cabb41ee963638206672412b | API Response: GET /api/transport/routes | Status: 200 | Duration: 135ms
2026-04-19 19:10:43.093 +05:30 [INF] Serilog.AspNetCore.RequestLoggingMiddleware | CorrelationId:61effcc18f3e464ebf6a20f6a2c3dbfd | HTTP GET /api/transport/routes responded 200 in 180.3089 ms
2026-04-19 19:10:43.095 +05:30 [INF] Serilog.AspNetCore.RequestLoggingMiddleware | CorrelationId:34bee593cabb41ee963638206672412b | HTTP GET /api/transport/routes responded 200 in 174.4313 ms
2026-04-19 19:13:14.683 +05:30 [INF]  | CorrelationId: | Using distributed in-memory cache (development only)
2026-04-19 19:13:17.280 +05:30 [WRN] Microsoft.EntityFrameworkCore.Model.Validation | CorrelationId: | Entity 'Staff' has a global query filter defined and is the required end of a relationship with the entity 'Certificate'. This may lead to unexpected results when the required entity is filtered out. Either configure the navigation as optional, or define matching query filters for both entities in the navigation. See https://go.microsoft.com/fwlink/?linkid=2131316 for more information.
2026-04-19 19:13:17.290 +05:30 [WRN] Microsoft.EntityFrameworkCore.Model.Validation | CorrelationId: | Entity 'School' has a global query filter defined and is the required end of a relationship with the entity 'CertificateTemplate'. This may lead to unexpected results when the required entity is filtered out. Either configure the navigation as optional, or define matching query filters for both entities in the navigation. See https://go.microsoft.com/fwlink/?linkid=2131316 for more information.
2026-04-19 19:13:17.298 +05:30 [WRN] Microsoft.EntityFrameworkCore.Model.Validation | CorrelationId: | Entity 'School' has a global query filter defined and is the required end of a relationship with the entity 'Document'. This may lead to unexpected results when the required entity is filtered out. Either configure the navigation as optional, or define matching query filters for both entities in the navigation. See https://go.microsoft.com/fwlink/?linkid=2131316 for more information.
2026-04-19 19:13:17.320 +05:30 [WRN] Microsoft.EntityFrameworkCore.Model.Validation | CorrelationId: | Entity 'School' has a global query filter defined and is the required end of a relationship with the entity 'DocumentCategory'. This may lead to unexpected results when the required entity is filtered out. Either configure the navigation as optional, or define matching query filters for both entities in the navigation. See https://go.microsoft.com/fwlink/?linkid=2131316 for more information.
2026-04-19 19:13:17.336 +05:30 [WRN] Microsoft.EntityFrameworkCore.Model.Validation | CorrelationId: | Entity 'School' has a global query filter defined and is the required end of a relationship with the entity 'FeeAuditLog'. This may lead to unexpected results when the required entity is filtered out. Either configure the navigation as optional, or define matching query filters for both entities in the navigation. See https://go.microsoft.com/fwlink/?linkid=2131316 for more information.
2026-04-19 19:13:17.343 +05:30 [WRN] Microsoft.EntityFrameworkCore.Model.Validation | CorrelationId: | Entity 'School' has a global query filter defined and is the required end of a relationship with the entity 'Holiday'. This may lead to unexpected results when the required entity is filtered out. Either configure the navigation as optional, or define matching query filters for both entities in the navigation. See https://go.microsoft.com/fwlink/?linkid=2131316 for more information.
2026-04-19 19:13:17.438 +05:30 [WRN] Microsoft.EntityFrameworkCore.Model.Validation | CorrelationId: | Entity 'School' has a global query filter defined and is the required end of a relationship with the entity 'IDCard'. This may lead to unexpected results when the required entity is filtered out. Either configure the navigation as optional, or define matching query filters for both entities in the navigation. See https://go.microsoft.com/fwlink/?linkid=2131316 for more information.
2026-04-19 19:13:17.714 +05:30 [WRN] Microsoft.EntityFrameworkCore.Model.Validation | CorrelationId: | Entity 'School' has a global query filter defined and is the required end of a relationship with the entity 'IDCardTemplate'. This may lead to unexpected results when the required entity is filtered out. Either configure the navigation as optional, or define matching query filters for both entities in the navigation. See https://go.microsoft.com/fwlink/?linkid=2131316 for more information.
2026-04-19 19:13:17.736 +05:30 [WRN] Microsoft.EntityFrameworkCore.Model.Validation | CorrelationId: | Entity 'UserLogin' has a global query filter defined and is the required end of a relationship with the entity 'PasswordResetToken'. This may lead to unexpected results when the required entity is filtered out. Either configure the navigation as optional, or define matching query filters for both entities in the navigation. See https://go.microsoft.com/fwlink/?linkid=2131316 for more information.
2026-04-19 19:13:17.760 +05:30 [WRN] Microsoft.EntityFrameworkCore.Model.Validation | CorrelationId: | Entity 'School' has a global query filter defined and is the required end of a relationship with the entity 'PromotionHistory'. This may lead to unexpected results when the required entity is filtered out. Either configure the navigation as optional, or define matching query filters for both entities in the navigation. See https://go.microsoft.com/fwlink/?linkid=2131316 for more information.
2026-04-19 19:13:17.959 +05:30 [WRN] Microsoft.EntityFrameworkCore.Model.Validation | CorrelationId: | The foreign key property 'Staff.ReportingToId1' was created in shadow state because a conflicting property with the simple name 'ReportingToId' exists in the entity type, but is either not mapped, is already used for another relationship, or is incompatible with the associated primary key type. See https://aka.ms/efcore-relationships for information on mapping relationships in EF Core.
2026-04-19 19:13:19.560 +05:30 [INF] Program | CorrelationId: | Database migrations applied successfully.
2026-04-19 19:13:20.783 +05:30 [INF] Microsoft.Hosting.Lifetime | CorrelationId: | Now listening on: http://localhost:5092
2026-04-19 19:13:20.785 +05:30 [INF] Microsoft.Hosting.Lifetime | CorrelationId: | Application started. Press Ctrl+C to shut down.
2026-04-19 19:13:20.787 +05:30 [INF] Microsoft.Hosting.Lifetime | CorrelationId: | Hosting environment: Development
2026-04-19 19:13:20.788 +05:30 [INF] Microsoft.Hosting.Lifetime | CorrelationId: | Content root path: C:\Vitana\Vitana Group\sms-api
2026-04-19 19:13:41.128 +05:30 [WRN] Microsoft.AspNetCore.HttpsPolicy.HttpsRedirectionMiddleware | CorrelationId:16fa0e70e3524394a7c0445bceeedb17 | Failed to determine the https port for redirect.
2026-04-19 19:13:41.241 +05:30 [INF] SmsApi.Middleware.LoggingActionFilter | CorrelationId:16fa0e70e3524394a7c0445bceeedb17 | API Request: POST /api/auth/login | User: Unknown | School: Unknown
2026-04-19 19:13:43.383 +05:30 [INF] SmsApi.Controllers.AuthController | CorrelationId:16fa0e70e3524394a7c0445bceeedb17 | Login successful for admin (SchoolId: "550e8400-e29b-41d4-a716-446655440000")
2026-04-19 19:13:43.394 +05:30 [INF] SmsApi.Middleware.LoggingActionFilter | CorrelationId:16fa0e70e3524394a7c0445bceeedb17 | API Response: POST /api/auth/login | Status: 200 | Duration: 2154ms
2026-04-19 19:13:43.570 +05:30 [INF] Serilog.AspNetCore.RequestLoggingMiddleware | CorrelationId:16fa0e70e3524394a7c0445bceeedb17 | HTTP POST /api/auth/login responded 200 in 2454.4529 ms
2026-04-19 19:13:43.575 +05:30 [ERR] SmsApi.Infrastructure.Performance.PerformanceMonitoringMiddleware | CorrelationId: | SLA BREACH: POST /api/auth/login took 2344ms — status 200. Investigate immediately.
2026-04-19 19:13:43.773 +05:30 [INF] SmsApi.Middleware.LoggingActionFilter | CorrelationId:fd365255740945d1b39bed923f76b81a | API Request: POST /api/students | User: Unknown | School: 550e8400-e29b-41d4-a716-446655440000
2026-04-19 19:13:43.917 +05:30 [INF] SmsApi.Services.StudentService | CorrelationId:fd365255740945d1b39bed923f76b81a | Student created: "5b5092f2-15f8-4559-a4a5-751cde91834a", Admission: INT20260419191343
2026-04-19 19:13:43.964 +05:30 [WRN] SmsApi.Services.StudentService | CorrelationId:fd365255740945d1b39bed923f76b81a | No fee structure found for class 10, academic year AY-20260419190735. Fee record not created.
2026-04-19 19:13:43.991 +05:30 [INF] SmsApi.Services.StudentService | CorrelationId:fd365255740945d1b39bed923f76b81a | Library card initialized for student "5b5092f2-15f8-4559-a4a5-751cde91834a": LIB-INT20260419191343
2026-04-19 19:13:44.007 +05:30 [INF] SmsApi.Services.StudentService | CorrelationId:fd365255740945d1b39bed923f76b81a | Student creation completed with all related records: "5b5092f2-15f8-4559-a4a5-751cde91834a"
2026-04-19 19:13:44.089 +05:30 [WRN] Microsoft.EntityFrameworkCore.Query | CorrelationId:fd365255740945d1b39bed923f76b81a | Compiling a query which loads related collections for more than one collection navigation, either via 'Include' or through projection, but no 'QuerySplittingBehavior' has been configured. By default, Entity Framework will use 'QuerySplittingBehavior.SingleQuery', which can potentially result in slow query performance. See https://go.microsoft.com/fwlink/?linkid=2134277 for more information. To identify the query that's triggering this warning call 'ConfigureWarnings(w => w.Throw(RelationalEventId.MultipleCollectionIncludeWarning))'.
2026-04-19 19:13:44.124 +05:30 [INF] SmsApi.Middleware.LoggingActionFilter | CorrelationId:fd365255740945d1b39bed923f76b81a | API Response: POST /api/students | Status: 200 | Duration: 350ms
2026-04-19 19:13:44.199 +05:30 [INF] Serilog.AspNetCore.RequestLoggingMiddleware | CorrelationId:fd365255740945d1b39bed923f76b81a | HTTP POST /api/students responded 201 in 545.1080 ms
2026-04-19 19:13:44.211 +05:30 [WRN] SmsApi.Infrastructure.Performance.PerformanceMonitoringMiddleware | CorrelationId: | Slow request: POST /api/students took 534ms — status 201.
2026-04-19 19:13:44.259 +05:30 [INF] SmsApi.Middleware.LoggingActionFilter | CorrelationId:9982bdf3d5074fafa881de9038af51a3 | API Request: GET /api/students/5b5092f2-15f8-4559-a4a5-751cde91834a | User: Unknown | School: 550e8400-e29b-41d4-a716-446655440000
2026-04-19 19:13:44.275 +05:30 [INF] SmsApi.Middleware.LoggingActionFilter | CorrelationId:9982bdf3d5074fafa881de9038af51a3 | API Response: GET /api/students/5b5092f2-15f8-4559-a4a5-751cde91834a | Status: 200 | Duration: 16ms
2026-04-19 19:13:44.281 +05:30 [INF] Serilog.AspNetCore.RequestLoggingMiddleware | CorrelationId:9982bdf3d5074fafa881de9038af51a3 | HTTP GET /api/students/5b5092f2-15f8-4559-a4a5-751cde91834a responded 200 in 49.9200 ms
2026-04-19 19:13:44.357 +05:30 [INF] SmsApi.Middleware.LoggingActionFilter | CorrelationId:de01aa080fb44d30a92334ab63b469ea | API Request: POST /api/Staff | User: Unknown | School: 550e8400-e29b-41d4-a716-446655440000
2026-04-19 19:13:44.784 +05:30 [INF] SmsApi.Services.StaffService | CorrelationId:de01aa080fb44d30a92334ab63b469ea | Staff onboarding complete for EMP20260419191343
2026-04-19 19:13:44.878 +05:30 [INF] SmsApi.Middleware.LoggingActionFilter | CorrelationId:de01aa080fb44d30a92334ab63b469ea | API Response: POST /api/Staff | Status: 200 | Duration: 521ms
2026-04-19 19:13:44.908 +05:30 [INF] Serilog.AspNetCore.RequestLoggingMiddleware | CorrelationId:de01aa080fb44d30a92334ab63b469ea | HTTP POST /api/Staff responded 201 in 599.8902 ms
2026-04-19 19:13:44.926 +05:30 [WRN] SmsApi.Infrastructure.Performance.PerformanceMonitoringMiddleware | CorrelationId: | Slow request: POST /api/Staff took 595ms — status 201.
2026-04-19 19:13:44.971 +05:30 [INF] SmsApi.Middleware.LoggingActionFilter | CorrelationId:d3fc7e78ea094781861ae490e0fbedd6 | API Request: GET /api/Staff/2ebd84b9-d441-48c8-96f6-7068170ef4dc | User: Unknown | School: 550e8400-e29b-41d4-a716-446655440000
2026-04-19 19:13:44.993 +05:30 [INF] SmsApi.Middleware.LoggingActionFilter | CorrelationId:d3fc7e78ea094781861ae490e0fbedd6 | API Response: GET /api/Staff/2ebd84b9-d441-48c8-96f6-7068170ef4dc | Status: 200 | Duration: 22ms
2026-04-19 19:13:45.005 +05:30 [INF] Serilog.AspNetCore.RequestLoggingMiddleware | CorrelationId:d3fc7e78ea094781861ae490e0fbedd6 | HTTP GET /api/Staff/2ebd84b9-d441-48c8-96f6-7068170ef4dc responded 200 in 45.1985 ms
2026-04-19 19:13:45.039 +05:30 [INF] SmsApi.Middleware.LoggingActionFilter | CorrelationId:d2157a45f77c45f4aac11e97f6ea7913 | API Request: GET /api/Staff | User: Unknown | School: 550e8400-e29b-41d4-a716-446655440000
2026-04-19 19:13:45.099 +05:30 [INF] SmsApi.Middleware.LoggingActionFilter | CorrelationId:d2157a45f77c45f4aac11e97f6ea7913 | API Response: GET /api/Staff | Status: 200 | Duration: 59ms
2026-04-19 19:13:45.120 +05:30 [INF] Serilog.AspNetCore.RequestLoggingMiddleware | CorrelationId:d2157a45f77c45f4aac11e97f6ea7913 | HTTP GET /api/Staff responded 200 in 97.0092 ms
2026-04-19 19:13:45.149 +05:30 [INF] SmsApi.Middleware.LoggingActionFilter | CorrelationId:7043c90be5ee4f919ac53637735279df | API Request: GET /api/LeaveManagement/types | User: Unknown | School: 550e8400-e29b-41d4-a716-446655440000
2026-04-19 19:13:45.204 +05:30 [INF] SmsApi.Middleware.LoggingActionFilter | CorrelationId:7043c90be5ee4f919ac53637735279df | API Response: GET /api/LeaveManagement/types | Status: 200 | Duration: 55ms
2026-04-19 19:13:45.214 +05:30 [INF] Serilog.AspNetCore.RequestLoggingMiddleware | CorrelationId:7043c90be5ee4f919ac53637735279df | HTTP GET /api/LeaveManagement/types responded 200 in 71.9767 ms
2026-04-19 19:13:45.247 +05:30 [INF] SmsApi.Middleware.LoggingActionFilter | CorrelationId:74632fc2afec4429bf7bf529f0988d03 | API Request: POST /api/LeaveManagement/requests | User: Unknown | School: 550e8400-e29b-41d4-a716-446655440000
2026-04-19 19:13:45.440 +05:30 [INF] SmsApi.Middleware.LoggingActionFilter | CorrelationId:74632fc2afec4429bf7bf529f0988d03 | API Response: POST /api/LeaveManagement/requests | Status: 200 | Duration: 192ms
2026-04-19 19:13:45.455 +05:30 [INF] Serilog.AspNetCore.RequestLoggingMiddleware | CorrelationId:74632fc2afec4429bf7bf529f0988d03 | HTTP POST /api/LeaveManagement/requests responded 201 in 219.3537 ms
2026-04-19 19:13:45.506 +05:30 [INF] SmsApi.Middleware.LoggingActionFilter | CorrelationId:e7b3c45cd218463694d6194338052b78 | API Request: GET /api/LeaveManagement/requests/74e75afd-1f1d-4add-92bc-036666d222d7 | User: Unknown | School: 550e8400-e29b-41d4-a716-446655440000
2026-04-19 19:13:45.550 +05:30 [INF] SmsApi.Middleware.LoggingActionFilter | CorrelationId:e7b3c45cd218463694d6194338052b78 | API Response: GET /api/LeaveManagement/requests/74e75afd-1f1d-4add-92bc-036666d222d7 | Status: 200 | Duration: 43ms
2026-04-19 19:13:45.557 +05:30 [INF] Serilog.AspNetCore.RequestLoggingMiddleware | CorrelationId:e7b3c45cd218463694d6194338052b78 | HTTP GET /api/LeaveManagement/requests/74e75afd-1f1d-4add-92bc-036666d222d7 responded 200 in 54.8575 ms
2026-04-19 19:13:45.591 +05:30 [INF] SmsApi.Middleware.LoggingActionFilter | CorrelationId:193ca5d497fe45bdad3ed38b206caf3c | API Request: POST /api/Attendance/records | User: Unknown | School: 550e8400-e29b-41d4-a716-446655440000
2026-04-19 19:13:45.695 +05:30 [ERR] Microsoft.EntityFrameworkCore.Database.Command | CorrelationId:193ca5d497fe45bdad3ed38b206caf3c | Failed executing DbCommand (22ms) [Parameters=[@p0='?' (DbType = Guid), @p1='?', @p2='?' (DbType = Object), @p3='?' (DbType = Object), @p4='?' (DbType = DateTime), @p5='?' (DbType = Guid), @p6='?' (DbType = DateTime), @p7='?' (DbType = DateTime), @p8='?', @p9='?' (DbType = Boolean), @p10='?' (DbType = Boolean), @p11='?' (DbType = Guid), @p12='?', @p13='?' (DbType = Guid), @p14='?', @p15='?' (DbType = Guid), @p16='?' (DbType = DateTime), @p17='?' (DbType = Guid)], CommandType='"Text"', CommandTimeout='30']
INSERT INTO "AttendanceRecords" ("Id", "BiometricId", "CheckInTime", "CheckOutTime", "CreatedAt", "CreatedBy", "Date", "DeletedAt", "Discriminator", "IsDeleted", "IsManualOverride", "MarkedBy", "Remarks", "SchoolId", "Status", "StudentId", "UpdatedAt", "UpdatedBy")
VALUES (@p0, @p1, @p2, @p3, @p4, @p5, @p6, @p7, @p8, @p9, @p10, @p11, @p12, @p13, @p14, @p15, @p16, @p17)
RETURNING "RowVersion";
2026-04-19 19:13:45.729 +05:30 [ERR] Microsoft.EntityFrameworkCore.Update | CorrelationId:193ca5d497fe45bdad3ed38b206caf3c | An exception occurred in the database while saving changes for context type 'SmsApi.Data.AppDbContext'.
Microsoft.EntityFrameworkCore.DbUpdateException: An error occurred while saving the entity changes. See the inner exception for details.
 ---> Npgsql.PostgresException (0x80004005): 23503: insert or update on table "AttendanceRecords" violates foreign key constraint "FK_AttendanceRecords_User_MarkedBy"

DETAIL: Detail redacted as it may contain sensitive data. Specify 'Include Error Detail' in the connection string to include this information.
   at Npgsql.Internal.NpgsqlConnector.ReadMessageLong(Boolean async, DataRowLoadingMode dataRowLoadingMode, Boolean readingNotifications, Boolean isReadingPrependedMessage)
   at System.Runtime.CompilerServices.PoolingAsyncValueTaskMethodBuilder`1.StateMachineBox`1.System.Threading.Tasks.Sources.IValueTaskSource<TResult>.GetResult(Int16 token)
   at Npgsql.NpgsqlDataReader.NextResult(Boolean async, Boolean isConsuming, CancellationToken cancellationToken)
   at Npgsql.NpgsqlDataReader.NextResult(Boolean async, Boolean isConsuming, CancellationToken cancellationToken)
   at Npgsql.NpgsqlCommand.ExecuteReader(Boolean async, CommandBehavior behavior, CancellationToken cancellationToken)
   at Npgsql.NpgsqlCommand.ExecuteReader(Boolean async, CommandBehavior behavior, CancellationToken cancellationToken)
   at Npgsql.NpgsqlCommand.ExecuteDbDataReaderAsync(CommandBehavior behavior, CancellationToken cancellationToken)
   at Microsoft.EntityFrameworkCore.Storage.RelationalCommand.ExecuteReaderAsync(RelationalCommandParameterObject parameterObject, CancellationToken cancellationToken)
   at Microsoft.EntityFrameworkCore.Storage.RelationalCommand.ExecuteReaderAsync(RelationalCommandParameterObject parameterObject, CancellationToken cancellationToken)
   at Microsoft.EntityFrameworkCore.Update.ReaderModificationCommandBatch.ExecuteAsync(IRelationalConnection connection, CancellationToken cancellationToken)
  Exception data:
    Severity: ERROR
    SqlState: 23503
    MessageText: insert or update on table "AttendanceRecords" violates foreign key constraint "FK_AttendanceRecords_User_MarkedBy"
    Detail: Detail redacted as it may contain sensitive data. Specify 'Include Error Detail' in the connection string to include this information.
    SchemaName: public
    TableName: AttendanceRecords
    ConstraintName: FK_AttendanceRecords_User_MarkedBy
    File: ri_triggers.c
    Line: 2783
    Routine: ri_ReportViolation
   --- End of inner exception stack trace ---
   at Microsoft.EntityFrameworkCore.Update.ReaderModificationCommandBatch.ExecuteAsync(IRelationalConnection connection, CancellationToken cancellationToken)
   at Microsoft.EntityFrameworkCore.Update.Internal.BatchExecutor.ExecuteAsync(IEnumerable`1 commandBatches, IRelationalConnection connection, CancellationToken cancellationToken)
   at Microsoft.EntityFrameworkCore.Update.Internal.BatchExecutor.ExecuteAsync(IEnumerable`1 commandBatches, IRelationalConnection connection, CancellationToken cancellationToken)
   at Microsoft.EntityFrameworkCore.Update.Internal.BatchExecutor.ExecuteAsync(IEnumerable`1 commandBatches, IRelationalConnection connection, CancellationToken cancellationToken)
   at Microsoft.EntityFrameworkCore.ChangeTracking.Internal.StateManager.SaveChangesAsync(IList`1 entriesToSave, CancellationToken cancellationToken)
   at Microsoft.EntityFrameworkCore.ChangeTracking.Internal.StateManager.SaveChangesAsync(StateManager stateManager, Boolean acceptAllChangesOnSuccess, CancellationToken cancellationToken)
   at Microsoft.EntityFrameworkCore.Storage.ExecutionStrategy.<>c__DisplayClass30_0`2.<<ExecuteAsync>b__0>d.MoveNext()
--- End of stack trace from previous location ---
   at Microsoft.EntityFrameworkCore.Storage.ExecutionStrategy.ExecuteImplementationAsync[TState,TResult](Func`4 operation, Func`4 verifySucceeded, TState state, CancellationToken cancellationToken)
   at Microsoft.EntityFrameworkCore.Storage.ExecutionStrategy.ExecuteImplementationAsync[TState,TResult](Func`4 operation, Func`4 verifySucceeded, TState state, CancellationToken cancellationToken)
   at Microsoft.EntityFrameworkCore.Storage.ExecutionStrategy.ExecuteAsync[TState,TResult](TState state, Func`4 operation, Func`4 verifySucceeded, CancellationToken cancellationToken)
   at Microsoft.EntityFrameworkCore.DbContext.SaveChangesAsync(Boolean acceptAllChangesOnSuccess, CancellationToken cancellationToken)
Microsoft.EntityFrameworkCore.DbUpdateException: An error occurred while saving the entity changes. See the inner exception for details.
 ---> Npgsql.PostgresException (0x80004005): 23503: insert or update on table "AttendanceRecords" violates foreign key constraint "FK_AttendanceRecords_User_MarkedBy"

DETAIL: Detail redacted as it may contain sensitive data. Specify 'Include Error Detail' in the connection string to include this information.
   at Npgsql.Internal.NpgsqlConnector.ReadMessageLong(Boolean async, DataRowLoadingMode dataRowLoadingMode, Boolean readingNotifications, Boolean isReadingPrependedMessage)
   at System.Runtime.CompilerServices.PoolingAsyncValueTaskMethodBuilder`1.StateMachineBox`1.System.Threading.Tasks.Sources.IValueTaskSource<TResult>.GetResult(Int16 token)
   at Npgsql.NpgsqlDataReader.NextResult(Boolean async, Boolean isConsuming, CancellationToken cancellationToken)
   at Npgsql.NpgsqlDataReader.NextResult(Boolean async, Boolean isConsuming, CancellationToken cancellationToken)
   at Npgsql.NpgsqlCommand.ExecuteReader(Boolean async, CommandBehavior behavior, CancellationToken cancellationToken)
   at Npgsql.NpgsqlCommand.ExecuteReader(Boolean async, CommandBehavior behavior, CancellationToken cancellationToken)
   at Npgsql.NpgsqlCommand.ExecuteDbDataReaderAsync(CommandBehavior behavior, CancellationToken cancellationToken)
   at Microsoft.EntityFrameworkCore.Storage.RelationalCommand.ExecuteReaderAsync(RelationalCommandParameterObject parameterObject, CancellationToken cancellationToken)
   at Microsoft.EntityFrameworkCore.Storage.RelationalCommand.ExecuteReaderAsync(RelationalCommandParameterObject parameterObject, CancellationToken cancellationToken)
   at Microsoft.EntityFrameworkCore.Update.ReaderModificationCommandBatch.ExecuteAsync(IRelationalConnection connection, CancellationToken cancellationToken)
  Exception data:
    Severity: ERROR
    SqlState: 23503
    MessageText: insert or update on table "AttendanceRecords" violates foreign key constraint "FK_AttendanceRecords_User_MarkedBy"
    Detail: Detail redacted as it may contain sensitive data. Specify 'Include Error Detail' in the connection string to include this information.
    SchemaName: public
    TableName: AttendanceRecords
    ConstraintName: FK_AttendanceRecords_User_MarkedBy
    File: ri_triggers.c
    Line: 2783
    Routine: ri_ReportViolation
   --- End of inner exception stack trace ---
   at Microsoft.EntityFrameworkCore.Update.ReaderModificationCommandBatch.ExecuteAsync(IRelationalConnection connection, CancellationToken cancellationToken)
   at Microsoft.EntityFrameworkCore.Update.Internal.BatchExecutor.ExecuteAsync(IEnumerable`1 commandBatches, IRelationalConnection connection, CancellationToken cancellationToken)
   at Microsoft.EntityFrameworkCore.Update.Internal.BatchExecutor.ExecuteAsync(IEnumerable`1 commandBatches, IRelationalConnection connection, CancellationToken cancellationToken)
   at Microsoft.EntityFrameworkCore.Update.Internal.BatchExecutor.ExecuteAsync(IEnumerable`1 commandBatches, IRelationalConnection connection, CancellationToken cancellationToken)
   at Microsoft.EntityFrameworkCore.ChangeTracking.Internal.StateManager.SaveChangesAsync(IList`1 entriesToSave, CancellationToken cancellationToken)
   at Microsoft.EntityFrameworkCore.ChangeTracking.Internal.StateManager.SaveChangesAsync(StateManager stateManager, Boolean acceptAllChangesOnSuccess, CancellationToken cancellationToken)
   at Microsoft.EntityFrameworkCore.Storage.ExecutionStrategy.<>c__DisplayClass30_0`2.<<ExecuteAsync>b__0>d.MoveNext()
--- End of stack trace from previous location ---
   at Microsoft.EntityFrameworkCore.Storage.ExecutionStrategy.ExecuteImplementationAsync[TState,TResult](Func`4 operation, Func`4 verifySucceeded, TState state, CancellationToken cancellationToken)
   at Microsoft.EntityFrameworkCore.Storage.ExecutionStrategy.ExecuteImplementationAsync[TState,TResult](Func`4 operation, Func`4 verifySucceeded, TState state, CancellationToken cancellationToken)
   at Microsoft.EntityFrameworkCore.Storage.ExecutionStrategy.ExecuteAsync[TState,TResult](TState state, Func`4 operation, Func`4 verifySucceeded, CancellationToken cancellationToken)
   at Microsoft.EntityFrameworkCore.DbContext.SaveChangesAsync(Boolean acceptAllChangesOnSuccess, CancellationToken cancellationToken)
2026-04-19 19:13:45.747 +05:30 [ERR] SmsApi.Controllers.AttendanceController | CorrelationId:193ca5d497fe45bdad3ed38b206caf3c | Error marking attendance
Microsoft.EntityFrameworkCore.DbUpdateException: An error occurred while saving the entity changes. See the inner exception for details.
 ---> Npgsql.PostgresException (0x80004005): 23503: insert or update on table "AttendanceRecords" violates foreign key constraint "FK_AttendanceRecords_User_MarkedBy"

DETAIL: Detail redacted as it may contain sensitive data. Specify 'Include Error Detail' in the connection string to include this information.
   at Npgsql.Internal.NpgsqlConnector.ReadMessageLong(Boolean async, DataRowLoadingMode dataRowLoadingMode, Boolean readingNotifications, Boolean isReadingPrependedMessage)
   at System.Runtime.CompilerServices.PoolingAsyncValueTaskMethodBuilder`1.StateMachineBox`1.System.Threading.Tasks.Sources.IValueTaskSource<TResult>.GetResult(Int16 token)
   at Npgsql.NpgsqlDataReader.NextResult(Boolean async, Boolean isConsuming, CancellationToken cancellationToken)
   at Npgsql.NpgsqlDataReader.NextResult(Boolean async, Boolean isConsuming, CancellationToken cancellationToken)
   at Npgsql.NpgsqlCommand.ExecuteReader(Boolean async, CommandBehavior behavior, CancellationToken cancellationToken)
   at Npgsql.NpgsqlCommand.ExecuteReader(Boolean async, CommandBehavior behavior, CancellationToken cancellationToken)
   at Npgsql.NpgsqlCommand.ExecuteDbDataReaderAsync(CommandBehavior behavior, CancellationToken cancellationToken)
   at Microsoft.EntityFrameworkCore.Storage.RelationalCommand.ExecuteReaderAsync(RelationalCommandParameterObject parameterObject, CancellationToken cancellationToken)
   at Microsoft.EntityFrameworkCore.Storage.RelationalCommand.ExecuteReaderAsync(RelationalCommandParameterObject parameterObject, CancellationToken cancellationToken)
   at Microsoft.EntityFrameworkCore.Update.ReaderModificationCommandBatch.ExecuteAsync(IRelationalConnection connection, CancellationToken cancellationToken)
  Exception data:
    Severity: ERROR
    SqlState: 23503
    MessageText: insert or update on table "AttendanceRecords" violates foreign key constraint "FK_AttendanceRecords_User_MarkedBy"
    Detail: Detail redacted as it may contain sensitive data. Specify 'Include Error Detail' in the connection string to include this information.
    SchemaName: public
    TableName: AttendanceRecords
    ConstraintName: FK_AttendanceRecords_User_MarkedBy
    File: ri_triggers.c
    Line: 2783
    Routine: ri_ReportViolation
   --- End of inner exception stack trace ---
   at Microsoft.EntityFrameworkCore.Update.ReaderModificationCommandBatch.ExecuteAsync(IRelationalConnection connection, CancellationToken cancellationToken)
   at Microsoft.EntityFrameworkCore.Update.Internal.BatchExecutor.ExecuteAsync(IEnumerable`1 commandBatches, IRelationalConnection connection, CancellationToken cancellationToken)
   at Microsoft.EntityFrameworkCore.Update.Internal.BatchExecutor.ExecuteAsync(IEnumerable`1 commandBatches, IRelationalConnection connection, CancellationToken cancellationToken)
   at Microsoft.EntityFrameworkCore.Update.Internal.BatchExecutor.ExecuteAsync(IEnumerable`1 commandBatches, IRelationalConnection connection, CancellationToken cancellationToken)
   at Microsoft.EntityFrameworkCore.ChangeTracking.Internal.StateManager.SaveChangesAsync(IList`1 entriesToSave, CancellationToken cancellationToken)
   at Microsoft.EntityFrameworkCore.ChangeTracking.Internal.StateManager.SaveChangesAsync(StateManager stateManager, Boolean acceptAllChangesOnSuccess, CancellationToken cancellationToken)
   at Microsoft.EntityFrameworkCore.Storage.ExecutionStrategy.<>c__DisplayClass30_0`2.<<ExecuteAsync>b__0>d.MoveNext()
--- End of stack trace from previous location ---
   at Microsoft.EntityFrameworkCore.Storage.ExecutionStrategy.ExecuteImplementationAsync[TState,TResult](Func`4 operation, Func`4 verifySucceeded, TState state, CancellationToken cancellationToken)
   at Microsoft.EntityFrameworkCore.Storage.ExecutionStrategy.ExecuteImplementationAsync[TState,TResult](Func`4 operation, Func`4 verifySucceeded, TState state, CancellationToken cancellationToken)
   at Microsoft.EntityFrameworkCore.Storage.ExecutionStrategy.ExecuteAsync[TState,TResult](TState state, Func`4 operation, Func`4 verifySucceeded, CancellationToken cancellationToken)
   at Microsoft.EntityFrameworkCore.DbContext.SaveChangesAsync(Boolean acceptAllChangesOnSuccess, CancellationToken cancellationToken)
   at Microsoft.EntityFrameworkCore.DbContext.SaveChangesAsync(Boolean acceptAllChangesOnSuccess, CancellationToken cancellationToken)
   at SmsApi.Data.AppDbContext.SaveChangesAsync(CancellationToken cancellationToken) in C:\Vitana\Vitana Group\sms-api\Data\AppDbContext.cs:line 229
   at SmsApi.Services.AttendanceService.MarkAttendanceAsync(Guid schoolId, MarkAttendanceDto dto, Guid userId) in C:\Vitana\Vitana Group\sms-api\Services\AttendanceService.cs:line 259
   at SmsApi.Controllers.AttendanceController.MarkAttendance(MarkAttendanceDto dto) in C:\Vitana\Vitana Group\sms-api\Controllers\AttendanceController.cs:line 152
2026-04-19 19:13:45.793 +05:30 [INF] SmsApi.Middleware.LoggingActionFilter | CorrelationId:193ca5d497fe45bdad3ed38b206caf3c | API Response: POST /api/Attendance/records | Status: 200 | Duration: 201ms
2026-04-19 19:13:45.805 +05:30 [ERR] Microsoft.EntityFrameworkCore.Database.Command | CorrelationId:193ca5d497fe45bdad3ed38b206caf3c | Failed executing DbCommand (4ms) [Parameters=[@p0='?' (DbType = Guid), @p1='?', @p2='?' (DbType = Object), @p3='?' (DbType = Object), @p4='?' (DbType = DateTime), @p5='?' (DbType = Guid), @p6='?' (DbType = DateTime), @p7='?' (DbType = DateTime), @p8='?', @p9='?' (DbType = Boolean), @p10='?' (DbType = Boolean), @p11='?' (DbType = Guid), @p12='?', @p13='?' (DbType = Guid), @p14='?', @p15='?' (DbType = Guid), @p16='?' (DbType = DateTime), @p17='?' (DbType = Guid), @p18='?' (DbType = Guid), @p19='?', @p20='?' (DbType = Int64), @p21='?' (DbType = Guid), @p22='?', @p23='?', @p24='?', @p25='?', @p26='?', @p27='?', @p28='?', @p29='?' (DbType = Guid), @p30='?' (DbType = Int32), @p31='?' (DbType = DateTime), @p32='?', @p33='?' (DbType = Guid), @p34='?'], CommandType='"Text"', CommandTimeout='30']
INSERT INTO "AttendanceRecords" ("Id", "BiometricId", "CheckInTime", "CheckOutTime", "CreatedAt", "CreatedBy", "Date", "DeletedAt", "Discriminator", "IsDeleted", "IsManualOverride", "MarkedBy", "Remarks", "SchoolId", "Status", "StudentId", "UpdatedAt", "UpdatedBy")
VALUES (@p0, @p1, @p2, @p3, @p4, @p5, @p6, @p7, @p8, @p9, @p10, @p11, @p12, @p13, @p14, @p15, @p16, @p17)
RETURNING "RowVersion";
INSERT INTO "AuditLogs" ("Id", "ActionType", "DurationMs", "EntityId", "EntityType", "ExceptionMessage", "HttpMethod", "IpAddress", "Path", "QueryString", "RequestBody", "SchoolId", "StatusCode", "Timestamp", "UserAgent", "UserId", "Username")
VALUES (@p18, @p19, @p20, @p21, @p22, @p23, @p24, @p25, @p26, @p27, @p28, @p29, @p30, @p31, @p32, @p33, @p34);
2026-04-19 19:13:45.816 +05:30 [ERR] Microsoft.EntityFrameworkCore.Update | CorrelationId:193ca5d497fe45bdad3ed38b206caf3c | An exception occurred in the database while saving changes for context type 'SmsApi.Data.AppDbContext'.
Microsoft.EntityFrameworkCore.DbUpdateException: An error occurred while saving the entity changes. See the inner exception for details.
 ---> Npgsql.PostgresException (0x80004005): 23503: insert or update on table "AttendanceRecords" violates foreign key constraint "FK_AttendanceRecords_User_MarkedBy"

DETAIL: Detail redacted as it may contain sensitive data. Specify 'Include Error Detail' in the connection string to include this information.
   at Npgsql.Internal.NpgsqlConnector.ReadMessageLong(Boolean async, DataRowLoadingMode dataRowLoadingMode, Boolean readingNotifications, Boolean isReadingPrependedMessage)
   at System.Runtime.CompilerServices.PoolingAsyncValueTaskMethodBuilder`1.StateMachineBox`1.System.Threading.Tasks.Sources.IValueTaskSource<TResult>.GetResult(Int16 token)
   at Npgsql.NpgsqlDataReader.NextResult(Boolean async, Boolean isConsuming, CancellationToken cancellationToken)
   at Npgsql.NpgsqlDataReader.NextResult(Boolean async, Boolean isConsuming, CancellationToken cancellationToken)
   at Npgsql.NpgsqlCommand.ExecuteReader(Boolean async, CommandBehavior behavior, CancellationToken cancellationToken)
   at Npgsql.NpgsqlCommand.ExecuteReader(Boolean async, CommandBehavior behavior, CancellationToken cancellationToken)
   at Npgsql.NpgsqlCommand.ExecuteDbDataReaderAsync(CommandBehavior behavior, CancellationToken cancellationToken)
   at Microsoft.EntityFrameworkCore.Storage.RelationalCommand.ExecuteReaderAsync(RelationalCommandParameterObject parameterObject, CancellationToken cancellationToken)
   at Microsoft.EntityFrameworkCore.Storage.RelationalCommand.ExecuteReaderAsync(RelationalCommandParameterObject parameterObject, CancellationToken cancellationToken)
   at Microsoft.EntityFrameworkCore.Update.ReaderModificationCommandBatch.ExecuteAsync(IRelationalConnection connection, CancellationToken cancellationToken)
  Exception data:
    Severity: ERROR
    SqlState: 23503
    MessageText: insert or update on table "AttendanceRecords" violates foreign key constraint "FK_AttendanceRecords_User_MarkedBy"
    Detail: Detail redacted as it may contain sensitive data. Specify 'Include Error Detail' in the connection string to include this information.
    SchemaName: public
    TableName: AttendanceRecords
    ConstraintName: FK_AttendanceRecords_User_MarkedBy
    File: ri_triggers.c
    Line: 2783
    Routine: ri_ReportViolation
   --- End of inner exception stack trace ---
   at Microsoft.EntityFrameworkCore.Update.ReaderModificationCommandBatch.ExecuteAsync(IRelationalConnection connection, CancellationToken cancellationToken)
   at Microsoft.EntityFrameworkCore.Update.Internal.BatchExecutor.ExecuteAsync(IEnumerable`1 commandBatches, IRelationalConnection connection, CancellationToken cancellationToken)
   at Microsoft.EntityFrameworkCore.Update.Internal.BatchExecutor.ExecuteAsync(IEnumerable`1 commandBatches, IRelationalConnection connection, CancellationToken cancellationToken)
   at Microsoft.EntityFrameworkCore.Update.Internal.BatchExecutor.ExecuteAsync(IEnumerable`1 commandBatches, IRelationalConnection connection, CancellationToken cancellationToken)
   at Microsoft.EntityFrameworkCore.ChangeTracking.Internal.StateManager.SaveChangesAsync(IList`1 entriesToSave, CancellationToken cancellationToken)
   at Microsoft.EntityFrameworkCore.ChangeTracking.Internal.StateManager.SaveChangesAsync(StateManager stateManager, Boolean acceptAllChangesOnSuccess, CancellationToken cancellationToken)
   at Microsoft.EntityFrameworkCore.Storage.ExecutionStrategy.<>c__DisplayClass30_0`2.<<ExecuteAsync>b__0>d.MoveNext()
--- End of stack trace from previous location ---
   at Microsoft.EntityFrameworkCore.Storage.ExecutionStrategy.ExecuteImplementationAsync[TState,TResult](Func`4 operation, Func`4 verifySucceeded, TState state, CancellationToken cancellationToken)
   at Microsoft.EntityFrameworkCore.Storage.ExecutionStrategy.ExecuteImplementationAsync[TState,TResult](Func`4 operation, Func`4 verifySucceeded, TState state, CancellationToken cancellationToken)
   at Microsoft.EntityFrameworkCore.Storage.ExecutionStrategy.ExecuteAsync[TState,TResult](TState state, Func`4 operation, Func`4 verifySucceeded, CancellationToken cancellationToken)
   at Microsoft.EntityFrameworkCore.DbContext.SaveChangesAsync(Boolean acceptAllChangesOnSuccess, CancellationToken cancellationToken)
Microsoft.EntityFrameworkCore.DbUpdateException: An error occurred while saving the entity changes. See the inner exception for details.
 ---> Npgsql.PostgresException (0x80004005): 23503: insert or update on table "AttendanceRecords" violates foreign key constraint "FK_AttendanceRecords_User_MarkedBy"

DETAIL: Detail redacted as it may contain sensitive data. Specify 'Include Error Detail' in the connection string to include this information.
   at Npgsql.Internal.NpgsqlConnector.ReadMessageLong(Boolean async, DataRowLoadingMode dataRowLoadingMode, Boolean readingNotifications, Boolean isReadingPrependedMessage)
   at System.Runtime.CompilerServices.PoolingAsyncValueTaskMethodBuilder`1.StateMachineBox`1.System.Threading.Tasks.Sources.IValueTaskSource<TResult>.GetResult(Int16 token)
   at Npgsql.NpgsqlDataReader.NextResult(Boolean async, Boolean isConsuming, CancellationToken cancellationToken)
   at Npgsql.NpgsqlDataReader.NextResult(Boolean async, Boolean isConsuming, CancellationToken cancellationToken)
   at Npgsql.NpgsqlCommand.ExecuteReader(Boolean async, CommandBehavior behavior, CancellationToken cancellationToken)
   at Npgsql.NpgsqlCommand.ExecuteReader(Boolean async, CommandBehavior behavior, CancellationToken cancellationToken)
   at Npgsql.NpgsqlCommand.ExecuteDbDataReaderAsync(CommandBehavior behavior, CancellationToken cancellationToken)
   at Microsoft.EntityFrameworkCore.Storage.RelationalCommand.ExecuteReaderAsync(RelationalCommandParameterObject parameterObject, CancellationToken cancellationToken)
   at Microsoft.EntityFrameworkCore.Storage.RelationalCommand.ExecuteReaderAsync(RelationalCommandParameterObject parameterObject, CancellationToken cancellationToken)
   at Microsoft.EntityFrameworkCore.Update.ReaderModificationCommandBatch.ExecuteAsync(IRelationalConnection connection, CancellationToken cancellationToken)
  Exception data:
    Severity: ERROR
    SqlState: 23503
    MessageText: insert or update on table "AttendanceRecords" violates foreign key constraint "FK_AttendanceRecords_User_MarkedBy"
    Detail: Detail redacted as it may contain sensitive data. Specify 'Include Error Detail' in the connection string to include this information.
    SchemaName: public
    TableName: AttendanceRecords
    ConstraintName: FK_AttendanceRecords_User_MarkedBy
    File: ri_triggers.c
    Line: 2783
    Routine: ri_ReportViolation
   --- End of inner exception stack trace ---
   at Microsoft.EntityFrameworkCore.Update.ReaderModificationCommandBatch.ExecuteAsync(IRelationalConnection connection, CancellationToken cancellationToken)
   at Microsoft.EntityFrameworkCore.Update.Internal.BatchExecutor.ExecuteAsync(IEnumerable`1 commandBatches, IRelationalConnection connection, CancellationToken cancellationToken)
   at Microsoft.EntityFrameworkCore.Update.Internal.BatchExecutor.ExecuteAsync(IEnumerable`1 commandBatches, IRelationalConnection connection, CancellationToken cancellationToken)
   at Microsoft.EntityFrameworkCore.Update.Internal.BatchExecutor.ExecuteAsync(IEnumerable`1 commandBatches, IRelationalConnection connection, CancellationToken cancellationToken)
   at Microsoft.EntityFrameworkCore.ChangeTracking.Internal.StateManager.SaveChangesAsync(IList`1 entriesToSave, CancellationToken cancellationToken)
   at Microsoft.EntityFrameworkCore.ChangeTracking.Internal.StateManager.SaveChangesAsync(StateManager stateManager, Boolean acceptAllChangesOnSuccess, CancellationToken cancellationToken)
   at Microsoft.EntityFrameworkCore.Storage.ExecutionStrategy.<>c__DisplayClass30_0`2.<<ExecuteAsync>b__0>d.MoveNext()
--- End of stack trace from previous location ---
   at Microsoft.EntityFrameworkCore.Storage.ExecutionStrategy.ExecuteImplementationAsync[TState,TResult](Func`4 operation, Func`4 verifySucceeded, TState state, CancellationToken cancellationToken)
   at Microsoft.EntityFrameworkCore.Storage.ExecutionStrategy.ExecuteImplementationAsync[TState,TResult](Func`4 operation, Func`4 verifySucceeded, TState state, CancellationToken cancellationToken)
   at Microsoft.EntityFrameworkCore.Storage.ExecutionStrategy.ExecuteAsync[TState,TResult](TState state, Func`4 operation, Func`4 verifySucceeded, CancellationToken cancellationToken)
   at Microsoft.EntityFrameworkCore.DbContext.SaveChangesAsync(Boolean acceptAllChangesOnSuccess, CancellationToken cancellationToken)
2026-04-19 19:13:45.840 +05:30 [ERR] SmsApi.Middleware.AuditLoggingMiddleware | CorrelationId:193ca5d497fe45bdad3ed38b206caf3c | Failed to write audit log entry
Microsoft.EntityFrameworkCore.DbUpdateException: An error occurred while saving the entity changes. See the inner exception for details.
 ---> Npgsql.PostgresException (0x80004005): 23503: insert or update on table "AttendanceRecords" violates foreign key constraint "FK_AttendanceRecords_User_MarkedBy"

DETAIL: Detail redacted as it may contain sensitive data. Specify 'Include Error Detail' in the connection string to include this information.
   at Npgsql.Internal.NpgsqlConnector.ReadMessageLong(Boolean async, DataRowLoadingMode dataRowLoadingMode, Boolean readingNotifications, Boolean isReadingPrependedMessage)
   at System.Runtime.CompilerServices.PoolingAsyncValueTaskMethodBuilder`1.StateMachineBox`1.System.Threading.Tasks.Sources.IValueTaskSource<TResult>.GetResult(Int16 token)
   at Npgsql.NpgsqlDataReader.NextResult(Boolean async, Boolean isConsuming, CancellationToken cancellationToken)
   at Npgsql.NpgsqlDataReader.NextResult(Boolean async, Boolean isConsuming, CancellationToken cancellationToken)
   at Npgsql.NpgsqlCommand.ExecuteReader(Boolean async, CommandBehavior behavior, CancellationToken cancellationToken)
   at Npgsql.NpgsqlCommand.ExecuteReader(Boolean async, CommandBehavior behavior, CancellationToken cancellationToken)
   at Npgsql.NpgsqlCommand.ExecuteDbDataReaderAsync(CommandBehavior behavior, CancellationToken cancellationToken)
   at Microsoft.EntityFrameworkCore.Storage.RelationalCommand.ExecuteReaderAsync(RelationalCommandParameterObject parameterObject, CancellationToken cancellationToken)
   at Microsoft.EntityFrameworkCore.Storage.RelationalCommand.ExecuteReaderAsync(RelationalCommandParameterObject parameterObject, CancellationToken cancellationToken)
   at Microsoft.EntityFrameworkCore.Update.ReaderModificationCommandBatch.ExecuteAsync(IRelationalConnection connection, CancellationToken cancellationToken)
  Exception data:
    Severity: ERROR
    SqlState: 23503
    MessageText: insert or update on table "AttendanceRecords" violates foreign key constraint "FK_AttendanceRecords_User_MarkedBy"
    Detail: Detail redacted as it may contain sensitive data. Specify 'Include Error Detail' in the connection string to include this information.
    SchemaName: public
    TableName: AttendanceRecords
    ConstraintName: FK_AttendanceRecords_User_MarkedBy
    File: ri_triggers.c
    Line: 2783
    Routine: ri_ReportViolation
   --- End of inner exception stack trace ---
   at Microsoft.EntityFrameworkCore.Update.ReaderModificationCommandBatch.ExecuteAsync(IRelationalConnection connection, CancellationToken cancellationToken)
   at Microsoft.EntityFrameworkCore.Update.Internal.BatchExecutor.ExecuteAsync(IEnumerable`1 commandBatches, IRelationalConnection connection, CancellationToken cancellationToken)
   at Microsoft.EntityFrameworkCore.Update.Internal.BatchExecutor.ExecuteAsync(IEnumerable`1 commandBatches, IRelationalConnection connection, CancellationToken cancellationToken)
   at Microsoft.EntityFrameworkCore.Update.Internal.BatchExecutor.ExecuteAsync(IEnumerable`1 commandBatches, IRelationalConnection connection, CancellationToken cancellationToken)
   at Microsoft.EntityFrameworkCore.ChangeTracking.Internal.StateManager.SaveChangesAsync(IList`1 entriesToSave, CancellationToken cancellationToken)
   at Microsoft.EntityFrameworkCore.ChangeTracking.Internal.StateManager.SaveChangesAsync(StateManager stateManager, Boolean acceptAllChangesOnSuccess, CancellationToken cancellationToken)
   at Microsoft.EntityFrameworkCore.Storage.ExecutionStrategy.<>c__DisplayClass30_0`2.<<ExecuteAsync>b__0>d.MoveNext()
--- End of stack trace from previous location ---
   at Microsoft.EntityFrameworkCore.Storage.ExecutionStrategy.ExecuteImplementationAsync[TState,TResult](Func`4 operation, Func`4 verifySucceeded, TState state, CancellationToken cancellationToken)
   at Microsoft.EntityFrameworkCore.Storage.ExecutionStrategy.ExecuteImplementationAsync[TState,TResult](Func`4 operation, Func`4 verifySucceeded, TState state, CancellationToken cancellationToken)
   at Microsoft.EntityFrameworkCore.Storage.ExecutionStrategy.ExecuteAsync[TState,TResult](TState state, Func`4 operation, Func`4 verifySucceeded, CancellationToken cancellationToken)
   at Microsoft.EntityFrameworkCore.DbContext.SaveChangesAsync(Boolean acceptAllChangesOnSuccess, CancellationToken cancellationToken)
   at Microsoft.EntityFrameworkCore.DbContext.SaveChangesAsync(Boolean acceptAllChangesOnSuccess, CancellationToken cancellationToken)
   at SmsApi.Data.AppDbContext.SaveChangesAsync(CancellationToken cancellationToken) in C:\Vitana\Vitana Group\sms-api\Data\AppDbContext.cs:line 229
   at SmsApi.Middleware.AuditLoggingMiddleware.WriteAuditLog(HttpContext context, AppDbContext dbContext, String requestBody, Int64 durationMs, String exceptionMessage) in C:\Vitana\Vitana Group\sms-api\Middleware\AuditLoggingMiddleware.cs:line 112
2026-04-19 19:13:45.861 +05:30 [ERR] Serilog.AspNetCore.RequestLoggingMiddleware | CorrelationId:193ca5d497fe45bdad3ed38b206caf3c | HTTP POST /api/Attendance/records responded 500 in 287.2137 ms
2026-04-19 19:13:45.906 +05:30 [INF] SmsApi.Middleware.LoggingActionFilter | CorrelationId:13d82285b1534178898bd2d20141e884 | API Request: GET /api/Attendance/records | User: Unknown | School: 550e8400-e29b-41d4-a716-446655440000
2026-04-19 19:13:45.948 +05:30 [INF] SmsApi.Middleware.LoggingActionFilter | CorrelationId:13d82285b1534178898bd2d20141e884 | API Response: GET /api/Attendance/records | Status: 200 | Duration: 42ms
2026-04-19 19:13:45.957 +05:30 [INF] Serilog.AspNetCore.RequestLoggingMiddleware | CorrelationId:13d82285b1534178898bd2d20141e884 | HTTP GET /api/Attendance/records responded 200 in 64.8297 ms
2026-04-19 19:13:45.998 +05:30 [INF] SmsApi.Middleware.LoggingActionFilter | CorrelationId:ebbb2c9a92db43fdb56d325fbfde43a5 | API Request: POST /api/academics/classes | User: Unknown | School: 550e8400-e29b-41d4-a716-446655440000
2026-04-19 19:13:46.245 +05:30 [INF] SmsApi.Middleware.LoggingActionFilter | CorrelationId:ebbb2c9a92db43fdb56d325fbfde43a5 | API Response: POST /api/academics/classes | Status: 200 | Duration: 246ms
2026-04-19 19:13:46.258 +05:30 [INF] Serilog.AspNetCore.RequestLoggingMiddleware | CorrelationId:ebbb2c9a92db43fdb56d325fbfde43a5 | HTTP POST /api/academics/classes responded 201 in 279.4218 ms
2026-04-19 19:13:46.339 +05:30 [INF] SmsApi.Middleware.LoggingActionFilter | CorrelationId:655cb297fdab432e9c97f61d5716d643 | API Request: POST /api/academics/subjects | User: Unknown | School: 550e8400-e29b-41d4-a716-446655440000
2026-04-19 19:13:46.434 +05:30 [INF] SmsApi.Middleware.LoggingActionFilter | CorrelationId:655cb297fdab432e9c97f61d5716d643 | API Response: POST /api/academics/subjects | Status: 200 | Duration: 94ms
2026-04-19 19:13:46.448 +05:30 [INF] Serilog.AspNetCore.RequestLoggingMiddleware | CorrelationId:655cb297fdab432e9c97f61d5716d643 | HTTP POST /api/academics/subjects responded 201 in 117.4815 ms
2026-04-19 19:13:46.483 +05:30 [INF] SmsApi.Middleware.LoggingActionFilter | CorrelationId:9230f7951a8f467397616e174a4d8368 | API Request: POST /api/academics/class-subjects | User: Unknown | School: 550e8400-e29b-41d4-a716-446655440000
2026-04-19 19:13:46.570 +05:30 [INF] SmsApi.Middleware.LoggingActionFilter | CorrelationId:9230f7951a8f467397616e174a4d8368 | API Response: POST /api/academics/class-subjects | Status: 200 | Duration: 87ms
2026-04-19 19:13:46.578 +05:30 [INF] Serilog.AspNetCore.RequestLoggingMiddleware | CorrelationId:9230f7951a8f467397616e174a4d8368 | HTTP POST /api/academics/class-subjects responded 200 in 103.4823 ms
2026-04-19 19:13:46.595 +05:30 [INF] SmsApi.Middleware.LoggingActionFilter | CorrelationId:3030f75902b6479484f39b1d647aeebf | API Request: GET /api/academics/classes | User: Unknown | School: 550e8400-e29b-41d4-a716-446655440000
2026-04-19 19:13:46.797 +05:30 [INF] SmsApi.Middleware.LoggingActionFilter | CorrelationId:3030f75902b6479484f39b1d647aeebf | API Response: GET /api/academics/classes | Status: 200 | Duration: 202ms
2026-04-19 19:13:46.802 +05:30 [INF] Serilog.AspNetCore.RequestLoggingMiddleware | CorrelationId:3030f75902b6479484f39b1d647aeebf | HTTP GET /api/academics/classes responded 200 in 213.1057 ms
2026-04-19 19:13:46.826 +05:30 [INF] SmsApi.Middleware.LoggingActionFilter | CorrelationId:6a79b99a2fd945258458b41183501a61 | API Request: GET /api/Attendance/records | User: Unknown | School: 550e8400-e29b-41d4-a716-446655440000
2026-04-19 19:13:46.839 +05:30 [INF] SmsApi.Middleware.LoggingActionFilter | CorrelationId:6a79b99a2fd945258458b41183501a61 | API Response: GET /api/Attendance/records | Status: 200 | Duration: 12ms
2026-04-19 19:13:46.847 +05:30 [INF] Serilog.AspNetCore.RequestLoggingMiddleware | CorrelationId:6a79b99a2fd945258458b41183501a61 | HTTP GET /api/Attendance/records responded 200 in 25.3608 ms
2026-04-19 19:13:46.874 +05:30 [INF] SmsApi.Middleware.LoggingActionFilter | CorrelationId:371359a30e554c809517b4ae2b35710e | API Request: GET /api/LeaveManagement/requests | User: Unknown | School: 550e8400-e29b-41d4-a716-446655440000
2026-04-19 19:13:46.917 +05:30 [INF] SmsApi.Middleware.LoggingActionFilter | CorrelationId:371359a30e554c809517b4ae2b35710e | API Response: GET /api/LeaveManagement/requests | Status: 200 | Duration: 43ms
2026-04-19 19:13:46.924 +05:30 [INF] Serilog.AspNetCore.RequestLoggingMiddleware | CorrelationId:371359a30e554c809517b4ae2b35710e | HTTP GET /api/LeaveManagement/requests responded 200 in 55.5532 ms
2026-04-19 19:13:46.955 +05:30 [INF] Serilog.AspNetCore.RequestLoggingMiddleware | CorrelationId:8bf1daba374842e6a8c906c5e1b44f99 | HTTP POST /api/students responded 400 in 20.4780 ms
2026-04-19 19:14:22.060 +05:30 [INF] SmsApi.Middleware.LoggingActionFilter | CorrelationId:eb7ea4a7075948d2a97e90732baa117a | API Request: POST /api/auth/login | User: Unknown | School: Unknown
2026-04-19 19:14:22.971 +05:30 [INF] SmsApi.Controllers.AuthController | CorrelationId:eb7ea4a7075948d2a97e90732baa117a | Login successful for admin (SchoolId: "550e8400-e29b-41d4-a716-446655440000")
2026-04-19 19:14:22.974 +05:30 [INF] SmsApi.Middleware.LoggingActionFilter | CorrelationId:eb7ea4a7075948d2a97e90732baa117a | API Response: POST /api/auth/login | Status: 200 | Duration: 914ms
2026-04-19 19:14:23.008 +05:30 [INF] Serilog.AspNetCore.RequestLoggingMiddleware | CorrelationId:eb7ea4a7075948d2a97e90732baa117a | HTTP POST /api/auth/login responded 200 in 957.6478 ms
2026-04-19 19:14:23.021 +05:30 [WRN] SmsApi.Infrastructure.Performance.PerformanceMonitoringMiddleware | CorrelationId: | Slow request: POST /api/auth/login took 945ms — status 200.
2026-04-19 19:14:23.051 +05:30 [INF] SmsApi.Middleware.LoggingActionFilter | CorrelationId:fb431f45f5f64a01a525c69a664577c3 | API Request: POST /api/students | User: Unknown | School: 550e8400-e29b-41d4-a716-446655440000
2026-04-19 19:14:23.065 +05:30 [INF] SmsApi.Services.StudentService | CorrelationId:fb431f45f5f64a01a525c69a664577c3 | Student created: "6e6add70-ebfe-4f50-b045-fe5bd62b1338", Admission: AT20260419191423
2026-04-19 19:14:23.080 +05:30 [WRN] SmsApi.Services.StudentService | CorrelationId:fb431f45f5f64a01a525c69a664577c3 | No fee structure found for class 10, academic year AY-20260419190735. Fee record not created.
2026-04-19 19:14:23.088 +05:30 [INF] SmsApi.Services.StudentService | CorrelationId:fb431f45f5f64a01a525c69a664577c3 | Library card initialized for student "6e6add70-ebfe-4f50-b045-fe5bd62b1338": LIB-AT20260419191423
2026-04-19 19:14:23.100 +05:30 [INF] SmsApi.Services.StudentService | CorrelationId:fb431f45f5f64a01a525c69a664577c3 | Student creation completed with all related records: "6e6add70-ebfe-4f50-b045-fe5bd62b1338"
2026-04-19 19:14:23.109 +05:30 [INF] SmsApi.Middleware.LoggingActionFilter | CorrelationId:fb431f45f5f64a01a525c69a664577c3 | API Response: POST /api/students | Status: 200 | Duration: 57ms
2026-04-19 19:14:23.129 +05:30 [INF] Serilog.AspNetCore.RequestLoggingMiddleware | CorrelationId:fb431f45f5f64a01a525c69a664577c3 | HTTP POST /api/students responded 201 in 88.8258 ms
2026-04-19 19:14:23.183 +05:30 [INF] SmsApi.Middleware.LoggingActionFilter | CorrelationId:07826374639048ebbecad1865ce7cf3f | API Request: POST /api/Attendance/records | User: Unknown | School: 550e8400-e29b-41d4-a716-446655440000
2026-04-19 19:14:23.203 +05:30 [ERR] Microsoft.EntityFrameworkCore.Database.Command | CorrelationId:07826374639048ebbecad1865ce7cf3f | Failed executing DbCommand (4ms) [Parameters=[@p0='?' (DbType = Guid), @p1='?', @p2='?' (DbType = Object), @p3='?' (DbType = Object), @p4='?' (DbType = DateTime), @p5='?' (DbType = Guid), @p6='?' (DbType = DateTime), @p7='?' (DbType = DateTime), @p8='?', @p9='?' (DbType = Boolean), @p10='?' (DbType = Boolean), @p11='?' (DbType = Guid), @p12='?', @p13='?' (DbType = Guid), @p14='?', @p15='?' (DbType = Guid), @p16='?' (DbType = DateTime), @p17='?' (DbType = Guid)], CommandType='"Text"', CommandTimeout='30']
INSERT INTO "AttendanceRecords" ("Id", "BiometricId", "CheckInTime", "CheckOutTime", "CreatedAt", "CreatedBy", "Date", "DeletedAt", "Discriminator", "IsDeleted", "IsManualOverride", "MarkedBy", "Remarks", "SchoolId", "Status", "StudentId", "UpdatedAt", "UpdatedBy")
VALUES (@p0, @p1, @p2, @p3, @p4, @p5, @p6, @p7, @p8, @p9, @p10, @p11, @p12, @p13, @p14, @p15, @p16, @p17)
RETURNING "RowVersion";
2026-04-19 19:14:23.213 +05:30 [ERR] Microsoft.EntityFrameworkCore.Update | CorrelationId:07826374639048ebbecad1865ce7cf3f | An exception occurred in the database while saving changes for context type 'SmsApi.Data.AppDbContext'.
Microsoft.EntityFrameworkCore.DbUpdateException: An error occurred while saving the entity changes. See the inner exception for details.
 ---> Npgsql.PostgresException (0x80004005): 23503: insert or update on table "AttendanceRecords" violates foreign key constraint "FK_AttendanceRecords_User_MarkedBy"

DETAIL: Detail redacted as it may contain sensitive data. Specify 'Include Error Detail' in the connection string to include this information.
   at Npgsql.Internal.NpgsqlConnector.ReadMessageLong(Boolean async, DataRowLoadingMode dataRowLoadingMode, Boolean readingNotifications, Boolean isReadingPrependedMessage)
   at System.Runtime.CompilerServices.PoolingAsyncValueTaskMethodBuilder`1.StateMachineBox`1.System.Threading.Tasks.Sources.IValueTaskSource<TResult>.GetResult(Int16 token)
   at Npgsql.NpgsqlDataReader.NextResult(Boolean async, Boolean isConsuming, CancellationToken cancellationToken)
   at Npgsql.NpgsqlDataReader.NextResult(Boolean async, Boolean isConsuming, CancellationToken cancellationToken)
   at Npgsql.NpgsqlCommand.ExecuteReader(Boolean async, CommandBehavior behavior, CancellationToken cancellationToken)
   at Npgsql.NpgsqlCommand.ExecuteReader(Boolean async, CommandBehavior behavior, CancellationToken cancellationToken)
   at Npgsql.NpgsqlCommand.ExecuteDbDataReaderAsync(CommandBehavior behavior, CancellationToken cancellationToken)
   at Microsoft.EntityFrameworkCore.Storage.RelationalCommand.ExecuteReaderAsync(RelationalCommandParameterObject parameterObject, CancellationToken cancellationToken)
   at Microsoft.EntityFrameworkCore.Storage.RelationalCommand.ExecuteReaderAsync(RelationalCommandParameterObject parameterObject, CancellationToken cancellationToken)
   at Microsoft.EntityFrameworkCore.Update.ReaderModificationCommandBatch.ExecuteAsync(IRelationalConnection connection, CancellationToken cancellationToken)
  Exception data:
    Severity: ERROR
    SqlState: 23503
    MessageText: insert or update on table "AttendanceRecords" violates foreign key constraint "FK_AttendanceRecords_User_MarkedBy"
    Detail: Detail redacted as it may contain sensitive data. Specify 'Include Error Detail' in the connection string to include this information.
    SchemaName: public
    TableName: AttendanceRecords
    ConstraintName: FK_AttendanceRecords_User_MarkedBy
    File: ri_triggers.c
    Line: 2783
    Routine: ri_ReportViolation
   --- End of inner exception stack trace ---
   at Microsoft.EntityFrameworkCore.Update.ReaderModificationCommandBatch.ExecuteAsync(IRelationalConnection connection, CancellationToken cancellationToken)
   at Microsoft.EntityFrameworkCore.Update.Internal.BatchExecutor.ExecuteAsync(IEnumerable`1 commandBatches, IRelationalConnection connection, CancellationToken cancellationToken)
   at Microsoft.EntityFrameworkCore.Update.Internal.BatchExecutor.ExecuteAsync(IEnumerable`1 commandBatches, IRelationalConnection connection, CancellationToken cancellationToken)
   at Microsoft.EntityFrameworkCore.Update.Internal.BatchExecutor.ExecuteAsync(IEnumerable`1 commandBatches, IRelationalConnection connection, CancellationToken cancellationToken)
   at Microsoft.EntityFrameworkCore.ChangeTracking.Internal.StateManager.SaveChangesAsync(IList`1 entriesToSave, CancellationToken cancellationToken)
   at Microsoft.EntityFrameworkCore.ChangeTracking.Internal.StateManager.SaveChangesAsync(StateManager stateManager, Boolean acceptAllChangesOnSuccess, CancellationToken cancellationToken)
   at Microsoft.EntityFrameworkCore.Storage.ExecutionStrategy.<>c__DisplayClass30_0`2.<<ExecuteAsync>b__0>d.MoveNext()
--- End of stack trace from previous location ---
   at Microsoft.EntityFrameworkCore.Storage.ExecutionStrategy.ExecuteImplementationAsync[TState,TResult](Func`4 operation, Func`4 verifySucceeded, TState state, CancellationToken cancellationToken)
   at Microsoft.EntityFrameworkCore.Storage.ExecutionStrategy.ExecuteImplementationAsync[TState,TResult](Func`4 operation, Func`4 verifySucceeded, TState state, CancellationToken cancellationToken)
   at Microsoft.EntityFrameworkCore.Storage.ExecutionStrategy.ExecuteAsync[TState,TResult](TState state, Func`4 operation, Func`4 verifySucceeded, CancellationToken cancellationToken)
   at Microsoft.EntityFrameworkCore.DbContext.SaveChangesAsync(Boolean acceptAllChangesOnSuccess, CancellationToken cancellationToken)
Microsoft.EntityFrameworkCore.DbUpdateException: An error occurred while saving the entity changes. See the inner exception for details.
 ---> Npgsql.PostgresException (0x80004005): 23503: insert or update on table "AttendanceRecords" violates foreign key constraint "FK_AttendanceRecords_User_MarkedBy"

DETAIL: Detail redacted as it may contain sensitive data. Specify 'Include Error Detail' in the connection string to include this information.
   at Npgsql.Internal.NpgsqlConnector.ReadMessageLong(Boolean async, DataRowLoadingMode dataRowLoadingMode, Boolean readingNotifications, Boolean isReadingPrependedMessage)
   at System.Runtime.CompilerServices.PoolingAsyncValueTaskMethodBuilder`1.StateMachineBox`1.System.Threading.Tasks.Sources.IValueTaskSource<TResult>.GetResult(Int16 token)
   at Npgsql.NpgsqlDataReader.NextResult(Boolean async, Boolean isConsuming, CancellationToken cancellationToken)
   at Npgsql.NpgsqlDataReader.NextResult(Boolean async, Boolean isConsuming, CancellationToken cancellationToken)
   at Npgsql.NpgsqlCommand.ExecuteReader(Boolean async, CommandBehavior behavior, CancellationToken cancellationToken)
   at Npgsql.NpgsqlCommand.ExecuteReader(Boolean async, CommandBehavior behavior, CancellationToken cancellationToken)
   at Npgsql.NpgsqlCommand.ExecuteDbDataReaderAsync(CommandBehavior behavior, CancellationToken cancellationToken)
   at Microsoft.EntityFrameworkCore.Storage.RelationalCommand.ExecuteReaderAsync(RelationalCommandParameterObject parameterObject, CancellationToken cancellationToken)
   at Microsoft.EntityFrameworkCore.Storage.RelationalCommand.ExecuteReaderAsync(RelationalCommandParameterObject parameterObject, CancellationToken cancellationToken)
   at Microsoft.EntityFrameworkCore.Update.ReaderModificationCommandBatch.ExecuteAsync(IRelationalConnection connection, CancellationToken cancellationToken)
  Exception data:
    Severity: ERROR
    SqlState: 23503
    MessageText: insert or update on table "AttendanceRecords" violates foreign key constraint "FK_AttendanceRecords_User_MarkedBy"
    Detail: Detail redacted as it may contain sensitive data. Specify 'Include Error Detail' in the connection string to include this information.
    SchemaName: public
    TableName: AttendanceRecords
    ConstraintName: FK_AttendanceRecords_User_MarkedBy
    File: ri_triggers.c
    Line: 2783
    Routine: ri_ReportViolation
   --- End of inner exception stack trace ---
   at Microsoft.EntityFrameworkCore.Update.ReaderModificationCommandBatch.ExecuteAsync(IRelationalConnection connection, CancellationToken cancellationToken)
   at Microsoft.EntityFrameworkCore.Update.Internal.BatchExecutor.ExecuteAsync(IEnumerable`1 commandBatches, IRelationalConnection connection, CancellationToken cancellationToken)
   at Microsoft.EntityFrameworkCore.Update.Internal.BatchExecutor.ExecuteAsync(IEnumerable`1 commandBatches, IRelationalConnection connection, CancellationToken cancellationToken)
   at Microsoft.EntityFrameworkCore.Update.Internal.BatchExecutor.ExecuteAsync(IEnumerable`1 commandBatches, IRelationalConnection connection, CancellationToken cancellationToken)
   at Microsoft.EntityFrameworkCore.ChangeTracking.Internal.StateManager.SaveChangesAsync(IList`1 entriesToSave, CancellationToken cancellationToken)
   at Microsoft.EntityFrameworkCore.ChangeTracking.Internal.StateManager.SaveChangesAsync(StateManager stateManager, Boolean acceptAllChangesOnSuccess, CancellationToken cancellationToken)
   at Microsoft.EntityFrameworkCore.Storage.ExecutionStrategy.<>c__DisplayClass30_0`2.<<ExecuteAsync>b__0>d.MoveNext()
--- End of stack trace from previous location ---
   at Microsoft.EntityFrameworkCore.Storage.ExecutionStrategy.ExecuteImplementationAsync[TState,TResult](Func`4 operation, Func`4 verifySucceeded, TState state, CancellationToken cancellationToken)
   at Microsoft.EntityFrameworkCore.Storage.ExecutionStrategy.ExecuteImplementationAsync[TState,TResult](Func`4 operation, Func`4 verifySucceeded, TState state, CancellationToken cancellationToken)
   at Microsoft.EntityFrameworkCore.Storage.ExecutionStrategy.ExecuteAsync[TState,TResult](TState state, Func`4 operation, Func`4 verifySucceeded, CancellationToken cancellationToken)
   at Microsoft.EntityFrameworkCore.DbContext.SaveChangesAsync(Boolean acceptAllChangesOnSuccess, CancellationToken cancellationToken)
2026-04-19 19:14:23.245 +05:30 [ERR] SmsApi.Controllers.AttendanceController | CorrelationId:07826374639048ebbecad1865ce7cf3f | Error marking attendance
Microsoft.EntityFrameworkCore.DbUpdateException: An error occurred while saving the entity changes. See the inner exception for details.
 ---> Npgsql.PostgresException (0x80004005): 23503: insert or update on table "AttendanceRecords" violates foreign key constraint "FK_AttendanceRecords_User_MarkedBy"

DETAIL: Detail redacted as it may contain sensitive data. Specify 'Include Error Detail' in the connection string to include this information.
   at Npgsql.Internal.NpgsqlConnector.ReadMessageLong(Boolean async, DataRowLoadingMode dataRowLoadingMode, Boolean readingNotifications, Boolean isReadingPrependedMessage)
   at System.Runtime.CompilerServices.PoolingAsyncValueTaskMethodBuilder`1.StateMachineBox`1.System.Threading.Tasks.Sources.IValueTaskSource<TResult>.GetResult(Int16 token)
   at Npgsql.NpgsqlDataReader.NextResult(Boolean async, Boolean isConsuming, CancellationToken cancellationToken)
   at Npgsql.NpgsqlDataReader.NextResult(Boolean async, Boolean isConsuming, CancellationToken cancellationToken)
   at Npgsql.NpgsqlCommand.ExecuteReader(Boolean async, CommandBehavior behavior, CancellationToken cancellationToken)
   at Npgsql.NpgsqlCommand.ExecuteReader(Boolean async, CommandBehavior behavior, CancellationToken cancellationToken)
   at Npgsql.NpgsqlCommand.ExecuteDbDataReaderAsync(CommandBehavior behavior, CancellationToken cancellationToken)
   at Microsoft.EntityFrameworkCore.Storage.RelationalCommand.ExecuteReaderAsync(RelationalCommandParameterObject parameterObject, CancellationToken cancellationToken)
   at Microsoft.EntityFrameworkCore.Storage.RelationalCommand.ExecuteReaderAsync(RelationalCommandParameterObject parameterObject, CancellationToken cancellationToken)
   at Microsoft.EntityFrameworkCore.Update.ReaderModificationCommandBatch.ExecuteAsync(IRelationalConnection connection, CancellationToken cancellationToken)
  Exception data:
    Severity: ERROR
    SqlState: 23503
    MessageText: insert or update on table "AttendanceRecords" violates foreign key constraint "FK_AttendanceRecords_User_MarkedBy"
    Detail: Detail redacted as it may contain sensitive data. Specify 'Include Error Detail' in the connection string to include this information.
    SchemaName: public
    TableName: AttendanceRecords
    ConstraintName: FK_AttendanceRecords_User_MarkedBy
    File: ri_triggers.c
    Line: 2783
    Routine: ri_ReportViolation
   --- End of inner exception stack trace ---
   at Microsoft.EntityFrameworkCore.Update.ReaderModificationCommandBatch.ExecuteAsync(IRelationalConnection connection, CancellationToken cancellationToken)
   at Microsoft.EntityFrameworkCore.Update.Internal.BatchExecutor.ExecuteAsync(IEnumerable`1 commandBatches, IRelationalConnection connection, CancellationToken cancellationToken)
   at Microsoft.EntityFrameworkCore.Update.Internal.BatchExecutor.ExecuteAsync(IEnumerable`1 commandBatches, IRelationalConnection connection, CancellationToken cancellationToken)
   at Microsoft.EntityFrameworkCore.Update.Internal.BatchExecutor.ExecuteAsync(IEnumerable`1 commandBatches, IRelationalConnection connection, CancellationToken cancellationToken)
   at Microsoft.EntityFrameworkCore.ChangeTracking.Internal.StateManager.SaveChangesAsync(IList`1 entriesToSave, CancellationToken cancellationToken)
   at Microsoft.EntityFrameworkCore.ChangeTracking.Internal.StateManager.SaveChangesAsync(StateManager stateManager, Boolean acceptAllChangesOnSuccess, CancellationToken cancellationToken)
   at Microsoft.EntityFrameworkCore.Storage.ExecutionStrategy.<>c__DisplayClass30_0`2.<<ExecuteAsync>b__0>d.MoveNext()
--- End of stack trace from previous location ---
   at Microsoft.EntityFrameworkCore.Storage.ExecutionStrategy.ExecuteImplementationAsync[TState,TResult](Func`4 operation, Func`4 verifySucceeded, TState state, CancellationToken cancellationToken)
   at Microsoft.EntityFrameworkCore.Storage.ExecutionStrategy.ExecuteImplementationAsync[TState,TResult](Func`4 operation, Func`4 verifySucceeded, TState state, CancellationToken cancellationToken)
   at Microsoft.EntityFrameworkCore.Storage.ExecutionStrategy.ExecuteAsync[TState,TResult](TState state, Func`4 operation, Func`4 verifySucceeded, CancellationToken cancellationToken)
   at Microsoft.EntityFrameworkCore.DbContext.SaveChangesAsync(Boolean acceptAllChangesOnSuccess, CancellationToken cancellationToken)
   at Microsoft.EntityFrameworkCore.DbContext.SaveChangesAsync(Boolean acceptAllChangesOnSuccess, CancellationToken cancellationToken)
   at SmsApi.Data.AppDbContext.SaveChangesAsync(CancellationToken cancellationToken) in C:\Vitana\Vitana Group\sms-api\Data\AppDbContext.cs:line 229
   at SmsApi.Services.AttendanceService.MarkAttendanceAsync(Guid schoolId, MarkAttendanceDto dto, Guid userId) in C:\Vitana\Vitana Group\sms-api\Services\AttendanceService.cs:line 259
   at SmsApi.Controllers.AttendanceController.MarkAttendance(MarkAttendanceDto dto) in C:\Vitana\Vitana Group\sms-api\Controllers\AttendanceController.cs:line 152
2026-04-19 19:14:23.268 +05:30 [INF] SmsApi.Middleware.LoggingActionFilter | CorrelationId:07826374639048ebbecad1865ce7cf3f | API Response: POST /api/Attendance/records | Status: 200 | Duration: 85ms
2026-04-19 19:14:23.278 +05:30 [ERR] Microsoft.EntityFrameworkCore.Database.Command | CorrelationId:07826374639048ebbecad1865ce7cf3f | Failed executing DbCommand (3ms) [Parameters=[@p0='?' (DbType = Guid), @p1='?', @p2='?' (DbType = Object), @p3='?' (DbType = Object), @p4='?' (DbType = DateTime), @p5='?' (DbType = Guid), @p6='?' (DbType = DateTime), @p7='?' (DbType = DateTime), @p8='?', @p9='?' (DbType = Boolean), @p10='?' (DbType = Boolean), @p11='?' (DbType = Guid), @p12='?', @p13='?' (DbType = Guid), @p14='?', @p15='?' (DbType = Guid), @p16='?' (DbType = DateTime), @p17='?' (DbType = Guid), @p18='?' (DbType = Guid), @p19='?', @p20='?' (DbType = Int64), @p21='?' (DbType = Guid), @p22='?', @p23='?', @p24='?', @p25='?', @p26='?', @p27='?', @p28='?', @p29='?' (DbType = Guid), @p30='?' (DbType = Int32), @p31='?' (DbType = DateTime), @p32='?', @p33='?' (DbType = Guid), @p34='?'], CommandType='"Text"', CommandTimeout='30']
INSERT INTO "AttendanceRecords" ("Id", "BiometricId", "CheckInTime", "CheckOutTime", "CreatedAt", "CreatedBy", "Date", "DeletedAt", "Discriminator", "IsDeleted", "IsManualOverride", "MarkedBy", "Remarks", "SchoolId", "Status", "StudentId", "UpdatedAt", "UpdatedBy")
VALUES (@p0, @p1, @p2, @p3, @p4, @p5, @p6, @p7, @p8, @p9, @p10, @p11, @p12, @p13, @p14, @p15, @p16, @p17)
RETURNING "RowVersion";
INSERT INTO "AuditLogs" ("Id", "ActionType", "DurationMs", "EntityId", "EntityType", "ExceptionMessage", "HttpMethod", "IpAddress", "Path", "QueryString", "RequestBody", "SchoolId", "StatusCode", "Timestamp", "UserAgent", "UserId", "Username")
VALUES (@p18, @p19, @p20, @p21, @p22, @p23, @p24, @p25, @p26, @p27, @p28, @p29, @p30, @p31, @p32, @p33, @p34);
2026-04-19 19:14:23.290 +05:30 [ERR] Microsoft.EntityFrameworkCore.Update | CorrelationId:07826374639048ebbecad1865ce7cf3f | An exception occurred in the database while saving changes for context type 'SmsApi.Data.AppDbContext'.
Microsoft.EntityFrameworkCore.DbUpdateException: An error occurred while saving the entity changes. See the inner exception for details.
 ---> Npgsql.PostgresException (0x80004005): 23503: insert or update on table "AttendanceRecords" violates foreign key constraint "FK_AttendanceRecords_User_MarkedBy"

DETAIL: Detail redacted as it may contain sensitive data. Specify 'Include Error Detail' in the connection string to include this information.
   at Npgsql.Internal.NpgsqlConnector.ReadMessageLong(Boolean async, DataRowLoadingMode dataRowLoadingMode, Boolean readingNotifications, Boolean isReadingPrependedMessage)
   at System.Runtime.CompilerServices.PoolingAsyncValueTaskMethodBuilder`1.StateMachineBox`1.System.Threading.Tasks.Sources.IValueTaskSource<TResult>.GetResult(Int16 token)
   at Npgsql.NpgsqlDataReader.NextResult(Boolean async, Boolean isConsuming, CancellationToken cancellationToken)
   at Npgsql.NpgsqlDataReader.NextResult(Boolean async, Boolean isConsuming, CancellationToken cancellationToken)
   at Npgsql.NpgsqlCommand.ExecuteReader(Boolean async, CommandBehavior behavior, CancellationToken cancellationToken)
   at Npgsql.NpgsqlCommand.ExecuteReader(Boolean async, CommandBehavior behavior, CancellationToken cancellationToken)
   at Npgsql.NpgsqlCommand.ExecuteDbDataReaderAsync(CommandBehavior behavior, CancellationToken cancellationToken)
   at Microsoft.EntityFrameworkCore.Storage.RelationalCommand.ExecuteReaderAsync(RelationalCommandParameterObject parameterObject, CancellationToken cancellationToken)
   at Microsoft.EntityFrameworkCore.Storage.RelationalCommand.ExecuteReaderAsync(RelationalCommandParameterObject parameterObject, CancellationToken cancellationToken)
   at Microsoft.EntityFrameworkCore.Update.ReaderModificationCommandBatch.ExecuteAsync(IRelationalConnection connection, CancellationToken cancellationToken)
  Exception data:
    Severity: ERROR
    SqlState: 23503
    MessageText: insert or update on table "AttendanceRecords" violates foreign key constraint "FK_AttendanceRecords_User_MarkedBy"
    Detail: Detail redacted as it may contain sensitive data. Specify 'Include Error Detail' in the connection string to include this information.
    SchemaName: public
    TableName: AttendanceRecords
    ConstraintName: FK_AttendanceRecords_User_MarkedBy
    File: ri_triggers.c
    Line: 2783
    Routine: ri_ReportViolation
   --- End of inner exception stack trace ---
   at Microsoft.EntityFrameworkCore.Update.ReaderModificationCommandBatch.ExecuteAsync(IRelationalConnection connection, CancellationToken cancellationToken)
   at Microsoft.EntityFrameworkCore.Update.Internal.BatchExecutor.ExecuteAsync(IEnumerable`1 commandBatches, IRelationalConnection connection, CancellationToken cancellationToken)
   at Microsoft.EntityFrameworkCore.Update.Internal.BatchExecutor.ExecuteAsync(IEnumerable`1 commandBatches, IRelationalConnection connection, CancellationToken cancellationToken)
   at Microsoft.EntityFrameworkCore.Update.Internal.BatchExecutor.ExecuteAsync(IEnumerable`1 commandBatches, IRelationalConnection connection, CancellationToken cancellationToken)
   at Microsoft.EntityFrameworkCore.ChangeTracking.Internal.StateManager.SaveChangesAsync(IList`1 entriesToSave, CancellationToken cancellationToken)
   at Microsoft.EntityFrameworkCore.ChangeTracking.Internal.StateManager.SaveChangesAsync(StateManager stateManager, Boolean acceptAllChangesOnSuccess, CancellationToken cancellationToken)
   at Microsoft.EntityFrameworkCore.Storage.ExecutionStrategy.<>c__DisplayClass30_0`2.<<ExecuteAsync>b__0>d.MoveNext()
--- End of stack trace from previous location ---
   at Microsoft.EntityFrameworkCore.Storage.ExecutionStrategy.ExecuteImplementationAsync[TState,TResult](Func`4 operation, Func`4 verifySucceeded, TState state, CancellationToken cancellationToken)
   at Microsoft.EntityFrameworkCore.Storage.ExecutionStrategy.ExecuteImplementationAsync[TState,TResult](Func`4 operation, Func`4 verifySucceeded, TState state, CancellationToken cancellationToken)
   at Microsoft.EntityFrameworkCore.Storage.ExecutionStrategy.ExecuteAsync[TState,TResult](TState state, Func`4 operation, Func`4 verifySucceeded, CancellationToken cancellationToken)
   at Microsoft.EntityFrameworkCore.DbContext.SaveChangesAsync(Boolean acceptAllChangesOnSuccess, CancellationToken cancellationToken)
Microsoft.EntityFrameworkCore.DbUpdateException: An error occurred while saving the entity changes. See the inner exception for details.
 ---> Npgsql.PostgresException (0x80004005): 23503: insert or update on table "AttendanceRecords" violates foreign key constraint "FK_AttendanceRecords_User_MarkedBy"

DETAIL: Detail redacted as it may contain sensitive data. Specify 'Include Error Detail' in the connection string to include this information.
   at Npgsql.Internal.NpgsqlConnector.ReadMessageLong(Boolean async, DataRowLoadingMode dataRowLoadingMode, Boolean readingNotifications, Boolean isReadingPrependedMessage)
   at System.Runtime.CompilerServices.PoolingAsyncValueTaskMethodBuilder`1.StateMachineBox`1.System.Threading.Tasks.Sources.IValueTaskSource<TResult>.GetResult(Int16 token)
   at Npgsql.NpgsqlDataReader.NextResult(Boolean async, Boolean isConsuming, CancellationToken cancellationToken)
   at Npgsql.NpgsqlDataReader.NextResult(Boolean async, Boolean isConsuming, CancellationToken cancellationToken)
   at Npgsql.NpgsqlCommand.ExecuteReader(Boolean async, CommandBehavior behavior, CancellationToken cancellationToken)
   at Npgsql.NpgsqlCommand.ExecuteReader(Boolean async, CommandBehavior behavior, CancellationToken cancellationToken)
   at Npgsql.NpgsqlCommand.ExecuteDbDataReaderAsync(CommandBehavior behavior, CancellationToken cancellationToken)
   at Microsoft.EntityFrameworkCore.Storage.RelationalCommand.ExecuteReaderAsync(RelationalCommandParameterObject parameterObject, CancellationToken cancellationToken)
   at Microsoft.EntityFrameworkCore.Storage.RelationalCommand.ExecuteReaderAsync(RelationalCommandParameterObject parameterObject, CancellationToken cancellationToken)
   at Microsoft.EntityFrameworkCore.Update.ReaderModificationCommandBatch.ExecuteAsync(IRelationalConnection connection, CancellationToken cancellationToken)
  Exception data:
    Severity: ERROR
    SqlState: 23503
    MessageText: insert or update on table "AttendanceRecords" violates foreign key constraint "FK_AttendanceRecords_User_MarkedBy"
    Detail: Detail redacted as it may contain sensitive data. Specify 'Include Error Detail' in the connection string to include this information.
    SchemaName: public
    TableName: AttendanceRecords
    ConstraintName: FK_AttendanceRecords_User_MarkedBy
    File: ri_triggers.c
    Line: 2783
    Routine: ri_ReportViolation
   --- End of inner exception stack trace ---
   at Microsoft.EntityFrameworkCore.Update.ReaderModificationCommandBatch.ExecuteAsync(IRelationalConnection connection, CancellationToken cancellationToken)
   at Microsoft.EntityFrameworkCore.Update.Internal.BatchExecutor.ExecuteAsync(IEnumerable`1 commandBatches, IRelationalConnection connection, CancellationToken cancellationToken)
   at Microsoft.EntityFrameworkCore.Update.Internal.BatchExecutor.ExecuteAsync(IEnumerable`1 commandBatches, IRelationalConnection connection, CancellationToken cancellationToken)
   at Microsoft.EntityFrameworkCore.Update.Internal.BatchExecutor.ExecuteAsync(IEnumerable`1 commandBatches, IRelationalConnection connection, CancellationToken cancellationToken)
   at Microsoft.EntityFrameworkCore.ChangeTracking.Internal.StateManager.SaveChangesAsync(IList`1 entriesToSave, CancellationToken cancellationToken)
   at Microsoft.EntityFrameworkCore.ChangeTracking.Internal.StateManager.SaveChangesAsync(StateManager stateManager, Boolean acceptAllChangesOnSuccess, CancellationToken cancellationToken)
   at Microsoft.EntityFrameworkCore.Storage.ExecutionStrategy.<>c__DisplayClass30_0`2.<<ExecuteAsync>b__0>d.MoveNext()
--- End of stack trace from previous location ---
   at Microsoft.EntityFrameworkCore.Storage.ExecutionStrategy.ExecuteImplementationAsync[TState,TResult](Func`4 operation, Func`4 verifySucceeded, TState state, CancellationToken cancellationToken)
   at Microsoft.EntityFrameworkCore.Storage.ExecutionStrategy.ExecuteImplementationAsync[TState,TResult](Func`4 operation, Func`4 verifySucceeded, TState state, CancellationToken cancellationToken)
   at Microsoft.EntityFrameworkCore.Storage.ExecutionStrategy.ExecuteAsync[TState,TResult](TState state, Func`4 operation, Func`4 verifySucceeded, CancellationToken cancellationToken)
   at Microsoft.EntityFrameworkCore.DbContext.SaveChangesAsync(Boolean acceptAllChangesOnSuccess, CancellationToken cancellationToken)
2026-04-19 19:14:23.316 +05:30 [ERR] SmsApi.Middleware.AuditLoggingMiddleware | CorrelationId:07826374639048ebbecad1865ce7cf3f | Failed to write audit log entry
Microsoft.EntityFrameworkCore.DbUpdateException: An error occurred while saving the entity changes. See the inner exception for details.
 ---> Npgsql.PostgresException (0x80004005): 23503: insert or update on table "AttendanceRecords" violates foreign key constraint "FK_AttendanceRecords_User_MarkedBy"

DETAIL: Detail redacted as it may contain sensitive data. Specify 'Include Error Detail' in the connection string to include this information.
   at Npgsql.Internal.NpgsqlConnector.ReadMessageLong(Boolean async, DataRowLoadingMode dataRowLoadingMode, Boolean readingNotifications, Boolean isReadingPrependedMessage)
   at System.Runtime.CompilerServices.PoolingAsyncValueTaskMethodBuilder`1.StateMachineBox`1.System.Threading.Tasks.Sources.IValueTaskSource<TResult>.GetResult(Int16 token)
   at Npgsql.NpgsqlDataReader.NextResult(Boolean async, Boolean isConsuming, CancellationToken cancellationToken)
   at Npgsql.NpgsqlDataReader.NextResult(Boolean async, Boolean isConsuming, CancellationToken cancellationToken)
   at Npgsql.NpgsqlCommand.ExecuteReader(Boolean async, CommandBehavior behavior, CancellationToken cancellationToken)
   at Npgsql.NpgsqlCommand.ExecuteReader(Boolean async, CommandBehavior behavior, CancellationToken cancellationToken)
   at Npgsql.NpgsqlCommand.ExecuteDbDataReaderAsync(CommandBehavior behavior, CancellationToken cancellationToken)
   at Microsoft.EntityFrameworkCore.Storage.RelationalCommand.ExecuteReaderAsync(RelationalCommandParameterObject parameterObject, CancellationToken cancellationToken)
   at Microsoft.EntityFrameworkCore.Storage.RelationalCommand.ExecuteReaderAsync(RelationalCommandParameterObject parameterObject, CancellationToken cancellationToken)
   at Microsoft.EntityFrameworkCore.Update.ReaderModificationCommandBatch.ExecuteAsync(IRelationalConnection connection, CancellationToken cancellationToken)
  Exception data:
    Severity: ERROR
    SqlState: 23503
    MessageText: insert or update on table "AttendanceRecords" violates foreign key constraint "FK_AttendanceRecords_User_MarkedBy"
    Detail: Detail redacted as it may contain sensitive data. Specify 'Include Error Detail' in the connection string to include this information.
    SchemaName: public
    TableName: AttendanceRecords
    ConstraintName: FK_AttendanceRecords_User_MarkedBy
    File: ri_triggers.c
    Line: 2783
    Routine: ri_ReportViolation
   --- End of inner exception stack trace ---
   at Microsoft.EntityFrameworkCore.Update.ReaderModificationCommandBatch.ExecuteAsync(IRelationalConnection connection, CancellationToken cancellationToken)
   at Microsoft.EntityFrameworkCore.Update.Internal.BatchExecutor.ExecuteAsync(IEnumerable`1 commandBatches, IRelationalConnection connection, CancellationToken cancellationToken)
   at Microsoft.EntityFrameworkCore.Update.Internal.BatchExecutor.ExecuteAsync(IEnumerable`1 commandBatches, IRelationalConnection connection, CancellationToken cancellationToken)
   at Microsoft.EntityFrameworkCore.Update.Internal.BatchExecutor.ExecuteAsync(IEnumerable`1 commandBatches, IRelationalConnection connection, CancellationToken cancellationToken)
   at Microsoft.EntityFrameworkCore.ChangeTracking.Internal.StateManager.SaveChangesAsync(IList`1 entriesToSave, CancellationToken cancellationToken)
   at Microsoft.EntityFrameworkCore.ChangeTracking.Internal.StateManager.SaveChangesAsync(StateManager stateManager, Boolean acceptAllChangesOnSuccess, CancellationToken cancellationToken)
   at Microsoft.EntityFrameworkCore.Storage.ExecutionStrategy.<>c__DisplayClass30_0`2.<<ExecuteAsync>b__0>d.MoveNext()
--- End of stack trace from previous location ---
   at Microsoft.EntityFrameworkCore.Storage.ExecutionStrategy.ExecuteImplementationAsync[TState,TResult](Func`4 operation, Func`4 verifySucceeded, TState state, CancellationToken cancellationToken)
   at Microsoft.EntityFrameworkCore.Storage.ExecutionStrategy.ExecuteImplementationAsync[TState,TResult](Func`4 operation, Func`4 verifySucceeded, TState state, CancellationToken cancellationToken)
   at Microsoft.EntityFrameworkCore.Storage.ExecutionStrategy.ExecuteAsync[TState,TResult](TState state, Func`4 operation, Func`4 verifySucceeded, CancellationToken cancellationToken)
   at Microsoft.EntityFrameworkCore.DbContext.SaveChangesAsync(Boolean acceptAllChangesOnSuccess, CancellationToken cancellationToken)
   at Microsoft.EntityFrameworkCore.DbContext.SaveChangesAsync(Boolean acceptAllChangesOnSuccess, CancellationToken cancellationToken)
   at SmsApi.Data.AppDbContext.SaveChangesAsync(CancellationToken cancellationToken) in C:\Vitana\Vitana Group\sms-api\Data\AppDbContext.cs:line 229
   at SmsApi.Middleware.AuditLoggingMiddleware.WriteAuditLog(HttpContext context, AppDbContext dbContext, String requestBody, Int64 durationMs, String exceptionMessage) in C:\Vitana\Vitana Group\sms-api\Middleware\AuditLoggingMiddleware.cs:line 112
2026-04-19 19:14:23.335 +05:30 [ERR] Serilog.AspNetCore.RequestLoggingMiddleware | CorrelationId:07826374639048ebbecad1865ce7cf3f | HTTP POST /api/Attendance/records responded 500 in 158.1893 ms
