2026-04-19 10:18:08.776 +05:30 [FTL]  | CorrelationId: | Application terminated unexpectedly
Microsoft.Extensions.Hosting.HostAbortedException: The host was aborted.
   at Microsoft.Extensions.Hosting.HostFactoryResolver.HostingListener.ThrowHostAborted()
   at Microsoft.Extensions.Hosting.HostFactoryResolver.HostingListener.OnNext(KeyValuePair`2 value)
   at System.Diagnostics.DiagnosticListener.Write(String name, Object value)
   at System.Diagnostics.DiagnosticSource.Write[T](String name, T value)
   at Microsoft.Extensions.Hosting.HostBuilder.ResolveHost(IServiceProvider serviceProvider, DiagnosticListener diagnosticListener)
   at Microsoft.Extensions.Hosting.HostApplicationBuilder.Build()
   at Microsoft.AspNetCore.Builder.WebApplicationBuilder.Build()
   at Program.<Main>$(String[] args) in C:\Vitana\Vitana Group\sms-api\Program.cs:line 315
2026-04-19 10:31:26.093 +05:30 [FTL]  | CorrelationId: | Application terminated unexpectedly
Microsoft.Extensions.Hosting.HostAbortedException: The host was aborted.
   at Microsoft.Extensions.Hosting.HostFactoryResolver.HostingListener.ThrowHostAborted()
   at Microsoft.Extensions.Hosting.HostFactoryResolver.HostingListener.OnNext(KeyValuePair`2 value)
   at System.Diagnostics.DiagnosticListener.Write(String name, Object value)
   at System.Diagnostics.DiagnosticSource.Write[T](String name, T value)
   at Microsoft.Extensions.Hosting.HostBuilder.ResolveHost(IServiceProvider serviceProvider, DiagnosticListener diagnosticListener)
   at Microsoft.Extensions.Hosting.HostApplicationBuilder.Build()
   at Microsoft.AspNetCore.Builder.WebApplicationBuilder.Build()
   at Program.<Main>$(String[] args) in C:\Vitana\Vitana Group\sms-api\Program.cs:line 373
2026-04-19 10:45:20.559 +05:30 [FTL]  | CorrelationId: | Application terminated unexpectedly
Microsoft.Extensions.Hosting.HostAbortedException: The host was aborted.
   at Microsoft.Extensions.Hosting.HostFactoryResolver.HostingListener.ThrowHostAborted()
   at Microsoft.Extensions.Hosting.HostFactoryResolver.HostingListener.OnNext(KeyValuePair`2 value)
   at System.Diagnostics.DiagnosticListener.Write(String name, Object value)
   at System.Diagnostics.DiagnosticSource.Write[T](String name, T value)
   at Microsoft.Extensions.Hosting.HostBuilder.ResolveHost(IServiceProvider serviceProvider, DiagnosticListener diagnosticListener)
   at Microsoft.Extensions.Hosting.HostApplicationBuilder.Build()
   at Microsoft.AspNetCore.Builder.WebApplicationBuilder.Build()
   at Program.<Main>$(String[] args) in C:\Vitana\Vitana Group\sms-api\Program.cs:line 375
2026-04-19 11:08:21.906 +05:30 [FTL]  | CorrelationId: | Application terminated unexpectedly
Microsoft.Extensions.Hosting.HostAbortedException: The host was aborted.
   at Microsoft.Extensions.Hosting.HostFactoryResolver.HostingListener.ThrowHostAborted()
   at Microsoft.Extensions.Hosting.HostFactoryResolver.HostingListener.OnNext(KeyValuePair`2 value)
   at System.Diagnostics.DiagnosticListener.Write(String name, Object value)
   at System.Diagnostics.DiagnosticSource.Write[T](String name, T value)
   at Microsoft.Extensions.Hosting.HostBuilder.ResolveHost(IServiceProvider serviceProvider, DiagnosticListener diagnosticListener)
   at Microsoft.Extensions.Hosting.HostApplicationBuilder.Build()
   at Microsoft.AspNetCore.Builder.WebApplicationBuilder.Build()
   at Program.<Main>$(String[] args) in C:\Vitana\Vitana Group\sms-api\Program.cs:line 404
2026-04-19 11:08:37.824 +05:30 [WRN] Microsoft.EntityFrameworkCore.Model.Validation | CorrelationId: | Entity 'Staff' has a global query filter defined and is the required end of a relationship with the entity 'Certificate'. This may lead to unexpected results when the required entity is filtered out. Either configure the navigation as optional, or define matching query filters for both entities in the navigation. See https://go.microsoft.com/fwlink/?linkid=2131316 for more information.
2026-04-19 11:08:37.859 +05:30 [WRN] Microsoft.EntityFrameworkCore.Model.Validation | CorrelationId: | Entity 'School' has a global query filter defined and is the required end of a relationship with the entity 'CertificateTemplate'. This may lead to unexpected results when the required entity is filtered out. Either configure the navigation as optional, or define matching query filters for both entities in the navigation. See https://go.microsoft.com/fwlink/?linkid=2131316 for more information.
2026-04-19 11:08:37.859 +05:30 [WRN] Microsoft.EntityFrameworkCore.Model.Validation | CorrelationId: | Entity 'School' has a global query filter defined and is the required end of a relationship with the entity 'Document'. This may lead to unexpected results when the required entity is filtered out. Either configure the navigation as optional, or define matching query filters for both entities in the navigation. See https://go.microsoft.com/fwlink/?linkid=2131316 for more information.
2026-04-19 11:08:37.859 +05:30 [WRN] Microsoft.EntityFrameworkCore.Model.Validation | CorrelationId: | Entity 'School' has a global query filter defined and is the required end of a relationship with the entity 'DocumentCategory'. This may lead to unexpected results when the required entity is filtered out. Either configure the navigation as optional, or define matching query filters for both entities in the navigation. See https://go.microsoft.com/fwlink/?linkid=2131316 for more information.
2026-04-19 11:08:37.859 +05:30 [WRN] Microsoft.EntityFrameworkCore.Model.Validation | CorrelationId: | Entity 'School' has a global query filter defined and is the required end of a relationship with the entity 'FeeAuditLog'. This may lead to unexpected results when the required entity is filtered out. Either configure the navigation as optional, or define matching query filters for both entities in the navigation. See https://go.microsoft.com/fwlink/?linkid=2131316 for more information.
2026-04-19 11:08:37.859 +05:30 [WRN] Microsoft.EntityFrameworkCore.Model.Validation | CorrelationId: | Entity 'School' has a global query filter defined and is the required end of a relationship with the entity 'Holiday'. This may lead to unexpected results when the required entity is filtered out. Either configure the navigation as optional, or define matching query filters for both entities in the navigation. See https://go.microsoft.com/fwlink/?linkid=2131316 for more information.
2026-04-19 11:08:37.859 +05:30 [WRN] Microsoft.EntityFrameworkCore.Model.Validation | CorrelationId: | Entity 'School' has a global query filter defined and is the required end of a relationship with the entity 'IDCard'. This may lead to unexpected results when the required entity is filtered out. Either configure the navigation as optional, or define matching query filters for both entities in the navigation. See https://go.microsoft.com/fwlink/?linkid=2131316 for more information.
2026-04-19 11:08:37.859 +05:30 [WRN] Microsoft.EntityFrameworkCore.Model.Validation | CorrelationId: | Entity 'School' has a global query filter defined and is the required end of a relationship with the entity 'IDCardTemplate'. This may lead to unexpected results when the required entity is filtered out. Either configure the navigation as optional, or define matching query filters for both entities in the navigation. See https://go.microsoft.com/fwlink/?linkid=2131316 for more information.
2026-04-19 11:08:37.859 +05:30 [WRN] Microsoft.EntityFrameworkCore.Model.Validation | CorrelationId: | Entity 'UserLogin' has a global query filter defined and is the required end of a relationship with the entity 'PasswordResetToken'. This may lead to unexpected results when the required entity is filtered out. Either configure the navigation as optional, or define matching query filters for both entities in the navigation. See https://go.microsoft.com/fwlink/?linkid=2131316 for more information.
2026-04-19 11:08:37.859 +05:30 [WRN] Microsoft.EntityFrameworkCore.Model.Validation | CorrelationId: | Entity 'School' has a global query filter defined and is the required end of a relationship with the entity 'PromotionHistory'. This may lead to unexpected results when the required entity is filtered out. Either configure the navigation as optional, or define matching query filters for both entities in the navigation. See https://go.microsoft.com/fwlink/?linkid=2131316 for more information.
2026-04-19 11:08:37.949 +05:30 [WRN] Microsoft.EntityFrameworkCore.Model.Validation | CorrelationId: | The foreign key property 'Staff.ReportingToId1' was created in shadow state because a conflicting property with the simple name 'ReportingToId' exists in the entity type, but is either not mapped, is already used for another relationship, or is incompatible with the associated primary key type. See https://aka.ms/efcore-relationships for information on mapping relationships in EF Core.
2026-04-19 11:08:41.178 +05:30 [INF] Program | CorrelationId: | Database migrations applied successfully.
2026-04-19 11:08:42.064 +05:30 [INF] Microsoft.Hosting.Lifetime | CorrelationId: | Now listening on: http://localhost:5092
2026-04-19 11:08:42.064 +05:30 [INF] Microsoft.Hosting.Lifetime | CorrelationId: | Application started. Press Ctrl+C to shut down.
2026-04-19 11:08:42.064 +05:30 [INF] Microsoft.Hosting.Lifetime | CorrelationId: | Hosting environment: Development
2026-04-19 11:08:42.064 +05:30 [INF] Microsoft.Hosting.Lifetime | CorrelationId: | Content root path: C:\Vitana\Vitana Group\sms-api
2026-04-19 11:53:13.440 +05:30 [WRN] Microsoft.EntityFrameworkCore.Model.Validation | CorrelationId: | Entity 'Staff' has a global query filter defined and is the required end of a relationship with the entity 'Certificate'. This may lead to unexpected results when the required entity is filtered out. Either configure the navigation as optional, or define matching query filters for both entities in the navigation. See https://go.microsoft.com/fwlink/?linkid=2131316 for more information.
2026-04-19 11:53:13.514 +05:30 [WRN] Microsoft.EntityFrameworkCore.Model.Validation | CorrelationId: | Entity 'School' has a global query filter defined and is the required end of a relationship with the entity 'CertificateTemplate'. This may lead to unexpected results when the required entity is filtered out. Either configure the navigation as optional, or define matching query filters for both entities in the navigation. See https://go.microsoft.com/fwlink/?linkid=2131316 for more information.
2026-04-19 11:53:13.515 +05:30 [WRN] Microsoft.EntityFrameworkCore.Model.Validation | CorrelationId: | Entity 'School' has a global query filter defined and is the required end of a relationship with the entity 'Document'. This may lead to unexpected results when the required entity is filtered out. Either configure the navigation as optional, or define matching query filters for both entities in the navigation. See https://go.microsoft.com/fwlink/?linkid=2131316 for more information.
2026-04-19 11:53:13.515 +05:30 [WRN] Microsoft.EntityFrameworkCore.Model.Validation | CorrelationId: | Entity 'School' has a global query filter defined and is the required end of a relationship with the entity 'DocumentCategory'. This may lead to unexpected results when the required entity is filtered out. Either configure the navigation as optional, or define matching query filters for both entities in the navigation. See https://go.microsoft.com/fwlink/?linkid=2131316 for more information.
2026-04-19 11:53:13.515 +05:30 [WRN] Microsoft.EntityFrameworkCore.Model.Validation | CorrelationId: | Entity 'School' has a global query filter defined and is the required end of a relationship with the entity 'FeeAuditLog'. This may lead to unexpected results when the required entity is filtered out. Either configure the navigation as optional, or define matching query filters for both entities in the navigation. See https://go.microsoft.com/fwlink/?linkid=2131316 for more information.
2026-04-19 11:53:13.515 +05:30 [WRN] Microsoft.EntityFrameworkCore.Model.Validation | CorrelationId: | Entity 'School' has a global query filter defined and is the required end of a relationship with the entity 'Holiday'. This may lead to unexpected results when the required entity is filtered out. Either configure the navigation as optional, or define matching query filters for both entities in the navigation. See https://go.microsoft.com/fwlink/?linkid=2131316 for more information.
2026-04-19 11:53:13.515 +05:30 [WRN] Microsoft.EntityFrameworkCore.Model.Validation | CorrelationId: | Entity 'School' has a global query filter defined and is the required end of a relationship with the entity 'IDCard'. This may lead to unexpected results when the required entity is filtered out. Either configure the navigation as optional, or define matching query filters for both entities in the navigation. See https://go.microsoft.com/fwlink/?linkid=2131316 for more information.
2026-04-19 11:53:13.515 +05:30 [WRN] Microsoft.EntityFrameworkCore.Model.Validation | CorrelationId: | Entity 'School' has a global query filter defined and is the required end of a relationship with the entity 'IDCardTemplate'. This may lead to unexpected results when the required entity is filtered out. Either configure the navigation as optional, or define matching query filters for both entities in the navigation. See https://go.microsoft.com/fwlink/?linkid=2131316 for more information.
2026-04-19 11:53:13.516 +05:30 [WRN] Microsoft.EntityFrameworkCore.Model.Validation | CorrelationId: | Entity 'UserLogin' has a global query filter defined and is the required end of a relationship with the entity 'PasswordResetToken'. This may lead to unexpected results when the required entity is filtered out. Either configure the navigation as optional, or define matching query filters for both entities in the navigation. See https://go.microsoft.com/fwlink/?linkid=2131316 for more information.
2026-04-19 11:53:13.516 +05:30 [WRN] Microsoft.EntityFrameworkCore.Model.Validation | CorrelationId: | Entity 'School' has a global query filter defined and is the required end of a relationship with the entity 'PromotionHistory'. This may lead to unexpected results when the required entity is filtered out. Either configure the navigation as optional, or define matching query filters for both entities in the navigation. See https://go.microsoft.com/fwlink/?linkid=2131316 for more information.
2026-04-19 11:53:13.649 +05:30 [WRN] Microsoft.EntityFrameworkCore.Model.Validation | CorrelationId: | The foreign key property 'Staff.ReportingToId1' was created in shadow state because a conflicting property with the simple name 'ReportingToId' exists in the entity type, but is either not mapped, is already used for another relationship, or is incompatible with the associated primary key type. See https://aka.ms/efcore-relationships for information on mapping relationships in EF Core.
2026-04-19 11:53:14.981 +05:30 [INF] Program | CorrelationId: | Database migrations applied successfully.
2026-04-19 11:53:16.065 +05:30 [INF] Microsoft.Hosting.Lifetime | CorrelationId: | Now listening on: http://localhost:5092
2026-04-19 11:53:16.065 +05:30 [INF] Microsoft.Hosting.Lifetime | CorrelationId: | Application started. Press Ctrl+C to shut down.
2026-04-19 11:53:16.065 +05:30 [INF] Microsoft.Hosting.Lifetime | CorrelationId: | Hosting environment: Development
2026-04-19 11:53:16.065 +05:30 [INF] Microsoft.Hosting.Lifetime | CorrelationId: | Content root path: C:\Vitana\Vitana Group\sms-api
2026-04-19 11:58:30.840 +05:30 [INF]  | CorrelationId: | Using distributed in-memory cache (development only)
2026-04-19 11:58:33.484 +05:30 [WRN] Microsoft.EntityFrameworkCore.Model.Validation | CorrelationId: | Entity 'Staff' has a global query filter defined and is the required end of a relationship with the entity 'Certificate'. This may lead to unexpected results when the required entity is filtered out. Either configure the navigation as optional, or define matching query filters for both entities in the navigation. See https://go.microsoft.com/fwlink/?linkid=2131316 for more information.
2026-04-19 11:58:33.487 +05:30 [WRN] Microsoft.EntityFrameworkCore.Model.Validation | CorrelationId: | Entity 'School' has a global query filter defined and is the required end of a relationship with the entity 'CertificateTemplate'. This may lead to unexpected results when the required entity is filtered out. Either configure the navigation as optional, or define matching query filters for both entities in the navigation. See https://go.microsoft.com/fwlink/?linkid=2131316 for more information.
2026-04-19 11:58:33.487 +05:30 [WRN] Microsoft.EntityFrameworkCore.Model.Validation | CorrelationId: | Entity 'School' has a global query filter defined and is the required end of a relationship with the entity 'Document'. This may lead to unexpected results when the required entity is filtered out. Either configure the navigation as optional, or define matching query filters for both entities in the navigation. See https://go.microsoft.com/fwlink/?linkid=2131316 for more information.
2026-04-19 11:58:33.487 +05:30 [WRN] Microsoft.EntityFrameworkCore.Model.Validation | CorrelationId: | Entity 'School' has a global query filter defined and is the required end of a relationship with the entity 'DocumentCategory'. This may lead to unexpected results when the required entity is filtered out. Either configure the navigation as optional, or define matching query filters for both entities in the navigation. See https://go.microsoft.com/fwlink/?linkid=2131316 for more information.
2026-04-19 11:58:33.487 +05:30 [WRN] Microsoft.EntityFrameworkCore.Model.Validation | CorrelationId: | Entity 'School' has a global query filter defined and is the required end of a relationship with the entity 'FeeAuditLog'. This may lead to unexpected results when the required entity is filtered out. Either configure the navigation as optional, or define matching query filters for both entities in the navigation. See https://go.microsoft.com/fwlink/?linkid=2131316 for more information.
2026-04-19 11:58:33.488 +05:30 [WRN] Microsoft.EntityFrameworkCore.Model.Validation | CorrelationId: | Entity 'School' has a global query filter defined and is the required end of a relationship with the entity 'Holiday'. This may lead to unexpected results when the required entity is filtered out. Either configure the navigation as optional, or define matching query filters for both entities in the navigation. See https://go.microsoft.com/fwlink/?linkid=2131316 for more information.
2026-04-19 11:58:33.488 +05:30 [WRN] Microsoft.EntityFrameworkCore.Model.Validation | CorrelationId: | Entity 'School' has a global query filter defined and is the required end of a relationship with the entity 'IDCard'. This may lead to unexpected results when the required entity is filtered out. Either configure the navigation as optional, or define matching query filters for both entities in the navigation. See https://go.microsoft.com/fwlink/?linkid=2131316 for more information.
2026-04-19 11:58:33.488 +05:30 [WRN] Microsoft.EntityFrameworkCore.Model.Validation | CorrelationId: | Entity 'School' has a global query filter defined and is the required end of a relationship with the entity 'IDCardTemplate'. This may lead to unexpected results when the required entity is filtered out. Either configure the navigation as optional, or define matching query filters for both entities in the navigation. See https://go.microsoft.com/fwlink/?linkid=2131316 for more information.
2026-04-19 11:58:33.489 +05:30 [WRN] Microsoft.EntityFrameworkCore.Model.Validation | CorrelationId: | Entity 'UserLogin' has a global query filter defined and is the required end of a relationship with the entity 'PasswordResetToken'. This may lead to unexpected results when the required entity is filtered out. Either configure the navigation as optional, or define matching query filters for both entities in the navigation. See https://go.microsoft.com/fwlink/?linkid=2131316 for more information.
2026-04-19 11:58:33.489 +05:30 [WRN] Microsoft.EntityFrameworkCore.Model.Validation | CorrelationId: | Entity 'School' has a global query filter defined and is the required end of a relationship with the entity 'PromotionHistory'. This may lead to unexpected results when the required entity is filtered out. Either configure the navigation as optional, or define matching query filters for both entities in the navigation. See https://go.microsoft.com/fwlink/?linkid=2131316 for more information.
2026-04-19 11:58:33.592 +05:30 [WRN] Microsoft.EntityFrameworkCore.Model.Validation | CorrelationId: | The foreign key property 'Staff.ReportingToId1' was created in shadow state because a conflicting property with the simple name 'ReportingToId' exists in the entity type, but is either not mapped, is already used for another relationship, or is incompatible with the associated primary key type. See https://aka.ms/efcore-relationships for information on mapping relationships in EF Core.
2026-04-19 11:58:36.696 +05:30 [INF] Program | CorrelationId: | Database migrations applied successfully.
2026-04-19 11:58:37.716 +05:30 [INF] Microsoft.Hosting.Lifetime | CorrelationId: | Now listening on: http://localhost:5092
2026-04-19 11:58:37.716 +05:30 [INF] Microsoft.Hosting.Lifetime | CorrelationId: | Application started. Press Ctrl+C to shut down.
2026-04-19 11:58:37.716 +05:30 [INF] Microsoft.Hosting.Lifetime | CorrelationId: | Hosting environment: Development
2026-04-19 11:58:37.716 +05:30 [INF] Microsoft.Hosting.Lifetime | CorrelationId: | Content root path: C:\Vitana\Vitana Group\sms-api
2026-04-19 11:58:49.718 +05:30 [INF] Serilog.AspNetCore.RequestLoggingMiddleware | CorrelationId:d6e05aaa50d243c09603ff6417f02e86 | HTTP OPTIONS /api/academics/academic-years responded 204 in 19.2215 ms
2026-04-19 11:58:49.718 +05:30 [INF] Serilog.AspNetCore.RequestLoggingMiddleware | CorrelationId:1c28d59bda204d29a3def5cd0fe68949 | HTTP OPTIONS /api/academics/academic-years responded 204 in 21.5573 ms
2026-04-19 11:58:49.813 +05:30 [WRN] Microsoft.AspNetCore.HttpsPolicy.HttpsRedirectionMiddleware | CorrelationId:182d421a67f949f49b67b52f46625abc | Failed to determine the https port for redirect.
2026-04-19 12:00:11.133 +05:30 [INF]  | CorrelationId: | Using distributed in-memory cache (development only)
2026-04-19 12:00:13.085 +05:30 [WRN] Microsoft.EntityFrameworkCore.Model.Validation | CorrelationId: | Entity 'Staff' has a global query filter defined and is the required end of a relationship with the entity 'Certificate'. This may lead to unexpected results when the required entity is filtered out. Either configure the navigation as optional, or define matching query filters for both entities in the navigation. See https://go.microsoft.com/fwlink/?linkid=2131316 for more information.
2026-04-19 12:00:13.087 +05:30 [WRN] Microsoft.EntityFrameworkCore.Model.Validation | CorrelationId: | Entity 'School' has a global query filter defined and is the required end of a relationship with the entity 'CertificateTemplate'. This may lead to unexpected results when the required entity is filtered out. Either configure the navigation as optional, or define matching query filters for both entities in the navigation. See https://go.microsoft.com/fwlink/?linkid=2131316 for more information.
2026-04-19 12:00:13.088 +05:30 [WRN] Microsoft.EntityFrameworkCore.Model.Validation | CorrelationId: | Entity 'School' has a global query filter defined and is the required end of a relationship with the entity 'Document'. This may lead to unexpected results when the required entity is filtered out. Either configure the navigation as optional, or define matching query filters for both entities in the navigation. See https://go.microsoft.com/fwlink/?linkid=2131316 for more information.
2026-04-19 12:00:13.088 +05:30 [WRN] Microsoft.EntityFrameworkCore.Model.Validation | CorrelationId: | Entity 'School' has a global query filter defined and is the required end of a relationship with the entity 'DocumentCategory'. This may lead to unexpected results when the required entity is filtered out. Either configure the navigation as optional, or define matching query filters for both entities in the navigation. See https://go.microsoft.com/fwlink/?linkid=2131316 for more information.
2026-04-19 12:00:13.088 +05:30 [WRN] Microsoft.EntityFrameworkCore.Model.Validation | CorrelationId: | Entity 'School' has a global query filter defined and is the required end of a relationship with the entity 'FeeAuditLog'. This may lead to unexpected results when the required entity is filtered out. Either configure the navigation as optional, or define matching query filters for both entities in the navigation. See https://go.microsoft.com/fwlink/?linkid=2131316 for more information.
2026-04-19 12:00:13.088 +05:30 [WRN] Microsoft.EntityFrameworkCore.Model.Validation | CorrelationId: | Entity 'School' has a global query filter defined and is the required end of a relationship with the entity 'Holiday'. This may lead to unexpected results when the required entity is filtered out. Either configure the navigation as optional, or define matching query filters for both entities in the navigation. See https://go.microsoft.com/fwlink/?linkid=2131316 for more information.
2026-04-19 12:00:13.089 +05:30 [WRN] Microsoft.EntityFrameworkCore.Model.Validation | CorrelationId: | Entity 'School' has a global query filter defined and is the required end of a relationship with the entity 'IDCard'. This may lead to unexpected results when the required entity is filtered out. Either configure the navigation as optional, or define matching query filters for both entities in the navigation. See https://go.microsoft.com/fwlink/?linkid=2131316 for more information.
2026-04-19 12:00:13.089 +05:30 [WRN] Microsoft.EntityFrameworkCore.Model.Validation | CorrelationId: | Entity 'School' has a global query filter defined and is the required end of a relationship with the entity 'IDCardTemplate'. This may lead to unexpected results when the required entity is filtered out. Either configure the navigation as optional, or define matching query filters for both entities in the navigation. See https://go.microsoft.com/fwlink/?linkid=2131316 for more information.
2026-04-19 12:00:13.089 +05:30 [WRN] Microsoft.EntityFrameworkCore.Model.Validation | CorrelationId: | Entity 'UserLogin' has a global query filter defined and is the required end of a relationship with the entity 'PasswordResetToken'. This may lead to unexpected results when the required entity is filtered out. Either configure the navigation as optional, or define matching query filters for both entities in the navigation. See https://go.microsoft.com/fwlink/?linkid=2131316 for more information.
2026-04-19 12:00:13.090 +05:30 [WRN] Microsoft.EntityFrameworkCore.Model.Validation | CorrelationId: | Entity 'School' has a global query filter defined and is the required end of a relationship with the entity 'PromotionHistory'. This may lead to unexpected results when the required entity is filtered out. Either configure the navigation as optional, or define matching query filters for both entities in the navigation. See https://go.microsoft.com/fwlink/?linkid=2131316 for more information.
2026-04-19 12:00:13.172 +05:30 [WRN] Microsoft.EntityFrameworkCore.Model.Validation | CorrelationId: | The foreign key property 'Staff.ReportingToId1' was created in shadow state because a conflicting property with the simple name 'ReportingToId' exists in the entity type, but is either not mapped, is already used for another relationship, or is incompatible with the associated primary key type. See https://aka.ms/efcore-relationships for information on mapping relationships in EF Core.
2026-04-19 12:00:14.151 +05:30 [INF] Program | CorrelationId: | Database migrations applied successfully.
2026-04-19 12:00:14.914 +05:30 [INF] Microsoft.Hosting.Lifetime | CorrelationId: | Now listening on: http://localhost:5092
2026-04-19 12:00:14.914 +05:30 [INF] Microsoft.Hosting.Lifetime | CorrelationId: | Application started. Press Ctrl+C to shut down.
2026-04-19 12:00:14.914 +05:30 [INF] Microsoft.Hosting.Lifetime | CorrelationId: | Hosting environment: Development
2026-04-19 12:00:14.914 +05:30 [INF] Microsoft.Hosting.Lifetime | CorrelationId: | Content root path: C:\Vitana\Vitana Group\sms-api
2026-04-19 12:01:11.741 +05:30 [WRN] Microsoft.AspNetCore.HttpsPolicy.HttpsRedirectionMiddleware | CorrelationId:d0a1f4bcd6c543d086904a30211bdf1d | Failed to determine the https port for redirect.
2026-04-19 12:01:12.023 +05:30 [INF] Serilog.AspNetCore.RequestLoggingMiddleware | CorrelationId:d0a1f4bcd6c543d086904a30211bdf1d | HTTP POST /api/auth/login responded 400 in 289.8940 ms
2026-04-19 12:03:19.311 +05:30 [INF]  | CorrelationId: | Using distributed in-memory cache (development only)
2026-04-19 12:03:21.094 +05:30 [WRN] Microsoft.EntityFrameworkCore.Model.Validation | CorrelationId: | Entity 'Staff' has a global query filter defined and is the required end of a relationship with the entity 'Certificate'. This may lead to unexpected results when the required entity is filtered out. Either configure the navigation as optional, or define matching query filters for both entities in the navigation. See https://go.microsoft.com/fwlink/?linkid=2131316 for more information.
2026-04-19 12:03:21.099 +05:30 [WRN] Microsoft.EntityFrameworkCore.Model.Validation | CorrelationId: | Entity 'School' has a global query filter defined and is the required end of a relationship with the entity 'CertificateTemplate'. This may lead to unexpected results when the required entity is filtered out. Either configure the navigation as optional, or define matching query filters for both entities in the navigation. See https://go.microsoft.com/fwlink/?linkid=2131316 for more information.
2026-04-19 12:03:21.100 +05:30 [WRN] Microsoft.EntityFrameworkCore.Model.Validation | CorrelationId: | Entity 'School' has a global query filter defined and is the required end of a relationship with the entity 'Document'. This may lead to unexpected results when the required entity is filtered out. Either configure the navigation as optional, or define matching query filters for both entities in the navigation. See https://go.microsoft.com/fwlink/?linkid=2131316 for more information.
2026-04-19 12:03:21.100 +05:30 [WRN] Microsoft.EntityFrameworkCore.Model.Validation | CorrelationId: | Entity 'School' has a global query filter defined and is the required end of a relationship with the entity 'DocumentCategory'. This may lead to unexpected results when the required entity is filtered out. Either configure the navigation as optional, or define matching query filters for both entities in the navigation. See https://go.microsoft.com/fwlink/?linkid=2131316 for more information.
2026-04-19 12:03:21.100 +05:30 [WRN] Microsoft.EntityFrameworkCore.Model.Validation | CorrelationId: | Entity 'School' has a global query filter defined and is the required end of a relationship with the entity 'FeeAuditLog'. This may lead to unexpected results when the required entity is filtered out. Either configure the navigation as optional, or define matching query filters for both entities in the navigation. See https://go.microsoft.com/fwlink/?linkid=2131316 for more information.
2026-04-19 12:03:21.101 +05:30 [WRN] Microsoft.EntityFrameworkCore.Model.Validation | CorrelationId: | Entity 'School' has a global query filter defined and is the required end of a relationship with the entity 'Holiday'. This may lead to unexpected results when the required entity is filtered out. Either configure the navigation as optional, or define matching query filters for both entities in the navigation. See https://go.microsoft.com/fwlink/?linkid=2131316 for more information.
2026-04-19 12:03:21.101 +05:30 [WRN] Microsoft.EntityFrameworkCore.Model.Validation | CorrelationId: | Entity 'School' has a global query filter defined and is the required end of a relationship with the entity 'IDCard'. This may lead to unexpected results when the required entity is filtered out. Either configure the navigation as optional, or define matching query filters for both entities in the navigation. See https://go.microsoft.com/fwlink/?linkid=2131316 for more information.
2026-04-19 12:03:21.101 +05:30 [WRN] Microsoft.EntityFrameworkCore.Model.Validation | CorrelationId: | Entity 'School' has a global query filter defined and is the required end of a relationship with the entity 'IDCardTemplate'. This may lead to unexpected results when the required entity is filtered out. Either configure the navigation as optional, or define matching query filters for both entities in the navigation. See https://go.microsoft.com/fwlink/?linkid=2131316 for more information.
2026-04-19 12:03:21.102 +05:30 [WRN] Microsoft.EntityFrameworkCore.Model.Validation | CorrelationId: | Entity 'UserLogin' has a global query filter defined and is the required end of a relationship with the entity 'PasswordResetToken'. This may lead to unexpected results when the required entity is filtered out. Either configure the navigation as optional, or define matching query filters for both entities in the navigation. See https://go.microsoft.com/fwlink/?linkid=2131316 for more information.
2026-04-19 12:03:21.103 +05:30 [WRN] Microsoft.EntityFrameworkCore.Model.Validation | CorrelationId: | Entity 'School' has a global query filter defined and is the required end of a relationship with the entity 'PromotionHistory'. This may lead to unexpected results when the required entity is filtered out. Either configure the navigation as optional, or define matching query filters for both entities in the navigation. See https://go.microsoft.com/fwlink/?linkid=2131316 for more information.
2026-04-19 12:03:21.200 +05:30 [WRN] Microsoft.EntityFrameworkCore.Model.Validation | CorrelationId: | The foreign key property 'Staff.ReportingToId1' was created in shadow state because a conflicting property with the simple name 'ReportingToId' exists in the entity type, but is either not mapped, is already used for another relationship, or is incompatible with the associated primary key type. See https://aka.ms/efcore-relationships for information on mapping relationships in EF Core.
2026-04-19 12:03:22.143 +05:30 [INF] Program | CorrelationId: | Database migrations applied successfully.
2026-04-19 12:03:22.923 +05:30 [INF] Microsoft.Hosting.Lifetime | CorrelationId: | Now listening on: http://localhost:5092
2026-04-19 12:03:22.924 +05:30 [INF] Microsoft.Hosting.Lifetime | CorrelationId: | Application started. Press Ctrl+C to shut down.
2026-04-19 12:03:22.924 +05:30 [INF] Microsoft.Hosting.Lifetime | CorrelationId: | Hosting environment: Development
2026-04-19 12:03:22.924 +05:30 [INF] Microsoft.Hosting.Lifetime | CorrelationId: | Content root path: C:\Vitana\Vitana Group\sms-api
2026-04-19 12:03:44.409 +05:30 [WRN] Microsoft.AspNetCore.HttpsPolicy.HttpsRedirectionMiddleware | CorrelationId:180601dd10c54902a84a8e2fd46f6825 | Failed to determine the https port for redirect.
2026-04-19 12:03:44.478 +05:30 [INF] SmsApi.Middleware.LoggingActionFilter | CorrelationId:180601dd10c54902a84a8e2fd46f6825 | API Request: POST /api/auth/login | User: Unknown | School: Unknown
2026-04-19 12:05:06.154 +05:30 [INF]  | CorrelationId: | Using distributed in-memory cache (development only)
2026-04-19 12:05:07.954 +05:30 [WRN] Microsoft.EntityFrameworkCore.Model.Validation | CorrelationId: | Entity 'Staff' has a global query filter defined and is the required end of a relationship with the entity 'Certificate'. This may lead to unexpected results when the required entity is filtered out. Either configure the navigation as optional, or define matching query filters for both entities in the navigation. See https://go.microsoft.com/fwlink/?linkid=2131316 for more information.
2026-04-19 12:05:07.955 +05:30 [WRN] Microsoft.EntityFrameworkCore.Model.Validation | CorrelationId: | Entity 'School' has a global query filter defined and is the required end of a relationship with the entity 'CertificateTemplate'. This may lead to unexpected results when the required entity is filtered out. Either configure the navigation as optional, or define matching query filters for both entities in the navigation. See https://go.microsoft.com/fwlink/?linkid=2131316 for more information.
2026-04-19 12:05:07.955 +05:30 [WRN] Microsoft.EntityFrameworkCore.Model.Validation | CorrelationId: | Entity 'School' has a global query filter defined and is the required end of a relationship with the entity 'Document'. This may lead to unexpected results when the required entity is filtered out. Either configure the navigation as optional, or define matching query filters for both entities in the navigation. See https://go.microsoft.com/fwlink/?linkid=2131316 for more information.
2026-04-19 12:05:07.955 +05:30 [WRN] Microsoft.EntityFrameworkCore.Model.Validation | CorrelationId: | Entity 'School' has a global query filter defined and is the required end of a relationship with the entity 'DocumentCategory'. This may lead to unexpected results when the required entity is filtered out. Either configure the navigation as optional, or define matching query filters for both entities in the navigation. See https://go.microsoft.com/fwlink/?linkid=2131316 for more information.
2026-04-19 12:05:07.955 +05:30 [WRN] Microsoft.EntityFrameworkCore.Model.Validation | CorrelationId: | Entity 'School' has a global query filter defined and is the required end of a relationship with the entity 'FeeAuditLog'. This may lead to unexpected results when the required entity is filtered out. Either configure the navigation as optional, or define matching query filters for both entities in the navigation. See https://go.microsoft.com/fwlink/?linkid=2131316 for more information.
2026-04-19 12:05:07.956 +05:30 [WRN] Microsoft.EntityFrameworkCore.Model.Validation | CorrelationId: | Entity 'School' has a global query filter defined and is the required end of a relationship with the entity 'Holiday'. This may lead to unexpected results when the required entity is filtered out. Either configure the navigation as optional, or define matching query filters for both entities in the navigation. See https://go.microsoft.com/fwlink/?linkid=2131316 for more information.
2026-04-19 12:05:07.956 +05:30 [WRN] Microsoft.EntityFrameworkCore.Model.Validation | CorrelationId: | Entity 'School' has a global query filter defined and is the required end of a relationship with the entity 'IDCard'. This may lead to unexpected results when the required entity is filtered out. Either configure the navigation as optional, or define matching query filters for both entities in the navigation. See https://go.microsoft.com/fwlink/?linkid=2131316 for more information.
2026-04-19 12:05:07.956 +05:30 [WRN] Microsoft.EntityFrameworkCore.Model.Validation | CorrelationId: | Entity 'School' has a global query filter defined and is the required end of a relationship with the entity 'IDCardTemplate'. This may lead to unexpected results when the required entity is filtered out. Either configure the navigation as optional, or define matching query filters for both entities in the navigation. See https://go.microsoft.com/fwlink/?linkid=2131316 for more information.
2026-04-19 12:05:07.956 +05:30 [WRN] Microsoft.EntityFrameworkCore.Model.Validation | CorrelationId: | Entity 'UserLogin' has a global query filter defined and is the required end of a relationship with the entity 'PasswordResetToken'. This may lead to unexpected results when the required entity is filtered out. Either configure the navigation as optional, or define matching query filters for both entities in the navigation. See https://go.microsoft.com/fwlink/?linkid=2131316 for more information.
2026-04-19 12:05:07.957 +05:30 [WRN] Microsoft.EntityFrameworkCore.Model.Validation | CorrelationId: | Entity 'School' has a global query filter defined and is the required end of a relationship with the entity 'PromotionHistory'. This may lead to unexpected results when the required entity is filtered out. Either configure the navigation as optional, or define matching query filters for both entities in the navigation. See https://go.microsoft.com/fwlink/?linkid=2131316 for more information.
2026-04-19 12:05:08.071 +05:30 [WRN] Microsoft.EntityFrameworkCore.Model.Validation | CorrelationId: | The foreign key property 'Staff.ReportingToId1' was created in shadow state because a conflicting property with the simple name 'ReportingToId' exists in the entity type, but is either not mapped, is already used for another relationship, or is incompatible with the associated primary key type. See https://aka.ms/efcore-relationships for information on mapping relationships in EF Core.
2026-04-19 12:05:09.284 +05:30 [INF] Program | CorrelationId: | Database migrations applied successfully.
2026-04-19 12:05:10.064 +05:30 [INF] Microsoft.Hosting.Lifetime | CorrelationId: | Now listening on: http://localhost:5092
2026-04-19 12:05:10.064 +05:30 [INF] Microsoft.Hosting.Lifetime | CorrelationId: | Application started. Press Ctrl+C to shut down.
2026-04-19 12:05:10.064 +05:30 [INF] Microsoft.Hosting.Lifetime | CorrelationId: | Hosting environment: Development
2026-04-19 12:05:10.064 +05:30 [INF] Microsoft.Hosting.Lifetime | CorrelationId: | Content root path: C:\Vitana\Vitana Group\sms-api
2026-04-19 12:05:31.176 +05:30 [WRN] Microsoft.AspNetCore.HttpsPolicy.HttpsRedirectionMiddleware | CorrelationId:f51426450e1c4006837a462eae7b5a91 | Failed to determine the https port for redirect.
2026-04-19 12:05:31.239 +05:30 [INF] SmsApi.Middleware.LoggingActionFilter | CorrelationId:f51426450e1c4006837a462eae7b5a91 | API Request: POST /api/auth/login | User: Unknown | School: Unknown
2026-04-19 12:05:32.304 +05:30 [INF] SmsApi.Controllers.AuthController | CorrelationId:f51426450e1c4006837a462eae7b5a91 | Login successful for admin (SchoolId: "550e8400-e29b-41d4-a716-446655440000")
2026-04-19 12:05:32.307 +05:30 [INF] SmsApi.Middleware.LoggingActionFilter | CorrelationId:f51426450e1c4006837a462eae7b5a91 | API Response: POST /api/auth/login | Status: 200 | Duration: 1068ms
2026-04-19 12:05:32.403 +05:30 [INF] Serilog.AspNetCore.RequestLoggingMiddleware | CorrelationId:f51426450e1c4006837a462eae7b5a91 | HTTP POST /api/auth/login responded 200 in 1235.9158 ms
2026-04-19 12:06:20.086 +05:30 [INF]  | CorrelationId: | Using distributed in-memory cache (development only)
2026-04-19 12:06:21.775 +05:30 [WRN] Microsoft.EntityFrameworkCore.Model.Validation | CorrelationId: | Entity 'Staff' has a global query filter defined and is the required end of a relationship with the entity 'Certificate'. This may lead to unexpected results when the required entity is filtered out. Either configure the navigation as optional, or define matching query filters for both entities in the navigation. See https://go.microsoft.com/fwlink/?linkid=2131316 for more information.
2026-04-19 12:06:21.780 +05:30 [WRN] Microsoft.EntityFrameworkCore.Model.Validation | CorrelationId: | Entity 'School' has a global query filter defined and is the required end of a relationship with the entity 'CertificateTemplate'. This may lead to unexpected results when the required entity is filtered out. Either configure the navigation as optional, or define matching query filters for both entities in the navigation. See https://go.microsoft.com/fwlink/?linkid=2131316 for more information.
2026-04-19 12:06:21.784 +05:30 [WRN] Microsoft.EntityFrameworkCore.Model.Validation | CorrelationId: | Entity 'School' has a global query filter defined and is the required end of a relationship with the entity 'Document'. This may lead to unexpected results when the required entity is filtered out. Either configure the navigation as optional, or define matching query filters for both entities in the navigation. See https://go.microsoft.com/fwlink/?linkid=2131316 for more information.
2026-04-19 12:06:21.787 +05:30 [WRN] Microsoft.EntityFrameworkCore.Model.Validation | CorrelationId: | Entity 'School' has a global query filter defined and is the required end of a relationship with the entity 'DocumentCategory'. This may lead to unexpected results when the required entity is filtered out. Either configure the navigation as optional, or define matching query filters for both entities in the navigation. See https://go.microsoft.com/fwlink/?linkid=2131316 for more information.
2026-04-19 12:06:21.793 +05:30 [WRN] Microsoft.EntityFrameworkCore.Model.Validation | CorrelationId: | Entity 'School' has a global query filter defined and is the required end of a relationship with the entity 'FeeAuditLog'. This may lead to unexpected results when the required entity is filtered out. Either configure the navigation as optional, or define matching query filters for both entities in the navigation. See https://go.microsoft.com/fwlink/?linkid=2131316 for more information.
2026-04-19 12:06:21.795 +05:30 [WRN] Microsoft.EntityFrameworkCore.Model.Validation | CorrelationId: | Entity 'School' has a global query filter defined and is the required end of a relationship with the entity 'Holiday'. This may lead to unexpected results when the required entity is filtered out. Either configure the navigation as optional, or define matching query filters for both entities in the navigation. See https://go.microsoft.com/fwlink/?linkid=2131316 for more information.
2026-04-19 12:06:21.803 +05:30 [WRN] Microsoft.EntityFrameworkCore.Model.Validation | CorrelationId: | Entity 'School' has a global query filter defined and is the required end of a relationship with the entity 'IDCard'. This may lead to unexpected results when the required entity is filtered out. Either configure the navigation as optional, or define matching query filters for both entities in the navigation. See https://go.microsoft.com/fwlink/?linkid=2131316 for more information.
2026-04-19 12:06:21.804 +05:30 [WRN] Microsoft.EntityFrameworkCore.Model.Validation | CorrelationId: | Entity 'School' has a global query filter defined and is the required end of a relationship with the entity 'IDCardTemplate'. This may lead to unexpected results when the required entity is filtered out. Either configure the navigation as optional, or define matching query filters for both entities in the navigation. See https://go.microsoft.com/fwlink/?linkid=2131316 for more information.
2026-04-19 12:06:21.807 +05:30 [WRN] Microsoft.EntityFrameworkCore.Model.Validation | CorrelationId: | Entity 'UserLogin' has a global query filter defined and is the required end of a relationship with the entity 'PasswordResetToken'. This may lead to unexpected results when the required entity is filtered out. Either configure the navigation as optional, or define matching query filters for both entities in the navigation. See https://go.microsoft.com/fwlink/?linkid=2131316 for more information.
2026-04-19 12:06:21.810 +05:30 [WRN] Microsoft.EntityFrameworkCore.Model.Validation | CorrelationId: | Entity 'School' has a global query filter defined and is the required end of a relationship with the entity 'PromotionHistory'. This may lead to unexpected results when the required entity is filtered out. Either configure the navigation as optional, or define matching query filters for both entities in the navigation. See https://go.microsoft.com/fwlink/?linkid=2131316 for more information.
2026-04-19 12:06:21.897 +05:30 [WRN] Microsoft.EntityFrameworkCore.Model.Validation | CorrelationId: | The foreign key property 'Staff.ReportingToId1' was created in shadow state because a conflicting property with the simple name 'ReportingToId' exists in the entity type, but is either not mapped, is already used for another relationship, or is incompatible with the associated primary key type. See https://aka.ms/efcore-relationships for information on mapping relationships in EF Core.
2026-04-19 12:06:23.035 +05:30 [INF] Program | CorrelationId: | Database migrations applied successfully.
2026-04-19 12:06:23.780 +05:30 [INF] Microsoft.Hosting.Lifetime | CorrelationId: | Now listening on: http://localhost:5092
2026-04-19 12:06:23.781 +05:30 [INF] Microsoft.Hosting.Lifetime | CorrelationId: | Application started. Press Ctrl+C to shut down.
2026-04-19 12:06:23.783 +05:30 [INF] Microsoft.Hosting.Lifetime | CorrelationId: | Hosting environment: Development
2026-04-19 12:06:23.785 +05:30 [INF] Microsoft.Hosting.Lifetime | CorrelationId: | Content root path: C:\Vitana\Vitana Group\sms-api
2026-04-19 12:06:33.424 +05:30 [WRN] Microsoft.AspNetCore.HttpsPolicy.HttpsRedirectionMiddleware | CorrelationId:cc3a5b4ac99743c78c7f2a9c76566916 | Failed to determine the https port for redirect.
2026-04-19 12:06:33.492 +05:30 [INF] SmsApi.Middleware.LoggingActionFilter | CorrelationId:cc3a5b4ac99743c78c7f2a9c76566916 | API Request: POST /api/auth/login | User: Unknown | School: Unknown
2026-04-19 12:06:34.711 +05:30 [INF] SmsApi.Controllers.AuthController | CorrelationId:cc3a5b4ac99743c78c7f2a9c76566916 | Login successful for admin (SchoolId: "550e8400-e29b-41d4-a716-446655440000")
2026-04-19 12:06:34.716 +05:30 [INF] SmsApi.Middleware.LoggingActionFilter | CorrelationId:cc3a5b4ac99743c78c7f2a9c76566916 | API Response: POST /api/auth/login | Status: 200 | Duration: 1224ms
2026-04-19 12:06:34.832 +05:30 [INF] Serilog.AspNetCore.RequestLoggingMiddleware | CorrelationId:cc3a5b4ac99743c78c7f2a9c76566916 | HTTP POST /api/auth/login responded 200 in 1410.7395 ms
2026-04-19 12:06:38.929 +05:30 [INF] SmsApi.Middleware.LoggingActionFilter | CorrelationId:5339491118b741db99f61afacc534d16 | API Request: POST /api/auth/login | User: Unknown | School: Unknown
2026-04-19 12:06:39.489 +05:30 [INF] SmsApi.Controllers.AuthController | CorrelationId:5339491118b741db99f61afacc534d16 | Login successful for admin (SchoolId: "550e8400-e29b-41d4-a716-446655440000")
2026-04-19 12:06:39.491 +05:30 [INF] SmsApi.Middleware.LoggingActionFilter | CorrelationId:5339491118b741db99f61afacc534d16 | API Response: POST /api/auth/login | Status: 200 | Duration: 561ms
2026-04-19 12:06:39.499 +05:30 [INF] Serilog.AspNetCore.RequestLoggingMiddleware | CorrelationId:5339491118b741db99f61afacc534d16 | HTTP POST /api/auth/login responded 200 in 573.9208 ms
2026-04-19 12:07:06.004 +05:30 [INF] Serilog.AspNetCore.RequestLoggingMiddleware | CorrelationId:4fff821685a648d0a4abc0b15b22cf1e | HTTP OPTIONS /api/academics/academic-years responded 204 in 116.5240 ms
2026-04-19 12:07:06.007 +05:30 [INF] Serilog.AspNetCore.RequestLoggingMiddleware | CorrelationId:1d998fa4b11b4049a19968019bdeac26 | HTTP OPTIONS /api/academics/academic-years responded 204 in 2.8463 ms
2026-04-19 12:07:06.241 +05:30 [INF] Serilog.AspNetCore.RequestLoggingMiddleware | CorrelationId:98bff03f3f1f44dc9b34836ccecd0680 | HTTP GET /api/academics/academic-years responded 401 in 15.6689 ms
2026-04-19 12:07:06.241 +05:30 [INF] Serilog.AspNetCore.RequestLoggingMiddleware | CorrelationId:e0305b5a5c78488782301d309f8ebd40 | HTTP GET /api/academics/academic-years responded 401 in 125.6121 ms
2026-04-19 12:07:09.750 +05:30 [INF] Serilog.AspNetCore.RequestLoggingMiddleware | CorrelationId:15f2b2850a6942f29ab92525148c2eff | HTTP OPTIONS /api/academics/academic-years responded 204 in 0.3246 ms
2026-04-19 12:07:09.757 +05:30 [INF] Serilog.AspNetCore.RequestLoggingMiddleware | CorrelationId:944ceee4d3884367b7a113410b5a9c81 | HTTP OPTIONS /api/academics/academic-years responded 204 in 11.9805 ms
2026-04-19 12:07:10.010 +05:30 [INF] Serilog.AspNetCore.RequestLoggingMiddleware | CorrelationId:f16892e1054745888f7e675c0f4cb6de | HTTP GET /api/academics/academic-years responded 401 in 4.8748 ms
2026-04-19 12:07:10.014 +05:30 [INF] Serilog.AspNetCore.RequestLoggingMiddleware | CorrelationId:3ed7cd39be354f27832ec557429e2ec0 | HTTP GET /api/academics/academic-years responded 401 in 0.2383 ms
2026-04-19 12:07:14.256 +05:30 [INF] Serilog.AspNetCore.RequestLoggingMiddleware | CorrelationId:08124f0bfd4642c1846405be4d0834ba | HTTP OPTIONS /api/auth/login responded 204 in 4.2303 ms
2026-04-19 12:07:14.360 +05:30 [INF] SmsApi.Middleware.LoggingActionFilter | CorrelationId:63fdcd532e1f43f1b9a986a673ef0d74 | API Request: POST /api/auth/login | User: Unknown | School: Unknown
2026-04-19 12:07:14.931 +05:30 [INF] SmsApi.Controllers.AuthController | CorrelationId:63fdcd532e1f43f1b9a986a673ef0d74 | Login successful for admin (SchoolId: "550e8400-e29b-41d4-a716-446655440000")
2026-04-19 12:07:14.933 +05:30 [INF] SmsApi.Middleware.LoggingActionFilter | CorrelationId:63fdcd532e1f43f1b9a986a673ef0d74 | API Response: POST /api/auth/login | Status: 200 | Duration: 573ms
2026-04-19 12:07:14.956 +05:30 [INF] Serilog.AspNetCore.RequestLoggingMiddleware | CorrelationId:63fdcd532e1f43f1b9a986a673ef0d74 | HTTP POST /api/auth/login responded 200 in 610.4912 ms
2026-04-19 12:10:01.652 +05:30 [INF] Serilog.AspNetCore.RequestLoggingMiddleware | CorrelationId:02e99c3aacda442885c3bf65edb3348c | HTTP OPTIONS /api/academics/academic-years responded 204 in 2.3288 ms
2026-04-19 12:10:01.665 +05:30 [INF] Serilog.AspNetCore.RequestLoggingMiddleware | CorrelationId:d02f33cec9ea43569b43549da6fc3eb1 | HTTP OPTIONS /api/academics/academic-years responded 204 in 0.0995 ms
2026-04-19 12:10:01.758 +05:30 [INF] Serilog.AspNetCore.RequestLoggingMiddleware | CorrelationId:b44251647ad44d8ca886ccd235ae6ba5 | HTTP GET /api/academics/academic-years responded 401 in 1.0490 ms
2026-04-19 12:10:01.761 +05:30 [INF] Serilog.AspNetCore.RequestLoggingMiddleware | CorrelationId:25eab83cf4e8412586d781e5d8eb7483 | HTTP GET /api/academics/academic-years responded 401 in 0.2433 ms
2026-04-19 12:10:51.612 +05:30 [INF] SmsApi.Middleware.LoggingActionFilter | CorrelationId:bbe9f471ca7f4b3eb4ea0921adc4eaa5 | API Request: POST /api/auth/login | User: Unknown | School: Unknown
2026-04-19 12:10:52.180 +05:30 [INF] SmsApi.Controllers.AuthController | CorrelationId:bbe9f471ca7f4b3eb4ea0921adc4eaa5 | Login successful for suresh.nair (SchoolId: "550e8400-e29b-41d4-a716-446655440000")
2026-04-19 12:10:52.185 +05:30 [INF] SmsApi.Middleware.LoggingActionFilter | CorrelationId:bbe9f471ca7f4b3eb4ea0921adc4eaa5 | API Response: POST /api/auth/login | Status: 200 | Duration: 572ms
2026-04-19 12:10:52.193 +05:30 [INF] Serilog.AspNetCore.RequestLoggingMiddleware | CorrelationId:bbe9f471ca7f4b3eb4ea0921adc4eaa5 | HTTP POST /api/auth/login responded 200 in 587.0506 ms
2026-04-19 12:10:52.216 +05:30 [INF] SmsApi.Middleware.LoggingActionFilter | CorrelationId:26e91751e7884303a3f2400cbe121678 | API Request: POST /api/auth/login | User: Unknown | School: Unknown
2026-04-19 12:10:52.762 +05:30 [INF] SmsApi.Controllers.AuthController | CorrelationId:26e91751e7884303a3f2400cbe121678 | Login successful for arjun.sharma (SchoolId: "550e8400-e29b-41d4-a716-446655440000")
2026-04-19 12:10:52.764 +05:30 [INF] SmsApi.Middleware.LoggingActionFilter | CorrelationId:26e91751e7884303a3f2400cbe121678 | API Response: POST /api/auth/login | Status: 200 | Duration: 548ms
2026-04-19 12:10:52.771 +05:30 [INF] Serilog.AspNetCore.RequestLoggingMiddleware | CorrelationId:26e91751e7884303a3f2400cbe121678 | HTTP POST /api/auth/login responded 200 in 555.9540 ms
2026-04-19 12:10:52.789 +05:30 [INF] SmsApi.Middleware.LoggingActionFilter | CorrelationId:84c8256ec26e4aa88dbdfefbcf64f5f4 | API Request: POST /api/auth/login | User: Unknown | School: Unknown
2026-04-19 12:10:53.328 +05:30 [INF] SmsApi.Controllers.AuthController | CorrelationId:84c8256ec26e4aa88dbdfefbcf64f5f4 | Login successful for admin (SchoolId: "550e8400-e29b-41d4-a716-446655440000")
2026-04-19 12:10:53.349 +05:30 [INF] SmsApi.Middleware.LoggingActionFilter | CorrelationId:84c8256ec26e4aa88dbdfefbcf64f5f4 | API Response: POST /api/auth/login | Status: 200 | Duration: 560ms
2026-04-19 12:10:53.358 +05:30 [INF] Serilog.AspNetCore.RequestLoggingMiddleware | CorrelationId:84c8256ec26e4aa88dbdfefbcf64f5f4 | HTTP POST /api/auth/login responded 200 in 569.9015 ms
2026-04-19 12:13:28.300 +05:30 [INF] Serilog.AspNetCore.RequestLoggingMiddleware | CorrelationId:cbf88619916744db9e6ae10a67f59e63 | HTTP OPTIONS /api/academics/academic-years responded 204 in 12.0028 ms
2026-04-19 12:13:28.311 +05:30 [INF] Serilog.AspNetCore.RequestLoggingMiddleware | CorrelationId:9cb95258fdf043268ee54a5e322d747d | HTTP OPTIONS /api/academics/academic-years responded 204 in 60.1303 ms
2026-04-19 12:13:28.473 +05:30 [INF] Serilog.AspNetCore.RequestLoggingMiddleware | CorrelationId:c77e576d07764bdf80c0f023744567e8 | HTTP GET /api/academics/academic-years responded 401 in 0.6825 ms
2026-04-19 12:13:28.497 +05:30 [INF] Serilog.AspNetCore.RequestLoggingMiddleware | CorrelationId:fec325ba2d4e44a4a1d51eefb7c80a02 | HTTP GET /api/academics/academic-years responded 401 in 0.2901 ms
2026-04-19 12:13:34.874 +05:30 [INF] Serilog.AspNetCore.RequestLoggingMiddleware | CorrelationId:3f872f20bf1d4b7abcbac1c38bdb9e27 | HTTP OPTIONS /api/auth/login responded 204 in 0.7202 ms
2026-04-19 12:13:34.908 +05:30 [INF] SmsApi.Middleware.LoggingActionFilter | CorrelationId:48f4c769cb0243b69e845bb544929498 | API Request: POST /api/auth/login | User: Unknown | School: Unknown
2026-04-19 12:13:35.499 +05:30 [INF] SmsApi.Controllers.AuthController | CorrelationId:48f4c769cb0243b69e845bb544929498 | Login successful for admin (SchoolId: "550e8400-e29b-41d4-a716-446655440000")
2026-04-19 12:13:35.500 +05:30 [INF] SmsApi.Middleware.LoggingActionFilter | CorrelationId:48f4c769cb0243b69e845bb544929498 | API Response: POST /api/auth/login | Status: 200 | Duration: 591ms
2026-04-19 12:13:35.508 +05:30 [INF] Serilog.AspNetCore.RequestLoggingMiddleware | CorrelationId:48f4c769cb0243b69e845bb544929498 | HTTP POST /api/auth/login responded 200 in 602.1281 ms
2026-04-19 12:13:35.633 +05:30 [INF] Serilog.AspNetCore.RequestLoggingMiddleware | CorrelationId:6b0bf8dc08a9438d82ebfcab90d6c7ef | HTTP OPTIONS /api/students responded 204 in 0.1414 ms
2026-04-19 12:13:35.641 +05:30 [INF] Serilog.AspNetCore.RequestLoggingMiddleware | CorrelationId:fe0a5859974f422fad7a7f7deb5e74eb | HTTP OPTIONS /api/staff responded 204 in 0.0864 ms
2026-04-19 12:13:35.642 +05:30 [INF] Serilog.AspNetCore.RequestLoggingMiddleware | CorrelationId:bc5300431c3242598fcab39d3f314b9b | HTTP OPTIONS /api/Attendance/records responded 204 in 0.0453 ms
2026-04-19 12:13:35.649 +05:30 [INF] Serilog.AspNetCore.RequestLoggingMiddleware | CorrelationId:10572c93b08847a6ab5a00f2c0580f24 | HTTP OPTIONS /api/settings/school/me responded 204 in 0.1210 ms
2026-04-19 12:13:35.665 +05:30 [INF] Serilog.AspNetCore.RequestLoggingMiddleware | CorrelationId:5a4d987d0f3d491e8df267a5473953fc | HTTP OPTIONS /api/fees/stats responded 204 in 0.1082 ms
2026-04-19 12:13:35.682 +05:30 [INF] Serilog.AspNetCore.RequestLoggingMiddleware | CorrelationId:cb70efbf43c8438cac1fac77c39e6449 | HTTP OPTIONS /api/students responded 204 in 0.2328 ms
2026-04-19 12:13:35.718 +05:30 [INF] Serilog.AspNetCore.RequestLoggingMiddleware | CorrelationId:c3794291170d4cecaac39443a6235a6d | HTTP OPTIONS /api/staff responded 204 in 0.1290 ms
2026-04-19 12:13:35.850 +05:30 [INF] Serilog.AspNetCore.RequestLoggingMiddleware | CorrelationId:ae900065c5344d33aab4734a614ca3bf | HTTP OPTIONS /api/Attendance/records responded 204 in 0.1352 ms
2026-04-19 12:13:36.258 +05:30 [INF] Serilog.AspNetCore.RequestLoggingMiddleware | CorrelationId:4af9266c67394901a677106503e0412b | HTTP OPTIONS /api/fees/stats responded 204 in 3.7742 ms
2026-04-19 12:13:38.922 +05:30 [INF] Serilog.AspNetCore.RequestLoggingMiddleware | CorrelationId:5ee4f5110e134eb2887b4c4e9e9ce371 | HTTP OPTIONS /api/students responded 204 in 2.6491 ms
2026-04-19 12:13:38.932 +05:30 [INF] Serilog.AspNetCore.RequestLoggingMiddleware | CorrelationId:0c6d8ada26c743d4bdcde3ffec44d57d | HTTP OPTIONS /api/staff responded 204 in 1.3381 ms
2026-04-19 12:13:38.949 +05:30 [INF] Serilog.AspNetCore.RequestLoggingMiddleware | CorrelationId:996471c30643452b93433cfe27b180d0 | HTTP OPTIONS /api/Attendance/records responded 204 in 0.8322 ms
2026-04-19 12:13:39.043 +05:30 [INF] Serilog.AspNetCore.RequestLoggingMiddleware | CorrelationId:f9a121670409463da81c339f187c61a5 | HTTP OPTIONS /api/fees/stats responded 204 in 0.0818 ms
2026-04-19 12:13:39.104 +05:30 [INF] Serilog.AspNetCore.RequestLoggingMiddleware | CorrelationId:584286891b2b4ec6b18f877816fc6520 | HTTP OPTIONS /api/students responded 204 in 0.2303 ms
2026-04-19 12:13:39.233 +05:30 [INF] Serilog.AspNetCore.RequestLoggingMiddleware | CorrelationId:a3618866406f444cb58ff3770303c111 | HTTP OPTIONS /api/academics/academic-years responded 204 in 0.0930 ms
2026-04-19 12:13:39.306 +05:30 [INF] Serilog.AspNetCore.RequestLoggingMiddleware | CorrelationId:c464a74700344ab8b53b64a615fa4966 | HTTP OPTIONS /api/staff responded 204 in 0.0659 ms
2026-04-19 12:13:39.328 +05:30 [INF] Serilog.AspNetCore.RequestLoggingMiddleware | CorrelationId:63cd4b2ed6cc4edcaac367b8b89426df | HTTP OPTIONS /api/Attendance/records responded 204 in 0.0614 ms
2026-04-19 12:13:39.351 +05:30 [INF] Serilog.AspNetCore.RequestLoggingMiddleware | CorrelationId:4cfd2f6b77af42cfb83d36a6ccf3c49a | HTTP OPTIONS /api/fees/stats responded 204 in 0.0571 ms
2026-04-19 12:13:39.365 +05:30 [INF] Serilog.AspNetCore.RequestLoggingMiddleware | CorrelationId:b291a63802984dd1a87fce8f39026858 | HTTP OPTIONS /api/academics/academic-years responded 204 in 0.0477 ms
2026-04-19 12:13:39.378 +05:30 [INF] Serilog.AspNetCore.RequestLoggingMiddleware | CorrelationId:d72803297f804aa5819a3753462f44c2 | HTTP OPTIONS /api/settings/school/me responded 204 in 0.0563 ms
2026-04-19 12:13:39.588 +05:30 [INF] SmsApi.Middleware.LoggingActionFilter | CorrelationId:8fcf936163b24e2d84b787266770b26c | API Request: GET /api/academics/academic-years | User: Unknown | School: 550e8400-e29b-41d4-a716-446655440000
2026-04-19 12:13:39.610 +05:30 [INF] SmsApi.Middleware.LoggingActionFilter | CorrelationId:d45c74d633a549a99f234854fd15b4b7 | API Request: GET /api/staff | User: Unknown | School: 550e8400-e29b-41d4-a716-446655440000
2026-04-19 12:13:39.611 +05:30 [WRN] LuckyPennySoftware.MediatR.License | CorrelationId:f71b75560fad4e09819923f0dd74f0b7 | You do not have a valid license key for the Lucky Penny software MediatR. This is allowed for development and testing scenarios. If you are running in production you are required to have a licensed version. Please visit https://luckypennysoftware.com to obtain a valid license.
2026-04-19 12:13:39.611 +05:30 [WRN] LuckyPennySoftware.MediatR.License | CorrelationId:cda302c95f2b47ea946b4e11d0e52877 | You do not have a valid license key for the Lucky Penny software MediatR. This is allowed for development and testing scenarios. If you are running in production you are required to have a licensed version. Please visit https://luckypennysoftware.com to obtain a valid license.
2026-04-19 12:13:39.622 +05:30 [INF] SmsApi.Middleware.LoggingActionFilter | CorrelationId:ae4f5bbaf4714ef8a708294e513130e4 | API Request: GET /api/Attendance/records | User: Unknown | School: 550e8400-e29b-41d4-a716-446655440000
2026-04-19 12:13:39.632 +05:30 [INF] SmsApi.Middleware.LoggingActionFilter | CorrelationId:11cf58708574430f8bfcd72712c188c2 | API Request: GET /api/fees/stats | User: Unknown | School: 550e8400-e29b-41d4-a716-446655440000
2026-04-19 12:13:39.639 +05:30 [INF] SmsApi.Middleware.LoggingActionFilter | CorrelationId:f71b75560fad4e09819923f0dd74f0b7 | API Request: GET /api/students | User: Unknown | School: 550e8400-e29b-41d4-a716-446655440000
2026-04-19 12:13:39.642 +05:30 [INF] SmsApi.Middleware.LoggingActionFilter | CorrelationId:cda302c95f2b47ea946b4e11d0e52877 | API Request: GET /api/students | User: Unknown | School: 550e8400-e29b-41d4-a716-446655440000
2026-04-19 12:13:39.749 +05:30 [INF] SmsApi.Middleware.LoggingActionFilter | CorrelationId:d45c74d633a549a99f234854fd15b4b7 | API Response: GET /api/staff | Status: 200 | Duration: 139ms
2026-04-19 12:13:39.762 +05:30 [INF] SmsApi.Middleware.LoggingActionFilter | CorrelationId:cda302c95f2b47ea946b4e11d0e52877 | API Response: GET /api/students | Status: 200 | Duration: 119ms
2026-04-19 12:13:39.763 +05:30 [INF] SmsApi.Middleware.LoggingActionFilter | CorrelationId:f71b75560fad4e09819923f0dd74f0b7 | API Response: GET /api/students | Status: 200 | Duration: 124ms
2026-04-19 12:13:39.772 +05:30 [INF] SmsApi.Middleware.LoggingActionFilter | CorrelationId:8fcf936163b24e2d84b787266770b26c | API Response: GET /api/academics/academic-years | Status: 200 | Duration: 183ms
2026-04-19 12:13:39.783 +05:30 [INF] SmsApi.Middleware.LoggingActionFilter | CorrelationId:ae4f5bbaf4714ef8a708294e513130e4 | API Response: GET /api/Attendance/records | Status: 200 | Duration: 161ms
2026-04-19 12:13:39.819 +05:30 [INF] Serilog.AspNetCore.RequestLoggingMiddleware | CorrelationId:cda302c95f2b47ea946b4e11d0e52877 | HTTP GET /api/students responded 200 in 373.6506 ms
2026-04-19 12:13:39.820 +05:30 [INF] Serilog.AspNetCore.RequestLoggingMiddleware | CorrelationId:f71b75560fad4e09819923f0dd74f0b7 | HTTP GET /api/students responded 200 in 429.3099 ms
2026-04-19 12:13:39.820 +05:30 [INF] Serilog.AspNetCore.RequestLoggingMiddleware | CorrelationId:d45c74d633a549a99f234854fd15b4b7 | HTTP GET /api/staff responded 200 in 417.8158 ms
2026-04-19 12:13:39.846 +05:30 [INF] Serilog.AspNetCore.RequestLoggingMiddleware | CorrelationId:8fcf936163b24e2d84b787266770b26c | HTTP GET /api/academics/academic-years responded 200 in 370.1673 ms
2026-04-19 12:13:39.847 +05:30 [INF] Serilog.AspNetCore.RequestLoggingMiddleware | CorrelationId:ae4f5bbaf4714ef8a708294e513130e4 | HTTP GET /api/Attendance/records responded 200 in 424.9240 ms
2026-04-19 12:13:39.878 +05:30 [INF] SmsApi.Middleware.LoggingActionFilter | CorrelationId:e709a4b5064949b68facbcc879a0f3e7 | API Request: GET /api/staff | User: Unknown | School: 550e8400-e29b-41d4-a716-446655440000
2026-04-19 12:13:39.888 +05:30 [INF] SmsApi.Middleware.LoggingActionFilter | CorrelationId:fd10f69738aa4901b8bca270bd983796 | API Request: GET /api/Attendance/records | User: Unknown | School: 550e8400-e29b-41d4-a716-446655440000
2026-04-19 12:13:39.892 +05:30 [INF] SmsApi.Middleware.LoggingActionFilter | CorrelationId:abe30bc4005a460e978e2c7c4cb5ae2a | API Request: GET /api/fees/stats | User: Unknown | School: 550e8400-e29b-41d4-a716-446655440000
2026-04-19 12:13:39.909 +05:30 [INF] SmsApi.Middleware.LoggingActionFilter | CorrelationId:0cef6a06ec2145dda2f920d2d773e67f | API Request: GET /api/academics/academic-years | User: Unknown | School: 550e8400-e29b-41d4-a716-446655440000
2026-04-19 12:13:39.929 +05:30 [INF] SmsApi.Middleware.LoggingActionFilter | CorrelationId:163ef90e4d13437d894d9143df1119ea | API Request: GET /api/settings/school/me | User: Unknown | School: 550e8400-e29b-41d4-a716-446655440000
2026-04-19 12:13:39.929 +05:30 [INF] SmsApi.Middleware.LoggingActionFilter | CorrelationId:e709a4b5064949b68facbcc879a0f3e7 | API Response: GET /api/staff | Status: 200 | Duration: 51ms
2026-04-19 12:13:39.948 +05:30 [INF] SmsApi.Middleware.LoggingActionFilter | CorrelationId:fd10f69738aa4901b8bca270bd983796 | API Response: GET /api/Attendance/records | Status: 200 | Duration: 59ms
2026-04-19 12:13:40.022 +05:30 [INF] SmsApi.Middleware.LoggingActionFilter | CorrelationId:0cef6a06ec2145dda2f920d2d773e67f | API Response: GET /api/academics/academic-years | Status: 200 | Duration: 112ms
2026-04-19 12:13:40.029 +05:30 [INF] Serilog.AspNetCore.RequestLoggingMiddleware | CorrelationId:e709a4b5064949b68facbcc879a0f3e7 | HTTP GET /api/staff responded 200 in 158.7172 ms
2026-04-19 12:13:40.048 +05:30 [INF] Serilog.AspNetCore.RequestLoggingMiddleware | CorrelationId:fd10f69738aa4901b8bca270bd983796 | HTTP GET /api/Attendance/records responded 200 in 169.5268 ms
2026-04-19 12:13:40.058 +05:30 [INF] SmsApi.Middleware.LoggingActionFilter | CorrelationId:163ef90e4d13437d894d9143df1119ea | API Response: GET /api/settings/school/me | Status: 200 | Duration: 129ms
2026-04-19 12:13:40.060 +05:30 [INF] Serilog.AspNetCore.RequestLoggingMiddleware | CorrelationId:0cef6a06ec2145dda2f920d2d773e67f | HTTP GET /api/academics/academic-years responded 200 in 155.5153 ms
2026-04-19 12:13:40.143 +05:30 [INF] Serilog.AspNetCore.RequestLoggingMiddleware | CorrelationId:163ef90e4d13437d894d9143df1119ea | HTTP GET /api/settings/school/me responded 200 in 226.4181 ms
2026-04-19 12:13:40.204 +05:30 [INF] SmsApi.Middleware.LoggingActionFilter | CorrelationId:11cf58708574430f8bfcd72712c188c2 | API Response: GET /api/fees/stats | Status: 200 | Duration: 571ms
2026-04-19 12:13:40.204 +05:30 [INF] SmsApi.Middleware.LoggingActionFilter | CorrelationId:abe30bc4005a460e978e2c7c4cb5ae2a | API Response: GET /api/fees/stats | Status: 200 | Duration: 311ms
2026-04-19 12:13:40.229 +05:30 [INF] Serilog.AspNetCore.RequestLoggingMiddleware | CorrelationId:11cf58708574430f8bfcd72712c188c2 | HTTP GET /api/fees/stats responded 200 in 793.1353 ms
2026-04-19 12:13:40.229 +05:30 [INF] Serilog.AspNetCore.RequestLoggingMiddleware | CorrelationId:abe30bc4005a460e978e2c7c4cb5ae2a | HTTP GET /api/fees/stats responded 200 in 342.9421 ms
2026-04-19 12:13:41.798 +05:30 [INF] Serilog.AspNetCore.RequestLoggingMiddleware | CorrelationId:095b85d4237e4bdf86f7a5a0e0a66f18 | HTTP OPTIONS /api/students responded 204 in 0.0776 ms
2026-04-19 12:13:41.798 +05:30 [INF] Serilog.AspNetCore.RequestLoggingMiddleware | CorrelationId:1175e02e03bf43589ca254eefbed336a | HTTP OPTIONS /api/students responded 204 in 0.0205 ms
2026-04-19 12:13:41.848 +05:30 [INF] SmsApi.Middleware.LoggingActionFilter | CorrelationId:d4bb0fd1be1a43acb52473ae5febb924 | API Request: GET /api/students | User: Unknown | School: 550e8400-e29b-41d4-a716-446655440000
2026-04-19 12:13:41.848 +05:30 [INF] SmsApi.Middleware.LoggingActionFilter | CorrelationId:14cae30dd5eb4ffba675ea8234b8ad87 | API Request: GET /api/students | User: Unknown | School: 550e8400-e29b-41d4-a716-446655440000
2026-04-19 12:13:41.867 +05:30 [INF] SmsApi.Middleware.LoggingActionFilter | CorrelationId:d4bb0fd1be1a43acb52473ae5febb924 | API Response: GET /api/students | Status: 200 | Duration: 17ms
2026-04-19 12:13:41.872 +05:30 [INF] SmsApi.Middleware.LoggingActionFilter | CorrelationId:14cae30dd5eb4ffba675ea8234b8ad87 | API Response: GET /api/students | Status: 200 | Duration: 23ms
2026-04-19 12:13:41.877 +05:30 [INF] Serilog.AspNetCore.RequestLoggingMiddleware | CorrelationId:d4bb0fd1be1a43acb52473ae5febb924 | HTTP GET /api/students responded 200 in 46.0783 ms
2026-04-19 12:13:41.880 +05:30 [INF] Serilog.AspNetCore.RequestLoggingMiddleware | CorrelationId:14cae30dd5eb4ffba675ea8234b8ad87 | HTTP GET /api/students responded 200 in 40.6738 ms
2026-04-19 12:13:43.461 +05:30 [INF] Serilog.AspNetCore.RequestLoggingMiddleware | CorrelationId:040634a8d827484991dfb06f818470e1 | HTTP OPTIONS /api/staff responded 204 in 0.1771 ms
2026-04-19 12:13:43.461 +05:30 [INF] Serilog.AspNetCore.RequestLoggingMiddleware | CorrelationId:5e05ffdd2c3e46d7b305d25f8139a6c5 | HTTP OPTIONS /api/staff responded 204 in 0.0309 ms
2026-04-19 12:13:43.528 +05:30 [INF] SmsApi.Middleware.LoggingActionFilter | CorrelationId:63d8c3045eaf45c3aa1c8aae0aa71634 | API Request: GET /api/staff | User: Unknown | School: 550e8400-e29b-41d4-a716-446655440000
2026-04-19 12:13:43.528 +05:30 [INF] SmsApi.Middleware.LoggingActionFilter | CorrelationId:a457773ba81b4513a39b86dfd62030b1 | API Request: GET /api/staff | User: Unknown | School: 550e8400-e29b-41d4-a716-446655440000
2026-04-19 12:13:43.542 +05:30 [INF] SmsApi.Middleware.LoggingActionFilter | CorrelationId:63d8c3045eaf45c3aa1c8aae0aa71634 | API Response: GET /api/staff | Status: 200 | Duration: 13ms
2026-04-19 12:13:43.543 +05:30 [INF] SmsApi.Middleware.LoggingActionFilter | CorrelationId:a457773ba81b4513a39b86dfd62030b1 | API Response: GET /api/staff | Status: 200 | Duration: 14ms
2026-04-19 12:13:43.555 +05:30 [INF] Serilog.AspNetCore.RequestLoggingMiddleware | CorrelationId:63d8c3045eaf45c3aa1c8aae0aa71634 | HTTP GET /api/staff responded 200 in 33.1415 ms
2026-04-19 12:13:43.555 +05:30 [INF] Serilog.AspNetCore.RequestLoggingMiddleware | CorrelationId:a457773ba81b4513a39b86dfd62030b1 | HTTP GET /api/staff responded 200 in 38.2631 ms
2026-04-19 12:13:45.255 +05:30 [INF] Serilog.AspNetCore.RequestLoggingMiddleware | CorrelationId:d70acf950c2f46cfb1d1ac940ee3991d | HTTP OPTIONS /api/academics/academic-years responded 204 in 0.1058 ms
2026-04-19 12:13:45.256 +05:30 [INF] Serilog.AspNetCore.RequestLoggingMiddleware | CorrelationId:4873449f1e0642fcb7257150de12259f | HTTP OPTIONS /api/academics/academic-years responded 204 in 0.0233 ms
2026-04-19 12:13:45.303 +05:30 [INF] SmsApi.Middleware.LoggingActionFilter | CorrelationId:ab0f985227414b25b13bbbd8f3b6856b | API Request: GET /api/academics/academic-years | User: Unknown | School: 550e8400-e29b-41d4-a716-446655440000
2026-04-19 12:13:45.311 +05:30 [INF] SmsApi.Middleware.LoggingActionFilter | CorrelationId:5f30bd19c72f451d82e69c37d1e5b14e | API Request: GET /api/academics/academic-years | User: Unknown | School: 550e8400-e29b-41d4-a716-446655440000
2026-04-19 12:13:45.320 +05:30 [INF] SmsApi.Middleware.LoggingActionFilter | CorrelationId:ab0f985227414b25b13bbbd8f3b6856b | API Response: GET /api/academics/academic-years | Status: 200 | Duration: 16ms
2026-04-19 12:13:45.329 +05:30 [INF] SmsApi.Middleware.LoggingActionFilter | CorrelationId:5f30bd19c72f451d82e69c37d1e5b14e | API Response: GET /api/academics/academic-years | Status: 200 | Duration: 18ms
2026-04-19 12:13:45.338 +05:30 [INF] Serilog.AspNetCore.RequestLoggingMiddleware | CorrelationId:ab0f985227414b25b13bbbd8f3b6856b | HTTP GET /api/academics/academic-years responded 200 in 49.6689 ms
2026-04-19 12:13:45.341 +05:30 [INF] Serilog.AspNetCore.RequestLoggingMiddleware | CorrelationId:5f30bd19c72f451d82e69c37d1e5b14e | HTTP GET /api/academics/academic-years responded 200 in 30.8150 ms
2026-04-19 12:13:46.548 +05:30 [INF] Serilog.AspNetCore.RequestLoggingMiddleware | CorrelationId:bfcda790c33c4c148a0e055560d59b29 | HTTP OPTIONS /api/fees/records responded 204 in 0.1487 ms
2026-04-19 12:13:46.548 +05:30 [INF] Serilog.AspNetCore.RequestLoggingMiddleware | CorrelationId:ee883ddfd5be4bc3b25dee6f98aa4f3d | HTTP OPTIONS /api/fees/structures responded 204 in 0.0183 ms
2026-04-19 12:13:46.568 +05:30 [INF] Serilog.AspNetCore.RequestLoggingMiddleware | CorrelationId:66595fe0232243f984259bd35b31cfed | HTTP OPTIONS /api/fees/stats responded 204 in 0.0503 ms
2026-04-19 12:13:46.571 +05:30 [INF] Serilog.AspNetCore.RequestLoggingMiddleware | CorrelationId:7ac531f2be724c058a83c22e566ccfe8 | HTTP OPTIONS /api/fees/records responded 204 in 0.0289 ms
2026-04-19 12:13:46.573 +05:30 [INF] Serilog.AspNetCore.RequestLoggingMiddleware | CorrelationId:f8044846087d4dfbbffe6acb19ff220b | HTTP OPTIONS /api/fees/structures responded 204 in 0.0339 ms
2026-04-19 12:13:46.582 +05:30 [INF] Serilog.AspNetCore.RequestLoggingMiddleware | CorrelationId:b22d5c3485d34435a758c2f6b79b15a4 | HTTP OPTIONS /api/fees/stats responded 204 in 0.0488 ms
2026-04-19 12:13:46.645 +05:30 [INF] SmsApi.Middleware.LoggingActionFilter | CorrelationId:a194ce204bfb4a4aaa859a0cf3b4e363 | API Request: GET /api/fees/records | User: Unknown | School: 550e8400-e29b-41d4-a716-446655440000
2026-04-19 12:13:46.655 +05:30 [INF] SmsApi.Middleware.LoggingActionFilter | CorrelationId:8a0a69e0e21345508512a0a7787551ad | API Request: GET /api/fees/structures | User: Unknown | School: 550e8400-e29b-41d4-a716-446655440000
2026-04-19 12:13:46.667 +05:30 [INF] SmsApi.Middleware.LoggingActionFilter | CorrelationId:fa446c13eb614359b21de188a134ec50 | API Request: GET /api/fees/stats | User: Unknown | School: 550e8400-e29b-41d4-a716-446655440000
2026-04-19 12:13:46.682 +05:30 [INF] SmsApi.Middleware.LoggingActionFilter | CorrelationId:e05d8a720ad7474d946f178a1126cb00 | API Request: GET /api/fees/records | User: Unknown | School: 550e8400-e29b-41d4-a716-446655440000
2026-04-19 12:13:46.696 +05:30 [INF] SmsApi.Middleware.LoggingActionFilter | CorrelationId:f4f1457c4cb64b4980bdf7ab53d4ab0d | API Request: GET /api/fees/structures | User: Unknown | School: 550e8400-e29b-41d4-a716-446655440000
2026-04-19 12:13:46.699 +05:30 [INF] SmsApi.Middleware.LoggingActionFilter | CorrelationId:3f994c3118cb41fda08cc05fa3d6871b | API Request: GET /api/fees/stats | User: Unknown | School: 550e8400-e29b-41d4-a716-446655440000
2026-04-19 12:13:46.733 +05:30 [INF] SmsApi.Middleware.LoggingActionFilter | CorrelationId:8a0a69e0e21345508512a0a7787551ad | API Response: GET /api/fees/structures | Status: 200 | Duration: 78ms
2026-04-19 12:13:46.749 +05:30 [INF] SmsApi.Middleware.LoggingActionFilter | CorrelationId:f4f1457c4cb64b4980bdf7ab53d4ab0d | API Response: GET /api/fees/structures | Status: 200 | Duration: 52ms
2026-04-19 12:13:46.766 +05:30 [INF] SmsApi.Middleware.LoggingActionFilter | CorrelationId:fa446c13eb614359b21de188a134ec50 | API Response: GET /api/fees/stats | Status: 200 | Duration: 98ms
2026-04-19 12:13:46.771 +05:30 [INF] SmsApi.Middleware.LoggingActionFilter | CorrelationId:3f994c3118cb41fda08cc05fa3d6871b | API Response: GET /api/fees/stats | Status: 200 | Duration: 71ms
2026-04-19 12:13:46.771 +05:30 [INF] Serilog.AspNetCore.RequestLoggingMiddleware | CorrelationId:8a0a69e0e21345508512a0a7787551ad | HTTP GET /api/fees/structures responded 200 in 125.2807 ms
2026-04-19 12:13:46.778 +05:30 [INF] Serilog.AspNetCore.RequestLoggingMiddleware | CorrelationId:f4f1457c4cb64b4980bdf7ab53d4ab0d | HTTP GET /api/fees/structures responded 200 in 92.7060 ms
2026-04-19 12:13:46.787 +05:30 [INF] Serilog.AspNetCore.RequestLoggingMiddleware | CorrelationId:fa446c13eb614359b21de188a134ec50 | HTTP GET /api/fees/stats responded 200 in 129.4786 ms
2026-04-19 12:13:46.798 +05:30 [INF] SmsApi.Services.FeeService | CorrelationId:a194ce204bfb4a4aaa859a0cf3b4e363 | Late fee calculation with partial payment: Total=18000.00, Paid=6000.00, Remaining=12000.00
2026-04-19 12:13:46.801 +05:30 [INF] Serilog.AspNetCore.RequestLoggingMiddleware | CorrelationId:3f994c3118cb41fda08cc05fa3d6871b | HTTP GET /api/fees/stats responded 200 in 106.4212 ms
2026-04-19 12:13:46.800 +05:30 [INF] SmsApi.Services.FeeService | CorrelationId:e05d8a720ad7474d946f178a1126cb00 | Late fee calculation with partial payment: Total=18000.00, Paid=6000.00, Remaining=12000.00
2026-04-19 12:13:46.841 +05:30 [WRN] SmsApi.Services.FeeService | CorrelationId:a194ce204bfb4a4aaa859a0cf3b4e363 | No late fee configuration found for school 550e8400-e29b-41d4-a716-446655440000
2026-04-19 12:13:46.847 +05:30 [WRN] SmsApi.Services.FeeService | CorrelationId:e05d8a720ad7474d946f178a1126cb00 | No late fee configuration found for school 550e8400-e29b-41d4-a716-446655440000
2026-04-19 12:13:46.850 +05:30 [INF] SmsApi.Services.FeeService | CorrelationId:a194ce204bfb4a4aaa859a0cf3b4e363 | Late fee calculation with partial payment: Total=20000.00, Paid=12000.00, Remaining=8000.00
2026-04-19 12:13:46.855 +05:30 [INF] SmsApi.Services.FeeService | CorrelationId:e05d8a720ad7474d946f178a1126cb00 | Late fee calculation with partial payment: Total=20000.00, Paid=12000.00, Remaining=8000.00
2026-04-19 12:13:46.860 +05:30 [WRN] SmsApi.Services.FeeService | CorrelationId:a194ce204bfb4a4aaa859a0cf3b4e363 | No late fee configuration found for school 550e8400-e29b-41d4-a716-446655440000
2026-04-19 12:13:46.873 +05:30 [WRN] SmsApi.Services.FeeService | CorrelationId:e05d8a720ad7474d946f178a1126cb00 | No late fee configuration found for school 550e8400-e29b-41d4-a716-446655440000
2026-04-19 12:13:46.877 +05:30 [INF] SmsApi.Services.FeeService | CorrelationId:a194ce204bfb4a4aaa859a0cf3b4e363 | Late fee calculation with partial payment: Total=12000.00, Paid=6000.00, Remaining=6000.00
2026-04-19 12:13:46.879 +05:30 [INF] SmsApi.Services.FeeService | CorrelationId:e05d8a720ad7474d946f178a1126cb00 | Late fee calculation with partial payment: Total=12000.00, Paid=6000.00, Remaining=6000.00
2026-04-19 12:13:46.884 +05:30 [WRN] SmsApi.Services.FeeService | CorrelationId:a194ce204bfb4a4aaa859a0cf3b4e363 | No late fee configuration found for school 550e8400-e29b-41d4-a716-446655440000
2026-04-19 12:13:46.888 +05:30 [WRN] SmsApi.Services.FeeService | CorrelationId:e05d8a720ad7474d946f178a1126cb00 | No late fee configuration found for school 550e8400-e29b-41d4-a716-446655440000
2026-04-19 12:13:46.896 +05:30 [INF] SmsApi.Services.FeeService | CorrelationId:a194ce204bfb4a4aaa859a0cf3b4e363 | Late fee calculation with partial payment: Total=12000.00, Paid=6000.00, Remaining=6000.00
2026-04-19 12:13:46.896 +05:30 [INF] SmsApi.Services.FeeService | CorrelationId:e05d8a720ad7474d946f178a1126cb00 | Late fee calculation with partial payment: Total=12000.00, Paid=6000.00, Remaining=6000.00
2026-04-19 12:13:46.905 +05:30 [WRN] SmsApi.Services.FeeService | CorrelationId:a194ce204bfb4a4aaa859a0cf3b4e363 | No late fee configuration found for school 550e8400-e29b-41d4-a716-446655440000
2026-04-19 12:13:46.910 +05:30 [WRN] SmsApi.Services.FeeService | CorrelationId:e05d8a720ad7474d946f178a1126cb00 | No late fee configuration found for school 550e8400-e29b-41d4-a716-446655440000
2026-04-19 12:13:46.916 +05:30 [WRN] SmsApi.Services.FeeService | CorrelationId:a194ce204bfb4a4aaa859a0cf3b4e363 | No late fee configuration found for school 550e8400-e29b-41d4-a716-446655440000
2026-04-19 12:13:46.918 +05:30 [WRN] SmsApi.Services.FeeService | CorrelationId:e05d8a720ad7474d946f178a1126cb00 | No late fee configuration found for school 550e8400-e29b-41d4-a716-446655440000
2026-04-19 12:13:46.923 +05:30 [INF] SmsApi.Services.FeeService | CorrelationId:a194ce204bfb4a4aaa859a0cf3b4e363 | Late fee calculation with partial payment: Total=12000.00, Paid=6000.00, Remaining=6000.00
2026-04-19 12:13:46.925 +05:30 [INF] SmsApi.Services.FeeService | CorrelationId:e05d8a720ad7474d946f178a1126cb00 | Late fee calculation with partial payment: Total=12000.00, Paid=6000.00, Remaining=6000.00
2026-04-19 12:13:46.927 +05:30 [WRN] SmsApi.Services.FeeService | CorrelationId:a194ce204bfb4a4aaa859a0cf3b4e363 | No late fee configuration found for school 550e8400-e29b-41d4-a716-446655440000
2026-04-19 12:13:46.930 +05:30 [WRN] SmsApi.Services.FeeService | CorrelationId:e05d8a720ad7474d946f178a1126cb00 | No late fee configuration found for school 550e8400-e29b-41d4-a716-446655440000
2026-04-19 12:13:46.934 +05:30 [INF] SmsApi.Services.FeeService | CorrelationId:a194ce204bfb4a4aaa859a0cf3b4e363 | Late fee calculation with partial payment: Total=12000.00, Paid=6000.00, Remaining=6000.00
2026-04-19 12:13:46.937 +05:30 [INF] SmsApi.Services.FeeService | CorrelationId:e05d8a720ad7474d946f178a1126cb00 | Late fee calculation with partial payment: Total=12000.00, Paid=6000.00, Remaining=6000.00
2026-04-19 12:13:46.939 +05:30 [WRN] SmsApi.Services.FeeService | CorrelationId:a194ce204bfb4a4aaa859a0cf3b4e363 | No late fee configuration found for school 550e8400-e29b-41d4-a716-446655440000
2026-04-19 12:13:46.941 +05:30 [WRN] SmsApi.Services.FeeService | CorrelationId:e05d8a720ad7474d946f178a1126cb00 | No late fee configuration found for school 550e8400-e29b-41d4-a716-446655440000
2026-04-19 12:13:46.946 +05:30 [WRN] SmsApi.Services.FeeService | CorrelationId:a194ce204bfb4a4aaa859a0cf3b4e363 | No late fee configuration found for school 550e8400-e29b-41d4-a716-446655440000
2026-04-19 12:13:46.950 +05:30 [WRN] SmsApi.Services.FeeService | CorrelationId:e05d8a720ad7474d946f178a1126cb00 | No late fee configuration found for school 550e8400-e29b-41d4-a716-446655440000
2026-04-19 12:13:46.953 +05:30 [WRN] SmsApi.Services.FeeService | CorrelationId:a194ce204bfb4a4aaa859a0cf3b4e363 | No late fee configuration found for school 550e8400-e29b-41d4-a716-446655440000
2026-04-19 12:13:46.955 +05:30 [WRN] SmsApi.Services.FeeService | CorrelationId:e05d8a720ad7474d946f178a1126cb00 | No late fee configuration found for school 550e8400-e29b-41d4-a716-446655440000
2026-04-19 12:13:46.958 +05:30 [INF] SmsApi.Services.FeeService | CorrelationId:a194ce204bfb4a4aaa859a0cf3b4e363 | Late fee calculation with partial payment: Total=12000.00, Paid=6000.00, Remaining=6000.00
2026-04-19 12:13:46.960 +05:30 [INF] SmsApi.Services.FeeService | CorrelationId:e05d8a720ad7474d946f178a1126cb00 | Late fee calculation with partial payment: Total=12000.00, Paid=6000.00, Remaining=6000.00
2026-04-19 12:13:46.968 +05:30 [WRN] SmsApi.Services.FeeService | CorrelationId:a194ce204bfb4a4aaa859a0cf3b4e363 | No late fee configuration found for school 550e8400-e29b-41d4-a716-446655440000
2026-04-19 12:13:46.970 +05:30 [WRN] SmsApi.Services.FeeService | CorrelationId:e05d8a720ad7474d946f178a1126cb00 | No late fee configuration found for school 550e8400-e29b-41d4-a716-446655440000
2026-04-19 12:13:46.974 +05:30 [WRN] SmsApi.Services.FeeService | CorrelationId:a194ce204bfb4a4aaa859a0cf3b4e363 | No late fee configuration found for school 550e8400-e29b-41d4-a716-446655440000
2026-04-19 12:13:46.979 +05:30 [WRN] SmsApi.Services.FeeService | CorrelationId:e05d8a720ad7474d946f178a1126cb00 | No late fee configuration found for school 550e8400-e29b-41d4-a716-446655440000
2026-04-19 12:13:46.984 +05:30 [WRN] SmsApi.Services.FeeService | CorrelationId:a194ce204bfb4a4aaa859a0cf3b4e363 | No late fee configuration found for school 550e8400-e29b-41d4-a716-446655440000
2026-04-19 12:13:46.987 +05:30 [WRN] SmsApi.Services.FeeService | CorrelationId:e05d8a720ad7474d946f178a1126cb00 | No late fee configuration found for school 550e8400-e29b-41d4-a716-446655440000
2026-04-19 12:13:46.989 +05:30 [INF] SmsApi.Services.FeeService | CorrelationId:a194ce204bfb4a4aaa859a0cf3b4e363 | Late fee calculation with partial payment: Total=12000.00, Paid=6000.00, Remaining=6000.00
2026-04-19 12:13:46.993 +05:30 [INF] SmsApi.Services.FeeService | CorrelationId:e05d8a720ad7474d946f178a1126cb00 | Late fee calculation with partial payment: Total=12000.00, Paid=6000.00, Remaining=6000.00
2026-04-19 12:13:46.995 +05:30 [WRN] SmsApi.Services.FeeService | CorrelationId:a194ce204bfb4a4aaa859a0cf3b4e363 | No late fee configuration found for school 550e8400-e29b-41d4-a716-446655440000
2026-04-19 12:13:46.997 +05:30 [WRN] SmsApi.Services.FeeService | CorrelationId:e05d8a720ad7474d946f178a1126cb00 | No late fee configuration found for school 550e8400-e29b-41d4-a716-446655440000
2026-04-19 12:13:47.001 +05:30 [WRN] SmsApi.Services.FeeService | CorrelationId:a194ce204bfb4a4aaa859a0cf3b4e363 | No late fee configuration found for school 550e8400-e29b-41d4-a716-446655440000
2026-04-19 12:13:47.004 +05:30 [WRN] SmsApi.Services.FeeService | CorrelationId:e05d8a720ad7474d946f178a1126cb00 | No late fee configuration found for school 550e8400-e29b-41d4-a716-446655440000
2026-04-19 12:13:47.008 +05:30 [WRN] SmsApi.Services.FeeService | CorrelationId:a194ce204bfb4a4aaa859a0cf3b4e363 | No late fee configuration found for school 550e8400-e29b-41d4-a716-446655440000
2026-04-19 12:13:47.011 +05:30 [WRN] SmsApi.Services.FeeService | CorrelationId:e05d8a720ad7474d946f178a1126cb00 | No late fee configuration found for school 550e8400-e29b-41d4-a716-446655440000
2026-04-19 12:13:47.012 +05:30 [WRN] SmsApi.Services.FeeService | CorrelationId:a194ce204bfb4a4aaa859a0cf3b4e363 | No late fee configuration found for school 550e8400-e29b-41d4-a716-446655440000
2026-04-19 12:13:47.014 +05:30 [WRN] SmsApi.Services.FeeService | CorrelationId:e05d8a720ad7474d946f178a1126cb00 | No late fee configuration found for school 550e8400-e29b-41d4-a716-446655440000
2026-04-19 12:13:47.018 +05:30 [INF] SmsApi.Services.FeeService | CorrelationId:a194ce204bfb4a4aaa859a0cf3b4e363 | Late fee calculation with partial payment: Total=12000.00, Paid=6000.00, Remaining=6000.00
2026-04-19 12:13:47.019 +05:30 [INF] SmsApi.Services.FeeService | CorrelationId:e05d8a720ad7474d946f178a1126cb00 | Late fee calculation with partial payment: Total=12000.00, Paid=6000.00, Remaining=6000.00
2026-04-19 12:13:47.021 +05:30 [WRN] SmsApi.Services.FeeService | CorrelationId:a194ce204bfb4a4aaa859a0cf3b4e363 | No late fee configuration found for school 550e8400-e29b-41d4-a716-446655440000
2026-04-19 12:13:47.023 +05:30 [WRN] SmsApi.Services.FeeService | CorrelationId:e05d8a720ad7474d946f178a1126cb00 | No late fee configuration found for school 550e8400-e29b-41d4-a716-446655440000
2026-04-19 12:13:47.025 +05:30 [WRN] SmsApi.Services.FeeService | CorrelationId:a194ce204bfb4a4aaa859a0cf3b4e363 | No late fee configuration found for school 550e8400-e29b-41d4-a716-446655440000
2026-04-19 12:13:47.026 +05:30 [WRN] SmsApi.Services.FeeService | CorrelationId:e05d8a720ad7474d946f178a1126cb00 | No late fee configuration found for school 550e8400-e29b-41d4-a716-446655440000
2026-04-19 12:13:47.071 +05:30 [INF] SmsApi.Middleware.LoggingActionFilter | CorrelationId:e05d8a720ad7474d946f178a1126cb00 | API Response: GET /api/fees/records | Status: 200 | Duration: 389ms
2026-04-19 12:13:47.071 +05:30 [INF] SmsApi.Middleware.LoggingActionFilter | CorrelationId:a194ce204bfb4a4aaa859a0cf3b4e363 | API Response: GET /api/fees/records | Status: 200 | Duration: 426ms
2026-04-19 12:13:47.085 +05:30 [INF] Serilog.AspNetCore.RequestLoggingMiddleware | CorrelationId:e05d8a720ad7474d946f178a1126cb00 | HTTP GET /api/fees/records responded 200 in 407.9432 ms
2026-04-19 12:13:47.085 +05:30 [INF] Serilog.AspNetCore.RequestLoggingMiddleware | CorrelationId:a194ce204bfb4a4aaa859a0cf3b4e363 | HTTP GET /api/fees/records responded 200 in 466.8803 ms
2026-04-19 12:13:50.024 +05:30 [INF] Serilog.AspNetCore.RequestLoggingMiddleware | CorrelationId:4e766babefff45788408a55eed7ae614 | HTTP OPTIONS /api/students responded 204 in 0.0417 ms
2026-04-19 12:13:50.024 +05:30 [INF] Serilog.AspNetCore.RequestLoggingMiddleware | CorrelationId:48dac437860f424da74c11dd273242a2 | HTTP OPTIONS /api/students responded 204 in 0.3677 ms
2026-04-19 12:13:50.153 +05:30 [INF] SmsApi.Middleware.LoggingActionFilter | CorrelationId:63ab41a764544a04b8211f0989aa22b5 | API Request: GET /api/students | User: Unknown | School: 550e8400-e29b-41d4-a716-446655440000
2026-04-19 12:13:50.158 +05:30 [INF] SmsApi.Middleware.LoggingActionFilter | CorrelationId:0b7895338b8844d2ac0f8fd365f6a699 | API Request: GET /api/students | User: Unknown | School: 550e8400-e29b-41d4-a716-446655440000
2026-04-19 12:13:50.182 +05:30 [INF] SmsApi.Middleware.LoggingActionFilter | CorrelationId:63ab41a764544a04b8211f0989aa22b5 | API Response: GET /api/students | Status: 200 | Duration: 29ms
2026-04-19 12:13:50.186 +05:30 [INF] SmsApi.Middleware.LoggingActionFilter | CorrelationId:0b7895338b8844d2ac0f8fd365f6a699 | API Response: GET /api/students | Status: 200 | Duration: 27ms
2026-04-19 12:13:50.204 +05:30 [INF] Serilog.AspNetCore.RequestLoggingMiddleware | CorrelationId:63ab41a764544a04b8211f0989aa22b5 | HTTP GET /api/students responded 200 in 60.9588 ms
2026-04-19 12:13:50.210 +05:30 [INF] Serilog.AspNetCore.RequestLoggingMiddleware | CorrelationId:0b7895338b8844d2ac0f8fd365f6a699 | HTTP GET /api/students responded 200 in 55.0243 ms
2026-04-19 12:15:50.319 +05:30 [INF] Serilog.AspNetCore.RequestLoggingMiddleware | CorrelationId:0f78cda12d8d48889f86d6e720bd7c1b | HTTP OPTIONS /api/academics/classes responded 204 in 0.3269 ms
2026-04-19 12:15:50.319 +05:30 [INF] Serilog.AspNetCore.RequestLoggingMiddleware | CorrelationId:0281d25ca9fc498ab901ca5247a3ead3 | HTTP OPTIONS /api/staff responded 204 in 0.0262 ms
2026-04-19 12:15:50.319 +05:30 [INF] Serilog.AspNetCore.RequestLoggingMiddleware | CorrelationId:5c7f8d454f584749b7ddbd53f4f0cea8 | HTTP OPTIONS /api/academics/academic-years responded 204 in 0.0305 ms
2026-04-19 12:15:50.319 +05:30 [INF] Serilog.AspNetCore.RequestLoggingMiddleware | CorrelationId:cd8e177ab29d4f07817b1cdd1cd3e708 | HTTP OPTIONS /api/academics/classes responded 204 in 0.0420 ms
2026-04-19 12:15:50.369 +05:30 [INF] Serilog.AspNetCore.RequestLoggingMiddleware | CorrelationId:6a3424f0f33549889f74c2ecb08f7dc2 | HTTP OPTIONS /api/academics/academic-years responded 204 in 0.0459 ms
2026-04-19 12:15:50.372 +05:30 [INF] Serilog.AspNetCore.RequestLoggingMiddleware | CorrelationId:450a0054f224441f8195669e79395773 | HTTP OPTIONS /api/staff responded 204 in 0.0548 ms
2026-04-19 12:15:50.425 +05:30 [INF] SmsApi.Middleware.LoggingActionFilter | CorrelationId:d4b494f96b924f72b9c1fe79eddcf5ff | API Request: GET /api/staff | User: Unknown | School: 550e8400-e29b-41d4-a716-446655440000
2026-04-19 12:15:50.425 +05:30 [INF] SmsApi.Middleware.LoggingActionFilter | CorrelationId:f55388d4d5d847809677bb87b6c384ed | API Request: GET /api/academics/academic-years | User: Unknown | School: 550e8400-e29b-41d4-a716-446655440000
2026-04-19 12:15:50.431 +05:30 [INF] SmsApi.Middleware.LoggingActionFilter | CorrelationId:d263f1b7556c4da286170fc0f166925d | API Request: GET /api/academics/classes | User: Unknown | School: 550e8400-e29b-41d4-a716-446655440000
2026-04-19 12:15:50.437 +05:30 [INF] SmsApi.Middleware.LoggingActionFilter | CorrelationId:13bc007a6c254270ba80e0bc80f01717 | API Request: GET /api/academics/classes | User: Unknown | School: 550e8400-e29b-41d4-a716-446655440000
2026-04-19 12:15:50.458 +05:30 [INF] SmsApi.Middleware.LoggingActionFilter | CorrelationId:0efb4e2ddaac4a508f5811cb49599202 | API Request: GET /api/academics/academic-years | User: Unknown | School: 550e8400-e29b-41d4-a716-446655440000
2026-04-19 12:15:50.477 +05:30 [INF] SmsApi.Middleware.LoggingActionFilter | CorrelationId:d4b494f96b924f72b9c1fe79eddcf5ff | API Response: GET /api/staff | Status: 200 | Duration: 52ms
2026-04-19 12:15:50.487 +05:30 [INF] SmsApi.Middleware.LoggingActionFilter | CorrelationId:a9f0623643234f3398b43e064bdb3073 | API Request: GET /api/staff | User: Unknown | School: 550e8400-e29b-41d4-a716-446655440000
2026-04-19 12:15:50.510 +05:30 [INF] SmsApi.Middleware.LoggingActionFilter | CorrelationId:f55388d4d5d847809677bb87b6c384ed | API Response: GET /api/academics/academic-years | Status: 200 | Duration: 84ms
2026-04-19 12:15:50.515 +05:30 [INF] SmsApi.Middleware.LoggingActionFilter | CorrelationId:0efb4e2ddaac4a508f5811cb49599202 | API Response: GET /api/academics/academic-years | Status: 200 | Duration: 56ms
2026-04-19 12:15:50.532 +05:30 [INF] Serilog.AspNetCore.RequestLoggingMiddleware | CorrelationId:d4b494f96b924f72b9c1fe79eddcf5ff | HTTP GET /api/staff responded 200 in 141.6519 ms
2026-04-19 12:15:50.543 +05:30 [INF] SmsApi.Middleware.LoggingActionFilter | CorrelationId:a9f0623643234f3398b43e064bdb3073 | API Response: GET /api/staff | Status: 200 | Duration: 56ms
2026-04-19 12:15:50.628 +05:30 [INF] Serilog.AspNetCore.RequestLoggingMiddleware | CorrelationId:f55388d4d5d847809677bb87b6c384ed | HTTP GET /api/academics/academic-years responded 200 in 203.4540 ms
2026-04-19 12:15:50.638 +05:30 [INF] Serilog.AspNetCore.RequestLoggingMiddleware | CorrelationId:0efb4e2ddaac4a508f5811cb49599202 | HTTP GET /api/academics/academic-years responded 200 in 187.9730 ms
2026-04-19 12:15:50.675 +05:30 [INF] Serilog.AspNetCore.RequestLoggingMiddleware | CorrelationId:a9f0623643234f3398b43e064bdb3073 | HTTP GET /api/staff responded 200 in 191.7347 ms
2026-04-19 12:15:50.844 +05:30 [INF] SmsApi.Middleware.LoggingActionFilter | CorrelationId:d263f1b7556c4da286170fc0f166925d | API Response: GET /api/academics/classes | Status: 200 | Duration: 413ms
2026-04-19 12:15:50.844 +05:30 [INF] SmsApi.Middleware.LoggingActionFilter | CorrelationId:13bc007a6c254270ba80e0bc80f01717 | API Response: GET /api/academics/classes | Status: 200 | Duration: 407ms
2026-04-19 12:15:50.857 +05:30 [INF] Serilog.AspNetCore.RequestLoggingMiddleware | CorrelationId:13bc007a6c254270ba80e0bc80f01717 | HTTP GET /api/academics/classes responded 200 in 422.7635 ms
2026-04-19 12:15:50.857 +05:30 [INF] Serilog.AspNetCore.RequestLoggingMiddleware | CorrelationId:d263f1b7556c4da286170fc0f166925d | HTTP GET /api/academics/classes responded 200 in 457.2465 ms
2026-04-19 12:15:53.510 +05:30 [INF] Serilog.AspNetCore.RequestLoggingMiddleware | CorrelationId:2471575f0cbd4e7e96d1973069f50866 | HTTP OPTIONS /api/fees/records responded 204 in 0.3750 ms
2026-04-19 12:15:53.511 +05:30 [INF] Serilog.AspNetCore.RequestLoggingMiddleware | CorrelationId:a47d986d6fa24c728522521b5ceecf01 | HTTP OPTIONS /api/fees/structures responded 204 in 0.0151 ms
2026-04-19 12:15:53.516 +05:30 [INF] Serilog.AspNetCore.RequestLoggingMiddleware | CorrelationId:7a8460a228714a429254419c4dd5c984 | HTTP OPTIONS /api/fees/stats responded 204 in 0.0674 ms
2026-04-19 12:15:53.518 +05:30 [INF] Serilog.AspNetCore.RequestLoggingMiddleware | CorrelationId:9802a2e692af4b7ba110e7f01654bcf0 | HTTP OPTIONS /api/fees/records responded 204 in 0.0309 ms
2026-04-19 12:15:53.523 +05:30 [INF] Serilog.AspNetCore.RequestLoggingMiddleware | CorrelationId:34e9e7cf12bf4b0e8fc5bb3ddb798477 | HTTP OPTIONS /api/fees/structures responded 204 in 0.3095 ms
2026-04-19 12:15:53.523 +05:30 [INF] Serilog.AspNetCore.RequestLoggingMiddleware | CorrelationId:08d6ae6b85ff4207b05b0bfe4e242e20 | HTTP OPTIONS /api/fees/stats responded 204 in 0.0185 ms
2026-04-19 12:15:53.541 +05:30 [INF] SmsApi.Middleware.LoggingActionFilter | CorrelationId:2bc6732cbf9648d0b8bbaa79bd9c6e71 | API Request: GET /api/fees/records | User: Unknown | School: 550e8400-e29b-41d4-a716-446655440000
2026-04-19 12:15:53.559 +05:30 [INF] SmsApi.Middleware.LoggingActionFilter | CorrelationId:6ef3cb919b8a45419e4074c7cb2d02ce | API Request: GET /api/fees/structures | User: Unknown | School: 550e8400-e29b-41d4-a716-446655440000
2026-04-19 12:15:53.580 +05:30 [INF] SmsApi.Middleware.LoggingActionFilter | CorrelationId:a5dc0a1f1bee45589fcc3a4cc2bf84fd | API Request: GET /api/fees/stats | User: Unknown | School: 550e8400-e29b-41d4-a716-446655440000
2026-04-19 12:15:53.589 +05:30 [INF] SmsApi.Middleware.LoggingActionFilter | CorrelationId:a91775321574499ebbdcea833f28c487 | API Request: GET /api/fees/records | User: Unknown | School: 550e8400-e29b-41d4-a716-446655440000
2026-04-19 12:15:53.604 +05:30 [INF] SmsApi.Middleware.LoggingActionFilter | CorrelationId:8cc9b99b1e8842658a124c7fc435c05f | API Request: GET /api/fees/structures | User: Unknown | School: 550e8400-e29b-41d4-a716-446655440000
2026-04-19 12:15:53.617 +05:30 [INF] SmsApi.Middleware.LoggingActionFilter | CorrelationId:33e0dade0dae44378746e802d5de4849 | API Request: GET /api/fees/stats | User: Unknown | School: 550e8400-e29b-41d4-a716-446655440000
2026-04-19 12:15:53.628 +05:30 [INF] SmsApi.Middleware.LoggingActionFilter | CorrelationId:6ef3cb919b8a45419e4074c7cb2d02ce | API Response: GET /api/fees/structures | Status: 200 | Duration: 69ms
2026-04-19 12:15:53.637 +05:30 [INF] SmsApi.Services.FeeService | CorrelationId:2bc6732cbf9648d0b8bbaa79bd9c6e71 | Late fee calculation with partial payment: Total=18000.00, Paid=6000.00, Remaining=12000.00
2026-04-19 12:15:53.642 +05:30 [INF] SmsApi.Middleware.LoggingActionFilter | CorrelationId:a5dc0a1f1bee45589fcc3a4cc2bf84fd | API Response: GET /api/fees/stats | Status: 200 | Duration: 61ms
2026-04-19 12:15:53.644 +05:30 [INF] SmsApi.Services.FeeService | CorrelationId:a91775321574499ebbdcea833f28c487 | Late fee calculation with partial payment: Total=18000.00, Paid=6000.00, Remaining=12000.00
2026-04-19 12:15:53.646 +05:30 [INF] SmsApi.Middleware.LoggingActionFilter | CorrelationId:8cc9b99b1e8842658a124c7fc435c05f | API Response: GET /api/fees/structures | Status: 200 | Duration: 42ms
2026-04-19 12:15:53.654 +05:30 [INF] SmsApi.Middleware.LoggingActionFilter | CorrelationId:33e0dade0dae44378746e802d5de4849 | API Response: GET /api/fees/stats | Status: 200 | Duration: 37ms
2026-04-19 12:15:53.658 +05:30 [INF] Serilog.AspNetCore.RequestLoggingMiddleware | CorrelationId:6ef3cb919b8a45419e4074c7cb2d02ce | HTTP GET /api/fees/structures responded 200 in 106.5734 ms
2026-04-19 12:15:53.667 +05:30 [WRN] SmsApi.Services.FeeService | CorrelationId:2bc6732cbf9648d0b8bbaa79bd9c6e71 | No late fee configuration found for school 550e8400-e29b-41d4-a716-446655440000
2026-04-19 12:15:53.670 +05:30 [INF] Serilog.AspNetCore.RequestLoggingMiddleware | CorrelationId:a5dc0a1f1bee45589fcc3a4cc2bf84fd | HTTP GET /api/fees/stats responded 200 in 93.7251 ms
2026-04-19 12:15:53.676 +05:30 [WRN] SmsApi.Services.FeeService | CorrelationId:a91775321574499ebbdcea833f28c487 | No late fee configuration found for school 550e8400-e29b-41d4-a716-446655440000
2026-04-19 12:15:53.688 +05:30 [INF] Serilog.AspNetCore.RequestLoggingMiddleware | CorrelationId:8cc9b99b1e8842658a124c7fc435c05f | HTTP GET /api/fees/structures responded 200 in 89.1821 ms
2026-04-19 12:15:53.709 +05:30 [INF] Serilog.AspNetCore.RequestLoggingMiddleware | CorrelationId:33e0dade0dae44378746e802d5de4849 | HTTP GET /api/fees/stats responded 200 in 96.9004 ms
2026-04-19 12:15:53.730 +05:30 [INF] SmsApi.Services.FeeService | CorrelationId:2bc6732cbf9648d0b8bbaa79bd9c6e71 | Late fee calculation with partial payment: Total=20000.00, Paid=12000.00, Remaining=8000.00
2026-04-19 12:15:53.745 +05:30 [INF] SmsApi.Services.FeeService | CorrelationId:a91775321574499ebbdcea833f28c487 | Late fee calculation with partial payment: Total=20000.00, Paid=12000.00, Remaining=8000.00
2026-04-19 12:15:53.773 +05:30 [WRN] SmsApi.Services.FeeService | CorrelationId:2bc6732cbf9648d0b8bbaa79bd9c6e71 | No late fee configuration found for school 550e8400-e29b-41d4-a716-446655440000
2026-04-19 12:15:53.778 +05:30 [WRN] SmsApi.Services.FeeService | CorrelationId:a91775321574499ebbdcea833f28c487 | No late fee configuration found for school 550e8400-e29b-41d4-a716-446655440000
2026-04-19 12:15:53.781 +05:30 [INF] SmsApi.Services.FeeService | CorrelationId:2bc6732cbf9648d0b8bbaa79bd9c6e71 | Late fee calculation with partial payment: Total=12000.00, Paid=6000.00, Remaining=6000.00
2026-04-19 12:15:53.796 +05:30 [INF] SmsApi.Services.FeeService | CorrelationId:a91775321574499ebbdcea833f28c487 | Late fee calculation with partial payment: Total=12000.00, Paid=6000.00, Remaining=6000.00
2026-04-19 12:15:53.797 +05:30 [WRN] SmsApi.Services.FeeService | CorrelationId:2bc6732cbf9648d0b8bbaa79bd9c6e71 | No late fee configuration found for school 550e8400-e29b-41d4-a716-446655440000
2026-04-19 12:15:53.801 +05:30 [WRN] SmsApi.Services.FeeService | CorrelationId:a91775321574499ebbdcea833f28c487 | No late fee configuration found for school 550e8400-e29b-41d4-a716-446655440000
2026-04-19 12:15:53.808 +05:30 [INF] SmsApi.Services.FeeService | CorrelationId:2bc6732cbf9648d0b8bbaa79bd9c6e71 | Late fee calculation with partial payment: Total=12000.00, Paid=6000.00, Remaining=6000.00
2026-04-19 12:15:53.812 +05:30 [INF] SmsApi.Services.FeeService | CorrelationId:a91775321574499ebbdcea833f28c487 | Late fee calculation with partial payment: Total=12000.00, Paid=6000.00, Remaining=6000.00
2026-04-19 12:15:53.818 +05:30 [WRN] SmsApi.Services.FeeService | CorrelationId:2bc6732cbf9648d0b8bbaa79bd9c6e71 | No late fee configuration found for school 550e8400-e29b-41d4-a716-446655440000
2026-04-19 12:15:53.824 +05:30 [WRN] SmsApi.Services.FeeService | CorrelationId:a91775321574499ebbdcea833f28c487 | No late fee configuration found for school 550e8400-e29b-41d4-a716-446655440000
2026-04-19 12:15:53.860 +05:30 [WRN] SmsApi.Services.FeeService | CorrelationId:2bc6732cbf9648d0b8bbaa79bd9c6e71 | No late fee configuration found for school 550e8400-e29b-41d4-a716-446655440000
2026-04-19 12:15:53.877 +05:30 [WRN] SmsApi.Services.FeeService | CorrelationId:a91775321574499ebbdcea833f28c487 | No late fee configuration found for school 550e8400-e29b-41d4-a716-446655440000
2026-04-19 12:15:53.885 +05:30 [INF] SmsApi.Services.FeeService | CorrelationId:2bc6732cbf9648d0b8bbaa79bd9c6e71 | Late fee calculation with partial payment: Total=12000.00, Paid=6000.00, Remaining=6000.00
2026-04-19 12:15:53.891 +05:30 [INF] SmsApi.Services.FeeService | CorrelationId:a91775321574499ebbdcea833f28c487 | Late fee calculation with partial payment: Total=12000.00, Paid=6000.00, Remaining=6000.00
2026-04-19 12:15:53.898 +05:30 [WRN] SmsApi.Services.FeeService | CorrelationId:2bc6732cbf9648d0b8bbaa79bd9c6e71 | No late fee configuration found for school 550e8400-e29b-41d4-a716-446655440000
2026-04-19 12:15:53.899 +05:30 [WRN] SmsApi.Services.FeeService | CorrelationId:a91775321574499ebbdcea833f28c487 | No late fee configuration found for school 550e8400-e29b-41d4-a716-446655440000
2026-04-19 12:15:53.900 +05:30 [INF] SmsApi.Services.FeeService | CorrelationId:2bc6732cbf9648d0b8bbaa79bd9c6e71 | Late fee calculation with partial payment: Total=12000.00, Paid=6000.00, Remaining=6000.00
2026-04-19 12:15:53.903 +05:30 [INF] SmsApi.Services.FeeService | CorrelationId:a91775321574499ebbdcea833f28c487 | Late fee calculation with partial payment: Total=12000.00, Paid=6000.00, Remaining=6000.00
2026-04-19 12:15:53.906 +05:30 [WRN] SmsApi.Services.FeeService | CorrelationId:2bc6732cbf9648d0b8bbaa79bd9c6e71 | No late fee configuration found for school 550e8400-e29b-41d4-a716-446655440000
2026-04-19 12:15:53.910 +05:30 [WRN] SmsApi.Services.FeeService | CorrelationId:a91775321574499ebbdcea833f28c487 | No late fee configuration found for school 550e8400-e29b-41d4-a716-446655440000
2026-04-19 12:15:53.914 +05:30 [WRN] SmsApi.Services.FeeService | CorrelationId:2bc6732cbf9648d0b8bbaa79bd9c6e71 | No late fee configuration found for school 550e8400-e29b-41d4-a716-446655440000
2026-04-19 12:15:53.915 +05:30 [WRN] SmsApi.Services.FeeService | CorrelationId:a91775321574499ebbdcea833f28c487 | No late fee configuration found for school 550e8400-e29b-41d4-a716-446655440000
2026-04-19 12:15:53.920 +05:30 [WRN] SmsApi.Services.FeeService | CorrelationId:2bc6732cbf9648d0b8bbaa79bd9c6e71 | No late fee configuration found for school 550e8400-e29b-41d4-a716-446655440000
2026-04-19 12:15:53.921 +05:30 [WRN] SmsApi.Services.FeeService | CorrelationId:a91775321574499ebbdcea833f28c487 | No late fee configuration found for school 550e8400-e29b-41d4-a716-446655440000
2026-04-19 12:15:53.928 +05:30 [INF] SmsApi.Services.FeeService | CorrelationId:2bc6732cbf9648d0b8bbaa79bd9c6e71 | Late fee calculation with partial payment: Total=12000.00, Paid=6000.00, Remaining=6000.00
2026-04-19 12:15:53.931 +05:30 [INF] SmsApi.Services.FeeService | CorrelationId:a91775321574499ebbdcea833f28c487 | Late fee calculation with partial payment: Total=12000.00, Paid=6000.00, Remaining=6000.00
2026-04-19 12:15:53.932 +05:30 [WRN] SmsApi.Services.FeeService | CorrelationId:2bc6732cbf9648d0b8bbaa79bd9c6e71 | No late fee configuration found for school 550e8400-e29b-41d4-a716-446655440000
2026-04-19 12:15:53.934 +05:30 [WRN] SmsApi.Services.FeeService | CorrelationId:a91775321574499ebbdcea833f28c487 | No late fee configuration found for school 550e8400-e29b-41d4-a716-446655440000
2026-04-19 12:15:53.938 +05:30 [WRN] SmsApi.Services.FeeService | CorrelationId:2bc6732cbf9648d0b8bbaa79bd9c6e71 | No late fee configuration found for school 550e8400-e29b-41d4-a716-446655440000
2026-04-19 12:15:53.938 +05:30 [WRN] SmsApi.Services.FeeService | CorrelationId:a91775321574499ebbdcea833f28c487 | No late fee configuration found for school 550e8400-e29b-41d4-a716-446655440000
2026-04-19 12:15:53.946 +05:30 [WRN] SmsApi.Services.FeeService | CorrelationId:2bc6732cbf9648d0b8bbaa79bd9c6e71 | No late fee configuration found for school 550e8400-e29b-41d4-a716-446655440000
2026-04-19 12:15:53.946 +05:30 [WRN] SmsApi.Services.FeeService | CorrelationId:a91775321574499ebbdcea833f28c487 | No late fee configuration found for school 550e8400-e29b-41d4-a716-446655440000
2026-04-19 12:15:53.949 +05:30 [INF] SmsApi.Services.FeeService | CorrelationId:2bc6732cbf9648d0b8bbaa79bd9c6e71 | Late fee calculation with partial payment: Total=12000.00, Paid=6000.00, Remaining=6000.00
2026-04-19 12:15:53.950 +05:30 [INF] SmsApi.Services.FeeService | CorrelationId:a91775321574499ebbdcea833f28c487 | Late fee calculation with partial payment: Total=12000.00, Paid=6000.00, Remaining=6000.00
2026-04-19 12:15:53.951 +05:30 [WRN] SmsApi.Services.FeeService | CorrelationId:2bc6732cbf9648d0b8bbaa79bd9c6e71 | No late fee configuration found for school 550e8400-e29b-41d4-a716-446655440000
2026-04-19 12:15:53.954 +05:30 [WRN] SmsApi.Services.FeeService | CorrelationId:a91775321574499ebbdcea833f28c487 | No late fee configuration found for school 550e8400-e29b-41d4-a716-446655440000
2026-04-19 12:15:53.958 +05:30 [WRN] SmsApi.Services.FeeService | CorrelationId:2bc6732cbf9648d0b8bbaa79bd9c6e71 | No late fee configuration found for school 550e8400-e29b-41d4-a716-446655440000
2026-04-19 12:15:53.961 +05:30 [WRN] SmsApi.Services.FeeService | CorrelationId:a91775321574499ebbdcea833f28c487 | No late fee configuration found for school 550e8400-e29b-41d4-a716-446655440000
2026-04-19 12:15:53.962 +05:30 [WRN] SmsApi.Services.FeeService | CorrelationId:2bc6732cbf9648d0b8bbaa79bd9c6e71 | No late fee configuration found for school 550e8400-e29b-41d4-a716-446655440000
2026-04-19 12:15:53.965 +05:30 [WRN] SmsApi.Services.FeeService | CorrelationId:a91775321574499ebbdcea833f28c487 | No late fee configuration found for school 550e8400-e29b-41d4-a716-446655440000
2026-04-19 12:15:53.968 +05:30 [WRN] SmsApi.Services.FeeService | CorrelationId:2bc6732cbf9648d0b8bbaa79bd9c6e71 | No late fee configuration found for school 550e8400-e29b-41d4-a716-446655440000
2026-04-19 12:15:53.972 +05:30 [INF] SmsApi.Services.FeeService | CorrelationId:2bc6732cbf9648d0b8bbaa79bd9c6e71 | Late fee calculation with partial payment: Total=12000.00, Paid=6000.00, Remaining=6000.00
2026-04-19 12:15:53.972 +05:30 [WRN] SmsApi.Services.FeeService | CorrelationId:a91775321574499ebbdcea833f28c487 | No late fee configuration found for school 550e8400-e29b-41d4-a716-446655440000
2026-04-19 12:15:53.974 +05:30 [WRN] SmsApi.Services.FeeService | CorrelationId:2bc6732cbf9648d0b8bbaa79bd9c6e71 | No late fee configuration found for school 550e8400-e29b-41d4-a716-446655440000
2026-04-19 12:15:53.976 +05:30 [INF] SmsApi.Services.FeeService | CorrelationId:a91775321574499ebbdcea833f28c487 | Late fee calculation with partial payment: Total=12000.00, Paid=6000.00, Remaining=6000.00
2026-04-19 12:15:53.978 +05:30 [WRN] SmsApi.Services.FeeService | CorrelationId:2bc6732cbf9648d0b8bbaa79bd9c6e71 | No late fee configuration found for school 550e8400-e29b-41d4-a716-446655440000
2026-04-19 12:15:53.978 +05:30 [WRN] SmsApi.Services.FeeService | CorrelationId:a91775321574499ebbdcea833f28c487 | No late fee configuration found for school 550e8400-e29b-41d4-a716-446655440000
2026-04-19 12:15:53.983 +05:30 [INF] SmsApi.Middleware.LoggingActionFilter | CorrelationId:2bc6732cbf9648d0b8bbaa79bd9c6e71 | API Response: GET /api/fees/records | Status: 200 | Duration: 442ms
2026-04-19 12:15:53.985 +05:30 [WRN] SmsApi.Services.FeeService | CorrelationId:a91775321574499ebbdcea833f28c487 | No late fee configuration found for school 550e8400-e29b-41d4-a716-446655440000
2026-04-19 12:15:53.989 +05:30 [INF] Serilog.AspNetCore.RequestLoggingMiddleware | CorrelationId:2bc6732cbf9648d0b8bbaa79bd9c6e71 | HTTP GET /api/fees/records responded 200 in 454.6845 ms
2026-04-19 12:15:53.989 +05:30 [INF] SmsApi.Middleware.LoggingActionFilter | CorrelationId:a91775321574499ebbdcea833f28c487 | API Response: GET /api/fees/records | Status: 200 | Duration: 399ms
2026-04-19 12:15:54.003 +05:30 [INF] Serilog.AspNetCore.RequestLoggingMiddleware | CorrelationId:a91775321574499ebbdcea833f28c487 | HTTP GET /api/fees/records responded 200 in 418.6076 ms
2026-04-19 12:15:55.002 +05:30 [INF] Serilog.AspNetCore.RequestLoggingMiddleware | CorrelationId:795d8e3010ab4a7cb0de87a78d986621 | HTTP OPTIONS /api/library/books responded 204 in 0.0471 ms
2026-04-19 12:15:55.002 +05:30 [INF] Serilog.AspNetCore.RequestLoggingMiddleware | CorrelationId:d4872c977e58480ca20294cb34db44b0 | HTTP OPTIONS /api/library/books responded 204 in 0.0134 ms
2026-04-19 12:15:55.002 +05:30 [INF] Serilog.AspNetCore.RequestLoggingMiddleware | CorrelationId:f20d3ec543d9403db5c4112169420035 | HTTP OPTIONS /api/library/issues responded 204 in 0.0083 ms
2026-04-19 12:15:55.002 +05:30 [INF] Serilog.AspNetCore.RequestLoggingMiddleware | CorrelationId:687868786b9c49b9830ebea3f313d549 | HTTP OPTIONS /api/library/issues responded 204 in 0.0128 ms
2026-04-19 12:15:55.051 +05:30 [INF] Serilog.AspNetCore.RequestLoggingMiddleware | CorrelationId:e03dec8f2b314eb38c5efbc0283ea318 | HTTP OPTIONS /api/library/stats responded 204 in 0.1030 ms
2026-04-19 12:15:55.056 +05:30 [INF] Serilog.AspNetCore.RequestLoggingMiddleware | CorrelationId:c6cc296e83774853bb5eb167826d8810 | HTTP OPTIONS /api/library/books responded 204 in 0.0626 ms
2026-04-19 12:15:55.066 +05:30 [INF] Serilog.AspNetCore.RequestLoggingMiddleware | CorrelationId:ef97a2d9a8c54d488a3a147825fcbb0d | HTTP OPTIONS /api/library/issues responded 204 in 0.0390 ms
2026-04-19 12:15:55.067 +05:30 [INF] Serilog.AspNetCore.RequestLoggingMiddleware | CorrelationId:cbbaffa4a97c45e790aa388c43b8f218 | HTTP OPTIONS /api/students responded 204 in 0.1412 ms
2026-04-19 12:15:55.067 +05:30 [INF] Serilog.AspNetCore.RequestLoggingMiddleware | CorrelationId:54e1affcfbc64bffaeebb1878d0809ee | HTTP OPTIONS /api/library/books responded 204 in 0.3443 ms
2026-04-19 12:15:55.075 +05:30 [INF] Serilog.AspNetCore.RequestLoggingMiddleware | CorrelationId:028f45cb58d843848e3ecb4525ded36e | HTTP OPTIONS /api/library/books responded 204 in 0.0708 ms
2026-04-19 12:15:55.085 +05:30 [INF] Serilog.AspNetCore.RequestLoggingMiddleware | CorrelationId:4c38cdcf1bf540668ac737271bf6306c | HTTP OPTIONS /api/library/issues responded 204 in 0.0335 ms
2026-04-19 12:15:55.092 +05:30 [INF] Serilog.AspNetCore.RequestLoggingMiddleware | CorrelationId:0548015072bb4db7a9ec43f404814e19 | HTTP OPTIONS /api/library/issues responded 204 in 0.0331 ms
2026-04-19 12:15:55.105 +05:30 [INF] Serilog.AspNetCore.RequestLoggingMiddleware | CorrelationId:74b9b7a09a2d403f974f14f9c8b8b8e9 | HTTP OPTIONS /api/library/stats responded 204 in 0.0393 ms
2026-04-19 12:15:55.127 +05:30 [INF] Serilog.AspNetCore.RequestLoggingMiddleware | CorrelationId:f79053beb4a940f0a9df3088592ff607 | HTTP OPTIONS /api/library/books responded 204 in 0.0473 ms
2026-04-19 12:15:55.208 +05:30 [INF] Serilog.AspNetCore.RequestLoggingMiddleware | CorrelationId:650efc7c8fcd4a35a409d996d67beb10 | HTTP OPTIONS /api/library/issues responded 204 in 0.0593 ms
2026-04-19 12:15:55.216 +05:30 [INF] Serilog.AspNetCore.RequestLoggingMiddleware | CorrelationId:5f33b454d40a44c69efa7a8f0a892460 | HTTP OPTIONS /api/students responded 204 in 0.0475 ms
2026-04-19 12:15:55.246 +05:30 [INF] SmsApi.Middleware.LoggingActionFilter | CorrelationId:cc65f61385e943c48ab2b1aa79f1e5fd | API Request: GET /api/library/books | User: Unknown | School: 550e8400-e29b-41d4-a716-446655440000
2026-04-19 12:15:55.279 +05:30 [INF] SmsApi.Middleware.LoggingActionFilter | CorrelationId:51a9c1ad8ec84279a47f28b23aff8139 | API Request: GET /api/library/books | User: Unknown | School: 550e8400-e29b-41d4-a716-446655440000
2026-04-19 12:15:55.248 +05:30 [INF] SmsApi.Middleware.LoggingActionFilter | CorrelationId:3c304f19dcfb448498b94da9cc8cd050 | API Request: GET /api/library/issues | User: Unknown | School: 550e8400-e29b-41d4-a716-446655440000
2026-04-19 12:15:55.258 +05:30 [INF] SmsApi.Middleware.LoggingActionFilter | CorrelationId:62addaec4161415da28983bc10993640 | API Request: GET /api/library/books | User: Unknown | School: 550e8400-e29b-41d4-a716-446655440000
2026-04-19 12:15:55.263 +05:30 [INF] SmsApi.Middleware.LoggingActionFilter | CorrelationId:0964bd63fca64780b976e38f1d5bd1da | API Request: GET /api/library/issues | User: Unknown | School: 550e8400-e29b-41d4-a716-446655440000
2026-04-19 12:15:55.280 +05:30 [INF] SmsApi.Middleware.LoggingActionFilter | CorrelationId:18017267a77b4b069f56fc0c54952a89 | API Request: GET /api/library/stats | User: Unknown | School: 550e8400-e29b-41d4-a716-446655440000
2026-04-19 12:15:55.371 +05:30 [INF] SmsApi.Middleware.LoggingActionFilter | CorrelationId:cc65f61385e943c48ab2b1aa79f1e5fd | API Response: GET /api/library/books | Status: 200 | Duration: 124ms
2026-04-19 12:15:55.374 +05:30 [INF] SmsApi.Middleware.LoggingActionFilter | CorrelationId:62addaec4161415da28983bc10993640 | API Response: GET /api/library/books | Status: 200 | Duration: 115ms
2026-04-19 12:15:55.374 +05:30 [INF] SmsApi.Middleware.LoggingActionFilter | CorrelationId:51a9c1ad8ec84279a47f28b23aff8139 | API Response: GET /api/library/books | Status: 200 | Duration: 94ms
2026-04-19 12:15:55.381 +05:30 [INF] SmsApi.Middleware.LoggingActionFilter | CorrelationId:3c304f19dcfb448498b94da9cc8cd050 | API Response: GET /api/library/issues | Status: 200 | Duration: 133ms
2026-04-19 12:15:55.382 +05:30 [INF] SmsApi.Middleware.LoggingActionFilter | CorrelationId:0964bd63fca64780b976e38f1d5bd1da | API Response: GET /api/library/issues | Status: 200 | Duration: 118ms
2026-04-19 12:15:55.407 +05:30 [INF] Serilog.AspNetCore.RequestLoggingMiddleware | CorrelationId:cc65f61385e943c48ab2b1aa79f1e5fd | HTTP GET /api/library/books responded 200 in 185.6490 ms
2026-04-19 12:15:55.409 +05:30 [INF] Serilog.AspNetCore.RequestLoggingMiddleware | CorrelationId:62addaec4161415da28983bc10993640 | HTTP GET /api/library/books responded 200 in 161.3352 ms
2026-04-19 12:15:55.413 +05:30 [INF] Serilog.AspNetCore.RequestLoggingMiddleware | CorrelationId:51a9c1ad8ec84279a47f28b23aff8139 | HTTP GET /api/library/books responded 200 in 139.0315 ms
2026-04-19 12:15:55.421 +05:30 [INF] Serilog.AspNetCore.RequestLoggingMiddleware | CorrelationId:3c304f19dcfb448498b94da9cc8cd050 | HTTP GET /api/library/issues responded 200 in 184.0534 ms
2026-04-19 12:15:55.426 +05:30 [INF] Serilog.AspNetCore.RequestLoggingMiddleware | CorrelationId:0964bd63fca64780b976e38f1d5bd1da | HTTP GET /api/library/issues responded 200 in 165.9615 ms
2026-04-19 12:15:55.455 +05:30 [INF] SmsApi.Middleware.LoggingActionFilter | CorrelationId:abb10ef804d546d4bef3e91d01e80a13 | API Request: GET /api/library/issues | User: Unknown | School: 550e8400-e29b-41d4-a716-446655440000
2026-04-19 12:15:55.533 +05:30 [INF] SmsApi.Middleware.LoggingActionFilter | CorrelationId:9a4d7803e6f74149a4d8b80357054cec | API Request: GET /api/students | User: Unknown | School: 550e8400-e29b-41d4-a716-446655440000
2026-04-19 12:15:55.546 +05:30 [INF] SmsApi.Middleware.LoggingActionFilter | CorrelationId:c7c7ba56716a4899a89f2ad1ca5ef671 | API Request: GET /api/library/books | User: Unknown | School: 550e8400-e29b-41d4-a716-446655440000
2026-04-19 12:15:55.559 +05:30 [INF] SmsApi.Middleware.LoggingActionFilter | CorrelationId:18017267a77b4b069f56fc0c54952a89 | API Response: GET /api/library/stats | Status: 200 | Duration: 279ms
2026-04-19 12:15:55.580 +05:30 [INF] SmsApi.Middleware.LoggingActionFilter | CorrelationId:78bab13c3d9c4276b522d405b8a009a7 | API Request: GET /api/library/books | User: Unknown | School: 550e8400-e29b-41d4-a716-446655440000
2026-04-19 12:15:55.596 +05:30 [INF] SmsApi.Middleware.LoggingActionFilter | CorrelationId:ddfbd5bdf08c4630a1c343357d2d2d96 | API Request: GET /api/library/issues | User: Unknown | School: 550e8400-e29b-41d4-a716-446655440000
2026-04-19 12:15:55.602 +05:30 [INF] SmsApi.Middleware.LoggingActionFilter | CorrelationId:abb10ef804d546d4bef3e91d01e80a13 | API Response: GET /api/library/issues | Status: 200 | Duration: 146ms
2026-04-19 12:15:55.613 +05:30 [INF] SmsApi.Middleware.LoggingActionFilter | CorrelationId:c7c7ba56716a4899a89f2ad1ca5ef671 | API Response: GET /api/library/books | Status: 200 | Duration: 67ms
2026-04-19 12:15:55.619 +05:30 [INF] SmsApi.Middleware.LoggingActionFilter | CorrelationId:9a4d7803e6f74149a4d8b80357054cec | API Response: GET /api/students | Status: 200 | Duration: 86ms
2026-04-19 12:15:55.627 +05:30 [INF] Serilog.AspNetCore.RequestLoggingMiddleware | CorrelationId:18017267a77b4b069f56fc0c54952a89 | HTTP GET /api/library/stats responded 200 in 360.4305 ms
2026-04-19 12:15:55.635 +05:30 [INF] SmsApi.Middleware.LoggingActionFilter | CorrelationId:78bab13c3d9c4276b522d405b8a009a7 | API Response: GET /api/library/books | Status: 200 | Duration: 54ms
2026-04-19 12:15:55.645 +05:30 [INF] SmsApi.Middleware.LoggingActionFilter | CorrelationId:ddfbd5bdf08c4630a1c343357d2d2d96 | API Response: GET /api/library/issues | Status: 200 | Duration: 48ms
2026-04-19 12:15:55.646 +05:30 [INF] Serilog.AspNetCore.RequestLoggingMiddleware | CorrelationId:abb10ef804d546d4bef3e91d01e80a13 | HTTP GET /api/library/issues responded 200 in 198.1612 ms
2026-04-19 12:15:55.655 +05:30 [INF] Serilog.AspNetCore.RequestLoggingMiddleware | CorrelationId:c7c7ba56716a4899a89f2ad1ca5ef671 | HTTP GET /api/library/books responded 200 in 112.2368 ms
2026-04-19 12:15:55.663 +05:30 [INF] Serilog.AspNetCore.RequestLoggingMiddleware | CorrelationId:9a4d7803e6f74149a4d8b80357054cec | HTTP GET /api/students responded 200 in 201.2772 ms
2026-04-19 12:15:55.673 +05:30 [INF] SmsApi.Middleware.LoggingActionFilter | CorrelationId:b0c6d1b3d4cb44ad9f13d08a740fd072 | API Request: GET /api/library/issues | User: Unknown | School: 550e8400-e29b-41d4-a716-446655440000
2026-04-19 12:15:55.676 +05:30 [INF] Serilog.AspNetCore.RequestLoggingMiddleware | CorrelationId:78bab13c3d9c4276b522d405b8a009a7 | HTTP GET /api/library/books responded 200 in 103.2911 ms
2026-04-19 12:15:55.682 +05:30 [INF] Serilog.AspNetCore.RequestLoggingMiddleware | CorrelationId:ddfbd5bdf08c4630a1c343357d2d2d96 | HTTP GET /api/library/issues responded 200 in 90.9119 ms
2026-04-19 12:15:55.692 +05:30 [INF] SmsApi.Middleware.LoggingActionFilter | CorrelationId:d87e0cd0c6db4360819b0c991056f5d3 | API Request: GET /api/library/stats | User: Unknown | School: 550e8400-e29b-41d4-a716-446655440000
2026-04-19 12:15:55.701 +05:30 [INF] SmsApi.Middleware.LoggingActionFilter | CorrelationId:ec1abdd5e3f84629b37a8c84e6fcea4a | API Request: GET /api/library/books | User: Unknown | School: 550e8400-e29b-41d4-a716-446655440000
2026-04-19 12:15:55.713 +05:30 [INF] SmsApi.Middleware.LoggingActionFilter | CorrelationId:3339ff03c2744d49862aa606a6287b60 | API Request: GET /api/library/issues | User: Unknown | School: 550e8400-e29b-41d4-a716-446655440000
2026-04-19 12:15:55.716 +05:30 [INF] SmsApi.Middleware.LoggingActionFilter | CorrelationId:b0c6d1b3d4cb44ad9f13d08a740fd072 | API Response: GET /api/library/issues | Status: 200 | Duration: 42ms
2026-04-19 12:15:55.728 +05:30 [INF] SmsApi.Middleware.LoggingActionFilter | CorrelationId:e1b88cdc491841b695893268bf902385 | API Request: GET /api/students | User: Unknown | School: 550e8400-e29b-41d4-a716-446655440000
2026-04-19 12:15:55.728 +05:30 [INF] Serilog.AspNetCore.RequestLoggingMiddleware | CorrelationId:3fb774ba78d4421f8a4bca7ecd9aa160 | HTTP OPTIONS /api/library/books responded 204 in 0.0426 ms
2026-04-19 12:15:55.737 +05:30 [INF] SmsApi.Middleware.LoggingActionFilter | CorrelationId:ec1abdd5e3f84629b37a8c84e6fcea4a | API Response: GET /api/library/books | Status: 200 | Duration: 36ms
2026-04-19 12:15:55.743 +05:30 [INF] SmsApi.Middleware.LoggingActionFilter | CorrelationId:d87e0cd0c6db4360819b0c991056f5d3 | API Response: GET /api/library/stats | Status: 200 | Duration: 50ms
2026-04-19 12:15:55.751 +05:30 [INF] SmsApi.Middleware.LoggingActionFilter | CorrelationId:3339ff03c2744d49862aa606a6287b60 | API Response: GET /api/library/issues | Status: 200 | Duration: 37ms
2026-04-19 12:15:55.755 +05:30 [INF] Serilog.AspNetCore.RequestLoggingMiddleware | CorrelationId:b0c6d1b3d4cb44ad9f13d08a740fd072 | HTTP GET /api/library/issues responded 200 in 84.6014 ms
2026-04-19 12:15:55.766 +05:30 [INF] SmsApi.Middleware.LoggingActionFilter | CorrelationId:e1b88cdc491841b695893268bf902385 | API Response: GET /api/students | Status: 200 | Duration: 37ms
2026-04-19 12:15:55.774 +05:30 [INF] SmsApi.Middleware.LoggingActionFilter | CorrelationId:282e154033b5442eb9b794bae5771664 | API Request: GET /api/library/books | User: Unknown | School: 550e8400-e29b-41d4-a716-446655440000
2026-04-19 12:15:55.775 +05:30 [INF] Serilog.AspNetCore.RequestLoggingMiddleware | CorrelationId:ec1abdd5e3f84629b37a8c84e6fcea4a | HTTP GET /api/library/books responded 200 in 77.2613 ms
2026-04-19 12:15:55.782 +05:30 [INF] Serilog.AspNetCore.RequestLoggingMiddleware | CorrelationId:d87e0cd0c6db4360819b0c991056f5d3 | HTTP GET /api/library/stats responded 200 in 93.6126 ms
2026-04-19 12:15:55.787 +05:30 [INF] Serilog.AspNetCore.RequestLoggingMiddleware | CorrelationId:3339ff03c2744d49862aa606a6287b60 | HTTP GET /api/library/issues responded 200 in 80.4460 ms
2026-04-19 12:15:55.799 +05:30 [INF] Serilog.AspNetCore.RequestLoggingMiddleware | CorrelationId:e1b88cdc491841b695893268bf902385 | HTTP GET /api/students responded 200 in 79.7330 ms
2026-04-19 12:15:55.810 +05:30 [INF] SmsApi.Middleware.LoggingActionFilter | CorrelationId:282e154033b5442eb9b794bae5771664 | API Response: GET /api/library/books | Status: 200 | Duration: 35ms
2026-04-19 12:15:55.844 +05:30 [INF] Serilog.AspNetCore.RequestLoggingMiddleware | CorrelationId:282e154033b5442eb9b794bae5771664 | HTTP GET /api/library/books responded 200 in 73.5976 ms
2026-04-19 12:15:57.495 +05:30 [INF] Serilog.AspNetCore.RequestLoggingMiddleware | CorrelationId:a08ce34f262c40c6b07d78363ed895d7 | HTTP OPTIONS /api/library/books responded 204 in 0.0468 ms
2026-04-19 12:15:57.495 +05:30 [INF] Serilog.AspNetCore.RequestLoggingMiddleware | CorrelationId:441aacf3dcc84d6c965ecf30d6f7ba2e | HTTP OPTIONS /api/library/books responded 204 in 0.0079 ms
2026-04-19 12:15:57.496 +05:30 [INF] Serilog.AspNetCore.RequestLoggingMiddleware | CorrelationId:9cd1bcf8060e420fbe389203ea7de9df | HTTP OPTIONS /api/library/issues responded 204 in 0.0081 ms
2026-04-19 12:15:57.496 +05:30 [INF] Serilog.AspNetCore.RequestLoggingMiddleware | CorrelationId:95a7ff15aa5b4a3d8b748f81d2b8afe5 | HTTP OPTIONS /api/library/issues responded 204 in 0.0033 ms
2026-04-19 12:15:57.496 +05:30 [INF] Serilog.AspNetCore.RequestLoggingMiddleware | CorrelationId:2826e2332cc14f698d681111bdb7e160 | HTTP OPTIONS /api/library/stats responded 204 in 0.0108 ms
2026-04-19 12:15:57.496 +05:30 [INF] Serilog.AspNetCore.RequestLoggingMiddleware | CorrelationId:a2c5648dafdc455ca29a713e0fc70fb2 | HTTP OPTIONS /api/library/books responded 204 in 0.0125 ms
2026-04-19 12:15:57.630 +05:30 [INF] Serilog.AspNetCore.RequestLoggingMiddleware | CorrelationId:2b0056dbafa34288ad0eeddb6d15674a | HTTP OPTIONS /api/library/issues responded 204 in 0.1851 ms
2026-04-19 12:15:57.633 +05:30 [INF] Serilog.AspNetCore.RequestLoggingMiddleware | CorrelationId:10e0f3ee6dbd4ff78ebe57308e0436df | HTTP OPTIONS /api/students responded 204 in 0.0195 ms
2026-04-19 12:15:57.638 +05:30 [INF] Serilog.AspNetCore.RequestLoggingMiddleware | CorrelationId:48f9fbf7c9984edfa55a2ba78bc47a06 | HTTP OPTIONS /api/academics/academic-years responded 204 in 0.0259 ms
2026-04-19 12:15:57.651 +05:30 [INF] Serilog.AspNetCore.RequestLoggingMiddleware | CorrelationId:30f72ada204b47afb8de38cac2cdfa9f | HTTP OPTIONS /api/library/books responded 204 in 0.1033 ms
2026-04-19 12:15:57.657 +05:30 [INF] Serilog.AspNetCore.RequestLoggingMiddleware | CorrelationId:c39e2074823b493ea4af21969a888d2e | HTTP OPTIONS /api/library/books responded 204 in 0.0601 ms
2026-04-19 12:15:57.663 +05:30 [INF] Serilog.AspNetCore.RequestLoggingMiddleware | CorrelationId:5570ffe271024c33bbd3c58e0e06c2e2 | HTTP OPTIONS /api/library/issues responded 204 in 0.0435 ms
2026-04-19 12:15:57.671 +05:30 [INF] Serilog.AspNetCore.RequestLoggingMiddleware | CorrelationId:1f3036f1cc414e8aaa0dbb63a618182f | HTTP OPTIONS /api/library/issues responded 204 in 0.0632 ms
2026-04-19 12:15:57.673 +05:30 [INF] Serilog.AspNetCore.RequestLoggingMiddleware | CorrelationId:386b813f1df5408cbdd67b1599a3617a | HTTP OPTIONS /api/library/stats responded 204 in 0.0195 ms
2026-04-19 12:15:57.680 +05:30 [INF] Serilog.AspNetCore.RequestLoggingMiddleware | CorrelationId:5a7357c35628481fb0c9ec091a8c0826 | HTTP OPTIONS /api/library/books responded 204 in 0.0593 ms
2026-04-19 12:15:57.684 +05:30 [INF] Serilog.AspNetCore.RequestLoggingMiddleware | CorrelationId:358a95a365cb454db412e857e6d75cdb | HTTP OPTIONS /api/library/issues responded 204 in 0.0499 ms
2026-04-19 12:15:57.694 +05:30 [INF] Serilog.AspNetCore.RequestLoggingMiddleware | CorrelationId:d32dfe8a7a5f41aeaa66cf032dbdbc98 | HTTP OPTIONS /api/students responded 204 in 0.0938 ms
2026-04-19 12:15:57.695 +05:30 [INF] Serilog.AspNetCore.RequestLoggingMiddleware | CorrelationId:61b9e54445c441e3b30f8341dd99afac | HTTP OPTIONS /api/academics/academic-years responded 204 in 0.0101 ms
2026-04-19 12:15:57.703 +05:30 [INF] Serilog.AspNetCore.RequestLoggingMiddleware | CorrelationId:32a06bfae58340b6b3c316e37bc42477 | HTTP OPTIONS /api/settings/school/me responded 204 in 0.0423 ms
2026-04-19 12:15:57.719 +05:30 [INF] SmsApi.Middleware.LoggingActionFilter | CorrelationId:eebd0897e0724865b6be7d2e8578c962 | API Request: GET /api/library/issues | User: Unknown | School: 550e8400-e29b-41d4-a716-446655440000
2026-04-19 12:15:57.733 +05:30 [INF] SmsApi.Middleware.LoggingActionFilter | CorrelationId:a10a17d8143643ccaf37800faca43c02 | API Request: GET /api/library/books | User: Unknown | School: 550e8400-e29b-41d4-a716-446655440000
2026-04-19 12:15:57.766 +05:30 [INF] SmsApi.Middleware.LoggingActionFilter | CorrelationId:982fa13a3b974f578e00c7f18633003e | API Request: GET /api/library/books | User: Unknown | School: 550e8400-e29b-41d4-a716-446655440000
2026-04-19 12:15:57.772 +05:30 [INF] SmsApi.Middleware.LoggingActionFilter | CorrelationId:a3fca32972704e42964e3e2624e2c348 | API Request: GET /api/library/issues | User: Unknown | School: 550e8400-e29b-41d4-a716-446655440000
2026-04-19 12:15:57.776 +05:30 [INF] SmsApi.Middleware.LoggingActionFilter | CorrelationId:f73e4bbc566e44e7bc9628e67f1e9d0d | API Request: GET /api/library/books | User: Unknown | School: 550e8400-e29b-41d4-a716-446655440000
2026-04-19 12:15:57.784 +05:30 [INF] SmsApi.Middleware.LoggingActionFilter | CorrelationId:ce77d740f59c4625bafafd601a703e00 | API Request: GET /api/library/stats | User: Unknown | School: 550e8400-e29b-41d4-a716-446655440000
2026-04-19 12:15:57.787 +05:30 [INF] SmsApi.Middleware.LoggingActionFilter | CorrelationId:eebd0897e0724865b6be7d2e8578c962 | API Response: GET /api/library/issues | Status: 200 | Duration: 67ms
2026-04-19 12:15:57.795 +05:30 [INF] SmsApi.Middleware.LoggingActionFilter | CorrelationId:a10a17d8143643ccaf37800faca43c02 | API Response: GET /api/library/books | Status: 200 | Duration: 62ms
2026-04-19 12:15:57.832 +05:30 [INF] SmsApi.Middleware.LoggingActionFilter | CorrelationId:a3fca32972704e42964e3e2624e2c348 | API Response: GET /api/library/issues | Status: 200 | Duration: 59ms
2026-04-19 12:15:57.924 +05:30 [INF] Serilog.AspNetCore.RequestLoggingMiddleware | CorrelationId:a3fca32972704e42964e3e2624e2c348 | HTTP GET /api/library/issues responded 200 in 155.8760 ms
2026-04-19 12:15:57.869 +05:30 [INF] Serilog.AspNetCore.RequestLoggingMiddleware | CorrelationId:eebd0897e0724865b6be7d2e8578c962 | HTTP GET /api/library/issues responded 200 in 157.1225 ms
2026-04-19 12:15:57.907 +05:30 [INF] Serilog.AspNetCore.RequestLoggingMiddleware | CorrelationId:a10a17d8143643ccaf37800faca43c02 | HTTP GET /api/library/books responded 200 in 199.4756 ms
2026-04-19 12:15:57.856 +05:30 [INF] SmsApi.Middleware.LoggingActionFilter | CorrelationId:982fa13a3b974f578e00c7f18633003e | API Response: GET /api/library/books | Status: 200 | Duration: 90ms
2026-04-19 12:15:57.976 +05:30 [INF] SmsApi.Middleware.LoggingActionFilter | CorrelationId:f73e4bbc566e44e7bc9628e67f1e9d0d | API Response: GET /api/library/books | Status: 200 | Duration: 199ms
2026-04-19 12:15:58.008 +05:30 [INF] SmsApi.Middleware.LoggingActionFilter | CorrelationId:597990d5c2424d2093909400ba91f8b5 | API Request: GET /api/library/issues | User: Unknown | School: 550e8400-e29b-41d4-a716-446655440000
2026-04-19 12:15:58.012 +05:30 [INF] SmsApi.Middleware.LoggingActionFilter | CorrelationId:ce77d740f59c4625bafafd601a703e00 | API Response: GET /api/library/stats | Status: 200 | Duration: 228ms
2026-04-19 12:15:58.017 +05:30 [INF] Serilog.AspNetCore.RequestLoggingMiddleware | CorrelationId:982fa13a3b974f578e00c7f18633003e | HTTP GET /api/library/books responded 200 in 258.6904 ms
2026-04-19 12:15:58.021 +05:30 [INF] Serilog.AspNetCore.RequestLoggingMiddleware | CorrelationId:f73e4bbc566e44e7bc9628e67f1e9d0d | HTTP GET /api/library/books responded 200 in 250.2343 ms
2026-04-19 12:15:58.031 +05:30 [INF] SmsApi.Middleware.LoggingActionFilter | CorrelationId:ca865d871782444f9952344170b196d0 | API Request: GET /api/students | User: Unknown | School: 550e8400-e29b-41d4-a716-446655440000
2026-04-19 12:15:58.037 +05:30 [INF] Serilog.AspNetCore.RequestLoggingMiddleware | CorrelationId:ce77d740f59c4625bafafd601a703e00 | HTTP GET /api/library/stats responded 200 in 256.1282 ms
2026-04-19 12:15:58.053 +05:30 [INF] SmsApi.Middleware.LoggingActionFilter | CorrelationId:597990d5c2424d2093909400ba91f8b5 | API Response: GET /api/library/issues | Status: 200 | Duration: 45ms
2026-04-19 12:15:58.067 +05:30 [INF] SmsApi.Middleware.LoggingActionFilter | CorrelationId:6c5256a761cb42ffb29a3534e2580152 | API Request: GET /api/academics/academic-years | User: Unknown | School: 550e8400-e29b-41d4-a716-446655440000
2026-04-19 12:15:58.083 +05:30 [INF] SmsApi.Middleware.LoggingActionFilter | CorrelationId:ca865d871782444f9952344170b196d0 | API Response: GET /api/students | Status: 200 | Duration: 51ms
2026-04-19 12:15:58.160 +05:30 [INF] SmsApi.Middleware.LoggingActionFilter | CorrelationId:452b784980794193a5b69b1de5634c76 | API Request: GET /api/library/books | User: Unknown | School: 550e8400-e29b-41d4-a716-446655440000
2026-04-19 12:15:58.165 +05:30 [INF] SmsApi.Middleware.LoggingActionFilter | CorrelationId:8517f367ad7e4e04a057f18885d67446 | API Request: GET /api/library/issues | User: Unknown | School: 550e8400-e29b-41d4-a716-446655440000
2026-04-19 12:15:58.165 +05:30 [INF] SmsApi.Middleware.LoggingActionFilter | CorrelationId:faa0aef402994a9f985aaf08f38d06bd | API Request: GET /api/library/books | User: Unknown | School: 550e8400-e29b-41d4-a716-446655440000
2026-04-19 12:15:58.169 +05:30 [INF] Serilog.AspNetCore.RequestLoggingMiddleware | CorrelationId:597990d5c2424d2093909400ba91f8b5 | HTTP GET /api/library/issues responded 200 in 170.5334 ms
2026-04-19 12:15:58.184 +05:30 [INF] SmsApi.Middleware.LoggingActionFilter | CorrelationId:6c5256a761cb42ffb29a3534e2580152 | API Response: GET /api/academics/academic-years | Status: 200 | Duration: 117ms
2026-04-19 12:15:58.188 +05:30 [INF] Serilog.AspNetCore.RequestLoggingMiddleware | CorrelationId:ca865d871782444f9952344170b196d0 | HTTP GET /api/students responded 200 in 176.9083 ms
2026-04-19 12:15:58.202 +05:30 [INF] SmsApi.Middleware.LoggingActionFilter | CorrelationId:452b784980794193a5b69b1de5634c76 | API Response: GET /api/library/books | Status: 200 | Duration: 42ms
2026-04-19 12:15:58.208 +05:30 [INF] SmsApi.Middleware.LoggingActionFilter | CorrelationId:8517f367ad7e4e04a057f18885d67446 | API Response: GET /api/library/issues | Status: 200 | Duration: 43ms
2026-04-19 12:15:58.212 +05:30 [INF] SmsApi.Middleware.LoggingActionFilter | CorrelationId:faa0aef402994a9f985aaf08f38d06bd | API Response: GET /api/library/books | Status: 200 | Duration: 46ms
2026-04-19 12:15:58.223 +05:30 [INF] SmsApi.Middleware.LoggingActionFilter | CorrelationId:865188fb70284d2f8991fdf24bc7a149 | API Request: GET /api/library/stats | User: Unknown | School: 550e8400-e29b-41d4-a716-446655440000
2026-04-19 12:15:58.226 +05:30 [INF] Serilog.AspNetCore.RequestLoggingMiddleware | CorrelationId:6c5256a761cb42ffb29a3534e2580152 | HTTP GET /api/academics/academic-years responded 200 in 160.2980 ms
2026-04-19 12:15:58.244 +05:30 [INF] SmsApi.Middleware.LoggingActionFilter | CorrelationId:70c10be6324e4451aa8706c50a1ccf5e | API Request: GET /api/library/issues | User: Unknown | School: 550e8400-e29b-41d4-a716-446655440000
2026-04-19 12:15:58.248 +05:30 [INF] Serilog.AspNetCore.RequestLoggingMiddleware | CorrelationId:452b784980794193a5b69b1de5634c76 | HTTP GET /api/library/books responded 200 in 171.4408 ms
2026-04-19 12:15:58.256 +05:30 [INF] Serilog.AspNetCore.RequestLoggingMiddleware | CorrelationId:8517f367ad7e4e04a057f18885d67446 | HTTP GET /api/library/issues responded 200 in 93.2136 ms
2026-04-19 12:15:58.263 +05:30 [INF] Serilog.AspNetCore.RequestLoggingMiddleware | CorrelationId:faa0aef402994a9f985aaf08f38d06bd | HTTP GET /api/library/books responded 200 in 101.6160 ms
2026-04-19 12:15:58.286 +05:30 [INF] SmsApi.Middleware.LoggingActionFilter | CorrelationId:865188fb70284d2f8991fdf24bc7a149 | API Response: GET /api/library/stats | Status: 200 | Duration: 62ms
2026-04-19 12:15:58.289 +05:30 [INF] SmsApi.Middleware.LoggingActionFilter | CorrelationId:df739f5f96a4496d86e959b6cf37d8cb | API Request: GET /api/library/books | User: Unknown | School: 550e8400-e29b-41d4-a716-446655440000
2026-04-19 12:15:58.292 +05:30 [INF] SmsApi.Middleware.LoggingActionFilter | CorrelationId:70c10be6324e4451aa8706c50a1ccf5e | API Response: GET /api/library/issues | Status: 200 | Duration: 48ms
2026-04-19 12:15:58.309 +05:30 [INF] SmsApi.Middleware.LoggingActionFilter | CorrelationId:b45b9ab9f4914d7996729483b58dda42 | API Request: GET /api/library/issues | User: Unknown | School: 550e8400-e29b-41d4-a716-446655440000
2026-04-19 12:15:58.315 +05:30 [INF] SmsApi.Middleware.LoggingActionFilter | CorrelationId:f859b71d8f124389a2b101760464aa5c | API Request: GET /api/students | User: Unknown | School: 550e8400-e29b-41d4-a716-446655440000
2026-04-19 12:15:58.321 +05:30 [INF] SmsApi.Middleware.LoggingActionFilter | CorrelationId:c7a19bee21dd4148926ea1c5ac58858a | API Request: GET /api/academics/academic-years | User: Unknown | School: 550e8400-e29b-41d4-a716-446655440000
2026-04-19 12:15:58.324 +05:30 [INF] Serilog.AspNetCore.RequestLoggingMiddleware | CorrelationId:865188fb70284d2f8991fdf24bc7a149 | HTTP GET /api/library/stats responded 200 in 103.6739 ms
2026-04-19 12:15:58.336 +05:30 [INF] SmsApi.Middleware.LoggingActionFilter | CorrelationId:df739f5f96a4496d86e959b6cf37d8cb | API Response: GET /api/library/books | Status: 200 | Duration: 47ms
2026-04-19 12:15:58.344 +05:30 [INF] Serilog.AspNetCore.RequestLoggingMiddleware | CorrelationId:70c10be6324e4451aa8706c50a1ccf5e | HTTP GET /api/library/issues responded 200 in 104.9457 ms
2026-04-19 12:15:58.362 +05:30 [INF] SmsApi.Middleware.LoggingActionFilter | CorrelationId:b45b9ab9f4914d7996729483b58dda42 | API Response: GET /api/library/issues | Status: 200 | Duration: 53ms
2026-04-19 12:15:58.377 +05:30 [INF] SmsApi.Middleware.LoggingActionFilter | CorrelationId:f859b71d8f124389a2b101760464aa5c | API Response: GET /api/students | Status: 200 | Duration: 62ms
2026-04-19 12:15:58.388 +05:30 [INF] SmsApi.Middleware.LoggingActionFilter | CorrelationId:c7a19bee21dd4148926ea1c5ac58858a | API Response: GET /api/academics/academic-years | Status: 200 | Duration: 66ms
2026-04-19 12:15:58.395 +05:30 [INF] SmsApi.Middleware.LoggingActionFilter | CorrelationId:dc86c8365a324f0c902ec8144ab493d2 | API Request: GET /api/settings/school/me | User: Unknown | School: 550e8400-e29b-41d4-a716-446655440000
2026-04-19 12:15:58.401 +05:30 [INF] Serilog.AspNetCore.RequestLoggingMiddleware | CorrelationId:df739f5f96a4496d86e959b6cf37d8cb | HTTP GET /api/library/books responded 200 in 116.6733 ms
2026-04-19 12:15:58.432 +05:30 [INF] Serilog.AspNetCore.RequestLoggingMiddleware | CorrelationId:44352ff935b44911b5eca588bbb4caa9 | HTTP OPTIONS /api/library/books responded 204 in 0.0425 ms
2026-04-19 12:15:58.453 +05:30 [INF] Serilog.AspNetCore.RequestLoggingMiddleware | CorrelationId:b45b9ab9f4914d7996729483b58dda42 | HTTP GET /api/library/issues responded 200 in 153.8166 ms
2026-04-19 12:15:58.470 +05:30 [INF] Serilog.AspNetCore.RequestLoggingMiddleware | CorrelationId:f859b71d8f124389a2b101760464aa5c | HTTP GET /api/students responded 200 in 158.6199 ms
2026-04-19 12:15:58.476 +05:30 [INF] Serilog.AspNetCore.RequestLoggingMiddleware | CorrelationId:c7a19bee21dd4148926ea1c5ac58858a | HTTP GET /api/academics/academic-years responded 200 in 155.7525 ms
2026-04-19 12:15:58.490 +05:30 [INF] SmsApi.Middleware.LoggingActionFilter | CorrelationId:dc86c8365a324f0c902ec8144ab493d2 | API Response: GET /api/settings/school/me | Status: 200 | Duration: 95ms
2026-04-19 12:15:58.534 +05:30 [INF] SmsApi.Middleware.LoggingActionFilter | CorrelationId:6c7c2c9e780f4253929e261f08e31c92 | API Request: GET /api/library/books | User: Unknown | School: 550e8400-e29b-41d4-a716-446655440000
2026-04-19 12:15:58.558 +05:30 [INF] Serilog.AspNetCore.RequestLoggingMiddleware | CorrelationId:dc86c8365a324f0c902ec8144ab493d2 | HTTP GET /api/settings/school/me responded 200 in 163.5378 ms
2026-04-19 12:15:58.565 +05:30 [INF] SmsApi.Middleware.LoggingActionFilter | CorrelationId:6c7c2c9e780f4253929e261f08e31c92 | API Response: GET /api/library/books | Status: 200 | Duration: 31ms
2026-04-19 12:15:58.583 +05:30 [INF] Serilog.AspNetCore.RequestLoggingMiddleware | CorrelationId:6c7c2c9e780f4253929e261f08e31c92 | HTTP GET /api/library/books responded 200 in 55.2576 ms
2026-04-19 12:16:06.208 +05:30 [INF] Serilog.AspNetCore.RequestLoggingMiddleware | CorrelationId:f7388ba042124bd79513abff4b5d6be8 | HTTP OPTIONS /api/academics/academic-years responded 204 in 1.3290 ms
2026-04-19 12:16:06.230 +05:30 [INF] Serilog.AspNetCore.RequestLoggingMiddleware | CorrelationId:107926e7e0084576bf5abd6211e4bd86 | HTTP OPTIONS /api/academics/academic-years responded 204 in 0.2047 ms
2026-04-19 12:16:06.337 +05:30 [INF] Serilog.AspNetCore.RequestLoggingMiddleware | CorrelationId:649a613601d44448ba1fdee22169a3a5 | HTTP OPTIONS /api/settings/school/me responded 204 in 0.0764 ms
2026-04-19 12:16:06.442 +05:30 [INF] Serilog.AspNetCore.RequestLoggingMiddleware | CorrelationId:f66a4a2f7e464923a6b489657bec54cb | HTTP OPTIONS /api/students responded 204 in 0.0435 ms
2026-04-19 12:16:06.677 +05:30 [INF] Serilog.AspNetCore.RequestLoggingMiddleware | CorrelationId:d6d113911c264bae9591f488f1fdb5c0 | HTTP OPTIONS /api/staff responded 204 in 0.0436 ms
2026-04-19 12:16:06.681 +05:30 [INF] Serilog.AspNetCore.RequestLoggingMiddleware | CorrelationId:07bc8b1545b443d88bf9c0671f732370 | HTTP OPTIONS /api/Attendance/records responded 204 in 0.0305 ms
2026-04-19 12:16:06.693 +05:30 [INF] Serilog.AspNetCore.RequestLoggingMiddleware | CorrelationId:e3e84e0edb984c1abe421b64f121ea19 | HTTP OPTIONS /api/fees/stats responded 204 in 0.2188 ms
2026-04-19 12:16:06.698 +05:30 [INF] Serilog.AspNetCore.RequestLoggingMiddleware | CorrelationId:862b491183354c5f95f062a2ed4ea6f7 | HTTP OPTIONS /api/students responded 204 in 0.0652 ms
2026-04-19 12:16:06.702 +05:30 [INF] Serilog.AspNetCore.RequestLoggingMiddleware | CorrelationId:ca394e03cb194548a914af295d1c8879 | HTTP OPTIONS /api/staff responded 204 in 0.0643 ms
2026-04-19 12:16:06.716 +05:30 [INF] Serilog.AspNetCore.RequestLoggingMiddleware | CorrelationId:8e7f4951757845ed93f7411ad96bc933 | HTTP OPTIONS /api/Attendance/records responded 204 in 0.0384 ms
2026-04-19 12:16:06.725 +05:30 [INF] Serilog.AspNetCore.RequestLoggingMiddleware | CorrelationId:db191cf7448344d79e021d0a51df4d09 | HTTP OPTIONS /api/fees/stats responded 204 in 0.0493 ms
2026-04-19 12:16:06.741 +05:30 [INF] SmsApi.Middleware.LoggingActionFilter | CorrelationId:67f1d05112bb4b56962e2ab9f349e1d4 | API Request: GET /api/academics/academic-years | User: Unknown | School: 550e8400-e29b-41d4-a716-446655440000
2026-04-19 12:16:06.758 +05:30 [INF] SmsApi.Middleware.LoggingActionFilter | CorrelationId:d937bccbdcaa4571a083baa01763c7a2 | API Request: GET /api/academics/academic-years | User: Unknown | School: 550e8400-e29b-41d4-a716-446655440000
2026-04-19 12:16:06.758 +05:30 [INF] SmsApi.Middleware.LoggingActionFilter | CorrelationId:42caef1d144944dfbc21cfbe1daca553 | API Request: GET /api/settings/school/me | User: Unknown | School: 550e8400-e29b-41d4-a716-446655440000
2026-04-19 12:16:06.782 +05:30 [INF] SmsApi.Middleware.LoggingActionFilter | CorrelationId:19ce8837daf64ce3a6c062ed8bdef520 | API Request: GET /api/students | User: Unknown | School: 550e8400-e29b-41d4-a716-446655440000
2026-04-19 12:16:06.799 +05:30 [INF] SmsApi.Middleware.LoggingActionFilter | CorrelationId:d8bfbd8961f541a3ae611742300de503 | API Request: GET /api/Attendance/records | User: Unknown | School: 550e8400-e29b-41d4-a716-446655440000
2026-04-19 12:16:06.804 +05:30 [INF] SmsApi.Middleware.LoggingActionFilter | CorrelationId:67f1d05112bb4b56962e2ab9f349e1d4 | API Response: GET /api/academics/academic-years | Status: 200 | Duration: 62ms
2026-04-19 12:16:06.812 +05:30 [INF] SmsApi.Middleware.LoggingActionFilter | CorrelationId:d937bccbdcaa4571a083baa01763c7a2 | API Response: GET /api/academics/academic-years | Status: 200 | Duration: 53ms
2026-04-19 12:16:06.818 +05:30 [INF] SmsApi.Middleware.LoggingActionFilter | CorrelationId:c497b3a61f8040679602a9f1e3cb1496 | API Request: GET /api/staff | User: Unknown | School: 550e8400-e29b-41d4-a716-446655440000
2026-04-19 12:16:06.829 +05:30 [INF] SmsApi.Middleware.LoggingActionFilter | CorrelationId:42caef1d144944dfbc21cfbe1daca553 | API Response: GET /api/settings/school/me | Status: 200 | Duration: 71ms
2026-04-19 12:16:06.838 +05:30 [INF] Serilog.AspNetCore.RequestLoggingMiddleware | CorrelationId:67f1d05112bb4b56962e2ab9f349e1d4 | HTTP GET /api/academics/academic-years responded 200 in 97.7578 ms
2026-04-19 12:16:06.843 +05:30 [INF] Serilog.AspNetCore.RequestLoggingMiddleware | CorrelationId:d937bccbdcaa4571a083baa01763c7a2 | HTTP GET /api/academics/academic-years responded 200 in 85.2174 ms
2026-04-19 12:16:06.851 +05:30 [INF] SmsApi.Middleware.LoggingActionFilter | CorrelationId:19ce8837daf64ce3a6c062ed8bdef520 | API Response: GET /api/students | Status: 200 | Duration: 69ms
2026-04-19 12:16:06.852 +05:30 [INF] Serilog.AspNetCore.RequestLoggingMiddleware | CorrelationId:42caef1d144944dfbc21cfbe1daca553 | HTTP GET /api/settings/school/me responded 200 in 98.1995 ms
2026-04-19 12:16:06.861 +05:30 [INF] SmsApi.Middleware.LoggingActionFilter | CorrelationId:c497b3a61f8040679602a9f1e3cb1496 | API Response: GET /api/staff | Status: 200 | Duration: 43ms
2026-04-19 12:16:06.880 +05:30 [INF] SmsApi.Middleware.LoggingActionFilter | CorrelationId:d8bfbd8961f541a3ae611742300de503 | API Response: GET /api/Attendance/records | Status: 200 | Duration: 81ms
2026-04-19 12:16:06.906 +05:30 [INF] Serilog.AspNetCore.RequestLoggingMiddleware | CorrelationId:19ce8837daf64ce3a6c062ed8bdef520 | HTTP GET /api/students responded 200 in 131.1657 ms
2026-04-19 12:16:06.912 +05:30 [INF] SmsApi.Middleware.LoggingActionFilter | CorrelationId:af050c629dce4e729978c9aaacd81d3f | API Request: GET /api/students | User: Unknown | School: 550e8400-e29b-41d4-a716-446655440000
2026-04-19 12:16:06.917 +05:30 [INF] Serilog.AspNetCore.RequestLoggingMiddleware | CorrelationId:c497b3a61f8040679602a9f1e3cb1496 | HTTP GET /api/staff responded 200 in 103.3551 ms
2026-04-19 12:16:06.919 +05:30 [INF] Serilog.AspNetCore.RequestLoggingMiddleware | CorrelationId:d8bfbd8961f541a3ae611742300de503 | HTTP GET /api/Attendance/records responded 200 in 133.3614 ms
2026-04-19 12:16:06.932 +05:30 [INF] SmsApi.Middleware.LoggingActionFilter | CorrelationId:b6eba3a58bfb4af28c708fa9e37577ae | API Request: GET /api/staff | User: Unknown | School: 550e8400-e29b-41d4-a716-446655440000
2026-04-19 12:16:06.940 +05:30 [INF] SmsApi.Middleware.LoggingActionFilter | CorrelationId:5dd1298143d74b01ac1564459ae49770 | API Request: GET /api/fees/stats | User: Unknown | School: 550e8400-e29b-41d4-a716-446655440000
2026-04-19 12:16:06.957 +05:30 [INF] SmsApi.Middleware.LoggingActionFilter | CorrelationId:af050c629dce4e729978c9aaacd81d3f | API Response: GET /api/students | Status: 200 | Duration: 45ms
2026-04-19 12:16:06.969 +05:30 [INF] SmsApi.Middleware.LoggingActionFilter | CorrelationId:5693bd1b9e2748d0b0561b60009a2ff0 | API Request: GET /api/Attendance/records | User: Unknown | School: 550e8400-e29b-41d4-a716-446655440000
2026-04-19 12:16:06.973 +05:30 [INF] SmsApi.Middleware.LoggingActionFilter | CorrelationId:46dca217a545454b889f3fc49924fd93 | API Request: GET /api/fees/stats | User: Unknown | School: 550e8400-e29b-41d4-a716-446655440000
2026-04-19 12:16:06.985 +05:30 [INF] SmsApi.Middleware.LoggingActionFilter | CorrelationId:b6eba3a58bfb4af28c708fa9e37577ae | API Response: GET /api/staff | Status: 200 | Duration: 53ms
2026-04-19 12:16:06.994 +05:30 [INF] Serilog.AspNetCore.RequestLoggingMiddleware | CorrelationId:af050c629dce4e729978c9aaacd81d3f | HTTP GET /api/students responded 200 in 120.1750 ms
2026-04-19 12:16:07.007 +05:30 [INF] SmsApi.Middleware.LoggingActionFilter | CorrelationId:5dd1298143d74b01ac1564459ae49770 | API Response: GET /api/fees/stats | Status: 200 | Duration: 67ms
2026-04-19 12:16:07.007 +05:30 [INF] SmsApi.Middleware.LoggingActionFilter | CorrelationId:5693bd1b9e2748d0b0561b60009a2ff0 | API Response: GET /api/Attendance/records | Status: 200 | Duration: 38ms
2026-04-19 12:16:07.017 +05:30 [INF] SmsApi.Middleware.LoggingActionFilter | CorrelationId:46dca217a545454b889f3fc49924fd93 | API Response: GET /api/fees/stats | Status: 200 | Duration: 44ms
2026-04-19 12:16:07.021 +05:30 [INF] Serilog.AspNetCore.RequestLoggingMiddleware | CorrelationId:b6eba3a58bfb4af28c708fa9e37577ae | HTTP GET /api/staff responded 200 in 93.0740 ms
2026-04-19 12:16:07.042 +05:30 [INF] Serilog.AspNetCore.RequestLoggingMiddleware | CorrelationId:5dd1298143d74b01ac1564459ae49770 | HTTP GET /api/fees/stats responded 200 in 104.2947 ms
2026-04-19 12:16:07.056 +05:30 [INF] Serilog.AspNetCore.RequestLoggingMiddleware | CorrelationId:5693bd1b9e2748d0b0561b60009a2ff0 | HTTP GET /api/Attendance/records responded 200 in 92.6550 ms
2026-04-19 12:16:07.065 +05:30 [INF] Serilog.AspNetCore.RequestLoggingMiddleware | CorrelationId:46dca217a545454b889f3fc49924fd93 | HTTP GET /api/fees/stats responded 200 in 93.9425 ms
2026-04-19 12:16:08.062 +05:30 [INF] Serilog.AspNetCore.RequestLoggingMiddleware | CorrelationId:b0368945875f47aeaf74dc961770b2f8 | HTTP OPTIONS /api/permissions/roles responded 204 in 0.0753 ms
2026-04-19 12:16:08.062 +05:30 [INF] Serilog.AspNetCore.RequestLoggingMiddleware | CorrelationId:0bba7b5de1c14f53a3ab4cd2c1b387f7 | HTTP OPTIONS /api/permissions/roles responded 204 in 0.0094 ms
2026-04-19 12:16:08.062 +05:30 [INF] Serilog.AspNetCore.RequestLoggingMiddleware | CorrelationId:df4cc41ae9464985acce896fa1448f34 | HTTP OPTIONS /api/permissions/stats responded 204 in 0.0066 ms
2026-04-19 12:16:08.062 +05:30 [INF] Serilog.AspNetCore.RequestLoggingMiddleware | CorrelationId:a38513bed72b4bcdbb2c2bb3a376c63f | HTTP OPTIONS /api/permissions/stats responded 204 in 0.0074 ms
2026-04-19 12:16:08.121 +05:30 [INF] SmsApi.Middleware.LoggingActionFilter | CorrelationId:916ca69ee1f340f4a4bc5655aa7e6d43 | API Request: GET /api/permissions/roles | User: Unknown | School: 550e8400-e29b-41d4-a716-446655440000
2026-04-19 12:16:08.123 +05:30 [INF] SmsApi.Middleware.LoggingActionFilter | CorrelationId:982fc8f00f32490e8ec21ebe922ad355 | API Request: GET /api/permissions/roles | User: Unknown | School: 550e8400-e29b-41d4-a716-446655440000
2026-04-19 12:16:08.145 +05:30 [INF] SmsApi.Middleware.LoggingActionFilter | CorrelationId:fd4387b17f2b41b983f2e7def395a6ba | API Request: GET /api/permissions/stats | User: Unknown | School: 550e8400-e29b-41d4-a716-446655440000
2026-04-19 12:16:08.156 +05:30 [INF] SmsApi.Middleware.LoggingActionFilter | CorrelationId:6e0ef9db345a42a88abd7d538e91a0c4 | API Request: GET /api/permissions/stats | User: Unknown | School: 550e8400-e29b-41d4-a716-446655440000
2026-04-19 12:16:08.271 +05:30 [INF] SmsApi.Middleware.LoggingActionFilter | CorrelationId:fd4387b17f2b41b983f2e7def395a6ba | API Response: GET /api/permissions/stats | Status: 200 | Duration: 125ms
2026-04-19 12:16:08.271 +05:30 [INF] SmsApi.Middleware.LoggingActionFilter | CorrelationId:6e0ef9db345a42a88abd7d538e91a0c4 | API Response: GET /api/permissions/stats | Status: 200 | Duration: 115ms
2026-04-19 12:16:08.285 +05:30 [INF] Serilog.AspNetCore.RequestLoggingMiddleware | CorrelationId:6e0ef9db345a42a88abd7d538e91a0c4 | HTTP GET /api/permissions/stats responded 200 in 134.1213 ms
2026-04-19 12:16:08.277 +05:30 [INF] Serilog.AspNetCore.RequestLoggingMiddleware | CorrelationId:fd4387b17f2b41b983f2e7def395a6ba | HTTP GET /api/permissions/stats responded 200 in 135.3655 ms
2026-04-19 12:16:08.309 +05:30 [INF] SmsApi.Middleware.LoggingActionFilter | CorrelationId:982fc8f00f32490e8ec21ebe922ad355 | API Response: GET /api/permissions/roles | Status: 200 | Duration: 186ms
2026-04-19 12:16:08.309 +05:30 [INF] SmsApi.Middleware.LoggingActionFilter | CorrelationId:916ca69ee1f340f4a4bc5655aa7e6d43 | API Response: GET /api/permissions/roles | Status: 200 | Duration: 188ms
2026-04-19 12:16:08.328 +05:30 [INF] Serilog.AspNetCore.RequestLoggingMiddleware | CorrelationId:916ca69ee1f340f4a4bc5655aa7e6d43 | HTTP GET /api/permissions/roles responded 200 in 221.4283 ms
2026-04-19 12:16:08.328 +05:30 [INF] Serilog.AspNetCore.RequestLoggingMiddleware | CorrelationId:982fc8f00f32490e8ec21ebe922ad355 | HTTP GET /api/permissions/roles responded 200 in 208.3382 ms
2026-04-19 12:16:11.375 +05:30 [INF] Serilog.AspNetCore.RequestLoggingMiddleware | CorrelationId:546c01125cf04e56b3c2017b4ac84ba9 | HTTP OPTIONS /api/transport/routes responded 204 in 0.0450 ms
2026-04-19 12:16:11.376 +05:30 [INF] Serilog.AspNetCore.RequestLoggingMiddleware | CorrelationId:4e8f4f4444964c0f916e25c1d4c8abd9 | HTTP OPTIONS /api/transport/routes responded 204 in 0.0069 ms
2026-04-19 12:16:11.467 +05:30 [INF] SmsApi.Middleware.LoggingActionFilter | CorrelationId:54135fa8c2744ef5bd54f6855dc34c1b | API Request: GET /api/transport/routes | User: Unknown | School: 550e8400-e29b-41d4-a716-446655440000
2026-04-19 12:16:11.473 +05:30 [INF] SmsApi.Middleware.LoggingActionFilter | CorrelationId:52dda94a7f7645ec9f0446ca1541a294 | API Request: GET /api/transport/routes | User: Unknown | School: 550e8400-e29b-41d4-a716-446655440000
2026-04-19 12:16:11.554 +05:30 [INF] SmsApi.Middleware.LoggingActionFilter | CorrelationId:54135fa8c2744ef5bd54f6855dc34c1b | API Response: GET /api/transport/routes | Status: 200 | Duration: 87ms
2026-04-19 12:16:11.554 +05:30 [INF] SmsApi.Middleware.LoggingActionFilter | CorrelationId:52dda94a7f7645ec9f0446ca1541a294 | API Response: GET /api/transport/routes | Status: 200 | Duration: 81ms
2026-04-19 12:16:11.573 +05:30 [INF] Serilog.AspNetCore.RequestLoggingMiddleware | CorrelationId:52dda94a7f7645ec9f0446ca1541a294 | HTTP GET /api/transport/routes responded 200 in 106.3360 ms
2026-04-19 12:16:11.573 +05:30 [INF] Serilog.AspNetCore.RequestLoggingMiddleware | CorrelationId:54135fa8c2744ef5bd54f6855dc34c1b | HTTP GET /api/transport/routes responded 200 in 124.7119 ms
2026-04-19 12:16:12.552 +05:30 [INF] Serilog.AspNetCore.RequestLoggingMiddleware | CorrelationId:84111d6a753547778aebf21d881e1295 | HTTP OPTIONS /api/health/records responded 204 in 0.0359 ms
2026-04-19 12:16:12.554 +05:30 [INF] Serilog.AspNetCore.RequestLoggingMiddleware | CorrelationId:fcb1215e284449e3a64e715909ed15cb | HTTP OPTIONS /api/health/stats responded 204 in 0.0518 ms
2026-04-19 12:16:12.555 +05:30 [INF] Serilog.AspNetCore.RequestLoggingMiddleware | CorrelationId:9449d60ad12945bfbc11e7e8ad6eb4cf | HTTP OPTIONS /api/health/records responded 204 in 0.0113 ms
2026-04-19 12:16:12.556 +05:30 [INF] Serilog.AspNetCore.RequestLoggingMiddleware | CorrelationId:3b63bd82457c44b0a3c32a81c199adc0 | HTTP OPTIONS /api/health/stats responded 204 in 0.0368 ms
2026-04-19 12:16:12.603 +05:30 [INF] SmsApi.Middleware.LoggingActionFilter | CorrelationId:e6805d94332f47a1b6b8a70f0f716841 | API Request: GET /api/health/stats | User: Unknown | School: 550e8400-e29b-41d4-a716-446655440000
2026-04-19 12:16:12.606 +05:30 [INF] SmsApi.Middleware.LoggingActionFilter | CorrelationId:25ebca9d76954d86a0dccd19bf18a6d6 | API Request: GET /api/health/records | User: Unknown | School: 550e8400-e29b-41d4-a716-446655440000
2026-04-19 12:16:12.622 +05:30 [INF] SmsApi.Middleware.LoggingActionFilter | CorrelationId:a07bfb4c02c6458f92d7c7bc2c5b362a | API Request: GET /api/health/records | User: Unknown | School: 550e8400-e29b-41d4-a716-446655440000
2026-04-19 12:16:12.631 +05:30 [INF] SmsApi.Middleware.LoggingActionFilter | CorrelationId:592a3dfedb7e40c6a45ec853f17b16d4 | API Request: GET /api/health/stats | User: Unknown | School: 550e8400-e29b-41d4-a716-446655440000
2026-04-19 12:16:12.688 +05:30 [INF] SmsApi.Middleware.LoggingActionFilter | CorrelationId:592a3dfedb7e40c6a45ec853f17b16d4 | API Response: GET /api/health/stats | Status: 200 | Duration: 56ms
2026-04-19 12:16:12.688 +05:30 [INF] SmsApi.Middleware.LoggingActionFilter | CorrelationId:e6805d94332f47a1b6b8a70f0f716841 | API Response: GET /api/health/stats | Status: 200 | Duration: 85ms
2026-04-19 12:16:12.695 +05:30 [INF] Serilog.AspNetCore.RequestLoggingMiddleware | CorrelationId:592a3dfedb7e40c6a45ec853f17b16d4 | HTTP GET /api/health/stats responded 200 in 67.7026 ms
2026-04-19 12:16:12.697 +05:30 [INF] Serilog.AspNetCore.RequestLoggingMiddleware | CorrelationId:e6805d94332f47a1b6b8a70f0f716841 | HTTP GET /api/health/stats responded 200 in 104.2529 ms
2026-04-19 12:16:12.737 +05:30 [INF] SmsApi.Middleware.LoggingActionFilter | CorrelationId:a07bfb4c02c6458f92d7c7bc2c5b362a | API Response: GET /api/health/records | Status: 200 | Duration: 115ms
2026-04-19 12:16:12.737 +05:30 [INF] SmsApi.Middleware.LoggingActionFilter | CorrelationId:25ebca9d76954d86a0dccd19bf18a6d6 | API Response: GET /api/health/records | Status: 200 | Duration: 131ms
2026-04-19 12:16:12.799 +05:30 [INF] Serilog.AspNetCore.RequestLoggingMiddleware | CorrelationId:25ebca9d76954d86a0dccd19bf18a6d6 | HTTP GET /api/health/records responded 200 in 211.4193 ms
2026-04-19 12:16:12.799 +05:30 [INF] Serilog.AspNetCore.RequestLoggingMiddleware | CorrelationId:a07bfb4c02c6458f92d7c7bc2c5b362a | HTTP GET /api/health/records responded 200 in 192.5134 ms
2026-04-19 12:16:18.641 +05:30 [INF] Serilog.AspNetCore.RequestLoggingMiddleware | CorrelationId:ad411f93d99549ad8b6921b420f2d1c1 | HTTP OPTIONS /api/academics/academic-years responded 204 in 0.0476 ms
2026-04-19 12:16:18.641 +05:30 [INF] Serilog.AspNetCore.RequestLoggingMiddleware | CorrelationId:1e60066dc6214c4eba1cfb9802b423eb | HTTP OPTIONS /api/academics/academic-years responded 204 in 0.0261 ms
2026-04-19 12:16:18.789 +05:30 [INF] Serilog.AspNetCore.RequestLoggingMiddleware | CorrelationId:9831945607bc4d228a7498bb432db52e | HTTP OPTIONS /api/settings/school/me responded 204 in 0.0354 ms
2026-04-19 12:16:18.879 +05:30 [INF] Serilog.AspNetCore.RequestLoggingMiddleware | CorrelationId:95ea6f6ed4984df196a0136739668413 | HTTP OPTIONS /api/staff responded 204 in 0.0552 ms
2026-04-19 12:16:18.883 +05:30 [INF] Serilog.AspNetCore.RequestLoggingMiddleware | CorrelationId:aeef1cec4a2e48518f90385d0564e20c | HTTP OPTIONS /api/students responded 204 in 0.0574 ms
2026-04-19 12:16:18.883 +05:30 [INF] Serilog.AspNetCore.RequestLoggingMiddleware | CorrelationId:be0958e815fc4de8a8a8388b0c10bfa8 | HTTP OPTIONS /api/Attendance/records responded 204 in 0.0652 ms
2026-04-19 12:16:18.891 +05:30 [INF] Serilog.AspNetCore.RequestLoggingMiddleware | CorrelationId:617e887fce09455aa32f766c69b78c57 | HTTP OPTIONS /api/fees/stats responded 204 in 0.0387 ms
2026-04-19 12:16:18.914 +05:30 [INF] Serilog.AspNetCore.RequestLoggingMiddleware | CorrelationId:add99754368f456ea9b695556afd752e | HTTP OPTIONS /api/students responded 204 in 0.0425 ms
2026-04-19 12:16:18.952 +05:30 [INF] Serilog.AspNetCore.RequestLoggingMiddleware | CorrelationId:becc19aca7064fcb8626d0762e6ec2c1 | HTTP OPTIONS /api/staff responded 204 in 0.0470 ms
2026-04-19 12:16:18.990 +05:30 [INF] Serilog.AspNetCore.RequestLoggingMiddleware | CorrelationId:7387174244754c34ad081953223bebb0 | HTTP OPTIONS /api/Attendance/records responded 204 in 0.0432 ms
2026-04-19 12:16:19.038 +05:30 [INF] Serilog.AspNetCore.RequestLoggingMiddleware | CorrelationId:16d34929a92447068ba5833131e969e4 | HTTP OPTIONS /api/fees/stats responded 204 in 0.0417 ms
2026-04-19 12:16:19.069 +05:30 [INF] SmsApi.Middleware.LoggingActionFilter | CorrelationId:be1394fcbbe64a3daf2a0bd7674e8377 | API Request: GET /api/academics/academic-years | User: Unknown | School: 550e8400-e29b-41d4-a716-446655440000
2026-04-19 12:16:19.095 +05:30 [INF] SmsApi.Middleware.LoggingActionFilter | CorrelationId:2e0f7bbc91af47fa832278bd65c8c834 | API Request: GET /api/academics/academic-years | User: Unknown | School: 550e8400-e29b-41d4-a716-446655440000
2026-04-19 12:16:19.117 +05:30 [INF] SmsApi.Middleware.LoggingActionFilter | CorrelationId:dae0499316cb46b5befb2ae88b161752 | API Request: GET /api/settings/school/me | User: Unknown | School: 550e8400-e29b-41d4-a716-446655440000
2026-04-19 12:16:19.132 +05:30 [INF] SmsApi.Middleware.LoggingActionFilter | CorrelationId:cc99397f453c482a80a774c5710854fc | API Request: GET /api/staff | User: Unknown | School: 550e8400-e29b-41d4-a716-446655440000
2026-04-19 12:16:19.151 +05:30 [INF] SmsApi.Middleware.LoggingActionFilter | CorrelationId:e91246d38b88484394434e4f63df792d | API Request: GET /api/students | User: Unknown | School: 550e8400-e29b-41d4-a716-446655440000
2026-04-19 12:16:19.162 +05:30 [INF] SmsApi.Middleware.LoggingActionFilter | CorrelationId:f244f381bd0e4500b73055a0823dd09c | API Request: GET /api/Attendance/records | User: Unknown | School: 550e8400-e29b-41d4-a716-446655440000
2026-04-19 12:16:19.174 +05:30 [INF] SmsApi.Middleware.LoggingActionFilter | CorrelationId:be1394fcbbe64a3daf2a0bd7674e8377 | API Response: GET /api/academics/academic-years | Status: 200 | Duration: 104ms
2026-04-19 12:16:19.179 +05:30 [INF] SmsApi.Middleware.LoggingActionFilter | CorrelationId:2e0f7bbc91af47fa832278bd65c8c834 | API Response: GET /api/academics/academic-years | Status: 200 | Duration: 83ms
2026-04-19 12:16:19.194 +05:30 [INF] SmsApi.Middleware.LoggingActionFilter | CorrelationId:dae0499316cb46b5befb2ae88b161752 | API Response: GET /api/settings/school/me | Status: 200 | Duration: 76ms
2026-04-19 12:16:19.205 +05:30 [INF] SmsApi.Middleware.LoggingActionFilter | CorrelationId:cc99397f453c482a80a774c5710854fc | API Response: GET /api/staff | Status: 200 | Duration: 72ms
2026-04-19 12:16:19.214 +05:30 [INF] SmsApi.Middleware.LoggingActionFilter | CorrelationId:e91246d38b88484394434e4f63df792d | API Response: GET /api/students | Status: 200 | Duration: 63ms
2026-04-19 12:16:19.226 +05:30 [INF] SmsApi.Middleware.LoggingActionFilter | CorrelationId:f244f381bd0e4500b73055a0823dd09c | API Response: GET /api/Attendance/records | Status: 200 | Duration: 64ms
2026-04-19 12:16:19.235 +05:30 [INF] Serilog.AspNetCore.RequestLoggingMiddleware | CorrelationId:be1394fcbbe64a3daf2a0bd7674e8377 | HTTP GET /api/academics/academic-years responded 200 in 171.0587 ms
2026-04-19 12:16:19.241 +05:30 [INF] Serilog.AspNetCore.RequestLoggingMiddleware | CorrelationId:2e0f7bbc91af47fa832278bd65c8c834 | HTTP GET /api/academics/academic-years responded 200 in 149.2380 ms
2026-04-19 12:16:19.254 +05:30 [INF] Serilog.AspNetCore.RequestLoggingMiddleware | CorrelationId:dae0499316cb46b5befb2ae88b161752 | HTTP GET /api/settings/school/me responded 200 in 138.4248 ms
2026-04-19 12:16:19.259 +05:30 [INF] Serilog.AspNetCore.RequestLoggingMiddleware | CorrelationId:cc99397f453c482a80a774c5710854fc | HTTP GET /api/staff responded 200 in 129.3183 ms
2026-04-19 12:16:19.272 +05:30 [INF] Serilog.AspNetCore.RequestLoggingMiddleware | CorrelationId:e91246d38b88484394434e4f63df792d | HTTP GET /api/students responded 200 in 124.3424 ms
2026-04-19 12:16:19.287 +05:30 [INF] Serilog.AspNetCore.RequestLoggingMiddleware | CorrelationId:f244f381bd0e4500b73055a0823dd09c | HTTP GET /api/Attendance/records responded 200 in 130.5181 ms
2026-04-19 12:16:19.383 +05:30 [INF] SmsApi.Middleware.LoggingActionFilter | CorrelationId:60dfd58e2ccc4affbd9e240f5a04bb1d | API Request: GET /api/fees/stats | User: Unknown | School: 550e8400-e29b-41d4-a716-446655440000
2026-04-19 12:16:19.407 +05:30 [INF] SmsApi.Middleware.LoggingActionFilter | CorrelationId:913185fb3eea47a3afed14f87d284ec0 | API Request: GET /api/students | User: Unknown | School: 550e8400-e29b-41d4-a716-446655440000
2026-04-19 12:16:19.432 +05:30 [INF] SmsApi.Middleware.LoggingActionFilter | CorrelationId:dce07b6267e847dea8d272e7ebb4f0e9 | API Request: GET /api/staff | User: Unknown | School: 550e8400-e29b-41d4-a716-446655440000
2026-04-19 12:16:19.453 +05:30 [INF] SmsApi.Middleware.LoggingActionFilter | CorrelationId:bdcf2e22a4ca42bba2ebbcba84b640c9 | API Request: GET /api/Attendance/records | User: Unknown | School: 550e8400-e29b-41d4-a716-446655440000
2026-04-19 12:16:19.460 +05:30 [INF] SmsApi.Middleware.LoggingActionFilter | CorrelationId:edae46fa732145aaa4e2ea3ece90a478 | API Request: GET /api/fees/stats | User: Unknown | School: 550e8400-e29b-41d4-a716-446655440000
2026-04-19 12:16:19.500 +05:30 [INF] SmsApi.Middleware.LoggingActionFilter | CorrelationId:60dfd58e2ccc4affbd9e240f5a04bb1d | API Response: GET /api/fees/stats | Status: 200 | Duration: 116ms
2026-04-19 12:16:19.512 +05:30 [INF] SmsApi.Middleware.LoggingActionFilter | CorrelationId:913185fb3eea47a3afed14f87d284ec0 | API Response: GET /api/students | Status: 200 | Duration: 104ms
2026-04-19 12:16:19.516 +05:30 [INF] SmsApi.Middleware.LoggingActionFilter | CorrelationId:dce07b6267e847dea8d272e7ebb4f0e9 | API Response: GET /api/staff | Status: 200 | Duration: 83ms
2026-04-19 12:16:19.564 +05:30 [INF] Serilog.AspNetCore.RequestLoggingMiddleware | CorrelationId:dce07b6267e847dea8d272e7ebb4f0e9 | HTTP GET /api/staff responded 200 in 134.3971 ms
2026-04-19 12:16:19.539 +05:30 [INF] SmsApi.Middleware.LoggingActionFilter | CorrelationId:edae46fa732145aaa4e2ea3ece90a478 | API Response: GET /api/fees/stats | Status: 200 | Duration: 78ms
2026-04-19 12:16:19.622 +05:30 [INF] Serilog.AspNetCore.RequestLoggingMiddleware | CorrelationId:edae46fa732145aaa4e2ea3ece90a478 | HTTP GET /api/fees/stats responded 200 in 164.6847 ms
2026-04-19 12:16:19.547 +05:30 [INF] Serilog.AspNetCore.RequestLoggingMiddleware | CorrelationId:913185fb3eea47a3afed14f87d284ec0 | HTTP GET /api/students responded 200 in 141.5594 ms
2026-04-19 12:16:19.524 +05:30 [INF] SmsApi.Middleware.LoggingActionFilter | CorrelationId:bdcf2e22a4ca42bba2ebbcba84b640c9 | API Response: GET /api/Attendance/records | Status: 200 | Duration: 70ms
2026-04-19 12:16:19.541 +05:30 [INF] Serilog.AspNetCore.RequestLoggingMiddleware | CorrelationId:60dfd58e2ccc4affbd9e240f5a04bb1d | HTTP GET /api/fees/stats responded 200 in 171.2737 ms
2026-04-19 12:16:19.702 +05:30 [INF] Serilog.AspNetCore.RequestLoggingMiddleware | CorrelationId:bdcf2e22a4ca42bba2ebbcba84b640c9 | HTTP GET /api/Attendance/records responded 200 in 253.3934 ms
2026-04-19 12:16:21.760 +05:30 [INF] Serilog.AspNetCore.RequestLoggingMiddleware | CorrelationId:950d1a92d2de4c4d9794df9f3e29c118 | HTTP OPTIONS /api/health/records responded 204 in 6.6383 ms
2026-04-19 12:16:21.760 +05:30 [INF] Serilog.AspNetCore.RequestLoggingMiddleware | CorrelationId:8bc329b9076d487ea4259cde386fa529 | HTTP OPTIONS /api/health/stats responded 204 in 0.0373 ms
2026-04-19 12:16:21.760 +05:30 [INF] Serilog.AspNetCore.RequestLoggingMiddleware | CorrelationId:fa0e044685f04cbcaf233b00cbfb9bb9 | HTTP OPTIONS /api/health/records responded 204 in 0.0085 ms
2026-04-19 12:16:21.760 +05:30 [INF] Serilog.AspNetCore.RequestLoggingMiddleware | CorrelationId:d9e5777eccd742e9bba5614de67bb7d2 | HTTP OPTIONS /api/health/stats responded 204 in 0.0077 ms
2026-04-19 12:16:21.807 +05:30 [INF] SmsApi.Middleware.LoggingActionFilter | CorrelationId:e1ac2eb7466c44c799cb2719e0fc3ddd | API Request: GET /api/health/records | User: Unknown | School: 550e8400-e29b-41d4-a716-446655440000
2026-04-19 12:16:21.810 +05:30 [INF] SmsApi.Middleware.LoggingActionFilter | CorrelationId:5dc4885472bc441da94c997b6605e596 | API Request: GET /api/health/stats | User: Unknown | School: 550e8400-e29b-41d4-a716-446655440000
2026-04-19 12:16:21.821 +05:30 [INF] SmsApi.Middleware.LoggingActionFilter | CorrelationId:754795c4573648f4bf66e6fca69a0fe1 | API Request: GET /api/health/records | User: Unknown | School: 550e8400-e29b-41d4-a716-446655440000
2026-04-19 12:16:21.831 +05:30 [INF] SmsApi.Middleware.LoggingActionFilter | CorrelationId:9ed3c6183a0b427b953f71fa8a05eb6f | API Request: GET /api/health/stats | User: Unknown | School: 550e8400-e29b-41d4-a716-446655440000
2026-04-19 12:16:21.839 +05:30 [INF] SmsApi.Middleware.LoggingActionFilter | CorrelationId:5dc4885472bc441da94c997b6605e596 | API Response: GET /api/health/stats | Status: 200 | Duration: 29ms
2026-04-19 12:16:21.840 +05:30 [INF] SmsApi.Middleware.LoggingActionFilter | CorrelationId:e1ac2eb7466c44c799cb2719e0fc3ddd | API Response: GET /api/health/records | Status: 200 | Duration: 33ms
2026-04-19 12:16:21.856 +05:30 [INF] SmsApi.Middleware.LoggingActionFilter | CorrelationId:754795c4573648f4bf66e6fca69a0fe1 | API Response: GET /api/health/records | Status: 200 | Duration: 35ms
2026-04-19 12:16:21.861 +05:30 [INF] SmsApi.Middleware.LoggingActionFilter | CorrelationId:9ed3c6183a0b427b953f71fa8a05eb6f | API Response: GET /api/health/stats | Status: 200 | Duration: 30ms
2026-04-19 12:16:21.864 +05:30 [INF] Serilog.AspNetCore.RequestLoggingMiddleware | CorrelationId:5dc4885472bc441da94c997b6605e596 | HTTP GET /api/health/stats responded 200 in 57.6741 ms
2026-04-19 12:16:21.878 +05:30 [INF] Serilog.AspNetCore.RequestLoggingMiddleware | CorrelationId:e1ac2eb7466c44c799cb2719e0fc3ddd | HTTP GET /api/health/records responded 200 in 78.1275 ms
2026-04-19 12:16:21.881 +05:30 [INF] Serilog.AspNetCore.RequestLoggingMiddleware | CorrelationId:754795c4573648f4bf66e6fca69a0fe1 | HTTP GET /api/health/records responded 200 in 66.8478 ms
2026-04-19 12:16:21.883 +05:30 [INF] Serilog.AspNetCore.RequestLoggingMiddleware | CorrelationId:9ed3c6183a0b427b953f71fa8a05eb6f | HTTP GET /api/health/stats responded 200 in 56.0653 ms
2026-04-19 12:19:15.784 +05:30 [INF] SmsApi.Middleware.LoggingActionFilter | CorrelationId:d9b320e48fe144fb9dd02e45c87c414a | API Request: POST /api/auth/login | User: Unknown | School: Unknown
2026-04-19 12:19:16.399 +05:30 [INF] SmsApi.Controllers.AuthController | CorrelationId:d9b320e48fe144fb9dd02e45c87c414a | Login successful for admin (SchoolId: "550e8400-e29b-41d4-a716-446655440000")
2026-04-19 12:19:16.401 +05:30 [INF] SmsApi.Middleware.LoggingActionFilter | CorrelationId:d9b320e48fe144fb9dd02e45c87c414a | API Response: POST /api/auth/login | Status: 200 | Duration: 617ms
2026-04-19 12:19:16.407 +05:30 [INF] Serilog.AspNetCore.RequestLoggingMiddleware | CorrelationId:d9b320e48fe144fb9dd02e45c87c414a | HTTP POST /api/auth/login responded 200 in 628.0191 ms
2026-04-19 12:19:16.427 +05:30 [INF] SmsApi.Middleware.LoggingActionFilter | CorrelationId:4dbb0cb7494b452da2a9499b02aa71c1 | API Request: GET /api/students | User: Unknown | School: 550e8400-e29b-41d4-a716-446655440000
2026-04-19 12:19:16.443 +05:30 [INF] SmsApi.Middleware.LoggingActionFilter | CorrelationId:4dbb0cb7494b452da2a9499b02aa71c1 | API Response: GET /api/students | Status: 200 | Duration: 15ms
2026-04-19 12:19:16.446 +05:30 [INF] Serilog.AspNetCore.RequestLoggingMiddleware | CorrelationId:4dbb0cb7494b452da2a9499b02aa71c1 | HTTP GET /api/students responded 200 in 23.4823 ms
2026-04-19 12:19:22.767 +05:30 [INF] SmsApi.Middleware.LoggingActionFilter | CorrelationId:145c3d6525b344d09a096fe86e67a5a6 | API Request: POST /api/auth/login | User: Unknown | School: Unknown
2026-04-19 12:19:23.273 +05:30 [INF] SmsApi.Controllers.AuthController | CorrelationId:145c3d6525b344d09a096fe86e67a5a6 | Login successful for admin (SchoolId: "550e8400-e29b-41d4-a716-446655440000")
2026-04-19 12:19:23.278 +05:30 [INF] SmsApi.Middleware.LoggingActionFilter | CorrelationId:145c3d6525b344d09a096fe86e67a5a6 | API Response: POST /api/auth/login | Status: 200 | Duration: 511ms
2026-04-19 12:19:23.287 +05:30 [INF] Serilog.AspNetCore.RequestLoggingMiddleware | CorrelationId:145c3d6525b344d09a096fe86e67a5a6 | HTTP POST /api/auth/login responded 200 in 521.1374 ms
2026-04-19 12:19:23.308 +05:30 [INF] SmsApi.Middleware.LoggingActionFilter | CorrelationId:76c8db2798834e9eb908ce5195ab67af | API Request: GET /api/students | User: Unknown | School: 550e8400-e29b-41d4-a716-446655440000
2026-04-19 12:19:23.315 +05:30 [INF] SmsApi.Middleware.LoggingActionFilter | CorrelationId:76c8db2798834e9eb908ce5195ab67af | API Response: GET /api/students | Status: 200 | Duration: 7ms
2026-04-19 12:19:23.320 +05:30 [INF] Serilog.AspNetCore.RequestLoggingMiddleware | CorrelationId:76c8db2798834e9eb908ce5195ab67af | HTTP GET /api/students responded 200 in 16.2377 ms
2026-04-19 12:19:23.339 +05:30 [INF] Serilog.AspNetCore.RequestLoggingMiddleware | CorrelationId:8731403dc6604252a18e3fb0bf349b48 | HTTP GET /api/fees responded 404 in 2.3900 ms
2026-04-19 12:19:32.752 +05:30 [INF] SmsApi.Middleware.LoggingActionFilter | CorrelationId:bc673ab219ce4a49bd8ea98713992250 | API Request: POST /api/auth/login | User: Unknown | School: Unknown
2026-04-19 12:19:33.264 +05:30 [INF] SmsApi.Controllers.AuthController | CorrelationId:bc673ab219ce4a49bd8ea98713992250 | Login successful for admin (SchoolId: "550e8400-e29b-41d4-a716-446655440000")
2026-04-19 12:19:33.272 +05:30 [INF] SmsApi.Middleware.LoggingActionFilter | CorrelationId:bc673ab219ce4a49bd8ea98713992250 | API Response: POST /api/auth/login | Status: 200 | Duration: 520ms
2026-04-19 12:19:33.278 +05:30 [INF] Serilog.AspNetCore.RequestLoggingMiddleware | CorrelationId:bc673ab219ce4a49bd8ea98713992250 | HTTP POST /api/auth/login responded 200 in 526.8515 ms
2026-04-19 12:19:33.292 +05:30 [INF] SmsApi.Middleware.LoggingActionFilter | CorrelationId:28aeee3a78134dcca6689c5aac2353b9 | API Request: GET /api/staff | User: Unknown | School: 550e8400-e29b-41d4-a716-446655440000
2026-04-19 12:19:33.302 +05:30 [INF] SmsApi.Middleware.LoggingActionFilter | CorrelationId:28aeee3a78134dcca6689c5aac2353b9 | API Response: GET /api/staff | Status: 200 | Duration: 9ms
2026-04-19 12:19:33.305 +05:30 [INF] Serilog.AspNetCore.RequestLoggingMiddleware | CorrelationId:28aeee3a78134dcca6689c5aac2353b9 | HTTP GET /api/staff responded 200 in 13.8155 ms
2026-04-19 12:19:33.323 +05:30 [INF] SmsApi.Middleware.LoggingActionFilter | CorrelationId:ee164b6cf3604e1aa8588282ac3330a6 | API Request: GET /api/health/stats | User: Unknown | School: 550e8400-e29b-41d4-a716-446655440000
2026-04-19 12:19:33.331 +05:30 [INF] SmsApi.Middleware.LoggingActionFilter | CorrelationId:ee164b6cf3604e1aa8588282ac3330a6 | API Response: GET /api/health/stats | Status: 200 | Duration: 7ms
2026-04-19 12:19:33.337 +05:30 [INF] Serilog.AspNetCore.RequestLoggingMiddleware | CorrelationId:ee164b6cf3604e1aa8588282ac3330a6 | HTTP GET /api/health/stats responded 200 in 16.3708 ms
2026-04-19 12:19:38.293 +05:30 [INF] SmsApi.Middleware.LoggingActionFilter | CorrelationId:bc498d47ee654d6498344bacd715a2f2 | API Request: POST /api/auth/login | User: Unknown | School: Unknown
2026-04-19 12:19:38.821 +05:30 [INF] SmsApi.Controllers.AuthController | CorrelationId:bc498d47ee654d6498344bacd715a2f2 | Login successful for admin (SchoolId: "550e8400-e29b-41d4-a716-446655440000")
2026-04-19 12:19:38.824 +05:30 [INF] SmsApi.Middleware.LoggingActionFilter | CorrelationId:bc498d47ee654d6498344bacd715a2f2 | API Response: POST /api/auth/login | Status: 200 | Duration: 531ms
2026-04-19 12:19:38.831 +05:30 [INF] Serilog.AspNetCore.RequestLoggingMiddleware | CorrelationId:bc498d47ee654d6498344bacd715a2f2 | HTTP POST /api/auth/login responded 200 in 538.7952 ms
2026-04-19 12:19:38.851 +05:30 [INF] SmsApi.Middleware.LoggingActionFilter | CorrelationId:89facb56c20449b68f7933c74b9316fb | API Request: GET /api/health/stats | User: Unknown | School: 550e8400-e29b-41d4-a716-446655440000
2026-04-19 12:19:38.854 +05:30 [INF] SmsApi.Middleware.LoggingActionFilter | CorrelationId:89facb56c20449b68f7933c74b9316fb | API Response: GET /api/health/stats | Status: 200 | Duration: 3ms
2026-04-19 12:19:38.860 +05:30 [INF] Serilog.AspNetCore.RequestLoggingMiddleware | CorrelationId:89facb56c20449b68f7933c74b9316fb | HTTP GET /api/health/stats responded 200 in 10.6858 ms
2026-04-19 12:20:10.775 +05:30 [INF] Serilog.AspNetCore.RequestLoggingMiddleware | CorrelationId:32ad6fe911ef4a26a7ea0496ce40e846 | HTTP OPTIONS /api/health/records responded 204 in 4.2657 ms
2026-04-19 12:20:10.827 +05:30 [INF] Serilog.AspNetCore.RequestLoggingMiddleware | CorrelationId:5a2a94db43314831a795ec8dfb569646 | HTTP OPTIONS /api/academics/academic-years responded 204 in 0.0483 ms
2026-04-19 12:20:10.831 +05:30 [INF] Serilog.AspNetCore.RequestLoggingMiddleware | CorrelationId:e5b82fc130264e51b5c377eedef0de4c | HTTP OPTIONS /api/health/stats responded 204 in 0.0816 ms
2026-04-19 12:20:10.837 +05:30 [INF] Serilog.AspNetCore.RequestLoggingMiddleware | CorrelationId:e16ce39072154db0ac868fd9093920d0 | HTTP OPTIONS /api/health/stats responded 204 in 0.0504 ms
2026-04-19 12:20:10.924 +05:30 [INF] Serilog.AspNetCore.RequestLoggingMiddleware | CorrelationId:1c2a7c359ce14bc291cbb69160d9fea6 | HTTP OPTIONS /api/health/records responded 204 in 72.3690 ms
2026-04-19 12:20:10.958 +05:30 [INF] Serilog.AspNetCore.RequestLoggingMiddleware | CorrelationId:66eba92594854bab847ad35ec815182c | HTTP OPTIONS /api/academics/academic-years responded 204 in 0.0443 ms
2026-04-19 12:20:11.144 +05:30 [INF] Serilog.AspNetCore.RequestLoggingMiddleware | CorrelationId:17aa2ac66d8a4899bb549b92653215de | HTTP OPTIONS /api/settings/school/me responded 204 in 0.0362 ms
2026-04-19 12:20:11.173 +05:30 [INF] SmsApi.Middleware.LoggingActionFilter | CorrelationId:8793888a57754befa1cb9c3f9057e892 | API Request: GET /api/health/records | User: Unknown | School: 550e8400-e29b-41d4-a716-446655440000
2026-04-19 12:20:11.182 +05:30 [INF] SmsApi.Middleware.LoggingActionFilter | CorrelationId:b691c97c881940d98b5590f071086179 | API Request: GET /api/academics/academic-years | User: Unknown | School: 550e8400-e29b-41d4-a716-446655440000
2026-04-19 12:20:11.192 +05:30 [INF] SmsApi.Middleware.LoggingActionFilter | CorrelationId:a8390c0993514ad9808bf1844551bffb | API Request: GET /api/health/stats | User: Unknown | School: 550e8400-e29b-41d4-a716-446655440000
2026-04-19 12:20:11.211 +05:30 [INF] SmsApi.Middleware.LoggingActionFilter | CorrelationId:8e8e98a738514391ab7ac6ace48b43e7 | API Request: GET /api/health/stats | User: Unknown | School: 550e8400-e29b-41d4-a716-446655440000
2026-04-19 12:20:11.224 +05:30 [INF] SmsApi.Middleware.LoggingActionFilter | CorrelationId:b8729b03f0ea4654b9c8b76eb55d6ccb | API Request: GET /api/health/records | User: Unknown | School: 550e8400-e29b-41d4-a716-446655440000
2026-04-19 12:20:11.227 +05:30 [INF] SmsApi.Middleware.LoggingActionFilter | CorrelationId:27decdda2a3b4e008ed42bd072dfe87a | API Request: GET /api/academics/academic-years | User: Unknown | School: 550e8400-e29b-41d4-a716-446655440000
2026-04-19 12:20:11.252 +05:30 [INF] SmsApi.Middleware.LoggingActionFilter | CorrelationId:8793888a57754befa1cb9c3f9057e892 | API Response: GET /api/health/records | Status: 200 | Duration: 79ms
2026-04-19 12:20:11.278 +05:30 [INF] SmsApi.Middleware.LoggingActionFilter | CorrelationId:a8390c0993514ad9808bf1844551bffb | API Response: GET /api/health/stats | Status: 200 | Duration: 86ms
2026-04-19 12:20:11.296 +05:30 [INF] SmsApi.Middleware.LoggingActionFilter | CorrelationId:8e8e98a738514391ab7ac6ace48b43e7 | API Response: GET /api/health/stats | Status: 200 | Duration: 84ms
2026-04-19 12:20:11.353 +05:30 [INF] SmsApi.Middleware.LoggingActionFilter | CorrelationId:b8729b03f0ea4654b9c8b76eb55d6ccb | API Response: GET /api/health/records | Status: 200 | Duration: 128ms
2026-04-19 12:20:11.459 +05:30 [INF] Serilog.AspNetCore.RequestLoggingMiddleware | CorrelationId:b8729b03f0ea4654b9c8b76eb55d6ccb | HTTP GET /api/health/records responded 200 in 239.3980 ms
2026-04-19 12:20:11.388 +05:30 [INF] SmsApi.Middleware.LoggingActionFilter | CorrelationId:b691c97c881940d98b5590f071086179 | API Response: GET /api/academics/academic-years | Status: 200 | Duration: 205ms
2026-04-19 12:20:11.408 +05:30 [INF] Serilog.AspNetCore.RequestLoggingMiddleware | CorrelationId:a8390c0993514ad9808bf1844551bffb | HTTP GET /api/health/stats responded 200 in 218.7554 ms
2026-04-19 12:20:11.427 +05:30 [INF] Serilog.AspNetCore.RequestLoggingMiddleware | CorrelationId:8e8e98a738514391ab7ac6ace48b43e7 | HTTP GET /api/health/stats responded 200 in 217.4516 ms
2026-04-19 12:20:11.365 +05:30 [INF] Serilog.AspNetCore.RequestLoggingMiddleware | CorrelationId:8793888a57754befa1cb9c3f9057e892 | HTTP GET /api/health/records responded 200 in 206.2584 ms
2026-04-19 12:20:11.490 +05:30 [INF] Serilog.AspNetCore.RequestLoggingMiddleware | CorrelationId:b691c97c881940d98b5590f071086179 | HTTP GET /api/academics/academic-years responded 200 in 307.8888 ms
2026-04-19 12:20:11.514 +05:30 [INF] SmsApi.Middleware.LoggingActionFilter | CorrelationId:39369a571cab47ad82d0e28826d64cf9 | API Request: GET /api/settings/school/me | User: Unknown | School: 550e8400-e29b-41d4-a716-446655440000
2026-04-19 12:20:11.621 +05:30 [INF] SmsApi.Middleware.LoggingActionFilter | CorrelationId:27decdda2a3b4e008ed42bd072dfe87a | API Response: GET /api/academics/academic-years | Status: 200 | Duration: 393ms
2026-04-19 12:20:11.693 +05:30 [INF] SmsApi.Middleware.LoggingActionFilter | CorrelationId:39369a571cab47ad82d0e28826d64cf9 | API Response: GET /api/settings/school/me | Status: 200 | Duration: 178ms
2026-04-19 12:20:11.693 +05:30 [INF] Serilog.AspNetCore.RequestLoggingMiddleware | CorrelationId:27decdda2a3b4e008ed42bd072dfe87a | HTTP GET /api/academics/academic-years responded 200 in 466.5390 ms
2026-04-19 12:20:11.699 +05:30 [INF] Serilog.AspNetCore.RequestLoggingMiddleware | CorrelationId:39369a571cab47ad82d0e28826d64cf9 | HTTP GET /api/settings/school/me responded 200 in 185.8116 ms
2026-04-19 12:20:14.335 +05:30 [INF] Serilog.AspNetCore.RequestLoggingMiddleware | CorrelationId:61d3263fdad2411eb7f12831e6f7a82f | HTTP OPTIONS /api/students responded 204 in 0.1038 ms
2026-04-19 12:20:14.335 +05:30 [INF] Serilog.AspNetCore.RequestLoggingMiddleware | CorrelationId:16cd9fcd1146484082b55b3eeac26563 | HTTP OPTIONS /api/students responded 204 in 0.1038 ms
2026-04-19 12:20:14.384 +05:30 [INF] SmsApi.Middleware.LoggingActionFilter | CorrelationId:4cdecff0c8bf47769984599235dbd505 | API Request: GET /api/students | User: Unknown | School: 550e8400-e29b-41d4-a716-446655440000
2026-04-19 12:20:14.389 +05:30 [INF] SmsApi.Middleware.LoggingActionFilter | CorrelationId:ad3b46555c07410c860effb9fdc6abcb | API Request: GET /api/students | User: Unknown | School: 550e8400-e29b-41d4-a716-446655440000
2026-04-19 12:20:14.402 +05:30 [INF] SmsApi.Middleware.LoggingActionFilter | CorrelationId:4cdecff0c8bf47769984599235dbd505 | API Response: GET /api/students | Status: 200 | Duration: 18ms
2026-04-19 12:20:14.405 +05:30 [INF] SmsApi.Middleware.LoggingActionFilter | CorrelationId:ad3b46555c07410c860effb9fdc6abcb | API Response: GET /api/students | Status: 200 | Duration: 15ms
2026-04-19 12:20:14.417 +05:30 [INF] Serilog.AspNetCore.RequestLoggingMiddleware | CorrelationId:4cdecff0c8bf47769984599235dbd505 | HTTP GET /api/students responded 200 in 37.5619 ms
2026-04-19 12:20:14.422 +05:30 [INF] Serilog.AspNetCore.RequestLoggingMiddleware | CorrelationId:ad3b46555c07410c860effb9fdc6abcb | HTTP GET /api/students responded 200 in 38.6083 ms
2026-04-19 12:20:17.098 +05:30 [INF] Serilog.AspNetCore.RequestLoggingMiddleware | CorrelationId:8f606396ef9e4b24a79dbb61080bb452 | HTTP OPTIONS /api/staff responded 204 in 0.0334 ms
2026-04-19 12:20:17.098 +05:30 [INF] Serilog.AspNetCore.RequestLoggingMiddleware | CorrelationId:dd88ac869675466193cf1e63023147da | HTTP OPTIONS /api/staff responded 204 in 0.0528 ms
2026-04-19 12:20:17.390 +05:30 [INF] SmsApi.Middleware.LoggingActionFilter | CorrelationId:63575ca4591b4729bb361006c0c65cc7 | API Request: GET /api/staff | User: Unknown | School: 550e8400-e29b-41d4-a716-446655440000
2026-04-19 12:20:17.427 +05:30 [INF] SmsApi.Middleware.LoggingActionFilter | CorrelationId:96bf3115bdec456cb58186e89ca21170 | API Request: GET /api/staff | User: Unknown | School: 550e8400-e29b-41d4-a716-446655440000
2026-04-19 12:20:17.458 +05:30 [INF] SmsApi.Middleware.LoggingActionFilter | CorrelationId:63575ca4591b4729bb361006c0c65cc7 | API Response: GET /api/staff | Status: 200 | Duration: 67ms
2026-04-19 12:20:17.488 +05:30 [INF] SmsApi.Middleware.LoggingActionFilter | CorrelationId:96bf3115bdec456cb58186e89ca21170 | API Response: GET /api/staff | Status: 200 | Duration: 61ms
2026-04-19 12:20:17.496 +05:30 [INF] Serilog.AspNetCore.RequestLoggingMiddleware | CorrelationId:63575ca4591b4729bb361006c0c65cc7 | HTTP GET /api/staff responded 200 in 111.8995 ms
2026-04-19 12:20:17.518 +05:30 [INF] Serilog.AspNetCore.RequestLoggingMiddleware | CorrelationId:96bf3115bdec456cb58186e89ca21170 | HTTP GET /api/staff responded 200 in 94.8617 ms
2026-04-19 12:20:20.002 +05:30 [INF] Serilog.AspNetCore.RequestLoggingMiddleware | CorrelationId:20a0112f3efe4a308bb094446f2844b2 | HTTP OPTIONS /api/students responded 204 in 0.0563 ms
2026-04-19 12:20:20.006 +05:30 [INF] Serilog.AspNetCore.RequestLoggingMiddleware | CorrelationId:d11f2e54954c4db7ba6674a48a18eed8 | HTTP OPTIONS /api/students responded 204 in 0.0963 ms
2026-04-19 12:20:20.056 +05:30 [INF] SmsApi.Middleware.LoggingActionFilter | CorrelationId:72157a527cae423f8a66ac14b31de404 | API Request: GET /api/students | User: Unknown | School: 550e8400-e29b-41d4-a716-446655440000
2026-04-19 12:20:20.064 +05:30 [INF] SmsApi.Middleware.LoggingActionFilter | CorrelationId:096a89ec04ed44bebd14faeba628f1e0 | API Request: GET /api/students | User: Unknown | School: 550e8400-e29b-41d4-a716-446655440000
2026-04-19 12:20:20.070 +05:30 [INF] SmsApi.Middleware.LoggingActionFilter | CorrelationId:72157a527cae423f8a66ac14b31de404 | API Response: GET /api/students | Status: 200 | Duration: 13ms
2026-04-19 12:20:20.082 +05:30 [INF] Serilog.AspNetCore.RequestLoggingMiddleware | CorrelationId:72157a527cae423f8a66ac14b31de404 | HTTP GET /api/students responded 200 in 27.9860 ms
2026-04-19 12:20:20.083 +05:30 [INF] SmsApi.Middleware.LoggingActionFilter | CorrelationId:096a89ec04ed44bebd14faeba628f1e0 | API Response: GET /api/students | Status: 200 | Duration: 18ms
2026-04-19 12:20:20.110 +05:30 [INF] Serilog.AspNetCore.RequestLoggingMiddleware | CorrelationId:096a89ec04ed44bebd14faeba628f1e0 | HTTP GET /api/students responded 200 in 49.4406 ms
2026-04-19 12:20:24.171 +05:30 [INF] Serilog.AspNetCore.RequestLoggingMiddleware | CorrelationId:933147e562884c25b68ed4450831bc84 | HTTP OPTIONS /api/students/67e1d74f-5eab-42a8-918b-bf30c64111c3 responded 204 in 0.0400 ms
2026-04-19 12:20:24.171 +05:30 [INF] Serilog.AspNetCore.RequestLoggingMiddleware | CorrelationId:72bb0512603c4376827ebd304711716d | HTTP OPTIONS /api/students responded 204 in 0.0203 ms
2026-04-19 12:20:24.172 +05:30 [INF] Serilog.AspNetCore.RequestLoggingMiddleware | CorrelationId:afbacd089d4a4173891025c9e47af006 | HTTP OPTIONS /api/students/67e1d74f-5eab-42a8-918b-bf30c64111c3 responded 204 in 0.0222 ms
2026-04-19 12:20:24.172 +05:30 [INF] Serilog.AspNetCore.RequestLoggingMiddleware | CorrelationId:1612110d11284d79a3ffde949c097c1a | HTTP OPTIONS /api/students responded 204 in 0.0184 ms
2026-04-19 12:20:24.196 +05:30 [INF] SmsApi.Middleware.LoggingActionFilter | CorrelationId:5234e7660cce4cf493f4c3c137a3451a | API Request: GET /api/students | User: Unknown | School: 550e8400-e29b-41d4-a716-446655440000
2026-04-19 12:20:24.209 +05:30 [INF] SmsApi.Middleware.LoggingActionFilter | CorrelationId:98ab7f48a3bf441db0ad42e7a34291b0 | API Request: GET /api/students/67e1d74f-5eab-42a8-918b-bf30c64111c3 | User: Unknown | School: 550e8400-e29b-41d4-a716-446655440000
2026-04-19 12:20:24.216 +05:30 [INF] SmsApi.Middleware.LoggingActionFilter | CorrelationId:0c9936647f26471b981d4f22a317e05d | API Request: GET /api/students/67e1d74f-5eab-42a8-918b-bf30c64111c3 | User: Unknown | School: 550e8400-e29b-41d4-a716-446655440000
2026-04-19 12:20:24.217 +05:30 [INF] SmsApi.Middleware.LoggingActionFilter | CorrelationId:a55247aa60cf463db8ef5683688c3958 | API Request: GET /api/students | User: Unknown | School: 550e8400-e29b-41d4-a716-446655440000
2026-04-19 12:20:24.223 +05:30 [INF] SmsApi.Middleware.LoggingActionFilter | CorrelationId:5234e7660cce4cf493f4c3c137a3451a | API Response: GET /api/students | Status: 200 | Duration: 26ms
2026-04-19 12:20:24.254 +05:30 [INF] SmsApi.Middleware.LoggingActionFilter | CorrelationId:a55247aa60cf463db8ef5683688c3958 | API Response: GET /api/students | Status: 200 | Duration: 36ms
2026-04-19 12:20:24.258 +05:30 [INF] Serilog.AspNetCore.RequestLoggingMiddleware | CorrelationId:5234e7660cce4cf493f4c3c137a3451a | HTTP GET /api/students responded 200 in 64.9978 ms
2026-04-19 12:20:24.263 +05:30 [INF] Serilog.AspNetCore.RequestLoggingMiddleware | CorrelationId:a55247aa60cf463db8ef5683688c3958 | HTTP GET /api/students responded 200 in 48.3452 ms
2026-04-19 12:20:24.300 +05:30 [WRN] Microsoft.EntityFrameworkCore.Query | CorrelationId:98ab7f48a3bf441db0ad42e7a34291b0 | Compiling a query which loads related collections for more than one collection navigation, either via 'Include' or through projection, but no 'QuerySplittingBehavior' has been configured. By default, Entity Framework will use 'QuerySplittingBehavior.SingleQuery', which can potentially result in slow query performance. See https://go.microsoft.com/fwlink/?linkid=2134277 for more information. To identify the query that's triggering this warning call 'ConfigureWarnings(w => w.Throw(RelationalEventId.MultipleCollectionIncludeWarning))'.
2026-04-19 12:20:24.369 +05:30 [INF] SmsApi.Middleware.LoggingActionFilter | CorrelationId:98ab7f48a3bf441db0ad42e7a34291b0 | API Response: GET /api/students/67e1d74f-5eab-42a8-918b-bf30c64111c3 | Status: 200 | Duration: 160ms
2026-04-19 12:20:24.369 +05:30 [INF] SmsApi.Middleware.LoggingActionFilter | CorrelationId:0c9936647f26471b981d4f22a317e05d | API Response: GET /api/students/67e1d74f-5eab-42a8-918b-bf30c64111c3 | Status: 200 | Duration: 153ms
2026-04-19 12:20:24.388 +05:30 [INF] Serilog.AspNetCore.RequestLoggingMiddleware | CorrelationId:98ab7f48a3bf441db0ad42e7a34291b0 | HTTP GET /api/students/67e1d74f-5eab-42a8-918b-bf30c64111c3 responded 200 in 196.8056 ms
2026-04-19 12:20:24.388 +05:30 [INF] Serilog.AspNetCore.RequestLoggingMiddleware | CorrelationId:0c9936647f26471b981d4f22a317e05d | HTTP GET /api/students/67e1d74f-5eab-42a8-918b-bf30c64111c3 responded 200 in 183.2914 ms
2026-04-19 12:20:24.409 +05:30 [INF] Serilog.AspNetCore.RequestLoggingMiddleware | CorrelationId:407317581a284f7087d6ccbe1378979b | HTTP OPTIONS /api/students/67e1d74f-5eab-42a8-918b-bf30c64111c3/siblings responded 204 in 0.0377 ms
2026-04-19 12:20:24.422 +05:30 [INF] Serilog.AspNetCore.RequestLoggingMiddleware | CorrelationId:ad1c4f85327c4bf693c47903d90d79f5 | HTTP OPTIONS /api/students/67e1d74f-5eab-42a8-918b-bf30c64111c3/siblings responded 204 in 0.0602 ms
2026-04-19 12:20:24.442 +05:30 [INF] SmsApi.Middleware.LoggingActionFilter | CorrelationId:12a696f7a37747228352573e5be93976 | API Request: GET /api/students/67e1d74f-5eab-42a8-918b-bf30c64111c3/siblings | User: Unknown | School: 550e8400-e29b-41d4-a716-446655440000
2026-04-19 12:20:24.449 +05:30 [INF] SmsApi.Middleware.LoggingActionFilter | CorrelationId:0e0490c3a2684441a82aa218f60a0108 | API Request: GET /api/students/67e1d74f-5eab-42a8-918b-bf30c64111c3/siblings | User: Unknown | School: 550e8400-e29b-41d4-a716-446655440000
2026-04-19 12:20:24.479 +05:30 [INF] SmsApi.Middleware.LoggingActionFilter | CorrelationId:12a696f7a37747228352573e5be93976 | API Response: GET /api/students/67e1d74f-5eab-42a8-918b-bf30c64111c3/siblings | Status: 200 | Duration: 36ms
2026-04-19 12:20:24.479 +05:30 [INF] SmsApi.Middleware.LoggingActionFilter | CorrelationId:0e0490c3a2684441a82aa218f60a0108 | API Response: GET /api/students/67e1d74f-5eab-42a8-918b-bf30c64111c3/siblings | Status: 200 | Duration: 29ms
2026-04-19 12:20:24.485 +05:30 [INF] Serilog.AspNetCore.RequestLoggingMiddleware | CorrelationId:12a696f7a37747228352573e5be93976 | HTTP GET /api/students/67e1d74f-5eab-42a8-918b-bf30c64111c3/siblings responded 200 in 52.4986 ms
2026-04-19 12:20:24.487 +05:30 [INF] Serilog.AspNetCore.RequestLoggingMiddleware | CorrelationId:0e0490c3a2684441a82aa218f60a0108 | HTTP GET /api/students/67e1d74f-5eab-42a8-918b-bf30c64111c3/siblings responded 200 in 40.4915 ms
2026-04-19 12:20:24.497 +05:30 [INF] Serilog.AspNetCore.RequestLoggingMiddleware | CorrelationId:75ee8fd42ff944258e00da5bf2769a23 | HTTP OPTIONS /api/students/67e1d74f-5eab-42a8-918b-bf30c64111c3/profile-summary responded 204 in 0.0536 ms
2026-04-19 12:20:24.503 +05:30 [INF] Serilog.AspNetCore.RequestLoggingMiddleware | CorrelationId:86cd8683cbe74c378b3ad5d61037a076 | HTTP OPTIONS /api/students/67e1d74f-5eab-42a8-918b-bf30c64111c3/profile-summary responded 204 in 0.0427 ms
2026-04-19 12:20:24.516 +05:30 [INF] SmsApi.Middleware.LoggingActionFilter | CorrelationId:74be55bffac449b3a1b3e2d5a7eba91f | API Request: GET /api/students/67e1d74f-5eab-42a8-918b-bf30c64111c3/profile-summary | User: Unknown | School: 550e8400-e29b-41d4-a716-446655440000
2026-04-19 12:20:24.527 +05:30 [INF] SmsApi.Middleware.LoggingActionFilter | CorrelationId:5e20d3875fba43bf9ff738b42a568ddb | API Request: GET /api/students/67e1d74f-5eab-42a8-918b-bf30c64111c3/profile-summary | User: Unknown | School: 550e8400-e29b-41d4-a716-446655440000
2026-04-19 12:20:24.831 +05:30 [INF] SmsApi.Middleware.LoggingActionFilter | CorrelationId:74be55bffac449b3a1b3e2d5a7eba91f | API Response: GET /api/students/67e1d74f-5eab-42a8-918b-bf30c64111c3/profile-summary | Status: 200 | Duration: 314ms
2026-04-19 12:20:24.831 +05:30 [INF] SmsApi.Middleware.LoggingActionFilter | CorrelationId:5e20d3875fba43bf9ff738b42a568ddb | API Response: GET /api/students/67e1d74f-5eab-42a8-918b-bf30c64111c3/profile-summary | Status: 200 | Duration: 303ms
2026-04-19 12:20:24.845 +05:30 [INF] Serilog.AspNetCore.RequestLoggingMiddleware | CorrelationId:74be55bffac449b3a1b3e2d5a7eba91f | HTTP GET /api/students/67e1d74f-5eab-42a8-918b-bf30c64111c3/profile-summary responded 200 in 336.2583 ms
2026-04-19 12:20:24.845 +05:30 [INF] Serilog.AspNetCore.RequestLoggingMiddleware | CorrelationId:5e20d3875fba43bf9ff738b42a568ddb | HTTP GET /api/students/67e1d74f-5eab-42a8-918b-bf30c64111c3/profile-summary responded 200 in 320.9392 ms
2026-04-19 12:20:24.875 +05:30 [INF] Serilog.AspNetCore.RequestLoggingMiddleware | CorrelationId:48066b18c9be43b19e6277ad0adbe2bb | HTTP OPTIONS /api/Attendance/records responded 204 in 0.0532 ms
2026-04-19 12:20:24.875 +05:30 [INF] Serilog.AspNetCore.RequestLoggingMiddleware | CorrelationId:a36b6d1f2f2047b48be419b017d432f0 | HTTP OPTIONS /api/Attendance/records responded 204 in 0.0084 ms
2026-04-19 12:20:24.923 +05:30 [INF] SmsApi.Middleware.LoggingActionFilter | CorrelationId:32fe687da930437a815520c90fa407df | API Request: GET /api/Attendance/records | User: Unknown | School: 550e8400-e29b-41d4-a716-446655440000
2026-04-19 12:20:24.926 +05:30 [INF] SmsApi.Middleware.LoggingActionFilter | CorrelationId:7226147228564fb79e0adf9234d8731d | API Request: GET /api/Attendance/records | User: Unknown | School: 550e8400-e29b-41d4-a716-446655440000
2026-04-19 12:20:24.946 +05:30 [INF] SmsApi.Middleware.LoggingActionFilter | CorrelationId:7226147228564fb79e0adf9234d8731d | API Response: GET /api/Attendance/records | Status: 200 | Duration: 19ms
2026-04-19 12:20:24.946 +05:30 [INF] SmsApi.Middleware.LoggingActionFilter | CorrelationId:32fe687da930437a815520c90fa407df | API Response: GET /api/Attendance/records | Status: 200 | Duration: 23ms
2026-04-19 12:20:24.955 +05:30 [INF] Serilog.AspNetCore.RequestLoggingMiddleware | CorrelationId:7226147228564fb79e0adf9234d8731d | HTTP GET /api/Attendance/records responded 200 in 31.4611 ms
2026-04-19 12:20:24.955 +05:30 [INF] Serilog.AspNetCore.RequestLoggingMiddleware | CorrelationId:32fe687da930437a815520c90fa407df | HTTP GET /api/Attendance/records responded 200 in 39.9272 ms
2026-04-19 12:20:33.453 +05:30 [INF] Serilog.AspNetCore.RequestLoggingMiddleware | CorrelationId:d5f61bb12e40443f80aa01e09fa51e42 | HTTP OPTIONS /api/fees/records responded 204 in 0.2383 ms
2026-04-19 12:20:33.494 +05:30 [INF] Serilog.AspNetCore.RequestLoggingMiddleware | CorrelationId:504ade845afb42f1a50709521fd1dad3 | HTTP OPTIONS /api/fees/structures responded 204 in 0.0355 ms
2026-04-19 12:20:33.498 +05:30 [INF] Serilog.AspNetCore.RequestLoggingMiddleware | CorrelationId:790a4b40ff904ef680f640d0bd3450e8 | HTTP OPTIONS /api/fees/stats responded 204 in 0.0353 ms
2026-04-19 12:20:33.500 +05:30 [INF] Serilog.AspNetCore.RequestLoggingMiddleware | CorrelationId:23ff6c2a77cc4658b04f2cc4d9372f94 | HTTP OPTIONS /api/fees/records responded 204 in 0.0311 ms
2026-04-19 12:20:33.501 +05:30 [INF] Serilog.AspNetCore.RequestLoggingMiddleware | CorrelationId:c846399902f8454eba648158367d7a53 | HTTP OPTIONS /api/fees/structures responded 204 in 0.0500 ms
2026-04-19 12:20:33.501 +05:30 [INF] Serilog.AspNetCore.RequestLoggingMiddleware | CorrelationId:8b03acef6cda4d708edbe701da18b560 | HTTP OPTIONS /api/fees/stats responded 204 in 0.0088 ms
2026-04-19 12:20:33.572 +05:30 [INF] SmsApi.Middleware.LoggingActionFilter | CorrelationId:862de4d8f40f4921900d3feaf8042206 | API Request: GET /api/fees/records | User: Unknown | School: 550e8400-e29b-41d4-a716-446655440000
2026-04-19 12:20:33.583 +05:30 [INF] SmsApi.Middleware.LoggingActionFilter | CorrelationId:ac12d0f4f2924d2e9ea2d3da115807a7 | API Request: GET /api/fees/structures | User: Unknown | School: 550e8400-e29b-41d4-a716-446655440000
2026-04-19 12:20:33.601 +05:30 [INF] SmsApi.Middleware.LoggingActionFilter | CorrelationId:d97d28638da14687be9293e0514a8e64 | API Request: GET /api/fees/stats | User: Unknown | School: 550e8400-e29b-41d4-a716-446655440000
2026-04-19 12:20:33.606 +05:30 [INF] SmsApi.Middleware.LoggingActionFilter | CorrelationId:7fadf3b6dd324c4984034492b4e6429d | API Request: GET /api/fees/records | User: Unknown | School: 550e8400-e29b-41d4-a716-446655440000
2026-04-19 12:20:33.618 +05:30 [INF] SmsApi.Middleware.LoggingActionFilter | CorrelationId:5d8eb4be9bd640b89cf3d0f0eccd226f | API Request: GET /api/fees/structures | User: Unknown | School: 550e8400-e29b-41d4-a716-446655440000
2026-04-19 12:20:33.629 +05:30 [INF] SmsApi.Middleware.LoggingActionFilter | CorrelationId:f1ce5a1b544a4c6499818773c356d985 | API Request: GET /api/fees/stats | User: Unknown | School: 550e8400-e29b-41d4-a716-446655440000
2026-04-19 12:20:33.639 +05:30 [INF] SmsApi.Middleware.LoggingActionFilter | CorrelationId:ac12d0f4f2924d2e9ea2d3da115807a7 | API Response: GET /api/fees/structures | Status: 200 | Duration: 56ms
2026-04-19 12:20:33.640 +05:30 [INF] SmsApi.Services.FeeService | CorrelationId:862de4d8f40f4921900d3feaf8042206 | Late fee calculation with partial payment: Total=18000.00, Paid=6000.00, Remaining=12000.00
2026-04-19 12:20:33.645 +05:30 [INF] SmsApi.Middleware.LoggingActionFilter | CorrelationId:d97d28638da14687be9293e0514a8e64 | API Response: GET /api/fees/stats | Status: 200 | Duration: 44ms
2026-04-19 12:20:33.653 +05:30 [INF] SmsApi.Services.FeeService | CorrelationId:7fadf3b6dd324c4984034492b4e6429d | Late fee calculation with partial payment: Total=18000.00, Paid=6000.00, Remaining=12000.00
2026-04-19 12:20:33.661 +05:30 [INF] SmsApi.Middleware.LoggingActionFilter | CorrelationId:5d8eb4be9bd640b89cf3d0f0eccd226f | API Response: GET /api/fees/structures | Status: 200 | Duration: 43ms
2026-04-19 12:20:33.665 +05:30 [INF] SmsApi.Middleware.LoggingActionFilter | CorrelationId:f1ce5a1b544a4c6499818773c356d985 | API Response: GET /api/fees/stats | Status: 200 | Duration: 36ms
2026-04-19 12:20:33.667 +05:30 [INF] Serilog.AspNetCore.RequestLoggingMiddleware | CorrelationId:ac12d0f4f2924d2e9ea2d3da115807a7 | HTTP GET /api/fees/structures responded 200 in 87.6051 ms
2026-04-19 12:20:33.674 +05:30 [WRN] SmsApi.Services.FeeService | CorrelationId:862de4d8f40f4921900d3feaf8042206 | No late fee configuration found for school 550e8400-e29b-41d4-a716-446655440000
2026-04-19 12:20:33.677 +05:30 [INF] Serilog.AspNetCore.RequestLoggingMiddleware | CorrelationId:d97d28638da14687be9293e0514a8e64 | HTTP GET /api/fees/stats responded 200 in 80.6572 ms
2026-04-19 12:20:33.682 +05:30 [WRN] SmsApi.Services.FeeService | CorrelationId:7fadf3b6dd324c4984034492b4e6429d | No late fee configuration found for school 550e8400-e29b-41d4-a716-446655440000
2026-04-19 12:20:33.683 +05:30 [INF] Serilog.AspNetCore.RequestLoggingMiddleware | CorrelationId:5d8eb4be9bd640b89cf3d0f0eccd226f | HTTP GET /api/fees/structures responded 200 in 69.1050 ms
2026-04-19 12:20:33.692 +05:30 [INF] Serilog.AspNetCore.RequestLoggingMiddleware | CorrelationId:f1ce5a1b544a4c6499818773c356d985 | HTTP GET /api/fees/stats responded 200 in 65.2105 ms
2026-04-19 12:20:33.707 +05:30 [INF] SmsApi.Services.FeeService | CorrelationId:862de4d8f40f4921900d3feaf8042206 | Late fee calculation with partial payment: Total=20000.00, Paid=12000.00, Remaining=8000.00
2026-04-19 12:20:33.719 +05:30 [INF] SmsApi.Services.FeeService | CorrelationId:7fadf3b6dd324c4984034492b4e6429d | Late fee calculation with partial payment: Total=20000.00, Paid=12000.00, Remaining=8000.00
2026-04-19 12:20:33.737 +05:30 [WRN] SmsApi.Services.FeeService | CorrelationId:862de4d8f40f4921900d3feaf8042206 | No late fee configuration found for school 550e8400-e29b-41d4-a716-446655440000
2026-04-19 12:20:33.743 +05:30 [WRN] SmsApi.Services.FeeService | CorrelationId:7fadf3b6dd324c4984034492b4e6429d | No late fee configuration found for school 550e8400-e29b-41d4-a716-446655440000
2026-04-19 12:20:33.745 +05:30 [INF] SmsApi.Services.FeeService | CorrelationId:862de4d8f40f4921900d3feaf8042206 | Late fee calculation with partial payment: Total=12000.00, Paid=6000.00, Remaining=6000.00
2026-04-19 12:20:33.747 +05:30 [INF] SmsApi.Services.FeeService | CorrelationId:7fadf3b6dd324c4984034492b4e6429d | Late fee calculation with partial payment: Total=12000.00, Paid=6000.00, Remaining=6000.00
2026-04-19 12:20:33.751 +05:30 [WRN] SmsApi.Services.FeeService | CorrelationId:862de4d8f40f4921900d3feaf8042206 | No late fee configuration found for school 550e8400-e29b-41d4-a716-446655440000
2026-04-19 12:20:33.756 +05:30 [WRN] SmsApi.Services.FeeService | CorrelationId:7fadf3b6dd324c4984034492b4e6429d | No late fee configuration found for school 550e8400-e29b-41d4-a716-446655440000
2026-04-19 12:20:33.758 +05:30 [INF] SmsApi.Services.FeeService | CorrelationId:862de4d8f40f4921900d3feaf8042206 | Late fee calculation with partial payment: Total=12000.00, Paid=6000.00, Remaining=6000.00
2026-04-19 12:20:33.759 +05:30 [INF] SmsApi.Services.FeeService | CorrelationId:7fadf3b6dd324c4984034492b4e6429d | Late fee calculation with partial payment: Total=12000.00, Paid=6000.00, Remaining=6000.00
2026-04-19 12:20:33.764 +05:30 [WRN] SmsApi.Services.FeeService | CorrelationId:862de4d8f40f4921900d3feaf8042206 | No late fee configuration found for school 550e8400-e29b-41d4-a716-446655440000
2026-04-19 12:20:33.765 +05:30 [WRN] SmsApi.Services.FeeService | CorrelationId:7fadf3b6dd324c4984034492b4e6429d | No late fee configuration found for school 550e8400-e29b-41d4-a716-446655440000
2026-04-19 12:20:33.770 +05:30 [WRN] SmsApi.Services.FeeService | CorrelationId:7fadf3b6dd324c4984034492b4e6429d | No late fee configuration found for school 550e8400-e29b-41d4-a716-446655440000
2026-04-19 12:20:33.770 +05:30 [WRN] SmsApi.Services.FeeService | CorrelationId:862de4d8f40f4921900d3feaf8042206 | No late fee configuration found for school 550e8400-e29b-41d4-a716-446655440000
2026-04-19 12:20:33.776 +05:30 [INF] SmsApi.Services.FeeService | CorrelationId:7fadf3b6dd324c4984034492b4e6429d | Late fee calculation with partial payment: Total=12000.00, Paid=6000.00, Remaining=6000.00
2026-04-19 12:20:33.776 +05:30 [INF] SmsApi.Services.FeeService | CorrelationId:862de4d8f40f4921900d3feaf8042206 | Late fee calculation with partial payment: Total=12000.00, Paid=6000.00, Remaining=6000.00
2026-04-19 12:20:33.781 +05:30 [WRN] SmsApi.Services.FeeService | CorrelationId:7fadf3b6dd324c4984034492b4e6429d | No late fee configuration found for school 550e8400-e29b-41d4-a716-446655440000
2026-04-19 12:20:33.782 +05:30 [WRN] SmsApi.Services.FeeService | CorrelationId:862de4d8f40f4921900d3feaf8042206 | No late fee configuration found for school 550e8400-e29b-41d4-a716-446655440000
2026-04-19 12:20:33.784 +05:30 [INF] SmsApi.Services.FeeService | CorrelationId:7fadf3b6dd324c4984034492b4e6429d | Late fee calculation with partial payment: Total=12000.00, Paid=6000.00, Remaining=6000.00
2026-04-19 12:20:33.785 +05:30 [INF] SmsApi.Services.FeeService | CorrelationId:862de4d8f40f4921900d3feaf8042206 | Late fee calculation with partial payment: Total=12000.00, Paid=6000.00, Remaining=6000.00
2026-04-19 12:20:33.786 +05:30 [WRN] SmsApi.Services.FeeService | CorrelationId:7fadf3b6dd324c4984034492b4e6429d | No late fee configuration found for school 550e8400-e29b-41d4-a716-446655440000
2026-04-19 12:20:33.787 +05:30 [WRN] SmsApi.Services.FeeService | CorrelationId:862de4d8f40f4921900d3feaf8042206 | No late fee configuration found for school 550e8400-e29b-41d4-a716-446655440000
2026-04-19 12:20:33.790 +05:30 [WRN] SmsApi.Services.FeeService | CorrelationId:7fadf3b6dd324c4984034492b4e6429d | No late fee configuration found for school 550e8400-e29b-41d4-a716-446655440000
2026-04-19 12:20:33.796 +05:30 [WRN] SmsApi.Services.FeeService | CorrelationId:862de4d8f40f4921900d3feaf8042206 | No late fee configuration found for school 550e8400-e29b-41d4-a716-446655440000
2026-04-19 12:20:33.798 +05:30 [WRN] SmsApi.Services.FeeService | CorrelationId:7fadf3b6dd324c4984034492b4e6429d | No late fee configuration found for school 550e8400-e29b-41d4-a716-446655440000
2026-04-19 12:20:33.801 +05:30 [WRN] SmsApi.Services.FeeService | CorrelationId:862de4d8f40f4921900d3feaf8042206 | No late fee configuration found for school 550e8400-e29b-41d4-a716-446655440000
2026-04-19 12:20:33.801 +05:30 [INF] SmsApi.Services.FeeService | CorrelationId:7fadf3b6dd324c4984034492b4e6429d | Late fee calculation with partial payment: Total=12000.00, Paid=6000.00, Remaining=6000.00
2026-04-19 12:20:33.805 +05:30 [INF] SmsApi.Services.FeeService | CorrelationId:862de4d8f40f4921900d3feaf8042206 | Late fee calculation with partial payment: Total=12000.00, Paid=6000.00, Remaining=6000.00
2026-04-19 12:20:33.807 +05:30 [WRN] SmsApi.Services.FeeService | CorrelationId:7fadf3b6dd324c4984034492b4e6429d | No late fee configuration found for school 550e8400-e29b-41d4-a716-446655440000
2026-04-19 12:20:33.810 +05:30 [WRN] SmsApi.Services.FeeService | CorrelationId:862de4d8f40f4921900d3feaf8042206 | No late fee configuration found for school 550e8400-e29b-41d4-a716-446655440000
2026-04-19 12:20:33.812 +05:30 [WRN] SmsApi.Services.FeeService | CorrelationId:7fadf3b6dd324c4984034492b4e6429d | No late fee configuration found for school 550e8400-e29b-41d4-a716-446655440000
2026-04-19 12:20:33.813 +05:30 [WRN] SmsApi.Services.FeeService | CorrelationId:862de4d8f40f4921900d3feaf8042206 | No late fee configuration found for school 550e8400-e29b-41d4-a716-446655440000
2026-04-19 12:20:33.820 +05:30 [WRN] SmsApi.Services.FeeService | CorrelationId:7fadf3b6dd324c4984034492b4e6429d | No late fee configuration found for school 550e8400-e29b-41d4-a716-446655440000
2026-04-19 12:20:33.821 +05:30 [WRN] SmsApi.Services.FeeService | CorrelationId:862de4d8f40f4921900d3feaf8042206 | No late fee configuration found for school 550e8400-e29b-41d4-a716-446655440000
2026-04-19 12:20:33.824 +05:30 [INF] SmsApi.Services.FeeService | CorrelationId:7fadf3b6dd324c4984034492b4e6429d | Late fee calculation with partial payment: Total=12000.00, Paid=6000.00, Remaining=6000.00
2026-04-19 12:20:33.825 +05:30 [INF] SmsApi.Services.FeeService | CorrelationId:862de4d8f40f4921900d3feaf8042206 | Late fee calculation with partial payment: Total=12000.00, Paid=6000.00, Remaining=6000.00
2026-04-19 12:20:33.827 +05:30 [WRN] SmsApi.Services.FeeService | CorrelationId:7fadf3b6dd324c4984034492b4e6429d | No late fee configuration found for school 550e8400-e29b-41d4-a716-446655440000
2026-04-19 12:20:33.830 +05:30 [WRN] SmsApi.Services.FeeService | CorrelationId:862de4d8f40f4921900d3feaf8042206 | No late fee configuration found for school 550e8400-e29b-41d4-a716-446655440000
2026-04-19 12:20:33.832 +05:30 [WRN] SmsApi.Services.FeeService | CorrelationId:7fadf3b6dd324c4984034492b4e6429d | No late fee configuration found for school 550e8400-e29b-41d4-a716-446655440000
2026-04-19 12:20:33.834 +05:30 [WRN] SmsApi.Services.FeeService | CorrelationId:862de4d8f40f4921900d3feaf8042206 | No late fee configuration found for school 550e8400-e29b-41d4-a716-446655440000
2026-04-19 12:20:33.836 +05:30 [WRN] SmsApi.Services.FeeService | CorrelationId:7fadf3b6dd324c4984034492b4e6429d | No late fee configuration found for school 550e8400-e29b-41d4-a716-446655440000
2026-04-19 12:20:33.839 +05:30 [WRN] SmsApi.Services.FeeService | CorrelationId:862de4d8f40f4921900d3feaf8042206 | No late fee configuration found for school 550e8400-e29b-41d4-a716-446655440000
2026-04-19 12:20:33.842 +05:30 [WRN] SmsApi.Services.FeeService | CorrelationId:7fadf3b6dd324c4984034492b4e6429d | No late fee configuration found for school 550e8400-e29b-41d4-a716-446655440000
2026-04-19 12:20:33.844 +05:30 [WRN] SmsApi.Services.FeeService | CorrelationId:862de4d8f40f4921900d3feaf8042206 | No late fee configuration found for school 550e8400-e29b-41d4-a716-446655440000
2026-04-19 12:20:33.846 +05:30 [INF] SmsApi.Services.FeeService | CorrelationId:7fadf3b6dd324c4984034492b4e6429d | Late fee calculation with partial payment: Total=12000.00, Paid=6000.00, Remaining=6000.00
2026-04-19 12:20:33.849 +05:30 [INF] SmsApi.Services.FeeService | CorrelationId:862de4d8f40f4921900d3feaf8042206 | Late fee calculation with partial payment: Total=12000.00, Paid=6000.00, Remaining=6000.00
2026-04-19 12:20:33.853 +05:30 [WRN] SmsApi.Services.FeeService | CorrelationId:7fadf3b6dd324c4984034492b4e6429d | No late fee configuration found for school 550e8400-e29b-41d4-a716-446655440000
2026-04-19 12:20:33.854 +05:30 [WRN] SmsApi.Services.FeeService | CorrelationId:862de4d8f40f4921900d3feaf8042206 | No late fee configuration found for school 550e8400-e29b-41d4-a716-446655440000
2026-04-19 12:20:33.860 +05:30 [WRN] SmsApi.Services.FeeService | CorrelationId:7fadf3b6dd324c4984034492b4e6429d | No late fee configuration found for school 550e8400-e29b-41d4-a716-446655440000
2026-04-19 12:20:33.860 +05:30 [WRN] SmsApi.Services.FeeService | CorrelationId:862de4d8f40f4921900d3feaf8042206 | No late fee configuration found for school 550e8400-e29b-41d4-a716-446655440000
2026-04-19 12:20:33.865 +05:30 [INF] SmsApi.Middleware.LoggingActionFilter | CorrelationId:7fadf3b6dd324c4984034492b4e6429d | API Response: GET /api/fees/records | Status: 200 | Duration: 259ms
2026-04-19 12:20:33.866 +05:30 [INF] SmsApi.Middleware.LoggingActionFilter | CorrelationId:862de4d8f40f4921900d3feaf8042206 | API Response: GET /api/fees/records | Status: 200 | Duration: 293ms
2026-04-19 12:20:33.873 +05:30 [INF] Serilog.AspNetCore.RequestLoggingMiddleware | CorrelationId:7fadf3b6dd324c4984034492b4e6429d | HTTP GET /api/fees/records responded 200 in 270.3553 ms
2026-04-19 12:20:33.877 +05:30 [INF] Serilog.AspNetCore.RequestLoggingMiddleware | CorrelationId:862de4d8f40f4921900d3feaf8042206 | HTTP GET /api/fees/records responded 200 in 308.0225 ms
2026-04-19 12:20:42.707 +05:30 [INF] Serilog.AspNetCore.RequestLoggingMiddleware | CorrelationId:43744ae1f70d4478a3d395fc0047beec | HTTP OPTIONS /api/fees/records/0a80ab0a-c9fa-4741-824d-72453182db68 responded 204 in 0.0853 ms
2026-04-19 12:20:42.772 +05:30 [INF] SmsApi.Middleware.LoggingActionFilter | CorrelationId:3e36fa679b5e46d1ae7c2c2ed246ae31 | API Request: GET /api/fees/records/0a80ab0a-c9fa-4741-824d-72453182db68 | User: Unknown | School: 550e8400-e29b-41d4-a716-446655440000
2026-04-19 12:20:42.809 +05:30 [INF] SmsApi.Middleware.LoggingActionFilter | CorrelationId:3e36fa679b5e46d1ae7c2c2ed246ae31 | API Response: GET /api/fees/records/0a80ab0a-c9fa-4741-824d-72453182db68 | Status: 200 | Duration: 37ms
2026-04-19 12:20:42.818 +05:30 [INF] Serilog.AspNetCore.RequestLoggingMiddleware | CorrelationId:3e36fa679b5e46d1ae7c2c2ed246ae31 | HTTP GET /api/fees/records/0a80ab0a-c9fa-4741-824d-72453182db68 responded 200 in 61.8974 ms
2026-04-19 12:25:59.102 +05:30 [INF] SmsApi.Middleware.LoggingActionFilter | CorrelationId:072f6475a0804c4f818bc1d1db20bb1b | API Request: POST /api/auth/login | User: Unknown | School: Unknown
2026-04-19 12:25:59.672 +05:30 [INF] SmsApi.Controllers.AuthController | CorrelationId:072f6475a0804c4f818bc1d1db20bb1b | Login successful for admin (SchoolId: "550e8400-e29b-41d4-a716-446655440000")
2026-04-19 12:25:59.675 +05:30 [INF] SmsApi.Middleware.LoggingActionFilter | CorrelationId:072f6475a0804c4f818bc1d1db20bb1b | API Response: POST /api/auth/login | Status: 200 | Duration: 573ms
2026-04-19 12:25:59.683 +05:30 [INF] Serilog.AspNetCore.RequestLoggingMiddleware | CorrelationId:072f6475a0804c4f818bc1d1db20bb1b | HTTP POST /api/auth/login responded 200 in 584.7342 ms
2026-04-19 12:25:59.699 +05:30 [INF] SmsApi.Middleware.LoggingActionFilter | CorrelationId:9f021daa166d42379204fe915b5483d5 | API Request: GET /api/students | User: Unknown | School: 550e8400-e29b-41d4-a716-446655440000
2026-04-19 12:25:59.710 +05:30 [INF] SmsApi.Middleware.LoggingActionFilter | CorrelationId:9f021daa166d42379204fe915b5483d5 | API Response: GET /api/students | Status: 200 | Duration: 11ms
2026-04-19 12:25:59.716 +05:30 [INF] Serilog.AspNetCore.RequestLoggingMiddleware | CorrelationId:9f021daa166d42379204fe915b5483d5 | HTTP GET /api/students responded 200 in 22.0852 ms
2026-04-19 12:25:59.736 +05:30 [INF] SmsApi.Middleware.LoggingActionFilter | CorrelationId:208117ffbfca4a5b99d6ef5f91b7f110 | API Request: GET /api/staff | User: Unknown | School: 550e8400-e29b-41d4-a716-446655440000
2026-04-19 12:25:59.745 +05:30 [INF] SmsApi.Middleware.LoggingActionFilter | CorrelationId:208117ffbfca4a5b99d6ef5f91b7f110 | API Response: GET /api/staff | Status: 200 | Duration: 8ms
2026-04-19 12:25:59.750 +05:30 [INF] Serilog.AspNetCore.RequestLoggingMiddleware | CorrelationId:208117ffbfca4a5b99d6ef5f91b7f110 | HTTP GET /api/staff responded 200 in 15.3489 ms
2026-04-19 12:25:59.766 +05:30 [INF] SmsApi.Middleware.LoggingActionFilter | CorrelationId:a3cfe557c67b4141b9340117819912af | API Request: GET /api/fees/records | User: Unknown | School: 550e8400-e29b-41d4-a716-446655440000
2026-04-19 12:25:59.779 +05:30 [INF] SmsApi.Services.FeeService | CorrelationId:a3cfe557c67b4141b9340117819912af | Late fee calculation with partial payment: Total=20000.00, Paid=12000.00, Remaining=8000.00
2026-04-19 12:25:59.782 +05:30 [WRN] SmsApi.Services.FeeService | CorrelationId:a3cfe557c67b4141b9340117819912af | No late fee configuration found for school 550e8400-e29b-41d4-a716-446655440000
2026-04-19 12:25:59.784 +05:30 [INF] SmsApi.Middleware.LoggingActionFilter | CorrelationId:a3cfe557c67b4141b9340117819912af | API Response: GET /api/fees/records | Status: 200 | Duration: 17ms
2026-04-19 12:25:59.788 +05:30 [INF] Serilog.AspNetCore.RequestLoggingMiddleware | CorrelationId:a3cfe557c67b4141b9340117819912af | HTTP GET /api/fees/records responded 200 in 23.6235 ms
2026-04-19 12:25:59.806 +05:30 [INF] Serilog.AspNetCore.RequestLoggingMiddleware | CorrelationId:0833f6aab13b42cd8b9f7007163fba62 | HTTP GET /api/examinations responded 404 in 2.2753 ms
2026-04-19 12:25:59.826 +05:30 [INF] Serilog.AspNetCore.RequestLoggingMiddleware | CorrelationId:c7506d6f2b264c27a8bc1a5f41ba1648 | HTTP GET /api/analytics/dashboard responded 404 in 4.2954 ms
2026-04-19 12:25:59.838 +05:30 [INF] SmsApi.Middleware.LoggingActionFilter | CorrelationId:fc6ec4c5d5394d40b7665525664dd3f5 | API Request: GET /api/health/stats | User: Unknown | School: 550e8400-e29b-41d4-a716-446655440000
2026-04-19 12:25:59.848 +05:30 [INF] SmsApi.Middleware.LoggingActionFilter | CorrelationId:fc6ec4c5d5394d40b7665525664dd3f5 | API Response: GET /api/health/stats | Status: 200 | Duration: 10ms
2026-04-19 12:25:59.854 +05:30 [INF] Serilog.AspNetCore.RequestLoggingMiddleware | CorrelationId:fc6ec4c5d5394d40b7665525664dd3f5 | HTTP GET /api/health/stats responded 200 in 18.4309 ms
2026-04-19 12:25:59.877 +05:30 [INF] SmsApi.Middleware.LoggingActionFilter | CorrelationId:a45faa8771c744ce891d6a930d12f514 | API Request: GET /api/library/books | User: Unknown | School: 550e8400-e29b-41d4-a716-446655440000
2026-04-19 12:25:59.894 +05:30 [INF] SmsApi.Middleware.LoggingActionFilter | CorrelationId:a45faa8771c744ce891d6a930d12f514 | API Response: GET /api/library/books | Status: 200 | Duration: 17ms
2026-04-19 12:25:59.899 +05:30 [INF] Serilog.AspNetCore.RequestLoggingMiddleware | CorrelationId:a45faa8771c744ce891d6a930d12f514 | HTTP GET /api/library/books responded 200 in 27.5918 ms
2026-04-19 12:25:59.935 +05:30 [INF] SmsApi.Middleware.LoggingActionFilter | CorrelationId:7ea758fd4b20434ba8a869ff134268d9 | API Request: GET /api/hostel/rooms | User: Unknown | School: 550e8400-e29b-41d4-a716-446655440000
2026-04-19 12:25:59.976 +05:30 [INF] SmsApi.Middleware.LoggingActionFilter | CorrelationId:7ea758fd4b20434ba8a869ff134268d9 | API Response: GET /api/hostel/rooms | Status: 200 | Duration: 41ms
2026-04-19 12:25:59.984 +05:30 [INF] Serilog.AspNetCore.RequestLoggingMiddleware | CorrelationId:7ea758fd4b20434ba8a869ff134268d9 | HTTP GET /api/hostel/rooms responded 200 in 56.2991 ms
2026-04-19 12:26:05.892 +05:30 [INF] SmsApi.Middleware.LoggingActionFilter | CorrelationId:6265d918b89549239afba7661733e90c | API Request: POST /api/auth/login | User: Unknown | School: Unknown
2026-04-19 12:26:06.403 +05:30 [INF] SmsApi.Controllers.AuthController | CorrelationId:6265d918b89549239afba7661733e90c | Login successful for admin (SchoolId: "550e8400-e29b-41d4-a716-446655440000")
2026-04-19 12:26:06.410 +05:30 [INF] SmsApi.Middleware.LoggingActionFilter | CorrelationId:6265d918b89549239afba7661733e90c | API Response: POST /api/auth/login | Status: 200 | Duration: 517ms
2026-04-19 12:26:06.419 +05:30 [INF] Serilog.AspNetCore.RequestLoggingMiddleware | CorrelationId:6265d918b89549239afba7661733e90c | HTTP POST /api/auth/login responded 200 in 527.5353 ms
2026-04-19 12:26:06.443 +05:30 [INF] SmsApi.Middleware.LoggingActionFilter | CorrelationId:2cd5b569b79c495bb1d6314d95849b10 | API Request: GET /api/examinations/exams | User: Unknown | School: 550e8400-e29b-41d4-a716-446655440000
2026-04-19 12:26:06.472 +05:30 [INF] SmsApi.Middleware.LoggingActionFilter | CorrelationId:2cd5b569b79c495bb1d6314d95849b10 | API Response: GET /api/examinations/exams | Status: 200 | Duration: 28ms
2026-04-19 12:26:06.475 +05:30 [INF] Serilog.AspNetCore.RequestLoggingMiddleware | CorrelationId:2cd5b569b79c495bb1d6314d95849b10 | HTTP GET /api/examinations/exams responded 200 in 42.5870 ms
2026-04-19 12:26:06.493 +05:30 [INF] Serilog.AspNetCore.RequestLoggingMiddleware | CorrelationId:9c2fcaa2de694b41be97814bd66f1969 | HTTP GET /api/analytics/summary responded 404 in 1.5027 ms
2026-04-19 12:26:06.504 +05:30 [INF] Serilog.AspNetCore.RequestLoggingMiddleware | CorrelationId:ba3314ae33eb48e7a53eb10767b40f16 | HTTP GET /api/academic-years responded 404 in 0.5281 ms
2026-04-19 12:26:06.531 +05:30 [INF] SmsApi.Middleware.LoggingActionFilter | CorrelationId:611643d0ddc54f09937cafcabc8a2f9d | API Request: GET /api/timetable | User: Unknown | School: 550e8400-e29b-41d4-a716-446655440000
2026-04-19 12:26:06.580 +05:30 [INF] SmsApi.Middleware.LoggingActionFilter | CorrelationId:611643d0ddc54f09937cafcabc8a2f9d | API Response: GET /api/timetable | Status: 200 | Duration: 48ms
2026-04-19 12:26:06.587 +05:30 [INF] Serilog.AspNetCore.RequestLoggingMiddleware | CorrelationId:611643d0ddc54f09937cafcabc8a2f9d | HTTP GET /api/timetable responded 200 in 63.5013 ms
2026-04-19 12:26:06.607 +05:30 [INF] SmsApi.Middleware.LoggingActionFilter | CorrelationId:2da5b6db789c44278d9b4f8709cb2e2f | API Request: GET /api/transport/routes | User: Unknown | School: 550e8400-e29b-41d4-a716-446655440000
2026-04-19 12:26:06.615 +05:30 [INF] SmsApi.Middleware.LoggingActionFilter | CorrelationId:2da5b6db789c44278d9b4f8709cb2e2f | API Response: GET /api/transport/routes | Status: 200 | Duration: 7ms
2026-04-19 12:26:06.620 +05:30 [INF] Serilog.AspNetCore.RequestLoggingMiddleware | CorrelationId:2da5b6db789c44278d9b4f8709cb2e2f | HTTP GET /api/transport/routes responded 200 in 14.6132 ms
2026-04-19 12:26:06.639 +05:30 [INF] Serilog.AspNetCore.RequestLoggingMiddleware | CorrelationId:9f7e6e95a41b42cd8ebf7b29680e7605 | HTTP GET /api/attendance responded 404 in 1.7289 ms
2026-04-19 12:26:06.652 +05:30 [INF] Serilog.AspNetCore.RequestLoggingMiddleware | CorrelationId:0b1964149d7c4dbb836eb80e73ed4ecc | HTTP GET /api/fees responded 404 in 1.5171 ms
2026-04-19 12:26:12.309 +05:30 [INF] SmsApi.Middleware.LoggingActionFilter | CorrelationId:e67b3eed7a7f475f9588d270c2ba0cc3 | API Request: POST /api/auth/login | User: Unknown | School: Unknown
2026-04-19 12:26:12.813 +05:30 [INF] SmsApi.Controllers.AuthController | CorrelationId:e67b3eed7a7f475f9588d270c2ba0cc3 | Login successful for admin (SchoolId: "550e8400-e29b-41d4-a716-446655440000")
2026-04-19 12:26:12.815 +05:30 [INF] SmsApi.Middleware.LoggingActionFilter | CorrelationId:e67b3eed7a7f475f9588d270c2ba0cc3 | API Response: POST /api/auth/login | Status: 200 | Duration: 506ms
2026-04-19 12:26:12.822 +05:30 [INF] Serilog.AspNetCore.RequestLoggingMiddleware | CorrelationId:e67b3eed7a7f475f9588d270c2ba0cc3 | HTTP POST /api/auth/login responded 200 in 513.9479 ms
2026-04-19 12:26:12.836 +05:30 [INF] SmsApi.Middleware.LoggingActionFilter | CorrelationId:86258b1e3c704436abf75fc7496087bd | API Request: GET /api/academics/academic-years | User: Unknown | School: 550e8400-e29b-41d4-a716-446655440000
2026-04-19 12:26:12.840 +05:30 [INF] SmsApi.Middleware.LoggingActionFilter | CorrelationId:86258b1e3c704436abf75fc7496087bd | API Response: GET /api/academics/academic-years | Status: 200 | Duration: 4ms
2026-04-19 12:26:12.845 +05:30 [INF] Serilog.AspNetCore.RequestLoggingMiddleware | CorrelationId:86258b1e3c704436abf75fc7496087bd | HTTP GET /api/academics/academic-years responded 200 in 9.8415 ms
2026-04-19 12:26:12.862 +05:30 [INF] Serilog.AspNetCore.RequestLoggingMiddleware | CorrelationId:2e1883ce9ac74878a61a14bf08399c63 | HTTP GET /api/analytics/dashboard-summary responded 404 in 1.5736 ms
2026-04-19 12:26:12.873 +05:30 [INF] SmsApi.Middleware.LoggingActionFilter | CorrelationId:03e12f92d0aa4cae8645dcebcd7f7d10 | API Request: GET /api/attendance/records | User: Unknown | School: 550e8400-e29b-41d4-a716-446655440000
2026-04-19 12:26:12.892 +05:30 [INF] SmsApi.Middleware.LoggingActionFilter | CorrelationId:03e12f92d0aa4cae8645dcebcd7f7d10 | API Response: GET /api/attendance/records | Status: 200 | Duration: 18ms
2026-04-19 12:26:12.894 +05:30 [INF] Serilog.AspNetCore.RequestLoggingMiddleware | CorrelationId:03e12f92d0aa4cae8645dcebcd7f7d10 | HTTP GET /api/attendance/records responded 200 in 24.8077 ms
2026-04-19 12:26:12.912 +05:30 [INF] Serilog.AspNetCore.RequestLoggingMiddleware | CorrelationId:b99c6d144e384b5ca3b0c93c4c3cd3a1 | HTTP GET /api/fees/fee-structures responded 404 in 3.1060 ms
2026-04-19 12:26:12.923 +05:30 [INF] Serilog.AspNetCore.RequestLoggingMiddleware | CorrelationId:a34bfa224e4145a0827535c416f97177 | HTTP GET /api/fees/payment-records responded 404 in 2.0457 ms
2026-04-19 12:33:49.076 +05:30 [INF]  | CorrelationId: | Using distributed in-memory cache (development only)
2026-04-19 12:33:50.469 +05:30 [WRN] Microsoft.EntityFrameworkCore.Model.Validation | CorrelationId: | Entity 'Staff' has a global query filter defined and is the required end of a relationship with the entity 'Certificate'. This may lead to unexpected results when the required entity is filtered out. Either configure the navigation as optional, or define matching query filters for both entities in the navigation. See https://go.microsoft.com/fwlink/?linkid=2131316 for more information.
2026-04-19 12:33:50.470 +05:30 [WRN] Microsoft.EntityFrameworkCore.Model.Validation | CorrelationId: | Entity 'School' has a global query filter defined and is the required end of a relationship with the entity 'CertificateTemplate'. This may lead to unexpected results when the required entity is filtered out. Either configure the navigation as optional, or define matching query filters for both entities in the navigation. See https://go.microsoft.com/fwlink/?linkid=2131316 for more information.
2026-04-19 12:33:50.470 +05:30 [WRN] Microsoft.EntityFrameworkCore.Model.Validation | CorrelationId: | Entity 'School' has a global query filter defined and is the required end of a relationship with the entity 'Document'. This may lead to unexpected results when the required entity is filtered out. Either configure the navigation as optional, or define matching query filters for both entities in the navigation. See https://go.microsoft.com/fwlink/?linkid=2131316 for more information.
2026-04-19 12:33:50.470 +05:30 [WRN] Microsoft.EntityFrameworkCore.Model.Validation | CorrelationId: | Entity 'School' has a global query filter defined and is the required end of a relationship with the entity 'DocumentCategory'. This may lead to unexpected results when the required entity is filtered out. Either configure the navigation as optional, or define matching query filters for both entities in the navigation. See https://go.microsoft.com/fwlink/?linkid=2131316 for more information.
2026-04-19 12:33:50.470 +05:30 [WRN] Microsoft.EntityFrameworkCore.Model.Validation | CorrelationId: | Entity 'School' has a global query filter defined and is the required end of a relationship with the entity 'FeeAuditLog'. This may lead to unexpected results when the required entity is filtered out. Either configure the navigation as optional, or define matching query filters for both entities in the navigation. See https://go.microsoft.com/fwlink/?linkid=2131316 for more information.
2026-04-19 12:33:50.471 +05:30 [WRN] Microsoft.EntityFrameworkCore.Model.Validation | CorrelationId: | Entity 'School' has a global query filter defined and is the required end of a relationship with the entity 'Holiday'. This may lead to unexpected results when the required entity is filtered out. Either configure the navigation as optional, or define matching query filters for both entities in the navigation. See https://go.microsoft.com/fwlink/?linkid=2131316 for more information.
2026-04-19 12:33:50.471 +05:30 [WRN] Microsoft.EntityFrameworkCore.Model.Validation | CorrelationId: | Entity 'School' has a global query filter defined and is the required end of a relationship with the entity 'IDCard'. This may lead to unexpected results when the required entity is filtered out. Either configure the navigation as optional, or define matching query filters for both entities in the navigation. See https://go.microsoft.com/fwlink/?linkid=2131316 for more information.
2026-04-19 12:33:50.471 +05:30 [WRN] Microsoft.EntityFrameworkCore.Model.Validation | CorrelationId: | Entity 'School' has a global query filter defined and is the required end of a relationship with the entity 'IDCardTemplate'. This may lead to unexpected results when the required entity is filtered out. Either configure the navigation as optional, or define matching query filters for both entities in the navigation. See https://go.microsoft.com/fwlink/?linkid=2131316 for more information.
2026-04-19 12:33:50.471 +05:30 [WRN] Microsoft.EntityFrameworkCore.Model.Validation | CorrelationId: | Entity 'UserLogin' has a global query filter defined and is the required end of a relationship with the entity 'PasswordResetToken'. This may lead to unexpected results when the required entity is filtered out. Either configure the navigation as optional, or define matching query filters for both entities in the navigation. See https://go.microsoft.com/fwlink/?linkid=2131316 for more information.
2026-04-19 12:33:50.471 +05:30 [WRN] Microsoft.EntityFrameworkCore.Model.Validation | CorrelationId: | Entity 'School' has a global query filter defined and is the required end of a relationship with the entity 'PromotionHistory'. This may lead to unexpected results when the required entity is filtered out. Either configure the navigation as optional, or define matching query filters for both entities in the navigation. See https://go.microsoft.com/fwlink/?linkid=2131316 for more information.
2026-04-19 12:33:50.539 +05:30 [WRN] Microsoft.EntityFrameworkCore.Model.Validation | CorrelationId: | The foreign key property 'Staff.ReportingToId1' was created in shadow state because a conflicting property with the simple name 'ReportingToId' exists in the entity type, but is either not mapped, is already used for another relationship, or is incompatible with the associated primary key type. See https://aka.ms/efcore-relationships for information on mapping relationships in EF Core.
2026-04-19 12:33:51.359 +05:30 [INF] Program | CorrelationId: | Database migrations applied successfully.
2026-04-19 12:33:51.994 +05:30 [INF] Microsoft.Hosting.Lifetime | CorrelationId: | Now listening on: http://localhost:5092
2026-04-19 12:33:51.994 +05:30 [INF] Microsoft.Hosting.Lifetime | CorrelationId: | Application started. Press Ctrl+C to shut down.
2026-04-19 12:33:51.994 +05:30 [INF] Microsoft.Hosting.Lifetime | CorrelationId: | Hosting environment: Development
2026-04-19 12:33:51.994 +05:30 [INF] Microsoft.Hosting.Lifetime | CorrelationId: | Content root path: C:\Vitana\Vitana Group\sms-api
2026-04-19 12:43:52.553 +05:30 [INF]  | CorrelationId: | Using distributed in-memory cache (development only)
2026-04-19 12:43:54.752 +05:30 [WRN] Microsoft.EntityFrameworkCore.Model.Validation | CorrelationId: | Entity 'Staff' has a global query filter defined and is the required end of a relationship with the entity 'Certificate'. This may lead to unexpected results when the required entity is filtered out. Either configure the navigation as optional, or define matching query filters for both entities in the navigation. See https://go.microsoft.com/fwlink/?linkid=2131316 for more information.
2026-04-19 12:43:54.758 +05:30 [WRN] Microsoft.EntityFrameworkCore.Model.Validation | CorrelationId: | Entity 'School' has a global query filter defined and is the required end of a relationship with the entity 'CertificateTemplate'. This may lead to unexpected results when the required entity is filtered out. Either configure the navigation as optional, or define matching query filters for both entities in the navigation. See https://go.microsoft.com/fwlink/?linkid=2131316 for more information.
2026-04-19 12:43:54.763 +05:30 [WRN] Microsoft.EntityFrameworkCore.Model.Validation | CorrelationId: | Entity 'School' has a global query filter defined and is the required end of a relationship with the entity 'Document'. This may lead to unexpected results when the required entity is filtered out. Either configure the navigation as optional, or define matching query filters for both entities in the navigation. See https://go.microsoft.com/fwlink/?linkid=2131316 for more information.
2026-04-19 12:43:54.766 +05:30 [WRN] Microsoft.EntityFrameworkCore.Model.Validation | CorrelationId: | Entity 'School' has a global query filter defined and is the required end of a relationship with the entity 'DocumentCategory'. This may lead to unexpected results when the required entity is filtered out. Either configure the navigation as optional, or define matching query filters for both entities in the navigation. See https://go.microsoft.com/fwlink/?linkid=2131316 for more information.
2026-04-19 12:43:54.770 +05:30 [WRN] Microsoft.EntityFrameworkCore.Model.Validation | CorrelationId: | Entity 'School' has a global query filter defined and is the required end of a relationship with the entity 'FeeAuditLog'. This may lead to unexpected results when the required entity is filtered out. Either configure the navigation as optional, or define matching query filters for both entities in the navigation. See https://go.microsoft.com/fwlink/?linkid=2131316 for more information.
2026-04-19 12:43:54.772 +05:30 [WRN] Microsoft.EntityFrameworkCore.Model.Validation | CorrelationId: | Entity 'School' has a global query filter defined and is the required end of a relationship with the entity 'Holiday'. This may lead to unexpected results when the required entity is filtered out. Either configure the navigation as optional, or define matching query filters for both entities in the navigation. See https://go.microsoft.com/fwlink/?linkid=2131316 for more information.
2026-04-19 12:43:54.777 +05:30 [WRN] Microsoft.EntityFrameworkCore.Model.Validation | CorrelationId: | Entity 'School' has a global query filter defined and is the required end of a relationship with the entity 'IDCard'. This may lead to unexpected results when the required entity is filtered out. Either configure the navigation as optional, or define matching query filters for both entities in the navigation. See https://go.microsoft.com/fwlink/?linkid=2131316 for more information.
2026-04-19 12:43:54.782 +05:30 [WRN] Microsoft.EntityFrameworkCore.Model.Validation | CorrelationId: | Entity 'School' has a global query filter defined and is the required end of a relationship with the entity 'IDCardTemplate'. This may lead to unexpected results when the required entity is filtered out. Either configure the navigation as optional, or define matching query filters for both entities in the navigation. See https://go.microsoft.com/fwlink/?linkid=2131316 for more information.
2026-04-19 12:43:54.788 +05:30 [WRN] Microsoft.EntityFrameworkCore.Model.Validation | CorrelationId: | Entity 'UserLogin' has a global query filter defined and is the required end of a relationship with the entity 'PasswordResetToken'. This may lead to unexpected results when the required entity is filtered out. Either configure the navigation as optional, or define matching query filters for both entities in the navigation. See https://go.microsoft.com/fwlink/?linkid=2131316 for more information.
2026-04-19 12:43:54.792 +05:30 [WRN] Microsoft.EntityFrameworkCore.Model.Validation | CorrelationId: | Entity 'School' has a global query filter defined and is the required end of a relationship with the entity 'PromotionHistory'. This may lead to unexpected results when the required entity is filtered out. Either configure the navigation as optional, or define matching query filters for both entities in the navigation. See https://go.microsoft.com/fwlink/?linkid=2131316 for more information.
2026-04-19 12:43:54.868 +05:30 [WRN] Microsoft.EntityFrameworkCore.Model.Validation | CorrelationId: | The foreign key property 'Staff.ReportingToId1' was created in shadow state because a conflicting property with the simple name 'ReportingToId' exists in the entity type, but is either not mapped, is already used for another relationship, or is incompatible with the associated primary key type. See https://aka.ms/efcore-relationships for information on mapping relationships in EF Core.
2026-04-19 12:43:55.960 +05:30 [INF] Program | CorrelationId: | Database migrations applied successfully.
2026-04-19 12:43:56.807 +05:30 [INF] Microsoft.Hosting.Lifetime | CorrelationId: | Now listening on: http://localhost:5092
2026-04-19 12:43:56.809 +05:30 [INF] Microsoft.Hosting.Lifetime | CorrelationId: | Application started. Press Ctrl+C to shut down.
2026-04-19 12:43:56.810 +05:30 [INF] Microsoft.Hosting.Lifetime | CorrelationId: | Hosting environment: Development
2026-04-19 12:43:56.811 +05:30 [INF] Microsoft.Hosting.Lifetime | CorrelationId: | Content root path: C:\Vitana\Vitana Group\sms-api
2026-04-19 12:44:02.153 +05:30 [WRN] Microsoft.AspNetCore.HttpsPolicy.HttpsRedirectionMiddleware | CorrelationId:8451ceb893c84876b4bd69c0ded8d991 | Failed to determine the https port for redirect.
2026-04-19 12:44:02.183 +05:30 [INF] Serilog.AspNetCore.RequestLoggingMiddleware | CorrelationId:8451ceb893c84876b4bd69c0ded8d991 | HTTP GET /api/library/books responded 401 in 41.4916 ms
2026-04-19 12:44:02.323 +05:30 [INF] Serilog.AspNetCore.RequestLoggingMiddleware | CorrelationId:93636453f1e1476e9dba640e2d99f812 | HTTP GET /api/health/status responded 404 in 9.6656 ms
2026-04-19 12:45:41.163 +05:30 [INF]  | CorrelationId: | Using distributed in-memory cache (development only)
2026-04-19 12:45:42.550 +05:30 [WRN] Microsoft.EntityFrameworkCore.Model.Validation | CorrelationId: | Entity 'Staff' has a global query filter defined and is the required end of a relationship with the entity 'Certificate'. This may lead to unexpected results when the required entity is filtered out. Either configure the navigation as optional, or define matching query filters for both entities in the navigation. See https://go.microsoft.com/fwlink/?linkid=2131316 for more information.
2026-04-19 12:45:42.555 +05:30 [WRN] Microsoft.EntityFrameworkCore.Model.Validation | CorrelationId: | Entity 'School' has a global query filter defined and is the required end of a relationship with the entity 'CertificateTemplate'. This may lead to unexpected results when the required entity is filtered out. Either configure the navigation as optional, or define matching query filters for both entities in the navigation. See https://go.microsoft.com/fwlink/?linkid=2131316 for more information.
2026-04-19 12:45:42.557 +05:30 [WRN] Microsoft.EntityFrameworkCore.Model.Validation | CorrelationId: | Entity 'School' has a global query filter defined and is the required end of a relationship with the entity 'Document'. This may lead to unexpected results when the required entity is filtered out. Either configure the navigation as optional, or define matching query filters for both entities in the navigation. See https://go.microsoft.com/fwlink/?linkid=2131316 for more information.
2026-04-19 12:45:42.559 +05:30 [WRN] Microsoft.EntityFrameworkCore.Model.Validation | CorrelationId: | Entity 'School' has a global query filter defined and is the required end of a relationship with the entity 'DocumentCategory'. This may lead to unexpected results when the required entity is filtered out. Either configure the navigation as optional, or define matching query filters for both entities in the navigation. See https://go.microsoft.com/fwlink/?linkid=2131316 for more information.
2026-04-19 12:45:42.562 +05:30 [WRN] Microsoft.EntityFrameworkCore.Model.Validation | CorrelationId: | Entity 'School' has a global query filter defined and is the required end of a relationship with the entity 'FeeAuditLog'. This may lead to unexpected results when the required entity is filtered out. Either configure the navigation as optional, or define matching query filters for both entities in the navigation. See https://go.microsoft.com/fwlink/?linkid=2131316 for more information.
2026-04-19 12:45:42.564 +05:30 [WRN] Microsoft.EntityFrameworkCore.Model.Validation | CorrelationId: | Entity 'School' has a global query filter defined and is the required end of a relationship with the entity 'Holiday'. This may lead to unexpected results when the required entity is filtered out. Either configure the navigation as optional, or define matching query filters for both entities in the navigation. See https://go.microsoft.com/fwlink/?linkid=2131316 for more information.
2026-04-19 12:45:42.567 +05:30 [WRN] Microsoft.EntityFrameworkCore.Model.Validation | CorrelationId: | Entity 'School' has a global query filter defined and is the required end of a relationship with the entity 'IDCard'. This may lead to unexpected results when the required entity is filtered out. Either configure the navigation as optional, or define matching query filters for both entities in the navigation. See https://go.microsoft.com/fwlink/?linkid=2131316 for more information.
2026-04-19 12:45:42.569 +05:30 [WRN] Microsoft.EntityFrameworkCore.Model.Validation | CorrelationId: | Entity 'School' has a global query filter defined and is the required end of a relationship with the entity 'IDCardTemplate'. This may lead to unexpected results when the required entity is filtered out. Either configure the navigation as optional, or define matching query filters for both entities in the navigation. See https://go.microsoft.com/fwlink/?linkid=2131316 for more information.
2026-04-19 12:45:42.573 +05:30 [WRN] Microsoft.EntityFrameworkCore.Model.Validation | CorrelationId: | Entity 'UserLogin' has a global query filter defined and is the required end of a relationship with the entity 'PasswordResetToken'. This may lead to unexpected results when the required entity is filtered out. Either configure the navigation as optional, or define matching query filters for both entities in the navigation. See https://go.microsoft.com/fwlink/?linkid=2131316 for more information.
2026-04-19 12:45:42.575 +05:30 [WRN] Microsoft.EntityFrameworkCore.Model.Validation | CorrelationId: | Entity 'School' has a global query filter defined and is the required end of a relationship with the entity 'PromotionHistory'. This may lead to unexpected results when the required entity is filtered out. Either configure the navigation as optional, or define matching query filters for both entities in the navigation. See https://go.microsoft.com/fwlink/?linkid=2131316 for more information.
2026-04-19 12:45:42.637 +05:30 [WRN] Microsoft.EntityFrameworkCore.Model.Validation | CorrelationId: | The foreign key property 'Staff.ReportingToId1' was created in shadow state because a conflicting property with the simple name 'ReportingToId' exists in the entity type, but is either not mapped, is already used for another relationship, or is incompatible with the associated primary key type. See https://aka.ms/efcore-relationships for information on mapping relationships in EF Core.
2026-04-19 12:45:43.419 +05:30 [INF] Program | CorrelationId: | Database migrations applied successfully.
2026-04-19 12:45:44.045 +05:30 [INF] Microsoft.Hosting.Lifetime | CorrelationId: | Now listening on: http://localhost:5092
2026-04-19 12:45:44.048 +05:30 [INF] Microsoft.Hosting.Lifetime | CorrelationId: | Application started. Press Ctrl+C to shut down.
2026-04-19 12:45:44.050 +05:30 [INF] Microsoft.Hosting.Lifetime | CorrelationId: | Hosting environment: Development
2026-04-19 12:45:44.051 +05:30 [INF] Microsoft.Hosting.Lifetime | CorrelationId: | Content root path: C:\Vitana\Vitana Group\sms-api
2026-04-19 12:46:08.910 +05:30 [INF] Serilog.AspNetCore.RequestLoggingMiddleware | CorrelationId:8e6127a66a5f4b8dbeef7e1b595bc172 | HTTP OPTIONS /api/academics/academic-years responded 204 in 61.2852 ms
2026-04-19 12:46:08.910 +05:30 [INF] Serilog.AspNetCore.RequestLoggingMiddleware | CorrelationId:45cd4288c1554480bca7cada8fbd386a | HTTP OPTIONS /api/settings/school/me responded 204 in 91.4219 ms
2026-04-19 12:46:08.909 +05:30 [INF] Serilog.AspNetCore.RequestLoggingMiddleware | CorrelationId:2b3a9262c90945d7b797ad2c2b0a522a | HTTP OPTIONS /api/academics/academic-years responded 204 in 62.6618 ms
2026-04-19 12:46:08.911 +05:30 [WRN] Microsoft.AspNetCore.HttpsPolicy.HttpsRedirectionMiddleware | CorrelationId:7fa255db036c4ad69f729eb7b3b6e36d | Failed to determine the https port for redirect.
2026-04-19 12:46:09.099 +05:30 [INF] Serilog.AspNetCore.RequestLoggingMiddleware | CorrelationId:f4b3f7a1feb24a02b1523e0cb269f49e | HTTP OPTIONS /api/students responded 204 in 0.5908 ms
2026-04-19 12:46:09.111 +05:30 [INF] Serilog.AspNetCore.RequestLoggingMiddleware | CorrelationId:b4aaedcc76cd451b8d2e3530861971f1 | HTTP OPTIONS /api/staff responded 204 in 0.0789 ms
2026-04-19 12:46:09.118 +05:30 [INF] Serilog.AspNetCore.RequestLoggingMiddleware | CorrelationId:bea652c960484086ae7105a60499f2be | HTTP OPTIONS /api/staff responded 204 in 0.1305 ms
2026-04-19 12:46:09.152 +05:30 [INF] Serilog.AspNetCore.RequestLoggingMiddleware | CorrelationId:fa172e6eed4940da92bee57d32a8be28 | HTTP OPTIONS /api/Attendance/records responded 204 in 0.0696 ms
2026-04-19 12:46:09.158 +05:30 [INF] Serilog.AspNetCore.RequestLoggingMiddleware | CorrelationId:6a9c20b2ac574f38a618eac59115222c | HTTP OPTIONS /api/fees/stats responded 204 in 0.0687 ms
2026-04-19 12:46:09.165 +05:30 [INF] Serilog.AspNetCore.RequestLoggingMiddleware | CorrelationId:009c45895b694457b3173633e4f3b462 | HTTP OPTIONS /api/students responded 204 in 0.0794 ms
2026-04-19 12:46:09.180 +05:30 [INF] Serilog.AspNetCore.RequestLoggingMiddleware | CorrelationId:f2b7660242414c3ca5c82f2384bc97ee | HTTP OPTIONS /api/Attendance/records responded 204 in 0.0933 ms
2026-04-19 12:46:09.275 +05:30 [INF] Serilog.AspNetCore.RequestLoggingMiddleware | CorrelationId:9f1ef68a1f114326b782365eb8c8f619 | HTTP OPTIONS /api/fees/stats responded 204 in 0.0784 ms
2026-04-19 12:46:09.405 +05:30 [INF] SmsApi.Middleware.LoggingActionFilter | CorrelationId:0dc8a9374e0446ad9e522ec317d932ac | API Request: GET /api/settings/school/me | User: Unknown | School: 550e8400-e29b-41d4-a716-446655440000
2026-04-19 12:46:09.415 +05:30 [INF] SmsApi.Middleware.LoggingActionFilter | CorrelationId:7fa255db036c4ad69f729eb7b3b6e36d | API Request: POST /api/auth/login | User: Unknown | School: Unknown
2026-04-19 12:46:09.415 +05:30 [INF] SmsApi.Middleware.LoggingActionFilter | CorrelationId:fb36e00e10ab4fc8a82d795f90c6bff0 | API Request: GET /api/academics/academic-years | User: Unknown | School: 550e8400-e29b-41d4-a716-446655440000
2026-04-19 12:46:09.416 +05:30 [INF] SmsApi.Middleware.LoggingActionFilter | CorrelationId:73af8f7f53c5453c87ebb8018006124e | API Request: GET /api/academics/academic-years | User: Unknown | School: 550e8400-e29b-41d4-a716-446655440000
2026-04-19 12:46:09.529 +05:30 [INF] SmsApi.Middleware.LoggingActionFilter | CorrelationId:0dc8a9374e0446ad9e522ec317d932ac | API Response: GET /api/settings/school/me | Status: 200 | Duration: 125ms
2026-04-19 12:46:09.606 +05:30 [WRN] LuckyPennySoftware.MediatR.License | CorrelationId:3397594c1a3744ba9cd0cc25c160d084 | You do not have a valid license key for the Lucky Penny software MediatR. This is allowed for development and testing scenarios. If you are running in production you are required to have a licensed version. Please visit https://luckypennysoftware.com to obtain a valid license.
2026-04-19 12:46:09.783 +05:30 [INF] SmsApi.Middleware.LoggingActionFilter | CorrelationId:13e7a43dad0d477aa7bc9cec4a57e8b3 | API Request: GET /api/staff | User: Unknown | School: 550e8400-e29b-41d4-a716-446655440000
2026-04-19 12:46:09.797 +05:30 [INF] SmsApi.Middleware.LoggingActionFilter | CorrelationId:fb36e00e10ab4fc8a82d795f90c6bff0 | API Response: GET /api/academics/academic-years | Status: 200 | Duration: 381ms
2026-04-19 12:46:09.797 +05:30 [INF] SmsApi.Middleware.LoggingActionFilter | CorrelationId:73af8f7f53c5453c87ebb8018006124e | API Response: GET /api/academics/academic-years | Status: 200 | Duration: 381ms
2026-04-19 12:46:09.809 +05:30 [INF] Serilog.AspNetCore.RequestLoggingMiddleware | CorrelationId:0dc8a9374e0446ad9e522ec317d932ac | HTTP GET /api/settings/school/me responded 200 in 485.5098 ms
2026-04-19 12:46:09.812 +05:30 [INF] SmsApi.Middleware.LoggingActionFilter | CorrelationId:fd45a177933945eeaf6e3b8041a1522b | API Request: GET /api/Attendance/records | User: Unknown | School: 550e8400-e29b-41d4-a716-446655440000
2026-04-19 12:46:09.876 +05:30 [INF] SmsApi.Middleware.LoggingActionFilter | CorrelationId:3397594c1a3744ba9cd0cc25c160d084 | API Request: GET /api/students | User: Unknown | School: 550e8400-e29b-41d4-a716-446655440000
2026-04-19 12:46:09.969 +05:30 [INF] Serilog.AspNetCore.RequestLoggingMiddleware | CorrelationId:fb36e00e10ab4fc8a82d795f90c6bff0 | HTTP GET /api/academics/academic-years responded 200 in 683.8093 ms
2026-04-19 12:46:09.969 +05:30 [INF] Serilog.AspNetCore.RequestLoggingMiddleware | CorrelationId:73af8f7f53c5453c87ebb8018006124e | HTTP GET /api/academics/academic-years responded 200 in 588.1185 ms
2026-04-19 12:46:10.014 +05:30 [INF] SmsApi.Middleware.LoggingActionFilter | CorrelationId:13e7a43dad0d477aa7bc9cec4a57e8b3 | API Response: GET /api/staff | Status: 200 | Duration: 231ms
2026-04-19 12:46:10.018 +05:30 [ERR] Microsoft.AspNetCore.Diagnostics.DeveloperExceptionPageMiddleware | CorrelationId: | An unhandled exception has occurred while executing the request.
System.InvalidOperationException: Headers are read-only, response has already started.
   at Microsoft.AspNetCore.Server.Kestrel.Core.Internal.Http.HttpHeaders.ThrowHeadersReadOnlyException()
   at Microsoft.AspNetCore.Server.Kestrel.Core.Internal.Http.HttpHeaders.System.Collections.Generic.IDictionary<System.String,Microsoft.Extensions.Primitives.StringValues>.Add(String key, StringValues value)
   at System.Collections.Generic.CollectionExtensions.TryAdd[TKey,TValue](IDictionary`2 dictionary, TKey key, TValue value)
   at SmsApi.Infrastructure.Performance.PerformanceMonitoringMiddleware.InvokeAsync(HttpContext context) in C:\Vitana\Vitana Group\sms-api\Infrastructure\Performance\PerformanceMonitoringMiddleware.cs:line 48
   at Microsoft.AspNetCore.Diagnostics.DeveloperExceptionPageMiddlewareImpl.Invoke(HttpContext context)
2026-04-19 12:46:10.121 +05:30 [ERR] Microsoft.AspNetCore.Diagnostics.DeveloperExceptionPageMiddleware | CorrelationId: | An unhandled exception has occurred while executing the request.
System.InvalidOperationException: Headers are read-only, response has already started.
   at Microsoft.AspNetCore.Server.Kestrel.Core.Internal.Http.HttpHeaders.ThrowHeadersReadOnlyException()
   at Microsoft.AspNetCore.Server.Kestrel.Core.Internal.Http.HttpHeaders.System.Collections.Generic.IDictionary<System.String,Microsoft.Extensions.Primitives.StringValues>.Add(String key, StringValues value)
   at System.Collections.Generic.CollectionExtensions.TryAdd[TKey,TValue](IDictionary`2 dictionary, TKey key, TValue value)
   at SmsApi.Infrastructure.Performance.PerformanceMonitoringMiddleware.InvokeAsync(HttpContext context) in C:\Vitana\Vitana Group\sms-api\Infrastructure\Performance\PerformanceMonitoringMiddleware.cs:line 48
   at Microsoft.AspNetCore.Diagnostics.DeveloperExceptionPageMiddlewareImpl.Invoke(HttpContext context)
2026-04-19 12:46:10.163 +05:30 [ERR] Microsoft.AspNetCore.Diagnostics.DeveloperExceptionPageMiddleware | CorrelationId: | An unhandled exception has occurred while executing the request.
System.InvalidOperationException: Headers are read-only, response has already started.
   at Microsoft.AspNetCore.Server.Kestrel.Core.Internal.Http.HttpHeaders.ThrowHeadersReadOnlyException()
   at Microsoft.AspNetCore.Server.Kestrel.Core.Internal.Http.HttpHeaders.System.Collections.Generic.IDictionary<System.String,Microsoft.Extensions.Primitives.StringValues>.Add(String key, StringValues value)
   at System.Collections.Generic.CollectionExtensions.TryAdd[TKey,TValue](IDictionary`2 dictionary, TKey key, TValue value)
   at SmsApi.Infrastructure.Performance.PerformanceMonitoringMiddleware.InvokeAsync(HttpContext context) in C:\Vitana\Vitana Group\sms-api\Infrastructure\Performance\PerformanceMonitoringMiddleware.cs:line 48
   at Microsoft.AspNetCore.Diagnostics.DeveloperExceptionPageMiddlewareImpl.Invoke(HttpContext context)
2026-04-19 12:46:10.190 +05:30 [INF] SmsApi.Middleware.LoggingActionFilter | CorrelationId:3397594c1a3744ba9cd0cc25c160d084 | API Response: GET /api/students | Status: 200 | Duration: 314ms
2026-04-19 12:46:10.195 +05:30 [INF] Serilog.AspNetCore.RequestLoggingMiddleware | CorrelationId:13e7a43dad0d477aa7bc9cec4a57e8b3 | HTTP GET /api/staff responded 200 in 650.1074 ms
2026-04-19 12:46:10.228 +05:30 [INF] SmsApi.Middleware.LoggingActionFilter | CorrelationId:fd45a177933945eeaf6e3b8041a1522b | API Response: GET /api/Attendance/records | Status: 200 | Duration: 415ms
2026-04-19 12:46:10.343 +05:30 [WRN] Microsoft.AspNetCore.Diagnostics.DeveloperExceptionPageMiddleware | CorrelationId: | The response has already started, the error page middleware will not be executed.
2026-04-19 12:46:10.359 +05:30 [WRN] Microsoft.AspNetCore.Diagnostics.DeveloperExceptionPageMiddleware | CorrelationId: | The response has already started, the error page middleware will not be executed.
2026-04-19 12:46:10.368 +05:30 [WRN] Microsoft.AspNetCore.Diagnostics.DeveloperExceptionPageMiddleware | CorrelationId: | The response has already started, the error page middleware will not be executed.
2026-04-19 12:46:10.384 +05:30 [INF] Serilog.AspNetCore.RequestLoggingMiddleware | CorrelationId:3397594c1a3744ba9cd0cc25c160d084 | HTTP GET /api/students responded 200 in 865.7809 ms
2026-04-19 12:46:10.410 +05:30 [ERR] Microsoft.AspNetCore.Diagnostics.DeveloperExceptionPageMiddleware | CorrelationId: | An unhandled exception has occurred while executing the request.
System.InvalidOperationException: Headers are read-only, response has already started.
   at Microsoft.AspNetCore.Server.Kestrel.Core.Internal.Http.HttpHeaders.ThrowHeadersReadOnlyException()
   at Microsoft.AspNetCore.Server.Kestrel.Core.Internal.Http.HttpHeaders.System.Collections.Generic.IDictionary<System.String,Microsoft.Extensions.Primitives.StringValues>.Add(String key, StringValues value)
   at System.Collections.Generic.CollectionExtensions.TryAdd[TKey,TValue](IDictionary`2 dictionary, TKey key, TValue value)
   at SmsApi.Infrastructure.Performance.PerformanceMonitoringMiddleware.InvokeAsync(HttpContext context) in C:\Vitana\Vitana Group\sms-api\Infrastructure\Performance\PerformanceMonitoringMiddleware.cs:line 48
   at Microsoft.AspNetCore.Diagnostics.DeveloperExceptionPageMiddlewareImpl.Invoke(HttpContext context)
2026-04-19 12:46:10.430 +05:30 [INF] Serilog.AspNetCore.RequestLoggingMiddleware | CorrelationId:fd45a177933945eeaf6e3b8041a1522b | HTTP GET /api/Attendance/records responded 200 in 867.2393 ms
2026-04-19 12:46:10.438 +05:30 [ERR] Microsoft.AspNetCore.Server.Kestrel | CorrelationId: | Connection id "0HNKTSE3CUMTH", Request id "0HNKTSE3CUMTH:00000002": An unhandled exception was thrown by the application.
System.InvalidOperationException: Headers are read-only, response has already started.
   at Microsoft.AspNetCore.Server.Kestrel.Core.Internal.Http.HttpHeaders.ThrowHeadersReadOnlyException()
   at Microsoft.AspNetCore.Server.Kestrel.Core.Internal.Http.HttpHeaders.System.Collections.Generic.IDictionary<System.String,Microsoft.Extensions.Primitives.StringValues>.Add(String key, StringValues value)
   at System.Collections.Generic.CollectionExtensions.TryAdd[TKey,TValue](IDictionary`2 dictionary, TKey key, TValue value)
   at SmsApi.Infrastructure.Performance.PerformanceMonitoringMiddleware.InvokeAsync(HttpContext context) in C:\Vitana\Vitana Group\sms-api\Infrastructure\Performance\PerformanceMonitoringMiddleware.cs:line 48
   at Microsoft.AspNetCore.Diagnostics.DeveloperExceptionPageMiddlewareImpl.Invoke(HttpContext context)
   at Microsoft.AspNetCore.Diagnostics.DeveloperExceptionPageMiddlewareImpl.Invoke(HttpContext context)
   at Microsoft.AspNetCore.Server.Kestrel.Core.Internal.Http.HttpProtocol.ProcessRequests[TContext](IHttpApplication`1 application)
2026-04-19 12:46:10.443 +05:30 [ERR] Microsoft.AspNetCore.Server.Kestrel | CorrelationId: | Connection id "0HNKTSE3CUMTI", Request id "0HNKTSE3CUMTI:00000002": An unhandled exception was thrown by the application.
System.InvalidOperationException: Headers are read-only, response has already started.
   at Microsoft.AspNetCore.Server.Kestrel.Core.Internal.Http.HttpHeaders.ThrowHeadersReadOnlyException()
   at Microsoft.AspNetCore.Server.Kestrel.Core.Internal.Http.HttpHeaders.System.Collections.Generic.IDictionary<System.String,Microsoft.Extensions.Primitives.StringValues>.Add(String key, StringValues value)
   at System.Collections.Generic.CollectionExtensions.TryAdd[TKey,TValue](IDictionary`2 dictionary, TKey key, TValue value)
   at SmsApi.Infrastructure.Performance.PerformanceMonitoringMiddleware.InvokeAsync(HttpContext context) in C:\Vitana\Vitana Group\sms-api\Infrastructure\Performance\PerformanceMonitoringMiddleware.cs:line 48
   at Microsoft.AspNetCore.Diagnostics.DeveloperExceptionPageMiddlewareImpl.Invoke(HttpContext context)
   at Microsoft.AspNetCore.Diagnostics.DeveloperExceptionPageMiddlewareImpl.Invoke(HttpContext context)
   at Microsoft.AspNetCore.Server.Kestrel.Core.Internal.Http.HttpProtocol.ProcessRequests[TContext](IHttpApplication`1 application)
2026-04-19 12:46:10.450 +05:30 [ERR] Microsoft.AspNetCore.Server.Kestrel | CorrelationId: | Connection id "0HNKTSE3CUMTE", Request id "0HNKTSE3CUMTE:00000003": An unhandled exception was thrown by the application.
System.InvalidOperationException: Headers are read-only, response has already started.
   at Microsoft.AspNetCore.Server.Kestrel.Core.Internal.Http.HttpHeaders.ThrowHeadersReadOnlyException()
   at Microsoft.AspNetCore.Server.Kestrel.Core.Internal.Http.HttpHeaders.System.Collections.Generic.IDictionary<System.String,Microsoft.Extensions.Primitives.StringValues>.Add(String key, StringValues value)
   at System.Collections.Generic.CollectionExtensions.TryAdd[TKey,TValue](IDictionary`2 dictionary, TKey key, TValue value)
   at SmsApi.Infrastructure.Performance.PerformanceMonitoringMiddleware.InvokeAsync(HttpContext context) in C:\Vitana\Vitana Group\sms-api\Infrastructure\Performance\PerformanceMonitoringMiddleware.cs:line 48
   at Microsoft.AspNetCore.Diagnostics.DeveloperExceptionPageMiddlewareImpl.Invoke(HttpContext context)
   at Microsoft.AspNetCore.Diagnostics.DeveloperExceptionPageMiddlewareImpl.Invoke(HttpContext context)
   at Microsoft.AspNetCore.Server.Kestrel.Core.Internal.Http.HttpProtocol.ProcessRequests[TContext](IHttpApplication`1 application)
2026-04-19 12:46:10.465 +05:30 [ERR] Microsoft.AspNetCore.Diagnostics.DeveloperExceptionPageMiddleware | CorrelationId: | An unhandled exception has occurred while executing the request.
System.InvalidOperationException: Headers are read-only, response has already started.
   at Microsoft.AspNetCore.Server.Kestrel.Core.Internal.Http.HttpHeaders.ThrowHeadersReadOnlyException()
   at Microsoft.AspNetCore.Server.Kestrel.Core.Internal.Http.HttpHeaders.System.Collections.Generic.IDictionary<System.String,Microsoft.Extensions.Primitives.StringValues>.Add(String key, StringValues value)
   at System.Collections.Generic.CollectionExtensions.TryAdd[TKey,TValue](IDictionary`2 dictionary, TKey key, TValue value)
   at SmsApi.Infrastructure.Performance.PerformanceMonitoringMiddleware.InvokeAsync(HttpContext context) in C:\Vitana\Vitana Group\sms-api\Infrastructure\Performance\PerformanceMonitoringMiddleware.cs:line 48
   at Microsoft.AspNetCore.Diagnostics.DeveloperExceptionPageMiddlewareImpl.Invoke(HttpContext context)
2026-04-19 12:46:10.470 +05:30 [WRN] Microsoft.AspNetCore.Diagnostics.DeveloperExceptionPageMiddleware | CorrelationId: | The response has already started, the error page middleware will not be executed.
2026-04-19 12:46:10.475 +05:30 [ERR] Microsoft.AspNetCore.Diagnostics.DeveloperExceptionPageMiddleware | CorrelationId: | An unhandled exception has occurred while executing the request.
System.InvalidOperationException: Headers are read-only, response has already started.
   at Microsoft.AspNetCore.Server.Kestrel.Core.Internal.Http.HttpHeaders.ThrowHeadersReadOnlyException()
   at Microsoft.AspNetCore.Server.Kestrel.Core.Internal.Http.HttpHeaders.System.Collections.Generic.IDictionary<System.String,Microsoft.Extensions.Primitives.StringValues>.Add(String key, StringValues value)
   at System.Collections.Generic.CollectionExtensions.TryAdd[TKey,TValue](IDictionary`2 dictionary, TKey key, TValue value)
   at SmsApi.Infrastructure.Performance.PerformanceMonitoringMiddleware.InvokeAsync(HttpContext context) in C:\Vitana\Vitana Group\sms-api\Infrastructure\Performance\PerformanceMonitoringMiddleware.cs:line 48
   at Microsoft.AspNetCore.Diagnostics.DeveloperExceptionPageMiddlewareImpl.Invoke(HttpContext context)
2026-04-19 12:46:10.565 +05:30 [INF] SmsApi.Middleware.LoggingActionFilter | CorrelationId:00dc3334e7d3452d90a0d8a10e7c79ac | API Request: GET /api/staff | User: Unknown | School: 550e8400-e29b-41d4-a716-446655440000
2026-04-19 12:46:10.566 +05:30 [INF] SmsApi.Middleware.LoggingActionFilter | CorrelationId:164c8eb0f16f4b3891ec741e7e1ca5a4 | API Request: GET /api/students | User: Unknown | School: 550e8400-e29b-41d4-a716-446655440000
2026-04-19 12:46:10.623 +05:30 [WRN] Microsoft.AspNetCore.Diagnostics.DeveloperExceptionPageMiddleware | CorrelationId: | The response has already started, the error page middleware will not be executed.
2026-04-19 12:46:10.629 +05:30 [INF] SmsApi.Middleware.LoggingActionFilter | CorrelationId:9bc1493b98464c3b8ab9bf2b132624b0 | API Request: GET /api/Attendance/records | User: Unknown | School: 550e8400-e29b-41d4-a716-446655440000
2026-04-19 12:46:10.632 +05:30 [ERR] Microsoft.AspNetCore.Server.Kestrel | CorrelationId: | Connection id "0HNKTSE3CUMTJ", Request id "0HNKTSE3CUMTJ:00000003": An unhandled exception was thrown by the application.
System.InvalidOperationException: Headers are read-only, response has already started.
   at Microsoft.AspNetCore.Server.Kestrel.Core.Internal.Http.HttpHeaders.ThrowHeadersReadOnlyException()
   at Microsoft.AspNetCore.Server.Kestrel.Core.Internal.Http.HttpHeaders.System.Collections.Generic.IDictionary<System.String,Microsoft.Extensions.Primitives.StringValues>.Add(String key, StringValues value)
   at System.Collections.Generic.CollectionExtensions.TryAdd[TKey,TValue](IDictionary`2 dictionary, TKey key, TValue value)
   at SmsApi.Infrastructure.Performance.PerformanceMonitoringMiddleware.InvokeAsync(HttpContext context) in C:\Vitana\Vitana Group\sms-api\Infrastructure\Performance\PerformanceMonitoringMiddleware.cs:line 48
   at Microsoft.AspNetCore.Diagnostics.DeveloperExceptionPageMiddlewareImpl.Invoke(HttpContext context)
   at Microsoft.AspNetCore.Diagnostics.DeveloperExceptionPageMiddlewareImpl.Invoke(HttpContext context)
   at Microsoft.AspNetCore.Server.Kestrel.Core.Internal.Http.HttpProtocol.ProcessRequests[TContext](IHttpApplication`1 application)
2026-04-19 12:46:10.672 +05:30 [WRN] Microsoft.AspNetCore.Diagnostics.DeveloperExceptionPageMiddleware | CorrelationId: | The response has already started, the error page middleware will not be executed.
2026-04-19 12:46:10.718 +05:30 [INF] SmsApi.Middleware.LoggingActionFilter | CorrelationId:00dc3334e7d3452d90a0d8a10e7c79ac | API Response: GET /api/staff | Status: 200 | Duration: 153ms
2026-04-19 12:46:10.824 +05:30 [INF] Serilog.AspNetCore.RequestLoggingMiddleware | CorrelationId:00dc3334e7d3452d90a0d8a10e7c79ac | HTTP GET /api/staff responded 200 in 301.8240 ms
2026-04-19 12:46:10.751 +05:30 [ERR] Microsoft.AspNetCore.Server.Kestrel | CorrelationId: | Connection id "0HNKTSE3CUMTG", Request id "0HNKTSE3CUMTG:00000003": An unhandled exception was thrown by the application.
System.InvalidOperationException: Headers are read-only, response has already started.
   at Microsoft.AspNetCore.Server.Kestrel.Core.Internal.Http.HttpHeaders.ThrowHeadersReadOnlyException()
   at Microsoft.AspNetCore.Server.Kestrel.Core.Internal.Http.HttpHeaders.System.Collections.Generic.IDictionary<System.String,Microsoft.Extensions.Primitives.StringValues>.Add(String key, StringValues value)
   at System.Collections.Generic.CollectionExtensions.TryAdd[TKey,TValue](IDictionary`2 dictionary, TKey key, TValue value)
   at SmsApi.Infrastructure.Performance.PerformanceMonitoringMiddleware.InvokeAsync(HttpContext context) in C:\Vitana\Vitana Group\sms-api\Infrastructure\Performance\PerformanceMonitoringMiddleware.cs:line 48
   at Microsoft.AspNetCore.Diagnostics.DeveloperExceptionPageMiddlewareImpl.Invoke(HttpContext context)
   at Microsoft.AspNetCore.Diagnostics.DeveloperExceptionPageMiddlewareImpl.Invoke(HttpContext context)
   at Microsoft.AspNetCore.Server.Kestrel.Core.Internal.Http.HttpProtocol.ProcessRequests[TContext](IHttpApplication`1 application)
2026-04-19 12:46:10.783 +05:30 [INF] SmsApi.Middleware.LoggingActionFilter | CorrelationId:9bc1493b98464c3b8ab9bf2b132624b0 | API Response: GET /api/Attendance/records | Status: 200 | Duration: 154ms
2026-04-19 12:46:10.800 +05:30 [ERR] Microsoft.AspNetCore.Server.Kestrel | CorrelationId: | Connection id "0HNKTSE3CUMTF", Request id "0HNKTSE3CUMTF:00000004": An unhandled exception was thrown by the application.
System.InvalidOperationException: Headers are read-only, response has already started.
   at Microsoft.AspNetCore.Server.Kestrel.Core.Internal.Http.HttpHeaders.ThrowHeadersReadOnlyException()
   at Microsoft.AspNetCore.Server.Kestrel.Core.Internal.Http.HttpHeaders.System.Collections.Generic.IDictionary<System.String,Microsoft.Extensions.Primitives.StringValues>.Add(String key, StringValues value)
   at System.Collections.Generic.CollectionExtensions.TryAdd[TKey,TValue](IDictionary`2 dictionary, TKey key, TValue value)
   at SmsApi.Infrastructure.Performance.PerformanceMonitoringMiddleware.InvokeAsync(HttpContext context) in C:\Vitana\Vitana Group\sms-api\Infrastructure\Performance\PerformanceMonitoringMiddleware.cs:line 48
   at Microsoft.AspNetCore.Diagnostics.DeveloperExceptionPageMiddlewareImpl.Invoke(HttpContext context)
   at Microsoft.AspNetCore.Diagnostics.DeveloperExceptionPageMiddlewareImpl.Invoke(HttpContext context)
   at Microsoft.AspNetCore.Server.Kestrel.Core.Internal.Http.HttpProtocol.ProcessRequests[TContext](IHttpApplication`1 application)
2026-04-19 12:46:10.746 +05:30 [INF] SmsApi.Middleware.LoggingActionFilter | CorrelationId:164c8eb0f16f4b3891ec741e7e1ca5a4 | API Response: GET /api/students | Status: 200 | Duration: 179ms
2026-04-19 12:46:10.848 +05:30 [INF] SmsApi.Middleware.LoggingActionFilter | CorrelationId:2d7dc31bbe4940399d98bed73d2516e6 | API Request: GET /api/fees/stats | User: Unknown | School: 550e8400-e29b-41d4-a716-446655440000
2026-04-19 12:46:10.858 +05:30 [ERR] Microsoft.AspNetCore.Diagnostics.DeveloperExceptionPageMiddleware | CorrelationId: | An unhandled exception has occurred while executing the request.
System.InvalidOperationException: Headers are read-only, response has already started.
   at Microsoft.AspNetCore.Server.Kestrel.Core.Internal.Http.HttpHeaders.ThrowHeadersReadOnlyException()
   at Microsoft.AspNetCore.Server.Kestrel.Core.Internal.Http.HttpHeaders.System.Collections.Generic.IDictionary<System.String,Microsoft.Extensions.Primitives.StringValues>.Add(String key, StringValues value)
   at System.Collections.Generic.CollectionExtensions.TryAdd[TKey,TValue](IDictionary`2 dictionary, TKey key, TValue value)
   at SmsApi.Infrastructure.Performance.PerformanceMonitoringMiddleware.InvokeAsync(HttpContext context) in C:\Vitana\Vitana Group\sms-api\Infrastructure\Performance\PerformanceMonitoringMiddleware.cs:line 48
   at Microsoft.AspNetCore.Diagnostics.DeveloperExceptionPageMiddlewareImpl.Invoke(HttpContext context)
2026-04-19 12:46:10.925 +05:30 [INF] Serilog.AspNetCore.RequestLoggingMiddleware | CorrelationId:9bc1493b98464c3b8ab9bf2b132624b0 | HTTP GET /api/Attendance/records responded 200 in 306.3145 ms
2026-04-19 12:46:10.926 +05:30 [INF] SmsApi.Middleware.LoggingActionFilter | CorrelationId:4d3c7286f8344945bdfe3bcc0af08c4c | API Request: GET /api/fees/stats | User: Unknown | School: 550e8400-e29b-41d4-a716-446655440000
2026-04-19 12:46:10.960 +05:30 [INF] Serilog.AspNetCore.RequestLoggingMiddleware | CorrelationId:164c8eb0f16f4b3891ec741e7e1ca5a4 | HTTP GET /api/students responded 200 in 415.9949 ms
2026-04-19 12:46:10.985 +05:30 [WRN] Microsoft.AspNetCore.Diagnostics.DeveloperExceptionPageMiddleware | CorrelationId: | The response has already started, the error page middleware will not be executed.
2026-04-19 12:46:10.999 +05:30 [ERR] Microsoft.AspNetCore.Diagnostics.DeveloperExceptionPageMiddleware | CorrelationId: | An unhandled exception has occurred while executing the request.
System.InvalidOperationException: Headers are read-only, response has already started.
   at Microsoft.AspNetCore.Server.Kestrel.Core.Internal.Http.HttpHeaders.ThrowHeadersReadOnlyException()
   at Microsoft.AspNetCore.Server.Kestrel.Core.Internal.Http.HttpHeaders.System.Collections.Generic.IDictionary<System.String,Microsoft.Extensions.Primitives.StringValues>.Add(String key, StringValues value)
   at System.Collections.Generic.CollectionExtensions.TryAdd[TKey,TValue](IDictionary`2 dictionary, TKey key, TValue value)
   at SmsApi.Infrastructure.Performance.PerformanceMonitoringMiddleware.InvokeAsync(HttpContext context) in C:\Vitana\Vitana Group\sms-api\Infrastructure\Performance\PerformanceMonitoringMiddleware.cs:line 48
   at Microsoft.AspNetCore.Diagnostics.DeveloperExceptionPageMiddlewareImpl.Invoke(HttpContext context)
2026-04-19 12:46:11.030 +05:30 [ERR] Microsoft.AspNetCore.Diagnostics.DeveloperExceptionPageMiddleware | CorrelationId: | An unhandled exception has occurred while executing the request.
System.InvalidOperationException: Headers are read-only, response has already started.
   at Microsoft.AspNetCore.Server.Kestrel.Core.Internal.Http.HttpHeaders.ThrowHeadersReadOnlyException()
   at Microsoft.AspNetCore.Server.Kestrel.Core.Internal.Http.HttpHeaders.System.Collections.Generic.IDictionary<System.String,Microsoft.Extensions.Primitives.StringValues>.Add(String key, StringValues value)
   at System.Collections.Generic.CollectionExtensions.TryAdd[TKey,TValue](IDictionary`2 dictionary, TKey key, TValue value)
   at SmsApi.Infrastructure.Performance.PerformanceMonitoringMiddleware.InvokeAsync(HttpContext context) in C:\Vitana\Vitana Group\sms-api\Infrastructure\Performance\PerformanceMonitoringMiddleware.cs:line 48
   at Microsoft.AspNetCore.Diagnostics.DeveloperExceptionPageMiddlewareImpl.Invoke(HttpContext context)
2026-04-19 12:46:11.040 +05:30 [ERR] Microsoft.AspNetCore.Server.Kestrel | CorrelationId: | Connection id "0HNKTSE3CUMTK", Request id "0HNKTSE3CUMTK:00000001": An unhandled exception was thrown by the application.
System.InvalidOperationException: Headers are read-only, response has already started.
   at Microsoft.AspNetCore.Server.Kestrel.Core.Internal.Http.HttpHeaders.ThrowHeadersReadOnlyException()
   at Microsoft.AspNetCore.Server.Kestrel.Core.Internal.Http.HttpHeaders.System.Collections.Generic.IDictionary<System.String,Microsoft.Extensions.Primitives.StringValues>.Add(String key, StringValues value)
   at System.Collections.Generic.CollectionExtensions.TryAdd[TKey,TValue](IDictionary`2 dictionary, TKey key, TValue value)
   at SmsApi.Infrastructure.Performance.PerformanceMonitoringMiddleware.InvokeAsync(HttpContext context) in C:\Vitana\Vitana Group\sms-api\Infrastructure\Performance\PerformanceMonitoringMiddleware.cs:line 48
   at Microsoft.AspNetCore.Diagnostics.DeveloperExceptionPageMiddlewareImpl.Invoke(HttpContext context)
   at Microsoft.AspNetCore.Diagnostics.DeveloperExceptionPageMiddlewareImpl.Invoke(HttpContext context)
   at Microsoft.AspNetCore.Server.Kestrel.Core.Internal.Http.HttpProtocol.ProcessRequests[TContext](IHttpApplication`1 application)
2026-04-19 12:46:11.093 +05:30 [WRN] Microsoft.AspNetCore.Diagnostics.DeveloperExceptionPageMiddleware | CorrelationId: | The response has already started, the error page middleware will not be executed.
2026-04-19 12:46:11.124 +05:30 [WRN] Microsoft.AspNetCore.Diagnostics.DeveloperExceptionPageMiddleware | CorrelationId: | The response has already started, the error page middleware will not be executed.
2026-04-19 12:46:11.150 +05:30 [ERR] Microsoft.AspNetCore.Server.Kestrel | CorrelationId: | Connection id "0HNKTSE3CUMTM", Request id "0HNKTSE3CUMTM:00000001": An unhandled exception was thrown by the application.
System.InvalidOperationException: Headers are read-only, response has already started.
   at Microsoft.AspNetCore.Server.Kestrel.Core.Internal.Http.HttpHeaders.ThrowHeadersReadOnlyException()
   at Microsoft.AspNetCore.Server.Kestrel.Core.Internal.Http.HttpHeaders.System.Collections.Generic.IDictionary<System.String,Microsoft.Extensions.Primitives.StringValues>.Add(String key, StringValues value)
   at System.Collections.Generic.CollectionExtensions.TryAdd[TKey,TValue](IDictionary`2 dictionary, TKey key, TValue value)
   at SmsApi.Infrastructure.Performance.PerformanceMonitoringMiddleware.InvokeAsync(HttpContext context) in C:\Vitana\Vitana Group\sms-api\Infrastructure\Performance\PerformanceMonitoringMiddleware.cs:line 48
   at Microsoft.AspNetCore.Diagnostics.DeveloperExceptionPageMiddlewareImpl.Invoke(HttpContext context)
   at Microsoft.AspNetCore.Diagnostics.DeveloperExceptionPageMiddlewareImpl.Invoke(HttpContext context)
   at Microsoft.AspNetCore.Server.Kestrel.Core.Internal.Http.HttpProtocol.ProcessRequests[TContext](IHttpApplication`1 application)
2026-04-19 12:46:11.159 +05:30 [ERR] Microsoft.AspNetCore.Server.Kestrel | CorrelationId: | Connection id "0HNKTSE3CUMTL", Request id "0HNKTSE3CUMTL:00000001": An unhandled exception was thrown by the application.
System.InvalidOperationException: Headers are read-only, response has already started.
   at Microsoft.AspNetCore.Server.Kestrel.Core.Internal.Http.HttpHeaders.ThrowHeadersReadOnlyException()
   at Microsoft.AspNetCore.Server.Kestrel.Core.Internal.Http.HttpHeaders.System.Collections.Generic.IDictionary<System.String,Microsoft.Extensions.Primitives.StringValues>.Add(String key, StringValues value)
   at System.Collections.Generic.CollectionExtensions.TryAdd[TKey,TValue](IDictionary`2 dictionary, TKey key, TValue value)
   at SmsApi.Infrastructure.Performance.PerformanceMonitoringMiddleware.InvokeAsync(HttpContext context) in C:\Vitana\Vitana Group\sms-api\Infrastructure\Performance\PerformanceMonitoringMiddleware.cs:line 48
   at Microsoft.AspNetCore.Diagnostics.DeveloperExceptionPageMiddlewareImpl.Invoke(HttpContext context)
   at Microsoft.AspNetCore.Diagnostics.DeveloperExceptionPageMiddlewareImpl.Invoke(HttpContext context)
   at Microsoft.AspNetCore.Server.Kestrel.Core.Internal.Http.HttpProtocol.ProcessRequests[TContext](IHttpApplication`1 application)
2026-04-19 12:46:11.341 +05:30 [INF] SmsApi.Middleware.LoggingActionFilter | CorrelationId:4d3c7286f8344945bdfe3bcc0af08c4c | API Response: GET /api/fees/stats | Status: 200 | Duration: 415ms
2026-04-19 12:46:11.341 +05:30 [INF] SmsApi.Middleware.LoggingActionFilter | CorrelationId:2d7dc31bbe4940399d98bed73d2516e6 | API Response: GET /api/fees/stats | Status: 200 | Duration: 492ms
2026-04-19 12:46:11.362 +05:30 [INF] Serilog.AspNetCore.RequestLoggingMiddleware | CorrelationId:2d7dc31bbe4940399d98bed73d2516e6 | HTTP GET /api/fees/stats responded 200 in 559.4659 ms
2026-04-19 12:46:11.363 +05:30 [INF] Serilog.AspNetCore.RequestLoggingMiddleware | CorrelationId:4d3c7286f8344945bdfe3bcc0af08c4c | HTTP GET /api/fees/stats responded 200 in 460.2472 ms
2026-04-19 12:46:11.368 +05:30 [ERR] Microsoft.AspNetCore.Diagnostics.DeveloperExceptionPageMiddleware | CorrelationId: | An unhandled exception has occurred while executing the request.
System.InvalidOperationException: Headers are read-only, response has already started.
   at Microsoft.AspNetCore.Server.Kestrel.Core.Internal.Http.HttpHeaders.ThrowHeadersReadOnlyException()
   at Microsoft.AspNetCore.Server.Kestrel.Core.Internal.Http.HttpHeaders.System.Collections.Generic.IDictionary<System.String,Microsoft.Extensions.Primitives.StringValues>.Add(String key, StringValues value)
   at System.Collections.Generic.CollectionExtensions.TryAdd[TKey,TValue](IDictionary`2 dictionary, TKey key, TValue value)
   at SmsApi.Infrastructure.Performance.PerformanceMonitoringMiddleware.InvokeAsync(HttpContext context) in C:\Vitana\Vitana Group\sms-api\Infrastructure\Performance\PerformanceMonitoringMiddleware.cs:line 48
   at Microsoft.AspNetCore.Diagnostics.DeveloperExceptionPageMiddlewareImpl.Invoke(HttpContext context)
2026-04-19 12:46:11.375 +05:30 [ERR] Microsoft.AspNetCore.Diagnostics.DeveloperExceptionPageMiddleware | CorrelationId: | An unhandled exception has occurred while executing the request.
System.InvalidOperationException: Headers are read-only, response has already started.
   at Microsoft.AspNetCore.Server.Kestrel.Core.Internal.Http.HttpHeaders.ThrowHeadersReadOnlyException()
   at Microsoft.AspNetCore.Server.Kestrel.Core.Internal.Http.HttpHeaders.System.Collections.Generic.IDictionary<System.String,Microsoft.Extensions.Primitives.StringValues>.Add(String key, StringValues value)
   at System.Collections.Generic.CollectionExtensions.TryAdd[TKey,TValue](IDictionary`2 dictionary, TKey key, TValue value)
   at SmsApi.Infrastructure.Performance.PerformanceMonitoringMiddleware.InvokeAsync(HttpContext context) in C:\Vitana\Vitana Group\sms-api\Infrastructure\Performance\PerformanceMonitoringMiddleware.cs:line 48
   at Microsoft.AspNetCore.Diagnostics.DeveloperExceptionPageMiddlewareImpl.Invoke(HttpContext context)
2026-04-19 12:46:11.381 +05:30 [WRN] Microsoft.AspNetCore.Diagnostics.DeveloperExceptionPageMiddleware | CorrelationId: | The response has already started, the error page middleware will not be executed.
2026-04-19 12:46:11.389 +05:30 [WRN] Microsoft.AspNetCore.Diagnostics.DeveloperExceptionPageMiddleware | CorrelationId: | The response has already started, the error page middleware will not be executed.
2026-04-19 12:46:11.390 +05:30 [ERR] Microsoft.AspNetCore.Server.Kestrel | CorrelationId: | Connection id "0HNKTSE3CUMTN", Request id "0HNKTSE3CUMTN:00000001": An unhandled exception was thrown by the application.
System.InvalidOperationException: Headers are read-only, response has already started.
   at Microsoft.AspNetCore.Server.Kestrel.Core.Internal.Http.HttpHeaders.ThrowHeadersReadOnlyException()
   at Microsoft.AspNetCore.Server.Kestrel.Core.Internal.Http.HttpHeaders.System.Collections.Generic.IDictionary<System.String,Microsoft.Extensions.Primitives.StringValues>.Add(String key, StringValues value)
   at System.Collections.Generic.CollectionExtensions.TryAdd[TKey,TValue](IDictionary`2 dictionary, TKey key, TValue value)
   at SmsApi.Infrastructure.Performance.PerformanceMonitoringMiddleware.InvokeAsync(HttpContext context) in C:\Vitana\Vitana Group\sms-api\Infrastructure\Performance\PerformanceMonitoringMiddleware.cs:line 48
   at Microsoft.AspNetCore.Diagnostics.DeveloperExceptionPageMiddlewareImpl.Invoke(HttpContext context)
   at Microsoft.AspNetCore.Diagnostics.DeveloperExceptionPageMiddlewareImpl.Invoke(HttpContext context)
   at Microsoft.AspNetCore.Server.Kestrel.Core.Internal.Http.HttpProtocol.ProcessRequests[TContext](IHttpApplication`1 application)
2026-04-19 12:46:11.391 +05:30 [ERR] Microsoft.AspNetCore.Server.Kestrel | CorrelationId: | Connection id "0HNKTSE3CUMTO", Request id "0HNKTSE3CUMTO:00000001": An unhandled exception was thrown by the application.
System.InvalidOperationException: Headers are read-only, response has already started.
   at Microsoft.AspNetCore.Server.Kestrel.Core.Internal.Http.HttpHeaders.ThrowHeadersReadOnlyException()
   at Microsoft.AspNetCore.Server.Kestrel.Core.Internal.Http.HttpHeaders.System.Collections.Generic.IDictionary<System.String,Microsoft.Extensions.Primitives.StringValues>.Add(String key, StringValues value)
   at System.Collections.Generic.CollectionExtensions.TryAdd[TKey,TValue](IDictionary`2 dictionary, TKey key, TValue value)
   at SmsApi.Infrastructure.Performance.PerformanceMonitoringMiddleware.InvokeAsync(HttpContext context) in C:\Vitana\Vitana Group\sms-api\Infrastructure\Performance\PerformanceMonitoringMiddleware.cs:line 48
   at Microsoft.AspNetCore.Diagnostics.DeveloperExceptionPageMiddlewareImpl.Invoke(HttpContext context)
   at Microsoft.AspNetCore.Diagnostics.DeveloperExceptionPageMiddlewareImpl.Invoke(HttpContext context)
   at Microsoft.AspNetCore.Server.Kestrel.Core.Internal.Http.HttpProtocol.ProcessRequests[TContext](IHttpApplication`1 application)
2026-04-19 12:46:12.898 +05:30 [INF] SmsApi.Controllers.AuthController | CorrelationId:7fa255db036c4ad69f729eb7b3b6e36d | Login successful for admin (SchoolId: "550e8400-e29b-41d4-a716-446655440000")
2026-04-19 12:46:12.901 +05:30 [INF] SmsApi.Middleware.LoggingActionFilter | CorrelationId:7fa255db036c4ad69f729eb7b3b6e36d | API Response: POST /api/auth/login | Status: 200 | Duration: 3485ms
2026-04-19 12:46:12.977 +05:30 [INF] Serilog.AspNetCore.RequestLoggingMiddleware | CorrelationId:7fa255db036c4ad69f729eb7b3b6e36d | HTTP POST /api/auth/login responded 200 in 4519.3140 ms
2026-04-19 12:46:12.980 +05:30 [ERR] Microsoft.AspNetCore.Diagnostics.DeveloperExceptionPageMiddleware | CorrelationId: | An unhandled exception has occurred while executing the request.
System.InvalidOperationException: Headers are read-only, response has already started.
   at Microsoft.AspNetCore.Server.Kestrel.Core.Internal.Http.HttpHeaders.ThrowHeadersReadOnlyException()
   at Microsoft.AspNetCore.Server.Kestrel.Core.Internal.Http.HttpHeaders.System.Collections.Generic.IDictionary<System.String,Microsoft.Extensions.Primitives.StringValues>.Add(String key, StringValues value)
   at System.Collections.Generic.CollectionExtensions.TryAdd[TKey,TValue](IDictionary`2 dictionary, TKey key, TValue value)
   at SmsApi.Infrastructure.Performance.PerformanceMonitoringMiddleware.InvokeAsync(HttpContext context) in C:\Vitana\Vitana Group\sms-api\Infrastructure\Performance\PerformanceMonitoringMiddleware.cs:line 48
   at Microsoft.AspNetCore.Diagnostics.DeveloperExceptionPageMiddlewareImpl.Invoke(HttpContext context)
2026-04-19 12:46:12.984 +05:30 [WRN] Microsoft.AspNetCore.Diagnostics.DeveloperExceptionPageMiddleware | CorrelationId: | The response has already started, the error page middleware will not be executed.
2026-04-19 12:46:12.986 +05:30 [ERR] Microsoft.AspNetCore.Server.Kestrel | CorrelationId: | Connection id "0HNKTSE3CUMTD", Request id "0HNKTSE3CUMTD:00000001": An unhandled exception was thrown by the application.
System.InvalidOperationException: Headers are read-only, response has already started.
   at Microsoft.AspNetCore.Server.Kestrel.Core.Internal.Http.HttpHeaders.ThrowHeadersReadOnlyException()
   at Microsoft.AspNetCore.Server.Kestrel.Core.Internal.Http.HttpHeaders.System.Collections.Generic.IDictionary<System.String,Microsoft.Extensions.Primitives.StringValues>.Add(String key, StringValues value)
   at System.Collections.Generic.CollectionExtensions.TryAdd[TKey,TValue](IDictionary`2 dictionary, TKey key, TValue value)
   at SmsApi.Infrastructure.Performance.PerformanceMonitoringMiddleware.InvokeAsync(HttpContext context) in C:\Vitana\Vitana Group\sms-api\Infrastructure\Performance\PerformanceMonitoringMiddleware.cs:line 48
   at Microsoft.AspNetCore.Diagnostics.DeveloperExceptionPageMiddlewareImpl.Invoke(HttpContext context)
   at Microsoft.AspNetCore.Diagnostics.DeveloperExceptionPageMiddlewareImpl.Invoke(HttpContext context)
   at Microsoft.AspNetCore.Server.Kestrel.Core.Internal.Http.HttpProtocol.ProcessRequests[TContext](IHttpApplication`1 application)
2026-04-19 12:46:13.168 +05:30 [INF] Serilog.AspNetCore.RequestLoggingMiddleware | CorrelationId:a5d4e9619efc4e7d8d22218845412cb6 | HTTP OPTIONS /api/students responded 204 in 0.4488 ms
2026-04-19 12:46:13.176 +05:30 [INF] Serilog.AspNetCore.RequestLoggingMiddleware | CorrelationId:10a1d63bb7144ccb9959dfe287e3b134 | HTTP OPTIONS /api/students responded 204 in 0.0759 ms
2026-04-19 12:46:13.229 +05:30 [INF] SmsApi.Middleware.LoggingActionFilter | CorrelationId:96bfeff67c8a4babaa0213fa5017545d | API Request: GET /api/students | User: Unknown | School: 550e8400-e29b-41d4-a716-446655440000
2026-04-19 12:46:13.243 +05:30 [INF] SmsApi.Middleware.LoggingActionFilter | CorrelationId:497ccf331c914061964b339f4c06864d | API Request: GET /api/students | User: Unknown | School: 550e8400-e29b-41d4-a716-446655440000
2026-04-19 12:46:13.267 +05:30 [INF] SmsApi.Middleware.LoggingActionFilter | CorrelationId:96bfeff67c8a4babaa0213fa5017545d | API Response: GET /api/students | Status: 200 | Duration: 37ms
2026-04-19 12:46:13.273 +05:30 [INF] SmsApi.Middleware.LoggingActionFilter | CorrelationId:497ccf331c914061964b339f4c06864d | API Response: GET /api/students | Status: 200 | Duration: 30ms
2026-04-19 12:46:13.282 +05:30 [INF] Serilog.AspNetCore.RequestLoggingMiddleware | CorrelationId:96bfeff67c8a4babaa0213fa5017545d | HTTP GET /api/students responded 200 in 68.1861 ms
2026-04-19 12:46:13.289 +05:30 [ERR] Microsoft.AspNetCore.Diagnostics.DeveloperExceptionPageMiddleware | CorrelationId: | An unhandled exception has occurred while executing the request.
System.InvalidOperationException: Headers are read-only, response has already started.
   at Microsoft.AspNetCore.Server.Kestrel.Core.Internal.Http.HttpHeaders.ThrowHeadersReadOnlyException()
   at Microsoft.AspNetCore.Server.Kestrel.Core.Internal.Http.HttpHeaders.System.Collections.Generic.IDictionary<System.String,Microsoft.Extensions.Primitives.StringValues>.Add(String key, StringValues value)
   at System.Collections.Generic.CollectionExtensions.TryAdd[TKey,TValue](IDictionary`2 dictionary, TKey key, TValue value)
   at SmsApi.Infrastructure.Performance.PerformanceMonitoringMiddleware.InvokeAsync(HttpContext context) in C:\Vitana\Vitana Group\sms-api\Infrastructure\Performance\PerformanceMonitoringMiddleware.cs:line 48
   at Microsoft.AspNetCore.Diagnostics.DeveloperExceptionPageMiddlewareImpl.Invoke(HttpContext context)
2026-04-19 12:46:13.286 +05:30 [INF] Serilog.AspNetCore.RequestLoggingMiddleware | CorrelationId:497ccf331c914061964b339f4c06864d | HTTP GET /api/students responded 200 in 49.5473 ms
2026-04-19 12:46:13.295 +05:30 [WRN] Microsoft.AspNetCore.Diagnostics.DeveloperExceptionPageMiddleware | CorrelationId: | The response has already started, the error page middleware will not be executed.
2026-04-19 12:46:13.297 +05:30 [ERR] Microsoft.AspNetCore.Diagnostics.DeveloperExceptionPageMiddleware | CorrelationId: | An unhandled exception has occurred while executing the request.
System.InvalidOperationException: Headers are read-only, response has already started.
   at Microsoft.AspNetCore.Server.Kestrel.Core.Internal.Http.HttpHeaders.ThrowHeadersReadOnlyException()
   at Microsoft.AspNetCore.Server.Kestrel.Core.Internal.Http.HttpHeaders.System.Collections.Generic.IDictionary<System.String,Microsoft.Extensions.Primitives.StringValues>.Add(String key, StringValues value)
   at System.Collections.Generic.CollectionExtensions.TryAdd[TKey,TValue](IDictionary`2 dictionary, TKey key, TValue value)
   at SmsApi.Infrastructure.Performance.PerformanceMonitoringMiddleware.InvokeAsync(HttpContext context) in C:\Vitana\Vitana Group\sms-api\Infrastructure\Performance\PerformanceMonitoringMiddleware.cs:line 48
   at Microsoft.AspNetCore.Diagnostics.DeveloperExceptionPageMiddlewareImpl.Invoke(HttpContext context)
2026-04-19 12:46:13.299 +05:30 [ERR] Microsoft.AspNetCore.Server.Kestrel | CorrelationId: | Connection id "0HNKTSE3CUMTP", Request id "0HNKTSE3CUMTP:00000002": An unhandled exception was thrown by the application.
System.InvalidOperationException: Headers are read-only, response has already started.
   at Microsoft.AspNetCore.Server.Kestrel.Core.Internal.Http.HttpHeaders.ThrowHeadersReadOnlyException()
   at Microsoft.AspNetCore.Server.Kestrel.Core.Internal.Http.HttpHeaders.System.Collections.Generic.IDictionary<System.String,Microsoft.Extensions.Primitives.StringValues>.Add(String key, StringValues value)
   at System.Collections.Generic.CollectionExtensions.TryAdd[TKey,TValue](IDictionary`2 dictionary, TKey key, TValue value)
   at SmsApi.Infrastructure.Performance.PerformanceMonitoringMiddleware.InvokeAsync(HttpContext context) in C:\Vitana\Vitana Group\sms-api\Infrastructure\Performance\PerformanceMonitoringMiddleware.cs:line 48
   at Microsoft.AspNetCore.Diagnostics.DeveloperExceptionPageMiddlewareImpl.Invoke(HttpContext context)
   at Microsoft.AspNetCore.Diagnostics.DeveloperExceptionPageMiddlewareImpl.Invoke(HttpContext context)
   at Microsoft.AspNetCore.Server.Kestrel.Core.Internal.Http.HttpProtocol.ProcessRequests[TContext](IHttpApplication`1 application)
2026-04-19 12:46:13.302 +05:30 [WRN] Microsoft.AspNetCore.Diagnostics.DeveloperExceptionPageMiddleware | CorrelationId: | The response has already started, the error page middleware will not be executed.
2026-04-19 12:46:13.310 +05:30 [ERR] Microsoft.AspNetCore.Server.Kestrel | CorrelationId: | Connection id "0HNKTSE3CUMTQ", Request id "0HNKTSE3CUMTQ:00000002": An unhandled exception was thrown by the application.
System.InvalidOperationException: Headers are read-only, response has already started.
   at Microsoft.AspNetCore.Server.Kestrel.Core.Internal.Http.HttpHeaders.ThrowHeadersReadOnlyException()
   at Microsoft.AspNetCore.Server.Kestrel.Core.Internal.Http.HttpHeaders.System.Collections.Generic.IDictionary<System.String,Microsoft.Extensions.Primitives.StringValues>.Add(String key, StringValues value)
   at System.Collections.Generic.CollectionExtensions.TryAdd[TKey,TValue](IDictionary`2 dictionary, TKey key, TValue value)
   at SmsApi.Infrastructure.Performance.PerformanceMonitoringMiddleware.InvokeAsync(HttpContext context) in C:\Vitana\Vitana Group\sms-api\Infrastructure\Performance\PerformanceMonitoringMiddleware.cs:line 48
   at Microsoft.AspNetCore.Diagnostics.DeveloperExceptionPageMiddlewareImpl.Invoke(HttpContext context)
   at Microsoft.AspNetCore.Diagnostics.DeveloperExceptionPageMiddlewareImpl.Invoke(HttpContext context)
   at Microsoft.AspNetCore.Server.Kestrel.Core.Internal.Http.HttpProtocol.ProcessRequests[TContext](IHttpApplication`1 application)
2026-04-19 12:46:21.337 +05:30 [INF] SmsApi.Middleware.LoggingActionFilter | CorrelationId:73a4cafb415d47aeb000db4aae8a9c55 | API Request: POST /api/auth/login | User: Unknown | School: Unknown
2026-04-19 12:46:21.985 +05:30 [INF] SmsApi.Controllers.AuthController | CorrelationId:73a4cafb415d47aeb000db4aae8a9c55 | Login successful for admin (SchoolId: "550e8400-e29b-41d4-a716-446655440000")
2026-04-19 12:46:21.987 +05:30 [INF] SmsApi.Middleware.LoggingActionFilter | CorrelationId:73a4cafb415d47aeb000db4aae8a9c55 | API Response: POST /api/auth/login | Status: 200 | Duration: 649ms
2026-04-19 12:46:21.995 +05:30 [INF] Serilog.AspNetCore.RequestLoggingMiddleware | CorrelationId:73a4cafb415d47aeb000db4aae8a9c55 | HTTP POST /api/auth/login responded 200 in 659.4781 ms
2026-04-19 12:46:22.000 +05:30 [ERR] Microsoft.AspNetCore.Diagnostics.DeveloperExceptionPageMiddleware | CorrelationId: | An unhandled exception has occurred while executing the request.
System.InvalidOperationException: Headers are read-only, response has already started.
   at Microsoft.AspNetCore.Server.Kestrel.Core.Internal.Http.HttpHeaders.ThrowHeadersReadOnlyException()
   at Microsoft.AspNetCore.Server.Kestrel.Core.Internal.Http.HttpHeaders.System.Collections.Generic.IDictionary<System.String,Microsoft.Extensions.Primitives.StringValues>.Add(String key, StringValues value)
   at System.Collections.Generic.CollectionExtensions.TryAdd[TKey,TValue](IDictionary`2 dictionary, TKey key, TValue value)
   at SmsApi.Infrastructure.Performance.PerformanceMonitoringMiddleware.InvokeAsync(HttpContext context) in C:\Vitana\Vitana Group\sms-api\Infrastructure\Performance\PerformanceMonitoringMiddleware.cs:line 48
   at Microsoft.AspNetCore.Diagnostics.DeveloperExceptionPageMiddlewareImpl.Invoke(HttpContext context)
2026-04-19 12:46:22.004 +05:30 [WRN] Microsoft.AspNetCore.Diagnostics.DeveloperExceptionPageMiddleware | CorrelationId: | The response has already started, the error page middleware will not be executed.
2026-04-19 12:46:22.006 +05:30 [ERR] Microsoft.AspNetCore.Server.Kestrel | CorrelationId: | Connection id "0HNKTSE3CUMTR", Request id "0HNKTSE3CUMTR:00000001": An unhandled exception was thrown by the application.
System.InvalidOperationException: Headers are read-only, response has already started.
   at Microsoft.AspNetCore.Server.Kestrel.Core.Internal.Http.HttpHeaders.ThrowHeadersReadOnlyException()
   at Microsoft.AspNetCore.Server.Kestrel.Core.Internal.Http.HttpHeaders.System.Collections.Generic.IDictionary<System.String,Microsoft.Extensions.Primitives.StringValues>.Add(String key, StringValues value)
   at System.Collections.Generic.CollectionExtensions.TryAdd[TKey,TValue](IDictionary`2 dictionary, TKey key, TValue value)
   at SmsApi.Infrastructure.Performance.PerformanceMonitoringMiddleware.InvokeAsync(HttpContext context) in C:\Vitana\Vitana Group\sms-api\Infrastructure\Performance\PerformanceMonitoringMiddleware.cs:line 48
   at Microsoft.AspNetCore.Diagnostics.DeveloperExceptionPageMiddlewareImpl.Invoke(HttpContext context)
   at Microsoft.AspNetCore.Diagnostics.DeveloperExceptionPageMiddlewareImpl.Invoke(HttpContext context)
   at Microsoft.AspNetCore.Server.Kestrel.Core.Internal.Http.HttpProtocol.ProcessRequests[TContext](IHttpApplication`1 application)
2026-04-19 12:46:51.646 +05:30 [INF] SmsApi.Middleware.LoggingActionFilter | CorrelationId:41ff0688598a419e9b9d5d6a810a19e8 | API Request: POST /api/auth/login | User: Unknown | School: Unknown
2026-04-19 12:46:52.120 +05:30 [INF] SmsApi.Controllers.AuthController | CorrelationId:41ff0688598a419e9b9d5d6a810a19e8 | Login successful for admin (SchoolId: "550e8400-e29b-41d4-a716-446655440000")
2026-04-19 12:46:52.124 +05:30 [INF] SmsApi.Middleware.LoggingActionFilter | CorrelationId:41ff0688598a419e9b9d5d6a810a19e8 | API Response: POST /api/auth/login | Status: 200 | Duration: 478ms
2026-04-19 12:46:52.131 +05:30 [INF] Serilog.AspNetCore.RequestLoggingMiddleware | CorrelationId:41ff0688598a419e9b9d5d6a810a19e8 | HTTP POST /api/auth/login responded 200 in 486.3810 ms
2026-04-19 12:46:52.134 +05:30 [ERR] Microsoft.AspNetCore.Diagnostics.DeveloperExceptionPageMiddleware | CorrelationId: | An unhandled exception has occurred while executing the request.
System.InvalidOperationException: Headers are read-only, response has already started.
   at Microsoft.AspNetCore.Server.Kestrel.Core.Internal.Http.HttpHeaders.ThrowHeadersReadOnlyException()
   at Microsoft.AspNetCore.Server.Kestrel.Core.Internal.Http.HttpHeaders.System.Collections.Generic.IDictionary<System.String,Microsoft.Extensions.Primitives.StringValues>.Add(String key, StringValues value)
   at System.Collections.Generic.CollectionExtensions.TryAdd[TKey,TValue](IDictionary`2 dictionary, TKey key, TValue value)
   at SmsApi.Infrastructure.Performance.PerformanceMonitoringMiddleware.InvokeAsync(HttpContext context) in C:\Vitana\Vitana Group\sms-api\Infrastructure\Performance\PerformanceMonitoringMiddleware.cs:line 48
   at Microsoft.AspNetCore.Diagnostics.DeveloperExceptionPageMiddlewareImpl.Invoke(HttpContext context)
2026-04-19 12:46:52.140 +05:30 [WRN] Microsoft.AspNetCore.Diagnostics.DeveloperExceptionPageMiddleware | CorrelationId: | The response has already started, the error page middleware will not be executed.
2026-04-19 12:46:52.142 +05:30 [ERR] Microsoft.AspNetCore.Server.Kestrel | CorrelationId: | Connection id "0HNKTSE3CUMTS", Request id "0HNKTSE3CUMTS:00000001": An unhandled exception was thrown by the application.
System.InvalidOperationException: Headers are read-only, response has already started.
   at Microsoft.AspNetCore.Server.Kestrel.Core.Internal.Http.HttpHeaders.ThrowHeadersReadOnlyException()
   at Microsoft.AspNetCore.Server.Kestrel.Core.Internal.Http.HttpHeaders.System.Collections.Generic.IDictionary<System.String,Microsoft.Extensions.Primitives.StringValues>.Add(String key, StringValues value)
   at System.Collections.Generic.CollectionExtensions.TryAdd[TKey,TValue](IDictionary`2 dictionary, TKey key, TValue value)
   at SmsApi.Infrastructure.Performance.PerformanceMonitoringMiddleware.InvokeAsync(HttpContext context) in C:\Vitana\Vitana Group\sms-api\Infrastructure\Performance\PerformanceMonitoringMiddleware.cs:line 48
   at Microsoft.AspNetCore.Diagnostics.DeveloperExceptionPageMiddlewareImpl.Invoke(HttpContext context)
   at Microsoft.AspNetCore.Diagnostics.DeveloperExceptionPageMiddlewareImpl.Invoke(HttpContext context)
   at Microsoft.AspNetCore.Server.Kestrel.Core.Internal.Http.HttpProtocol.ProcessRequests[TContext](IHttpApplication`1 application)
2026-04-19 12:48:27.040 +05:30 [INF]  | CorrelationId: | Using distributed in-memory cache (development only)
2026-04-19 12:48:28.739 +05:30 [WRN] Microsoft.EntityFrameworkCore.Model.Validation | CorrelationId: | Entity 'Staff' has a global query filter defined and is the required end of a relationship with the entity 'Certificate'. This may lead to unexpected results when the required entity is filtered out. Either configure the navigation as optional, or define matching query filters for both entities in the navigation. See https://go.microsoft.com/fwlink/?linkid=2131316 for more information.
2026-04-19 12:48:28.743 +05:30 [WRN] Microsoft.EntityFrameworkCore.Model.Validation | CorrelationId: | Entity 'School' has a global query filter defined and is the required end of a relationship with the entity 'CertificateTemplate'. This may lead to unexpected results when the required entity is filtered out. Either configure the navigation as optional, or define matching query filters for both entities in the navigation. See https://go.microsoft.com/fwlink/?linkid=2131316 for more information.
2026-04-19 12:48:28.745 +05:30 [WRN] Microsoft.EntityFrameworkCore.Model.Validation | CorrelationId: | Entity 'School' has a global query filter defined and is the required end of a relationship with the entity 'Document'. This may lead to unexpected results when the required entity is filtered out. Either configure the navigation as optional, or define matching query filters for both entities in the navigation. See https://go.microsoft.com/fwlink/?linkid=2131316 for more information.
2026-04-19 12:48:28.750 +05:30 [WRN] Microsoft.EntityFrameworkCore.Model.Validation | CorrelationId: | Entity 'School' has a global query filter defined and is the required end of a relationship with the entity 'DocumentCategory'. This may lead to unexpected results when the required entity is filtered out. Either configure the navigation as optional, or define matching query filters for both entities in the navigation. See https://go.microsoft.com/fwlink/?linkid=2131316 for more information.
2026-04-19 12:48:28.752 +05:30 [WRN] Microsoft.EntityFrameworkCore.Model.Validation | CorrelationId: | Entity 'School' has a global query filter defined and is the required end of a relationship with the entity 'FeeAuditLog'. This may lead to unexpected results when the required entity is filtered out. Either configure the navigation as optional, or define matching query filters for both entities in the navigation. See https://go.microsoft.com/fwlink/?linkid=2131316 for more information.
2026-04-19 12:48:28.759 +05:30 [WRN] Microsoft.EntityFrameworkCore.Model.Validation | CorrelationId: | Entity 'School' has a global query filter defined and is the required end of a relationship with the entity 'Holiday'. This may lead to unexpected results when the required entity is filtered out. Either configure the navigation as optional, or define matching query filters for both entities in the navigation. See https://go.microsoft.com/fwlink/?linkid=2131316 for more information.
2026-04-19 12:48:28.763 +05:30 [WRN] Microsoft.EntityFrameworkCore.Model.Validation | CorrelationId: | Entity 'School' has a global query filter defined and is the required end of a relationship with the entity 'IDCard'. This may lead to unexpected results when the required entity is filtered out. Either configure the navigation as optional, or define matching query filters for both entities in the navigation. See https://go.microsoft.com/fwlink/?linkid=2131316 for more information.
2026-04-19 12:48:28.766 +05:30 [WRN] Microsoft.EntityFrameworkCore.Model.Validation | CorrelationId: | Entity 'School' has a global query filter defined and is the required end of a relationship with the entity 'IDCardTemplate'. This may lead to unexpected results when the required entity is filtered out. Either configure the navigation as optional, or define matching query filters for both entities in the navigation. See https://go.microsoft.com/fwlink/?linkid=2131316 for more information.
2026-04-19 12:48:28.768 +05:30 [WRN] Microsoft.EntityFrameworkCore.Model.Validation | CorrelationId: | Entity 'UserLogin' has a global query filter defined and is the required end of a relationship with the entity 'PasswordResetToken'. This may lead to unexpected results when the required entity is filtered out. Either configure the navigation as optional, or define matching query filters for both entities in the navigation. See https://go.microsoft.com/fwlink/?linkid=2131316 for more information.
2026-04-19 12:48:28.772 +05:30 [WRN] Microsoft.EntityFrameworkCore.Model.Validation | CorrelationId: | Entity 'School' has a global query filter defined and is the required end of a relationship with the entity 'PromotionHistory'. This may lead to unexpected results when the required entity is filtered out. Either configure the navigation as optional, or define matching query filters for both entities in the navigation. See https://go.microsoft.com/fwlink/?linkid=2131316 for more information.
2026-04-19 12:48:28.847 +05:30 [WRN] Microsoft.EntityFrameworkCore.Model.Validation | CorrelationId: | The foreign key property 'Staff.ReportingToId1' was created in shadow state because a conflicting property with the simple name 'ReportingToId' exists in the entity type, but is either not mapped, is already used for another relationship, or is incompatible with the associated primary key type. See https://aka.ms/efcore-relationships for information on mapping relationships in EF Core.
2026-04-19 12:48:29.640 +05:30 [INF] Program | CorrelationId: | Database migrations applied successfully.
2026-04-19 12:48:30.262 +05:30 [INF] Microsoft.Hosting.Lifetime | CorrelationId: | Now listening on: http://localhost:5092
2026-04-19 12:48:30.264 +05:30 [INF] Microsoft.Hosting.Lifetime | CorrelationId: | Application started. Press Ctrl+C to shut down.
2026-04-19 12:48:30.265 +05:30 [INF] Microsoft.Hosting.Lifetime | CorrelationId: | Hosting environment: Development
2026-04-19 12:48:30.267 +05:30 [INF] Microsoft.Hosting.Lifetime | CorrelationId: | Content root path: C:\Vitana\Vitana Group\sms-api
2026-04-19 12:48:51.078 +05:30 [WRN] Microsoft.AspNetCore.HttpsPolicy.HttpsRedirectionMiddleware | CorrelationId:d83afa5150cb4de3b72bced8f4ea361e | Failed to determine the https port for redirect.
2026-04-19 12:48:51.144 +05:30 [INF] SmsApi.Middleware.LoggingActionFilter | CorrelationId:d83afa5150cb4de3b72bced8f4ea361e | API Request: POST /api/auth/login | User: Unknown | School: Unknown
2026-04-19 12:48:52.247 +05:30 [INF] SmsApi.Controllers.AuthController | CorrelationId:d83afa5150cb4de3b72bced8f4ea361e | Login successful for admin (SchoolId: "550e8400-e29b-41d4-a716-446655440000")
2026-04-19 12:48:52.253 +05:30 [INF] SmsApi.Middleware.LoggingActionFilter | CorrelationId:d83afa5150cb4de3b72bced8f4ea361e | API Response: POST /api/auth/login | Status: 200 | Duration: 1112ms
2026-04-19 12:48:52.326 +05:30 [INF] Serilog.AspNetCore.RequestLoggingMiddleware | CorrelationId:d83afa5150cb4de3b72bced8f4ea361e | HTTP POST /api/auth/login responded 200 in 1257.1883 ms
2026-04-19 12:48:52.332 +05:30 [WRN] SmsApi.Infrastructure.Performance.PerformanceMonitoringMiddleware | CorrelationId: | Slow request: POST /api/auth/login took 1220ms — status 200.
2026-04-19 12:48:59.156 +05:30 [INF] SmsApi.Middleware.LoggingActionFilter | CorrelationId:1b46a7d8486f455d9d3d9998646c7c2e | API Request: POST /api/auth/login | User: Unknown | School: Unknown
2026-04-19 12:48:59.865 +05:30 [INF] SmsApi.Controllers.AuthController | CorrelationId:1b46a7d8486f455d9d3d9998646c7c2e | Login successful for admin (SchoolId: "550e8400-e29b-41d4-a716-446655440000")
2026-04-19 12:48:59.869 +05:30 [INF] SmsApi.Middleware.LoggingActionFilter | CorrelationId:1b46a7d8486f455d9d3d9998646c7c2e | API Response: POST /api/auth/login | Status: 200 | Duration: 712ms
2026-04-19 12:48:59.876 +05:30 [INF] Serilog.AspNetCore.RequestLoggingMiddleware | CorrelationId:1b46a7d8486f455d9d3d9998646c7c2e | HTTP POST /api/auth/login responded 200 in 724.3588 ms
2026-04-19 12:48:59.885 +05:30 [WRN] SmsApi.Infrastructure.Performance.PerformanceMonitoringMiddleware | CorrelationId: | Slow request: POST /api/auth/login took 720ms — status 200.
2026-04-19 12:49:00.382 +05:30 [INF] SmsApi.Middleware.LoggingActionFilter | CorrelationId:a5419c68b63541ac93b7fcee0699b829 | API Request: GET /api/library/books | User: Unknown | School: 550e8400-e29b-41d4-a716-446655440000
2026-04-19 12:49:00.496 +05:30 [INF] SmsApi.Middleware.LoggingActionFilter | CorrelationId:a5419c68b63541ac93b7fcee0699b829 | API Response: GET /api/library/books | Status: 200 | Duration: 114ms
2026-04-19 12:49:00.516 +05:30 [INF] Serilog.AspNetCore.RequestLoggingMiddleware | CorrelationId:a5419c68b63541ac93b7fcee0699b829 | HTTP GET /api/library/books responded 200 in 283.7210 ms
2026-04-19 12:49:00.564 +05:30 [INF] SmsApi.Middleware.LoggingActionFilter | CorrelationId:818b386c9c9b4fb5983ee3fe494afa19 | API Request: GET /api/fees/stats | User: Unknown | School: 550e8400-e29b-41d4-a716-446655440000
2026-04-19 12:49:00.791 +05:30 [INF] SmsApi.Middleware.LoggingActionFilter | CorrelationId:818b386c9c9b4fb5983ee3fe494afa19 | API Response: GET /api/fees/stats | Status: 200 | Duration: 227ms
2026-04-19 12:49:00.802 +05:30 [INF] Serilog.AspNetCore.RequestLoggingMiddleware | CorrelationId:818b386c9c9b4fb5983ee3fe494afa19 | HTTP GET /api/fees/stats responded 200 in 250.2127 ms
2026-04-19 12:49:06.865 +05:30 [INF] SmsApi.Middleware.LoggingActionFilter | CorrelationId:93830e783d76404b9da3e09e900612fc | API Request: POST /api/auth/login | User: Unknown | School: Unknown
2026-04-19 12:49:07.391 +05:30 [INF] SmsApi.Controllers.AuthController | CorrelationId:93830e783d76404b9da3e09e900612fc | Login successful for admin (SchoolId: "550e8400-e29b-41d4-a716-446655440000")
2026-04-19 12:49:07.393 +05:30 [INF] SmsApi.Middleware.LoggingActionFilter | CorrelationId:93830e783d76404b9da3e09e900612fc | API Response: POST /api/auth/login | Status: 200 | Duration: 528ms
2026-04-19 12:49:07.403 +05:30 [INF] Serilog.AspNetCore.RequestLoggingMiddleware | CorrelationId:93830e783d76404b9da3e09e900612fc | HTTP POST /api/auth/login responded 200 in 541.1373 ms
2026-04-19 12:49:07.423 +05:30 [WRN] SmsApi.Infrastructure.Performance.PerformanceMonitoringMiddleware | CorrelationId: | Slow request: POST /api/auth/login took 536ms — status 200.
2026-04-19 12:49:07.443 +05:30 [INF] SmsApi.Middleware.LoggingActionFilter | CorrelationId:63d9a3a7ba4c4c8c965752be007f9667 | API Request: GET /api/library/books | User: Unknown | School: 550e8400-e29b-41d4-a716-446655440000
2026-04-19 12:49:07.450 +05:30 [INF] SmsApi.Middleware.LoggingActionFilter | CorrelationId:63d9a3a7ba4c4c8c965752be007f9667 | API Response: GET /api/library/books | Status: 200 | Duration: 7ms
2026-04-19 12:49:07.456 +05:30 [INF] Serilog.AspNetCore.RequestLoggingMiddleware | CorrelationId:63d9a3a7ba4c4c8c965752be007f9667 | HTTP GET /api/library/books responded 200 in 19.0075 ms
2026-04-19 12:49:12.999 +05:30 [INF] SmsApi.Middleware.LoggingActionFilter | CorrelationId:5c53fa2065854b57b00d741384eb53e9 | API Request: POST /api/auth/login | User: Unknown | School: Unknown
2026-04-19 12:49:13.501 +05:30 [INF] SmsApi.Controllers.AuthController | CorrelationId:5c53fa2065854b57b00d741384eb53e9 | Login successful for admin (SchoolId: "550e8400-e29b-41d4-a716-446655440000")
2026-04-19 12:49:13.503 +05:30 [INF] SmsApi.Middleware.LoggingActionFilter | CorrelationId:5c53fa2065854b57b00d741384eb53e9 | API Response: POST /api/auth/login | Status: 200 | Duration: 504ms
2026-04-19 12:49:13.508 +05:30 [INF] Serilog.AspNetCore.RequestLoggingMiddleware | CorrelationId:5c53fa2065854b57b00d741384eb53e9 | HTTP POST /api/auth/login responded 200 in 509.7666 ms
2026-04-19 12:49:13.525 +05:30 [WRN] SmsApi.Infrastructure.Performance.PerformanceMonitoringMiddleware | CorrelationId: | Slow request: POST /api/auth/login took 508ms — status 200.
2026-04-19 12:49:13.537 +05:30 [INF] SmsApi.Middleware.LoggingActionFilter | CorrelationId:f0db83198f644569ae1025d95985f56c | API Request: GET /api/library/books | User: Unknown | School: 550e8400-e29b-41d4-a716-446655440000
2026-04-19 12:49:13.545 +05:30 [INF] SmsApi.Middleware.LoggingActionFilter | CorrelationId:f0db83198f644569ae1025d95985f56c | API Response: GET /api/library/books | Status: 200 | Duration: 7ms
2026-04-19 12:49:13.549 +05:30 [INF] Serilog.AspNetCore.RequestLoggingMiddleware | CorrelationId:f0db83198f644569ae1025d95985f56c | HTTP GET /api/library/books responded 200 in 16.3048 ms
2026-04-19 12:53:19.281 +05:30 [INF] Serilog.AspNetCore.RequestLoggingMiddleware | CorrelationId:987eaa87b5a54a54b4a8ceb0cec296c6 | HTTP OPTIONS /api/fees/structures responded 204 in 3.5065 ms
2026-04-19 12:53:19.292 +05:30 [INF] Serilog.AspNetCore.RequestLoggingMiddleware | CorrelationId:e4cb4b9644744096b1fd7ca93f5879fa | HTTP OPTIONS /api/fees/records responded 204 in 15.0344 ms
2026-04-19 12:53:19.292 +05:30 [INF] Serilog.AspNetCore.RequestLoggingMiddleware | CorrelationId:055b346b39894657a06670c3c2242b6e | HTTP OPTIONS /api/fees/stats responded 204 in 12.8831 ms
2026-04-19 12:53:19.292 +05:30 [INF] Serilog.AspNetCore.RequestLoggingMiddleware | CorrelationId:5f14253bffb24efe821b6533a350320d | HTTP OPTIONS /api/fees/records responded 204 in 12.7701 ms
2026-04-19 12:53:19.301 +05:30 [INF] Serilog.AspNetCore.RequestLoggingMiddleware | CorrelationId:26866574bfaa47d6b99bb2fbed46ab07 | HTTP OPTIONS /api/fees/structures responded 204 in 0.0744 ms
2026-04-19 12:53:19.305 +05:30 [INF] Serilog.AspNetCore.RequestLoggingMiddleware | CorrelationId:be4d07a2a541411f82396fd5a39be8e9 | HTTP OPTIONS /api/fees/stats responded 204 in 0.0701 ms
2026-04-19 12:53:19.364 +05:30 [INF] SmsApi.Middleware.LoggingActionFilter | CorrelationId:bca8c2b71d364ffb98a48e7bb99fe602 | API Request: GET /api/fees/records | User: Unknown | School: 550e8400-e29b-41d4-a716-446655440000
2026-04-19 12:53:19.364 +05:30 [INF] SmsApi.Middleware.LoggingActionFilter | CorrelationId:92e97a9c2d73452d841c1a888fc2150c | API Request: GET /api/fees/stats | User: Unknown | School: 550e8400-e29b-41d4-a716-446655440000
2026-04-19 12:53:19.520 +05:30 [INF] SmsApi.Middleware.LoggingActionFilter | CorrelationId:b10f337bf06f435eb384c563401efed3 | API Request: GET /api/fees/records | User: Unknown | School: 550e8400-e29b-41d4-a716-446655440000
2026-04-19 12:53:19.520 +05:30 [INF] SmsApi.Middleware.LoggingActionFilter | CorrelationId:3f7214fec49045b58cf0dfc449245af7 | API Request: GET /api/fees/structures | User: Unknown | School: 550e8400-e29b-41d4-a716-446655440000
2026-04-19 12:53:19.609 +05:30 [INF] SmsApi.Middleware.LoggingActionFilter | CorrelationId:c31226066140428fa1caf81d0fcb22cc | API Request: GET /api/fees/stats | User: Unknown | School: 550e8400-e29b-41d4-a716-446655440000
2026-04-19 12:53:19.648 +05:30 [INF] SmsApi.Middleware.LoggingActionFilter | CorrelationId:92e97a9c2d73452d841c1a888fc2150c | API Response: GET /api/fees/stats | Status: 200 | Duration: 283ms
2026-04-19 12:53:19.652 +05:30 [INF] SmsApi.Middleware.LoggingActionFilter | CorrelationId:bd6e73e9c1c54fde96a2f24e79ff709b | API Request: GET /api/fees/structures | User: Unknown | School: 550e8400-e29b-41d4-a716-446655440000
2026-04-19 12:53:19.704 +05:30 [INF] SmsApi.Services.FeeService | CorrelationId:b10f337bf06f435eb384c563401efed3 | Late fee calculation with partial payment: Total=18000.00, Paid=6000.00, Remaining=12000.00
2026-04-19 12:53:19.760 +05:30 [INF] SmsApi.Services.FeeService | CorrelationId:bca8c2b71d364ffb98a48e7bb99fe602 | Late fee calculation with partial payment: Total=18000.00, Paid=6000.00, Remaining=12000.00
2026-04-19 12:53:19.800 +05:30 [INF] SmsApi.Middleware.LoggingActionFilter | CorrelationId:bd6e73e9c1c54fde96a2f24e79ff709b | API Response: GET /api/fees/structures | Status: 200 | Duration: 148ms
2026-04-19 12:53:19.813 +05:30 [INF] Serilog.AspNetCore.RequestLoggingMiddleware | CorrelationId:92e97a9c2d73452d841c1a888fc2150c | HTTP GET /api/fees/stats responded 200 in 461.8345 ms
2026-04-19 12:53:19.820 +05:30 [WRN] SmsApi.Services.FeeService | CorrelationId:b10f337bf06f435eb384c563401efed3 | No late fee configuration found for school 550e8400-e29b-41d4-a716-446655440000
2026-04-19 12:53:19.820 +05:30 [WRN] SmsApi.Services.FeeService | CorrelationId:bca8c2b71d364ffb98a48e7bb99fe602 | No late fee configuration found for school 550e8400-e29b-41d4-a716-446655440000
2026-04-19 12:53:19.838 +05:30 [INF] Serilog.AspNetCore.RequestLoggingMiddleware | CorrelationId:bd6e73e9c1c54fde96a2f24e79ff709b | HTTP GET /api/fees/structures responded 200 in 516.8149 ms
2026-04-19 12:53:19.861 +05:30 [INF] SmsApi.Middleware.LoggingActionFilter | CorrelationId:3f7214fec49045b58cf0dfc449245af7 | API Response: GET /api/fees/structures | Status: 200 | Duration: 340ms
2026-04-19 12:53:19.864 +05:30 [INF] SmsApi.Services.FeeService | CorrelationId:b10f337bf06f435eb384c563401efed3 | Late fee calculation with partial payment: Total=20000.00, Paid=12000.00, Remaining=8000.00
2026-04-19 12:53:19.869 +05:30 [INF] SmsApi.Services.FeeService | CorrelationId:bca8c2b71d364ffb98a48e7bb99fe602 | Late fee calculation with partial payment: Total=20000.00, Paid=12000.00, Remaining=8000.00
2026-04-19 12:53:19.875 +05:30 [WRN] SmsApi.Infrastructure.Performance.PerformanceMonitoringMiddleware | CorrelationId: | Slow request: GET /api/fees/structures took 516ms — status 200.
2026-04-19 12:53:19.880 +05:30 [INF] Serilog.AspNetCore.RequestLoggingMiddleware | CorrelationId:3f7214fec49045b58cf0dfc449245af7 | HTTP GET /api/fees/structures responded 200 in 429.0936 ms
2026-04-19 12:53:19.883 +05:30 [INF] SmsApi.Middleware.LoggingActionFilter | CorrelationId:c31226066140428fa1caf81d0fcb22cc | API Response: GET /api/fees/stats | Status: 200 | Duration: 273ms
2026-04-19 12:53:19.894 +05:30 [WRN] SmsApi.Services.FeeService | CorrelationId:b10f337bf06f435eb384c563401efed3 | No late fee configuration found for school 550e8400-e29b-41d4-a716-446655440000
2026-04-19 12:53:19.911 +05:30 [WRN] SmsApi.Services.FeeService | CorrelationId:bca8c2b71d364ffb98a48e7bb99fe602 | No late fee configuration found for school 550e8400-e29b-41d4-a716-446655440000
2026-04-19 12:53:19.931 +05:30 [INF] Serilog.AspNetCore.RequestLoggingMiddleware | CorrelationId:c31226066140428fa1caf81d0fcb22cc | HTTP GET /api/fees/stats responded 200 in 331.0223 ms
2026-04-19 12:53:19.941 +05:30 [INF] SmsApi.Services.FeeService | CorrelationId:b10f337bf06f435eb384c563401efed3 | Late fee calculation with partial payment: Total=12000.00, Paid=6000.00, Remaining=6000.00
2026-04-19 12:53:19.966 +05:30 [WRN] SmsApi.Services.FeeService | CorrelationId:b10f337bf06f435eb384c563401efed3 | No late fee configuration found for school 550e8400-e29b-41d4-a716-446655440000
2026-04-19 12:53:19.944 +05:30 [INF] SmsApi.Services.FeeService | CorrelationId:bca8c2b71d364ffb98a48e7bb99fe602 | Late fee calculation with partial payment: Total=12000.00, Paid=6000.00, Remaining=6000.00
2026-04-19 12:53:19.983 +05:30 [INF] SmsApi.Services.FeeService | CorrelationId:b10f337bf06f435eb384c563401efed3 | Late fee calculation with partial payment: Total=12000.00, Paid=6000.00, Remaining=6000.00
2026-04-19 12:53:19.983 +05:30 [WRN] SmsApi.Services.FeeService | CorrelationId:bca8c2b71d364ffb98a48e7bb99fe602 | No late fee configuration found for school 550e8400-e29b-41d4-a716-446655440000
2026-04-19 12:53:20.001 +05:30 [WRN] SmsApi.Services.FeeService | CorrelationId:b10f337bf06f435eb384c563401efed3 | No late fee configuration found for school 550e8400-e29b-41d4-a716-446655440000
2026-04-19 12:53:20.002 +05:30 [INF] SmsApi.Services.FeeService | CorrelationId:bca8c2b71d364ffb98a48e7bb99fe602 | Late fee calculation with partial payment: Total=12000.00, Paid=6000.00, Remaining=6000.00
2026-04-19 12:53:20.008 +05:30 [WRN] SmsApi.Services.FeeService | CorrelationId:bca8c2b71d364ffb98a48e7bb99fe602 | No late fee configuration found for school 550e8400-e29b-41d4-a716-446655440000
2026-04-19 12:53:20.009 +05:30 [WRN] SmsApi.Services.FeeService | CorrelationId:b10f337bf06f435eb384c563401efed3 | No late fee configuration found for school 550e8400-e29b-41d4-a716-446655440000
2026-04-19 12:53:20.017 +05:30 [WRN] SmsApi.Services.FeeService | CorrelationId:bca8c2b71d364ffb98a48e7bb99fe602 | No late fee configuration found for school 550e8400-e29b-41d4-a716-446655440000
2026-04-19 12:53:20.019 +05:30 [INF] SmsApi.Services.FeeService | CorrelationId:b10f337bf06f435eb384c563401efed3 | Late fee calculation with partial payment: Total=12000.00, Paid=6000.00, Remaining=6000.00
2026-04-19 12:53:20.023 +05:30 [INF] SmsApi.Services.FeeService | CorrelationId:bca8c2b71d364ffb98a48e7bb99fe602 | Late fee calculation with partial payment: Total=12000.00, Paid=6000.00, Remaining=6000.00
2026-04-19 12:53:20.025 +05:30 [WRN] SmsApi.Services.FeeService | CorrelationId:b10f337bf06f435eb384c563401efed3 | No late fee configuration found for school 550e8400-e29b-41d4-a716-446655440000
2026-04-19 12:53:20.025 +05:30 [WRN] SmsApi.Services.FeeService | CorrelationId:bca8c2b71d364ffb98a48e7bb99fe602 | No late fee configuration found for school 550e8400-e29b-41d4-a716-446655440000
2026-04-19 12:53:20.032 +05:30 [INF] SmsApi.Services.FeeService | CorrelationId:b10f337bf06f435eb384c563401efed3 | Late fee calculation with partial payment: Total=12000.00, Paid=6000.00, Remaining=6000.00
2026-04-19 12:53:20.033 +05:30 [INF] SmsApi.Services.FeeService | CorrelationId:bca8c2b71d364ffb98a48e7bb99fe602 | Late fee calculation with partial payment: Total=12000.00, Paid=6000.00, Remaining=6000.00
2026-04-19 12:53:20.039 +05:30 [WRN] SmsApi.Services.FeeService | CorrelationId:b10f337bf06f435eb384c563401efed3 | No late fee configuration found for school 550e8400-e29b-41d4-a716-446655440000
2026-04-19 12:53:20.039 +05:30 [WRN] SmsApi.Services.FeeService | CorrelationId:bca8c2b71d364ffb98a48e7bb99fe602 | No late fee configuration found for school 550e8400-e29b-41d4-a716-446655440000
2026-04-19 12:53:20.045 +05:30 [WRN] SmsApi.Services.FeeService | CorrelationId:b10f337bf06f435eb384c563401efed3 | No late fee configuration found for school 550e8400-e29b-41d4-a716-446655440000
2026-04-19 12:53:20.045 +05:30 [WRN] SmsApi.Services.FeeService | CorrelationId:bca8c2b71d364ffb98a48e7bb99fe602 | No late fee configuration found for school 550e8400-e29b-41d4-a716-446655440000
2026-04-19 12:53:20.052 +05:30 [WRN] SmsApi.Services.FeeService | CorrelationId:b10f337bf06f435eb384c563401efed3 | No late fee configuration found for school 550e8400-e29b-41d4-a716-446655440000
2026-04-19 12:53:20.052 +05:30 [WRN] SmsApi.Services.FeeService | CorrelationId:bca8c2b71d364ffb98a48e7bb99fe602 | No late fee configuration found for school 550e8400-e29b-41d4-a716-446655440000
2026-04-19 12:53:20.056 +05:30 [INF] SmsApi.Services.FeeService | CorrelationId:b10f337bf06f435eb384c563401efed3 | Late fee calculation with partial payment: Total=12000.00, Paid=6000.00, Remaining=6000.00
2026-04-19 12:53:20.057 +05:30 [INF] SmsApi.Services.FeeService | CorrelationId:bca8c2b71d364ffb98a48e7bb99fe602 | Late fee calculation with partial payment: Total=12000.00, Paid=6000.00, Remaining=6000.00
2026-04-19 12:53:20.061 +05:30 [WRN] SmsApi.Services.FeeService | CorrelationId:b10f337bf06f435eb384c563401efed3 | No late fee configuration found for school 550e8400-e29b-41d4-a716-446655440000
2026-04-19 12:53:20.063 +05:30 [WRN] SmsApi.Services.FeeService | CorrelationId:bca8c2b71d364ffb98a48e7bb99fe602 | No late fee configuration found for school 550e8400-e29b-41d4-a716-446655440000
2026-04-19 12:53:20.067 +05:30 [WRN] SmsApi.Services.FeeService | CorrelationId:b10f337bf06f435eb384c563401efed3 | No late fee configuration found for school 550e8400-e29b-41d4-a716-446655440000
2026-04-19 12:53:20.068 +05:30 [WRN] SmsApi.Services.FeeService | CorrelationId:bca8c2b71d364ffb98a48e7bb99fe602 | No late fee configuration found for school 550e8400-e29b-41d4-a716-446655440000
2026-04-19 12:53:20.080 +05:30 [WRN] SmsApi.Services.FeeService | CorrelationId:b10f337bf06f435eb384c563401efed3 | No late fee configuration found for school 550e8400-e29b-41d4-a716-446655440000
2026-04-19 12:53:20.082 +05:30 [WRN] SmsApi.Services.FeeService | CorrelationId:bca8c2b71d364ffb98a48e7bb99fe602 | No late fee configuration found for school 550e8400-e29b-41d4-a716-446655440000
2026-04-19 12:53:20.088 +05:30 [INF] SmsApi.Services.FeeService | CorrelationId:b10f337bf06f435eb384c563401efed3 | Late fee calculation with partial payment: Total=12000.00, Paid=6000.00, Remaining=6000.00
2026-04-19 12:53:20.090 +05:30 [INF] SmsApi.Services.FeeService | CorrelationId:bca8c2b71d364ffb98a48e7bb99fe602 | Late fee calculation with partial payment: Total=12000.00, Paid=6000.00, Remaining=6000.00
2026-04-19 12:53:20.092 +05:30 [WRN] SmsApi.Services.FeeService | CorrelationId:b10f337bf06f435eb384c563401efed3 | No late fee configuration found for school 550e8400-e29b-41d4-a716-446655440000
2026-04-19 12:53:20.094 +05:30 [WRN] SmsApi.Services.FeeService | CorrelationId:bca8c2b71d364ffb98a48e7bb99fe602 | No late fee configuration found for school 550e8400-e29b-41d4-a716-446655440000
2026-04-19 12:53:20.098 +05:30 [WRN] SmsApi.Services.FeeService | CorrelationId:b10f337bf06f435eb384c563401efed3 | No late fee configuration found for school 550e8400-e29b-41d4-a716-446655440000
2026-04-19 12:53:20.100 +05:30 [WRN] SmsApi.Services.FeeService | CorrelationId:bca8c2b71d364ffb98a48e7bb99fe602 | No late fee configuration found for school 550e8400-e29b-41d4-a716-446655440000
2026-04-19 12:53:20.108 +05:30 [WRN] SmsApi.Services.FeeService | CorrelationId:b10f337bf06f435eb384c563401efed3 | No late fee configuration found for school 550e8400-e29b-41d4-a716-446655440000
2026-04-19 12:53:20.111 +05:30 [WRN] SmsApi.Services.FeeService | CorrelationId:bca8c2b71d364ffb98a48e7bb99fe602 | No late fee configuration found for school 550e8400-e29b-41d4-a716-446655440000
2026-04-19 12:53:20.116 +05:30 [WRN] SmsApi.Services.FeeService | CorrelationId:b10f337bf06f435eb384c563401efed3 | No late fee configuration found for school 550e8400-e29b-41d4-a716-446655440000
2026-04-19 12:53:20.116 +05:30 [WRN] SmsApi.Services.FeeService | CorrelationId:bca8c2b71d364ffb98a48e7bb99fe602 | No late fee configuration found for school 550e8400-e29b-41d4-a716-446655440000
2026-04-19 12:53:20.123 +05:30 [INF] SmsApi.Services.FeeService | CorrelationId:bca8c2b71d364ffb98a48e7bb99fe602 | Late fee calculation with partial payment: Total=12000.00, Paid=6000.00, Remaining=6000.00
2026-04-19 12:53:20.124 +05:30 [INF] SmsApi.Services.FeeService | CorrelationId:b10f337bf06f435eb384c563401efed3 | Late fee calculation with partial payment: Total=12000.00, Paid=6000.00, Remaining=6000.00
2026-04-19 12:53:20.131 +05:30 [WRN] SmsApi.Services.FeeService | CorrelationId:bca8c2b71d364ffb98a48e7bb99fe602 | No late fee configuration found for school 550e8400-e29b-41d4-a716-446655440000
2026-04-19 12:53:20.134 +05:30 [WRN] SmsApi.Services.FeeService | CorrelationId:b10f337bf06f435eb384c563401efed3 | No late fee configuration found for school 550e8400-e29b-41d4-a716-446655440000
2026-04-19 12:53:20.138 +05:30 [WRN] SmsApi.Services.FeeService | CorrelationId:bca8c2b71d364ffb98a48e7bb99fe602 | No late fee configuration found for school 550e8400-e29b-41d4-a716-446655440000
2026-04-19 12:53:20.143 +05:30 [WRN] SmsApi.Services.FeeService | CorrelationId:b10f337bf06f435eb384c563401efed3 | No late fee configuration found for school 550e8400-e29b-41d4-a716-446655440000
2026-04-19 12:53:20.203 +05:30 [INF] SmsApi.Middleware.LoggingActionFilter | CorrelationId:b10f337bf06f435eb384c563401efed3 | API Response: GET /api/fees/records | Status: 200 | Duration: 683ms
2026-04-19 12:53:20.203 +05:30 [INF] SmsApi.Middleware.LoggingActionFilter | CorrelationId:bca8c2b71d364ffb98a48e7bb99fe602 | API Response: GET /api/fees/records | Status: 200 | Duration: 838ms
2026-04-19 12:53:20.228 +05:30 [INF] Serilog.AspNetCore.RequestLoggingMiddleware | CorrelationId:bca8c2b71d364ffb98a48e7bb99fe602 | HTTP GET /api/fees/records responded 200 in 905.0105 ms
2026-04-19 12:53:20.228 +05:30 [INF] Serilog.AspNetCore.RequestLoggingMiddleware | CorrelationId:b10f337bf06f435eb384c563401efed3 | HTTP GET /api/fees/records responded 200 in 838.1539 ms
2026-04-19 12:53:20.252 +05:30 [WRN] SmsApi.Infrastructure.Performance.PerformanceMonitoringMiddleware | CorrelationId: | Slow request: GET /api/fees/records took 904ms — status 200.
2026-04-19 12:53:20.257 +05:30 [WRN] SmsApi.Infrastructure.Performance.PerformanceMonitoringMiddleware | CorrelationId: | Slow request: GET /api/fees/records took 838ms — status 200.
2026-04-19 12:53:22.402 +05:30 [INF] Serilog.AspNetCore.RequestLoggingMiddleware | CorrelationId:abe7c2fcdba04ea9a7b26fc6a6cb7178 | HTTP OPTIONS /api/students responded 204 in 0.1305 ms
2026-04-19 12:53:22.402 +05:30 [INF] Serilog.AspNetCore.RequestLoggingMiddleware | CorrelationId:a04fcfda5603418a823b30c376d56781 | HTTP OPTIONS /api/students responded 204 in 0.0313 ms
2026-04-19 12:53:22.461 +05:30 [WRN] LuckyPennySoftware.MediatR.License | CorrelationId:37d6b1ead37f477691a99884879c007f | You do not have a valid license key for the Lucky Penny software MediatR. This is allowed for development and testing scenarios. If you are running in production you are required to have a licensed version. Please visit https://luckypennysoftware.com to obtain a valid license.
2026-04-19 12:53:22.461 +05:30 [WRN] LuckyPennySoftware.MediatR.License | CorrelationId:ad9fa80aab914be4a9ebf2406a1af5a1 | You do not have a valid license key for the Lucky Penny software MediatR. This is allowed for development and testing scenarios. If you are running in production you are required to have a licensed version. Please visit https://luckypennysoftware.com to obtain a valid license.
2026-04-19 12:53:22.477 +05:30 [INF] SmsApi.Middleware.LoggingActionFilter | CorrelationId:37d6b1ead37f477691a99884879c007f | API Request: GET /api/students | User: Unknown | School: 550e8400-e29b-41d4-a716-446655440000
2026-04-19 12:53:22.511 +05:30 [INF] SmsApi.Middleware.LoggingActionFilter | CorrelationId:ad9fa80aab914be4a9ebf2406a1af5a1 | API Request: GET /api/students | User: Unknown | School: 550e8400-e29b-41d4-a716-446655440000
2026-04-19 12:53:22.560 +05:30 [INF] SmsApi.Middleware.LoggingActionFilter | CorrelationId:37d6b1ead37f477691a99884879c007f | API Response: GET /api/students | Status: 200 | Duration: 83ms
2026-04-19 12:53:22.560 +05:30 [INF] SmsApi.Middleware.LoggingActionFilter | CorrelationId:ad9fa80aab914be4a9ebf2406a1af5a1 | API Response: GET /api/students | Status: 200 | Duration: 48ms
2026-04-19 12:53:22.581 +05:30 [INF] Serilog.AspNetCore.RequestLoggingMiddleware | CorrelationId:37d6b1ead37f477691a99884879c007f | HTTP GET /api/students responded 200 in 127.0667 ms
2026-04-19 12:53:22.581 +05:30 [INF] Serilog.AspNetCore.RequestLoggingMiddleware | CorrelationId:ad9fa80aab914be4a9ebf2406a1af5a1 | HTTP GET /api/students responded 200 in 137.6943 ms
2026-04-19 12:53:27.158 +05:30 [INF] Serilog.AspNetCore.RequestLoggingMiddleware | CorrelationId:6be41c7f238f48619daa3727c7d27b6f | HTTP OPTIONS /api/alumni/stats responded 204 in 0.2130 ms
2026-04-19 12:53:27.158 +05:30 [INF] Serilog.AspNetCore.RequestLoggingMiddleware | CorrelationId:121caa52a17b49df96840c97f422b9c9 | HTTP OPTIONS /api/alumni/stats responded 204 in 0.0213 ms
2026-04-19 12:53:27.263 +05:30 [INF] SmsApi.Middleware.LoggingActionFilter | CorrelationId:a5d58864543746a4b6d442c66ef8edc3 | API Request: GET /api/alumni/stats | User: Unknown | School: 550e8400-e29b-41d4-a716-446655440000
2026-04-19 12:53:27.265 +05:30 [INF] SmsApi.Middleware.LoggingActionFilter | CorrelationId:4c8566ad69fa4e6d85f697532843a6db | API Request: GET /api/alumni/stats | User: Unknown | School: 550e8400-e29b-41d4-a716-446655440000
2026-04-19 12:53:27.370 +05:30 [INF] SmsApi.Middleware.LoggingActionFilter | CorrelationId:4c8566ad69fa4e6d85f697532843a6db | API Response: GET /api/alumni/stats | Status: 200 | Duration: 105ms
2026-04-19 12:53:27.370 +05:30 [INF] SmsApi.Middleware.LoggingActionFilter | CorrelationId:a5d58864543746a4b6d442c66ef8edc3 | API Response: GET /api/alumni/stats | Status: 200 | Duration: 106ms
2026-04-19 12:53:27.379 +05:30 [INF] Serilog.AspNetCore.RequestLoggingMiddleware | CorrelationId:4c8566ad69fa4e6d85f697532843a6db | HTTP GET /api/alumni/stats responded 200 in 121.9723 ms
2026-04-19 12:53:27.379 +05:30 [INF] Serilog.AspNetCore.RequestLoggingMiddleware | CorrelationId:a5d58864543746a4b6d442c66ef8edc3 | HTTP GET /api/alumni/stats responded 200 in 137.8113 ms
2026-04-19 12:53:30.034 +05:30 [INF] Serilog.AspNetCore.RequestLoggingMiddleware | CorrelationId:f442ba9bb172453199d446aea5774c6e | HTTP OPTIONS /api/permissions/roles responded 204 in 0.1727 ms
2026-04-19 12:53:30.034 +05:30 [INF] Serilog.AspNetCore.RequestLoggingMiddleware | CorrelationId:e76407bce3cb462580654e11cec3ac07 | HTTP OPTIONS /api/permissions/stats responded 204 in 0.1852 ms
2026-04-19 12:53:30.038 +05:30 [INF] Serilog.AspNetCore.RequestLoggingMiddleware | CorrelationId:5579001a88894b95b3282d9defee27ae | HTTP OPTIONS /api/permissions/roles responded 204 in 0.2630 ms
2026-04-19 12:53:30.041 +05:30 [INF] Serilog.AspNetCore.RequestLoggingMiddleware | CorrelationId:d716aaa01ea8436eb819c0ca3112f1a0 | HTTP OPTIONS /api/permissions/stats responded 204 in 0.0644 ms
2026-04-19 12:53:30.116 +05:30 [INF] SmsApi.Middleware.LoggingActionFilter | CorrelationId:43471183d8154098b48474c32b95697f | API Request: GET /api/permissions/roles | User: Unknown | School: 550e8400-e29b-41d4-a716-446655440000
2026-04-19 12:53:30.126 +05:30 [INF] SmsApi.Middleware.LoggingActionFilter | CorrelationId:b9b9b23a9f984aa9a073cd62d59a6e1a | API Request: GET /api/permissions/roles | User: Unknown | School: 550e8400-e29b-41d4-a716-446655440000
2026-04-19 12:53:30.127 +05:30 [INF] SmsApi.Middleware.LoggingActionFilter | CorrelationId:5b579c389aac4dd3859e6bf8cb6518a5 | API Request: GET /api/permissions/stats | User: Unknown | School: 550e8400-e29b-41d4-a716-446655440000
2026-04-19 12:53:30.148 +05:30 [INF] SmsApi.Middleware.LoggingActionFilter | CorrelationId:74801e3a105143d7ba45af970c6a474f | API Request: GET /api/permissions/stats | User: Unknown | School: 550e8400-e29b-41d4-a716-446655440000
2026-04-19 12:53:30.276 +05:30 [INF] SmsApi.Middleware.LoggingActionFilter | CorrelationId:74801e3a105143d7ba45af970c6a474f | API Response: GET /api/permissions/stats | Status: 200 | Duration: 127ms
2026-04-19 12:53:30.276 +05:30 [INF] SmsApi.Middleware.LoggingActionFilter | CorrelationId:5b579c389aac4dd3859e6bf8cb6518a5 | API Response: GET /api/permissions/stats | Status: 200 | Duration: 149ms
2026-04-19 12:53:30.297 +05:30 [INF] Serilog.AspNetCore.RequestLoggingMiddleware | CorrelationId:74801e3a105143d7ba45af970c6a474f | HTTP GET /api/permissions/stats responded 200 in 150.6079 ms
2026-04-19 12:53:30.305 +05:30 [INF] Serilog.AspNetCore.RequestLoggingMiddleware | CorrelationId:5b579c389aac4dd3859e6bf8cb6518a5 | HTTP GET /api/permissions/stats responded 200 in 189.0501 ms
2026-04-19 12:53:30.318 +05:30 [INF] SmsApi.Middleware.LoggingActionFilter | CorrelationId:b9b9b23a9f984aa9a073cd62d59a6e1a | API Response: GET /api/permissions/roles | Status: 200 | Duration: 191ms
2026-04-19 12:53:30.320 +05:30 [INF] SmsApi.Middleware.LoggingActionFilter | CorrelationId:43471183d8154098b48474c32b95697f | API Response: GET /api/permissions/roles | Status: 200 | Duration: 203ms
2026-04-19 12:53:30.360 +05:30 [INF] Serilog.AspNetCore.RequestLoggingMiddleware | CorrelationId:b9b9b23a9f984aa9a073cd62d59a6e1a | HTTP GET /api/permissions/roles responded 200 in 236.0988 ms
2026-04-19 12:53:30.380 +05:30 [INF] Serilog.AspNetCore.RequestLoggingMiddleware | CorrelationId:43471183d8154098b48474c32b95697f | HTTP GET /api/permissions/roles responded 200 in 272.9515 ms
2026-04-19 12:53:43.559 +05:30 [INF] Serilog.AspNetCore.RequestLoggingMiddleware | CorrelationId:6ccf95d625134be6adb22f9c72817e8e | HTTP OPTIONS /api/students responded 204 in 0.1760 ms
2026-04-19 12:53:43.564 +05:30 [INF] Serilog.AspNetCore.RequestLoggingMiddleware | CorrelationId:45037e3af1a045ddaea7da95e44c9277 | HTTP OPTIONS /api/staff responded 204 in 0.1208 ms
2026-04-19 12:53:43.565 +05:30 [INF] Serilog.AspNetCore.RequestLoggingMiddleware | CorrelationId:12926dc3c51c49749076707d7ed3ea94 | HTTP OPTIONS /api/Attendance/records responded 204 in 0.0687 ms
2026-04-19 12:53:43.566 +05:30 [INF] Serilog.AspNetCore.RequestLoggingMiddleware | CorrelationId:aaac5b8cdeb74fdc9c63b9b1207c3d5f | HTTP OPTIONS /api/fees/stats responded 204 in 0.0410 ms
2026-04-19 12:53:43.566 +05:30 [INF] Serilog.AspNetCore.RequestLoggingMiddleware | CorrelationId:0f5fe9ca45ff451eaf485700de0ea845 | HTTP OPTIONS /api/students responded 204 in 0.0535 ms
2026-04-19 12:53:43.566 +05:30 [INF] Serilog.AspNetCore.RequestLoggingMiddleware | CorrelationId:dfc8eec818b34b66b2b7bdf7c929a42a | HTTP OPTIONS /api/staff responded 204 in 0.0281 ms
2026-04-19 12:53:43.726 +05:30 [INF] Serilog.AspNetCore.RequestLoggingMiddleware | CorrelationId:6fe725d366014c0d9459290099ed733f | HTTP OPTIONS /api/Attendance/records responded 204 in 0.0797 ms
2026-04-19 12:53:43.735 +05:30 [INF] Serilog.AspNetCore.RequestLoggingMiddleware | CorrelationId:037414159af14ee6bb8875a2b3edf43b | HTTP OPTIONS /api/fees/stats responded 204 in 0.0730 ms
2026-04-19 12:53:43.769 +05:30 [INF] SmsApi.Middleware.LoggingActionFilter | CorrelationId:b2ba8483e9104eaf8f106cb5123e3232 | API Request: GET /api/students | User: Unknown | School: 550e8400-e29b-41d4-a716-446655440000
2026-04-19 12:53:43.785 +05:30 [INF] SmsApi.Middleware.LoggingActionFilter | CorrelationId:fb0bc7a920674969981eaf8b054f8ea9 | API Request: GET /api/staff | User: Unknown | School: 550e8400-e29b-41d4-a716-446655440000
2026-04-19 12:53:43.822 +05:30 [INF] SmsApi.Middleware.LoggingActionFilter | CorrelationId:bcd40b5fc76b49328e8cd1bc5097d37c | API Request: GET /api/Attendance/records | User: Unknown | School: 550e8400-e29b-41d4-a716-446655440000
2026-04-19 12:53:43.823 +05:30 [INF] SmsApi.Middleware.LoggingActionFilter | CorrelationId:22b62b924dd140379e87e42e6ce6aaa5 | API Request: GET /api/fees/stats | User: Unknown | School: 550e8400-e29b-41d4-a716-446655440000
2026-04-19 12:53:43.842 +05:30 [INF] SmsApi.Middleware.LoggingActionFilter | CorrelationId:13d4d72dbda34046b0e8ac9a9dfac30b | API Request: GET /api/students | User: Unknown | School: 550e8400-e29b-41d4-a716-446655440000
2026-04-19 12:53:43.875 +05:30 [INF] SmsApi.Middleware.LoggingActionFilter | CorrelationId:b2ba8483e9104eaf8f106cb5123e3232 | API Response: GET /api/students | Status: 200 | Duration: 106ms
2026-04-19 12:53:43.877 +05:30 [INF] SmsApi.Middleware.LoggingActionFilter | CorrelationId:73732afa381d46cda74d4594c0c7ecae | API Request: GET /api/staff | User: Unknown | School: 550e8400-e29b-41d4-a716-446655440000
2026-04-19 12:53:43.926 +05:30 [INF] SmsApi.Middleware.LoggingActionFilter | CorrelationId:fb0bc7a920674969981eaf8b054f8ea9 | API Response: GET /api/staff | Status: 200 | Duration: 140ms
2026-04-19 12:53:43.936 +05:30 [INF] SmsApi.Middleware.LoggingActionFilter | CorrelationId:13d4d72dbda34046b0e8ac9a9dfac30b | API Response: GET /api/students | Status: 200 | Duration: 94ms
2026-04-19 12:53:43.943 +05:30 [INF] SmsApi.Middleware.LoggingActionFilter | CorrelationId:22b62b924dd140379e87e42e6ce6aaa5 | API Response: GET /api/fees/stats | Status: 200 | Duration: 120ms
2026-04-19 12:53:44.004 +05:30 [INF] Serilog.AspNetCore.RequestLoggingMiddleware | CorrelationId:22b62b924dd140379e87e42e6ce6aaa5 | HTTP GET /api/fees/stats responded 200 in 191.7233 ms
2026-04-19 12:53:43.987 +05:30 [INF] SmsApi.Middleware.LoggingActionFilter | CorrelationId:73732afa381d46cda74d4594c0c7ecae | API Response: GET /api/staff | Status: 200 | Duration: 110ms
2026-04-19 12:53:43.990 +05:30 [INF] Serilog.AspNetCore.RequestLoggingMiddleware | CorrelationId:fb0bc7a920674969981eaf8b054f8ea9 | HTTP GET /api/staff responded 200 in 220.4686 ms
2026-04-19 12:53:43.994 +05:30 [INF] SmsApi.Middleware.LoggingActionFilter | CorrelationId:bcd40b5fc76b49328e8cd1bc5097d37c | API Response: GET /api/Attendance/records | Status: 200 | Duration: 172ms
2026-04-19 12:53:44.001 +05:30 [INF] Serilog.AspNetCore.RequestLoggingMiddleware | CorrelationId:13d4d72dbda34046b0e8ac9a9dfac30b | HTTP GET /api/students responded 200 in 161.3396 ms
2026-04-19 12:53:43.953 +05:30 [INF] Serilog.AspNetCore.RequestLoggingMiddleware | CorrelationId:b2ba8483e9104eaf8f106cb5123e3232 | HTTP GET /api/students responded 200 in 198.6511 ms
2026-04-19 12:53:44.025 +05:30 [INF] SmsApi.Middleware.LoggingActionFilter | CorrelationId:244299cd2cfc47cab9b523e4b12e776e | API Request: GET /api/Attendance/records | User: Unknown | School: 550e8400-e29b-41d4-a716-446655440000
2026-04-19 12:53:44.038 +05:30 [INF] Serilog.AspNetCore.RequestLoggingMiddleware | CorrelationId:73732afa381d46cda74d4594c0c7ecae | HTTP GET /api/staff responded 200 in 168.8876 ms
2026-04-19 12:53:44.053 +05:30 [INF] SmsApi.Middleware.LoggingActionFilter | CorrelationId:0739e8b9caee4a0686e9928baf2ddbe2 | API Request: GET /api/fees/stats | User: Unknown | School: 550e8400-e29b-41d4-a716-446655440000
2026-04-19 12:53:44.058 +05:30 [INF] Serilog.AspNetCore.RequestLoggingMiddleware | CorrelationId:bcd40b5fc76b49328e8cd1bc5097d37c | HTTP GET /api/Attendance/records responded 200 in 269.8269 ms
2026-04-19 12:53:44.106 +05:30 [INF] SmsApi.Middleware.LoggingActionFilter | CorrelationId:244299cd2cfc47cab9b523e4b12e776e | API Response: GET /api/Attendance/records | Status: 200 | Duration: 81ms
2026-04-19 12:53:44.127 +05:30 [INF] SmsApi.Middleware.LoggingActionFilter | CorrelationId:0739e8b9caee4a0686e9928baf2ddbe2 | API Response: GET /api/fees/stats | Status: 200 | Duration: 73ms
2026-04-19 12:53:44.153 +05:30 [INF] Serilog.AspNetCore.RequestLoggingMiddleware | CorrelationId:0739e8b9caee4a0686e9928baf2ddbe2 | HTTP GET /api/fees/stats responded 200 in 102.6108 ms
2026-04-19 12:53:44.146 +05:30 [INF] Serilog.AspNetCore.RequestLoggingMiddleware | CorrelationId:244299cd2cfc47cab9b523e4b12e776e | HTTP GET /api/Attendance/records responded 200 in 124.8620 ms
2026-04-19 12:53:56.531 +05:30 [INF] Serilog.AspNetCore.RequestLoggingMiddleware | CorrelationId:b7445098076c4eec87ab9a8364eff261 | HTTP OPTIONS /api/students responded 204 in 0.0275 ms
2026-04-19 12:53:56.531 +05:30 [INF] Serilog.AspNetCore.RequestLoggingMiddleware | CorrelationId:d53f6b4d23b04ab19f0a5b8d9d86aff2 | HTTP OPTIONS /api/students responded 204 in 0.0825 ms
2026-04-19 12:53:56.584 +05:30 [INF] SmsApi.Middleware.LoggingActionFilter | CorrelationId:69fd275d5c654331ab6b26c16cf6b441 | API Request: GET /api/students | User: Unknown | School: 550e8400-e29b-41d4-a716-446655440000
2026-04-19 12:53:56.590 +05:30 [INF] SmsApi.Middleware.LoggingActionFilter | CorrelationId:6ab374738a6b49849c049e79e628f793 | API Request: GET /api/students | User: Unknown | School: 550e8400-e29b-41d4-a716-446655440000
2026-04-19 12:53:56.593 +05:30 [INF] SmsApi.Middleware.LoggingActionFilter | CorrelationId:69fd275d5c654331ab6b26c16cf6b441 | API Response: GET /api/students | Status: 200 | Duration: 9ms
2026-04-19 12:53:56.604 +05:30 [INF] SmsApi.Middleware.LoggingActionFilter | CorrelationId:6ab374738a6b49849c049e79e628f793 | API Response: GET /api/students | Status: 200 | Duration: 14ms
2026-04-19 12:53:56.605 +05:30 [INF] Serilog.AspNetCore.RequestLoggingMiddleware | CorrelationId:69fd275d5c654331ab6b26c16cf6b441 | HTTP GET /api/students responded 200 in 30.0762 ms
2026-04-19 12:53:56.618 +05:30 [INF] Serilog.AspNetCore.RequestLoggingMiddleware | CorrelationId:6ab374738a6b49849c049e79e628f793 | HTTP GET /api/students responded 200 in 31.6668 ms
2026-04-19 12:53:58.896 +05:30 [INF] Serilog.AspNetCore.RequestLoggingMiddleware | CorrelationId:62aedfc02b1948668d609c285bb347f0 | HTTP OPTIONS /api/staff responded 204 in 0.0692 ms
2026-04-19 12:53:58.896 +05:30 [INF] Serilog.AspNetCore.RequestLoggingMiddleware | CorrelationId:598c337f07a946a7b9e4e244cda18f80 | HTTP OPTIONS /api/staff responded 204 in 0.0365 ms
2026-04-19 12:53:58.962 +05:30 [INF] SmsApi.Middleware.LoggingActionFilter | CorrelationId:4257a008c4e64e0aaad5145ef70db290 | API Request: GET /api/staff | User: Unknown | School: 550e8400-e29b-41d4-a716-446655440000
2026-04-19 12:53:58.969 +05:30 [INF] SmsApi.Middleware.LoggingActionFilter | CorrelationId:54a069847365456ebfa98ac43698e138 | API Request: GET /api/staff | User: Unknown | School: 550e8400-e29b-41d4-a716-446655440000
2026-04-19 12:53:58.977 +05:30 [INF] SmsApi.Middleware.LoggingActionFilter | CorrelationId:54a069847365456ebfa98ac43698e138 | API Response: GET /api/staff | Status: 200 | Duration: 7ms
2026-04-19 12:53:58.981 +05:30 [INF] SmsApi.Middleware.LoggingActionFilter | CorrelationId:4257a008c4e64e0aaad5145ef70db290 | API Response: GET /api/staff | Status: 200 | Duration: 18ms
2026-04-19 12:53:59.003 +05:30 [INF] Serilog.AspNetCore.RequestLoggingMiddleware | CorrelationId:4257a008c4e64e0aaad5145ef70db290 | HTTP GET /api/staff responded 200 in 48.1999 ms
2026-04-19 12:53:59.000 +05:30 [INF] Serilog.AspNetCore.RequestLoggingMiddleware | CorrelationId:54a069847365456ebfa98ac43698e138 | HTTP GET /api/staff responded 200 in 33.0067 ms
2026-04-19 13:05:29.002 +05:30 [INF] Serilog.AspNetCore.RequestLoggingMiddleware | CorrelationId:7aaa1d5241c94dc6aaa85e08a762660f | HTTP OPTIONS /api/staff responded 204 in 0.5771 ms
2026-04-19 13:05:29.755 +05:30 [WRN] SmsApi.Infrastructure.Performance.PerformanceMonitoringMiddleware | CorrelationId: | Slow request: OPTIONS /api/staff took 754ms — status 204.
2026-04-19 13:05:29.951 +05:30 [INF] SmsApi.Middleware.LoggingActionFilter | CorrelationId:709b4e21f5404aefb6530cbc8f6cf628 | API Request: GET /api/staff | User: Unknown | School: 550e8400-e29b-41d4-a716-446655440000
2026-04-19 13:05:29.983 +05:30 [INF] SmsApi.Middleware.LoggingActionFilter | CorrelationId:709b4e21f5404aefb6530cbc8f6cf628 | API Response: GET /api/staff | Status: 200 | Duration: 31ms
2026-04-19 13:05:29.997 +05:30 [INF] Serilog.AspNetCore.RequestLoggingMiddleware | CorrelationId:709b4e21f5404aefb6530cbc8f6cf628 | HTTP GET /api/staff responded 200 in 186.6140 ms
2026-04-19 13:08:01.827 +05:30 [INF]  | CorrelationId: | Using distributed in-memory cache (development only)
2026-04-19 13:08:05.307 +05:30 [WRN] Microsoft.EntityFrameworkCore.Model.Validation | CorrelationId: | Entity 'Staff' has a global query filter defined and is the required end of a relationship with the entity 'Certificate'. This may lead to unexpected results when the required entity is filtered out. Either configure the navigation as optional, or define matching query filters for both entities in the navigation. See https://go.microsoft.com/fwlink/?linkid=2131316 for more information.
2026-04-19 13:08:05.308 +05:30 [WRN] Microsoft.EntityFrameworkCore.Model.Validation | CorrelationId: | Entity 'School' has a global query filter defined and is the required end of a relationship with the entity 'CertificateTemplate'. This may lead to unexpected results when the required entity is filtered out. Either configure the navigation as optional, or define matching query filters for both entities in the navigation. See https://go.microsoft.com/fwlink/?linkid=2131316 for more information.
2026-04-19 13:08:05.308 +05:30 [WRN] Microsoft.EntityFrameworkCore.Model.Validation | CorrelationId: | Entity 'School' has a global query filter defined and is the required end of a relationship with the entity 'Document'. This may lead to unexpected results when the required entity is filtered out. Either configure the navigation as optional, or define matching query filters for both entities in the navigation. See https://go.microsoft.com/fwlink/?linkid=2131316 for more information.
2026-04-19 13:08:05.308 +05:30 [WRN] Microsoft.EntityFrameworkCore.Model.Validation | CorrelationId: | Entity 'School' has a global query filter defined and is the required end of a relationship with the entity 'DocumentCategory'. This may lead to unexpected results when the required entity is filtered out. Either configure the navigation as optional, or define matching query filters for both entities in the navigation. See https://go.microsoft.com/fwlink/?linkid=2131316 for more information.
2026-04-19 13:08:05.309 +05:30 [WRN] Microsoft.EntityFrameworkCore.Model.Validation | CorrelationId: | Entity 'School' has a global query filter defined and is the required end of a relationship with the entity 'FeeAuditLog'. This may lead to unexpected results when the required entity is filtered out. Either configure the navigation as optional, or define matching query filters for both entities in the navigation. See https://go.microsoft.com/fwlink/?linkid=2131316 for more information.
2026-04-19 13:08:05.309 +05:30 [WRN] Microsoft.EntityFrameworkCore.Model.Validation | CorrelationId: | Entity 'School' has a global query filter defined and is the required end of a relationship with the entity 'Holiday'. This may lead to unexpected results when the required entity is filtered out. Either configure the navigation as optional, or define matching query filters for both entities in the navigation. See https://go.microsoft.com/fwlink/?linkid=2131316 for more information.
2026-04-19 13:08:05.309 +05:30 [WRN] Microsoft.EntityFrameworkCore.Model.Validation | CorrelationId: | Entity 'School' has a global query filter defined and is the required end of a relationship with the entity 'IDCard'. This may lead to unexpected results when the required entity is filtered out. Either configure the navigation as optional, or define matching query filters for both entities in the navigation. See https://go.microsoft.com/fwlink/?linkid=2131316 for more information.
2026-04-19 13:08:05.309 +05:30 [WRN] Microsoft.EntityFrameworkCore.Model.Validation | CorrelationId: | Entity 'School' has a global query filter defined and is the required end of a relationship with the entity 'IDCardTemplate'. This may lead to unexpected results when the required entity is filtered out. Either configure the navigation as optional, or define matching query filters for both entities in the navigation. See https://go.microsoft.com/fwlink/?linkid=2131316 for more information.
2026-04-19 13:08:05.309 +05:30 [WRN] Microsoft.EntityFrameworkCore.Model.Validation | CorrelationId: | Entity 'UserLogin' has a global query filter defined and is the required end of a relationship with the entity 'PasswordResetToken'. This may lead to unexpected results when the required entity is filtered out. Either configure the navigation as optional, or define matching query filters for both entities in the navigation. See https://go.microsoft.com/fwlink/?linkid=2131316 for more information.
2026-04-19 13:08:05.309 +05:30 [WRN] Microsoft.EntityFrameworkCore.Model.Validation | CorrelationId: | Entity 'School' has a global query filter defined and is the required end of a relationship with the entity 'PromotionHistory'. This may lead to unexpected results when the required entity is filtered out. Either configure the navigation as optional, or define matching query filters for both entities in the navigation. See https://go.microsoft.com/fwlink/?linkid=2131316 for more information.
2026-04-19 13:08:05.449 +05:30 [WRN] Microsoft.EntityFrameworkCore.Model.Validation | CorrelationId: | The foreign key property 'Staff.ReportingToId1' was created in shadow state because a conflicting property with the simple name 'ReportingToId' exists in the entity type, but is either not mapped, is already used for another relationship, or is incompatible with the associated primary key type. See https://aka.ms/efcore-relationships for information on mapping relationships in EF Core.
2026-04-19 13:08:35.402 +05:30 [INF]  | CorrelationId: | Using distributed in-memory cache (development only)
2026-04-19 13:08:38.780 +05:30 [WRN] Microsoft.EntityFrameworkCore.Model.Validation | CorrelationId: | Entity 'Staff' has a global query filter defined and is the required end of a relationship with the entity 'Certificate'. This may lead to unexpected results when the required entity is filtered out. Either configure the navigation as optional, or define matching query filters for both entities in the navigation. See https://go.microsoft.com/fwlink/?linkid=2131316 for more information.
2026-04-19 13:08:39.106 +05:30 [WRN] Microsoft.EntityFrameworkCore.Model.Validation | CorrelationId: | Entity 'School' has a global query filter defined and is the required end of a relationship with the entity 'CertificateTemplate'. This may lead to unexpected results when the required entity is filtered out. Either configure the navigation as optional, or define matching query filters for both entities in the navigation. See https://go.microsoft.com/fwlink/?linkid=2131316 for more information.
2026-04-19 13:08:39.550 +05:30 [WRN] Microsoft.EntityFrameworkCore.Model.Validation | CorrelationId: | Entity 'School' has a global query filter defined and is the required end of a relationship with the entity 'Document'. This may lead to unexpected results when the required entity is filtered out. Either configure the navigation as optional, or define matching query filters for both entities in the navigation. See https://go.microsoft.com/fwlink/?linkid=2131316 for more information.
2026-04-19 13:08:40.236 +05:30 [WRN] Microsoft.EntityFrameworkCore.Model.Validation | CorrelationId: | Entity 'School' has a global query filter defined and is the required end of a relationship with the entity 'DocumentCategory'. This may lead to unexpected results when the required entity is filtered out. Either configure the navigation as optional, or define matching query filters for both entities in the navigation. See https://go.microsoft.com/fwlink/?linkid=2131316 for more information.
2026-04-19 13:08:41.275 +05:30 [WRN] Microsoft.EntityFrameworkCore.Model.Validation | CorrelationId: | Entity 'School' has a global query filter defined and is the required end of a relationship with the entity 'FeeAuditLog'. This may lead to unexpected results when the required entity is filtered out. Either configure the navigation as optional, or define matching query filters for both entities in the navigation. See https://go.microsoft.com/fwlink/?linkid=2131316 for more information.
2026-04-19 13:08:41.867 +05:30 [WRN] Microsoft.EntityFrameworkCore.Model.Validation | CorrelationId: | Entity 'School' has a global query filter defined and is the required end of a relationship with the entity 'Holiday'. This may lead to unexpected results when the required entity is filtered out. Either configure the navigation as optional, or define matching query filters for both entities in the navigation. See https://go.microsoft.com/fwlink/?linkid=2131316 for more information.
2026-04-19 13:08:42.218 +05:30 [WRN] Microsoft.EntityFrameworkCore.Model.Validation | CorrelationId: | Entity 'School' has a global query filter defined and is the required end of a relationship with the entity 'IDCard'. This may lead to unexpected results when the required entity is filtered out. Either configure the navigation as optional, or define matching query filters for both entities in the navigation. See https://go.microsoft.com/fwlink/?linkid=2131316 for more information.
2026-04-19 13:08:42.647 +05:30 [WRN] Microsoft.EntityFrameworkCore.Model.Validation | CorrelationId: | Entity 'School' has a global query filter defined and is the required end of a relationship with the entity 'IDCardTemplate'. This may lead to unexpected results when the required entity is filtered out. Either configure the navigation as optional, or define matching query filters for both entities in the navigation. See https://go.microsoft.com/fwlink/?linkid=2131316 for more information.
2026-04-19 13:08:43.105 +05:30 [WRN] Microsoft.EntityFrameworkCore.Model.Validation | CorrelationId: | Entity 'UserLogin' has a global query filter defined and is the required end of a relationship with the entity 'PasswordResetToken'. This may lead to unexpected results when the required entity is filtered out. Either configure the navigation as optional, or define matching query filters for both entities in the navigation. See https://go.microsoft.com/fwlink/?linkid=2131316 for more information.
2026-04-19 13:08:43.511 +05:30 [WRN] Microsoft.EntityFrameworkCore.Model.Validation | CorrelationId: | Entity 'School' has a global query filter defined and is the required end of a relationship with the entity 'PromotionHistory'. This may lead to unexpected results when the required entity is filtered out. Either configure the navigation as optional, or define matching query filters for both entities in the navigation. See https://go.microsoft.com/fwlink/?linkid=2131316 for more information.
2026-04-19 13:08:44.195 +05:30 [WRN] Microsoft.EntityFrameworkCore.Model.Validation | CorrelationId: | The foreign key property 'Staff.ReportingToId1' was created in shadow state because a conflicting property with the simple name 'ReportingToId' exists in the entity type, but is either not mapped, is already used for another relationship, or is incompatible with the associated primary key type. See https://aka.ms/efcore-relationships for information on mapping relationships in EF Core.
2026-04-19 13:08:47.258 +05:30 [INF] Program | CorrelationId: | Database migrations applied successfully.
2026-04-19 13:08:49.209 +05:30 [INF] Microsoft.Hosting.Lifetime | CorrelationId: | Now listening on: http://localhost:5092
2026-04-19 13:08:49.250 +05:30 [INF] Microsoft.Hosting.Lifetime | CorrelationId: | Application started. Press Ctrl+C to shut down.
2026-04-19 13:08:49.296 +05:30 [INF] Microsoft.Hosting.Lifetime | CorrelationId: | Hosting environment: Development
2026-04-19 13:08:49.362 +05:30 [INF] Microsoft.Hosting.Lifetime | CorrelationId: | Content root path: C:\Vitana\Vitana Group\sms-api
2026-04-19 13:08:52.065 +05:30 [INF] Serilog.AspNetCore.RequestLoggingMiddleware | CorrelationId:729661cf97c3405399e584bab1641b60 | HTTP OPTIONS /api/LeaveManagement/requests responded 204 in 20.7211 ms
2026-04-19 13:08:52.065 +05:30 [INF] Serilog.AspNetCore.RequestLoggingMiddleware | CorrelationId:add22cfaf53c40c393ab2322f4b2ba09 | HTTP OPTIONS /api/LeaveManagement/requests responded 204 in 20.3793 ms
2026-04-19 13:08:52.265 +05:30 [WRN] Microsoft.AspNetCore.HttpsPolicy.HttpsRedirectionMiddleware | CorrelationId:61082c7c57264c4da62a23bb2a7e5be5 | Failed to determine the https port for redirect.
2026-04-19 13:08:52.556 +05:30 [INF] SmsApi.Middleware.LoggingActionFilter | CorrelationId:61082c7c57264c4da62a23bb2a7e5be5 | API Request: GET /api/LeaveManagement/requests | User: Unknown | School: 550e8400-e29b-41d4-a716-446655440000
2026-04-19 13:08:52.556 +05:30 [INF] SmsApi.Middleware.LoggingActionFilter | CorrelationId:9346dc04985749b392e80feca4524956 | API Request: GET /api/LeaveManagement/requests | User: Unknown | School: 550e8400-e29b-41d4-a716-446655440000
2026-04-19 13:08:53.248 +05:30 [INF] SmsApi.Middleware.LoggingActionFilter | CorrelationId:9346dc04985749b392e80feca4524956 | API Response: GET /api/LeaveManagement/requests | Status: 200 | Duration: 693ms
2026-04-19 13:08:53.248 +05:30 [INF] SmsApi.Middleware.LoggingActionFilter | CorrelationId:61082c7c57264c4da62a23bb2a7e5be5 | API Response: GET /api/LeaveManagement/requests | Status: 200 | Duration: 693ms
2026-04-19 13:08:53.527 +05:30 [INF] Serilog.AspNetCore.RequestLoggingMiddleware | CorrelationId:9346dc04985749b392e80feca4524956 | HTTP GET /api/LeaveManagement/requests responded 200 in 1272.7862 ms
2026-04-19 13:08:53.527 +05:30 [INF] Serilog.AspNetCore.RequestLoggingMiddleware | CorrelationId:61082c7c57264c4da62a23bb2a7e5be5 | HTTP GET /api/LeaveManagement/requests responded 200 in 1272.2425 ms
2026-04-19 13:08:54.563 +05:30 [WRN] SmsApi.Infrastructure.Performance.PerformanceMonitoringMiddleware | CorrelationId: | Slow request: GET /api/LeaveManagement/requests took 1259ms — status 200.
2026-04-19 13:08:54.544 +05:30 [WRN] SmsApi.Infrastructure.Performance.PerformanceMonitoringMiddleware | CorrelationId: | Slow request: GET /api/LeaveManagement/requests took 1261ms — status 200.
2026-04-19 13:09:06.029 +05:30 [INF] Serilog.AspNetCore.RequestLoggingMiddleware | CorrelationId:87370c0321bc44a2b119f29398d1d79b | HTTP OPTIONS /api/library/books responded 204 in 0.2262 ms
2026-04-19 13:09:06.031 +05:30 [INF] Serilog.AspNetCore.RequestLoggingMiddleware | CorrelationId:3db9130e846744b5b4cc022a0c717af8 | HTTP OPTIONS /api/library/books responded 204 in 0.0863 ms
2026-04-19 13:09:06.031 +05:30 [INF] Serilog.AspNetCore.RequestLoggingMiddleware | CorrelationId:a4358443399149e496d4a9f32b01f8bf | HTTP OPTIONS /api/library/books responded 204 in 39.2454 ms
2026-04-19 13:09:06.031 +05:30 [INF] Serilog.AspNetCore.RequestLoggingMiddleware | CorrelationId:28b1c366665c417186b7350cb03ea2ee | HTTP OPTIONS /api/library/stats responded 204 in 0.0700 ms
2026-04-19 13:09:06.042 +05:30 [INF] Serilog.AspNetCore.RequestLoggingMiddleware | CorrelationId:606ae1c97a07486a842280cb7a6b7b60 | HTTP OPTIONS /api/library/issues responded 204 in 0.1150 ms
2026-04-19 13:09:06.053 +05:30 [INF] Serilog.AspNetCore.RequestLoggingMiddleware | CorrelationId:dc5df0c61cdc4d06b0a3f96dde57b787 | HTTP OPTIONS /api/library/issues responded 204 in 0.0756 ms
2026-04-19 13:09:06.086 +05:30 [INF] Serilog.AspNetCore.RequestLoggingMiddleware | CorrelationId:81e301b5f58c4b84a21762d89d7038a6 | HTTP OPTIONS /api/library/issues responded 204 in 0.0888 ms
2026-04-19 13:09:06.092 +05:30 [INF] Serilog.AspNetCore.RequestLoggingMiddleware | CorrelationId:06f47ee3f041406395bebed042b58816 | HTTP OPTIONS /api/students responded 204 in 0.0910 ms
2026-04-19 13:09:06.102 +05:30 [INF] Serilog.AspNetCore.RequestLoggingMiddleware | CorrelationId:ae08c791e4614b918b77f48cc9fba82d | HTTP OPTIONS /api/library/books responded 204 in 1.5542 ms
2026-04-19 13:09:06.107 +05:30 [INF] Serilog.AspNetCore.RequestLoggingMiddleware | CorrelationId:7a97e2a1573d44caba3025e20c724dbf | HTTP OPTIONS /api/library/books responded 204 in 0.0940 ms
2026-04-19 13:09:06.113 +05:30 [INF] Serilog.AspNetCore.RequestLoggingMiddleware | CorrelationId:f521e3d34bef42c691c9d3da40bd4732 | HTTP OPTIONS /api/library/issues responded 204 in 0.0953 ms
2026-04-19 13:09:06.121 +05:30 [INF] Serilog.AspNetCore.RequestLoggingMiddleware | CorrelationId:bab8959992d54c8993088f562d8c5ce8 | HTTP OPTIONS /api/library/issues responded 204 in 1.7227 ms
2026-04-19 13:09:06.129 +05:30 [INF] Serilog.AspNetCore.RequestLoggingMiddleware | CorrelationId:355790fd6b3a467788ac35d7d190cdda | HTTP OPTIONS /api/library/stats responded 204 in 0.0639 ms
2026-04-19 13:09:06.137 +05:30 [INF] Serilog.AspNetCore.RequestLoggingMiddleware | CorrelationId:89e275ed8a494f9c97324cce79b4ebfb | HTTP OPTIONS /api/library/books responded 204 in 0.0673 ms
2026-04-19 13:09:06.165 +05:30 [INF] Serilog.AspNetCore.RequestLoggingMiddleware | CorrelationId:9bf7809fdd2d44459f1fb7a682f0d6e7 | HTTP OPTIONS /api/library/issues responded 204 in 0.0872 ms
2026-04-19 13:09:06.204 +05:30 [INF] Serilog.AspNetCore.RequestLoggingMiddleware | CorrelationId:f80aa1f28f124a4e9f888a28549bfe93 | HTTP OPTIONS /api/students responded 204 in 7.4105 ms
2026-04-19 13:09:06.535 +05:30 [INF] SmsApi.Middleware.LoggingActionFilter | CorrelationId:bd19fc3c86844afa864c612ef46bbb05 | API Request: GET /api/library/books | User: Unknown | School: 550e8400-e29b-41d4-a716-446655440000
2026-04-19 13:09:06.535 +05:30 [INF] SmsApi.Middleware.LoggingActionFilter | CorrelationId:faac75069c9b47ecb09c56b48546f1ea | API Request: GET /api/library/books | User: Unknown | School: 550e8400-e29b-41d4-a716-446655440000
2026-04-19 13:09:06.561 +05:30 [INF] SmsApi.Middleware.LoggingActionFilter | CorrelationId:830e2a2dd3d84cfb9254da45e80f415e | API Request: GET /api/library/books | User: Unknown | School: 550e8400-e29b-41d4-a716-446655440000
2026-04-19 13:09:06.561 +05:30 [INF] SmsApi.Middleware.LoggingActionFilter | CorrelationId:26b90cfdab8048e9a561ce1735df067e | API Request: GET /api/library/stats | User: Unknown | School: 550e8400-e29b-41d4-a716-446655440000
2026-04-19 13:09:06.561 +05:30 [INF] SmsApi.Middleware.LoggingActionFilter | CorrelationId:432173bcdb6b4beb8fa883cd70406b74 | API Request: GET /api/library/issues | User: Unknown | School: 550e8400-e29b-41d4-a716-446655440000
2026-04-19 13:09:06.574 +05:30 [INF] SmsApi.Middleware.LoggingActionFilter | CorrelationId:bf2a8456ac884e7c90c443fc77a3e927 | API Request: GET /api/library/issues | User: Unknown | School: 550e8400-e29b-41d4-a716-446655440000
2026-04-19 13:09:06.740 +05:30 [INF] SmsApi.Middleware.LoggingActionFilter | CorrelationId:bd19fc3c86844afa864c612ef46bbb05 | API Response: GET /api/library/books | Status: 200 | Duration: 205ms
2026-04-19 13:09:06.743 +05:30 [INF] SmsApi.Middleware.LoggingActionFilter | CorrelationId:830e2a2dd3d84cfb9254da45e80f415e | API Response: GET /api/library/books | Status: 200 | Duration: 182ms
2026-04-19 13:09:06.743 +05:30 [INF] SmsApi.Middleware.LoggingActionFilter | CorrelationId:faac75069c9b47ecb09c56b48546f1ea | API Response: GET /api/library/books | Status: 200 | Duration: 208ms
2026-04-19 13:09:06.831 +05:30 [INF] SmsApi.Middleware.LoggingActionFilter | CorrelationId:432173bcdb6b4beb8fa883cd70406b74 | API Response: GET /api/library/issues | Status: 200 | Duration: 269ms
2026-04-19 13:09:06.904 +05:30 [INF] SmsApi.Middleware.LoggingActionFilter | CorrelationId:bf2a8456ac884e7c90c443fc77a3e927 | API Response: GET /api/library/issues | Status: 200 | Duration: 330ms
2026-04-19 13:09:06.912 +05:30 [INF] Serilog.AspNetCore.RequestLoggingMiddleware | CorrelationId:bd19fc3c86844afa864c612ef46bbb05 | HTTP GET /api/library/books responded 200 in 702.2142 ms
2026-04-19 13:09:06.912 +05:30 [INF] Serilog.AspNetCore.RequestLoggingMiddleware | CorrelationId:830e2a2dd3d84cfb9254da45e80f415e | HTTP GET /api/library/books responded 200 in 642.1069 ms
2026-04-19 13:09:06.927 +05:30 [INF] SmsApi.Middleware.LoggingActionFilter | CorrelationId:26b90cfdab8048e9a561ce1735df067e | API Response: GET /api/library/stats | Status: 200 | Duration: 365ms
2026-04-19 13:09:06.929 +05:30 [INF] Serilog.AspNetCore.RequestLoggingMiddleware | CorrelationId:faac75069c9b47ecb09c56b48546f1ea | HTTP GET /api/library/books responded 200 in 700.7487 ms
2026-04-19 13:09:06.942 +05:30 [INF] Serilog.AspNetCore.RequestLoggingMiddleware | CorrelationId:bf2a8456ac884e7c90c443fc77a3e927 | HTTP GET /api/library/issues responded 200 in 371.6456 ms
2026-04-19 13:09:06.942 +05:30 [INF] Serilog.AspNetCore.RequestLoggingMiddleware | CorrelationId:432173bcdb6b4beb8fa883cd70406b74 | HTTP GET /api/library/issues responded 200 in 623.1903 ms
2026-04-19 13:09:06.948 +05:30 [WRN] SmsApi.Infrastructure.Performance.PerformanceMonitoringMiddleware | CorrelationId: | Slow request: GET /api/library/books took 702ms — status 200.
2026-04-19 13:09:06.955 +05:30 [WRN] SmsApi.Infrastructure.Performance.PerformanceMonitoringMiddleware | CorrelationId: | Slow request: GET /api/library/books took 642ms — status 200.
2026-04-19 13:09:06.980 +05:30 [INF] Serilog.AspNetCore.RequestLoggingMiddleware | CorrelationId:26b90cfdab8048e9a561ce1735df067e | HTTP GET /api/library/stats responded 200 in 692.2115 ms
2026-04-19 13:09:06.984 +05:30 [WRN] SmsApi.Infrastructure.Performance.PerformanceMonitoringMiddleware | CorrelationId: | Slow request: GET /api/library/books took 700ms — status 200.
2026-04-19 13:09:07.022 +05:30 [WRN] SmsApi.Infrastructure.Performance.PerformanceMonitoringMiddleware | CorrelationId: | Slow request: GET /api/library/issues took 623ms — status 200.
2026-04-19 13:09:07.057 +05:30 [INF] SmsApi.Middleware.LoggingActionFilter | CorrelationId:e68940d26c0c45d2b5cdae2bc1706c27 | API Request: GET /api/library/issues | User: Unknown | School: 550e8400-e29b-41d4-a716-446655440000
2026-04-19 13:09:07.071 +05:30 [WRN] SmsApi.Infrastructure.Performance.PerformanceMonitoringMiddleware | CorrelationId: | Slow request: GET /api/library/stats took 692ms — status 200.
2026-04-19 13:09:07.119 +05:30 [INF] SmsApi.Middleware.LoggingActionFilter | CorrelationId:8b6b0d1614d6467e942e2a8fc9ce1db1 | API Request: GET /api/library/books | User: Unknown | School: 550e8400-e29b-41d4-a716-446655440000
2026-04-19 13:09:07.155 +05:30 [INF] SmsApi.Middleware.LoggingActionFilter | CorrelationId:e68940d26c0c45d2b5cdae2bc1706c27 | API Response: GET /api/library/issues | Status: 200 | Duration: 98ms
2026-04-19 13:09:07.151 +05:30 [INF] SmsApi.Middleware.LoggingActionFilter | CorrelationId:00deaa634b9f435b8b76f7960f429fe7 | API Request: GET /api/library/books | User: Unknown | School: 550e8400-e29b-41d4-a716-446655440000
2026-04-19 13:09:07.130 +05:30 [WRN] LuckyPennySoftware.MediatR.License | CorrelationId:8ff281c4172043af928496ca6213ba41 | You do not have a valid license key for the Lucky Penny software MediatR. This is allowed for development and testing scenarios. If you are running in production you are required to have a licensed version. Please visit https://luckypennysoftware.com to obtain a valid license.
2026-04-19 13:09:07.168 +05:30 [INF] SmsApi.Middleware.LoggingActionFilter | CorrelationId:ba4c6480ad0843b78c43b721808630b8 | API Request: GET /api/library/issues | User: Unknown | School: 550e8400-e29b-41d4-a716-446655440000
2026-04-19 13:09:07.217 +05:30 [INF] Serilog.AspNetCore.RequestLoggingMiddleware | CorrelationId:e68940d26c0c45d2b5cdae2bc1706c27 | HTTP GET /api/library/issues responded 200 in 175.2129 ms
2026-04-19 13:09:07.225 +05:30 [INF] SmsApi.Middleware.LoggingActionFilter | CorrelationId:8ff281c4172043af928496ca6213ba41 | API Request: GET /api/students | User: Unknown | School: 550e8400-e29b-41d4-a716-446655440000
2026-04-19 13:09:07.230 +05:30 [INF] SmsApi.Middleware.LoggingActionFilter | CorrelationId:8b6b0d1614d6467e942e2a8fc9ce1db1 | API Response: GET /api/library/books | Status: 200 | Duration: 110ms
2026-04-19 13:09:07.236 +05:30 [INF] SmsApi.Middleware.LoggingActionFilter | CorrelationId:00deaa634b9f435b8b76f7960f429fe7 | API Response: GET /api/library/books | Status: 200 | Duration: 85ms
2026-04-19 13:09:07.280 +05:30 [INF] SmsApi.Middleware.LoggingActionFilter | CorrelationId:ba4c6480ad0843b78c43b721808630b8 | API Response: GET /api/library/issues | Status: 200 | Duration: 112ms
2026-04-19 13:09:07.356 +05:30 [INF] Serilog.AspNetCore.RequestLoggingMiddleware | CorrelationId:8b6b0d1614d6467e942e2a8fc9ce1db1 | HTTP GET /api/library/books responded 200 in 245.2760 ms
2026-04-19 13:09:07.366 +05:30 [INF] Serilog.AspNetCore.RequestLoggingMiddleware | CorrelationId:00deaa634b9f435b8b76f7960f429fe7 | HTTP GET /api/library/books responded 200 in 220.6094 ms
2026-04-19 13:09:07.372 +05:30 [INF] Serilog.AspNetCore.RequestLoggingMiddleware | CorrelationId:ba4c6480ad0843b78c43b721808630b8 | HTTP GET /api/library/issues responded 200 in 219.0387 ms
2026-04-19 13:09:07.431 +05:30 [INF] SmsApi.Middleware.LoggingActionFilter | CorrelationId:e33fb4a79fd5443cbdd474d520ca2737 | API Request: GET /api/library/issues | User: Unknown | School: 550e8400-e29b-41d4-a716-446655440000
2026-04-19 13:09:07.446 +05:30 [INF] SmsApi.Middleware.LoggingActionFilter | CorrelationId:8ff281c4172043af928496ca6213ba41 | API Response: GET /api/students | Status: 200 | Duration: 220ms
2026-04-19 13:09:07.466 +05:30 [INF] Serilog.AspNetCore.RequestLoggingMiddleware | CorrelationId:3cc39946cef54538b245b3f5e217bca2 | HTTP OPTIONS /api/library/books responded 204 in 0.0673 ms
2026-04-19 13:09:07.524 +05:30 [INF] SmsApi.Middleware.LoggingActionFilter | CorrelationId:f62f33da7b1a4fa3b248f13169048788 | API Request: GET /api/library/stats | User: Unknown | School: 550e8400-e29b-41d4-a716-446655440000
2026-04-19 13:09:07.524 +05:30 [INF] SmsApi.Middleware.LoggingActionFilter | CorrelationId:32fea7b7d55d48e6afd27d5e4d2945ca | API Request: GET /api/library/books | User: Unknown | School: 550e8400-e29b-41d4-a716-446655440000
2026-04-19 13:09:07.527 +05:30 [INF] SmsApi.Middleware.LoggingActionFilter | CorrelationId:c2cbc8383dfe4eeb9557dd540b144ec7 | API Request: GET /api/library/issues | User: Unknown | School: 550e8400-e29b-41d4-a716-446655440000
2026-04-19 13:09:07.585 +05:30 [INF] SmsApi.Middleware.LoggingActionFilter | CorrelationId:e33fb4a79fd5443cbdd474d520ca2737 | API Response: GET /api/library/issues | Status: 200 | Duration: 153ms
2026-04-19 13:09:07.587 +05:30 [INF] Serilog.AspNetCore.RequestLoggingMiddleware | CorrelationId:8ff281c4172043af928496ca6213ba41 | HTTP GET /api/students responded 200 in 486.7568 ms
2026-04-19 13:09:07.608 +05:30 [INF] SmsApi.Middleware.LoggingActionFilter | CorrelationId:ccf4d217d3fc44c3b694c3ee02593c20 | API Request: GET /api/students | User: Unknown | School: 550e8400-e29b-41d4-a716-446655440000
2026-04-19 13:09:07.621 +05:30 [INF] SmsApi.Middleware.LoggingActionFilter | CorrelationId:32fea7b7d55d48e6afd27d5e4d2945ca | API Response: GET /api/library/books | Status: 200 | Duration: 96ms
2026-04-19 13:09:07.624 +05:30 [INF] SmsApi.Middleware.LoggingActionFilter | CorrelationId:c2cbc8383dfe4eeb9557dd540b144ec7 | API Response: GET /api/library/issues | Status: 200 | Duration: 96ms
2026-04-19 13:09:07.626 +05:30 [INF] Serilog.AspNetCore.RequestLoggingMiddleware | CorrelationId:e33fb4a79fd5443cbdd474d520ca2737 | HTTP GET /api/library/issues responded 200 in 242.5340 ms
2026-04-19 13:09:07.633 +05:30 [INF] SmsApi.Middleware.LoggingActionFilter | CorrelationId:f62f33da7b1a4fa3b248f13169048788 | API Response: GET /api/library/stats | Status: 200 | Duration: 108ms
2026-04-19 13:09:07.680 +05:30 [INF] SmsApi.Middleware.LoggingActionFilter | CorrelationId:592439db364f49d9a1f662894f16a393 | API Request: GET /api/library/books | User: Unknown | School: 550e8400-e29b-41d4-a716-446655440000
2026-04-19 13:09:07.735 +05:30 [INF] Serilog.AspNetCore.RequestLoggingMiddleware | CorrelationId:32fea7b7d55d48e6afd27d5e4d2945ca | HTTP GET /api/library/books responded 200 in 214.1225 ms
2026-04-19 13:09:07.753 +05:30 [INF] SmsApi.Middleware.LoggingActionFilter | CorrelationId:ccf4d217d3fc44c3b694c3ee02593c20 | API Response: GET /api/students | Status: 200 | Duration: 144ms
2026-04-19 13:09:07.820 +05:30 [INF] Serilog.AspNetCore.RequestLoggingMiddleware | CorrelationId:ccf4d217d3fc44c3b694c3ee02593c20 | HTTP GET /api/students responded 200 in 226.1475 ms
2026-04-19 13:09:07.785 +05:30 [INF] Serilog.AspNetCore.RequestLoggingMiddleware | CorrelationId:f62f33da7b1a4fa3b248f13169048788 | HTTP GET /api/library/stats responded 200 in 273.0179 ms
2026-04-19 13:09:07.800 +05:30 [INF] SmsApi.Middleware.LoggingActionFilter | CorrelationId:592439db364f49d9a1f662894f16a393 | API Response: GET /api/library/books | Status: 200 | Duration: 119ms
2026-04-19 13:09:07.754 +05:30 [INF] Serilog.AspNetCore.RequestLoggingMiddleware | CorrelationId:c2cbc8383dfe4eeb9557dd540b144ec7 | HTTP GET /api/library/issues responded 200 in 231.9745 ms
2026-04-19 13:09:07.911 +05:30 [INF] Serilog.AspNetCore.RequestLoggingMiddleware | CorrelationId:592439db364f49d9a1f662894f16a393 | HTTP GET /api/library/books responded 200 in 262.4163 ms
2026-04-19 13:09:09.918 +05:30 [INF] Serilog.AspNetCore.RequestLoggingMiddleware | CorrelationId:21c813b2d8a145ef8e912b072945070c | HTTP OPTIONS /api/permissions/roles responded 204 in 0.1855 ms
2026-04-19 13:09:09.921 +05:30 [INF] Serilog.AspNetCore.RequestLoggingMiddleware | CorrelationId:c931c81566ca433282a40d4cc4cbf2dc | HTTP OPTIONS /api/permissions/stats responded 204 in 2.1573 ms
2026-04-19 13:09:09.927 +05:30 [INF] Serilog.AspNetCore.RequestLoggingMiddleware | CorrelationId:3cdc8b7776d64d589a281e1f8b8a0cca | HTTP OPTIONS /api/permissions/roles responded 204 in 0.0638 ms
2026-04-19 13:09:09.980 +05:30 [INF] Serilog.AspNetCore.RequestLoggingMiddleware | CorrelationId:12b854ffe44947da9e0bc42113dcce43 | HTTP OPTIONS /api/permissions/stats responded 204 in 0.0549 ms
2026-04-19 13:09:10.187 +05:30 [INF] SmsApi.Middleware.LoggingActionFilter | CorrelationId:c79b67eaa30f4406bde574bf80e4bbdd | API Request: GET /api/permissions/stats | User: Unknown | School: 550e8400-e29b-41d4-a716-446655440000
2026-04-19 13:09:10.189 +05:30 [INF] SmsApi.Middleware.LoggingActionFilter | CorrelationId:b98ca583ba1845fea2162eecfc214de8 | API Request: GET /api/permissions/roles | User: Unknown | School: 550e8400-e29b-41d4-a716-446655440000
2026-04-19 13:09:10.190 +05:30 [INF] SmsApi.Middleware.LoggingActionFilter | CorrelationId:33b11f2783e74d228d486ea79f71fd1c | API Request: GET /api/permissions/roles | User: Unknown | School: 550e8400-e29b-41d4-a716-446655440000
2026-04-19 13:09:10.214 +05:30 [INF] SmsApi.Middleware.LoggingActionFilter | CorrelationId:0a51b0b087b94dca934b4e9d5809b0ee | API Request: GET /api/permissions/stats | User: Unknown | School: 550e8400-e29b-41d4-a716-446655440000
2026-04-19 13:09:10.332 +05:30 [INF] SmsApi.Middleware.LoggingActionFilter | CorrelationId:0a51b0b087b94dca934b4e9d5809b0ee | API Response: GET /api/permissions/stats | Status: 200 | Duration: 122ms
2026-04-19 13:09:10.338 +05:30 [INF] SmsApi.Middleware.LoggingActionFilter | CorrelationId:c79b67eaa30f4406bde574bf80e4bbdd | API Response: GET /api/permissions/stats | Status: 200 | Duration: 149ms
2026-04-19 13:09:10.373 +05:30 [INF] SmsApi.Middleware.LoggingActionFilter | CorrelationId:b98ca583ba1845fea2162eecfc214de8 | API Response: GET /api/permissions/roles | Status: 200 | Duration: 183ms
2026-04-19 13:09:10.374 +05:30 [INF] SmsApi.Middleware.LoggingActionFilter | CorrelationId:33b11f2783e74d228d486ea79f71fd1c | API Response: GET /api/permissions/roles | Status: 200 | Duration: 183ms
2026-04-19 13:09:10.403 +05:30 [INF] Serilog.AspNetCore.RequestLoggingMiddleware | CorrelationId:c79b67eaa30f4406bde574bf80e4bbdd | HTTP GET /api/permissions/stats responded 200 in 366.7433 ms
2026-04-19 13:09:10.403 +05:30 [INF] Serilog.AspNetCore.RequestLoggingMiddleware | CorrelationId:0a51b0b087b94dca934b4e9d5809b0ee | HTTP GET /api/permissions/stats responded 200 in 198.2051 ms
2026-04-19 13:09:10.421 +05:30 [INF] Serilog.AspNetCore.RequestLoggingMiddleware | CorrelationId:33b11f2783e74d228d486ea79f71fd1c | HTTP GET /api/permissions/roles responded 200 in 387.9789 ms
2026-04-19 13:09:10.433 +05:30 [INF] Serilog.AspNetCore.RequestLoggingMiddleware | CorrelationId:b98ca583ba1845fea2162eecfc214de8 | HTTP GET /api/permissions/roles responded 200 in 383.5290 ms
2026-04-19 13:09:11.067 +05:30 [INF] Serilog.AspNetCore.RequestLoggingMiddleware | CorrelationId:555fa651704a4ee3989cc3138cf50d8b | HTTP POST /api/Auth/login responded 400 in 107.4577 ms
2026-04-19 13:09:11.114 +05:30 [INF] Serilog.AspNetCore.RequestLoggingMiddleware | CorrelationId:11e8c43abf0c4942949f6793f82d3806 | HTTP GET /api/LeaveManagement/types responded 401 in 3.6429 ms
2026-04-19 13:09:13.212 +05:30 [INF] Serilog.AspNetCore.RequestLoggingMiddleware | CorrelationId:5179dcc649cf4bda930d682397b29381 | HTTP OPTIONS /api/fees/records responded 204 in 0.1644 ms
2026-04-19 13:09:13.212 +05:30 [INF] Serilog.AspNetCore.RequestLoggingMiddleware | CorrelationId:4870ad22a583412ebd7c9a19c609a0ca | HTTP OPTIONS /api/fees/stats responded 204 in 0.0225 ms
2026-04-19 13:09:13.212 +05:30 [INF] Serilog.AspNetCore.RequestLoggingMiddleware | CorrelationId:d19326265c7349028a8b8e166601ce25 | HTTP OPTIONS /api/fees/structures responded 204 in 0.1498 ms
2026-04-19 13:09:13.215 +05:30 [INF] Serilog.AspNetCore.RequestLoggingMiddleware | CorrelationId:851d327b0bef45b9853ba077e77e4884 | HTTP OPTIONS /api/fees/records responded 204 in 0.5055 ms
2026-04-19 13:09:13.435 +05:30 [INF] Serilog.AspNetCore.RequestLoggingMiddleware | CorrelationId:ff58e1ce834a4cfbb932517fca8a5973 | HTTP OPTIONS /api/fees/structures responded 204 in 0.0581 ms
2026-04-19 13:09:13.435 +05:30 [INF] Serilog.AspNetCore.RequestLoggingMiddleware | CorrelationId:82dd73a58c4943d19f65e2f700351460 | HTTP OPTIONS /api/fees/stats responded 204 in 0.0553 ms
2026-04-19 13:09:13.497 +05:30 [INF] SmsApi.Middleware.LoggingActionFilter | CorrelationId:3511c2ef9e944f998a75b19773518a29 | API Request: GET /api/fees/structures | User: Unknown | School: 550e8400-e29b-41d4-a716-446655440000
2026-04-19 13:09:13.497 +05:30 [INF] SmsApi.Middleware.LoggingActionFilter | CorrelationId:52d2e147fd504f11b6bf8a96a263d9dd | API Request: GET /api/fees/records | User: Unknown | School: 550e8400-e29b-41d4-a716-446655440000
2026-04-19 13:09:13.497 +05:30 [INF] SmsApi.Middleware.LoggingActionFilter | CorrelationId:a41087d7de584987a3c8a7759ddb1c14 | API Request: GET /api/fees/stats | User: Unknown | School: 550e8400-e29b-41d4-a716-446655440000
2026-04-19 13:09:13.509 +05:30 [INF] SmsApi.Middleware.LoggingActionFilter | CorrelationId:d1ef162b58164340b94fb032df74630c | API Request: GET /api/fees/records | User: Unknown | School: 550e8400-e29b-41d4-a716-446655440000
2026-04-19 13:09:13.544 +05:30 [INF] SmsApi.Middleware.LoggingActionFilter | CorrelationId:db4d97be3fd74222b91e39c6c92bcf5c | API Request: GET /api/fees/structures | User: Unknown | School: 550e8400-e29b-41d4-a716-446655440000
2026-04-19 13:09:13.563 +05:30 [INF] SmsApi.Middleware.LoggingActionFilter | CorrelationId:3511c2ef9e944f998a75b19773518a29 | API Response: GET /api/fees/structures | Status: 200 | Duration: 65ms
2026-04-19 13:09:13.605 +05:30 [INF] SmsApi.Middleware.LoggingActionFilter | CorrelationId:4ff83d2028844f92ab77b5b78eb123fd | API Request: GET /api/fees/stats | User: Unknown | School: 550e8400-e29b-41d4-a716-446655440000
2026-04-19 13:09:13.646 +05:30 [INF] Serilog.AspNetCore.RequestLoggingMiddleware | CorrelationId:3511c2ef9e944f998a75b19773518a29 | HTTP GET /api/fees/structures responded 200 in 176.5580 ms
2026-04-19 13:09:13.667 +05:30 [INF] SmsApi.Middleware.LoggingActionFilter | CorrelationId:db4d97be3fd74222b91e39c6c92bcf5c | API Response: GET /api/fees/structures | Status: 200 | Duration: 123ms
2026-04-19 13:09:13.692 +05:30 [INF] SmsApi.Middleware.LoggingActionFilter | CorrelationId:a41087d7de584987a3c8a7759ddb1c14 | API Response: GET /api/fees/stats | Status: 200 | Duration: 194ms
2026-04-19 13:09:13.710 +05:30 [INF] SmsApi.Services.FeeService | CorrelationId:52d2e147fd504f11b6bf8a96a263d9dd | Late fee calculation with partial payment: Total=18000.00, Paid=6000.00, Remaining=12000.00
2026-04-19 13:09:13.715 +05:30 [INF] SmsApi.Services.FeeService | CorrelationId:d1ef162b58164340b94fb032df74630c | Late fee calculation with partial payment: Total=18000.00, Paid=6000.00, Remaining=12000.00
2026-04-19 13:09:13.717 +05:30 [INF] Serilog.AspNetCore.RequestLoggingMiddleware | CorrelationId:db4d97be3fd74222b91e39c6c92bcf5c | HTTP GET /api/fees/structures responded 200 in 213.5178 ms
2026-04-19 13:09:13.738 +05:30 [INF] SmsApi.Middleware.LoggingActionFilter | CorrelationId:4ff83d2028844f92ab77b5b78eb123fd | API Response: GET /api/fees/stats | Status: 200 | Duration: 132ms
2026-04-19 13:09:13.741 +05:30 [INF] Serilog.AspNetCore.RequestLoggingMiddleware | CorrelationId:a41087d7de584987a3c8a7759ddb1c14 | HTTP GET /api/fees/stats responded 200 in 266.3871 ms
2026-04-19 13:09:13.745 +05:30 [WRN] SmsApi.Services.FeeService | CorrelationId:52d2e147fd504f11b6bf8a96a263d9dd | No late fee configuration found for school 550e8400-e29b-41d4-a716-446655440000
2026-04-19 13:09:13.750 +05:30 [WRN] SmsApi.Services.FeeService | CorrelationId:d1ef162b58164340b94fb032df74630c | No late fee configuration found for school 550e8400-e29b-41d4-a716-446655440000
2026-04-19 13:09:13.757 +05:30 [INF] Serilog.AspNetCore.RequestLoggingMiddleware | CorrelationId:4ff83d2028844f92ab77b5b78eb123fd | HTTP GET /api/fees/stats responded 200 in 159.7015 ms
2026-04-19 13:09:13.779 +05:30 [INF] SmsApi.Services.FeeService | CorrelationId:52d2e147fd504f11b6bf8a96a263d9dd | Late fee calculation with partial payment: Total=20000.00, Paid=12000.00, Remaining=8000.00
2026-04-19 13:09:13.790 +05:30 [INF] SmsApi.Services.FeeService | CorrelationId:d1ef162b58164340b94fb032df74630c | Late fee calculation with partial payment: Total=20000.00, Paid=12000.00, Remaining=8000.00
2026-04-19 13:09:13.813 +05:30 [WRN] SmsApi.Services.FeeService | CorrelationId:52d2e147fd504f11b6bf8a96a263d9dd | No late fee configuration found for school 550e8400-e29b-41d4-a716-446655440000
2026-04-19 13:09:13.815 +05:30 [WRN] SmsApi.Services.FeeService | CorrelationId:d1ef162b58164340b94fb032df74630c | No late fee configuration found for school 550e8400-e29b-41d4-a716-446655440000
2026-04-19 13:09:13.818 +05:30 [INF] SmsApi.Services.FeeService | CorrelationId:52d2e147fd504f11b6bf8a96a263d9dd | Late fee calculation with partial payment: Total=12000.00, Paid=6000.00, Remaining=6000.00
2026-04-19 13:09:13.821 +05:30 [INF] SmsApi.Services.FeeService | CorrelationId:d1ef162b58164340b94fb032df74630c | Late fee calculation with partial payment: Total=12000.00, Paid=6000.00, Remaining=6000.00
2026-04-19 13:09:13.825 +05:30 [WRN] SmsApi.Services.FeeService | CorrelationId:52d2e147fd504f11b6bf8a96a263d9dd | No late fee configuration found for school 550e8400-e29b-41d4-a716-446655440000
2026-04-19 13:09:13.832 +05:30 [WRN] SmsApi.Services.FeeService | CorrelationId:d1ef162b58164340b94fb032df74630c | No late fee configuration found for school 550e8400-e29b-41d4-a716-446655440000
2026-04-19 13:09:13.832 +05:30 [INF] SmsApi.Services.FeeService | CorrelationId:52d2e147fd504f11b6bf8a96a263d9dd | Late fee calculation with partial payment: Total=12000.00, Paid=6000.00, Remaining=6000.00
2026-04-19 13:09:13.836 +05:30 [INF] SmsApi.Services.FeeService | CorrelationId:d1ef162b58164340b94fb032df74630c | Late fee calculation with partial payment: Total=12000.00, Paid=6000.00, Remaining=6000.00
2026-04-19 13:09:13.840 +05:30 [WRN] SmsApi.Services.FeeService | CorrelationId:52d2e147fd504f11b6bf8a96a263d9dd | No late fee configuration found for school 550e8400-e29b-41d4-a716-446655440000
2026-04-19 13:09:13.841 +05:30 [WRN] SmsApi.Services.FeeService | CorrelationId:d1ef162b58164340b94fb032df74630c | No late fee configuration found for school 550e8400-e29b-41d4-a716-446655440000
2026-04-19 13:09:13.849 +05:30 [WRN] SmsApi.Services.FeeService | CorrelationId:52d2e147fd504f11b6bf8a96a263d9dd | No late fee configuration found for school 550e8400-e29b-41d4-a716-446655440000
2026-04-19 13:09:13.854 +05:30 [WRN] SmsApi.Services.FeeService | CorrelationId:d1ef162b58164340b94fb032df74630c | No late fee configuration found for school 550e8400-e29b-41d4-a716-446655440000
2026-04-19 13:09:13.856 +05:30 [INF] SmsApi.Services.FeeService | CorrelationId:52d2e147fd504f11b6bf8a96a263d9dd | Late fee calculation with partial payment: Total=12000.00, Paid=6000.00, Remaining=6000.00
2026-04-19 13:09:13.863 +05:30 [INF] SmsApi.Services.FeeService | CorrelationId:d1ef162b58164340b94fb032df74630c | Late fee calculation with partial payment: Total=12000.00, Paid=6000.00, Remaining=6000.00
2026-04-19 13:09:13.863 +05:30 [WRN] SmsApi.Services.FeeService | CorrelationId:52d2e147fd504f11b6bf8a96a263d9dd | No late fee configuration found for school 550e8400-e29b-41d4-a716-446655440000
2026-04-19 13:09:13.874 +05:30 [WRN] SmsApi.Services.FeeService | CorrelationId:d1ef162b58164340b94fb032df74630c | No late fee configuration found for school 550e8400-e29b-41d4-a716-446655440000
2026-04-19 13:09:13.881 +05:30 [INF] SmsApi.Services.FeeService | CorrelationId:52d2e147fd504f11b6bf8a96a263d9dd | Late fee calculation with partial payment: Total=12000.00, Paid=6000.00, Remaining=6000.00
2026-04-19 13:09:13.884 +05:30 [INF] SmsApi.Services.FeeService | CorrelationId:d1ef162b58164340b94fb032df74630c | Late fee calculation with partial payment: Total=12000.00, Paid=6000.00, Remaining=6000.00
2026-04-19 13:09:13.887 +05:30 [WRN] SmsApi.Services.FeeService | CorrelationId:52d2e147fd504f11b6bf8a96a263d9dd | No late fee configuration found for school 550e8400-e29b-41d4-a716-446655440000
2026-04-19 13:09:13.890 +05:30 [WRN] SmsApi.Services.FeeService | CorrelationId:d1ef162b58164340b94fb032df74630c | No late fee configuration found for school 550e8400-e29b-41d4-a716-446655440000
2026-04-19 13:09:13.896 +05:30 [WRN] SmsApi.Services.FeeService | CorrelationId:52d2e147fd504f11b6bf8a96a263d9dd | No late fee configuration found for school 550e8400-e29b-41d4-a716-446655440000
2026-04-19 13:09:13.897 +05:30 [WRN] SmsApi.Services.FeeService | CorrelationId:d1ef162b58164340b94fb032df74630c | No late fee configuration found for school 550e8400-e29b-41d4-a716-446655440000
2026-04-19 13:09:13.938 +05:30 [WRN] SmsApi.Services.FeeService | CorrelationId:52d2e147fd504f11b6bf8a96a263d9dd | No late fee configuration found for school 550e8400-e29b-41d4-a716-446655440000
2026-04-19 13:09:13.941 +05:30 [WRN] SmsApi.Services.FeeService | CorrelationId:d1ef162b58164340b94fb032df74630c | No late fee configuration found for school 550e8400-e29b-41d4-a716-446655440000
2026-04-19 13:09:13.952 +05:30 [INF] SmsApi.Services.FeeService | CorrelationId:52d2e147fd504f11b6bf8a96a263d9dd | Late fee calculation with partial payment: Total=12000.00, Paid=6000.00, Remaining=6000.00
2026-04-19 13:09:13.956 +05:30 [INF] SmsApi.Services.FeeService | CorrelationId:d1ef162b58164340b94fb032df74630c | Late fee calculation with partial payment: Total=12000.00, Paid=6000.00, Remaining=6000.00
2026-04-19 13:09:13.960 +05:30 [WRN] SmsApi.Services.FeeService | CorrelationId:52d2e147fd504f11b6bf8a96a263d9dd | No late fee configuration found for school 550e8400-e29b-41d4-a716-446655440000
2026-04-19 13:09:13.964 +05:30 [WRN] SmsApi.Services.FeeService | CorrelationId:d1ef162b58164340b94fb032df74630c | No late fee configuration found for school 550e8400-e29b-41d4-a716-446655440000
2026-04-19 13:09:13.974 +05:30 [WRN] SmsApi.Services.FeeService | CorrelationId:d1ef162b58164340b94fb032df74630c | No late fee configuration found for school 550e8400-e29b-41d4-a716-446655440000
2026-04-19 13:09:13.974 +05:30 [WRN] SmsApi.Services.FeeService | CorrelationId:52d2e147fd504f11b6bf8a96a263d9dd | No late fee configuration found for school 550e8400-e29b-41d4-a716-446655440000
2026-04-19 13:09:13.998 +05:30 [WRN] SmsApi.Services.FeeService | CorrelationId:d1ef162b58164340b94fb032df74630c | No late fee configuration found for school 550e8400-e29b-41d4-a716-446655440000
2026-04-19 13:09:14.008 +05:30 [WRN] SmsApi.Services.FeeService | CorrelationId:52d2e147fd504f11b6bf8a96a263d9dd | No late fee configuration found for school 550e8400-e29b-41d4-a716-446655440000
2026-04-19 13:09:14.012 +05:30 [INF] SmsApi.Services.FeeService | CorrelationId:d1ef162b58164340b94fb032df74630c | Late fee calculation with partial payment: Total=12000.00, Paid=6000.00, Remaining=6000.00
2026-04-19 13:09:14.016 +05:30 [INF] SmsApi.Services.FeeService | CorrelationId:52d2e147fd504f11b6bf8a96a263d9dd | Late fee calculation with partial payment: Total=12000.00, Paid=6000.00, Remaining=6000.00
2026-04-19 13:09:14.021 +05:30 [WRN] SmsApi.Services.FeeService | CorrelationId:d1ef162b58164340b94fb032df74630c | No late fee configuration found for school 550e8400-e29b-41d4-a716-446655440000
2026-04-19 13:09:14.023 +05:30 [WRN] SmsApi.Services.FeeService | CorrelationId:52d2e147fd504f11b6bf8a96a263d9dd | No late fee configuration found for school 550e8400-e29b-41d4-a716-446655440000
2026-04-19 13:09:14.029 +05:30 [WRN] SmsApi.Services.FeeService | CorrelationId:d1ef162b58164340b94fb032df74630c | No late fee configuration found for school 550e8400-e29b-41d4-a716-446655440000
2026-04-19 13:09:14.032 +05:30 [WRN] SmsApi.Services.FeeService | CorrelationId:52d2e147fd504f11b6bf8a96a263d9dd | No late fee configuration found for school 550e8400-e29b-41d4-a716-446655440000
2026-04-19 13:09:14.037 +05:30 [WRN] SmsApi.Services.FeeService | CorrelationId:d1ef162b58164340b94fb032df74630c | No late fee configuration found for school 550e8400-e29b-41d4-a716-446655440000
2026-04-19 13:09:14.039 +05:30 [WRN] SmsApi.Services.FeeService | CorrelationId:52d2e147fd504f11b6bf8a96a263d9dd | No late fee configuration found for school 550e8400-e29b-41d4-a716-446655440000
2026-04-19 13:09:14.047 +05:30 [WRN] SmsApi.Services.FeeService | CorrelationId:d1ef162b58164340b94fb032df74630c | No late fee configuration found for school 550e8400-e29b-41d4-a716-446655440000
2026-04-19 13:09:14.049 +05:30 [WRN] SmsApi.Services.FeeService | CorrelationId:52d2e147fd504f11b6bf8a96a263d9dd | No late fee configuration found for school 550e8400-e29b-41d4-a716-446655440000
2026-04-19 13:09:14.060 +05:30 [INF] SmsApi.Services.FeeService | CorrelationId:d1ef162b58164340b94fb032df74630c | Late fee calculation with partial payment: Total=12000.00, Paid=6000.00, Remaining=6000.00
2026-04-19 13:09:14.062 +05:30 [INF] SmsApi.Services.FeeService | CorrelationId:52d2e147fd504f11b6bf8a96a263d9dd | Late fee calculation with partial payment: Total=12000.00, Paid=6000.00, Remaining=6000.00
2026-04-19 13:09:14.066 +05:30 [WRN] SmsApi.Services.FeeService | CorrelationId:d1ef162b58164340b94fb032df74630c | No late fee configuration found for school 550e8400-e29b-41d4-a716-446655440000
2026-04-19 13:09:14.068 +05:30 [WRN] SmsApi.Services.FeeService | CorrelationId:52d2e147fd504f11b6bf8a96a263d9dd | No late fee configuration found for school 550e8400-e29b-41d4-a716-446655440000
2026-04-19 13:09:14.071 +05:30 [WRN] SmsApi.Services.FeeService | CorrelationId:d1ef162b58164340b94fb032df74630c | No late fee configuration found for school 550e8400-e29b-41d4-a716-446655440000
2026-04-19 13:09:14.079 +05:30 [WRN] SmsApi.Services.FeeService | CorrelationId:52d2e147fd504f11b6bf8a96a263d9dd | No late fee configuration found for school 550e8400-e29b-41d4-a716-446655440000
2026-04-19 13:09:14.130 +05:30 [INF] SmsApi.Middleware.LoggingActionFilter | CorrelationId:d1ef162b58164340b94fb032df74630c | API Response: GET /api/fees/records | Status: 200 | Duration: 620ms
2026-04-19 13:09:14.130 +05:30 [INF] SmsApi.Middleware.LoggingActionFilter | CorrelationId:52d2e147fd504f11b6bf8a96a263d9dd | API Response: GET /api/fees/records | Status: 200 | Duration: 632ms
2026-04-19 13:09:14.146 +05:30 [INF] Serilog.AspNetCore.RequestLoggingMiddleware | CorrelationId:52d2e147fd504f11b6bf8a96a263d9dd | HTTP GET /api/fees/records responded 200 in 696.8434 ms
2026-04-19 13:09:14.146 +05:30 [INF] Serilog.AspNetCore.RequestLoggingMiddleware | CorrelationId:d1ef162b58164340b94fb032df74630c | HTTP GET /api/fees/records responded 200 in 647.7756 ms
2026-04-19 13:09:14.184 +05:30 [WRN] SmsApi.Infrastructure.Performance.PerformanceMonitoringMiddleware | CorrelationId: | Slow request: GET /api/fees/records took 696ms — status 200.
2026-04-19 13:09:14.191 +05:30 [WRN] SmsApi.Infrastructure.Performance.PerformanceMonitoringMiddleware | CorrelationId: | Slow request: GET /api/fees/records took 647ms — status 200.
2026-04-19 13:09:15.994 +05:30 [INF] Serilog.AspNetCore.RequestLoggingMiddleware | CorrelationId:ff463089fd5946e5b53fac5d29cadce0 | HTTP POST /api/Auth/login responded 400 in 10.0831 ms
2026-04-19 13:09:16.026 +05:30 [INF] Serilog.AspNetCore.RequestLoggingMiddleware | CorrelationId:e2fcb9a49bbe47f1940a99d95244a51d | HTTP GET /api/LeaveManagement/types responded 401 in 0.6638 ms
2026-04-19 13:09:21.246 +05:30 [INF] Serilog.AspNetCore.RequestLoggingMiddleware | CorrelationId:47762b4ced424d7eb30abc239e7646a6 | HTTP POST /api/Auth/login responded 400 in 10.5025 ms
2026-04-19 13:09:31.088 +05:30 [INF] SmsApi.Middleware.LoggingActionFilter | CorrelationId:8cf97ad3343748fa93c2bf16b48e0795 | API Request: GET /api/LeaveManagement/types | User: Unknown | School: 550e8400-e29b-41d4-a716-446655440000
2026-04-19 13:09:32.388 +05:30 [INF] SmsApi.Middleware.LoggingActionFilter | CorrelationId:8cf97ad3343748fa93c2bf16b48e0795 | API Response: GET /api/LeaveManagement/types | Status: 200 | Duration: 1300ms
2026-04-19 13:09:32.434 +05:30 [INF] Serilog.AspNetCore.RequestLoggingMiddleware | CorrelationId:8cf97ad3343748fa93c2bf16b48e0795 | HTTP GET /api/LeaveManagement/types responded 200 in 1364.9697 ms
2026-04-19 13:09:32.450 +05:30 [WRN] SmsApi.Infrastructure.Performance.PerformanceMonitoringMiddleware | CorrelationId: | Slow request: GET /api/LeaveManagement/types took 1365ms — status 200.
