2026-04-19 19:14:40.665 +05:30 [INF]  | CorrelationId: | Using distributed in-memory cache (development only)
2026-04-19 19:14:40.737 +05:30 [FTL]  | CorrelationId: | Application terminated unexpectedly
Microsoft.Extensions.Hosting.HostAbortedException: The host was aborted.
   at Microsoft.Extensions.Hosting.HostFactoryResolver.HostingListener.ThrowHostAborted()
   at Microsoft.Extensions.Hosting.HostFactoryResolver.HostingListener.OnNext(KeyValuePair`2 value)
   at System.Diagnostics.DiagnosticListener.Write(String name, Object value)
   at System.Diagnostics.DiagnosticSource.Write[T](String name, T value)
   at Microsoft.Extensions.Hosting.HostBuilder.ResolveHost(IServiceProvider serviceProvider, DiagnosticListener diagnosticListener)
   at Microsoft.Extensions.Hosting.HostApplicationBuilder.Build()
   at Microsoft.AspNetCore.Builder.WebApplicationBuilder.Build()
   at Program.<Main>$(String[] args) in C:\Vitana\Vitana Group\sms-api\Program.cs:line 437
2026-04-19 19:17:40.133 +05:30 [INF]  | CorrelationId: | Using distributed in-memory cache (development only)
2026-04-19 19:17:40.217 +05:30 [FTL]  | CorrelationId: | Application terminated unexpectedly
Microsoft.Extensions.Hosting.HostAbortedException: The host was aborted.
   at Microsoft.Extensions.Hosting.HostFactoryResolver.HostingListener.ThrowHostAborted()
   at Microsoft.Extensions.Hosting.HostFactoryResolver.HostingListener.OnNext(KeyValuePair`2 value)
   at System.Diagnostics.DiagnosticListener.Write(String name, Object value)
   at System.Diagnostics.DiagnosticSource.Write[T](String name, T value)
   at Microsoft.Extensions.Hosting.HostBuilder.ResolveHost(IServiceProvider serviceProvider, DiagnosticListener diagnosticListener)
   at Microsoft.Extensions.Hosting.HostApplicationBuilder.Build()
   at Microsoft.AspNetCore.Builder.WebApplicationBuilder.Build()
   at Program.<Main>$(String[] args) in C:\Vitana\Vitana Group\sms-api\Program.cs:line 437
2026-04-19 19:17:55.811 +05:30 [INF]  | CorrelationId: | Using distributed in-memory cache (development only)
2026-04-19 19:17:55.894 +05:30 [FTL]  | CorrelationId: | Application terminated unexpectedly
Microsoft.Extensions.Hosting.HostAbortedException: The host was aborted.
   at Microsoft.Extensions.Hosting.HostFactoryResolver.HostingListener.ThrowHostAborted()
   at Microsoft.Extensions.Hosting.HostFactoryResolver.HostingListener.OnNext(KeyValuePair`2 value)
   at System.Diagnostics.DiagnosticListener.Write(String name, Object value)
   at System.Diagnostics.DiagnosticSource.Write[T](String name, T value)
   at Microsoft.Extensions.Hosting.HostBuilder.ResolveHost(IServiceProvider serviceProvider, DiagnosticListener diagnosticListener)
   at Microsoft.Extensions.Hosting.HostApplicationBuilder.Build()
   at Microsoft.AspNetCore.Builder.WebApplicationBuilder.Build()
   at Program.<Main>$(String[] args) in C:\Vitana\Vitana Group\sms-api\Program.cs:line 437
2026-04-19 19:18:08.753 +05:30 [INF]  | CorrelationId: | Using distributed in-memory cache (development only)
2026-04-19 19:18:08.835 +05:30 [FTL]  | CorrelationId: | Application terminated unexpectedly
Microsoft.Extensions.Hosting.HostAbortedException: The host was aborted.
   at Microsoft.Extensions.Hosting.HostFactoryResolver.HostingListener.ThrowHostAborted()
   at Microsoft.Extensions.Hosting.HostFactoryResolver.HostingListener.OnNext(KeyValuePair`2 value)
   at System.Diagnostics.DiagnosticListener.Write(String name, Object value)
   at System.Diagnostics.DiagnosticSource.Write[T](String name, T value)
   at Microsoft.Extensions.Hosting.HostBuilder.ResolveHost(IServiceProvider serviceProvider, DiagnosticListener diagnosticListener)
   at Microsoft.Extensions.Hosting.HostApplicationBuilder.Build()
   at Microsoft.AspNetCore.Builder.WebApplicationBuilder.Build()
   at Program.<Main>$(String[] args) in C:\Vitana\Vitana Group\sms-api\Program.cs:line 437
2026-04-19 19:18:22.312 +05:30 [INF]  | CorrelationId: | Using distributed in-memory cache (development only)
2026-04-19 19:18:24.997 +05:30 [WRN] Microsoft.EntityFrameworkCore.Model.Validation | CorrelationId: | Entity 'Staff' has a global query filter defined and is the required end of a relationship with the entity 'Certificate'. This may lead to unexpected results when the required entity is filtered out. Either configure the navigation as optional, or define matching query filters for both entities in the navigation. See https://go.microsoft.com/fwlink/?linkid=2131316 for more information.
2026-04-19 19:18:25.004 +05:30 [WRN] Microsoft.EntityFrameworkCore.Model.Validation | CorrelationId: | Entity 'School' has a global query filter defined and is the required end of a relationship with the entity 'CertificateTemplate'. This may lead to unexpected results when the required entity is filtered out. Either configure the navigation as optional, or define matching query filters for both entities in the navigation. See https://go.microsoft.com/fwlink/?linkid=2131316 for more information.
2026-04-19 19:18:25.008 +05:30 [WRN] Microsoft.EntityFrameworkCore.Model.Validation | CorrelationId: | Entity 'School' has a global query filter defined and is the required end of a relationship with the entity 'Document'. This may lead to unexpected results when the required entity is filtered out. Either configure the navigation as optional, or define matching query filters for both entities in the navigation. See https://go.microsoft.com/fwlink/?linkid=2131316 for more information.
2026-04-19 19:18:25.012 +05:30 [WRN] Microsoft.EntityFrameworkCore.Model.Validation | CorrelationId: | Entity 'School' has a global query filter defined and is the required end of a relationship with the entity 'DocumentCategory'. This may lead to unexpected results when the required entity is filtered out. Either configure the navigation as optional, or define matching query filters for both entities in the navigation. See https://go.microsoft.com/fwlink/?linkid=2131316 for more information.
2026-04-19 19:18:25.017 +05:30 [WRN] Microsoft.EntityFrameworkCore.Model.Validation | CorrelationId: | Entity 'School' has a global query filter defined and is the required end of a relationship with the entity 'FeeAuditLog'. This may lead to unexpected results when the required entity is filtered out. Either configure the navigation as optional, or define matching query filters for both entities in the navigation. See https://go.microsoft.com/fwlink/?linkid=2131316 for more information.
2026-04-19 19:18:25.021 +05:30 [WRN] Microsoft.EntityFrameworkCore.Model.Validation | CorrelationId: | Entity 'School' has a global query filter defined and is the required end of a relationship with the entity 'Holiday'. This may lead to unexpected results when the required entity is filtered out. Either configure the navigation as optional, or define matching query filters for both entities in the navigation. See https://go.microsoft.com/fwlink/?linkid=2131316 for more information.
2026-04-19 19:18:25.024 +05:30 [WRN] Microsoft.EntityFrameworkCore.Model.Validation | CorrelationId: | Entity 'School' has a global query filter defined and is the required end of a relationship with the entity 'IDCard'. This may lead to unexpected results when the required entity is filtered out. Either configure the navigation as optional, or define matching query filters for both entities in the navigation. See https://go.microsoft.com/fwlink/?linkid=2131316 for more information.
2026-04-19 19:18:25.028 +05:30 [WRN] Microsoft.EntityFrameworkCore.Model.Validation | CorrelationId: | Entity 'School' has a global query filter defined and is the required end of a relationship with the entity 'IDCardTemplate'. This may lead to unexpected results when the required entity is filtered out. Either configure the navigation as optional, or define matching query filters for both entities in the navigation. See https://go.microsoft.com/fwlink/?linkid=2131316 for more information.
2026-04-19 19:18:25.032 +05:30 [WRN] Microsoft.EntityFrameworkCore.Model.Validation | CorrelationId: | Entity 'UserLogin' has a global query filter defined and is the required end of a relationship with the entity 'PasswordResetToken'. This may lead to unexpected results when the required entity is filtered out. Either configure the navigation as optional, or define matching query filters for both entities in the navigation. See https://go.microsoft.com/fwlink/?linkid=2131316 for more information.
2026-04-19 19:18:25.042 +05:30 [WRN] Microsoft.EntityFrameworkCore.Model.Validation | CorrelationId: | Entity 'School' has a global query filter defined and is the required end of a relationship with the entity 'PromotionHistory'. This may lead to unexpected results when the required entity is filtered out. Either configure the navigation as optional, or define matching query filters for both entities in the navigation. See https://go.microsoft.com/fwlink/?linkid=2131316 for more information.
2026-04-19 19:18:25.148 +05:30 [WRN] Microsoft.EntityFrameworkCore.Model.Validation | CorrelationId: | The foreign key property 'Staff.ReportingToId1' was created in shadow state because a conflicting property with the simple name 'ReportingToId' exists in the entity type, but is either not mapped, is already used for another relationship, or is incompatible with the associated primary key type. See https://aka.ms/efcore-relationships for information on mapping relationships in EF Core.
2026-04-19 19:18:26.371 +05:30 [INF] Program | CorrelationId: | Database migrations applied successfully.
2026-04-19 19:18:27.353 +05:30 [INF] Microsoft.Hosting.Lifetime | CorrelationId: | Now listening on: http://localhost:5092
2026-04-19 19:18:27.354 +05:30 [INF] Microsoft.Hosting.Lifetime | CorrelationId: | Application started. Press Ctrl+C to shut down.
2026-04-19 19:18:27.356 +05:30 [INF] Microsoft.Hosting.Lifetime | CorrelationId: | Hosting environment: Development
2026-04-19 19:18:27.357 +05:30 [INF] Microsoft.Hosting.Lifetime | CorrelationId: | Content root path: C:\Vitana\Vitana Group\sms-api
2026-04-19 19:18:44.334 +05:30 [WRN] Microsoft.AspNetCore.HttpsPolicy.HttpsRedirectionMiddleware | CorrelationId:1673ed9ac1e74ca2a6cf00d853f8d831 | Failed to determine the https port for redirect.
2026-04-19 19:18:44.437 +05:30 [INF] SmsApi.Middleware.LoggingActionFilter | CorrelationId:1673ed9ac1e74ca2a6cf00d853f8d831 | API Request: POST /api/auth/login | User: Unknown | School: Unknown
2026-04-19 19:18:45.578 +05:30 [INF] SmsApi.Controllers.AuthController | CorrelationId:1673ed9ac1e74ca2a6cf00d853f8d831 | Login successful for admin (SchoolId: "550e8400-e29b-41d4-a716-446655440000")
2026-04-19 19:18:45.587 +05:30 [INF] SmsApi.Middleware.LoggingActionFilter | CorrelationId:1673ed9ac1e74ca2a6cf00d853f8d831 | API Response: POST /api/auth/login | Status: 200 | Duration: 1152ms
2026-04-19 19:18:45.697 +05:30 [INF] Serilog.AspNetCore.RequestLoggingMiddleware | CorrelationId:1673ed9ac1e74ca2a6cf00d853f8d831 | HTTP POST /api/auth/login responded 200 in 1380.0040 ms
2026-04-19 19:18:45.703 +05:30 [WRN] SmsApi.Infrastructure.Performance.PerformanceMonitoringMiddleware | CorrelationId: | Slow request: POST /api/auth/login took 1317ms — status 200.
2026-04-19 19:18:45.894 +05:30 [INF] SmsApi.Middleware.LoggingActionFilter | CorrelationId:f760ef56f96a492f89ec883967704a12 | API Request: POST /api/students | User: Unknown | School: 550e8400-e29b-41d4-a716-446655440000
2026-04-19 19:18:45.970 +05:30 [INF] SmsApi.Services.StudentService | CorrelationId:f760ef56f96a492f89ec883967704a12 | Student created: "8b6a746a-e281-4768-bf49-8be8f1172c4a", Admission: AT20260419191845
2026-04-19 19:18:46.013 +05:30 [WRN] SmsApi.Services.StudentService | CorrelationId:f760ef56f96a492f89ec883967704a12 | No fee structure found for class 10, academic year AY-20260419190735. Fee record not created.
2026-04-19 19:18:46.044 +05:30 [INF] SmsApi.Services.StudentService | CorrelationId:f760ef56f96a492f89ec883967704a12 | Library card initialized for student "8b6a746a-e281-4768-bf49-8be8f1172c4a": LIB-AT20260419191845
2026-04-19 19:18:46.106 +05:30 [INF] SmsApi.Services.StudentService | CorrelationId:f760ef56f96a492f89ec883967704a12 | Student creation completed with all related records: "8b6a746a-e281-4768-bf49-8be8f1172c4a"
2026-04-19 19:18:46.255 +05:30 [WRN] Microsoft.EntityFrameworkCore.Query | CorrelationId:f760ef56f96a492f89ec883967704a12 | Compiling a query which loads related collections for more than one collection navigation, either via 'Include' or through projection, but no 'QuerySplittingBehavior' has been configured. By default, Entity Framework will use 'QuerySplittingBehavior.SingleQuery', which can potentially result in slow query performance. See https://go.microsoft.com/fwlink/?linkid=2134277 for more information. To identify the query that's triggering this warning call 'ConfigureWarnings(w => w.Throw(RelationalEventId.MultipleCollectionIncludeWarning))'.
2026-04-19 19:18:46.282 +05:30 [INF] SmsApi.Middleware.LoggingActionFilter | CorrelationId:f760ef56f96a492f89ec883967704a12 | API Response: POST /api/students | Status: 200 | Duration: 387ms
2026-04-19 19:18:46.323 +05:30 [INF] Serilog.AspNetCore.RequestLoggingMiddleware | CorrelationId:f760ef56f96a492f89ec883967704a12 | HTTP POST /api/students responded 201 in 524.7453 ms
2026-04-19 19:18:46.326 +05:30 [WRN] SmsApi.Infrastructure.Performance.PerformanceMonitoringMiddleware | CorrelationId: | Slow request: POST /api/students took 520ms — status 201.
2026-04-19 19:18:46.359 +05:30 [INF] SmsApi.Middleware.LoggingActionFilter | CorrelationId:614764b06b7449b699a711e33aad42b7 | API Request: POST /api/Attendance/records | User: Unknown | School: 550e8400-e29b-41d4-a716-446655440000
2026-04-19 19:18:46.436 +05:30 [INF] SmsApi.Middleware.LoggingActionFilter | CorrelationId:614764b06b7449b699a711e33aad42b7 | API Response: POST /api/Attendance/records | Status: 200 | Duration: 77ms
2026-04-19 19:18:46.447 +05:30 [INF] Serilog.AspNetCore.RequestLoggingMiddleware | CorrelationId:614764b06b7449b699a711e33aad42b7 | HTTP POST /api/Attendance/records responded 201 in 103.5932 ms
2026-04-19 19:18:52.579 +05:30 [INF] SmsApi.Middleware.LoggingActionFilter | CorrelationId:c04d0464a4d7421c979aa76cd7cf1a9b | API Request: POST /api/auth/login | User: Unknown | School: Unknown
2026-04-19 19:18:55.233 +05:30 [INF] SmsApi.Controllers.AuthController | CorrelationId:c04d0464a4d7421c979aa76cd7cf1a9b | Login successful for admin (SchoolId: "550e8400-e29b-41d4-a716-446655440000")
2026-04-19 19:18:56.509 +05:30 [INF] SmsApi.Middleware.LoggingActionFilter | CorrelationId:c04d0464a4d7421c979aa76cd7cf1a9b | API Response: POST /api/auth/login | Status: 200 | Duration: 3929ms
2026-04-19 19:18:57.446 +05:30 [INF] Serilog.AspNetCore.RequestLoggingMiddleware | CorrelationId:c04d0464a4d7421c979aa76cd7cf1a9b | HTTP POST /api/auth/login responded 200 in 4872.6576 ms
2026-04-19 19:18:58.633 +05:30 [ERR] SmsApi.Infrastructure.Performance.PerformanceMonitoringMiddleware | CorrelationId: | SLA BREACH: POST /api/auth/login took 4842ms — status 200. Investigate immediately.
2026-04-19 19:18:59.624 +05:30 [INF] SmsApi.Middleware.LoggingActionFilter | CorrelationId:e21f8f1bf89243d0883d468e6894af92 | API Request: POST /api/students | User: Unknown | School: 550e8400-e29b-41d4-a716-446655440000
2026-04-19 19:19:01.344 +05:30 [INF] SmsApi.Services.StudentService | CorrelationId:e21f8f1bf89243d0883d468e6894af92 | Student created: "0c789e9c-ae44-4813-a750-4c71466bb7e5", Admission: INT20260419191859
2026-04-19 19:19:04.556 +05:30 [INF] Serilog.AspNetCore.RequestLoggingMiddleware | CorrelationId:dd066b76b1fc482dab3531bf3fc572bf | HTTP OPTIONS /api/academics/academic-years responded 204 in 9.5656 ms
2026-04-19 19:19:04.586 +05:30 [INF] Serilog.AspNetCore.RequestLoggingMiddleware | CorrelationId:1b365d81d66047dca089d9fa43c1ad9a | HTTP OPTIONS /api/academics/academic-years responded 204 in 39.7265 ms
2026-04-19 19:19:05.408 +05:30 [WRN] SmsApi.Services.StudentService | CorrelationId:e21f8f1bf89243d0883d468e6894af92 | No fee structure found for class 10, academic year AY-20260419190735. Fee record not created.
2026-04-19 19:19:05.876 +05:30 [WRN] SmsApi.Infrastructure.Performance.PerformanceMonitoringMiddleware | CorrelationId: | Slow request: OPTIONS /api/academics/academic-years took 1330ms — status 204.
2026-04-19 19:19:05.887 +05:30 [WRN] SmsApi.Infrastructure.Performance.PerformanceMonitoringMiddleware | CorrelationId: | Slow request: OPTIONS /api/academics/academic-years took 1341ms — status 204.
2026-04-19 19:19:05.915 +05:30 [INF] SmsApi.Services.StudentService | CorrelationId:e21f8f1bf89243d0883d468e6894af92 | Library card initialized for student "0c789e9c-ae44-4813-a750-4c71466bb7e5": LIB-INT20260419191859
2026-04-19 19:19:05.971 +05:30 [INF] SmsApi.Services.StudentService | CorrelationId:e21f8f1bf89243d0883d468e6894af92 | Student creation completed with all related records: "0c789e9c-ae44-4813-a750-4c71466bb7e5"
2026-04-19 19:19:05.996 +05:30 [INF] Serilog.AspNetCore.RequestLoggingMiddleware | CorrelationId:968c6ec8966e442bb23e4d277f9f3a54 | HTTP GET /api/academics/academic-years responded 401 in 31.3798 ms
2026-04-19 19:19:05.998 +05:30 [INF] Serilog.AspNetCore.RequestLoggingMiddleware | CorrelationId:6cd7acf478ff497bb6a5d046d3ec6c6b | HTTP GET /api/academics/academic-years responded 401 in 18.5964 ms
2026-04-19 19:19:06.148 +05:30 [INF] SmsApi.Middleware.LoggingActionFilter | CorrelationId:e21f8f1bf89243d0883d468e6894af92 | API Response: POST /api/students | Status: 200 | Duration: 6524ms
2026-04-19 19:19:06.363 +05:30 [INF] Serilog.AspNetCore.RequestLoggingMiddleware | CorrelationId:e21f8f1bf89243d0883d468e6894af92 | HTTP POST /api/students responded 201 in 6831.2114 ms
2026-04-19 19:19:06.662 +05:30 [ERR] SmsApi.Infrastructure.Performance.PerformanceMonitoringMiddleware | CorrelationId: | SLA BREACH: POST /api/students took 6820ms — status 201. Investigate immediately.
2026-04-19 19:19:06.756 +05:30 [INF] SmsApi.Middleware.LoggingActionFilter | CorrelationId:a87b424e1d724089b8549496f38b4d4f | API Request: GET /api/students/0c789e9c-ae44-4813-a750-4c71466bb7e5 | User: Unknown | School: 550e8400-e29b-41d4-a716-446655440000
2026-04-19 19:19:06.792 +05:30 [INF] SmsApi.Middleware.LoggingActionFilter | CorrelationId:a87b424e1d724089b8549496f38b4d4f | API Response: GET /api/students/0c789e9c-ae44-4813-a750-4c71466bb7e5 | Status: 200 | Duration: 35ms
2026-04-19 19:19:06.872 +05:30 [INF] Serilog.AspNetCore.RequestLoggingMiddleware | CorrelationId:a87b424e1d724089b8549496f38b4d4f | HTTP GET /api/students/0c789e9c-ae44-4813-a750-4c71466bb7e5 responded 200 in 138.5102 ms
2026-04-19 19:19:06.971 +05:30 [INF] SmsApi.Middleware.LoggingActionFilter | CorrelationId:4ce07a5bb8d74f83b201f627cc7bf6c8 | API Request: POST /api/Staff | User: Unknown | School: 550e8400-e29b-41d4-a716-446655440000
2026-04-19 19:19:07.967 +05:30 [INF] SmsApi.Services.StaffService | CorrelationId:4ce07a5bb8d74f83b201f627cc7bf6c8 | Staff onboarding complete for EMP20260419191859
2026-04-19 19:19:08.226 +05:30 [INF] SmsApi.Middleware.LoggingActionFilter | CorrelationId:4ce07a5bb8d74f83b201f627cc7bf6c8 | API Response: POST /api/Staff | Status: 200 | Duration: 1255ms
2026-04-19 19:19:08.280 +05:30 [INF] Serilog.AspNetCore.RequestLoggingMiddleware | CorrelationId:4ce07a5bb8d74f83b201f627cc7bf6c8 | HTTP POST /api/Staff responded 201 in 1347.7323 ms
2026-04-19 19:19:08.294 +05:30 [WRN] SmsApi.Infrastructure.Performance.PerformanceMonitoringMiddleware | CorrelationId: | Slow request: POST /api/Staff took 1341ms — status 201.
2026-04-19 19:19:08.337 +05:30 [INF] SmsApi.Middleware.LoggingActionFilter | CorrelationId:321fbba6bed04d6f82c793e7bda19e41 | API Request: GET /api/Staff/7d4fbca3-9eaf-402e-a4e3-68077eec2116 | User: Unknown | School: 550e8400-e29b-41d4-a716-446655440000
2026-04-19 19:19:08.368 +05:30 [INF] SmsApi.Middleware.LoggingActionFilter | CorrelationId:321fbba6bed04d6f82c793e7bda19e41 | API Response: GET /api/Staff/7d4fbca3-9eaf-402e-a4e3-68077eec2116 | Status: 200 | Duration: 31ms
2026-04-19 19:19:08.398 +05:30 [INF] Serilog.AspNetCore.RequestLoggingMiddleware | CorrelationId:321fbba6bed04d6f82c793e7bda19e41 | HTTP GET /api/Staff/7d4fbca3-9eaf-402e-a4e3-68077eec2116 responded 200 in 71.6267 ms
2026-04-19 19:19:08.448 +05:30 [INF] SmsApi.Middleware.LoggingActionFilter | CorrelationId:e77004f9b1304814a27cd5da82e7da3d | API Request: GET /api/Staff | User: Unknown | School: 550e8400-e29b-41d4-a716-446655440000
2026-04-19 19:19:08.506 +05:30 [INF] SmsApi.Middleware.LoggingActionFilter | CorrelationId:e77004f9b1304814a27cd5da82e7da3d | API Response: GET /api/Staff | Status: 200 | Duration: 57ms
2026-04-19 19:19:08.537 +05:30 [INF] Serilog.AspNetCore.RequestLoggingMiddleware | CorrelationId:e77004f9b1304814a27cd5da82e7da3d | HTTP GET /api/Staff responded 200 in 105.8784 ms
2026-04-19 19:19:08.587 +05:30 [INF] SmsApi.Middleware.LoggingActionFilter | CorrelationId:ae32827d355a4c70af867a449151fa3e | API Request: GET /api/LeaveManagement/types | User: Unknown | School: 550e8400-e29b-41d4-a716-446655440000
2026-04-19 19:19:08.646 +05:30 [INF] SmsApi.Middleware.LoggingActionFilter | CorrelationId:ae32827d355a4c70af867a449151fa3e | API Response: GET /api/LeaveManagement/types | Status: 200 | Duration: 59ms
2026-04-19 19:19:08.658 +05:30 [INF] Serilog.AspNetCore.RequestLoggingMiddleware | CorrelationId:ae32827d355a4c70af867a449151fa3e | HTTP GET /api/LeaveManagement/types responded 200 in 75.3189 ms
2026-04-19 19:19:08.695 +05:30 [INF] SmsApi.Middleware.LoggingActionFilter | CorrelationId:8f2826732ca94b5e8334dcb9adae8532 | API Request: POST /api/LeaveManagement/requests | User: Unknown | School: 550e8400-e29b-41d4-a716-446655440000
2026-04-19 19:19:08.753 +05:30 [INF] SmsApi.Middleware.LoggingActionFilter | CorrelationId:8f2826732ca94b5e8334dcb9adae8532 | API Response: POST /api/LeaveManagement/requests | Status: 200 | Duration: 58ms
2026-04-19 19:19:08.777 +05:30 [INF] Serilog.AspNetCore.RequestLoggingMiddleware | CorrelationId:8f2826732ca94b5e8334dcb9adae8532 | HTTP POST /api/LeaveManagement/requests responded 400 in 91.6893 ms
2026-04-19 19:19:08.829 +05:30 [INF] SmsApi.Middleware.LoggingActionFilter | CorrelationId:3814cc99eb4949fb9137d60a93583489 | API Request: POST /api/Attendance/records | User: Unknown | School: 550e8400-e29b-41d4-a716-446655440000
2026-04-19 19:19:08.861 +05:30 [INF] SmsApi.Middleware.LoggingActionFilter | CorrelationId:3814cc99eb4949fb9137d60a93583489 | API Response: POST /api/Attendance/records | Status: 200 | Duration: 31ms
2026-04-19 19:19:08.882 +05:30 [INF] Serilog.AspNetCore.RequestLoggingMiddleware | CorrelationId:3814cc99eb4949fb9137d60a93583489 | HTTP POST /api/Attendance/records responded 201 in 58.2677 ms
2026-04-19 19:19:08.924 +05:30 [INF] SmsApi.Middleware.LoggingActionFilter | CorrelationId:f7361eaf523641058bdef7fe8c5968a0 | API Request: GET /api/Attendance/records/96a663fa-e1fa-4147-9b26-7e823f76ee33 | User: Unknown | School: 550e8400-e29b-41d4-a716-446655440000
2026-04-19 19:19:08.990 +05:30 [INF] SmsApi.Middleware.LoggingActionFilter | CorrelationId:f7361eaf523641058bdef7fe8c5968a0 | API Response: GET /api/Attendance/records/96a663fa-e1fa-4147-9b26-7e823f76ee33 | Status: 200 | Duration: 65ms
2026-04-19 19:19:09.005 +05:30 [INF] Serilog.AspNetCore.RequestLoggingMiddleware | CorrelationId:f7361eaf523641058bdef7fe8c5968a0 | HTTP GET /api/Attendance/records/96a663fa-e1fa-4147-9b26-7e823f76ee33 responded 200 in 94.2447 ms
2026-04-19 19:19:09.053 +05:30 [INF] SmsApi.Middleware.LoggingActionFilter | CorrelationId:034ab5bfadcb4c61a68161ed6b85fa7b | API Request: GET /api/Attendance/records | User: Unknown | School: 550e8400-e29b-41d4-a716-446655440000
2026-04-19 19:19:09.101 +05:30 [INF] SmsApi.Middleware.LoggingActionFilter | CorrelationId:034ab5bfadcb4c61a68161ed6b85fa7b | API Response: GET /api/Attendance/records | Status: 200 | Duration: 47ms
2026-04-19 19:19:09.108 +05:30 [INF] Serilog.AspNetCore.RequestLoggingMiddleware | CorrelationId:034ab5bfadcb4c61a68161ed6b85fa7b | HTTP GET /api/Attendance/records responded 200 in 69.6862 ms
2026-04-19 19:19:09.157 +05:30 [INF] SmsApi.Middleware.LoggingActionFilter | CorrelationId:73d033c31fa9488da3d6ccc346a697b7 | API Request: POST /api/academics/classes | User: Unknown | School: 550e8400-e29b-41d4-a716-446655440000
2026-04-19 19:19:09.425 +05:30 [INF] SmsApi.Middleware.LoggingActionFilter | CorrelationId:73d033c31fa9488da3d6ccc346a697b7 | API Response: POST /api/academics/classes | Status: 200 | Duration: 268ms
2026-04-19 19:19:09.448 +05:30 [INF] Serilog.AspNetCore.RequestLoggingMiddleware | CorrelationId:73d033c31fa9488da3d6ccc346a697b7 | HTTP POST /api/academics/classes responded 201 in 309.7380 ms
2026-04-19 19:19:09.512 +05:30 [INF] SmsApi.Middleware.LoggingActionFilter | CorrelationId:513176d9a4ee490791f71af5aefe39b1 | API Request: POST /api/academics/subjects | User: Unknown | School: 550e8400-e29b-41d4-a716-446655440000
2026-04-19 19:19:09.612 +05:30 [INF] SmsApi.Middleware.LoggingActionFilter | CorrelationId:513176d9a4ee490791f71af5aefe39b1 | API Response: POST /api/academics/subjects | Status: 200 | Duration: 100ms
2026-04-19 19:19:09.637 +05:30 [INF] Serilog.AspNetCore.RequestLoggingMiddleware | CorrelationId:513176d9a4ee490791f71af5aefe39b1 | HTTP POST /api/academics/subjects responded 201 in 139.1713 ms
2026-04-19 19:19:09.686 +05:30 [INF] SmsApi.Middleware.LoggingActionFilter | CorrelationId:45c4ac6d08594594b944e7b347e33df1 | API Request: POST /api/academics/class-subjects | User: Unknown | School: 550e8400-e29b-41d4-a716-446655440000
2026-04-19 19:19:09.819 +05:30 [INF] SmsApi.Middleware.LoggingActionFilter | CorrelationId:45c4ac6d08594594b944e7b347e33df1 | API Response: POST /api/academics/class-subjects | Status: 200 | Duration: 133ms
2026-04-19 19:19:09.835 +05:30 [INF] Serilog.AspNetCore.RequestLoggingMiddleware | CorrelationId:45c4ac6d08594594b944e7b347e33df1 | HTTP POST /api/academics/class-subjects responded 200 in 158.0834 ms
2026-04-19 19:19:09.873 +05:30 [INF] SmsApi.Middleware.LoggingActionFilter | CorrelationId:c0ac780b299243df9c8299a43d9240b9 | API Request: GET /api/academics/classes | User: Unknown | School: 550e8400-e29b-41d4-a716-446655440000
2026-04-19 19:19:10.075 +05:30 [INF] SmsApi.Middleware.LoggingActionFilter | CorrelationId:c0ac780b299243df9c8299a43d9240b9 | API Response: GET /api/academics/classes | Status: 200 | Duration: 201ms
2026-04-19 19:19:10.080 +05:30 [INF] Serilog.AspNetCore.RequestLoggingMiddleware | CorrelationId:c0ac780b299243df9c8299a43d9240b9 | HTTP GET /api/academics/classes responded 200 in 216.3463 ms
2026-04-19 19:19:10.111 +05:30 [INF] SmsApi.Middleware.LoggingActionFilter | CorrelationId:75363442714344bf9deb938889420ced | API Request: GET /api/Attendance/records | User: Unknown | School: 550e8400-e29b-41d4-a716-446655440000
2026-04-19 19:19:10.125 +05:30 [INF] SmsApi.Middleware.LoggingActionFilter | CorrelationId:75363442714344bf9deb938889420ced | API Response: GET /api/Attendance/records | Status: 200 | Duration: 13ms
2026-04-19 19:19:10.132 +05:30 [INF] Serilog.AspNetCore.RequestLoggingMiddleware | CorrelationId:75363442714344bf9deb938889420ced | HTTP GET /api/Attendance/records responded 200 in 28.6891 ms
2026-04-19 19:19:10.178 +05:30 [INF] SmsApi.Middleware.LoggingActionFilter | CorrelationId:5c37b2bfacbc45a2b65dbdadfa552f9f | API Request: GET /api/LeaveManagement/requests | User: Unknown | School: 550e8400-e29b-41d4-a716-446655440000
2026-04-19 19:19:10.272 +05:30 [INF] SmsApi.Middleware.LoggingActionFilter | CorrelationId:5c37b2bfacbc45a2b65dbdadfa552f9f | API Response: GET /api/LeaveManagement/requests | Status: 200 | Duration: 94ms
2026-04-19 19:19:10.291 +05:30 [INF] Serilog.AspNetCore.RequestLoggingMiddleware | CorrelationId:5c37b2bfacbc45a2b65dbdadfa552f9f | HTTP GET /api/LeaveManagement/requests responded 200 in 118.9941 ms
2026-04-19 19:19:10.338 +05:30 [INF] Serilog.AspNetCore.RequestLoggingMiddleware | CorrelationId:3d550a8a53d64b05a523f9f961bb3346 | HTTP POST /api/students responded 400 in 26.4452 ms
2026-04-19 19:19:11.455 +05:30 [INF] SmsApi.Middleware.LoggingActionFilter | CorrelationId:cf1c048ec16946ca9caafeaa474f25c2 | API Request: POST /api/auth/login | User: Unknown | School: Unknown
2026-04-19 19:19:12.273 +05:30 [INF] SmsApi.Controllers.AuthController | CorrelationId:cf1c048ec16946ca9caafeaa474f25c2 | Login successful for admin (SchoolId: "550e8400-e29b-41d4-a716-446655440000")
2026-04-19 19:19:12.308 +05:30 [INF] SmsApi.Middleware.LoggingActionFilter | CorrelationId:cf1c048ec16946ca9caafeaa474f25c2 | API Response: POST /api/auth/login | Status: 200 | Duration: 853ms
2026-04-19 19:19:12.501 +05:30 [INF] Serilog.AspNetCore.RequestLoggingMiddleware | CorrelationId:cf1c048ec16946ca9caafeaa474f25c2 | HTTP POST /api/auth/login responded 200 in 1049.8823 ms
2026-04-19 19:19:12.553 +05:30 [WRN] SmsApi.Infrastructure.Performance.PerformanceMonitoringMiddleware | CorrelationId: | Slow request: POST /api/auth/login took 1046ms — status 200.
2026-04-19 19:19:12.619 +05:30 [INF] SmsApi.Middleware.LoggingActionFilter | CorrelationId:051522dd954e4a42a75bb0a2aad1384e | API Request: GET /api/students | User: Unknown | School: 550e8400-e29b-41d4-a716-446655440000
2026-04-19 19:19:12.649 +05:30 [INF] SmsApi.Middleware.LoggingActionFilter | CorrelationId:051522dd954e4a42a75bb0a2aad1384e | API Response: GET /api/students | Status: 200 | Duration: 30ms
2026-04-19 19:19:12.662 +05:30 [INF] Serilog.AspNetCore.RequestLoggingMiddleware | CorrelationId:051522dd954e4a42a75bb0a2aad1384e | HTTP GET /api/students responded 200 in 57.5323 ms
2026-04-19 19:19:12.710 +05:30 [INF] SmsApi.Middleware.LoggingActionFilter | CorrelationId:54d1975373f24b469ec653a4e1fcde03 | API Request: POST /api/students | User: Unknown | School: 550e8400-e29b-41d4-a716-446655440000
2026-04-19 19:19:12.739 +05:30 [INF] SmsApi.Services.StudentService | CorrelationId:54d1975373f24b469ec653a4e1fcde03 | Student created: "c93d9efa-e8e7-4f33-8cf9-0fd12cadb9ec", Admission: ATTE2E20260419191912
2026-04-19 19:19:12.752 +05:30 [WRN] SmsApi.Services.StudentService | CorrelationId:54d1975373f24b469ec653a4e1fcde03 | No fee structure found for class 10, academic year AY-20260419190735. Fee record not created.
2026-04-19 19:19:12.763 +05:30 [INF] SmsApi.Services.StudentService | CorrelationId:54d1975373f24b469ec653a4e1fcde03 | Library card initialized for student "c93d9efa-e8e7-4f33-8cf9-0fd12cadb9ec": LIB-ATTE2E20260419191912
2026-04-19 19:19:12.777 +05:30 [INF] SmsApi.Services.StudentService | CorrelationId:54d1975373f24b469ec653a4e1fcde03 | Student creation completed with all related records: "c93d9efa-e8e7-4f33-8cf9-0fd12cadb9ec"
2026-04-19 19:19:12.791 +05:30 [INF] SmsApi.Middleware.LoggingActionFilter | CorrelationId:54d1975373f24b469ec653a4e1fcde03 | API Response: POST /api/students | Status: 200 | Duration: 80ms
2026-04-19 19:19:12.810 +05:30 [INF] Serilog.AspNetCore.RequestLoggingMiddleware | CorrelationId:54d1975373f24b469ec653a4e1fcde03 | HTTP POST /api/students responded 201 in 104.6835 ms
2026-04-19 19:19:12.862 +05:30 [INF] SmsApi.Middleware.LoggingActionFilter | CorrelationId:37483ea22f784cae862bb0d9acd507ef | API Request: POST /api/Attendance/records | User: Unknown | School: 550e8400-e29b-41d4-a716-446655440000
2026-04-19 19:19:12.872 +05:30 [INF] SmsApi.Middleware.LoggingActionFilter | CorrelationId:37483ea22f784cae862bb0d9acd507ef | API Response: POST /api/Attendance/records | Status: 200 | Duration: 10ms
2026-04-19 19:19:12.883 +05:30 [INF] Serilog.AspNetCore.RequestLoggingMiddleware | CorrelationId:37483ea22f784cae862bb0d9acd507ef | HTTP POST /api/Attendance/records responded 201 in 25.5299 ms
2026-04-19 19:19:13.089 +05:30 [INF] SmsApi.Middleware.LoggingActionFilter | CorrelationId:64c2785b4ca64318a2be31aac5fb6555 | API Request: POST /api/Attendance/records | User: Unknown | School: 550e8400-e29b-41d4-a716-446655440000
2026-04-19 19:19:13.165 +05:30 [INF] SmsApi.Middleware.LoggingActionFilter | CorrelationId:64c2785b4ca64318a2be31aac5fb6555 | API Response: POST /api/Attendance/records | Status: 200 | Duration: 76ms
2026-04-19 19:19:13.173 +05:30 [INF] Serilog.AspNetCore.RequestLoggingMiddleware | CorrelationId:64c2785b4ca64318a2be31aac5fb6555 | HTTP POST /api/Attendance/records responded 201 in 268.1936 ms
2026-04-19 19:19:13.202 +05:30 [INF] SmsApi.Middleware.LoggingActionFilter | CorrelationId:fc1249d49ed944d2b370419c81ca7495 | API Request: POST /api/Attendance/records | User: Unknown | School: 550e8400-e29b-41d4-a716-446655440000
2026-04-19 19:19:13.213 +05:30 [INF] SmsApi.Middleware.LoggingActionFilter | CorrelationId:fc1249d49ed944d2b370419c81ca7495 | API Response: POST /api/Attendance/records | Status: 200 | Duration: 11ms
2026-04-19 19:19:13.224 +05:30 [INF] Serilog.AspNetCore.RequestLoggingMiddleware | CorrelationId:fc1249d49ed944d2b370419c81ca7495 | HTTP POST /api/Attendance/records responded 201 in 26.2115 ms
2026-04-19 19:19:13.245 +05:30 [INF] SmsApi.Middleware.LoggingActionFilter | CorrelationId:bf1875a03c154507affa26aca1e7291b | API Request: POST /api/Attendance/records | User: Unknown | School: 550e8400-e29b-41d4-a716-446655440000
2026-04-19 19:19:13.265 +05:30 [INF] SmsApi.Middleware.LoggingActionFilter | CorrelationId:bf1875a03c154507affa26aca1e7291b | API Response: POST /api/Attendance/records | Status: 200 | Duration: 19ms
2026-04-19 19:19:13.284 +05:30 [INF] Serilog.AspNetCore.RequestLoggingMiddleware | CorrelationId:bf1875a03c154507affa26aca1e7291b | HTTP POST /api/Attendance/records responded 201 in 43.5329 ms
2026-04-19 19:19:13.449 +05:30 [INF] SmsApi.Middleware.LoggingActionFilter | CorrelationId:5e5e37ae303d4c2b985f58c43b6d5294 | API Request: POST /api/Attendance/records | User: Unknown | School: 550e8400-e29b-41d4-a716-446655440000
2026-04-19 19:19:13.473 +05:30 [INF] SmsApi.Middleware.LoggingActionFilter | CorrelationId:5e5e37ae303d4c2b985f58c43b6d5294 | API Response: POST /api/Attendance/records | Status: 200 | Duration: 23ms
2026-04-19 19:19:13.489 +05:30 [INF] Serilog.AspNetCore.RequestLoggingMiddleware | CorrelationId:5e5e37ae303d4c2b985f58c43b6d5294 | HTTP POST /api/Attendance/records responded 201 in 43.1860 ms
2026-04-19 19:19:13.681 +05:30 [INF] SmsApi.Middleware.LoggingActionFilter | CorrelationId:67b66cb1cf514e978b3383ab17d39a87 | API Request: POST /api/Attendance/records | User: Unknown | School: 550e8400-e29b-41d4-a716-446655440000
2026-04-19 19:19:13.706 +05:30 [INF] SmsApi.Middleware.LoggingActionFilter | CorrelationId:67b66cb1cf514e978b3383ab17d39a87 | API Response: POST /api/Attendance/records | Status: 200 | Duration: 25ms
2026-04-19 19:19:13.726 +05:30 [INF] Serilog.AspNetCore.RequestLoggingMiddleware | CorrelationId:67b66cb1cf514e978b3383ab17d39a87 | HTTP POST /api/Attendance/records responded 201 in 48.2300 ms
2026-04-19 19:19:13.767 +05:30 [INF] SmsApi.Middleware.LoggingActionFilter | CorrelationId:354bf5c56c9b4353bbdd1f82edd70f55 | API Request: POST /api/Attendance/records | User: Unknown | School: 550e8400-e29b-41d4-a716-446655440000
2026-04-19 19:19:13.932 +05:30 [INF] SmsApi.Middleware.LoggingActionFilter | CorrelationId:354bf5c56c9b4353bbdd1f82edd70f55 | API Response: POST /api/Attendance/records | Status: 200 | Duration: 165ms
2026-04-19 19:19:13.950 +05:30 [INF] Serilog.AspNetCore.RequestLoggingMiddleware | CorrelationId:354bf5c56c9b4353bbdd1f82edd70f55 | HTTP POST /api/Attendance/records responded 201 in 192.8332 ms
2026-04-19 19:19:13.994 +05:30 [INF] SmsApi.Middleware.LoggingActionFilter | CorrelationId:29e691f4fcb94a3c9fb60b3793526859 | API Request: POST /api/Attendance/records | User: Unknown | School: 550e8400-e29b-41d4-a716-446655440000
2026-04-19 19:19:14.019 +05:30 [INF] SmsApi.Middleware.LoggingActionFilter | CorrelationId:29e691f4fcb94a3c9fb60b3793526859 | API Response: POST /api/Attendance/records | Status: 200 | Duration: 24ms
2026-04-19 19:19:14.077 +05:30 [INF] Serilog.AspNetCore.RequestLoggingMiddleware | CorrelationId:29e691f4fcb94a3c9fb60b3793526859 | HTTP POST /api/Attendance/records responded 201 in 92.8869 ms
2026-04-19 19:19:14.126 +05:30 [INF] SmsApi.Middleware.LoggingActionFilter | CorrelationId:a634cb7200834ad0a8e5a79d27d0651f | API Request: POST /api/Attendance/records | User: Unknown | School: 550e8400-e29b-41d4-a716-446655440000
2026-04-19 19:19:14.151 +05:30 [INF] SmsApi.Middleware.LoggingActionFilter | CorrelationId:a634cb7200834ad0a8e5a79d27d0651f | API Response: POST /api/Attendance/records | Status: 200 | Duration: 24ms
2026-04-19 19:19:14.171 +05:30 [INF] Serilog.AspNetCore.RequestLoggingMiddleware | CorrelationId:a634cb7200834ad0a8e5a79d27d0651f | HTTP POST /api/Attendance/records responded 201 in 46.7471 ms
2026-04-19 19:19:14.211 +05:30 [INF] SmsApi.Middleware.LoggingActionFilter | CorrelationId:a32ea5423e574bfca021c5c80ee41500 | API Request: POST /api/Attendance/records | User: Unknown | School: 550e8400-e29b-41d4-a716-446655440000
2026-04-19 19:19:14.226 +05:30 [INF] SmsApi.Middleware.LoggingActionFilter | CorrelationId:a32ea5423e574bfca021c5c80ee41500 | API Response: POST /api/Attendance/records | Status: 200 | Duration: 15ms
2026-04-19 19:19:14.240 +05:30 [INF] Serilog.AspNetCore.RequestLoggingMiddleware | CorrelationId:a32ea5423e574bfca021c5c80ee41500 | HTTP POST /api/Attendance/records responded 201 in 32.7012 ms
2026-04-19 19:19:14.266 +05:30 [INF] SmsApi.Middleware.LoggingActionFilter | CorrelationId:96322711f486436cb72cdfebf11fc6de | API Request: POST /api/Attendance/records | User: Unknown | School: 550e8400-e29b-41d4-a716-446655440000
2026-04-19 19:19:14.273 +05:30 [INF] SmsApi.Middleware.LoggingActionFilter | CorrelationId:96322711f486436cb72cdfebf11fc6de | API Response: POST /api/Attendance/records | Status: 200 | Duration: 6ms
2026-04-19 19:19:14.280 +05:30 [INF] Serilog.AspNetCore.RequestLoggingMiddleware | CorrelationId:96322711f486436cb72cdfebf11fc6de | HTTP POST /api/Attendance/records responded 400 in 15.6750 ms
2026-04-19 19:19:14.360 +05:30 [INF] SmsApi.Middleware.LoggingActionFilter | CorrelationId:cd906f5525e0419ca32206adc5d2e00d | API Request: POST /api/Attendance/records/bulk | User: Unknown | School: 550e8400-e29b-41d4-a716-446655440000
2026-04-19 19:19:14.373 +05:30 [INF] SmsApi.Middleware.LoggingActionFilter | CorrelationId:cd906f5525e0419ca32206adc5d2e00d | API Response: POST /api/Attendance/records/bulk | Status: 200 | Duration: 13ms
2026-04-19 19:19:14.385 +05:30 [INF] Serilog.AspNetCore.RequestLoggingMiddleware | CorrelationId:cd906f5525e0419ca32206adc5d2e00d | HTTP POST /api/Attendance/records/bulk responded 400 in 44.4730 ms
2026-04-19 19:19:14.418 +05:30 [INF] SmsApi.Middleware.LoggingActionFilter | CorrelationId:5f42d3ac163a454498c685c077a2a931 | API Request: GET /api/Attendance/records | User: Unknown | School: 550e8400-e29b-41d4-a716-446655440000
2026-04-19 19:19:14.458 +05:30 [INF] SmsApi.Middleware.LoggingActionFilter | CorrelationId:5f42d3ac163a454498c685c077a2a931 | API Response: GET /api/Attendance/records | Status: 200 | Duration: 39ms
2026-04-19 19:19:14.473 +05:30 [INF] Serilog.AspNetCore.RequestLoggingMiddleware | CorrelationId:5f42d3ac163a454498c685c077a2a931 | HTTP GET /api/Attendance/records responded 200 in 59.5900 ms
2026-04-19 19:19:14.503 +05:30 [INF] SmsApi.Middleware.LoggingActionFilter | CorrelationId:6e40e1c7807b47698698456b17a2ee59 | API Request: POST /api/Attendance/leave-requests | User: Unknown | School: 550e8400-e29b-41d4-a716-446655440000
2026-04-19 19:19:14.606 +05:30 [INF] SmsApi.Middleware.LoggingActionFilter | CorrelationId:6e40e1c7807b47698698456b17a2ee59 | API Response: POST /api/Attendance/leave-requests | Status: 200 | Duration: 103ms
2026-04-19 19:19:14.645 +05:30 [INF] Serilog.AspNetCore.RequestLoggingMiddleware | CorrelationId:6e40e1c7807b47698698456b17a2ee59 | HTTP POST /api/Attendance/leave-requests responded 201 in 150.3229 ms
2026-04-19 19:19:14.695 +05:30 [INF] SmsApi.Middleware.LoggingActionFilter | CorrelationId:6dfa4eb13f814748a9576835d23f9a96 | API Request: POST /api/Attendance/leave-requests | User: Unknown | School: 550e8400-e29b-41d4-a716-446655440000
2026-04-19 19:19:14.707 +05:30 [INF] SmsApi.Middleware.LoggingActionFilter | CorrelationId:6dfa4eb13f814748a9576835d23f9a96 | API Response: POST /api/Attendance/leave-requests | Status: 200 | Duration: 11ms
2026-04-19 19:19:14.716 +05:30 [INF] Serilog.AspNetCore.RequestLoggingMiddleware | CorrelationId:6dfa4eb13f814748a9576835d23f9a96 | HTTP POST /api/Attendance/leave-requests responded 400 in 23.5001 ms
2026-04-19 19:19:14.731 +05:30 [INF] Serilog.AspNetCore.RequestLoggingMiddleware | CorrelationId:4ef57329b7a64211979f10b760b3a700 | HTTP GET /api/Attendance/records responded 401 in 0.3338 ms
2026-04-19 19:20:48.730 +05:30 [INF] Serilog.AspNetCore.RequestLoggingMiddleware | CorrelationId:98df2a89872e4a3fb4d05c49a8f2b310 | HTTP OPTIONS /api/auth/login responded 204 in 1.1860 ms
2026-04-19 19:20:48.855 +05:30 [INF] SmsApi.Middleware.LoggingActionFilter | CorrelationId:de6a3b5a6aff4f4c8155efeeecaff678 | API Request: POST /api/auth/login | User: Unknown | School: Unknown
2026-04-19 19:20:49.419 +05:30 [INF] SmsApi.Controllers.AuthController | CorrelationId:de6a3b5a6aff4f4c8155efeeecaff678 | Login successful for admin (SchoolId: "550e8400-e29b-41d4-a716-446655440000")
2026-04-19 19:20:49.423 +05:30 [INF] SmsApi.Middleware.LoggingActionFilter | CorrelationId:de6a3b5a6aff4f4c8155efeeecaff678 | API Response: POST /api/auth/login | Status: 200 | Duration: 567ms
2026-04-19 19:20:49.462 +05:30 [INF] Serilog.AspNetCore.RequestLoggingMiddleware | CorrelationId:de6a3b5a6aff4f4c8155efeeecaff678 | HTTP POST /api/auth/login responded 200 in 616.3292 ms
2026-04-19 19:20:49.517 +05:30 [WRN] SmsApi.Infrastructure.Performance.PerformanceMonitoringMiddleware | CorrelationId: | Slow request: POST /api/auth/login took 608ms — status 200.
2026-04-19 19:20:49.675 +05:30 [INF] Serilog.AspNetCore.RequestLoggingMiddleware | CorrelationId:dca59d830fc74147bbd07407b9088a5c | HTTP OPTIONS /api/students responded 204 in 1.7515 ms
2026-04-19 19:20:49.793 +05:30 [INF] Serilog.AspNetCore.RequestLoggingMiddleware | CorrelationId:c7f0309302564f74bd12595885e85184 | HTTP OPTIONS /api/Attendance/records responded 204 in 0.1831 ms
2026-04-19 19:20:49.829 +05:30 [INF] Serilog.AspNetCore.RequestLoggingMiddleware | CorrelationId:71b5a8ee8aba4f42b3a8d459052bdc8d | HTTP OPTIONS /api/settings/school/me responded 204 in 0.1364 ms
2026-04-19 19:20:49.844 +05:30 [INF] Serilog.AspNetCore.RequestLoggingMiddleware | CorrelationId:6fd398e63c5d4978ac9c2db045059a1d | HTTP OPTIONS /api/staff responded 204 in 0.1175 ms
2026-04-19 19:20:49.858 +05:30 [INF] Serilog.AspNetCore.RequestLoggingMiddleware | CorrelationId:b0a230b679c2488aa29dc58380a56948 | HTTP OPTIONS /api/fees/stats responded 204 in 0.0952 ms
2026-04-19 19:20:49.931 +05:30 [INF] Serilog.AspNetCore.RequestLoggingMiddleware | CorrelationId:fedbd57e9ce7407fb226b2662efb82e2 | HTTP OPTIONS /api/staff responded 204 in 0.0686 ms
2026-04-19 19:20:49.932 +05:30 [INF] Serilog.AspNetCore.RequestLoggingMiddleware | CorrelationId:c963e47acbdf42e4bb2c2606388a0c82 | HTTP OPTIONS /api/Attendance/records responded 204 in 0.0680 ms
2026-04-19 19:20:49.870 +05:30 [INF] Serilog.AspNetCore.RequestLoggingMiddleware | CorrelationId:87a046e1f4d743c1a6de800ddcde3abd | HTTP OPTIONS /api/students responded 204 in 2.4153 ms
2026-04-19 19:20:50.966 +05:30 [WRN] SmsApi.Infrastructure.Performance.PerformanceMonitoringMiddleware | CorrelationId: | Slow request: OPTIONS /api/fees/stats took 1108ms — status 204.
2026-04-19 19:20:51.009 +05:30 [WRN] SmsApi.Infrastructure.Performance.PerformanceMonitoringMiddleware | CorrelationId: | Slow request: OPTIONS /api/staff took 1078ms — status 204.
2026-04-19 19:20:51.024 +05:30 [WRN] SmsApi.Infrastructure.Performance.PerformanceMonitoringMiddleware | CorrelationId: | Slow request: OPTIONS /api/Attendance/records took 1091ms — status 204.
2026-04-19 19:20:51.046 +05:30 [WRN] SmsApi.Infrastructure.Performance.PerformanceMonitoringMiddleware | CorrelationId: | Slow request: OPTIONS /api/students took 1178ms — status 204.
2026-04-19 19:20:51.090 +05:30 [INF] Serilog.AspNetCore.RequestLoggingMiddleware | CorrelationId:19be45046264435b947fb1c3ed6b35b4 | HTTP OPTIONS /api/fees/stats responded 204 in 2.2270 ms
2026-04-19 19:20:51.126 +05:30 [INF] SmsApi.Middleware.LoggingActionFilter | CorrelationId:8c2fcfdc42d64c1a9d9db430dbecb4b2 | API Request: GET /api/students | User: Unknown | School: 550e8400-e29b-41d4-a716-446655440000
2026-04-19 19:20:52.251 +05:30 [INF] SmsApi.Middleware.LoggingActionFilter | CorrelationId:8c2fcfdc42d64c1a9d9db430dbecb4b2 | API Response: GET /api/students | Status: 200 | Duration: 1125ms
2026-04-19 19:20:53.084 +05:30 [INF] Serilog.AspNetCore.RequestLoggingMiddleware | CorrelationId:8c2fcfdc42d64c1a9d9db430dbecb4b2 | HTTP GET /api/students responded 200 in 1973.9962 ms
2026-04-19 19:20:53.724 +05:30 [ERR] SmsApi.Infrastructure.Performance.PerformanceMonitoringMiddleware | CorrelationId: | SLA BREACH: GET /api/students took 2614ms — status 200. Investigate immediately.
2026-04-19 19:20:55.610 +05:30 [INF] Serilog.AspNetCore.RequestLoggingMiddleware | CorrelationId:481112ebc2824aa0a60e267fa06046b0 | HTTP OPTIONS /api/Attendance/records responded 204 in 1.1726 ms
2026-04-19 19:20:55.616 +05:30 [INF] Serilog.AspNetCore.RequestLoggingMiddleware | CorrelationId:4ba16609f76147e5a1076b679ce35db4 | HTTP OPTIONS /api/fees/stats responded 204 in 0.1544 ms
2026-04-19 19:20:55.625 +05:30 [INF] Serilog.AspNetCore.RequestLoggingMiddleware | CorrelationId:8db86c19619043a98e915b4cef7d1c4c | HTTP OPTIONS /api/students responded 204 in 17.5225 ms
2026-04-19 19:20:55.631 +05:30 [INF] Serilog.AspNetCore.RequestLoggingMiddleware | CorrelationId:e087c3c249e243b686e8b726d0dc470e | HTTP OPTIONS /api/academics/academic-years responded 204 in 0.1051 ms
2026-04-19 19:20:55.734 +05:30 [INF] Serilog.AspNetCore.RequestLoggingMiddleware | CorrelationId:011c990fdf634078b84367cf706c1eda | HTTP OPTIONS /api/staff responded 204 in 0.1083 ms
2026-04-19 19:20:56.067 +05:30 [INF] Serilog.AspNetCore.RequestLoggingMiddleware | CorrelationId:e43389b07ef64231bc32bd6fbe36aa4a | HTTP OPTIONS /api/students responded 204 in 0.1493 ms
2026-04-19 19:20:56.424 +05:30 [WRN] SmsApi.Infrastructure.Performance.PerformanceMonitoringMiddleware | CorrelationId: | Slow request: OPTIONS /api/Attendance/records took 814ms — status 204.
2026-04-19 19:20:56.432 +05:30 [WRN] SmsApi.Infrastructure.Performance.PerformanceMonitoringMiddleware | CorrelationId: | Slow request: OPTIONS /api/fees/stats took 815ms — status 204.
2026-04-19 19:20:56.449 +05:30 [WRN] SmsApi.Infrastructure.Performance.PerformanceMonitoringMiddleware | CorrelationId: | Slow request: OPTIONS /api/students took 841ms — status 204.
2026-04-19 19:20:56.459 +05:30 [WRN] SmsApi.Infrastructure.Performance.PerformanceMonitoringMiddleware | CorrelationId: | Slow request: OPTIONS /api/academics/academic-years took 827ms — status 204.
2026-04-19 19:20:56.470 +05:30 [WRN] SmsApi.Infrastructure.Performance.PerformanceMonitoringMiddleware | CorrelationId: | Slow request: OPTIONS /api/staff took 736ms — status 204.
2026-04-19 19:20:56.588 +05:30 [INF] Serilog.AspNetCore.RequestLoggingMiddleware | CorrelationId:51ade4de703e42779f9bf04aefe02049 | HTTP OPTIONS /api/staff responded 204 in 23.1865 ms
2026-04-19 19:20:56.625 +05:30 [INF] Serilog.AspNetCore.RequestLoggingMiddleware | CorrelationId:232218021cb14d8997e71cd8762f76d3 | HTTP OPTIONS /api/Attendance/records responded 204 in 0.1603 ms
2026-04-19 19:20:56.768 +05:30 [INF] Serilog.AspNetCore.RequestLoggingMiddleware | CorrelationId:7f36111620f4408b96e0d1e7b25f6bba | HTTP OPTIONS /api/fees/stats responded 204 in 0.2245 ms
2026-04-19 19:20:56.851 +05:30 [INF] Serilog.AspNetCore.RequestLoggingMiddleware | CorrelationId:a9c8d95807c94af5bbf3748128fea18b | HTTP OPTIONS /api/academics/academic-years responded 204 in 0.1315 ms
2026-04-19 19:20:56.915 +05:30 [INF] Serilog.AspNetCore.RequestLoggingMiddleware | CorrelationId:4153b70a711240f4b861c173ab0dd1a1 | HTTP OPTIONS /api/settings/school/me responded 204 in 0.1035 ms
2026-04-19 19:20:57.048 +05:30 [INF] SmsApi.Middleware.LoggingActionFilter | CorrelationId:f4bbc22c9ee848daadb4661f82cfcc7e | API Request: GET /api/students | User: Unknown | School: 550e8400-e29b-41d4-a716-446655440000
2026-04-19 19:20:57.222 +05:30 [INF] SmsApi.Middleware.LoggingActionFilter | CorrelationId:07a1fb3f36cd48faad6819c9fefa3424 | API Request: GET /api/fees/stats | User: Unknown | School: 550e8400-e29b-41d4-a716-446655440000
2026-04-19 19:20:57.414 +05:30 [WRN] SmsApi.Infrastructure.Performance.PerformanceMonitoringMiddleware | CorrelationId: | Slow request: OPTIONS /api/academics/academic-years took 562ms — status 204.
2026-04-19 19:20:57.415 +05:30 [INF] SmsApi.Middleware.LoggingActionFilter | CorrelationId:92f0e202f3b0451188332f1f4059a7f5 | API Request: GET /api/students | User: Unknown | School: 550e8400-e29b-41d4-a716-446655440000
2026-04-19 19:20:57.455 +05:30 [WRN] SmsApi.Infrastructure.Performance.PerformanceMonitoringMiddleware | CorrelationId: | Slow request: OPTIONS /api/settings/school/me took 540ms — status 204.
2026-04-19 19:20:57.489 +05:30 [INF] SmsApi.Middleware.LoggingActionFilter | CorrelationId:81d195f33f734cbe8d3013b2afb5cb2b | API Request: GET /api/Attendance/records | User: Unknown | School: 550e8400-e29b-41d4-a716-446655440000
2026-04-19 19:20:57.525 +05:30 [INF] SmsApi.Middleware.LoggingActionFilter | CorrelationId:f4bbc22c9ee848daadb4661f82cfcc7e | API Response: GET /api/students | Status: 200 | Duration: 476ms
2026-04-19 19:20:57.641 +05:30 [INF] SmsApi.Middleware.LoggingActionFilter | CorrelationId:a229961866c24916b245740e8dc6e0fb | API Request: GET /api/academics/academic-years | User: Unknown | School: 550e8400-e29b-41d4-a716-446655440000
2026-04-19 19:20:57.781 +05:30 [INF] SmsApi.Middleware.LoggingActionFilter | CorrelationId:92f0e202f3b0451188332f1f4059a7f5 | API Response: GET /api/students | Status: 200 | Duration: 365ms
2026-04-19 19:20:57.891 +05:30 [INF] SmsApi.Middleware.LoggingActionFilter | CorrelationId:7208b027e9dd47a59267e9fd539249cc | API Request: GET /api/staff | User: Unknown | School: 550e8400-e29b-41d4-a716-446655440000
2026-04-19 19:20:57.897 +05:30 [INF] Serilog.AspNetCore.RequestLoggingMiddleware | CorrelationId:f4bbc22c9ee848daadb4661f82cfcc7e | HTTP GET /api/students responded 200 in 923.2253 ms
2026-04-19 19:20:57.984 +05:30 [INF] SmsApi.Middleware.LoggingActionFilter | CorrelationId:81d195f33f734cbe8d3013b2afb5cb2b | API Response: GET /api/Attendance/records | Status: 200 | Duration: 494ms
2026-04-19 19:20:58.230 +05:30 [INF] SmsApi.Middleware.LoggingActionFilter | CorrelationId:07a1fb3f36cd48faad6819c9fefa3424 | API Response: GET /api/fees/stats | Status: 200 | Duration: 1007ms
2026-04-19 19:20:58.246 +05:30 [INF] Serilog.AspNetCore.RequestLoggingMiddleware | CorrelationId:92f0e202f3b0451188332f1f4059a7f5 | HTTP GET /api/students responded 200 in 873.5242 ms
2026-04-19 19:20:58.313 +05:30 [WRN] SmsApi.Infrastructure.Performance.PerformanceMonitoringMiddleware | CorrelationId: | Slow request: GET /api/students took 873ms — status 200.
2026-04-19 19:20:58.278 +05:30 [INF] SmsApi.Middleware.LoggingActionFilter | CorrelationId:7208b027e9dd47a59267e9fd539249cc | API Response: GET /api/staff | Status: 200 | Duration: 386ms
2026-04-19 19:20:58.291 +05:30 [INF] Serilog.AspNetCore.RequestLoggingMiddleware | CorrelationId:81d195f33f734cbe8d3013b2afb5cb2b | HTTP GET /api/Attendance/records responded 200 in 1285.0616 ms
2026-04-19 19:20:58.362 +05:30 [WRN] SmsApi.Infrastructure.Performance.PerformanceMonitoringMiddleware | CorrelationId: | Slow request: GET /api/Attendance/records took 1285ms — status 200.
2026-04-19 19:20:58.330 +05:30 [INF] Serilog.AspNetCore.RequestLoggingMiddleware | CorrelationId:07a1fb3f36cd48faad6819c9fefa3424 | HTTP GET /api/fees/stats responded 200 in 1284.3207 ms
2026-04-19 19:20:58.346 +05:30 [INF] SmsApi.Middleware.LoggingActionFilter | CorrelationId:8cd381a6fefc4a7faef2f542456063e8 | API Request: GET /api/staff | User: Unknown | School: 550e8400-e29b-41d4-a716-446655440000
2026-04-19 19:20:58.350 +05:30 [INF] Serilog.AspNetCore.RequestLoggingMiddleware | CorrelationId:7208b027e9dd47a59267e9fd539249cc | HTTP GET /api/staff responded 200 in 483.0623 ms
2026-04-19 19:20:58.275 +05:30 [WRN] SmsApi.Infrastructure.Performance.PerformanceMonitoringMiddleware | CorrelationId: | Slow request: GET /api/students took 923ms — status 200.
2026-04-19 19:20:58.409 +05:30 [INF] SmsApi.Middleware.LoggingActionFilter | CorrelationId:7c5e326313b54bc288f2574f3c17d390 | API Request: GET /api/Attendance/records | User: Unknown | School: 550e8400-e29b-41d4-a716-446655440000
2026-04-19 19:20:58.414 +05:30 [WRN] SmsApi.Infrastructure.Performance.PerformanceMonitoringMiddleware | CorrelationId: | Slow request: GET /api/fees/stats took 1284ms — status 200.
2026-04-19 19:20:58.422 +05:30 [INF] SmsApi.Middleware.LoggingActionFilter | CorrelationId:a229961866c24916b245740e8dc6e0fb | API Response: GET /api/academics/academic-years | Status: 200 | Duration: 781ms
2026-04-19 19:20:58.423 +05:30 [INF] SmsApi.Middleware.LoggingActionFilter | CorrelationId:8cd381a6fefc4a7faef2f542456063e8 | API Response: GET /api/staff | Status: 200 | Duration: 76ms
2026-04-19 19:20:58.443 +05:30 [INF] SmsApi.Middleware.LoggingActionFilter | CorrelationId:7576cc6e1d9247a69ee690a82327ed16 | API Request: GET /api/fees/stats | User: Unknown | School: 550e8400-e29b-41d4-a716-446655440000
2026-04-19 19:20:58.468 +05:30 [INF] SmsApi.Middleware.LoggingActionFilter | CorrelationId:88bb4dcd23ff4e5aa41b12ee2fd1e268 | API Request: GET /api/academics/academic-years | User: Unknown | School: 550e8400-e29b-41d4-a716-446655440000
2026-04-19 19:20:58.481 +05:30 [INF] SmsApi.Middleware.LoggingActionFilter | CorrelationId:7c5e326313b54bc288f2574f3c17d390 | API Response: GET /api/Attendance/records | Status: 200 | Duration: 72ms
2026-04-19 19:20:58.526 +05:30 [INF] SmsApi.Middleware.LoggingActionFilter | CorrelationId:102ecbc8dee144e58715ef38f6e1a638 | API Request: GET /api/settings/school/me | User: Unknown | School: 550e8400-e29b-41d4-a716-446655440000
2026-04-19 19:20:58.536 +05:30 [INF] Serilog.AspNetCore.RequestLoggingMiddleware | CorrelationId:a229961866c24916b245740e8dc6e0fb | HTTP GET /api/academics/academic-years responded 200 in 940.4347 ms
2026-04-19 19:20:58.558 +05:30 [INF] Serilog.AspNetCore.RequestLoggingMiddleware | CorrelationId:8cd381a6fefc4a7faef2f542456063e8 | HTTP GET /api/staff responded 200 in 222.1545 ms
2026-04-19 19:20:58.622 +05:30 [INF] SmsApi.Middleware.LoggingActionFilter | CorrelationId:7576cc6e1d9247a69ee690a82327ed16 | API Response: GET /api/fees/stats | Status: 200 | Duration: 179ms
2026-04-19 19:20:58.628 +05:30 [INF] SmsApi.Middleware.LoggingActionFilter | CorrelationId:88bb4dcd23ff4e5aa41b12ee2fd1e268 | API Response: GET /api/academics/academic-years | Status: 200 | Duration: 159ms
2026-04-19 19:20:58.809 +05:30 [INF] Serilog.AspNetCore.RequestLoggingMiddleware | CorrelationId:7c5e326313b54bc288f2574f3c17d390 | HTTP GET /api/Attendance/records responded 200 in 412.9395 ms
2026-04-19 19:20:58.847 +05:30 [WRN] SmsApi.Infrastructure.Performance.PerformanceMonitoringMiddleware | CorrelationId: | Slow request: GET /api/academics/academic-years took 940ms — status 200.
2026-04-19 19:20:58.859 +05:30 [INF] SmsApi.Middleware.LoggingActionFilter | CorrelationId:102ecbc8dee144e58715ef38f6e1a638 | API Response: GET /api/settings/school/me | Status: 200 | Duration: 333ms
2026-04-19 19:20:58.869 +05:30 [INF] Serilog.AspNetCore.RequestLoggingMiddleware | CorrelationId:7576cc6e1d9247a69ee690a82327ed16 | HTTP GET /api/fees/stats responded 200 in 436.0327 ms
2026-04-19 19:20:58.878 +05:30 [INF] Serilog.AspNetCore.RequestLoggingMiddleware | CorrelationId:88bb4dcd23ff4e5aa41b12ee2fd1e268 | HTTP GET /api/academics/academic-years responded 200 in 413.9352 ms
2026-04-19 19:20:58.931 +05:30 [INF] Serilog.AspNetCore.RequestLoggingMiddleware | CorrelationId:102ecbc8dee144e58715ef38f6e1a638 | HTTP GET /api/settings/school/me responded 200 in 418.6548 ms
2026-04-19 19:21:01.778 +05:30 [INF] Serilog.AspNetCore.RequestLoggingMiddleware | CorrelationId:843f76c0b670440da5181509403dd6c4 | HTTP OPTIONS /api/academics/academic-years responded 204 in 0.6807 ms
2026-04-19 19:21:01.778 +05:30 [INF] Serilog.AspNetCore.RequestLoggingMiddleware | CorrelationId:b9170777192b4c649be9d83924e5754f | HTTP OPTIONS /api/academics/academic-years responded 204 in 2.1985 ms
2026-04-19 19:21:02.031 +05:30 [INF] SmsApi.Middleware.LoggingActionFilter | CorrelationId:54ecff68aa1044cca9266ebd7c2134ec | API Request: GET /api/academics/academic-years | User: Unknown | School: 550e8400-e29b-41d4-a716-446655440000
2026-04-19 19:21:02.042 +05:30 [INF] SmsApi.Middleware.LoggingActionFilter | CorrelationId:d1c9a3abbe5340b98162d5ab240f9680 | API Request: GET /api/academics/academic-years | User: Unknown | School: 550e8400-e29b-41d4-a716-446655440000
2026-04-19 19:21:02.247 +05:30 [INF] SmsApi.Middleware.LoggingActionFilter | CorrelationId:54ecff68aa1044cca9266ebd7c2134ec | API Response: GET /api/academics/academic-years | Status: 200 | Duration: 216ms
2026-04-19 19:21:02.249 +05:30 [INF] SmsApi.Middleware.LoggingActionFilter | CorrelationId:d1c9a3abbe5340b98162d5ab240f9680 | API Response: GET /api/academics/academic-years | Status: 200 | Duration: 207ms
2026-04-19 19:21:02.309 +05:30 [INF] Serilog.AspNetCore.RequestLoggingMiddleware | CorrelationId:54ecff68aa1044cca9266ebd7c2134ec | HTTP GET /api/academics/academic-years responded 200 in 284.7147 ms
2026-04-19 19:21:02.313 +05:30 [INF] Serilog.AspNetCore.RequestLoggingMiddleware | CorrelationId:d1c9a3abbe5340b98162d5ab240f9680 | HTTP GET /api/academics/academic-years responded 200 in 276.2335 ms
2026-04-19 19:21:03.094 +05:30 [INF] Serilog.AspNetCore.RequestLoggingMiddleware | CorrelationId:d58ac47a71d046d784430f5efc728926 | HTTP OPTIONS /api/staff responded 204 in 0.0768 ms
2026-04-19 19:21:03.095 +05:30 [INF] Serilog.AspNetCore.RequestLoggingMiddleware | CorrelationId:aa3c8fcf7e1148db8e7e2156eb8b5cef | HTTP OPTIONS /api/staff responded 204 in 0.0348 ms
2026-04-19 19:21:03.179 +05:30 [INF] SmsApi.Middleware.LoggingActionFilter | CorrelationId:a1746780cbf24b529a19e5613fb4b2bc | API Request: GET /api/staff | User: Unknown | School: 550e8400-e29b-41d4-a716-446655440000
2026-04-19 19:21:03.192 +05:30 [INF] SmsApi.Middleware.LoggingActionFilter | CorrelationId:f10e05cecce74e3f904f01b43a23336b | API Request: GET /api/staff | User: Unknown | School: 550e8400-e29b-41d4-a716-446655440000
2026-04-19 19:21:03.270 +05:30 [INF] SmsApi.Middleware.LoggingActionFilter | CorrelationId:a1746780cbf24b529a19e5613fb4b2bc | API Response: GET /api/staff | Status: 200 | Duration: 91ms
2026-04-19 19:21:03.283 +05:30 [INF] SmsApi.Middleware.LoggingActionFilter | CorrelationId:f10e05cecce74e3f904f01b43a23336b | API Response: GET /api/staff | Status: 200 | Duration: 90ms
2026-04-19 19:21:03.297 +05:30 [INF] Serilog.AspNetCore.RequestLoggingMiddleware | CorrelationId:f10e05cecce74e3f904f01b43a23336b | HTTP GET /api/staff responded 200 in 109.3378 ms
2026-04-19 19:21:03.288 +05:30 [INF] Serilog.AspNetCore.RequestLoggingMiddleware | CorrelationId:a1746780cbf24b529a19e5613fb4b2bc | HTTP GET /api/staff responded 200 in 133.1237 ms
2026-04-19 19:21:05.664 +05:30 [INF] Serilog.AspNetCore.RequestLoggingMiddleware | CorrelationId:e4b4b5beae7741c7ba7bc40aaf310f8f | HTTP OPTIONS /api/students responded 204 in 9.2712 ms
2026-04-19 19:21:05.667 +05:30 [INF] Serilog.AspNetCore.RequestLoggingMiddleware | CorrelationId:71602ca7e516493087e2d8e7cc8ba8eb | HTTP OPTIONS /api/students responded 204 in 0.1046 ms
2026-04-19 19:21:05.765 +05:30 [INF] SmsApi.Middleware.LoggingActionFilter | CorrelationId:56224960a09e49aa868467eace1ea9be | API Request: GET /api/students | User: Unknown | School: 550e8400-e29b-41d4-a716-446655440000
2026-04-19 19:21:05.825 +05:30 [INF] SmsApi.Middleware.LoggingActionFilter | CorrelationId:6977de47cc754971ab078f900f8f3348 | API Request: GET /api/students | User: Unknown | School: 550e8400-e29b-41d4-a716-446655440000
2026-04-19 19:21:05.825 +05:30 [INF] SmsApi.Middleware.LoggingActionFilter | CorrelationId:56224960a09e49aa868467eace1ea9be | API Response: GET /api/students | Status: 200 | Duration: 60ms
2026-04-19 19:21:05.952 +05:30 [INF] Serilog.AspNetCore.RequestLoggingMiddleware | CorrelationId:56224960a09e49aa868467eace1ea9be | HTTP GET /api/students responded 200 in 190.8636 ms
2026-04-19 19:21:05.957 +05:30 [INF] SmsApi.Middleware.LoggingActionFilter | CorrelationId:6977de47cc754971ab078f900f8f3348 | API Response: GET /api/students | Status: 200 | Duration: 131ms
2026-04-19 19:21:06.370 +05:30 [INF] Serilog.AspNetCore.RequestLoggingMiddleware | CorrelationId:6977de47cc754971ab078f900f8f3348 | HTTP GET /api/students responded 200 in 579.5755 ms
2026-04-19 19:21:06.491 +05:30 [WRN] SmsApi.Infrastructure.Performance.PerformanceMonitoringMiddleware | CorrelationId: | Slow request: GET /api/students took 579ms — status 200.
2026-04-19 19:21:09.862 +05:30 [INF] Serilog.AspNetCore.RequestLoggingMiddleware | CorrelationId:30e57ce58e754dd3986376b3e6f17181 | HTTP OPTIONS /api/students responded 204 in 0.0872 ms
2026-04-19 19:21:09.863 +05:30 [INF] Serilog.AspNetCore.RequestLoggingMiddleware | CorrelationId:67954ec34dfe4b17a4b1d847453ac359 | HTTP OPTIONS /api/students/99f39749-3837-4ee3-91f4-5a7e37ef8118 responded 204 in 0.0577 ms
2026-04-19 19:21:09.862 +05:30 [INF] Serilog.AspNetCore.RequestLoggingMiddleware | CorrelationId:d8860e0f47dd49acb5be94211a8fcad9 | HTTP OPTIONS /api/students/99f39749-3837-4ee3-91f4-5a7e37ef8118 responded 204 in 0.0874 ms
2026-04-19 19:21:09.865 +05:30 [INF] Serilog.AspNetCore.RequestLoggingMiddleware | CorrelationId:4eba75ce385d4ad3a80166c103d98c26 | HTTP OPTIONS /api/students responded 204 in 0.3781 ms
2026-04-19 19:21:09.912 +05:30 [INF] SmsApi.Middleware.LoggingActionFilter | CorrelationId:b497d35713c149419961f0428e61d43e | API Request: GET /api/students | User: Unknown | School: 550e8400-e29b-41d4-a716-446655440000
2026-04-19 19:21:09.922 +05:30 [INF] SmsApi.Middleware.LoggingActionFilter | CorrelationId:a37d3ab2ba174318bb0c63e78ffc5a05 | API Request: GET /api/students/99f39749-3837-4ee3-91f4-5a7e37ef8118 | User: Unknown | School: 550e8400-e29b-41d4-a716-446655440000
2026-04-19 19:21:09.938 +05:30 [INF] SmsApi.Middleware.LoggingActionFilter | CorrelationId:9d255ac308bb4f408a5ca469db6dce5d | API Request: GET /api/students/99f39749-3837-4ee3-91f4-5a7e37ef8118 | User: Unknown | School: 550e8400-e29b-41d4-a716-446655440000
2026-04-19 19:21:09.987 +05:30 [INF] SmsApi.Middleware.LoggingActionFilter | CorrelationId:063de06da9d242708d7cdb8fc3e2ebd1 | API Request: GET /api/students | User: Unknown | School: 550e8400-e29b-41d4-a716-446655440000
2026-04-19 19:21:09.999 +05:30 [INF] SmsApi.Middleware.LoggingActionFilter | CorrelationId:b497d35713c149419961f0428e61d43e | API Response: GET /api/students | Status: 200 | Duration: 86ms
2026-04-19 19:21:10.056 +05:30 [INF] Serilog.AspNetCore.RequestLoggingMiddleware | CorrelationId:b497d35713c149419961f0428e61d43e | HTTP GET /api/students responded 200 in 153.5388 ms
2026-04-19 19:21:10.145 +05:30 [INF] SmsApi.Middleware.LoggingActionFilter | CorrelationId:9d255ac308bb4f408a5ca469db6dce5d | API Response: GET /api/students/99f39749-3837-4ee3-91f4-5a7e37ef8118 | Status: 200 | Duration: 207ms
2026-04-19 19:21:10.153 +05:30 [INF] SmsApi.Middleware.LoggingActionFilter | CorrelationId:a37d3ab2ba174318bb0c63e78ffc5a05 | API Response: GET /api/students/99f39749-3837-4ee3-91f4-5a7e37ef8118 | Status: 200 | Duration: 231ms
2026-04-19 19:21:10.195 +05:30 [INF] Serilog.AspNetCore.RequestLoggingMiddleware | CorrelationId:a37d3ab2ba174318bb0c63e78ffc5a05 | HTTP GET /api/students/99f39749-3837-4ee3-91f4-5a7e37ef8118 responded 200 in 276.6655 ms
2026-04-19 19:21:10.192 +05:30 [INF] Serilog.AspNetCore.RequestLoggingMiddleware | CorrelationId:9d255ac308bb4f408a5ca469db6dce5d | HTTP GET /api/students/99f39749-3837-4ee3-91f4-5a7e37ef8118 responded 200 in 256.1728 ms
2026-04-19 19:21:10.184 +05:30 [INF] SmsApi.Middleware.LoggingActionFilter | CorrelationId:063de06da9d242708d7cdb8fc3e2ebd1 | API Response: GET /api/students | Status: 200 | Duration: 197ms
2026-04-19 19:21:10.232 +05:30 [INF] Serilog.AspNetCore.RequestLoggingMiddleware | CorrelationId:937483f34dc642fc881865c29a39474d | HTTP OPTIONS /api/students/99f39749-3837-4ee3-91f4-5a7e37ef8118/siblings responded 204 in 0.0779 ms
2026-04-19 19:21:10.265 +05:30 [INF] Serilog.AspNetCore.RequestLoggingMiddleware | CorrelationId:fcebb84e410d447b9c6dac5fe7c9f4f8 | HTTP OPTIONS /api/students/99f39749-3837-4ee3-91f4-5a7e37ef8118/siblings responded 204 in 0.0788 ms
2026-04-19 19:21:10.281 +05:30 [INF] Serilog.AspNetCore.RequestLoggingMiddleware | CorrelationId:063de06da9d242708d7cdb8fc3e2ebd1 | HTTP GET /api/students responded 200 in 297.4220 ms
2026-04-19 19:21:10.319 +05:30 [INF] SmsApi.Middleware.LoggingActionFilter | CorrelationId:895b167054c04b45b66179da24380b22 | API Request: GET /api/students/99f39749-3837-4ee3-91f4-5a7e37ef8118/siblings | User: Unknown | School: 550e8400-e29b-41d4-a716-446655440000
2026-04-19 19:21:10.354 +05:30 [INF] SmsApi.Middleware.LoggingActionFilter | CorrelationId:8b7020bdba6642ea869a90028c146020 | API Request: GET /api/students/99f39749-3837-4ee3-91f4-5a7e37ef8118/siblings | User: Unknown | School: 550e8400-e29b-41d4-a716-446655440000
2026-04-19 19:21:10.405 +05:30 [INF] SmsApi.Middleware.LoggingActionFilter | CorrelationId:8b7020bdba6642ea869a90028c146020 | API Response: GET /api/students/99f39749-3837-4ee3-91f4-5a7e37ef8118/siblings | Status: 200 | Duration: 50ms
2026-04-19 19:21:10.405 +05:30 [INF] SmsApi.Middleware.LoggingActionFilter | CorrelationId:895b167054c04b45b66179da24380b22 | API Response: GET /api/students/99f39749-3837-4ee3-91f4-5a7e37ef8118/siblings | Status: 200 | Duration: 86ms
2026-04-19 19:21:10.411 +05:30 [INF] Serilog.AspNetCore.RequestLoggingMiddleware | CorrelationId:8b7020bdba6642ea869a90028c146020 | HTTP GET /api/students/99f39749-3837-4ee3-91f4-5a7e37ef8118/siblings responded 200 in 65.3017 ms
2026-04-19 19:21:10.416 +05:30 [INF] Serilog.AspNetCore.RequestLoggingMiddleware | CorrelationId:895b167054c04b45b66179da24380b22 | HTTP GET /api/students/99f39749-3837-4ee3-91f4-5a7e37ef8118/siblings responded 200 in 111.3076 ms
2026-04-19 19:21:10.425 +05:30 [INF] Serilog.AspNetCore.RequestLoggingMiddleware | CorrelationId:93b9223bb06c40039944068221008365 | HTTP OPTIONS /api/students/99f39749-3837-4ee3-91f4-5a7e37ef8118/profile-summary responded 204 in 0.0675 ms
2026-04-19 19:21:10.441 +05:30 [INF] Serilog.AspNetCore.RequestLoggingMiddleware | CorrelationId:8d83e2ca7cc8446f9c7bf7b76fbd48a1 | HTTP OPTIONS /api/students/99f39749-3837-4ee3-91f4-5a7e37ef8118/profile-summary responded 204 in 0.1683 ms
2026-04-19 19:21:10.463 +05:30 [INF] SmsApi.Middleware.LoggingActionFilter | CorrelationId:27fa6ec1bc6c404f90db4320563f1097 | API Request: GET /api/students/99f39749-3837-4ee3-91f4-5a7e37ef8118/profile-summary | User: Unknown | School: 550e8400-e29b-41d4-a716-446655440000
2026-04-19 19:21:10.503 +05:30 [INF] SmsApi.Middleware.LoggingActionFilter | CorrelationId:92504c6619b5440ebd7541978d6c803f | API Request: GET /api/students/99f39749-3837-4ee3-91f4-5a7e37ef8118/profile-summary | User: Unknown | School: 550e8400-e29b-41d4-a716-446655440000
2026-04-19 19:21:11.404 +05:30 [INF] SmsApi.Middleware.LoggingActionFilter | CorrelationId:92504c6619b5440ebd7541978d6c803f | API Response: GET /api/students/99f39749-3837-4ee3-91f4-5a7e37ef8118/profile-summary | Status: 200 | Duration: 900ms
2026-04-19 19:21:11.404 +05:30 [INF] SmsApi.Middleware.LoggingActionFilter | CorrelationId:27fa6ec1bc6c404f90db4320563f1097 | API Response: GET /api/students/99f39749-3837-4ee3-91f4-5a7e37ef8118/profile-summary | Status: 200 | Duration: 940ms
2026-04-19 19:21:11.517 +05:30 [INF] Serilog.AspNetCore.RequestLoggingMiddleware | CorrelationId:92504c6619b5440ebd7541978d6c803f | HTTP GET /api/students/99f39749-3837-4ee3-91f4-5a7e37ef8118/profile-summary responded 200 in 1018.4374 ms
2026-04-19 19:21:11.562 +05:30 [WRN] SmsApi.Infrastructure.Performance.PerformanceMonitoringMiddleware | CorrelationId: | Slow request: GET /api/students/99f39749-3837-4ee3-91f4-5a7e37ef8118/profile-summary took 1018ms — status 200.
2026-04-19 19:21:11.517 +05:30 [INF] Serilog.AspNetCore.RequestLoggingMiddleware | CorrelationId:27fa6ec1bc6c404f90db4320563f1097 | HTTP GET /api/students/99f39749-3837-4ee3-91f4-5a7e37ef8118/profile-summary responded 200 in 1064.6742 ms
2026-04-19 19:21:11.800 +05:30 [WRN] SmsApi.Infrastructure.Performance.PerformanceMonitoringMiddleware | CorrelationId: | Slow request: GET /api/students/99f39749-3837-4ee3-91f4-5a7e37ef8118/profile-summary took 1064ms — status 200.
2026-04-19 19:21:11.770 +05:30 [INF] Serilog.AspNetCore.RequestLoggingMiddleware | CorrelationId:b796ef1837c74799b333e16792d9622a | HTTP OPTIONS /api/Attendance/records responded 204 in 0.1088 ms
2026-04-19 19:21:11.762 +05:30 [INF] Serilog.AspNetCore.RequestLoggingMiddleware | CorrelationId:3c3f9ce149074296a008c42a2143d3ae | HTTP OPTIONS /api/Attendance/records responded 204 in 0.1258 ms
2026-04-19 19:21:12.264 +05:30 [WRN] SmsApi.Infrastructure.Performance.PerformanceMonitoringMiddleware | CorrelationId: | Slow request: OPTIONS /api/Attendance/records took 502ms — status 204.
2026-04-19 19:21:12.316 +05:30 [INF] SmsApi.Middleware.LoggingActionFilter | CorrelationId:3004198bbd414947aede4db21b368323 | API Request: GET /api/Attendance/records | User: Unknown | School: 550e8400-e29b-41d4-a716-446655440000
2026-04-19 19:21:12.324 +05:30 [INF] SmsApi.Middleware.LoggingActionFilter | CorrelationId:cde996f97fd748e4a5894e189c28bc52 | API Request: GET /api/Attendance/records | User: Unknown | School: 550e8400-e29b-41d4-a716-446655440000
2026-04-19 19:21:12.367 +05:30 [INF] SmsApi.Middleware.LoggingActionFilter | CorrelationId:cde996f97fd748e4a5894e189c28bc52 | API Response: GET /api/Attendance/records | Status: 200 | Duration: 42ms
2026-04-19 19:21:12.367 +05:30 [INF] SmsApi.Middleware.LoggingActionFilter | CorrelationId:3004198bbd414947aede4db21b368323 | API Response: GET /api/Attendance/records | Status: 200 | Duration: 50ms
2026-04-19 19:21:12.408 +05:30 [INF] Serilog.AspNetCore.RequestLoggingMiddleware | CorrelationId:3004198bbd414947aede4db21b368323 | HTTP GET /api/Attendance/records responded 200 in 117.0910 ms
2026-04-19 19:21:12.394 +05:30 [INF] Serilog.AspNetCore.RequestLoggingMiddleware | CorrelationId:cde996f97fd748e4a5894e189c28bc52 | HTTP GET /api/Attendance/records responded 200 in 73.4268 ms
2026-04-19 19:21:19.553 +05:30 [INF] Serilog.AspNetCore.RequestLoggingMiddleware | CorrelationId:716220f57eda4ea6b5fce778ebb27b70 | HTTP OPTIONS /api/Attendance/records responded 204 in 0.2072 ms
2026-04-19 19:21:19.593 +05:30 [INF] Serilog.AspNetCore.RequestLoggingMiddleware | CorrelationId:919590a8f2154a5fb04dfab13ed5801e | HTTP OPTIONS /api/Attendance/records responded 204 in 0.0736 ms
2026-04-19 19:21:19.645 +05:30 [INF] SmsApi.Middleware.LoggingActionFilter | CorrelationId:0c6b34a86c8f449dbf8e0323f0e31777 | API Request: POST /api/Attendance/records | User: Unknown | School: 550e8400-e29b-41d4-a716-446655440000
2026-04-19 19:21:19.656 +05:30 [INF] SmsApi.Middleware.LoggingActionFilter | CorrelationId:a9052a58c7984c21968d196b5f2da9f6 | API Request: POST /api/Attendance/records | User: Unknown | School: 550e8400-e29b-41d4-a716-446655440000
2026-04-19 19:21:19.745 +05:30 [INF] SmsApi.Middleware.LoggingActionFilter | CorrelationId:0c6b34a86c8f449dbf8e0323f0e31777 | API Response: POST /api/Attendance/records | Status: 200 | Duration: 99ms
2026-04-19 19:21:19.763 +05:30 [INF] Serilog.AspNetCore.RequestLoggingMiddleware | CorrelationId:0c6b34a86c8f449dbf8e0323f0e31777 | HTTP POST /api/Attendance/records responded 201 in 142.8420 ms
2026-04-19 19:21:19.778 +05:30 [ERR] Microsoft.EntityFrameworkCore.Database.Command | CorrelationId:a9052a58c7984c21968d196b5f2da9f6 | Failed executing DbCommand (66ms) [Parameters=[@p0='?' (DbType = Guid), @p1='?', @p2='?' (DbType = Object), @p3='?' (DbType = Object), @p4='?' (DbType = DateTime), @p5='?' (DbType = Guid), @p6='?' (DbType = DateTime), @p7='?' (DbType = DateTime), @p8='?', @p9='?' (DbType = Boolean), @p10='?' (DbType = Boolean), @p11='?' (DbType = Guid), @p12='?', @p13='?' (DbType = Guid), @p14='?', @p15='?' (DbType = Guid), @p16='?' (DbType = DateTime), @p17='?' (DbType = Guid)], CommandType='"Text"', CommandTimeout='30']
INSERT INTO "AttendanceRecords" ("Id", "BiometricId", "CheckInTime", "CheckOutTime", "CreatedAt", "CreatedBy", "Date", "DeletedAt", "Discriminator", "IsDeleted", "IsManualOverride", "MarkedBy", "Remarks", "SchoolId", "Status", "StudentId", "UpdatedAt", "UpdatedBy")
VALUES (@p0, @p1, @p2, @p3, @p4, @p5, @p6, @p7, @p8, @p9, @p10, @p11, @p12, @p13, @p14, @p15, @p16, @p17)
RETURNING "RowVersion";
2026-04-19 19:21:19.814 +05:30 [INF] Serilog.AspNetCore.RequestLoggingMiddleware | CorrelationId:ddbf3652aec0426e9b409ae84f4282d4 | HTTP OPTIONS /api/Attendance/stats responded 204 in 0.0492 ms
2026-04-19 19:21:19.857 +05:30 [ERR] Microsoft.EntityFrameworkCore.Update | CorrelationId:a9052a58c7984c21968d196b5f2da9f6 | An exception occurred in the database while saving changes for context type 'SmsApi.Data.AppDbContext'.
Microsoft.EntityFrameworkCore.DbUpdateException: An error occurred while saving the entity changes. See the inner exception for details.
 ---> Npgsql.PostgresException (0x80004005): 23505: duplicate key value violates unique constraint "IX_AttendanceRecords_SchoolId_StudentId_Date"

DETAIL: Detail redacted as it may contain sensitive data. Specify 'Include Error Detail' in the connection string to include this information.
   at Npgsql.Internal.NpgsqlConnector.ReadMessageLong(Boolean async, DataRowLoadingMode dataRowLoadingMode, Boolean readingNotifications, Boolean isReadingPrependedMessage)
   at System.Runtime.CompilerServices.PoolingAsyncValueTaskMethodBuilder`1.StateMachineBox`1.System.Threading.Tasks.Sources.IValueTaskSource<TResult>.GetResult(Int16 token)
   at Npgsql.NpgsqlDataReader.NextResult(Boolean async, Boolean isConsuming, CancellationToken cancellationToken)
   at Npgsql.NpgsqlDataReader.NextResult(Boolean async, Boolean isConsuming, CancellationToken cancellationToken)
   at Npgsql.NpgsqlCommand.ExecuteReader(Boolean async, CommandBehavior behavior, CancellationToken cancellationToken)
   at Npgsql.NpgsqlCommand.ExecuteReader(Boolean async, CommandBehavior behavior, CancellationToken cancellationToken)
   at Npgsql.NpgsqlCommand.ExecuteDbDataReaderAsync(CommandBehavior behavior, CancellationToken cancellationToken)
   at Microsoft.EntityFrameworkCore.Storage.RelationalCommand.ExecuteReaderAsync(RelationalCommandParameterObject parameterObject, CancellationToken cancellationToken)
   at Microsoft.EntityFrameworkCore.Storage.RelationalCommand.ExecuteReaderAsync(RelationalCommandParameterObject parameterObject, CancellationToken cancellationToken)
   at Microsoft.EntityFrameworkCore.Update.ReaderModificationCommandBatch.ExecuteAsync(IRelationalConnection connection, CancellationToken cancellationToken)
  Exception data:
    Severity: ERROR
    SqlState: 23505
    MessageText: duplicate key value violates unique constraint "IX_AttendanceRecords_SchoolId_StudentId_Date"
    Detail: Detail redacted as it may contain sensitive data. Specify 'Include Error Detail' in the connection string to include this information.
    SchemaName: public
    TableName: AttendanceRecords
    ConstraintName: IX_AttendanceRecords_SchoolId_StudentId_Date
    File: nbtinsert.c
    Line: 673
    Routine: _bt_check_unique
   --- End of inner exception stack trace ---
   at Microsoft.EntityFrameworkCore.Update.ReaderModificationCommandBatch.ExecuteAsync(IRelationalConnection connection, CancellationToken cancellationToken)
   at Microsoft.EntityFrameworkCore.Update.Internal.BatchExecutor.ExecuteAsync(IEnumerable`1 commandBatches, IRelationalConnection connection, CancellationToken cancellationToken)
   at Microsoft.EntityFrameworkCore.Update.Internal.BatchExecutor.ExecuteAsync(IEnumerable`1 commandBatches, IRelationalConnection connection, CancellationToken cancellationToken)
   at Microsoft.EntityFrameworkCore.Update.Internal.BatchExecutor.ExecuteAsync(IEnumerable`1 commandBatches, IRelationalConnection connection, CancellationToken cancellationToken)
   at Microsoft.EntityFrameworkCore.ChangeTracking.Internal.StateManager.SaveChangesAsync(IList`1 entriesToSave, CancellationToken cancellationToken)
   at Microsoft.EntityFrameworkCore.ChangeTracking.Internal.StateManager.SaveChangesAsync(StateManager stateManager, Boolean acceptAllChangesOnSuccess, CancellationToken cancellationToken)
   at Microsoft.EntityFrameworkCore.Storage.ExecutionStrategy.<>c__DisplayClass30_0`2.<<ExecuteAsync>b__0>d.MoveNext()
--- End of stack trace from previous location ---
   at Microsoft.EntityFrameworkCore.Storage.ExecutionStrategy.ExecuteImplementationAsync[TState,TResult](Func`4 operation, Func`4 verifySucceeded, TState state, CancellationToken cancellationToken)
   at Microsoft.EntityFrameworkCore.Storage.ExecutionStrategy.ExecuteImplementationAsync[TState,TResult](Func`4 operation, Func`4 verifySucceeded, TState state, CancellationToken cancellationToken)
   at Microsoft.EntityFrameworkCore.Storage.ExecutionStrategy.ExecuteAsync[TState,TResult](TState state, Func`4 operation, Func`4 verifySucceeded, CancellationToken cancellationToken)
   at Microsoft.EntityFrameworkCore.DbContext.SaveChangesAsync(Boolean acceptAllChangesOnSuccess, CancellationToken cancellationToken)
Microsoft.EntityFrameworkCore.DbUpdateException: An error occurred while saving the entity changes. See the inner exception for details.
 ---> Npgsql.PostgresException (0x80004005): 23505: duplicate key value violates unique constraint "IX_AttendanceRecords_SchoolId_StudentId_Date"

DETAIL: Detail redacted as it may contain sensitive data. Specify 'Include Error Detail' in the connection string to include this information.
   at Npgsql.Internal.NpgsqlConnector.ReadMessageLong(Boolean async, DataRowLoadingMode dataRowLoadingMode, Boolean readingNotifications, Boolean isReadingPrependedMessage)
   at System.Runtime.CompilerServices.PoolingAsyncValueTaskMethodBuilder`1.StateMachineBox`1.System.Threading.Tasks.Sources.IValueTaskSource<TResult>.GetResult(Int16 token)
   at Npgsql.NpgsqlDataReader.NextResult(Boolean async, Boolean isConsuming, CancellationToken cancellationToken)
   at Npgsql.NpgsqlDataReader.NextResult(Boolean async, Boolean isConsuming, CancellationToken cancellationToken)
   at Npgsql.NpgsqlCommand.ExecuteReader(Boolean async, CommandBehavior behavior, CancellationToken cancellationToken)
   at Npgsql.NpgsqlCommand.ExecuteReader(Boolean async, CommandBehavior behavior, CancellationToken cancellationToken)
   at Npgsql.NpgsqlCommand.ExecuteDbDataReaderAsync(CommandBehavior behavior, CancellationToken cancellationToken)
   at Microsoft.EntityFrameworkCore.Storage.RelationalCommand.ExecuteReaderAsync(RelationalCommandParameterObject parameterObject, CancellationToken cancellationToken)
   at Microsoft.EntityFrameworkCore.Storage.RelationalCommand.ExecuteReaderAsync(RelationalCommandParameterObject parameterObject, CancellationToken cancellationToken)
   at Microsoft.EntityFrameworkCore.Update.ReaderModificationCommandBatch.ExecuteAsync(IRelationalConnection connection, CancellationToken cancellationToken)
  Exception data:
    Severity: ERROR
    SqlState: 23505
    MessageText: duplicate key value violates unique constraint "IX_AttendanceRecords_SchoolId_StudentId_Date"
    Detail: Detail redacted as it may contain sensitive data. Specify 'Include Error Detail' in the connection string to include this information.
    SchemaName: public
    TableName: AttendanceRecords
    ConstraintName: IX_AttendanceRecords_SchoolId_StudentId_Date
    File: nbtinsert.c
    Line: 673
    Routine: _bt_check_unique
   --- End of inner exception stack trace ---
   at Microsoft.EntityFrameworkCore.Update.ReaderModificationCommandBatch.ExecuteAsync(IRelationalConnection connection, CancellationToken cancellationToken)
   at Microsoft.EntityFrameworkCore.Update.Internal.BatchExecutor.ExecuteAsync(IEnumerable`1 commandBatches, IRelationalConnection connection, CancellationToken cancellationToken)
   at Microsoft.EntityFrameworkCore.Update.Internal.BatchExecutor.ExecuteAsync(IEnumerable`1 commandBatches, IRelationalConnection connection, CancellationToken cancellationToken)
   at Microsoft.EntityFrameworkCore.Update.Internal.BatchExecutor.ExecuteAsync(IEnumerable`1 commandBatches, IRelationalConnection connection, CancellationToken cancellationToken)
   at Microsoft.EntityFrameworkCore.ChangeTracking.Internal.StateManager.SaveChangesAsync(IList`1 entriesToSave, CancellationToken cancellationToken)
   at Microsoft.EntityFrameworkCore.ChangeTracking.Internal.StateManager.SaveChangesAsync(StateManager stateManager, Boolean acceptAllChangesOnSuccess, CancellationToken cancellationToken)
   at Microsoft.EntityFrameworkCore.Storage.ExecutionStrategy.<>c__DisplayClass30_0`2.<<ExecuteAsync>b__0>d.MoveNext()
--- End of stack trace from previous location ---
   at Microsoft.EntityFrameworkCore.Storage.ExecutionStrategy.ExecuteImplementationAsync[TState,TResult](Func`4 operation, Func`4 verifySucceeded, TState state, CancellationToken cancellationToken)
   at Microsoft.EntityFrameworkCore.Storage.ExecutionStrategy.ExecuteImplementationAsync[TState,TResult](Func`4 operation, Func`4 verifySucceeded, TState state, CancellationToken cancellationToken)
   at Microsoft.EntityFrameworkCore.Storage.ExecutionStrategy.ExecuteAsync[TState,TResult](TState state, Func`4 operation, Func`4 verifySucceeded, CancellationToken cancellationToken)
   at Microsoft.EntityFrameworkCore.DbContext.SaveChangesAsync(Boolean acceptAllChangesOnSuccess, CancellationToken cancellationToken)
2026-04-19 19:21:19.871 +05:30 [INF] SmsApi.Middleware.LoggingActionFilter | CorrelationId:780b9b29ee1444f2be613cb5813a7e2c | API Request: GET /api/Attendance/stats | User: Unknown | School: 550e8400-e29b-41d4-a716-446655440000
2026-04-19 19:21:19.969 +05:30 [ERR] SmsApi.Controllers.AttendanceController | CorrelationId:a9052a58c7984c21968d196b5f2da9f6 | Error marking attendance
Microsoft.EntityFrameworkCore.DbUpdateException: An error occurred while saving the entity changes. See the inner exception for details.
 ---> Npgsql.PostgresException (0x80004005): 23505: duplicate key value violates unique constraint "IX_AttendanceRecords_SchoolId_StudentId_Date"

DETAIL: Detail redacted as it may contain sensitive data. Specify 'Include Error Detail' in the connection string to include this information.
   at Npgsql.Internal.NpgsqlConnector.ReadMessageLong(Boolean async, DataRowLoadingMode dataRowLoadingMode, Boolean readingNotifications, Boolean isReadingPrependedMessage)
   at System.Runtime.CompilerServices.PoolingAsyncValueTaskMethodBuilder`1.StateMachineBox`1.System.Threading.Tasks.Sources.IValueTaskSource<TResult>.GetResult(Int16 token)
   at Npgsql.NpgsqlDataReader.NextResult(Boolean async, Boolean isConsuming, CancellationToken cancellationToken)
   at Npgsql.NpgsqlDataReader.NextResult(Boolean async, Boolean isConsuming, CancellationToken cancellationToken)
   at Npgsql.NpgsqlCommand.ExecuteReader(Boolean async, CommandBehavior behavior, CancellationToken cancellationToken)
   at Npgsql.NpgsqlCommand.ExecuteReader(Boolean async, CommandBehavior behavior, CancellationToken cancellationToken)
   at Npgsql.NpgsqlCommand.ExecuteDbDataReaderAsync(CommandBehavior behavior, CancellationToken cancellationToken)
   at Microsoft.EntityFrameworkCore.Storage.RelationalCommand.ExecuteReaderAsync(RelationalCommandParameterObject parameterObject, CancellationToken cancellationToken)
   at Microsoft.EntityFrameworkCore.Storage.RelationalCommand.ExecuteReaderAsync(RelationalCommandParameterObject parameterObject, CancellationToken cancellationToken)
   at Microsoft.EntityFrameworkCore.Update.ReaderModificationCommandBatch.ExecuteAsync(IRelationalConnection connection, CancellationToken cancellationToken)
  Exception data:
    Severity: ERROR
    SqlState: 23505
    MessageText: duplicate key value violates unique constraint "IX_AttendanceRecords_SchoolId_StudentId_Date"
    Detail: Detail redacted as it may contain sensitive data. Specify 'Include Error Detail' in the connection string to include this information.
    SchemaName: public
    TableName: AttendanceRecords
    ConstraintName: IX_AttendanceRecords_SchoolId_StudentId_Date
    File: nbtinsert.c
    Line: 673
    Routine: _bt_check_unique
   --- End of inner exception stack trace ---
   at Microsoft.EntityFrameworkCore.Update.ReaderModificationCommandBatch.ExecuteAsync(IRelationalConnection connection, CancellationToken cancellationToken)
   at Microsoft.EntityFrameworkCore.Update.Internal.BatchExecutor.ExecuteAsync(IEnumerable`1 commandBatches, IRelationalConnection connection, CancellationToken cancellationToken)
   at Microsoft.EntityFrameworkCore.Update.Internal.BatchExecutor.ExecuteAsync(IEnumerable`1 commandBatches, IRelationalConnection connection, CancellationToken cancellationToken)
   at Microsoft.EntityFrameworkCore.Update.Internal.BatchExecutor.ExecuteAsync(IEnumerable`1 commandBatches, IRelationalConnection connection, CancellationToken cancellationToken)
   at Microsoft.EntityFrameworkCore.ChangeTracking.Internal.StateManager.SaveChangesAsync(IList`1 entriesToSave, CancellationToken cancellationToken)
   at Microsoft.EntityFrameworkCore.ChangeTracking.Internal.StateManager.SaveChangesAsync(StateManager stateManager, Boolean acceptAllChangesOnSuccess, CancellationToken cancellationToken)
   at Microsoft.EntityFrameworkCore.Storage.ExecutionStrategy.<>c__DisplayClass30_0`2.<<ExecuteAsync>b__0>d.MoveNext()
--- End of stack trace from previous location ---
   at Microsoft.EntityFrameworkCore.Storage.ExecutionStrategy.ExecuteImplementationAsync[TState,TResult](Func`4 operation, Func`4 verifySucceeded, TState state, CancellationToken cancellationToken)
   at Microsoft.EntityFrameworkCore.Storage.ExecutionStrategy.ExecuteImplementationAsync[TState,TResult](Func`4 operation, Func`4 verifySucceeded, TState state, CancellationToken cancellationToken)
   at Microsoft.EntityFrameworkCore.Storage.ExecutionStrategy.ExecuteAsync[TState,TResult](TState state, Func`4 operation, Func`4 verifySucceeded, CancellationToken cancellationToken)
   at Microsoft.EntityFrameworkCore.DbContext.SaveChangesAsync(Boolean acceptAllChangesOnSuccess, CancellationToken cancellationToken)
   at Microsoft.EntityFrameworkCore.DbContext.SaveChangesAsync(Boolean acceptAllChangesOnSuccess, CancellationToken cancellationToken)
   at SmsApi.Data.AppDbContext.SaveChangesAsync(CancellationToken cancellationToken) in C:\Vitana\Vitana Group\sms-api\Data\AppDbContext.cs:line 229
   at SmsApi.Services.AttendanceService.MarkAttendanceAsync(Guid schoolId, MarkAttendanceDto dto, Guid userId) in C:\Vitana\Vitana Group\sms-api\Services\AttendanceService.cs:line 259
   at SmsApi.Controllers.AttendanceController.MarkAttendance(MarkAttendanceDto dto) in C:\Vitana\Vitana Group\sms-api\Controllers\AttendanceController.cs:line 152
2026-04-19 19:21:20.014 +05:30 [INF] SmsApi.Middleware.LoggingActionFilter | CorrelationId:780b9b29ee1444f2be613cb5813a7e2c | API Response: GET /api/Attendance/stats | Status: 200 | Duration: 142ms
2026-04-19 19:21:20.096 +05:30 [INF] SmsApi.Middleware.LoggingActionFilter | CorrelationId:a9052a58c7984c21968d196b5f2da9f6 | API Response: POST /api/Attendance/records | Status: 200 | Duration: 440ms
2026-04-19 19:21:20.114 +05:30 [INF] Serilog.AspNetCore.RequestLoggingMiddleware | CorrelationId:780b9b29ee1444f2be613cb5813a7e2c | HTTP GET /api/Attendance/stats responded 200 in 256.3619 ms
2026-04-19 19:21:20.119 +05:30 [ERR] Microsoft.EntityFrameworkCore.Database.Command | CorrelationId:a9052a58c7984c21968d196b5f2da9f6 | Failed executing DbCommand (2ms) [Parameters=[@p0='?' (DbType = Guid), @p1='?', @p2='?' (DbType = Object), @p3='?' (DbType = Object), @p4='?' (DbType = DateTime), @p5='?' (DbType = Guid), @p6='?' (DbType = DateTime), @p7='?' (DbType = DateTime), @p8='?', @p9='?' (DbType = Boolean), @p10='?' (DbType = Boolean), @p11='?' (DbType = Guid), @p12='?', @p13='?' (DbType = Guid), @p14='?', @p15='?' (DbType = Guid), @p16='?' (DbType = DateTime), @p17='?' (DbType = Guid), @p18='?' (DbType = Guid), @p19='?', @p20='?' (DbType = Int64), @p21='?' (DbType = Guid), @p22='?', @p23='?', @p24='?', @p25='?', @p26='?', @p27='?', @p28='?', @p29='?' (DbType = Guid), @p30='?' (DbType = Int32), @p31='?' (DbType = DateTime), @p32='?', @p33='?' (DbType = Guid), @p34='?'], CommandType='"Text"', CommandTimeout='30']
INSERT INTO "AttendanceRecords" ("Id", "BiometricId", "CheckInTime", "CheckOutTime", "CreatedAt", "CreatedBy", "Date", "DeletedAt", "Discriminator", "IsDeleted", "IsManualOverride", "MarkedBy", "Remarks", "SchoolId", "Status", "StudentId", "UpdatedAt", "UpdatedBy")
VALUES (@p0, @p1, @p2, @p3, @p4, @p5, @p6, @p7, @p8, @p9, @p10, @p11, @p12, @p13, @p14, @p15, @p16, @p17)
RETURNING "RowVersion";
INSERT INTO "AuditLogs" ("Id", "ActionType", "DurationMs", "EntityId", "EntityType", "ExceptionMessage", "HttpMethod", "IpAddress", "Path", "QueryString", "RequestBody", "SchoolId", "StatusCode", "Timestamp", "UserAgent", "UserId", "Username")
VALUES (@p18, @p19, @p20, @p21, @p22, @p23, @p24, @p25, @p26, @p27, @p28, @p29, @p30, @p31, @p32, @p33, @p34);
2026-04-19 19:21:20.210 +05:30 [ERR] Microsoft.EntityFrameworkCore.Update | CorrelationId:a9052a58c7984c21968d196b5f2da9f6 | An exception occurred in the database while saving changes for context type 'SmsApi.Data.AppDbContext'.
Microsoft.EntityFrameworkCore.DbUpdateException: An error occurred while saving the entity changes. See the inner exception for details.
 ---> Npgsql.PostgresException (0x80004005): 23505: duplicate key value violates unique constraint "IX_AttendanceRecords_SchoolId_StudentId_Date"

DETAIL: Detail redacted as it may contain sensitive data. Specify 'Include Error Detail' in the connection string to include this information.
   at Npgsql.Internal.NpgsqlConnector.ReadMessageLong(Boolean async, DataRowLoadingMode dataRowLoadingMode, Boolean readingNotifications, Boolean isReadingPrependedMessage)
   at System.Runtime.CompilerServices.PoolingAsyncValueTaskMethodBuilder`1.StateMachineBox`1.System.Threading.Tasks.Sources.IValueTaskSource<TResult>.GetResult(Int16 token)
   at Npgsql.NpgsqlDataReader.NextResult(Boolean async, Boolean isConsuming, CancellationToken cancellationToken)
   at Npgsql.NpgsqlDataReader.NextResult(Boolean async, Boolean isConsuming, CancellationToken cancellationToken)
   at Npgsql.NpgsqlCommand.ExecuteReader(Boolean async, CommandBehavior behavior, CancellationToken cancellationToken)
   at Npgsql.NpgsqlCommand.ExecuteReader(Boolean async, CommandBehavior behavior, CancellationToken cancellationToken)
   at Npgsql.NpgsqlCommand.ExecuteDbDataReaderAsync(CommandBehavior behavior, CancellationToken cancellationToken)
   at Microsoft.EntityFrameworkCore.Storage.RelationalCommand.ExecuteReaderAsync(RelationalCommandParameterObject parameterObject, CancellationToken cancellationToken)
   at Microsoft.EntityFrameworkCore.Storage.RelationalCommand.ExecuteReaderAsync(RelationalCommandParameterObject parameterObject, CancellationToken cancellationToken)
   at Microsoft.EntityFrameworkCore.Update.ReaderModificationCommandBatch.ExecuteAsync(IRelationalConnection connection, CancellationToken cancellationToken)
  Exception data:
    Severity: ERROR
    SqlState: 23505
    MessageText: duplicate key value violates unique constraint "IX_AttendanceRecords_SchoolId_StudentId_Date"
    Detail: Detail redacted as it may contain sensitive data. Specify 'Include Error Detail' in the connection string to include this information.
    SchemaName: public
    TableName: AttendanceRecords
    ConstraintName: IX_AttendanceRecords_SchoolId_StudentId_Date
    File: nbtinsert.c
    Line: 673
    Routine: _bt_check_unique
   --- End of inner exception stack trace ---
   at Microsoft.EntityFrameworkCore.Update.ReaderModificationCommandBatch.ExecuteAsync(IRelationalConnection connection, CancellationToken cancellationToken)
   at Microsoft.EntityFrameworkCore.Update.Internal.BatchExecutor.ExecuteAsync(IEnumerable`1 commandBatches, IRelationalConnection connection, CancellationToken cancellationToken)
   at Microsoft.EntityFrameworkCore.Update.Internal.BatchExecutor.ExecuteAsync(IEnumerable`1 commandBatches, IRelationalConnection connection, CancellationToken cancellationToken)
   at Microsoft.EntityFrameworkCore.Update.Internal.BatchExecutor.ExecuteAsync(IEnumerable`1 commandBatches, IRelationalConnection connection, CancellationToken cancellationToken)
   at Microsoft.EntityFrameworkCore.ChangeTracking.Internal.StateManager.SaveChangesAsync(IList`1 entriesToSave, CancellationToken cancellationToken)
   at Microsoft.EntityFrameworkCore.ChangeTracking.Internal.StateManager.SaveChangesAsync(StateManager stateManager, Boolean acceptAllChangesOnSuccess, CancellationToken cancellationToken)
   at Microsoft.EntityFrameworkCore.Storage.ExecutionStrategy.<>c__DisplayClass30_0`2.<<ExecuteAsync>b__0>d.MoveNext()
--- End of stack trace from previous location ---
   at Microsoft.EntityFrameworkCore.Storage.ExecutionStrategy.ExecuteImplementationAsync[TState,TResult](Func`4 operation, Func`4 verifySucceeded, TState state, CancellationToken cancellationToken)
   at Microsoft.EntityFrameworkCore.Storage.ExecutionStrategy.ExecuteImplementationAsync[TState,TResult](Func`4 operation, Func`4 verifySucceeded, TState state, CancellationToken cancellationToken)
   at Microsoft.EntityFrameworkCore.Storage.ExecutionStrategy.ExecuteAsync[TState,TResult](TState state, Func`4 operation, Func`4 verifySucceeded, CancellationToken cancellationToken)
   at Microsoft.EntityFrameworkCore.DbContext.SaveChangesAsync(Boolean acceptAllChangesOnSuccess, CancellationToken cancellationToken)
Microsoft.EntityFrameworkCore.DbUpdateException: An error occurred while saving the entity changes. See the inner exception for details.
 ---> Npgsql.PostgresException (0x80004005): 23505: duplicate key value violates unique constraint "IX_AttendanceRecords_SchoolId_StudentId_Date"

DETAIL: Detail redacted as it may contain sensitive data. Specify 'Include Error Detail' in the connection string to include this information.
   at Npgsql.Internal.NpgsqlConnector.ReadMessageLong(Boolean async, DataRowLoadingMode dataRowLoadingMode, Boolean readingNotifications, Boolean isReadingPrependedMessage)
   at System.Runtime.CompilerServices.PoolingAsyncValueTaskMethodBuilder`1.StateMachineBox`1.System.Threading.Tasks.Sources.IValueTaskSource<TResult>.GetResult(Int16 token)
   at Npgsql.NpgsqlDataReader.NextResult(Boolean async, Boolean isConsuming, CancellationToken cancellationToken)
   at Npgsql.NpgsqlDataReader.NextResult(Boolean async, Boolean isConsuming, CancellationToken cancellationToken)
   at Npgsql.NpgsqlCommand.ExecuteReader(Boolean async, CommandBehavior behavior, CancellationToken cancellationToken)
   at Npgsql.NpgsqlCommand.ExecuteReader(Boolean async, CommandBehavior behavior, CancellationToken cancellationToken)
   at Npgsql.NpgsqlCommand.ExecuteDbDataReaderAsync(CommandBehavior behavior, CancellationToken cancellationToken)
   at Microsoft.EntityFrameworkCore.Storage.RelationalCommand.ExecuteReaderAsync(RelationalCommandParameterObject parameterObject, CancellationToken cancellationToken)
   at Microsoft.EntityFrameworkCore.Storage.RelationalCommand.ExecuteReaderAsync(RelationalCommandParameterObject parameterObject, CancellationToken cancellationToken)
   at Microsoft.EntityFrameworkCore.Update.ReaderModificationCommandBatch.ExecuteAsync(IRelationalConnection connection, CancellationToken cancellationToken)
  Exception data:
    Severity: ERROR
    SqlState: 23505
    MessageText: duplicate key value violates unique constraint "IX_AttendanceRecords_SchoolId_StudentId_Date"
    Detail: Detail redacted as it may contain sensitive data. Specify 'Include Error Detail' in the connection string to include this information.
    SchemaName: public
    TableName: AttendanceRecords
    ConstraintName: IX_AttendanceRecords_SchoolId_StudentId_Date
    File: nbtinsert.c
    Line: 673
    Routine: _bt_check_unique
   --- End of inner exception stack trace ---
   at Microsoft.EntityFrameworkCore.Update.ReaderModificationCommandBatch.ExecuteAsync(IRelationalConnection connection, CancellationToken cancellationToken)
   at Microsoft.EntityFrameworkCore.Update.Internal.BatchExecutor.ExecuteAsync(IEnumerable`1 commandBatches, IRelationalConnection connection, CancellationToken cancellationToken)
   at Microsoft.EntityFrameworkCore.Update.Internal.BatchExecutor.ExecuteAsync(IEnumerable`1 commandBatches, IRelationalConnection connection, CancellationToken cancellationToken)
   at Microsoft.EntityFrameworkCore.Update.Internal.BatchExecutor.ExecuteAsync(IEnumerable`1 commandBatches, IRelationalConnection connection, CancellationToken cancellationToken)
   at Microsoft.EntityFrameworkCore.ChangeTracking.Internal.StateManager.SaveChangesAsync(IList`1 entriesToSave, CancellationToken cancellationToken)
   at Microsoft.EntityFrameworkCore.ChangeTracking.Internal.StateManager.SaveChangesAsync(StateManager stateManager, Boolean acceptAllChangesOnSuccess, CancellationToken cancellationToken)
   at Microsoft.EntityFrameworkCore.Storage.ExecutionStrategy.<>c__DisplayClass30_0`2.<<ExecuteAsync>b__0>d.MoveNext()
--- End of stack trace from previous location ---
   at Microsoft.EntityFrameworkCore.Storage.ExecutionStrategy.ExecuteImplementationAsync[TState,TResult](Func`4 operation, Func`4 verifySucceeded, TState state, CancellationToken cancellationToken)
   at Microsoft.EntityFrameworkCore.Storage.ExecutionStrategy.ExecuteImplementationAsync[TState,TResult](Func`4 operation, Func`4 verifySucceeded, TState state, CancellationToken cancellationToken)
   at Microsoft.EntityFrameworkCore.Storage.ExecutionStrategy.ExecuteAsync[TState,TResult](TState state, Func`4 operation, Func`4 verifySucceeded, CancellationToken cancellationToken)
   at Microsoft.EntityFrameworkCore.DbContext.SaveChangesAsync(Boolean acceptAllChangesOnSuccess, CancellationToken cancellationToken)
2026-04-19 19:21:20.270 +05:30 [ERR] SmsApi.Middleware.AuditLoggingMiddleware | CorrelationId:a9052a58c7984c21968d196b5f2da9f6 | Failed to write audit log entry
Microsoft.EntityFrameworkCore.DbUpdateException: An error occurred while saving the entity changes. See the inner exception for details.
 ---> Npgsql.PostgresException (0x80004005): 23505: duplicate key value violates unique constraint "IX_AttendanceRecords_SchoolId_StudentId_Date"

DETAIL: Detail redacted as it may contain sensitive data. Specify 'Include Error Detail' in the connection string to include this information.
   at Npgsql.Internal.NpgsqlConnector.ReadMessageLong(Boolean async, DataRowLoadingMode dataRowLoadingMode, Boolean readingNotifications, Boolean isReadingPrependedMessage)
   at System.Runtime.CompilerServices.PoolingAsyncValueTaskMethodBuilder`1.StateMachineBox`1.System.Threading.Tasks.Sources.IValueTaskSource<TResult>.GetResult(Int16 token)
   at Npgsql.NpgsqlDataReader.NextResult(Boolean async, Boolean isConsuming, CancellationToken cancellationToken)
   at Npgsql.NpgsqlDataReader.NextResult(Boolean async, Boolean isConsuming, CancellationToken cancellationToken)
   at Npgsql.NpgsqlCommand.ExecuteReader(Boolean async, CommandBehavior behavior, CancellationToken cancellationToken)
   at Npgsql.NpgsqlCommand.ExecuteReader(Boolean async, CommandBehavior behavior, CancellationToken cancellationToken)
   at Npgsql.NpgsqlCommand.ExecuteDbDataReaderAsync(CommandBehavior behavior, CancellationToken cancellationToken)
   at Microsoft.EntityFrameworkCore.Storage.RelationalCommand.ExecuteReaderAsync(RelationalCommandParameterObject parameterObject, CancellationToken cancellationToken)
   at Microsoft.EntityFrameworkCore.Storage.RelationalCommand.ExecuteReaderAsync(RelationalCommandParameterObject parameterObject, CancellationToken cancellationToken)
   at Microsoft.EntityFrameworkCore.Update.ReaderModificationCommandBatch.ExecuteAsync(IRelationalConnection connection, CancellationToken cancellationToken)
  Exception data:
    Severity: ERROR
    SqlState: 23505
    MessageText: duplicate key value violates unique constraint "IX_AttendanceRecords_SchoolId_StudentId_Date"
    Detail: Detail redacted as it may contain sensitive data. Specify 'Include Error Detail' in the connection string to include this information.
    SchemaName: public
    TableName: AttendanceRecords
    ConstraintName: IX_AttendanceRecords_SchoolId_StudentId_Date
    File: nbtinsert.c
    Line: 673
    Routine: _bt_check_unique
   --- End of inner exception stack trace ---
   at Microsoft.EntityFrameworkCore.Update.ReaderModificationCommandBatch.ExecuteAsync(IRelationalConnection connection, CancellationToken cancellationToken)
   at Microsoft.EntityFrameworkCore.Update.Internal.BatchExecutor.ExecuteAsync(IEnumerable`1 commandBatches, IRelationalConnection connection, CancellationToken cancellationToken)
   at Microsoft.EntityFrameworkCore.Update.Internal.BatchExecutor.ExecuteAsync(IEnumerable`1 commandBatches, IRelationalConnection connection, CancellationToken cancellationToken)
   at Microsoft.EntityFrameworkCore.Update.Internal.BatchExecutor.ExecuteAsync(IEnumerable`1 commandBatches, IRelationalConnection connection, CancellationToken cancellationToken)
   at Microsoft.EntityFrameworkCore.ChangeTracking.Internal.StateManager.SaveChangesAsync(IList`1 entriesToSave, CancellationToken cancellationToken)
   at Microsoft.EntityFrameworkCore.ChangeTracking.Internal.StateManager.SaveChangesAsync(StateManager stateManager, Boolean acceptAllChangesOnSuccess, CancellationToken cancellationToken)
   at Microsoft.EntityFrameworkCore.Storage.ExecutionStrategy.<>c__DisplayClass30_0`2.<<ExecuteAsync>b__0>d.MoveNext()
--- End of stack trace from previous location ---
   at Microsoft.EntityFrameworkCore.Storage.ExecutionStrategy.ExecuteImplementationAsync[TState,TResult](Func`4 operation, Func`4 verifySucceeded, TState state, CancellationToken cancellationToken)
   at Microsoft.EntityFrameworkCore.Storage.ExecutionStrategy.ExecuteImplementationAsync[TState,TResult](Func`4 operation, Func`4 verifySucceeded, TState state, CancellationToken cancellationToken)
   at Microsoft.EntityFrameworkCore.Storage.ExecutionStrategy.ExecuteAsync[TState,TResult](TState state, Func`4 operation, Func`4 verifySucceeded, CancellationToken cancellationToken)
   at Microsoft.EntityFrameworkCore.DbContext.SaveChangesAsync(Boolean acceptAllChangesOnSuccess, CancellationToken cancellationToken)
   at Microsoft.EntityFrameworkCore.DbContext.SaveChangesAsync(Boolean acceptAllChangesOnSuccess, CancellationToken cancellationToken)
   at SmsApi.Data.AppDbContext.SaveChangesAsync(CancellationToken cancellationToken) in C:\Vitana\Vitana Group\sms-api\Data\AppDbContext.cs:line 229
   at SmsApi.Middleware.AuditLoggingMiddleware.WriteAuditLog(HttpContext context, AppDbContext dbContext, String requestBody, Int64 durationMs, String exceptionMessage) in C:\Vitana\Vitana Group\sms-api\Middleware\AuditLoggingMiddleware.cs:line 112
2026-04-19 19:21:20.309 +05:30 [ERR] Serilog.AspNetCore.RequestLoggingMiddleware | CorrelationId:a9052a58c7984c21968d196b5f2da9f6 | HTTP POST /api/Attendance/records responded 500 in 660.7767 ms
2026-04-19 19:22:42.970 +05:30 [INF] Serilog.AspNetCore.RequestLoggingMiddleware | CorrelationId:bf944c5b3e494408a401f7c724da1904 | HTTP OPTIONS /api/Attendance/records/32237682-f085-42a3-b32b-937b28cdb303 responded 204 in 0.7776 ms
2026-04-19 19:22:43.084 +05:30 [INF] SmsApi.Middleware.LoggingActionFilter | CorrelationId:03aae6be9ee747d69e10cc407ad6f6a5 | API Request: PUT /api/Attendance/records/32237682-f085-42a3-b32b-937b28cdb303 | User: Unknown | School: 550e8400-e29b-41d4-a716-446655440000
2026-04-19 19:22:43.171 +05:30 [INF] SmsApi.Middleware.LoggingActionFilter | CorrelationId:03aae6be9ee747d69e10cc407ad6f6a5 | API Response: PUT /api/Attendance/records/32237682-f085-42a3-b32b-937b28cdb303 | Status: 200 | Duration: 87ms
2026-04-19 19:22:43.187 +05:30 [INF] Serilog.AspNetCore.RequestLoggingMiddleware | CorrelationId:03aae6be9ee747d69e10cc407ad6f6a5 | HTTP PUT /api/Attendance/records/32237682-f085-42a3-b32b-937b28cdb303 responded 200 in 147.5031 ms
2026-04-19 19:22:43.257 +05:30 [INF] Serilog.AspNetCore.RequestLoggingMiddleware | CorrelationId:f2a451e5bd724d7f970d2152409ada5f | HTTP OPTIONS /api/Attendance/stats responded 204 in 0.0650 ms
2026-04-19 19:22:43.271 +05:30 [INF] SmsApi.Middleware.LoggingActionFilter | CorrelationId:4571ab4e554647f3aa3efd05295f59ed | API Request: GET /api/Attendance/stats | User: Unknown | School: 550e8400-e29b-41d4-a716-446655440000
2026-04-19 19:22:43.282 +05:30 [INF] SmsApi.Middleware.LoggingActionFilter | CorrelationId:4571ab4e554647f3aa3efd05295f59ed | API Response: GET /api/Attendance/stats | Status: 200 | Duration: 11ms
2026-04-19 19:22:43.307 +05:30 [INF] Serilog.AspNetCore.RequestLoggingMiddleware | CorrelationId:4571ab4e554647f3aa3efd05295f59ed | HTTP GET /api/Attendance/stats responded 200 in 39.2824 ms
2026-04-19 19:23:15.179 +05:30 [INF] Serilog.AspNetCore.RequestLoggingMiddleware | CorrelationId:322db3d136b8429dae83e3ae675b17bb | HTTP OPTIONS /api/academics/academic-years responded 204 in 1.4229 ms
2026-04-19 19:23:15.179 +05:30 [INF] Serilog.AspNetCore.RequestLoggingMiddleware | CorrelationId:0c98b4a81023481097758d6d255f9da5 | HTTP OPTIONS /api/academics/academic-years responded 204 in 0.4030 ms
2026-04-19 19:23:15.283 +05:30 [INF] SmsApi.Middleware.LoggingActionFilter | CorrelationId:f1dde43998ca420894e7db4a69453a59 | API Request: GET /api/academics/academic-years | User: Unknown | School: 550e8400-e29b-41d4-a716-446655440000
2026-04-19 19:23:15.285 +05:30 [INF] SmsApi.Middleware.LoggingActionFilter | CorrelationId:c53f0bb6f1ca47c290a0a0d81eeeb08b | API Request: GET /api/academics/academic-years | User: Unknown | School: 550e8400-e29b-41d4-a716-446655440000
2026-04-19 19:23:15.366 +05:30 [INF] SmsApi.Middleware.LoggingActionFilter | CorrelationId:f1dde43998ca420894e7db4a69453a59 | API Response: GET /api/academics/academic-years | Status: 200 | Duration: 83ms
2026-04-19 19:23:15.366 +05:30 [INF] SmsApi.Middleware.LoggingActionFilter | CorrelationId:c53f0bb6f1ca47c290a0a0d81eeeb08b | API Response: GET /api/academics/academic-years | Status: 200 | Duration: 80ms
2026-04-19 19:23:15.397 +05:30 [INF] Serilog.AspNetCore.RequestLoggingMiddleware | CorrelationId:f1dde43998ca420894e7db4a69453a59 | HTTP GET /api/academics/academic-years responded 200 in 116.4328 ms
2026-04-19 19:23:15.405 +05:30 [INF] Serilog.AspNetCore.RequestLoggingMiddleware | CorrelationId:c53f0bb6f1ca47c290a0a0d81eeeb08b | HTTP GET /api/academics/academic-years responded 200 in 163.4189 ms
2026-04-19 19:23:16.444 +05:30 [INF] Serilog.AspNetCore.RequestLoggingMiddleware | CorrelationId:d9d266b04a244a6da676d8eacd5de34b | HTTP OPTIONS /api/staff responded 204 in 0.1100 ms
2026-04-19 19:23:16.445 +05:30 [INF] Serilog.AspNetCore.RequestLoggingMiddleware | CorrelationId:221a3293901a4d779da029bece383b97 | HTTP OPTIONS /api/staff responded 204 in 0.0229 ms
2026-04-19 19:23:16.579 +05:30 [INF] SmsApi.Middleware.LoggingActionFilter | CorrelationId:c9e02040e2b242adadae6387bb143c76 | API Request: GET /api/staff | User: Unknown | School: 550e8400-e29b-41d4-a716-446655440000
2026-04-19 19:23:16.593 +05:30 [INF] SmsApi.Middleware.LoggingActionFilter | CorrelationId:de284de610a94cdaa051afa1788fca29 | API Request: GET /api/staff | User: Unknown | School: 550e8400-e29b-41d4-a716-446655440000
2026-04-19 19:23:16.664 +05:30 [INF] SmsApi.Middleware.LoggingActionFilter | CorrelationId:c9e02040e2b242adadae6387bb143c76 | API Response: GET /api/staff | Status: 200 | Duration: 86ms
2026-04-19 19:23:16.670 +05:30 [INF] SmsApi.Middleware.LoggingActionFilter | CorrelationId:de284de610a94cdaa051afa1788fca29 | API Response: GET /api/staff | Status: 200 | Duration: 76ms
2026-04-19 19:23:16.690 +05:30 [INF] Serilog.AspNetCore.RequestLoggingMiddleware | CorrelationId:c9e02040e2b242adadae6387bb143c76 | HTTP GET /api/staff responded 200 in 118.7492 ms
2026-04-19 19:23:16.725 +05:30 [INF] Serilog.AspNetCore.RequestLoggingMiddleware | CorrelationId:de284de610a94cdaa051afa1788fca29 | HTTP GET /api/staff responded 200 in 134.7666 ms
2026-04-19 19:23:18.784 +05:30 [INF] Serilog.AspNetCore.RequestLoggingMiddleware | CorrelationId:8e8668d7af494acd8dea315711318f49 | HTTP OPTIONS /api/LeaveManagement/requests responded 204 in 0.0920 ms
2026-04-19 19:23:18.784 +05:30 [INF] Serilog.AspNetCore.RequestLoggingMiddleware | CorrelationId:1a397f18a4234616ae7d02026915a86d | HTTP OPTIONS /api/LeaveManagement/requests responded 204 in 0.0125 ms
2026-04-19 19:23:19.091 +05:30 [INF] SmsApi.Middleware.LoggingActionFilter | CorrelationId:6a8bb95e374b4982a959af4aa21ef589 | API Request: GET /api/LeaveManagement/requests | User: Unknown | School: 550e8400-e29b-41d4-a716-446655440000
2026-04-19 19:23:19.114 +05:30 [INF] SmsApi.Middleware.LoggingActionFilter | CorrelationId:8054803efae0421b9313a83b91460b08 | API Request: GET /api/LeaveManagement/requests | User: Unknown | School: 550e8400-e29b-41d4-a716-446655440000
2026-04-19 19:23:19.298 +05:30 [INF] SmsApi.Middleware.LoggingActionFilter | CorrelationId:6a8bb95e374b4982a959af4aa21ef589 | API Response: GET /api/LeaveManagement/requests | Status: 200 | Duration: 206ms
2026-04-19 19:23:19.735 +05:30 [INF] SmsApi.Middleware.LoggingActionFilter | CorrelationId:8054803efae0421b9313a83b91460b08 | API Response: GET /api/LeaveManagement/requests | Status: 200 | Duration: 621ms
2026-04-19 19:23:19.754 +05:30 [INF] Serilog.AspNetCore.RequestLoggingMiddleware | CorrelationId:8054803efae0421b9313a83b91460b08 | HTTP GET /api/LeaveManagement/requests responded 200 in 640.2308 ms
2026-04-19 19:23:19.743 +05:30 [INF] Serilog.AspNetCore.RequestLoggingMiddleware | CorrelationId:6a8bb95e374b4982a959af4aa21ef589 | HTTP GET /api/LeaveManagement/requests responded 200 in 661.3910 ms
2026-04-19 19:23:19.841 +05:30 [WRN] SmsApi.Infrastructure.Performance.PerformanceMonitoringMiddleware | CorrelationId: | Slow request: GET /api/LeaveManagement/requests took 640ms — status 200.
2026-04-19 19:23:19.847 +05:30 [WRN] SmsApi.Infrastructure.Performance.PerformanceMonitoringMiddleware | CorrelationId: | Slow request: GET /api/LeaveManagement/requests took 661ms — status 200.
2026-04-19 19:23:50.655 +05:30 [INF] Serilog.AspNetCore.RequestLoggingMiddleware | CorrelationId:96fd7d647a2a49f4a1589542330bf6df | HTTP OPTIONS /api/LeaveManagement/requests responded 204 in 0.1236 ms
2026-04-19 19:23:50.655 +05:30 [INF] Serilog.AspNetCore.RequestLoggingMiddleware | CorrelationId:4d33668a379749158595e52b596b9160 | HTTP OPTIONS /api/LeaveManagement/requests responded 204 in 0.9259 ms
2026-04-19 19:23:50.988 +05:30 [INF] SmsApi.Middleware.LoggingActionFilter | CorrelationId:7ad1b9a6b4c14aee89ff1db902430a97 | API Request: GET /api/LeaveManagement/requests | User: Unknown | School: 550e8400-e29b-41d4-a716-446655440000
2026-04-19 19:23:50.992 +05:30 [INF] SmsApi.Middleware.LoggingActionFilter | CorrelationId:ac7479ffbdb144aca37c9507c03b3217 | API Request: GET /api/LeaveManagement/requests | User: Unknown | School: 550e8400-e29b-41d4-a716-446655440000
2026-04-19 19:23:51.856 +05:30 [INF] SmsApi.Middleware.LoggingActionFilter | CorrelationId:ac7479ffbdb144aca37c9507c03b3217 | API Response: GET /api/LeaveManagement/requests | Status: 200 | Duration: 863ms
2026-04-19 19:23:51.872 +05:30 [INF] SmsApi.Middleware.LoggingActionFilter | CorrelationId:7ad1b9a6b4c14aee89ff1db902430a97 | API Response: GET /api/LeaveManagement/requests | Status: 200 | Duration: 884ms
2026-04-19 19:23:52.003 +05:30 [INF] Serilog.AspNetCore.RequestLoggingMiddleware | CorrelationId:7ad1b9a6b4c14aee89ff1db902430a97 | HTTP GET /api/LeaveManagement/requests responded 200 in 1025.2189 ms
2026-04-19 19:23:51.998 +05:30 [INF] Serilog.AspNetCore.RequestLoggingMiddleware | CorrelationId:ac7479ffbdb144aca37c9507c03b3217 | HTTP GET /api/LeaveManagement/requests responded 200 in 1006.5692 ms
2026-04-19 19:23:52.012 +05:30 [WRN] SmsApi.Infrastructure.Performance.PerformanceMonitoringMiddleware | CorrelationId: | Slow request: GET /api/LeaveManagement/requests took 1025ms — status 200.
2026-04-19 19:23:52.143 +05:30 [WRN] SmsApi.Infrastructure.Performance.PerformanceMonitoringMiddleware | CorrelationId: | Slow request: GET /api/LeaveManagement/requests took 1006ms — status 200.
2026-04-19 19:49:31.172 +05:30 [INF]  | CorrelationId: | Using distributed in-memory cache (development only)
2026-04-19 19:49:42.241 +05:30 [WRN] Microsoft.EntityFrameworkCore.Model.Validation | CorrelationId: | Entity 'Staff' has a global query filter defined and is the required end of a relationship with the entity 'Certificate'. This may lead to unexpected results when the required entity is filtered out. Either configure the navigation as optional, or define matching query filters for both entities in the navigation. See https://go.microsoft.com/fwlink/?linkid=2131316 for more information.
2026-04-19 19:49:42.248 +05:30 [WRN] Microsoft.EntityFrameworkCore.Model.Validation | CorrelationId: | Entity 'School' has a global query filter defined and is the required end of a relationship with the entity 'CertificateTemplate'. This may lead to unexpected results when the required entity is filtered out. Either configure the navigation as optional, or define matching query filters for both entities in the navigation. See https://go.microsoft.com/fwlink/?linkid=2131316 for more information.
2026-04-19 19:49:42.256 +05:30 [WRN] Microsoft.EntityFrameworkCore.Model.Validation | CorrelationId: | Entity 'School' has a global query filter defined and is the required end of a relationship with the entity 'Document'. This may lead to unexpected results when the required entity is filtered out. Either configure the navigation as optional, or define matching query filters for both entities in the navigation. See https://go.microsoft.com/fwlink/?linkid=2131316 for more information.
2026-04-19 19:49:42.257 +05:30 [WRN] Microsoft.EntityFrameworkCore.Model.Validation | CorrelationId: | Entity 'School' has a global query filter defined and is the required end of a relationship with the entity 'DocumentCategory'. This may lead to unexpected results when the required entity is filtered out. Either configure the navigation as optional, or define matching query filters for both entities in the navigation. See https://go.microsoft.com/fwlink/?linkid=2131316 for more information.
2026-04-19 19:49:42.266 +05:30 [WRN] Microsoft.EntityFrameworkCore.Model.Validation | CorrelationId: | Entity 'School' has a global query filter defined and is the required end of a relationship with the entity 'FeeAuditLog'. This may lead to unexpected results when the required entity is filtered out. Either configure the navigation as optional, or define matching query filters for both entities in the navigation. See https://go.microsoft.com/fwlink/?linkid=2131316 for more information.
2026-04-19 19:49:42.269 +05:30 [WRN] Microsoft.EntityFrameworkCore.Model.Validation | CorrelationId: | Entity 'School' has a global query filter defined and is the required end of a relationship with the entity 'Holiday'. This may lead to unexpected results when the required entity is filtered out. Either configure the navigation as optional, or define matching query filters for both entities in the navigation. See https://go.microsoft.com/fwlink/?linkid=2131316 for more information.
2026-04-19 19:49:42.274 +05:30 [WRN] Microsoft.EntityFrameworkCore.Model.Validation | CorrelationId: | Entity 'School' has a global query filter defined and is the required end of a relationship with the entity 'IDCard'. This may lead to unexpected results when the required entity is filtered out. Either configure the navigation as optional, or define matching query filters for both entities in the navigation. See https://go.microsoft.com/fwlink/?linkid=2131316 for more information.
2026-04-19 19:49:42.284 +05:30 [WRN] Microsoft.EntityFrameworkCore.Model.Validation | CorrelationId: | Entity 'School' has a global query filter defined and is the required end of a relationship with the entity 'IDCardTemplate'. This may lead to unexpected results when the required entity is filtered out. Either configure the navigation as optional, or define matching query filters for both entities in the navigation. See https://go.microsoft.com/fwlink/?linkid=2131316 for more information.
2026-04-19 19:49:42.287 +05:30 [WRN] Microsoft.EntityFrameworkCore.Model.Validation | CorrelationId: | Entity 'UserLogin' has a global query filter defined and is the required end of a relationship with the entity 'PasswordResetToken'. This may lead to unexpected results when the required entity is filtered out. Either configure the navigation as optional, or define matching query filters for both entities in the navigation. See https://go.microsoft.com/fwlink/?linkid=2131316 for more information.
2026-04-19 19:49:42.296 +05:30 [WRN] Microsoft.EntityFrameworkCore.Model.Validation | CorrelationId: | Entity 'School' has a global query filter defined and is the required end of a relationship with the entity 'PromotionHistory'. This may lead to unexpected results when the required entity is filtered out. Either configure the navigation as optional, or define matching query filters for both entities in the navigation. See https://go.microsoft.com/fwlink/?linkid=2131316 for more information.
2026-04-19 19:49:42.434 +05:30 [WRN] Microsoft.EntityFrameworkCore.Model.Validation | CorrelationId: | The foreign key property 'Staff.ReportingToId1' was created in shadow state because a conflicting property with the simple name 'ReportingToId' exists in the entity type, but is either not mapped, is already used for another relationship, or is incompatible with the associated primary key type. See https://aka.ms/efcore-relationships for information on mapping relationships in EF Core.
2026-04-19 19:49:47.912 +05:30 [INF] Program | CorrelationId: | Database migrations applied successfully.
2026-04-19 19:49:50.594 +05:30 [INF] Microsoft.Hosting.Lifetime | CorrelationId: | Now listening on: http://localhost:5092
2026-04-19 19:49:50.599 +05:30 [INF] Microsoft.Hosting.Lifetime | CorrelationId: | Application started. Press Ctrl+C to shut down.
2026-04-19 19:49:50.602 +05:30 [INF] Microsoft.Hosting.Lifetime | CorrelationId: | Hosting environment: Development
2026-04-19 19:49:50.604 +05:30 [INF] Microsoft.Hosting.Lifetime | CorrelationId: | Content root path: C:\Vitana\Vitana Group\sms-api
2026-04-19 19:50:08.382 +05:30 [WRN] Microsoft.AspNetCore.HttpsPolicy.HttpsRedirectionMiddleware | CorrelationId:b0a5dfb0fd5d4da5bff7acd4c7d67a3f | Failed to determine the https port for redirect.
2026-04-19 19:50:08.508 +05:30 [INF] Serilog.AspNetCore.RequestLoggingMiddleware | CorrelationId:b0a5dfb0fd5d4da5bff7acd4c7d67a3f | HTTP GET /health responded 200 in 140.8701 ms
2026-04-19 19:50:23.633 +05:30 [INF] Serilog.AspNetCore.RequestLoggingMiddleware | CorrelationId:992b4f1143974d8ea9cbb475b9719454 | HTTP OPTIONS /api/examinations/stats responded 204 in 5.3434 ms
2026-04-19 19:50:23.633 +05:30 [INF] Serilog.AspNetCore.RequestLoggingMiddleware | CorrelationId:5e7748319b2e42e1b7f6b5ecaceb940f | HTTP OPTIONS /api/examinations/stats responded 204 in 5.3505 ms
2026-04-19 19:50:23.633 +05:30 [INF] Serilog.AspNetCore.RequestLoggingMiddleware | CorrelationId:1e0e9221a53a4b0aa43fc4f076c71780 | HTTP OPTIONS /api/examinations/exams responded 204 in 5.5859 ms
2026-04-19 19:50:23.642 +05:30 [INF] Serilog.AspNetCore.RequestLoggingMiddleware | CorrelationId:cc43ff47231d4ff7ac110c5f99f70544 | HTTP OPTIONS /api/examinations/exams responded 204 in 1.5163 ms
2026-04-19 19:50:24.033 +05:30 [INF] SmsApi.Middleware.LoggingActionFilter | CorrelationId:6b1c1f2b785f4f1ebc5d5a91f6c9a84d | API Request: GET /api/examinations/stats | User: Unknown | School: 550e8400-e29b-41d4-a716-446655440000
2026-04-19 19:50:24.033 +05:30 [INF] SmsApi.Middleware.LoggingActionFilter | CorrelationId:328138e53df842f88a0669faba3ab0df | API Request: GET /api/examinations/stats | User: Unknown | School: 550e8400-e29b-41d4-a716-446655440000
2026-04-19 19:50:24.037 +05:30 [INF] SmsApi.Middleware.LoggingActionFilter | CorrelationId:c4aa77a4b6b14b7590320542027de4e5 | API Request: GET /api/examinations/exams | User: Unknown | School: 550e8400-e29b-41d4-a716-446655440000
2026-04-19 19:50:24.037 +05:30 [INF] SmsApi.Middleware.LoggingActionFilter | CorrelationId:919240f3bcc640a1abd63ad85b3b482c | API Request: GET /api/examinations/exams | User: Unknown | School: 550e8400-e29b-41d4-a716-446655440000
2026-04-19 19:50:24.157 +05:30 [INF] SmsApi.Middleware.LoggingActionFilter | CorrelationId:c4aa77a4b6b14b7590320542027de4e5 | API Response: GET /api/examinations/exams | Status: 200 | Duration: 119ms
2026-04-19 19:50:24.158 +05:30 [INF] SmsApi.Middleware.LoggingActionFilter | CorrelationId:919240f3bcc640a1abd63ad85b3b482c | API Response: GET /api/examinations/exams | Status: 200 | Duration: 120ms
2026-04-19 19:50:24.224 +05:30 [INF] Serilog.AspNetCore.RequestLoggingMiddleware | CorrelationId:c4aa77a4b6b14b7590320542027de4e5 | HTTP GET /api/examinations/exams responded 200 in 537.1014 ms
2026-04-19 19:50:24.224 +05:30 [INF] Serilog.AspNetCore.RequestLoggingMiddleware | CorrelationId:919240f3bcc640a1abd63ad85b3b482c | HTTP GET /api/examinations/exams responded 200 in 554.3241 ms
2026-04-19 19:50:24.230 +05:30 [WRN] SmsApi.Infrastructure.Performance.PerformanceMonitoringMiddleware | CorrelationId: | Slow request: GET /api/examinations/exams took 535ms — status 200.
2026-04-19 19:50:24.233 +05:30 [WRN] SmsApi.Infrastructure.Performance.PerformanceMonitoringMiddleware | CorrelationId: | Slow request: GET /api/examinations/exams took 553ms — status 200.
2026-04-19 19:50:24.436 +05:30 [INF] SmsApi.Middleware.LoggingActionFilter | CorrelationId:6b1c1f2b785f4f1ebc5d5a91f6c9a84d | API Response: GET /api/examinations/stats | Status: 200 | Duration: 404ms
2026-04-19 19:50:24.436 +05:30 [INF] SmsApi.Middleware.LoggingActionFilter | CorrelationId:328138e53df842f88a0669faba3ab0df | API Response: GET /api/examinations/stats | Status: 200 | Duration: 405ms
2026-04-19 19:50:24.447 +05:30 [INF] Serilog.AspNetCore.RequestLoggingMiddleware | CorrelationId:328138e53df842f88a0669faba3ab0df | HTTP GET /api/examinations/stats responded 200 in 781.4112 ms
2026-04-19 19:50:24.447 +05:30 [INF] Serilog.AspNetCore.RequestLoggingMiddleware | CorrelationId:6b1c1f2b785f4f1ebc5d5a91f6c9a84d | HTTP GET /api/examinations/stats responded 200 in 788.6737 ms
2026-04-19 19:50:24.455 +05:30 [WRN] SmsApi.Infrastructure.Performance.PerformanceMonitoringMiddleware | CorrelationId: | Slow request: GET /api/examinations/stats took 788ms — status 200.
2026-04-19 19:50:24.453 +05:30 [WRN] SmsApi.Infrastructure.Performance.PerformanceMonitoringMiddleware | CorrelationId: | Slow request: GET /api/examinations/stats took 781ms — status 200.
2026-04-19 19:50:25.884 +05:30 [INF] Serilog.AspNetCore.RequestLoggingMiddleware | CorrelationId:6b8555e36bd84a77a5108e31284c7fe0 | HTTP OPTIONS /api/fees/records responded 204 in 0.3357 ms
2026-04-19 19:50:25.885 +05:30 [INF] Serilog.AspNetCore.RequestLoggingMiddleware | CorrelationId:53ec4b618b3043f8a8c145a0711e328d | HTTP OPTIONS /api/fees/stats responded 204 in 0.0591 ms
2026-04-19 19:50:25.885 +05:30 [INF] Serilog.AspNetCore.RequestLoggingMiddleware | CorrelationId:a12888d4066848ddbaf1ac896fc83fec | HTTP OPTIONS /api/fees/structures responded 204 in 0.4204 ms
2026-04-19 19:50:25.887 +05:30 [INF] Serilog.AspNetCore.RequestLoggingMiddleware | CorrelationId:94f658de71294e878e69cc261899edcd | HTTP OPTIONS /api/fees/records responded 204 in 0.1171 ms
2026-04-19 19:50:25.887 +05:30 [INF] Serilog.AspNetCore.RequestLoggingMiddleware | CorrelationId:4c08018ac6954dc1a98e5be47e5778a9 | HTTP OPTIONS /api/fees/structures responded 204 in 0.0803 ms
2026-04-19 19:50:25.894 +05:30 [INF] Serilog.AspNetCore.RequestLoggingMiddleware | CorrelationId:120c2b4a9f8b4d3489b34c3b91cb3766 | HTTP OPTIONS /api/fees/stats responded 204 in 0.1287 ms
2026-04-19 19:50:25.983 +05:30 [INF] SmsApi.Middleware.LoggingActionFilter | CorrelationId:5e67196714f24a30902a626fb7627884 | API Request: GET /api/fees/structures | User: Unknown | School: 550e8400-e29b-41d4-a716-446655440000
2026-04-19 19:50:25.984 +05:30 [INF] SmsApi.Middleware.LoggingActionFilter | CorrelationId:5b3686ae6b9f49c6915a58c472352c06 | API Request: GET /api/fees/records | User: Unknown | School: 550e8400-e29b-41d4-a716-446655440000
2026-04-19 19:50:25.986 +05:30 [INF] SmsApi.Middleware.LoggingActionFilter | CorrelationId:dbc13a0d45104c438927f46063469973 | API Request: GET /api/fees/stats | User: Unknown | School: 550e8400-e29b-41d4-a716-446655440000
2026-04-19 19:50:25.991 +05:30 [INF] SmsApi.Middleware.LoggingActionFilter | CorrelationId:08f4d2da9ce74b3198bec1885bd5d9f8 | API Request: GET /api/fees/records | User: Unknown | School: 550e8400-e29b-41d4-a716-446655440000
2026-04-19 19:50:26.006 +05:30 [INF] SmsApi.Middleware.LoggingActionFilter | CorrelationId:db94fc3f93934f5ea7d5d89282e2d220 | API Request: GET /api/fees/structures | User: Unknown | School: 550e8400-e29b-41d4-a716-446655440000
2026-04-19 19:50:26.015 +05:30 [INF] SmsApi.Middleware.LoggingActionFilter | CorrelationId:df725cca9a464e2cbfc6e8f11d2490bb | API Request: GET /api/fees/stats | User: Unknown | School: 550e8400-e29b-41d4-a716-446655440000
2026-04-19 19:50:26.069 +05:30 [INF] SmsApi.Middleware.LoggingActionFilter | CorrelationId:5e67196714f24a30902a626fb7627884 | API Response: GET /api/fees/structures | Status: 200 | Duration: 85ms
2026-04-19 19:50:26.069 +05:30 [INF] SmsApi.Middleware.LoggingActionFilter | CorrelationId:db94fc3f93934f5ea7d5d89282e2d220 | API Response: GET /api/fees/structures | Status: 200 | Duration: 62ms
2026-04-19 19:50:26.084 +05:30 [INF] Serilog.AspNetCore.RequestLoggingMiddleware | CorrelationId:db94fc3f93934f5ea7d5d89282e2d220 | HTTP GET /api/fees/structures responded 200 in 91.7288 ms
2026-04-19 19:50:26.078 +05:30 [INF] Serilog.AspNetCore.RequestLoggingMiddleware | CorrelationId:5e67196714f24a30902a626fb7627884 | HTTP GET /api/fees/structures responded 200 in 142.5294 ms
2026-04-19 19:50:26.175 +05:30 [INF] SmsApi.Services.FeeService | CorrelationId:08f4d2da9ce74b3198bec1885bd5d9f8 | Late fee calculation with partial payment: Total=18000.00, Paid=6000.00, Remaining=12000.00
2026-04-19 19:50:26.176 +05:30 [INF] SmsApi.Services.FeeService | CorrelationId:5b3686ae6b9f49c6915a58c472352c06 | Late fee calculation with partial payment: Total=18000.00, Paid=6000.00, Remaining=12000.00
2026-04-19 19:50:26.215 +05:30 [WRN] SmsApi.Services.FeeService | CorrelationId:08f4d2da9ce74b3198bec1885bd5d9f8 | No late fee configuration found for school 550e8400-e29b-41d4-a716-446655440000
2026-04-19 19:50:26.215 +05:30 [INF] SmsApi.Middleware.LoggingActionFilter | CorrelationId:df725cca9a464e2cbfc6e8f11d2490bb | API Response: GET /api/fees/stats | Status: 200 | Duration: 200ms
2026-04-19 19:50:26.215 +05:30 [INF] SmsApi.Middleware.LoggingActionFilter | CorrelationId:dbc13a0d45104c438927f46063469973 | API Response: GET /api/fees/stats | Status: 200 | Duration: 229ms
2026-04-19 19:50:26.218 +05:30 [WRN] SmsApi.Services.FeeService | CorrelationId:5b3686ae6b9f49c6915a58c472352c06 | No late fee configuration found for school 550e8400-e29b-41d4-a716-446655440000
2026-04-19 19:50:26.218 +05:30 [INF] SmsApi.Services.FeeService | CorrelationId:08f4d2da9ce74b3198bec1885bd5d9f8 | Late fee calculation with partial payment: Total=20000.00, Paid=12000.00, Remaining=8000.00
2026-04-19 19:50:26.226 +05:30 [INF] SmsApi.Services.FeeService | CorrelationId:5b3686ae6b9f49c6915a58c472352c06 | Late fee calculation with partial payment: Total=20000.00, Paid=12000.00, Remaining=8000.00
2026-04-19 19:50:26.226 +05:30 [INF] Serilog.AspNetCore.RequestLoggingMiddleware | CorrelationId:dbc13a0d45104c438927f46063469973 | HTTP GET /api/fees/stats responded 200 in 302.8074 ms
2026-04-19 19:50:26.227 +05:30 [INF] Serilog.AspNetCore.RequestLoggingMiddleware | CorrelationId:df725cca9a464e2cbfc6e8f11d2490bb | HTTP GET /api/fees/stats responded 200 in 215.5559 ms
2026-04-19 19:50:26.230 +05:30 [WRN] SmsApi.Services.FeeService | CorrelationId:08f4d2da9ce74b3198bec1885bd5d9f8 | No late fee configuration found for school 550e8400-e29b-41d4-a716-446655440000
2026-04-19 19:50:26.233 +05:30 [WRN] SmsApi.Services.FeeService | CorrelationId:5b3686ae6b9f49c6915a58c472352c06 | No late fee configuration found for school 550e8400-e29b-41d4-a716-446655440000
2026-04-19 19:50:26.267 +05:30 [INF] SmsApi.Services.FeeService | CorrelationId:08f4d2da9ce74b3198bec1885bd5d9f8 | Late fee calculation with partial payment: Total=12000.00, Paid=6000.00, Remaining=6000.00
2026-04-19 19:50:26.267 +05:30 [INF] SmsApi.Services.FeeService | CorrelationId:5b3686ae6b9f49c6915a58c472352c06 | Late fee calculation with partial payment: Total=12000.00, Paid=6000.00, Remaining=6000.00
2026-04-19 19:50:26.270 +05:30 [WRN] SmsApi.Services.FeeService | CorrelationId:08f4d2da9ce74b3198bec1885bd5d9f8 | No late fee configuration found for school 550e8400-e29b-41d4-a716-446655440000
2026-04-19 19:50:26.270 +05:30 [WRN] SmsApi.Services.FeeService | CorrelationId:5b3686ae6b9f49c6915a58c472352c06 | No late fee configuration found for school 550e8400-e29b-41d4-a716-446655440000
2026-04-19 19:50:26.272 +05:30 [INF] SmsApi.Services.FeeService | CorrelationId:08f4d2da9ce74b3198bec1885bd5d9f8 | Late fee calculation with partial payment: Total=12000.00, Paid=6000.00, Remaining=6000.00
2026-04-19 19:50:26.273 +05:30 [INF] SmsApi.Services.FeeService | CorrelationId:5b3686ae6b9f49c6915a58c472352c06 | Late fee calculation with partial payment: Total=12000.00, Paid=6000.00, Remaining=6000.00
2026-04-19 19:50:26.274 +05:30 [WRN] SmsApi.Services.FeeService | CorrelationId:08f4d2da9ce74b3198bec1885bd5d9f8 | No late fee configuration found for school 550e8400-e29b-41d4-a716-446655440000
2026-04-19 19:50:26.287 +05:30 [WRN] SmsApi.Services.FeeService | CorrelationId:5b3686ae6b9f49c6915a58c472352c06 | No late fee configuration found for school 550e8400-e29b-41d4-a716-446655440000
2026-04-19 19:50:26.293 +05:30 [WRN] SmsApi.Services.FeeService | CorrelationId:08f4d2da9ce74b3198bec1885bd5d9f8 | No late fee configuration found for school 550e8400-e29b-41d4-a716-446655440000
2026-04-19 19:50:26.297 +05:30 [INF] SmsApi.Services.FeeService | CorrelationId:08f4d2da9ce74b3198bec1885bd5d9f8 | Late fee calculation with partial payment: Total=12000.00, Paid=6000.00, Remaining=6000.00
2026-04-19 19:50:26.299 +05:30 [WRN] SmsApi.Services.FeeService | CorrelationId:5b3686ae6b9f49c6915a58c472352c06 | No late fee configuration found for school 550e8400-e29b-41d4-a716-446655440000
2026-04-19 19:50:26.299 +05:30 [WRN] SmsApi.Services.FeeService | CorrelationId:08f4d2da9ce74b3198bec1885bd5d9f8 | No late fee configuration found for school 550e8400-e29b-41d4-a716-446655440000
2026-04-19 19:50:26.301 +05:30 [INF] SmsApi.Services.FeeService | CorrelationId:5b3686ae6b9f49c6915a58c472352c06 | Late fee calculation with partial payment: Total=12000.00, Paid=6000.00, Remaining=6000.00
2026-04-19 19:50:26.306 +05:30 [INF] SmsApi.Services.FeeService | CorrelationId:08f4d2da9ce74b3198bec1885bd5d9f8 | Late fee calculation with partial payment: Total=12000.00, Paid=6000.00, Remaining=6000.00
2026-04-19 19:50:26.306 +05:30 [WRN] SmsApi.Services.FeeService | CorrelationId:5b3686ae6b9f49c6915a58c472352c06 | No late fee configuration found for school 550e8400-e29b-41d4-a716-446655440000
2026-04-19 19:50:26.308 +05:30 [WRN] SmsApi.Services.FeeService | CorrelationId:08f4d2da9ce74b3198bec1885bd5d9f8 | No late fee configuration found for school 550e8400-e29b-41d4-a716-446655440000
2026-04-19 19:50:26.309 +05:30 [INF] SmsApi.Services.FeeService | CorrelationId:5b3686ae6b9f49c6915a58c472352c06 | Late fee calculation with partial payment: Total=12000.00, Paid=6000.00, Remaining=6000.00
2026-04-19 19:50:26.310 +05:30 [WRN] SmsApi.Services.FeeService | CorrelationId:08f4d2da9ce74b3198bec1885bd5d9f8 | No late fee configuration found for school 550e8400-e29b-41d4-a716-446655440000
2026-04-19 19:50:26.311 +05:30 [WRN] SmsApi.Services.FeeService | CorrelationId:5b3686ae6b9f49c6915a58c472352c06 | No late fee configuration found for school 550e8400-e29b-41d4-a716-446655440000
2026-04-19 19:50:26.313 +05:30 [WRN] SmsApi.Services.FeeService | CorrelationId:08f4d2da9ce74b3198bec1885bd5d9f8 | No late fee configuration found for school 550e8400-e29b-41d4-a716-446655440000
2026-04-19 19:50:26.314 +05:30 [WRN] SmsApi.Services.FeeService | CorrelationId:5b3686ae6b9f49c6915a58c472352c06 | No late fee configuration found for school 550e8400-e29b-41d4-a716-446655440000
2026-04-19 19:50:26.317 +05:30 [INF] SmsApi.Services.FeeService | CorrelationId:08f4d2da9ce74b3198bec1885bd5d9f8 | Late fee calculation with partial payment: Total=12000.00, Paid=6000.00, Remaining=6000.00
2026-04-19 19:50:26.321 +05:30 [WRN] SmsApi.Services.FeeService | CorrelationId:5b3686ae6b9f49c6915a58c472352c06 | No late fee configuration found for school 550e8400-e29b-41d4-a716-446655440000
2026-04-19 19:50:26.322 +05:30 [WRN] SmsApi.Services.FeeService | CorrelationId:08f4d2da9ce74b3198bec1885bd5d9f8 | No late fee configuration found for school 550e8400-e29b-41d4-a716-446655440000
2026-04-19 19:50:26.325 +05:30 [INF] SmsApi.Services.FeeService | CorrelationId:5b3686ae6b9f49c6915a58c472352c06 | Late fee calculation with partial payment: Total=12000.00, Paid=6000.00, Remaining=6000.00
2026-04-19 19:50:26.332 +05:30 [WRN] SmsApi.Services.FeeService | CorrelationId:08f4d2da9ce74b3198bec1885bd5d9f8 | No late fee configuration found for school 550e8400-e29b-41d4-a716-446655440000
2026-04-19 19:50:26.334 +05:30 [WRN] SmsApi.Services.FeeService | CorrelationId:5b3686ae6b9f49c6915a58c472352c06 | No late fee configuration found for school 550e8400-e29b-41d4-a716-446655440000
2026-04-19 19:50:26.336 +05:30 [WRN] SmsApi.Services.FeeService | CorrelationId:08f4d2da9ce74b3198bec1885bd5d9f8 | No late fee configuration found for school 550e8400-e29b-41d4-a716-446655440000
2026-04-19 19:50:26.338 +05:30 [INF] SmsApi.Services.FeeService | CorrelationId:08f4d2da9ce74b3198bec1885bd5d9f8 | Late fee calculation with partial payment: Total=12000.00, Paid=6000.00, Remaining=6000.00
2026-04-19 19:50:26.339 +05:30 [WRN] SmsApi.Services.FeeService | CorrelationId:5b3686ae6b9f49c6915a58c472352c06 | No late fee configuration found for school 550e8400-e29b-41d4-a716-446655440000
2026-04-19 19:50:26.343 +05:30 [WRN] SmsApi.Services.FeeService | CorrelationId:08f4d2da9ce74b3198bec1885bd5d9f8 | No late fee configuration found for school 550e8400-e29b-41d4-a716-446655440000
2026-04-19 19:50:26.346 +05:30 [WRN] SmsApi.Services.FeeService | CorrelationId:5b3686ae6b9f49c6915a58c472352c06 | No late fee configuration found for school 550e8400-e29b-41d4-a716-446655440000
2026-04-19 19:50:26.348 +05:30 [WRN] SmsApi.Services.FeeService | CorrelationId:08f4d2da9ce74b3198bec1885bd5d9f8 | No late fee configuration found for school 550e8400-e29b-41d4-a716-446655440000
2026-04-19 19:50:26.349 +05:30 [INF] SmsApi.Services.FeeService | CorrelationId:5b3686ae6b9f49c6915a58c472352c06 | Late fee calculation with partial payment: Total=12000.00, Paid=6000.00, Remaining=6000.00
2026-04-19 19:50:26.350 +05:30 [WRN] SmsApi.Services.FeeService | CorrelationId:08f4d2da9ce74b3198bec1885bd5d9f8 | No late fee configuration found for school 550e8400-e29b-41d4-a716-446655440000
2026-04-19 19:50:26.351 +05:30 [WRN] SmsApi.Services.FeeService | CorrelationId:5b3686ae6b9f49c6915a58c472352c06 | No late fee configuration found for school 550e8400-e29b-41d4-a716-446655440000
2026-04-19 19:50:26.353 +05:30 [WRN] SmsApi.Services.FeeService | CorrelationId:08f4d2da9ce74b3198bec1885bd5d9f8 | No late fee configuration found for school 550e8400-e29b-41d4-a716-446655440000
2026-04-19 19:50:26.354 +05:30 [WRN] SmsApi.Services.FeeService | CorrelationId:5b3686ae6b9f49c6915a58c472352c06 | No late fee configuration found for school 550e8400-e29b-41d4-a716-446655440000
2026-04-19 19:50:26.357 +05:30 [INF] SmsApi.Services.FeeService | CorrelationId:08f4d2da9ce74b3198bec1885bd5d9f8 | Late fee calculation with partial payment: Total=12000.00, Paid=6000.00, Remaining=6000.00
2026-04-19 19:50:26.359 +05:30 [WRN] SmsApi.Services.FeeService | CorrelationId:08f4d2da9ce74b3198bec1885bd5d9f8 | No late fee configuration found for school 550e8400-e29b-41d4-a716-446655440000
2026-04-19 19:50:26.359 +05:30 [WRN] SmsApi.Services.FeeService | CorrelationId:5b3686ae6b9f49c6915a58c472352c06 | No late fee configuration found for school 550e8400-e29b-41d4-a716-446655440000
2026-04-19 19:50:26.362 +05:30 [WRN] SmsApi.Services.FeeService | CorrelationId:08f4d2da9ce74b3198bec1885bd5d9f8 | No late fee configuration found for school 550e8400-e29b-41d4-a716-446655440000
2026-04-19 19:50:26.363 +05:30 [WRN] SmsApi.Services.FeeService | CorrelationId:5b3686ae6b9f49c6915a58c472352c06 | No late fee configuration found for school 550e8400-e29b-41d4-a716-446655440000
2026-04-19 19:50:26.365 +05:30 [INF] SmsApi.Services.FeeService | CorrelationId:5b3686ae6b9f49c6915a58c472352c06 | Late fee calculation with partial payment: Total=12000.00, Paid=6000.00, Remaining=6000.00
2026-04-19 19:50:26.371 +05:30 [WRN] SmsApi.Services.FeeService | CorrelationId:5b3686ae6b9f49c6915a58c472352c06 | No late fee configuration found for school 550e8400-e29b-41d4-a716-446655440000
2026-04-19 19:50:26.381 +05:30 [WRN] SmsApi.Services.FeeService | CorrelationId:5b3686ae6b9f49c6915a58c472352c06 | No late fee configuration found for school 550e8400-e29b-41d4-a716-446655440000
2026-04-19 19:50:26.444 +05:30 [INF] SmsApi.Middleware.LoggingActionFilter | CorrelationId:08f4d2da9ce74b3198bec1885bd5d9f8 | API Response: GET /api/fees/records | Status: 200 | Duration: 453ms
2026-04-19 19:50:26.444 +05:30 [INF] SmsApi.Middleware.LoggingActionFilter | CorrelationId:5b3686ae6b9f49c6915a58c472352c06 | API Response: GET /api/fees/records | Status: 200 | Duration: 460ms
2026-04-19 19:50:26.459 +05:30 [INF] Serilog.AspNetCore.RequestLoggingMiddleware | CorrelationId:08f4d2da9ce74b3198bec1885bd5d9f8 | HTTP GET /api/fees/records responded 200 in 479.8666 ms
2026-04-19 19:50:26.459 +05:30 [INF] Serilog.AspNetCore.RequestLoggingMiddleware | CorrelationId:5b3686ae6b9f49c6915a58c472352c06 | HTTP GET /api/fees/records responded 200 in 549.8110 ms
2026-04-19 19:50:26.472 +05:30 [WRN] SmsApi.Infrastructure.Performance.PerformanceMonitoringMiddleware | CorrelationId: | Slow request: GET /api/fees/records took 549ms — status 200.
2026-04-19 19:50:28.359 +05:30 [INF] Serilog.AspNetCore.RequestLoggingMiddleware | CorrelationId:0a68b2836d954890a557f9eab237f4f4 | HTTP OPTIONS /api/staff responded 204 in 0.1267 ms
2026-04-19 19:50:28.359 +05:30 [INF] Serilog.AspNetCore.RequestLoggingMiddleware | CorrelationId:cfcb5e8fe1c348e8abcaaa459bf6b416 | HTTP OPTIONS /api/staff responded 204 in 3.8353 ms
2026-04-19 19:50:28.415 +05:30 [INF] SmsApi.Middleware.LoggingActionFilter | CorrelationId:27379e7173ac47149967b087dee99319 | API Request: GET /api/staff | User: Unknown | School: 550e8400-e29b-41d4-a716-446655440000
2026-04-19 19:50:28.415 +05:30 [INF] SmsApi.Middleware.LoggingActionFilter | CorrelationId:f61ca436d755469c8712a0b925b743a2 | API Request: GET /api/staff | User: Unknown | School: 550e8400-e29b-41d4-a716-446655440000
2026-04-19 19:50:28.459 +05:30 [INF] SmsApi.Middleware.LoggingActionFilter | CorrelationId:f61ca436d755469c8712a0b925b743a2 | API Response: GET /api/staff | Status: 200 | Duration: 43ms
2026-04-19 19:50:28.459 +05:30 [INF] SmsApi.Middleware.LoggingActionFilter | CorrelationId:27379e7173ac47149967b087dee99319 | API Response: GET /api/staff | Status: 200 | Duration: 43ms
2026-04-19 19:50:28.473 +05:30 [INF] Serilog.AspNetCore.RequestLoggingMiddleware | CorrelationId:27379e7173ac47149967b087dee99319 | HTTP GET /api/staff responded 200 in 66.3150 ms
2026-04-19 19:50:28.473 +05:30 [INF] Serilog.AspNetCore.RequestLoggingMiddleware | CorrelationId:f61ca436d755469c8712a0b925b743a2 | HTTP GET /api/staff responded 200 in 72.9704 ms
2026-04-19 19:50:30.139 +05:30 [INF] Serilog.AspNetCore.RequestLoggingMiddleware | CorrelationId:9305169908ce454c9cbe814945668415 | HTTP OPTIONS /api/students responded 204 in 0.3584 ms
2026-04-19 19:50:30.149 +05:30 [INF] Serilog.AspNetCore.RequestLoggingMiddleware | CorrelationId:d924f540f6b042ab8d031d09663c4d83 | HTTP OPTIONS /api/students responded 204 in 0.1500 ms
2026-04-19 19:50:30.214 +05:30 [INF] SmsApi.Middleware.LoggingActionFilter | CorrelationId:aba8cba6cd2d42f29b26c4d3ca550bfc | API Request: GET /api/students | User: Unknown | School: 550e8400-e29b-41d4-a716-446655440000
2026-04-19 19:50:30.216 +05:30 [INF] SmsApi.Middleware.LoggingActionFilter | CorrelationId:7ef9c0455fe5491db3b92315fef76b7a | API Request: GET /api/students | User: Unknown | School: 550e8400-e29b-41d4-a716-446655440000
2026-04-19 19:50:30.273 +05:30 [INF] SmsApi.Middleware.LoggingActionFilter | CorrelationId:7ef9c0455fe5491db3b92315fef76b7a | API Response: GET /api/students | Status: 200 | Duration: 57ms
2026-04-19 19:50:30.274 +05:30 [INF] SmsApi.Middleware.LoggingActionFilter | CorrelationId:aba8cba6cd2d42f29b26c4d3ca550bfc | API Response: GET /api/students | Status: 200 | Duration: 59ms
2026-04-19 19:50:30.283 +05:30 [INF] Serilog.AspNetCore.RequestLoggingMiddleware | CorrelationId:aba8cba6cd2d42f29b26c4d3ca550bfc | HTTP GET /api/students responded 200 in 97.1982 ms
2026-04-19 19:50:30.285 +05:30 [INF] Serilog.AspNetCore.RequestLoggingMiddleware | CorrelationId:7ef9c0455fe5491db3b92315fef76b7a | HTTP GET /api/students responded 200 in 91.1288 ms
2026-04-19 19:50:32.242 +05:30 [INF] Serilog.AspNetCore.RequestLoggingMiddleware | CorrelationId:e9b5d3bf7b2a4352bcfcc79c21a51427 | HTTP OPTIONS /api/hostel/rooms responded 204 in 0.1136 ms
2026-04-19 19:50:32.244 +05:30 [INF] Serilog.AspNetCore.RequestLoggingMiddleware | CorrelationId:309bc4c27bab46f592cdf0f5b98c87b8 | HTTP OPTIONS /api/hostel/rooms responded 204 in 0.0693 ms
2026-04-19 19:50:32.332 +05:30 [INF] SmsApi.Middleware.LoggingActionFilter | CorrelationId:5531bbe9f28f45d5b78b2f49e3d1706b | API Request: GET /api/hostel/rooms | User: Unknown | School: 550e8400-e29b-41d4-a716-446655440000
2026-04-19 19:50:32.332 +05:30 [INF] SmsApi.Middleware.LoggingActionFilter | CorrelationId:d6063fdd4ac9421bb538af26fe64016a | API Request: GET /api/hostel/rooms | User: Unknown | School: 550e8400-e29b-41d4-a716-446655440000
2026-04-19 19:50:32.409 +05:30 [INF] SmsApi.Middleware.LoggingActionFilter | CorrelationId:5531bbe9f28f45d5b78b2f49e3d1706b | API Response: GET /api/hostel/rooms | Status: 200 | Duration: 77ms
2026-04-19 19:50:32.409 +05:30 [INF] SmsApi.Middleware.LoggingActionFilter | CorrelationId:d6063fdd4ac9421bb538af26fe64016a | API Response: GET /api/hostel/rooms | Status: 200 | Duration: 77ms
2026-04-19 19:50:32.417 +05:30 [INF] Serilog.AspNetCore.RequestLoggingMiddleware | CorrelationId:d6063fdd4ac9421bb538af26fe64016a | HTTP GET /api/hostel/rooms responded 200 in 92.1033 ms
2026-04-19 19:50:32.417 +05:30 [INF] Serilog.AspNetCore.RequestLoggingMiddleware | CorrelationId:5531bbe9f28f45d5b78b2f49e3d1706b | HTTP GET /api/hostel/rooms responded 200 in 101.2538 ms
2026-04-19 19:50:34.743 +05:30 [INF] Serilog.AspNetCore.RequestLoggingMiddleware | CorrelationId:0e7bab5179144868aa03fffb86b1cee3 | HTTP OPTIONS /api/permissions/roles responded 204 in 0.3424 ms
2026-04-19 19:50:34.750 +05:30 [INF] Serilog.AspNetCore.RequestLoggingMiddleware | CorrelationId:be8bbdf03ccf42e68dcc7f8369a50315 | HTTP OPTIONS /api/permissions/stats responded 204 in 0.0593 ms
2026-04-19 19:50:34.753 +05:30 [INF] Serilog.AspNetCore.RequestLoggingMiddleware | CorrelationId:4c3b679c8f144862b8059ffdcd39c8c6 | HTTP OPTIONS /api/permissions/roles responded 204 in 0.0705 ms
2026-04-19 19:50:34.768 +05:30 [INF] Serilog.AspNetCore.RequestLoggingMiddleware | CorrelationId:b451aa0d9ca943f6863b3330981eff2a | HTTP OPTIONS /api/permissions/stats responded 204 in 0.0841 ms
2026-04-19 19:50:34.869 +05:30 [INF] SmsApi.Middleware.LoggingActionFilter | CorrelationId:7418a04bdc68450197c31886865851c6 | API Request: GET /api/permissions/roles | User: Unknown | School: 550e8400-e29b-41d4-a716-446655440000
2026-04-19 19:50:34.870 +05:30 [INF] SmsApi.Middleware.LoggingActionFilter | CorrelationId:e4d75a082b75460790a1e10f0c82dd89 | API Request: GET /api/permissions/stats | User: Unknown | School: 550e8400-e29b-41d4-a716-446655440000
2026-04-19 19:50:34.887 +05:30 [INF] SmsApi.Middleware.LoggingActionFilter | CorrelationId:75020755d32946189e57cf07aa8d3f4c | API Request: GET /api/permissions/roles | User: Unknown | School: 550e8400-e29b-41d4-a716-446655440000
2026-04-19 19:50:34.921 +05:30 [INF] SmsApi.Middleware.LoggingActionFilter | CorrelationId:6a56fd73735144539a0e88cd45f9e740 | API Request: GET /api/permissions/stats | User: Unknown | School: 550e8400-e29b-41d4-a716-446655440000
2026-04-19 19:50:35.024 +05:30 [INF] SmsApi.Middleware.LoggingActionFilter | CorrelationId:6a56fd73735144539a0e88cd45f9e740 | API Response: GET /api/permissions/stats | Status: 200 | Duration: 102ms
2026-04-19 19:50:35.024 +05:30 [INF] SmsApi.Middleware.LoggingActionFilter | CorrelationId:e4d75a082b75460790a1e10f0c82dd89 | API Response: GET /api/permissions/stats | Status: 200 | Duration: 153ms
2026-04-19 19:50:35.037 +05:30 [INF] Serilog.AspNetCore.RequestLoggingMiddleware | CorrelationId:6a56fd73735144539a0e88cd45f9e740 | HTTP GET /api/permissions/stats responded 200 in 143.9923 ms
2026-04-19 19:50:35.044 +05:30 [INF] Serilog.AspNetCore.RequestLoggingMiddleware | CorrelationId:e4d75a082b75460790a1e10f0c82dd89 | HTTP GET /api/permissions/stats responded 200 in 207.3373 ms
2026-04-19 19:50:35.076 +05:30 [INF] SmsApi.Middleware.LoggingActionFilter | CorrelationId:7418a04bdc68450197c31886865851c6 | API Response: GET /api/permissions/roles | Status: 200 | Duration: 206ms
2026-04-19 19:50:35.076 +05:30 [INF] SmsApi.Middleware.LoggingActionFilter | CorrelationId:75020755d32946189e57cf07aa8d3f4c | API Response: GET /api/permissions/roles | Status: 200 | Duration: 188ms
2026-04-19 19:50:35.099 +05:30 [INF] Serilog.AspNetCore.RequestLoggingMiddleware | CorrelationId:7418a04bdc68450197c31886865851c6 | HTTP GET /api/permissions/roles responded 200 in 268.1321 ms
2026-04-19 19:50:35.099 +05:30 [INF] Serilog.AspNetCore.RequestLoggingMiddleware | CorrelationId:75020755d32946189e57cf07aa8d3f4c | HTTP GET /api/permissions/roles responded 200 in 228.2490 ms
2026-04-19 19:50:35.853 +05:30 [INF] Serilog.AspNetCore.RequestLoggingMiddleware | CorrelationId:56b37a957b5b4af6b3c8b5452c916bfb | HTTP OPTIONS /api/library/books responded 204 in 0.1215 ms
2026-04-19 19:50:35.900 +05:30 [INF] Serilog.AspNetCore.RequestLoggingMiddleware | CorrelationId:cf7aeb034c114594a03438257eb5129f | HTTP OPTIONS /api/library/books responded 204 in 0.0713 ms
2026-04-19 19:50:35.909 +05:30 [INF] Serilog.AspNetCore.RequestLoggingMiddleware | CorrelationId:38c7d52bef5648a18bebf1b4c201a2a9 | HTTP OPTIONS /api/library/issues responded 204 in 0.0776 ms
2026-04-19 19:50:35.909 +05:30 [INF] Serilog.AspNetCore.RequestLoggingMiddleware | CorrelationId:b29962302a0248bf96da8f6e12503995 | HTTP OPTIONS /api/library/issues responded 204 in 0.0246 ms
2026-04-19 19:50:35.910 +05:30 [INF] Serilog.AspNetCore.RequestLoggingMiddleware | CorrelationId:9ae004b35f9c43c6950d29ef18571bfb | HTTP OPTIONS /api/library/stats responded 204 in 0.0149 ms
2026-04-19 19:50:35.910 +05:30 [INF] Serilog.AspNetCore.RequestLoggingMiddleware | CorrelationId:d1a8c66eef0b4c62807bdbbefb446144 | HTTP OPTIONS /api/library/books responded 204 in 0.0159 ms
2026-04-19 19:50:35.929 +05:30 [INF] Serilog.AspNetCore.RequestLoggingMiddleware | CorrelationId:ade94ad765e64c48948b2275c0ac9446 | HTTP OPTIONS /api/library/issues responded 204 in 0.0594 ms
2026-04-19 19:50:35.937 +05:30 [INF] Serilog.AspNetCore.RequestLoggingMiddleware | CorrelationId:d2f9a21c6ae54b1482f22dda0678d46e | HTTP OPTIONS /api/students responded 204 in 0.0671 ms
2026-04-19 19:50:35.943 +05:30 [INF] Serilog.AspNetCore.RequestLoggingMiddleware | CorrelationId:488f8581cdd04925ba4bb45fb41b6e72 | HTTP OPTIONS /api/library/books responded 204 in 0.0891 ms
2026-04-19 19:50:35.952 +05:30 [INF] Serilog.AspNetCore.RequestLoggingMiddleware | CorrelationId:d6d462be86ab4900a68e3caa9886bb8e | HTTP OPTIONS /api/library/books responded 204 in 0.1030 ms
2026-04-19 19:50:35.959 +05:30 [INF] Serilog.AspNetCore.RequestLoggingMiddleware | CorrelationId:a031019e3f5f4626a9d5b1ce2b4198c9 | HTTP OPTIONS /api/library/issues responded 204 in 0.0524 ms
2026-04-19 19:50:35.980 +05:30 [INF] Serilog.AspNetCore.RequestLoggingMiddleware | CorrelationId:880655065b1d47bf8344f839992f2b9f | HTTP OPTIONS /api/library/issues responded 204 in 0.1706 ms
2026-04-19 19:50:35.983 +05:30 [INF] Serilog.AspNetCore.RequestLoggingMiddleware | CorrelationId:4b8b9ba3eeeb43399ff7a77a8452a35f | HTTP OPTIONS /api/library/stats responded 204 in 0.0384 ms
2026-04-19 19:50:35.989 +05:30 [INF] Serilog.AspNetCore.RequestLoggingMiddleware | CorrelationId:046ba39dc88d4d2ebd6d39e78745c032 | HTTP OPTIONS /api/library/books responded 204 in 0.0568 ms
2026-04-19 19:50:35.995 +05:30 [INF] Serilog.AspNetCore.RequestLoggingMiddleware | CorrelationId:1abcd33f168f4c80b122a683ef8bd7f2 | HTTP OPTIONS /api/library/issues responded 204 in 0.0525 ms
2026-04-19 19:50:36.020 +05:30 [INF] Serilog.AspNetCore.RequestLoggingMiddleware | CorrelationId:bc42febd32bd4d6b94d9a3e55d5626f6 | HTTP OPTIONS /api/students responded 204 in 0.0649 ms
2026-04-19 19:50:36.035 +05:30 [INF] SmsApi.Middleware.LoggingActionFilter | CorrelationId:ca8b33ac0a65400d88f9e2ec663b576f | API Request: GET /api/library/books | User: Unknown | School: 550e8400-e29b-41d4-a716-446655440000
2026-04-19 19:50:36.035 +05:30 [INF] SmsApi.Middleware.LoggingActionFilter | CorrelationId:150bf32e347b4a4a9cebd66c26dcf1e1 | API Request: GET /api/library/books | User: Unknown | School: 550e8400-e29b-41d4-a716-446655440000
2026-04-19 19:50:36.051 +05:30 [INF] SmsApi.Middleware.LoggingActionFilter | CorrelationId:f6b8a8a8f10045a2af9cfe3320472ae1 | API Request: GET /api/library/issues | User: Unknown | School: 550e8400-e29b-41d4-a716-446655440000
2026-04-19 19:50:36.052 +05:30 [INF] SmsApi.Middleware.LoggingActionFilter | CorrelationId:e58aaff4a7394ab7a4c1318f0923dfa7 | API Request: GET /api/library/issues | User: Unknown | School: 550e8400-e29b-41d4-a716-446655440000
2026-04-19 19:50:36.071 +05:30 [INF] SmsApi.Middleware.LoggingActionFilter | CorrelationId:9f2a7affe6ee4f7a91ef8e30d2318e8c | API Request: GET /api/library/stats | User: Unknown | School: 550e8400-e29b-41d4-a716-446655440000
2026-04-19 19:50:36.133 +05:30 [INF] SmsApi.Middleware.LoggingActionFilter | CorrelationId:368346b479a042aab5f99bb963f0ea93 | API Request: GET /api/library/books | User: Unknown | School: 550e8400-e29b-41d4-a716-446655440000
2026-04-19 19:50:36.141 +05:30 [INF] SmsApi.Middleware.LoggingActionFilter | CorrelationId:150bf32e347b4a4a9cebd66c26dcf1e1 | API Response: GET /api/library/books | Status: 200 | Duration: 105ms
2026-04-19 19:50:36.143 +05:30 [INF] SmsApi.Middleware.LoggingActionFilter | CorrelationId:ca8b33ac0a65400d88f9e2ec663b576f | API Response: GET /api/library/books | Status: 200 | Duration: 107ms
2026-04-19 19:50:36.149 +05:30 [INF] SmsApi.Middleware.LoggingActionFilter | CorrelationId:e58aaff4a7394ab7a4c1318f0923dfa7 | API Response: GET /api/library/issues | Status: 200 | Duration: 97ms
2026-04-19 19:50:36.162 +05:30 [INF] SmsApi.Middleware.LoggingActionFilter | CorrelationId:368346b479a042aab5f99bb963f0ea93 | API Response: GET /api/library/books | Status: 200 | Duration: 28ms
2026-04-19 19:50:36.164 +05:30 [INF] Serilog.AspNetCore.RequestLoggingMiddleware | CorrelationId:150bf32e347b4a4a9cebd66c26dcf1e1 | HTTP GET /api/library/books responded 200 in 140.6223 ms
2026-04-19 19:50:36.164 +05:30 [INF] Serilog.AspNetCore.RequestLoggingMiddleware | CorrelationId:368346b479a042aab5f99bb963f0ea93 | HTTP GET /api/library/books responded 200 in 79.9250 ms
2026-04-19 19:50:36.164 +05:30 [INF] Serilog.AspNetCore.RequestLoggingMiddleware | CorrelationId:ca8b33ac0a65400d88f9e2ec663b576f | HTTP GET /api/library/books responded 200 in 137.5268 ms
2026-04-19 19:50:36.166 +05:30 [INF] Serilog.AspNetCore.RequestLoggingMiddleware | CorrelationId:e58aaff4a7394ab7a4c1318f0923dfa7 | HTTP GET /api/library/issues responded 200 in 118.9075 ms
2026-04-19 19:50:36.216 +05:30 [INF] SmsApi.Middleware.LoggingActionFilter | CorrelationId:ebd03233cbcd4acca2608bca0b40cef2 | API Request: GET /api/library/issues | User: Unknown | School: 550e8400-e29b-41d4-a716-446655440000
2026-04-19 19:50:36.219 +05:30 [INF] SmsApi.Middleware.LoggingActionFilter | CorrelationId:cd880d4b3db14bcea557c0c52a6e6122 | API Request: GET /api/library/books | User: Unknown | School: 550e8400-e29b-41d4-a716-446655440000
2026-04-19 19:50:36.317 +05:30 [INF] SmsApi.Middleware.LoggingActionFilter | CorrelationId:ebd03233cbcd4acca2608bca0b40cef2 | API Response: GET /api/library/issues | Status: 200 | Duration: 101ms
2026-04-19 19:50:36.339 +05:30 [INF] SmsApi.Middleware.LoggingActionFilter | CorrelationId:230f01bbbe2b4218a6f3ed591d361dd3 | API Request: GET /api/students | User: Unknown | School: 550e8400-e29b-41d4-a716-446655440000
2026-04-19 19:50:36.348 +05:30 [INF] SmsApi.Middleware.LoggingActionFilter | CorrelationId:f6b8a8a8f10045a2af9cfe3320472ae1 | API Response: GET /api/library/issues | Status: 200 | Duration: 297ms
2026-04-19 19:50:36.354 +05:30 [INF] Serilog.AspNetCore.RequestLoggingMiddleware | CorrelationId:ebd03233cbcd4acca2608bca0b40cef2 | HTTP GET /api/library/issues responded 200 in 165.2206 ms
2026-04-19 19:50:36.360 +05:30 [INF] SmsApi.Middleware.LoggingActionFilter | CorrelationId:cd880d4b3db14bcea557c0c52a6e6122 | API Response: GET /api/library/books | Status: 200 | Duration: 140ms
2026-04-19 19:50:36.370 +05:30 [INF] SmsApi.Middleware.LoggingActionFilter | CorrelationId:caab122e6c834854a486cb652f0b22e4 | API Request: GET /api/library/books | User: Unknown | School: 550e8400-e29b-41d4-a716-446655440000
2026-04-19 19:50:36.370 +05:30 [INF] Serilog.AspNetCore.RequestLoggingMiddleware | CorrelationId:f6b8a8a8f10045a2af9cfe3320472ae1 | HTTP GET /api/library/issues responded 200 in 326.5192 ms
2026-04-19 19:50:36.377 +05:30 [INF] Serilog.AspNetCore.RequestLoggingMiddleware | CorrelationId:cd880d4b3db14bcea557c0c52a6e6122 | HTTP GET /api/library/books responded 200 in 173.3520 ms
2026-04-19 19:50:36.381 +05:30 [INF] SmsApi.Middleware.LoggingActionFilter | CorrelationId:9f2a7affe6ee4f7a91ef8e30d2318e8c | API Response: GET /api/library/stats | Status: 200 | Duration: 309ms
2026-04-19 19:50:36.383 +05:30 [INF] SmsApi.Middleware.LoggingActionFilter | CorrelationId:230f01bbbe2b4218a6f3ed591d361dd3 | API Response: GET /api/students | Status: 200 | Duration: 44ms
2026-04-19 19:50:36.390 +05:30 [INF] SmsApi.Middleware.LoggingActionFilter | CorrelationId:caab122e6c834854a486cb652f0b22e4 | API Response: GET /api/library/books | Status: 200 | Duration: 19ms
2026-04-19 19:50:36.407 +05:30 [INF] Serilog.AspNetCore.RequestLoggingMiddleware | CorrelationId:9f2a7affe6ee4f7a91ef8e30d2318e8c | HTTP GET /api/library/stats responded 200 in 357.6850 ms
2026-04-19 19:50:36.407 +05:30 [INF] SmsApi.Middleware.LoggingActionFilter | CorrelationId:479087997f3f48d8934af3d17ec046a3 | API Request: GET /api/library/issues | User: Unknown | School: 550e8400-e29b-41d4-a716-446655440000
2026-04-19 19:50:36.413 +05:30 [INF] Serilog.AspNetCore.RequestLoggingMiddleware | CorrelationId:230f01bbbe2b4218a6f3ed591d361dd3 | HTTP GET /api/students responded 200 in 104.3002 ms
2026-04-19 19:50:36.416 +05:30 [INF] Serilog.AspNetCore.RequestLoggingMiddleware | CorrelationId:caab122e6c834854a486cb652f0b22e4 | HTTP GET /api/library/books responded 200 in 59.9332 ms
2026-04-19 19:50:36.430 +05:30 [INF] SmsApi.Middleware.LoggingActionFilter | CorrelationId:1ae755b6f5f640daadbf517bebb13c5c | API Request: GET /api/library/issues | User: Unknown | School: 550e8400-e29b-41d4-a716-446655440000
2026-04-19 19:50:36.431 +05:30 [INF] SmsApi.Middleware.LoggingActionFilter | CorrelationId:f4ceb9b4fec24d9fbabfe13c05c2f5a7 | API Request: GET /api/library/stats | User: Unknown | School: 550e8400-e29b-41d4-a716-446655440000
2026-04-19 19:50:36.442 +05:30 [INF] SmsApi.Middleware.LoggingActionFilter | CorrelationId:479087997f3f48d8934af3d17ec046a3 | API Response: GET /api/library/issues | Status: 200 | Duration: 34ms
2026-04-19 19:50:36.471 +05:30 [INF] SmsApi.Middleware.LoggingActionFilter | CorrelationId:157c5353f16848e7be5c2025ac5841f5 | API Request: GET /api/library/books | User: Unknown | School: 550e8400-e29b-41d4-a716-446655440000
2026-04-19 19:50:36.488 +05:30 [INF] SmsApi.Middleware.LoggingActionFilter | CorrelationId:1ae755b6f5f640daadbf517bebb13c5c | API Response: GET /api/library/issues | Status: 200 | Duration: 57ms
2026-04-19 19:50:36.489 +05:30 [INF] SmsApi.Middleware.LoggingActionFilter | CorrelationId:e1aea6ffad0f4a98a25bd1444644b520 | API Request: GET /api/library/issues | User: Unknown | School: 550e8400-e29b-41d4-a716-446655440000
2026-04-19 19:50:36.496 +05:30 [INF] Serilog.AspNetCore.RequestLoggingMiddleware | CorrelationId:479087997f3f48d8934af3d17ec046a3 | HTTP GET /api/library/issues responded 200 in 100.6760 ms
2026-04-19 19:50:36.499 +05:30 [INF] SmsApi.Middleware.LoggingActionFilter | CorrelationId:e5982e8b671f419ca84ab7de6067b428 | API Request: GET /api/students | User: Unknown | School: 550e8400-e29b-41d4-a716-446655440000
2026-04-19 19:50:36.501 +05:30 [INF] Serilog.AspNetCore.RequestLoggingMiddleware | CorrelationId:1ae755b6f5f640daadbf517bebb13c5c | HTTP GET /api/library/issues responded 200 in 79.1104 ms
2026-04-19 19:50:36.507 +05:30 [INF] SmsApi.Middleware.LoggingActionFilter | CorrelationId:157c5353f16848e7be5c2025ac5841f5 | API Response: GET /api/library/books | Status: 200 | Duration: 36ms
2026-04-19 19:50:36.523 +05:30 [INF] SmsApi.Middleware.LoggingActionFilter | CorrelationId:e1aea6ffad0f4a98a25bd1444644b520 | API Response: GET /api/library/issues | Status: 200 | Duration: 34ms
2026-04-19 19:50:36.541 +05:30 [INF] Serilog.AspNetCore.RequestLoggingMiddleware | CorrelationId:ccee018f8e154f61b0c57d6b269a4389 | HTTP OPTIONS /api/library/books responded 204 in 0.0835 ms
2026-04-19 19:50:36.544 +05:30 [INF] SmsApi.Middleware.LoggingActionFilter | CorrelationId:f4ceb9b4fec24d9fbabfe13c05c2f5a7 | API Response: GET /api/library/stats | Status: 200 | Duration: 113ms
2026-04-19 19:50:36.552 +05:30 [INF] Serilog.AspNetCore.RequestLoggingMiddleware | CorrelationId:157c5353f16848e7be5c2025ac5841f5 | HTTP GET /api/library/books responded 200 in 83.0668 ms
2026-04-19 19:50:36.553 +05:30 [INF] Serilog.AspNetCore.RequestLoggingMiddleware | CorrelationId:e1aea6ffad0f4a98a25bd1444644b520 | HTTP GET /api/library/issues responded 200 in 70.4049 ms
2026-04-19 19:50:36.558 +05:30 [INF] SmsApi.Middleware.LoggingActionFilter | CorrelationId:e5982e8b671f419ca84ab7de6067b428 | API Response: GET /api/students | Status: 200 | Duration: 58ms
2026-04-19 19:50:36.563 +05:30 [INF] Serilog.AspNetCore.RequestLoggingMiddleware | CorrelationId:f4ceb9b4fec24d9fbabfe13c05c2f5a7 | HTTP GET /api/library/stats responded 200 in 139.1674 ms
2026-04-19 19:50:36.580 +05:30 [INF] SmsApi.Middleware.LoggingActionFilter | CorrelationId:59e8f5498a91417d9ae938688510ea89 | API Request: GET /api/library/books | User: Unknown | School: 550e8400-e29b-41d4-a716-446655440000
2026-04-19 19:50:36.603 +05:30 [INF] Serilog.AspNetCore.RequestLoggingMiddleware | CorrelationId:e5982e8b671f419ca84ab7de6067b428 | HTTP GET /api/students responded 200 in 106.7225 ms
2026-04-19 19:50:36.636 +05:30 [INF] SmsApi.Middleware.LoggingActionFilter | CorrelationId:59e8f5498a91417d9ae938688510ea89 | API Response: GET /api/library/books | Status: 200 | Duration: 56ms
2026-04-19 19:50:36.648 +05:30 [INF] Serilog.AspNetCore.RequestLoggingMiddleware | CorrelationId:59e8f5498a91417d9ae938688510ea89 | HTTP GET /api/library/books responded 200 in 73.0154 ms
2026-04-19 19:51:37.321 +05:30 [INF] SmsApi.Middleware.LoggingActionFilter | CorrelationId:c157270986c84a51916c34d001a84eca | API Request: POST /api/auth/login | User: Unknown | School: Unknown
2026-04-19 19:51:38.166 +05:30 [INF] SmsApi.Controllers.AuthController | CorrelationId:c157270986c84a51916c34d001a84eca | Login successful for admin (SchoolId: "550e8400-e29b-41d4-a716-446655440000")
2026-04-19 19:51:38.169 +05:30 [INF] SmsApi.Middleware.LoggingActionFilter | CorrelationId:c157270986c84a51916c34d001a84eca | API Response: POST /api/auth/login | Status: 200 | Duration: 848ms
2026-04-19 19:51:38.246 +05:30 [INF] Serilog.AspNetCore.RequestLoggingMiddleware | CorrelationId:c157270986c84a51916c34d001a84eca | HTTP POST /api/auth/login responded 200 in 994.7768 ms
2026-04-19 19:51:38.248 +05:30 [WRN] SmsApi.Infrastructure.Performance.PerformanceMonitoringMiddleware | CorrelationId: | Slow request: POST /api/auth/login took 923ms — status 200.
2026-04-19 19:51:38.296 +05:30 [INF] SmsApi.Middleware.LoggingActionFilter | CorrelationId:a9343cbcd25745b2b886b8a6cf355245 | API Request: GET /api/Library/books | User: Unknown | School: 550e8400-e29b-41d4-a716-446655440000
2026-04-19 19:51:38.306 +05:30 [INF] SmsApi.Middleware.LoggingActionFilter | CorrelationId:a9343cbcd25745b2b886b8a6cf355245 | API Response: GET /api/Library/books | Status: 200 | Duration: 10ms
2026-04-19 19:51:38.309 +05:30 [INF] Serilog.AspNetCore.RequestLoggingMiddleware | CorrelationId:a9343cbcd25745b2b886b8a6cf355245 | HTTP GET /api/Library/books responded 200 in 19.6801 ms
2026-04-19 19:51:38.382 +05:30 [INF] SmsApi.Middleware.LoggingActionFilter | CorrelationId:332ccb698440401ba0c0d0f8ab2b5ba5 | API Request: POST /api/Library/books | User: Unknown | School: 550e8400-e29b-41d4-a716-446655440000
2026-04-19 19:51:38.425 +05:30 [INF] SmsApi.Middleware.LoggingActionFilter | CorrelationId:332ccb698440401ba0c0d0f8ab2b5ba5 | API Response: POST /api/Library/books | Status: 200 | Duration: 42ms
2026-04-19 19:51:38.489 +05:30 [INF] Serilog.AspNetCore.RequestLoggingMiddleware | CorrelationId:332ccb698440401ba0c0d0f8ab2b5ba5 | HTTP POST /api/Library/books responded 201 in 131.3213 ms
2026-04-19 19:51:38.516 +05:30 [INF] SmsApi.Middleware.LoggingActionFilter | CorrelationId:24a65e6e9579470cab730f13e3f66fae | API Request: POST /api/Library/books | User: Unknown | School: 550e8400-e29b-41d4-a716-446655440000
2026-04-19 19:51:38.528 +05:30 [INF] SmsApi.Middleware.LoggingActionFilter | CorrelationId:24a65e6e9579470cab730f13e3f66fae | API Response: POST /api/Library/books | Status: 200 | Duration: 11ms
2026-04-19 19:51:38.535 +05:30 [INF] Serilog.AspNetCore.RequestLoggingMiddleware | CorrelationId:24a65e6e9579470cab730f13e3f66fae | HTTP POST /api/Library/books responded 400 in 27.7185 ms
2026-04-19 19:51:38.611 +05:30 [INF] Serilog.AspNetCore.RequestLoggingMiddleware | CorrelationId:08853925b1be4ba5971b609381b98e5c | HTTP POST /api/Library/books responded 400 in 24.4039 ms
2026-04-19 19:51:38.647 +05:30 [INF] SmsApi.Middleware.LoggingActionFilter | CorrelationId:4f8d32dae5014c36b8e4015b5a604a01 | API Request: GET /api/Library/books/b5f42987-a82b-4d7d-aee2-70dc9c7f2074 | User: Unknown | School: 550e8400-e29b-41d4-a716-446655440000
2026-04-19 19:51:38.659 +05:30 [INF] SmsApi.Middleware.LoggingActionFilter | CorrelationId:4f8d32dae5014c36b8e4015b5a604a01 | API Response: GET /api/Library/books/b5f42987-a82b-4d7d-aee2-70dc9c7f2074 | Status: 200 | Duration: 12ms
2026-04-19 19:51:38.661 +05:30 [INF] Serilog.AspNetCore.RequestLoggingMiddleware | CorrelationId:4f8d32dae5014c36b8e4015b5a604a01 | HTTP GET /api/Library/books/b5f42987-a82b-4d7d-aee2-70dc9c7f2074 responded 200 in 21.6883 ms
2026-04-19 19:51:38.690 +05:30 [INF] SmsApi.Middleware.LoggingActionFilter | CorrelationId:0bd774cedabf45bb8e4dd95597735e04 | API Request: PUT /api/Library/books/b5f42987-a82b-4d7d-aee2-70dc9c7f2074 | User: Unknown | School: 550e8400-e29b-41d4-a716-446655440000
2026-04-19 19:51:38.708 +05:30 [INF] SmsApi.Middleware.LoggingActionFilter | CorrelationId:0bd774cedabf45bb8e4dd95597735e04 | API Response: PUT /api/Library/books/b5f42987-a82b-4d7d-aee2-70dc9c7f2074 | Status: 200 | Duration: 18ms
2026-04-19 19:51:38.718 +05:30 [INF] Serilog.AspNetCore.RequestLoggingMiddleware | CorrelationId:0bd774cedabf45bb8e4dd95597735e04 | HTTP PUT /api/Library/books/b5f42987-a82b-4d7d-aee2-70dc9c7f2074 responded 200 in 34.4120 ms
2026-04-19 19:51:38.733 +05:30 [INF] SmsApi.Middleware.LoggingActionFilter | CorrelationId:21168310f53646f5aac41a084f11771f | API Request: GET /api/students | User: Unknown | School: 550e8400-e29b-41d4-a716-446655440000
2026-04-19 19:51:38.745 +05:30 [INF] SmsApi.Middleware.LoggingActionFilter | CorrelationId:21168310f53646f5aac41a084f11771f | API Response: GET /api/students | Status: 200 | Duration: 11ms
2026-04-19 19:51:38.747 +05:30 [INF] Serilog.AspNetCore.RequestLoggingMiddleware | CorrelationId:21168310f53646f5aac41a084f11771f | HTTP GET /api/students responded 200 in 15.8508 ms
2026-04-19 19:51:38.776 +05:30 [INF] SmsApi.Middleware.LoggingActionFilter | CorrelationId:621489348ad744b4bf35b8ebe7a6c2f8 | API Request: GET /api/Library/stats | User: Unknown | School: 550e8400-e29b-41d4-a716-446655440000
2026-04-19 19:51:38.789 +05:30 [INF] SmsApi.Middleware.LoggingActionFilter | CorrelationId:621489348ad744b4bf35b8ebe7a6c2f8 | API Response: GET /api/Library/stats | Status: 200 | Duration: 12ms
2026-04-19 19:51:38.792 +05:30 [INF] Serilog.AspNetCore.RequestLoggingMiddleware | CorrelationId:621489348ad744b4bf35b8ebe7a6c2f8 | HTTP GET /api/Library/stats responded 200 in 20.5680 ms
2026-04-19 19:51:38.822 +05:30 [INF] Serilog.AspNetCore.RequestLoggingMiddleware | CorrelationId:793d906f106a453485f7b81e1a4ab676 | HTTP GET /api/Library/books responded 401 in 6.2818 ms
2026-04-19 19:51:38.836 +05:30 [INF] SmsApi.Middleware.LoggingActionFilter | CorrelationId:a9203252cd8b49698baf242a1dbdf2cb | API Request: GET /api/Library/issues | User: Unknown | School: 550e8400-e29b-41d4-a716-446655440000
2026-04-19 19:51:38.846 +05:30 [INF] SmsApi.Middleware.LoggingActionFilter | CorrelationId:a9203252cd8b49698baf242a1dbdf2cb | API Response: GET /api/Library/issues | Status: 200 | Duration: 9ms
2026-04-19 19:51:38.848 +05:30 [INF] Serilog.AspNetCore.RequestLoggingMiddleware | CorrelationId:a9203252cd8b49698baf242a1dbdf2cb | HTTP GET /api/Library/issues responded 200 in 13.6017 ms
2026-04-19 19:51:47.042 +05:30 [INF] SmsApi.Middleware.LoggingActionFilter | CorrelationId:2d0825008c614e6cb3b6e8c221b72d78 | API Request: POST /api/auth/login | User: Unknown | School: Unknown
2026-04-19 19:51:47.625 +05:30 [INF] SmsApi.Controllers.AuthController | CorrelationId:2d0825008c614e6cb3b6e8c221b72d78 | Login successful for admin (SchoolId: "550e8400-e29b-41d4-a716-446655440000")
2026-04-19 19:51:47.627 +05:30 [INF] SmsApi.Middleware.LoggingActionFilter | CorrelationId:2d0825008c614e6cb3b6e8c221b72d78 | API Response: POST /api/auth/login | Status: 200 | Duration: 584ms
2026-04-19 19:51:47.638 +05:30 [INF] Serilog.AspNetCore.RequestLoggingMiddleware | CorrelationId:2d0825008c614e6cb3b6e8c221b72d78 | HTTP POST /api/auth/login responded 200 in 618.2623 ms
2026-04-19 19:51:47.642 +05:30 [WRN] SmsApi.Infrastructure.Performance.PerformanceMonitoringMiddleware | CorrelationId: | Slow request: POST /api/auth/login took 609ms — status 200.
2026-04-19 19:51:47.657 +05:30 [INF] SmsApi.Middleware.LoggingActionFilter | CorrelationId:ca254d793b394024a6d13bfb1773fff0 | API Request: GET /api/students | User: Unknown | School: 550e8400-e29b-41d4-a716-446655440000
2026-04-19 19:51:47.666 +05:30 [INF] SmsApi.Middleware.LoggingActionFilter | CorrelationId:ca254d793b394024a6d13bfb1773fff0 | API Response: GET /api/students | Status: 200 | Duration: 8ms
2026-04-19 19:51:47.668 +05:30 [INF] Serilog.AspNetCore.RequestLoggingMiddleware | CorrelationId:ca254d793b394024a6d13bfb1773fff0 | HTTP GET /api/students responded 200 in 16.2250 ms
2026-04-19 19:51:58.737 +05:30 [INF] SmsApi.Middleware.LoggingActionFilter | CorrelationId:cbbe21a3fa2e41d9946876f572a1a170 | API Request: POST /api/auth/login | User: Unknown | School: Unknown
2026-04-19 19:51:59.273 +05:30 [INF] SmsApi.Controllers.AuthController | CorrelationId:cbbe21a3fa2e41d9946876f572a1a170 | Login successful for admin (SchoolId: "550e8400-e29b-41d4-a716-446655440000")
2026-04-19 19:51:59.275 +05:30 [INF] SmsApi.Middleware.LoggingActionFilter | CorrelationId:cbbe21a3fa2e41d9946876f572a1a170 | API Response: POST /api/auth/login | Status: 200 | Duration: 538ms
2026-04-19 19:51:59.285 +05:30 [INF] Serilog.AspNetCore.RequestLoggingMiddleware | CorrelationId:cbbe21a3fa2e41d9946876f572a1a170 | HTTP POST /api/auth/login responded 200 in 551.8009 ms
2026-04-19 19:51:59.289 +05:30 [WRN] SmsApi.Infrastructure.Performance.PerformanceMonitoringMiddleware | CorrelationId: | Slow request: POST /api/auth/login took 546ms — status 200.
2026-04-19 19:51:59.328 +05:30 [INF] SmsApi.Middleware.LoggingActionFilter | CorrelationId:5e3c20ed141247e2bd2376643335f945 | API Request: GET /api/Library/books | User: Unknown | School: 550e8400-e29b-41d4-a716-446655440000
2026-04-19 19:51:59.334 +05:30 [INF] SmsApi.Middleware.LoggingActionFilter | CorrelationId:5e3c20ed141247e2bd2376643335f945 | API Response: GET /api/Library/books | Status: 200 | Duration: 6ms
2026-04-19 19:51:59.336 +05:30 [INF] Serilog.AspNetCore.RequestLoggingMiddleware | CorrelationId:5e3c20ed141247e2bd2376643335f945 | HTTP GET /api/Library/books responded 200 in 11.1659 ms
2026-04-19 19:51:59.388 +05:30 [INF] SmsApi.Middleware.LoggingActionFilter | CorrelationId:18961fb9c001455c92257ba48062cb19 | API Request: POST /api/Library/books | User: Unknown | School: 550e8400-e29b-41d4-a716-446655440000
2026-04-19 19:51:59.402 +05:30 [INF] SmsApi.Middleware.LoggingActionFilter | CorrelationId:18961fb9c001455c92257ba48062cb19 | API Response: POST /api/Library/books | Status: 200 | Duration: 14ms
2026-04-19 19:51:59.415 +05:30 [INF] Serilog.AspNetCore.RequestLoggingMiddleware | CorrelationId:18961fb9c001455c92257ba48062cb19 | HTTP POST /api/Library/books responded 201 in 32.2952 ms
2026-04-19 19:51:59.461 +05:30 [INF] SmsApi.Middleware.LoggingActionFilter | CorrelationId:7d270432a4e5493da80b201baaa98784 | API Request: POST /api/Library/books | User: Unknown | School: 550e8400-e29b-41d4-a716-446655440000
2026-04-19 19:51:59.465 +05:30 [INF] SmsApi.Middleware.LoggingActionFilter | CorrelationId:7d270432a4e5493da80b201baaa98784 | API Response: POST /api/Library/books | Status: 200 | Duration: 4ms
2026-04-19 19:51:59.472 +05:30 [INF] Serilog.AspNetCore.RequestLoggingMiddleware | CorrelationId:7d270432a4e5493da80b201baaa98784 | HTTP POST /api/Library/books responded 400 in 14.8368 ms
2026-04-19 19:51:59.506 +05:30 [INF] Serilog.AspNetCore.RequestLoggingMiddleware | CorrelationId:5f55fa472abc4c4693020bc275d46443 | HTTP POST /api/Library/books responded 400 in 6.9973 ms
2026-04-19 19:51:59.523 +05:30 [INF] SmsApi.Middleware.LoggingActionFilter | CorrelationId:c700f478ee5e4312a8368685e7445bef | API Request: GET /api/Library/books/59b06b4e-4e54-47ea-8099-dfc142dd074e | User: Unknown | School: 550e8400-e29b-41d4-a716-446655440000
2026-04-19 19:51:59.535 +05:30 [INF] SmsApi.Middleware.LoggingActionFilter | CorrelationId:c700f478ee5e4312a8368685e7445bef | API Response: GET /api/Library/books/59b06b4e-4e54-47ea-8099-dfc142dd074e | Status: 200 | Duration: 11ms
2026-04-19 19:51:59.566 +05:30 [INF] Serilog.AspNetCore.RequestLoggingMiddleware | CorrelationId:c700f478ee5e4312a8368685e7445bef | HTTP GET /api/Library/books/59b06b4e-4e54-47ea-8099-dfc142dd074e responded 200 in 46.8432 ms
2026-04-19 19:51:59.597 +05:30 [INF] SmsApi.Middleware.LoggingActionFilter | CorrelationId:97e844e00986440098674d5f6d440a07 | API Request: PUT /api/Library/books/59b06b4e-4e54-47ea-8099-dfc142dd074e | User: Unknown | School: 550e8400-e29b-41d4-a716-446655440000
2026-04-19 19:51:59.612 +05:30 [INF] SmsApi.Middleware.LoggingActionFilter | CorrelationId:97e844e00986440098674d5f6d440a07 | API Response: PUT /api/Library/books/59b06b4e-4e54-47ea-8099-dfc142dd074e | Status: 200 | Duration: 14ms
2026-04-19 19:51:59.623 +05:30 [INF] Serilog.AspNetCore.RequestLoggingMiddleware | CorrelationId:97e844e00986440098674d5f6d440a07 | HTTP PUT /api/Library/books/59b06b4e-4e54-47ea-8099-dfc142dd074e responded 200 in 29.2917 ms
2026-04-19 19:51:59.657 +05:30 [INF] SmsApi.Middleware.LoggingActionFilter | CorrelationId:e556d22086c144eda7fe7d7de972e476 | API Request: GET /api/students | User: Unknown | School: 550e8400-e29b-41d4-a716-446655440000
2026-04-19 19:51:59.669 +05:30 [INF] SmsApi.Middleware.LoggingActionFilter | CorrelationId:e556d22086c144eda7fe7d7de972e476 | API Response: GET /api/students | Status: 200 | Duration: 12ms
2026-04-19 19:51:59.676 +05:30 [INF] Serilog.AspNetCore.RequestLoggingMiddleware | CorrelationId:e556d22086c144eda7fe7d7de972e476 | HTTP GET /api/students responded 200 in 22.3384 ms
2026-04-19 19:51:59.729 +05:30 [INF] SmsApi.Middleware.LoggingActionFilter | CorrelationId:8ce20f0b02894b92b83582715627ce0a | API Request: POST /api/Library/issues | User: Unknown | School: 550e8400-e29b-41d4-a716-446655440000
2026-04-19 19:51:59.822 +05:30 [INF] SmsApi.Middleware.LoggingActionFilter | CorrelationId:8ce20f0b02894b92b83582715627ce0a | API Response: POST /api/Library/issues | Status: 200 | Duration: 92ms
2026-04-19 19:51:59.830 +05:30 [INF] Serilog.AspNetCore.RequestLoggingMiddleware | CorrelationId:8ce20f0b02894b92b83582715627ce0a | HTTP POST /api/Library/issues responded 201 in 114.5343 ms
2026-04-19 19:51:59.847 +05:30 [INF] SmsApi.Middleware.LoggingActionFilter | CorrelationId:9253dc9b31164910b9dfb47937345c00 | API Request: POST /api/Library/books | User: Unknown | School: 550e8400-e29b-41d4-a716-446655440000
2026-04-19 19:51:59.851 +05:30 [INF] SmsApi.Middleware.LoggingActionFilter | CorrelationId:9253dc9b31164910b9dfb47937345c00 | API Response: POST /api/Library/books | Status: 200 | Duration: 4ms
2026-04-19 19:51:59.859 +05:30 [INF] Serilog.AspNetCore.RequestLoggingMiddleware | CorrelationId:9253dc9b31164910b9dfb47937345c00 | HTTP POST /api/Library/books responded 201 in 14.6649 ms
2026-04-19 19:51:59.876 +05:30 [INF] SmsApi.Middleware.LoggingActionFilter | CorrelationId:c31aac387e574764b89077ecdf5f91db | API Request: POST /api/Library/issues | User: Unknown | School: 550e8400-e29b-41d4-a716-446655440000
2026-04-19 19:51:59.886 +05:30 [INF] SmsApi.Middleware.LoggingActionFilter | CorrelationId:c31aac387e574764b89077ecdf5f91db | API Response: POST /api/Library/issues | Status: 200 | Duration: 10ms
2026-04-19 19:51:59.890 +05:30 [INF] Serilog.AspNetCore.RequestLoggingMiddleware | CorrelationId:c31aac387e574764b89077ecdf5f91db | HTTP POST /api/Library/issues responded 201 in 16.7789 ms
2026-04-19 19:51:59.907 +05:30 [INF] SmsApi.Middleware.LoggingActionFilter | CorrelationId:d88b767e5f234571ab2223291dd8641b | API Request: POST /api/Library/issues | User: Unknown | School: 550e8400-e29b-41d4-a716-446655440000
2026-04-19 19:51:59.910 +05:30 [INF] SmsApi.Middleware.LoggingActionFilter | CorrelationId:d88b767e5f234571ab2223291dd8641b | API Response: POST /api/Library/issues | Status: 200 | Duration: 2ms
2026-04-19 19:51:59.913 +05:30 [INF] Serilog.AspNetCore.RequestLoggingMiddleware | CorrelationId:d88b767e5f234571ab2223291dd8641b | HTTP POST /api/Library/issues responded 400 in 9.7605 ms
2026-04-19 19:51:59.928 +05:30 [INF] Serilog.AspNetCore.RequestLoggingMiddleware | CorrelationId:ad509242e02540dda349072a9804857b | HTTP POST /api/Library/issues/4d93a18f-640b-463e-a628-8e9da5e74df1/return responded 405 in 3.6976 ms
2026-04-19 19:51:59.948 +05:30 [INF] Serilog.AspNetCore.RequestLoggingMiddleware | CorrelationId:bc18a4f847c14d60bc357c9003dcb049 | HTTP POST /api/Library/issues/4d93a18f-640b-463e-a628-8e9da5e74df1/return responded 405 in 6.4100 ms
2026-04-19 19:51:59.968 +05:30 [INF] SmsApi.Middleware.LoggingActionFilter | CorrelationId:e2e8343fd1ca4e4c837b50521ae1970b | API Request: GET /api/Library/stats | User: Unknown | School: 550e8400-e29b-41d4-a716-446655440000
2026-04-19 19:51:59.985 +05:30 [INF] SmsApi.Middleware.LoggingActionFilter | CorrelationId:e2e8343fd1ca4e4c837b50521ae1970b | API Response: GET /api/Library/stats | Status: 200 | Duration: 17ms
2026-04-19 19:51:59.987 +05:30 [INF] Serilog.AspNetCore.RequestLoggingMiddleware | CorrelationId:e2e8343fd1ca4e4c837b50521ae1970b | HTTP GET /api/Library/stats responded 200 in 21.5710 ms
2026-04-19 19:52:00.008 +05:30 [INF] Serilog.AspNetCore.RequestLoggingMiddleware | CorrelationId:f4c10b5213414e22bc7b4fcb1801ef1f | HTTP GET /api/Library/books responded 401 in 0.6522 ms
2026-04-19 19:52:00.074 +05:30 [INF] SmsApi.Middleware.LoggingActionFilter | CorrelationId:03abf0dfd6cb4fd591078a9f18311788 | API Request: GET /api/Library/issues | User: Unknown | School: 550e8400-e29b-41d4-a716-446655440000
2026-04-19 19:52:00.088 +05:30 [INF] SmsApi.Middleware.LoggingActionFilter | CorrelationId:03abf0dfd6cb4fd591078a9f18311788 | API Response: GET /api/Library/issues | Status: 200 | Duration: 13ms
2026-04-19 19:52:00.095 +05:30 [INF] Serilog.AspNetCore.RequestLoggingMiddleware | CorrelationId:03abf0dfd6cb4fd591078a9f18311788 | HTTP GET /api/Library/issues responded 200 in 22.9018 ms
2026-04-19 19:52:22.516 +05:30 [INF] SmsApi.Middleware.LoggingActionFilter | CorrelationId:c024b8996557479db7a4631d4d99d5fd | API Request: POST /api/auth/login | User: Unknown | School: Unknown
2026-04-19 19:52:23.082 +05:30 [INF] SmsApi.Controllers.AuthController | CorrelationId:c024b8996557479db7a4631d4d99d5fd | Login successful for admin (SchoolId: "550e8400-e29b-41d4-a716-446655440000")
2026-04-19 19:52:23.085 +05:30 [INF] SmsApi.Middleware.LoggingActionFilter | CorrelationId:c024b8996557479db7a4631d4d99d5fd | API Response: POST /api/auth/login | Status: 200 | Duration: 569ms
2026-04-19 19:52:23.106 +05:30 [INF] Serilog.AspNetCore.RequestLoggingMiddleware | CorrelationId:c024b8996557479db7a4631d4d99d5fd | HTTP POST /api/auth/login responded 200 in 609.7950 ms
2026-04-19 19:52:23.110 +05:30 [WRN] SmsApi.Infrastructure.Performance.PerformanceMonitoringMiddleware | CorrelationId: | Slow request: POST /api/auth/login took 597ms — status 200.
2026-04-19 19:52:23.150 +05:30 [INF] SmsApi.Middleware.LoggingActionFilter | CorrelationId:9f05ca13e2354ac5ac36bfdaf500dfbb | API Request: GET /api/Library/books | User: Unknown | School: 550e8400-e29b-41d4-a716-446655440000
2026-04-19 19:52:23.170 +05:30 [INF] SmsApi.Middleware.LoggingActionFilter | CorrelationId:9f05ca13e2354ac5ac36bfdaf500dfbb | API Response: GET /api/Library/books | Status: 200 | Duration: 19ms
2026-04-19 19:52:23.174 +05:30 [INF] Serilog.AspNetCore.RequestLoggingMiddleware | CorrelationId:9f05ca13e2354ac5ac36bfdaf500dfbb | HTTP GET /api/Library/books responded 200 in 31.9310 ms
2026-04-19 19:52:23.222 +05:30 [INF] SmsApi.Middleware.LoggingActionFilter | CorrelationId:c8d49d0644964e4192b45c2c3ab98611 | API Request: POST /api/Library/books | User: Unknown | School: 550e8400-e29b-41d4-a716-446655440000
2026-04-19 19:52:23.236 +05:30 [INF] SmsApi.Middleware.LoggingActionFilter | CorrelationId:c8d49d0644964e4192b45c2c3ab98611 | API Response: POST /api/Library/books | Status: 200 | Duration: 13ms
2026-04-19 19:52:23.250 +05:30 [INF] Serilog.AspNetCore.RequestLoggingMiddleware | CorrelationId:c8d49d0644964e4192b45c2c3ab98611 | HTTP POST /api/Library/books responded 201 in 33.4644 ms
2026-04-19 19:52:23.297 +05:30 [INF] SmsApi.Middleware.LoggingActionFilter | CorrelationId:78d0f955f36b40b1a9fe878c488b86f3 | API Request: POST /api/Library/books | User: Unknown | School: 550e8400-e29b-41d4-a716-446655440000
2026-04-19 19:52:23.344 +05:30 [INF] SmsApi.Middleware.LoggingActionFilter | CorrelationId:78d0f955f36b40b1a9fe878c488b86f3 | API Response: POST /api/Library/books | Status: 200 | Duration: 46ms
2026-04-19 19:52:23.348 +05:30 [INF] Serilog.AspNetCore.RequestLoggingMiddleware | CorrelationId:78d0f955f36b40b1a9fe878c488b86f3 | HTTP POST /api/Library/books responded 400 in 54.8875 ms
2026-04-19 19:52:23.411 +05:30 [INF] Serilog.AspNetCore.RequestLoggingMiddleware | CorrelationId:97fb6ee729464cfbb412c619819f3538 | HTTP POST /api/Library/books responded 400 in 9.0808 ms
2026-04-19 19:52:23.455 +05:30 [INF] SmsApi.Middleware.LoggingActionFilter | CorrelationId:e9e75dedc2404295bc78c0c53e1f2d5f | API Request: GET /api/Library/books/af2c8e8f-b086-4cce-9b2c-30a661993a80 | User: Unknown | School: 550e8400-e29b-41d4-a716-446655440000
2026-04-19 19:52:23.463 +05:30 [INF] SmsApi.Middleware.LoggingActionFilter | CorrelationId:e9e75dedc2404295bc78c0c53e1f2d5f | API Response: GET /api/Library/books/af2c8e8f-b086-4cce-9b2c-30a661993a80 | Status: 200 | Duration: 7ms
2026-04-19 19:52:23.465 +05:30 [INF] Serilog.AspNetCore.RequestLoggingMiddleware | CorrelationId:e9e75dedc2404295bc78c0c53e1f2d5f | HTTP GET /api/Library/books/af2c8e8f-b086-4cce-9b2c-30a661993a80 responded 200 in 15.1442 ms
2026-04-19 19:52:23.494 +05:30 [INF] SmsApi.Middleware.LoggingActionFilter | CorrelationId:e27a6e12f6ae4034957850cd426bb1cb | API Request: PUT /api/Library/books/af2c8e8f-b086-4cce-9b2c-30a661993a80 | User: Unknown | School: 550e8400-e29b-41d4-a716-446655440000
2026-04-19 19:52:23.503 +05:30 [INF] SmsApi.Middleware.LoggingActionFilter | CorrelationId:e27a6e12f6ae4034957850cd426bb1cb | API Response: PUT /api/Library/books/af2c8e8f-b086-4cce-9b2c-30a661993a80 | Status: 200 | Duration: 9ms
2026-04-19 19:52:23.512 +05:30 [INF] Serilog.AspNetCore.RequestLoggingMiddleware | CorrelationId:e27a6e12f6ae4034957850cd426bb1cb | HTTP PUT /api/Library/books/af2c8e8f-b086-4cce-9b2c-30a661993a80 responded 200 in 22.7161 ms
2026-04-19 19:52:23.533 +05:30 [INF] SmsApi.Middleware.LoggingActionFilter | CorrelationId:6017ca7b18954862becb726335ec5690 | API Request: GET /api/students | User: Unknown | School: 550e8400-e29b-41d4-a716-446655440000
2026-04-19 19:52:23.542 +05:30 [INF] SmsApi.Middleware.LoggingActionFilter | CorrelationId:6017ca7b18954862becb726335ec5690 | API Response: GET /api/students | Status: 200 | Duration: 8ms
2026-04-19 19:52:23.545 +05:30 [INF] Serilog.AspNetCore.RequestLoggingMiddleware | CorrelationId:6017ca7b18954862becb726335ec5690 | HTTP GET /api/students responded 200 in 13.4120 ms
2026-04-19 19:52:23.579 +05:30 [INF] SmsApi.Middleware.LoggingActionFilter | CorrelationId:4212190944c34373bc412eb52500c074 | API Request: POST /api/Library/issues | User: Unknown | School: 550e8400-e29b-41d4-a716-446655440000
2026-04-19 19:52:23.604 +05:30 [INF] SmsApi.Middleware.LoggingActionFilter | CorrelationId:4212190944c34373bc412eb52500c074 | API Response: POST /api/Library/issues | Status: 200 | Duration: 24ms
2026-04-19 19:52:23.658 +05:30 [INF] Serilog.AspNetCore.RequestLoggingMiddleware | CorrelationId:4212190944c34373bc412eb52500c074 | HTTP POST /api/Library/issues responded 201 in 81.7796 ms
2026-04-19 19:52:23.720 +05:30 [INF] SmsApi.Middleware.LoggingActionFilter | CorrelationId:a0a50fda3d9846dba9ded0cbac89bf79 | API Request: POST /api/Library/books | User: Unknown | School: 550e8400-e29b-41d4-a716-446655440000
2026-04-19 19:52:23.731 +05:30 [INF] SmsApi.Middleware.LoggingActionFilter | CorrelationId:a0a50fda3d9846dba9ded0cbac89bf79 | API Response: POST /api/Library/books | Status: 200 | Duration: 11ms
2026-04-19 19:52:23.739 +05:30 [INF] Serilog.AspNetCore.RequestLoggingMiddleware | CorrelationId:a0a50fda3d9846dba9ded0cbac89bf79 | HTTP POST /api/Library/books responded 201 in 23.4376 ms
2026-04-19 19:52:23.759 +05:30 [INF] SmsApi.Middleware.LoggingActionFilter | CorrelationId:4d16a005fe5f4dadb6bfc52257b33a6e | API Request: POST /api/Library/issues | User: Unknown | School: 550e8400-e29b-41d4-a716-446655440000
2026-04-19 19:52:23.768 +05:30 [INF] SmsApi.Middleware.LoggingActionFilter | CorrelationId:4d16a005fe5f4dadb6bfc52257b33a6e | API Response: POST /api/Library/issues | Status: 200 | Duration: 9ms
2026-04-19 19:52:23.780 +05:30 [INF] Serilog.AspNetCore.RequestLoggingMiddleware | CorrelationId:4d16a005fe5f4dadb6bfc52257b33a6e | HTTP POST /api/Library/issues responded 201 in 23.1954 ms
2026-04-19 19:52:23.789 +05:30 [INF] SmsApi.Middleware.LoggingActionFilter | CorrelationId:bf964ee76dd648009abff4e684e0905c | API Request: POST /api/Library/issues | User: Unknown | School: 550e8400-e29b-41d4-a716-446655440000
2026-04-19 19:52:23.794 +05:30 [INF] SmsApi.Middleware.LoggingActionFilter | CorrelationId:bf964ee76dd648009abff4e684e0905c | API Response: POST /api/Library/issues | Status: 200 | Duration: 4ms
2026-04-19 19:52:23.798 +05:30 [INF] Serilog.AspNetCore.RequestLoggingMiddleware | CorrelationId:bf964ee76dd648009abff4e684e0905c | HTTP POST /api/Library/issues responded 400 in 10.9605 ms
2026-04-19 19:52:23.812 +05:30 [INF] SmsApi.Middleware.LoggingActionFilter | CorrelationId:7ce971db0ab44cc7ae34207ba64b5148 | API Request: PUT /api/Library/issues/5f93cacb-ba6f-49ae-a8ce-0ad8c8f60963/return | User: Unknown | School: 550e8400-e29b-41d4-a716-446655440000
2026-04-19 19:52:23.870 +05:30 [INF] SmsApi.Middleware.LoggingActionFilter | CorrelationId:7ce971db0ab44cc7ae34207ba64b5148 | API Response: PUT /api/Library/issues/5f93cacb-ba6f-49ae-a8ce-0ad8c8f60963/return | Status: 200 | Duration: 57ms
2026-04-19 19:52:23.878 +05:30 [INF] Serilog.AspNetCore.RequestLoggingMiddleware | CorrelationId:7ce971db0ab44cc7ae34207ba64b5148 | HTTP PUT /api/Library/issues/5f93cacb-ba6f-49ae-a8ce-0ad8c8f60963/return responded 200 in 73.9378 ms
2026-04-19 19:52:23.897 +05:30 [INF] SmsApi.Middleware.LoggingActionFilter | CorrelationId:9104e0df0e9f4aba89356ae866e6e60e | API Request: PUT /api/Library/issues/5f93cacb-ba6f-49ae-a8ce-0ad8c8f60963/return | User: Unknown | School: 550e8400-e29b-41d4-a716-446655440000
2026-04-19 19:52:23.909 +05:30 [INF] SmsApi.Middleware.LoggingActionFilter | CorrelationId:9104e0df0e9f4aba89356ae866e6e60e | API Response: PUT /api/Library/issues/5f93cacb-ba6f-49ae-a8ce-0ad8c8f60963/return | Status: 200 | Duration: 12ms
2026-04-19 19:52:23.925 +05:30 [INF] Serilog.AspNetCore.RequestLoggingMiddleware | CorrelationId:9104e0df0e9f4aba89356ae866e6e60e | HTTP PUT /api/Library/issues/5f93cacb-ba6f-49ae-a8ce-0ad8c8f60963/return responded 400 in 30.4142 ms
2026-04-19 19:52:23.950 +05:30 [INF] SmsApi.Middleware.LoggingActionFilter | CorrelationId:4468f04d258e48b9b28335bfa4c85824 | API Request: GET /api/Library/stats | User: Unknown | School: 550e8400-e29b-41d4-a716-446655440000
2026-04-19 19:52:24.012 +05:30 [INF] SmsApi.Middleware.LoggingActionFilter | CorrelationId:4468f04d258e48b9b28335bfa4c85824 | API Response: GET /api/Library/stats | Status: 200 | Duration: 62ms
2026-04-19 19:52:24.018 +05:30 [INF] Serilog.AspNetCore.RequestLoggingMiddleware | CorrelationId:4468f04d258e48b9b28335bfa4c85824 | HTTP GET /api/Library/stats responded 200 in 70.0035 ms
2026-04-19 19:52:24.135 +05:30 [INF] Serilog.AspNetCore.RequestLoggingMiddleware | CorrelationId:6df61288ea3649919ae06cadfde4b782 | HTTP GET /api/Library/books responded 401 in 0.2855 ms
2026-04-19 19:52:24.196 +05:30 [INF] SmsApi.Middleware.LoggingActionFilter | CorrelationId:245c724c3fcb449daa299d9c26ef392b | API Request: GET /api/Library/issues | User: Unknown | School: 550e8400-e29b-41d4-a716-446655440000
2026-04-19 19:52:24.214 +05:30 [INF] SmsApi.Middleware.LoggingActionFilter | CorrelationId:245c724c3fcb449daa299d9c26ef392b | API Response: GET /api/Library/issues | Status: 200 | Duration: 18ms
2026-04-19 19:52:24.218 +05:30 [INF] Serilog.AspNetCore.RequestLoggingMiddleware | CorrelationId:245c724c3fcb449daa299d9c26ef392b | HTTP GET /api/Library/issues responded 200 in 28.2674 ms
2026-04-19 19:56:29.085 +05:30 [INF] Serilog.AspNetCore.RequestLoggingMiddleware | CorrelationId:db2e43bb96074b508bc719484c6a7042 | HTTP OPTIONS /api/permissions/stats responded 204 in 17.6432 ms
2026-04-19 19:56:29.085 +05:30 [INF] Serilog.AspNetCore.RequestLoggingMiddleware | CorrelationId:90ef3fd363504ba18d278bca423bf31c | HTTP OPTIONS /api/permissions/roles responded 204 in 21.4078 ms
2026-04-19 19:56:29.092 +05:30 [INF] Serilog.AspNetCore.RequestLoggingMiddleware | CorrelationId:5edd49d3e77143acb2d83e1588c6edd4 | HTTP OPTIONS /api/permissions/roles responded 204 in 0.0956 ms
2026-04-19 19:56:29.161 +05:30 [INF] Serilog.AspNetCore.RequestLoggingMiddleware | CorrelationId:770bb3cb49c541a2a7a7f84eec56eb2e | HTTP OPTIONS /api/permissions/stats responded 204 in 0.0712 ms
2026-04-19 19:56:29.309 +05:30 [INF] SmsApi.Middleware.LoggingActionFilter | CorrelationId:da18a1e6df1341b5ada221d47fac6fcb | API Request: GET /api/permissions/stats | User: Unknown | School: 550e8400-e29b-41d4-a716-446655440000
2026-04-19 19:56:29.582 +05:30 [INF] SmsApi.Middleware.LoggingActionFilter | CorrelationId:274584a601a14de1a3a84d69197c8136 | API Request: GET /api/permissions/roles | User: Unknown | School: 550e8400-e29b-41d4-a716-446655440000
2026-04-19 19:56:29.612 +05:30 [INF] SmsApi.Middleware.LoggingActionFilter | CorrelationId:92c977819a2e473b8ff8a78afc1f2d2f | API Request: GET /api/permissions/roles | User: Unknown | School: 550e8400-e29b-41d4-a716-446655440000
2026-04-19 19:56:29.640 +05:30 [INF] SmsApi.Middleware.LoggingActionFilter | CorrelationId:8beb673001774918b9c84455b7fbf87e | API Request: GET /api/permissions/stats | User: Unknown | School: 550e8400-e29b-41d4-a716-446655440000
2026-04-19 19:56:29.944 +05:30 [INF] SmsApi.Middleware.LoggingActionFilter | CorrelationId:274584a601a14de1a3a84d69197c8136 | API Response: GET /api/permissions/roles | Status: 200 | Duration: 361ms
2026-04-19 19:56:29.946 +05:30 [INF] SmsApi.Middleware.LoggingActionFilter | CorrelationId:da18a1e6df1341b5ada221d47fac6fcb | API Response: GET /api/permissions/stats | Status: 200 | Duration: 637ms
2026-04-19 19:56:29.991 +05:30 [INF] SmsApi.Middleware.LoggingActionFilter | CorrelationId:92c977819a2e473b8ff8a78afc1f2d2f | API Response: GET /api/permissions/roles | Status: 200 | Duration: 378ms
2026-04-19 19:56:30.028 +05:30 [INF] SmsApi.Middleware.LoggingActionFilter | CorrelationId:8beb673001774918b9c84455b7fbf87e | API Response: GET /api/permissions/stats | Status: 200 | Duration: 388ms
2026-04-19 19:56:30.105 +05:30 [INF] Serilog.AspNetCore.RequestLoggingMiddleware | CorrelationId:da18a1e6df1341b5ada221d47fac6fcb | HTTP GET /api/permissions/stats responded 200 in 815.7358 ms
2026-04-19 19:56:30.105 +05:30 [INF] Serilog.AspNetCore.RequestLoggingMiddleware | CorrelationId:274584a601a14de1a3a84d69197c8136 | HTTP GET /api/permissions/roles responded 200 in 793.8487 ms
2026-04-19 19:56:30.108 +05:30 [INF] Serilog.AspNetCore.RequestLoggingMiddleware | CorrelationId:92c977819a2e473b8ff8a78afc1f2d2f | HTTP GET /api/permissions/roles responded 200 in 497.0836 ms
2026-04-19 19:56:30.110 +05:30 [INF] Serilog.AspNetCore.RequestLoggingMiddleware | CorrelationId:8beb673001774918b9c84455b7fbf87e | HTTP GET /api/permissions/stats responded 200 in 470.9617 ms
2026-04-19 19:56:30.119 +05:30 [WRN] SmsApi.Infrastructure.Performance.PerformanceMonitoringMiddleware | CorrelationId: | Slow request: GET /api/permissions/stats took 815ms — status 200.
2026-04-19 19:56:30.120 +05:30 [WRN] SmsApi.Infrastructure.Performance.PerformanceMonitoringMiddleware | CorrelationId: | Slow request: GET /api/permissions/roles took 793ms — status 200.
2026-04-19 19:56:31.827 +05:30 [INF] Serilog.AspNetCore.RequestLoggingMiddleware | CorrelationId:bcf8f7dfc22c498d9130a087b0efd002 | HTTP OPTIONS /api/library/books responded 204 in 0.1243 ms
2026-04-19 19:56:31.828 +05:30 [INF] Serilog.AspNetCore.RequestLoggingMiddleware | CorrelationId:c11bbeb9f7dd4003ab8fe8a11639dfe8 | HTTP OPTIONS /api/library/books responded 204 in 0.0170 ms
2026-04-19 19:56:31.858 +05:30 [INF] Serilog.AspNetCore.RequestLoggingMiddleware | CorrelationId:89baaa9d62c9493ea55fc59c23de8fec | HTTP OPTIONS /api/library/issues responded 204 in 0.0465 ms
2026-04-19 19:56:31.862 +05:30 [INF] Serilog.AspNetCore.RequestLoggingMiddleware | CorrelationId:ff7cc0ed4dc24f08ae9c040e93e6f834 | HTTP OPTIONS /api/library/issues responded 204 in 0.0361 ms
2026-04-19 19:56:31.863 +05:30 [INF] Serilog.AspNetCore.RequestLoggingMiddleware | CorrelationId:0b70bf29562943589b1ee8550ca4d4e7 | HTTP OPTIONS /api/library/stats responded 204 in 0.0162 ms
2026-04-19 19:56:31.864 +05:30 [INF] Serilog.AspNetCore.RequestLoggingMiddleware | CorrelationId:108fddd4e7024975b01567efddef4f81 | HTTP OPTIONS /api/library/books responded 204 in 0.0851 ms
2026-04-19 19:56:32.376 +05:30 [WRN] SmsApi.Infrastructure.Performance.PerformanceMonitoringMiddleware | CorrelationId: | Slow request: OPTIONS /api/library/books took 549ms — status 204.
2026-04-19 19:56:32.400 +05:30 [WRN] SmsApi.Infrastructure.Performance.PerformanceMonitoringMiddleware | CorrelationId: | Slow request: OPTIONS /api/library/books took 572ms — status 204.
2026-04-19 19:56:32.403 +05:30 [WRN] SmsApi.Infrastructure.Performance.PerformanceMonitoringMiddleware | CorrelationId: | Slow request: OPTIONS /api/library/issues took 544ms — status 204.
2026-04-19 19:56:32.404 +05:30 [WRN] SmsApi.Infrastructure.Performance.PerformanceMonitoringMiddleware | CorrelationId: | Slow request: OPTIONS /api/library/issues took 542ms — status 204.
2026-04-19 19:56:32.412 +05:30 [WRN] SmsApi.Infrastructure.Performance.PerformanceMonitoringMiddleware | CorrelationId: | Slow request: OPTIONS /api/library/stats took 548ms — status 204.
2026-04-19 19:56:32.414 +05:30 [WRN] SmsApi.Infrastructure.Performance.PerformanceMonitoringMiddleware | CorrelationId: | Slow request: OPTIONS /api/library/books took 550ms — status 204.
2026-04-19 19:56:32.443 +05:30 [INF] Serilog.AspNetCore.RequestLoggingMiddleware | CorrelationId:fd28e81959b74104a9cb040e7badef16 | HTTP OPTIONS /api/library/issues responded 204 in 0.1017 ms
2026-04-19 19:56:32.453 +05:30 [INF] Serilog.AspNetCore.RequestLoggingMiddleware | CorrelationId:a8452623f89847e7a1ae1fbcafb6d0e6 | HTTP OPTIONS /api/students responded 204 in 0.0547 ms
2026-04-19 19:56:32.461 +05:30 [INF] Serilog.AspNetCore.RequestLoggingMiddleware | CorrelationId:9409e1a6eed0429c891d0541e41cb08a | HTTP OPTIONS /api/library/books responded 204 in 0.0567 ms
2026-04-19 19:56:32.470 +05:30 [INF] Serilog.AspNetCore.RequestLoggingMiddleware | CorrelationId:0fa10f1177a740079b332d6119d62fcb | HTTP OPTIONS /api/library/books responded 204 in 0.0463 ms
2026-04-19 19:56:32.476 +05:30 [INF] Serilog.AspNetCore.RequestLoggingMiddleware | CorrelationId:55436f1d66c24bdc83ead6d37e9a5ae5 | HTTP OPTIONS /api/library/issues responded 204 in 0.0372 ms
2026-04-19 19:56:32.484 +05:30 [INF] Serilog.AspNetCore.RequestLoggingMiddleware | CorrelationId:19b46d08f2184fb8bcdb8a7dd02da820 | HTTP OPTIONS /api/library/issues responded 204 in 0.0437 ms
2026-04-19 19:56:32.488 +05:30 [INF] Serilog.AspNetCore.RequestLoggingMiddleware | CorrelationId:ddf29a9ca7ea4bd4a784434a615f7a68 | HTTP OPTIONS /api/library/stats responded 204 in 0.0577 ms
2026-04-19 19:56:32.492 +05:30 [INF] Serilog.AspNetCore.RequestLoggingMiddleware | CorrelationId:261d5814817e400996c93a8402d85bbc | HTTP OPTIONS /api/library/books responded 204 in 0.0559 ms
2026-04-19 19:56:32.496 +05:30 [INF] Serilog.AspNetCore.RequestLoggingMiddleware | CorrelationId:e37af61ce5554c6ba84dfe2338cfe72e | HTTP OPTIONS /api/library/issues responded 204 in 0.0439 ms
2026-04-19 19:56:32.502 +05:30 [INF] Serilog.AspNetCore.RequestLoggingMiddleware | CorrelationId:e2f928b7231245fdb77124f7fe2e0ea1 | HTTP OPTIONS /api/students responded 204 in 0.0495 ms
2026-04-19 19:56:32.507 +05:30 [INF] Serilog.AspNetCore.RequestLoggingMiddleware | CorrelationId:5dc2a6cb8e974058bcefd31dea5041e9 | HTTP OPTIONS /api/library/books responded 204 in 0.0670 ms
2026-04-19 19:56:32.525 +05:30 [INF] SmsApi.Middleware.LoggingActionFilter | CorrelationId:7bfde04939084a1a9a26a1202eaef9d9 | API Request: GET /api/library/books | User: Unknown | School: 550e8400-e29b-41d4-a716-446655440000
2026-04-19 19:56:32.525 +05:30 [INF] SmsApi.Middleware.LoggingActionFilter | CorrelationId:7ae70f45264d4f06aa7596aa667ea102 | API Request: GET /api/library/books | User: Unknown | School: 550e8400-e29b-41d4-a716-446655440000
2026-04-19 19:56:32.542 +05:30 [INF] SmsApi.Middleware.LoggingActionFilter | CorrelationId:6a615a4c99aa415294476f725641c309 | API Request: GET /api/library/issues | User: Unknown | School: 550e8400-e29b-41d4-a716-446655440000
2026-04-19 19:56:32.567 +05:30 [INF] SmsApi.Middleware.LoggingActionFilter | CorrelationId:279d911f2f584ca886ba925760640156 | API Request: GET /api/library/issues | User: Unknown | School: 550e8400-e29b-41d4-a716-446655440000
2026-04-19 19:56:32.605 +05:30 [INF] SmsApi.Middleware.LoggingActionFilter | CorrelationId:c0094a05fa164856ab7b0c88fd8292da | API Request: GET /api/library/books | User: Unknown | School: 550e8400-e29b-41d4-a716-446655440000
2026-04-19 19:56:32.605 +05:30 [INF] SmsApi.Middleware.LoggingActionFilter | CorrelationId:053294bd055e48a2b5e1ad68ae192e8b | API Request: GET /api/library/stats | User: Unknown | School: 550e8400-e29b-41d4-a716-446655440000
2026-04-19 19:56:32.626 +05:30 [INF] SmsApi.Middleware.LoggingActionFilter | CorrelationId:7bfde04939084a1a9a26a1202eaef9d9 | API Response: GET /api/library/books | Status: 200 | Duration: 101ms
2026-04-19 19:56:32.631 +05:30 [INF] SmsApi.Middleware.LoggingActionFilter | CorrelationId:7ae70f45264d4f06aa7596aa667ea102 | API Response: GET /api/library/books | Status: 200 | Duration: 105ms
2026-04-19 19:56:32.644 +05:30 [INF] SmsApi.Middleware.LoggingActionFilter | CorrelationId:c0094a05fa164856ab7b0c88fd8292da | API Response: GET /api/library/books | Status: 200 | Duration: 38ms
2026-04-19 19:56:32.646 +05:30 [INF] SmsApi.Middleware.LoggingActionFilter | CorrelationId:6a615a4c99aa415294476f725641c309 | API Response: GET /api/library/issues | Status: 200 | Duration: 104ms
2026-04-19 19:56:32.649 +05:30 [INF] SmsApi.Middleware.LoggingActionFilter | CorrelationId:279d911f2f584ca886ba925760640156 | API Response: GET /api/library/issues | Status: 200 | Duration: 82ms
2026-04-19 19:56:32.667 +05:30 [INF] SmsApi.Middleware.LoggingActionFilter | CorrelationId:053294bd055e48a2b5e1ad68ae192e8b | API Response: GET /api/library/stats | Status: 200 | Duration: 61ms
2026-04-19 19:56:32.733 +05:30 [INF] Serilog.AspNetCore.RequestLoggingMiddleware | CorrelationId:053294bd055e48a2b5e1ad68ae192e8b | HTTP GET /api/library/stats responded 200 in 144.0861 ms
2026-04-19 19:56:32.676 +05:30 [INF] Serilog.AspNetCore.RequestLoggingMiddleware | CorrelationId:7ae70f45264d4f06aa7596aa667ea102 | HTTP GET /api/library/books responded 200 in 164.8251 ms
2026-04-19 19:56:32.681 +05:30 [INF] Serilog.AspNetCore.RequestLoggingMiddleware | CorrelationId:c0094a05fa164856ab7b0c88fd8292da | HTTP GET /api/library/books responded 200 in 82.8457 ms
2026-04-19 19:56:32.711 +05:30 [INF] Serilog.AspNetCore.RequestLoggingMiddleware | CorrelationId:6a615a4c99aa415294476f725641c309 | HTTP GET /api/library/issues responded 200 in 181.2917 ms
2026-04-19 19:56:32.722 +05:30 [INF] Serilog.AspNetCore.RequestLoggingMiddleware | CorrelationId:279d911f2f584ca886ba925760640156 | HTTP GET /api/library/issues responded 200 in 163.9693 ms
2026-04-19 19:56:32.667 +05:30 [INF] Serilog.AspNetCore.RequestLoggingMiddleware | CorrelationId:7bfde04939084a1a9a26a1202eaef9d9 | HTTP GET /api/library/books responded 200 in 150.8901 ms
2026-04-19 19:56:32.752 +05:30 [INF] SmsApi.Middleware.LoggingActionFilter | CorrelationId:0b4d770b7cc04aac9915016a5421863c | API Request: GET /api/library/issues | User: Unknown | School: 550e8400-e29b-41d4-a716-446655440000
2026-04-19 19:56:32.761 +05:30 [INF] SmsApi.Middleware.LoggingActionFilter | CorrelationId:edb2005faf1f4a879ac06e0ec67849ac | API Request: GET /api/students | User: Unknown | School: 550e8400-e29b-41d4-a716-446655440000
2026-04-19 19:56:32.765 +05:30 [INF] SmsApi.Middleware.LoggingActionFilter | CorrelationId:dd950cd687e74d2fb693c1a7efaf0cd8 | API Request: GET /api/library/books | User: Unknown | School: 550e8400-e29b-41d4-a716-446655440000
2026-04-19 19:56:32.778 +05:30 [INF] SmsApi.Middleware.LoggingActionFilter | CorrelationId:349248848d17467487707d91b5cb61d0 | API Request: GET /api/library/books | User: Unknown | School: 550e8400-e29b-41d4-a716-446655440000
2026-04-19 19:56:32.781 +05:30 [INF] SmsApi.Middleware.LoggingActionFilter | CorrelationId:b65a23c51e7643179b9fcbabdcc473ad | API Request: GET /api/library/issues | User: Unknown | School: 550e8400-e29b-41d4-a716-446655440000
2026-04-19 19:56:32.789 +05:30 [INF] SmsApi.Middleware.LoggingActionFilter | CorrelationId:b2c259a8849e4946a226346228f1fd41 | API Request: GET /api/library/issues | User: Unknown | School: 550e8400-e29b-41d4-a716-446655440000
2026-04-19 19:56:32.806 +05:30 [INF] SmsApi.Middleware.LoggingActionFilter | CorrelationId:0b4d770b7cc04aac9915016a5421863c | API Response: GET /api/library/issues | Status: 200 | Duration: 53ms
2026-04-19 19:56:32.822 +05:30 [INF] SmsApi.Middleware.LoggingActionFilter | CorrelationId:dd950cd687e74d2fb693c1a7efaf0cd8 | API Response: GET /api/library/books | Status: 200 | Duration: 56ms
2026-04-19 19:56:32.831 +05:30 [INF] SmsApi.Middleware.LoggingActionFilter | CorrelationId:edb2005faf1f4a879ac06e0ec67849ac | API Response: GET /api/students | Status: 200 | Duration: 70ms
2026-04-19 19:56:32.833 +05:30 [INF] SmsApi.Middleware.LoggingActionFilter | CorrelationId:349248848d17467487707d91b5cb61d0 | API Response: GET /api/library/books | Status: 200 | Duration: 54ms
2026-04-19 19:56:32.839 +05:30 [INF] SmsApi.Middleware.LoggingActionFilter | CorrelationId:b2c259a8849e4946a226346228f1fd41 | API Response: GET /api/library/issues | Status: 200 | Duration: 49ms
2026-04-19 19:56:32.840 +05:30 [INF] Serilog.AspNetCore.RequestLoggingMiddleware | CorrelationId:0b4d770b7cc04aac9915016a5421863c | HTTP GET /api/library/issues responded 200 in 90.5246 ms
2026-04-19 19:56:32.842 +05:30 [INF] SmsApi.Middleware.LoggingActionFilter | CorrelationId:b65a23c51e7643179b9fcbabdcc473ad | API Response: GET /api/library/issues | Status: 200 | Duration: 60ms
2026-04-19 19:56:32.845 +05:30 [INF] Serilog.AspNetCore.RequestLoggingMiddleware | CorrelationId:dd950cd687e74d2fb693c1a7efaf0cd8 | HTTP GET /api/library/books responded 200 in 81.8629 ms
2026-04-19 19:56:32.846 +05:30 [INF] Serilog.AspNetCore.RequestLoggingMiddleware | CorrelationId:edb2005faf1f4a879ac06e0ec67849ac | HTTP GET /api/students responded 200 in 87.7323 ms
2026-04-19 19:56:32.849 +05:30 [INF] Serilog.AspNetCore.RequestLoggingMiddleware | CorrelationId:349248848d17467487707d91b5cb61d0 | HTTP GET /api/library/books responded 200 in 75.9437 ms
2026-04-19 19:56:32.851 +05:30 [INF] Serilog.AspNetCore.RequestLoggingMiddleware | CorrelationId:b2c259a8849e4946a226346228f1fd41 | HTTP GET /api/library/issues responded 200 in 65.3135 ms
2026-04-19 19:56:32.858 +05:30 [INF] SmsApi.Middleware.LoggingActionFilter | CorrelationId:48e3d960f57f40deae52fe97767a9991 | API Request: GET /api/library/stats | User: Unknown | School: 550e8400-e29b-41d4-a716-446655440000
2026-04-19 19:56:32.859 +05:30 [INF] Serilog.AspNetCore.RequestLoggingMiddleware | CorrelationId:b65a23c51e7643179b9fcbabdcc473ad | HTTP GET /api/library/issues responded 200 in 79.6013 ms
2026-04-19 19:56:32.891 +05:30 [INF] SmsApi.Middleware.LoggingActionFilter | CorrelationId:3540f142c0df4486be61bec3623a0981 | API Request: GET /api/library/books | User: Unknown | School: 550e8400-e29b-41d4-a716-446655440000
2026-04-19 19:56:32.901 +05:30 [INF] SmsApi.Middleware.LoggingActionFilter | CorrelationId:961a083f974e4fcab7558ed074ebd33a | API Request: GET /api/library/issues | User: Unknown | School: 550e8400-e29b-41d4-a716-446655440000
2026-04-19 19:56:33.122 +05:30 [INF] SmsApi.Middleware.LoggingActionFilter | CorrelationId:ee349d3b65fc4d9988d104fd11d80318 | API Request: GET /api/students | User: Unknown | School: 550e8400-e29b-41d4-a716-446655440000
2026-04-19 19:56:33.126 +05:30 [INF] SmsApi.Middleware.LoggingActionFilter | CorrelationId:89bc98398acd4babaa9ad56dc4387e50 | API Request: GET /api/library/books | User: Unknown | School: 550e8400-e29b-41d4-a716-446655440000
2026-04-19 19:56:33.134 +05:30 [INF] SmsApi.Middleware.LoggingActionFilter | CorrelationId:48e3d960f57f40deae52fe97767a9991 | API Response: GET /api/library/stats | Status: 200 | Duration: 276ms
2026-04-19 19:56:33.141 +05:30 [INF] SmsApi.Middleware.LoggingActionFilter | CorrelationId:3540f142c0df4486be61bec3623a0981 | API Response: GET /api/library/books | Status: 200 | Duration: 249ms
2026-04-19 19:56:33.147 +05:30 [INF] SmsApi.Middleware.LoggingActionFilter | CorrelationId:961a083f974e4fcab7558ed074ebd33a | API Response: GET /api/library/issues | Status: 200 | Duration: 245ms
2026-04-19 19:56:33.153 +05:30 [INF] SmsApi.Middleware.LoggingActionFilter | CorrelationId:ee349d3b65fc4d9988d104fd11d80318 | API Response: GET /api/students | Status: 200 | Duration: 30ms
2026-04-19 19:56:33.154 +05:30 [INF] SmsApi.Middleware.LoggingActionFilter | CorrelationId:89bc98398acd4babaa9ad56dc4387e50 | API Response: GET /api/library/books | Status: 200 | Duration: 28ms
2026-04-19 19:56:33.156 +05:30 [INF] Serilog.AspNetCore.RequestLoggingMiddleware | CorrelationId:48e3d960f57f40deae52fe97767a9991 | HTTP GET /api/library/stats responded 200 in 299.8588 ms
2026-04-19 19:56:33.171 +05:30 [INF] Serilog.AspNetCore.RequestLoggingMiddleware | CorrelationId:3540f142c0df4486be61bec3623a0981 | HTTP GET /api/library/books responded 200 in 284.8164 ms
2026-04-19 19:56:33.175 +05:30 [INF] Serilog.AspNetCore.RequestLoggingMiddleware | CorrelationId:961a083f974e4fcab7558ed074ebd33a | HTTP GET /api/library/issues responded 200 in 276.5161 ms
2026-04-19 19:56:33.177 +05:30 [INF] Serilog.AspNetCore.RequestLoggingMiddleware | CorrelationId:ee349d3b65fc4d9988d104fd11d80318 | HTTP GET /api/students responded 200 in 56.8229 ms
2026-04-19 19:56:33.179 +05:30 [INF] Serilog.AspNetCore.RequestLoggingMiddleware | CorrelationId:89bc98398acd4babaa9ad56dc4387e50 | HTTP GET /api/library/books responded 200 in 55.7345 ms
