2026-04-20 13:59:55.725 +05:30 [INF]  | CorrelationId: | Using distributed in-memory cache (development only)
2026-04-20 13:59:58.727 +05:30 [WRN] Microsoft.EntityFrameworkCore.Model.Validation | CorrelationId: | Entity 'Staff' has a global query filter defined and is the required end of a relationship with the entity 'Certificate'. This may lead to unexpected results when the required entity is filtered out. Either configure the navigation as optional, or define matching query filters for both entities in the navigation. See https://go.microsoft.com/fwlink/?linkid=2131316 for more information.
2026-04-20 13:59:58.733 +05:30 [WRN] Microsoft.EntityFrameworkCore.Model.Validation | CorrelationId: | Entity 'School' has a global query filter defined and is the required end of a relationship with the entity 'CertificateTemplate'. This may lead to unexpected results when the required entity is filtered out. Either configure the navigation as optional, or define matching query filters for both entities in the navigation. See https://go.microsoft.com/fwlink/?linkid=2131316 for more information.
2026-04-20 13:59:58.740 +05:30 [WRN] Microsoft.EntityFrameworkCore.Model.Validation | CorrelationId: | Entity 'School' has a global query filter defined and is the required end of a relationship with the entity 'Document'. This may lead to unexpected results when the required entity is filtered out. Either configure the navigation as optional, or define matching query filters for both entities in the navigation. See https://go.microsoft.com/fwlink/?linkid=2131316 for more information.
2026-04-20 13:59:58.747 +05:30 [WRN] Microsoft.EntityFrameworkCore.Model.Validation | CorrelationId: | Entity 'School' has a global query filter defined and is the required end of a relationship with the entity 'DocumentCategory'. This may lead to unexpected results when the required entity is filtered out. Either configure the navigation as optional, or define matching query filters for both entities in the navigation. See https://go.microsoft.com/fwlink/?linkid=2131316 for more information.
2026-04-20 13:59:58.751 +05:30 [WRN] Microsoft.EntityFrameworkCore.Model.Validation | CorrelationId: | Entity 'School' has a global query filter defined and is the required end of a relationship with the entity 'FeeAuditLog'. This may lead to unexpected results when the required entity is filtered out. Either configure the navigation as optional, or define matching query filters for both entities in the navigation. See https://go.microsoft.com/fwlink/?linkid=2131316 for more information.
2026-04-20 13:59:58.754 +05:30 [WRN] Microsoft.EntityFrameworkCore.Model.Validation | CorrelationId: | Entity 'School' has a global query filter defined and is the required end of a relationship with the entity 'Holiday'. This may lead to unexpected results when the required entity is filtered out. Either configure the navigation as optional, or define matching query filters for both entities in the navigation. See https://go.microsoft.com/fwlink/?linkid=2131316 for more information.
2026-04-20 13:59:58.756 +05:30 [WRN] Microsoft.EntityFrameworkCore.Model.Validation | CorrelationId: | Entity 'School' has a global query filter defined and is the required end of a relationship with the entity 'IDCard'. This may lead to unexpected results when the required entity is filtered out. Either configure the navigation as optional, or define matching query filters for both entities in the navigation. See https://go.microsoft.com/fwlink/?linkid=2131316 for more information.
2026-04-20 13:59:58.757 +05:30 [WRN] Microsoft.EntityFrameworkCore.Model.Validation | CorrelationId: | Entity 'School' has a global query filter defined and is the required end of a relationship with the entity 'IDCardTemplate'. This may lead to unexpected results when the required entity is filtered out. Either configure the navigation as optional, or define matching query filters for both entities in the navigation. See https://go.microsoft.com/fwlink/?linkid=2131316 for more information.
2026-04-20 13:59:58.762 +05:30 [WRN] Microsoft.EntityFrameworkCore.Model.Validation | CorrelationId: | Entity 'UserLogin' has a global query filter defined and is the required end of a relationship with the entity 'PasswordResetToken'. This may lead to unexpected results when the required entity is filtered out. Either configure the navigation as optional, or define matching query filters for both entities in the navigation. See https://go.microsoft.com/fwlink/?linkid=2131316 for more information.
2026-04-20 13:59:58.766 +05:30 [WRN] Microsoft.EntityFrameworkCore.Model.Validation | CorrelationId: | Entity 'School' has a global query filter defined and is the required end of a relationship with the entity 'PromotionHistory'. This may lead to unexpected results when the required entity is filtered out. Either configure the navigation as optional, or define matching query filters for both entities in the navigation. See https://go.microsoft.com/fwlink/?linkid=2131316 for more information.
2026-04-20 13:59:58.862 +05:30 [WRN] Microsoft.EntityFrameworkCore.Model.Validation | CorrelationId: | The foreign key property 'Staff.ReportingToId1' was created in shadow state because a conflicting property with the simple name 'ReportingToId' exists in the entity type, but is either not mapped, is already used for another relationship, or is incompatible with the associated primary key type. See https://aka.ms/efcore-relationships for information on mapping relationships in EF Core.
2026-04-20 14:00:00.062 +05:30 [INF] Program | CorrelationId: | Database migrations applied successfully.
2026-04-20 14:00:00.870 +05:30 [ERR] Microsoft.Extensions.Hosting.Internal.Host | CorrelationId: | Hosting failed to start
System.IO.IOException: Failed to bind to address http://127.0.0.1:5092: address already in use.
 ---> Microsoft.AspNetCore.Connections.AddressInUseException: Only one usage of each socket address (protocol/network address/port) is normally permitted.
 ---> System.Net.Sockets.SocketException (10048): Only one usage of each socket address (protocol/network address/port) is normally permitted.
   at System.Net.Sockets.Socket.UpdateStatusAfterSocketErrorAndThrowException(SocketError error, Boolean disconnectOnFailure, String callerName)
   at System.Net.Sockets.Socket.DoBind(EndPoint endPointSnapshot, SocketAddress socketAddress)
   at System.Net.Sockets.Socket.Bind(EndPoint localEP)
   at Microsoft.AspNetCore.Server.Kestrel.Transport.Sockets.SocketTransportOptions.CreateDefaultBoundListenSocket(EndPoint endpoint)
   at Microsoft.AspNetCore.Server.Kestrel.Transport.Sockets.SocketConnectionListener.Bind()
   --- End of inner exception stack trace ---
   at Microsoft.AspNetCore.Server.Kestrel.Transport.Sockets.SocketConnectionListener.Bind()
   at Microsoft.AspNetCore.Server.Kestrel.Transport.Sockets.SocketTransportFactory.BindAsync(EndPoint endpoint, CancellationToken cancellationToken)
   at Microsoft.AspNetCore.Server.Kestrel.Core.Internal.Infrastructure.TransportManager.BindAsync(EndPoint endPoint, ConnectionDelegate connectionDelegate, EndpointConfig endpointConfig, CancellationToken cancellationToken)
   at Microsoft.AspNetCore.Server.Kestrel.Core.KestrelServerImpl.<>c__DisplayClass28_0`1.<<StartAsync>g__OnBind|0>d.MoveNext()
--- End of stack trace from previous location ---
   at Microsoft.AspNetCore.Server.Kestrel.Core.Internal.AddressBinder.BindEndpointAsync(ListenOptions endpoint, AddressBindContext context, CancellationToken cancellationToken)
   --- End of inner exception stack trace ---
   at Microsoft.AspNetCore.Server.Kestrel.Core.Internal.AddressBinder.BindEndpointAsync(ListenOptions endpoint, AddressBindContext context, CancellationToken cancellationToken)
   at Microsoft.AspNetCore.Server.Kestrel.Core.LocalhostListenOptions.BindAsync(AddressBindContext context, CancellationToken cancellationToken)
   at Microsoft.AspNetCore.Server.Kestrel.Core.Internal.AddressBinder.AddressesStrategy.BindAsync(AddressBindContext context, CancellationToken cancellationToken)
   at Microsoft.AspNetCore.Server.Kestrel.Core.Internal.AddressBinder.BindAsync(ListenOptions[] listenOptions, AddressBindContext context, Func`2 useHttps, CancellationToken cancellationToken)
   at Microsoft.AspNetCore.Server.Kestrel.Core.KestrelServerImpl.BindAsync(CancellationToken cancellationToken)
   at Microsoft.AspNetCore.Server.Kestrel.Core.KestrelServerImpl.StartAsync[TContext](IHttpApplication`1 application, CancellationToken cancellationToken)
   at Microsoft.AspNetCore.Hosting.GenericWebHostService.StartAsync(CancellationToken cancellationToken)
   at Microsoft.Extensions.Hosting.Internal.Host.<StartAsync>b__15_1(IHostedService service, CancellationToken token)
   at Microsoft.Extensions.Hosting.Internal.Host.ForeachService[T](IEnumerable`1 services, CancellationToken token, Boolean concurrent, Boolean abortOnFirstException, List`1 exceptions, Func`3 operation)
2026-04-20 14:00:00.911 +05:30 [FTL]  | CorrelationId: | Application terminated unexpectedly
System.IO.IOException: Failed to bind to address http://127.0.0.1:5092: address already in use.
 ---> Microsoft.AspNetCore.Connections.AddressInUseException: Only one usage of each socket address (protocol/network address/port) is normally permitted.
 ---> System.Net.Sockets.SocketException (10048): Only one usage of each socket address (protocol/network address/port) is normally permitted.
   at System.Net.Sockets.Socket.UpdateStatusAfterSocketErrorAndThrowException(SocketError error, Boolean disconnectOnFailure, String callerName)
   at System.Net.Sockets.Socket.DoBind(EndPoint endPointSnapshot, SocketAddress socketAddress)
   at System.Net.Sockets.Socket.Bind(EndPoint localEP)
   at Microsoft.AspNetCore.Server.Kestrel.Transport.Sockets.SocketTransportOptions.CreateDefaultBoundListenSocket(EndPoint endpoint)
   at Microsoft.AspNetCore.Server.Kestrel.Transport.Sockets.SocketConnectionListener.Bind()
   --- End of inner exception stack trace ---
   at Microsoft.AspNetCore.Server.Kestrel.Transport.Sockets.SocketConnectionListener.Bind()
   at Microsoft.AspNetCore.Server.Kestrel.Transport.Sockets.SocketTransportFactory.BindAsync(EndPoint endpoint, CancellationToken cancellationToken)
   at Microsoft.AspNetCore.Server.Kestrel.Core.Internal.Infrastructure.TransportManager.BindAsync(EndPoint endPoint, ConnectionDelegate connectionDelegate, EndpointConfig endpointConfig, CancellationToken cancellationToken)
   at Microsoft.AspNetCore.Server.Kestrel.Core.KestrelServerImpl.<>c__DisplayClass28_0`1.<<StartAsync>g__OnBind|0>d.MoveNext()
--- End of stack trace from previous location ---
   at Microsoft.AspNetCore.Server.Kestrel.Core.Internal.AddressBinder.BindEndpointAsync(ListenOptions endpoint, AddressBindContext context, CancellationToken cancellationToken)
   --- End of inner exception stack trace ---
   at Microsoft.AspNetCore.Server.Kestrel.Core.Internal.AddressBinder.BindEndpointAsync(ListenOptions endpoint, AddressBindContext context, CancellationToken cancellationToken)
   at Microsoft.AspNetCore.Server.Kestrel.Core.LocalhostListenOptions.BindAsync(AddressBindContext context, CancellationToken cancellationToken)
   at Microsoft.AspNetCore.Server.Kestrel.Core.Internal.AddressBinder.AddressesStrategy.BindAsync(AddressBindContext context, CancellationToken cancellationToken)
   at Microsoft.AspNetCore.Server.Kestrel.Core.Internal.AddressBinder.BindAsync(ListenOptions[] listenOptions, AddressBindContext context, Func`2 useHttps, CancellationToken cancellationToken)
   at Microsoft.AspNetCore.Server.Kestrel.Core.KestrelServerImpl.BindAsync(CancellationToken cancellationToken)
   at Microsoft.AspNetCore.Server.Kestrel.Core.KestrelServerImpl.StartAsync[TContext](IHttpApplication`1 application, CancellationToken cancellationToken)
   at Microsoft.AspNetCore.Hosting.GenericWebHostService.StartAsync(CancellationToken cancellationToken)
   at Microsoft.Extensions.Hosting.Internal.Host.<StartAsync>b__15_1(IHostedService service, CancellationToken token)
   at Microsoft.Extensions.Hosting.Internal.Host.ForeachService[T](IEnumerable`1 services, CancellationToken token, Boolean concurrent, Boolean abortOnFirstException, List`1 exceptions, Func`3 operation)
   at Microsoft.Extensions.Hosting.Internal.Host.StartAsync(CancellationToken cancellationToken)
   at Microsoft.Extensions.Hosting.HostingAbstractionsHostExtensions.RunAsync(IHost host, CancellationToken token)
   at Microsoft.Extensions.Hosting.HostingAbstractionsHostExtensions.RunAsync(IHost host, CancellationToken token)
   at Microsoft.Extensions.Hosting.HostingAbstractionsHostExtensions.Run(IHost host)
   at Program.<Main>$(String[] args) in C:\Vitana\Vitana Group\sms-api\Program.cs:line 513
2026-04-20 14:05:36.486 +05:30 [INF]  | CorrelationId: | Using distributed in-memory cache (development only)
2026-04-20 14:05:38.948 +05:30 [WRN] Microsoft.EntityFrameworkCore.Model.Validation | CorrelationId: | Entity 'Staff' has a global query filter defined and is the required end of a relationship with the entity 'Certificate'. This may lead to unexpected results when the required entity is filtered out. Either configure the navigation as optional, or define matching query filters for both entities in the navigation. See https://go.microsoft.com/fwlink/?linkid=2131316 for more information.
2026-04-20 14:05:38.952 +05:30 [WRN] Microsoft.EntityFrameworkCore.Model.Validation | CorrelationId: | Entity 'School' has a global query filter defined and is the required end of a relationship with the entity 'CertificateTemplate'. This may lead to unexpected results when the required entity is filtered out. Either configure the navigation as optional, or define matching query filters for both entities in the navigation. See https://go.microsoft.com/fwlink/?linkid=2131316 for more information.
2026-04-20 14:05:38.954 +05:30 [WRN] Microsoft.EntityFrameworkCore.Model.Validation | CorrelationId: | Entity 'School' has a global query filter defined and is the required end of a relationship with the entity 'Document'. This may lead to unexpected results when the required entity is filtered out. Either configure the navigation as optional, or define matching query filters for both entities in the navigation. See https://go.microsoft.com/fwlink/?linkid=2131316 for more information.
2026-04-20 14:05:38.956 +05:30 [WRN] Microsoft.EntityFrameworkCore.Model.Validation | CorrelationId: | Entity 'School' has a global query filter defined and is the required end of a relationship with the entity 'DocumentCategory'. This may lead to unexpected results when the required entity is filtered out. Either configure the navigation as optional, or define matching query filters for both entities in the navigation. See https://go.microsoft.com/fwlink/?linkid=2131316 for more information.
2026-04-20 14:05:38.959 +05:30 [WRN] Microsoft.EntityFrameworkCore.Model.Validation | CorrelationId: | Entity 'School' has a global query filter defined and is the required end of a relationship with the entity 'FeeAuditLog'. This may lead to unexpected results when the required entity is filtered out. Either configure the navigation as optional, or define matching query filters for both entities in the navigation. See https://go.microsoft.com/fwlink/?linkid=2131316 for more information.
2026-04-20 14:05:38.961 +05:30 [WRN] Microsoft.EntityFrameworkCore.Model.Validation | CorrelationId: | Entity 'School' has a global query filter defined and is the required end of a relationship with the entity 'Holiday'. This may lead to unexpected results when the required entity is filtered out. Either configure the navigation as optional, or define matching query filters for both entities in the navigation. See https://go.microsoft.com/fwlink/?linkid=2131316 for more information.
2026-04-20 14:05:38.964 +05:30 [WRN] Microsoft.EntityFrameworkCore.Model.Validation | CorrelationId: | Entity 'School' has a global query filter defined and is the required end of a relationship with the entity 'IDCard'. This may lead to unexpected results when the required entity is filtered out. Either configure the navigation as optional, or define matching query filters for both entities in the navigation. See https://go.microsoft.com/fwlink/?linkid=2131316 for more information.
2026-04-20 14:05:38.966 +05:30 [WRN] Microsoft.EntityFrameworkCore.Model.Validation | CorrelationId: | Entity 'School' has a global query filter defined and is the required end of a relationship with the entity 'IDCardTemplate'. This may lead to unexpected results when the required entity is filtered out. Either configure the navigation as optional, or define matching query filters for both entities in the navigation. See https://go.microsoft.com/fwlink/?linkid=2131316 for more information.
2026-04-20 14:05:38.968 +05:30 [WRN] Microsoft.EntityFrameworkCore.Model.Validation | CorrelationId: | Entity 'UserLogin' has a global query filter defined and is the required end of a relationship with the entity 'PasswordResetToken'. This may lead to unexpected results when the required entity is filtered out. Either configure the navigation as optional, or define matching query filters for both entities in the navigation. See https://go.microsoft.com/fwlink/?linkid=2131316 for more information.
2026-04-20 14:05:38.970 +05:30 [WRN] Microsoft.EntityFrameworkCore.Model.Validation | CorrelationId: | Entity 'School' has a global query filter defined and is the required end of a relationship with the entity 'PromotionHistory'. This may lead to unexpected results when the required entity is filtered out. Either configure the navigation as optional, or define matching query filters for both entities in the navigation. See https://go.microsoft.com/fwlink/?linkid=2131316 for more information.
2026-04-20 14:05:39.073 +05:30 [WRN] Microsoft.EntityFrameworkCore.Model.Validation | CorrelationId: | The foreign key property 'Staff.ReportingToId1' was created in shadow state because a conflicting property with the simple name 'ReportingToId' exists in the entity type, but is either not mapped, is already used for another relationship, or is incompatible with the associated primary key type. See https://aka.ms/efcore-relationships for information on mapping relationships in EF Core.
2026-04-20 14:05:40.297 +05:30 [INF] Program | CorrelationId: | Database migrations applied successfully.
2026-04-20 14:05:41.194 +05:30 [INF] Microsoft.Hosting.Lifetime | CorrelationId: | Now listening on: http://localhost:5092
2026-04-20 14:05:41.196 +05:30 [INF] Microsoft.Hosting.Lifetime | CorrelationId: | Application started. Press Ctrl+C to shut down.
2026-04-20 14:05:41.199 +05:30 [INF] Microsoft.Hosting.Lifetime | CorrelationId: | Hosting environment: Development
2026-04-20 14:05:41.201 +05:30 [INF] Microsoft.Hosting.Lifetime | CorrelationId: | Content root path: C:\Vitana\Vitana Group\sms-api
2026-04-20 14:12:17.196 +05:30 [INF] Serilog.AspNetCore.RequestLoggingMiddleware | CorrelationId:81a487b4b17d4b3ebeefb8023d3a6bcf | HTTP OPTIONS /api/auth/login responded 204 in 18.8809 ms
2026-04-20 14:12:17.367 +05:30 [WRN] Microsoft.AspNetCore.HttpsPolicy.HttpsRedirectionMiddleware | CorrelationId:fb50efcb8b1642b8aba5c1d94747fac8 | Failed to determine the https port for redirect.
2026-04-20 14:12:17.528 +05:30 [INF] SmsApi.Middleware.LoggingActionFilter | CorrelationId:fb50efcb8b1642b8aba5c1d94747fac8 | API Request: POST /api/auth/login | User: Unknown | School: Unknown
2026-04-20 14:12:18.694 +05:30 [INF] SmsApi.Controllers.AuthController | CorrelationId:fb50efcb8b1642b8aba5c1d94747fac8 | Login successful for admin (SchoolId: "550e8400-e29b-41d4-a716-446655440000")
2026-04-20 14:12:18.706 +05:30 [INF] SmsApi.Middleware.LoggingActionFilter | CorrelationId:fb50efcb8b1642b8aba5c1d94747fac8 | API Response: POST /api/auth/login | Status: 200 | Duration: 1178ms
2026-04-20 14:12:18.897 +05:30 [INF] Serilog.AspNetCore.RequestLoggingMiddleware | CorrelationId:fb50efcb8b1642b8aba5c1d94747fac8 | HTTP POST /api/auth/login responded 200 in 1534.5292 ms
2026-04-20 14:12:18.942 +05:30 [WRN] SmsApi.Infrastructure.Performance.PerformanceMonitoringMiddleware | CorrelationId: | Slow request: POST /api/auth/login took 1405ms — status 200.
2026-04-20 14:12:19.193 +05:30 [INF] Serilog.AspNetCore.RequestLoggingMiddleware | CorrelationId:568d38379c2f4080b32a09b4e18355fe | HTTP OPTIONS /api/settings/school/me responded 204 in 4.8850 ms
2026-04-20 14:12:19.262 +05:30 [INF] Serilog.AspNetCore.RequestLoggingMiddleware | CorrelationId:e3eddadda4d042a9a4c653d886f642a2 | HTTP OPTIONS /api/students responded 204 in 0.2617 ms
2026-04-20 14:12:19.281 +05:30 [INF] Serilog.AspNetCore.RequestLoggingMiddleware | CorrelationId:5d6e9381d88d4d4085bccb666f1fdacd | HTTP OPTIONS /api/staff responded 204 in 0.0885 ms
2026-04-20 14:12:19.324 +05:30 [INF] Serilog.AspNetCore.RequestLoggingMiddleware | CorrelationId:f7bd0635c68d4e4abf84dfc4f0567bfe | HTTP OPTIONS /api/fees/stats responded 204 in 0.1840 ms
2026-04-20 14:12:19.338 +05:30 [INF] Serilog.AspNetCore.RequestLoggingMiddleware | CorrelationId:2f7ac8caca6a492ebb48226c18ef6003 | HTTP OPTIONS /api/Attendance/records responded 204 in 0.2264 ms
2026-04-20 14:12:19.339 +05:30 [INF] Serilog.AspNetCore.RequestLoggingMiddleware | CorrelationId:ce486832b4de4ed8a7f7ec0e7b9f809e | HTTP OPTIONS /api/students responded 204 in 0.1736 ms
2026-04-20 14:12:19.653 +05:30 [INF] Serilog.AspNetCore.RequestLoggingMiddleware | CorrelationId:2eed9f7708f2490abbe0cd7721122463 | HTTP OPTIONS /api/staff responded 204 in 0.1204 ms
2026-04-20 14:12:19.664 +05:30 [INF] Serilog.AspNetCore.RequestLoggingMiddleware | CorrelationId:9f41f3fa42bb4cf5971235c0ad13679f | HTTP OPTIONS /api/Attendance/records responded 204 in 0.1510 ms
2026-04-20 14:12:19.704 +05:30 [INF] Serilog.AspNetCore.RequestLoggingMiddleware | CorrelationId:9edced85c13e40f9b9a5da94d4287ab9 | HTTP OPTIONS /api/fees/stats responded 204 in 0.1091 ms
2026-04-20 14:12:19.973 +05:30 [INF] SmsApi.Middleware.LoggingActionFilter | CorrelationId:501e63c489104774b7da35e7f0595327 | API Request: GET /api/settings/school/me | User: Unknown | School: 550e8400-e29b-41d4-a716-446655440000
2026-04-20 14:12:20.521 +05:30 [INF] SmsApi.Middleware.LoggingActionFilter | CorrelationId:badf298f606a45fabee890c6b3aa7694 | API Request: GET /api/fees/stats | User: Unknown | School: 550e8400-e29b-41d4-a716-446655440000
2026-04-20 14:12:20.524 +05:30 [INF] SmsApi.Middleware.LoggingActionFilter | CorrelationId:8ccc1357f02943bdb5aca70e91d1aa7d | API Request: GET /api/students | User: Unknown | School: 550e8400-e29b-41d4-a716-446655440000
2026-04-20 14:12:20.524 +05:30 [INF] SmsApi.Middleware.LoggingActionFilter | CorrelationId:5eaaba39824b4e19a0cac6993a270242 | API Request: GET /api/students | User: Unknown | School: 550e8400-e29b-41d4-a716-446655440000
2026-04-20 14:12:20.525 +05:30 [INF] SmsApi.Middleware.LoggingActionFilter | CorrelationId:25d856b1964141948b6ad97644da91bc | API Request: GET /api/staff | User: Unknown | School: 550e8400-e29b-41d4-a716-446655440000
2026-04-20 14:12:20.542 +05:30 [INF] SmsApi.Middleware.LoggingActionFilter | CorrelationId:d054148262774f599a0b879bbf9584d3 | API Request: GET /api/Attendance/records | User: Unknown | School: 550e8400-e29b-41d4-a716-446655440000
2026-04-20 14:12:21.143 +05:30 [INF] SmsApi.Middleware.LoggingActionFilter | CorrelationId:501e63c489104774b7da35e7f0595327 | API Response: GET /api/settings/school/me | Status: 200 | Duration: 1170ms
2026-04-20 14:12:21.371 +05:30 [INF] SmsApi.Middleware.LoggingActionFilter | CorrelationId:8ccc1357f02943bdb5aca70e91d1aa7d | API Response: GET /api/students | Status: 200 | Duration: 847ms
2026-04-20 14:12:21.386 +05:30 [INF] SmsApi.Middleware.LoggingActionFilter | CorrelationId:5eaaba39824b4e19a0cac6993a270242 | API Response: GET /api/students | Status: 200 | Duration: 861ms
2026-04-20 14:12:21.392 +05:30 [INF] SmsApi.Middleware.LoggingActionFilter | CorrelationId:25d856b1964141948b6ad97644da91bc | API Response: GET /api/staff | Status: 200 | Duration: 866ms
2026-04-20 14:12:21.709 +05:30 [INF] Serilog.AspNetCore.RequestLoggingMiddleware | CorrelationId:5eaaba39824b4e19a0cac6993a270242 | HTTP GET /api/students responded 200 in 1865.2691 ms
2026-04-20 14:12:21.709 +05:30 [INF] Serilog.AspNetCore.RequestLoggingMiddleware | CorrelationId:501e63c489104774b7da35e7f0595327 | HTTP GET /api/settings/school/me responded 200 in 1992.1385 ms
2026-04-20 14:12:21.718 +05:30 [INF] Serilog.AspNetCore.RequestLoggingMiddleware | CorrelationId:25d856b1964141948b6ad97644da91bc | HTTP GET /api/staff responded 200 in 1956.7345 ms
2026-04-20 14:12:21.732 +05:30 [INF] Serilog.AspNetCore.RequestLoggingMiddleware | CorrelationId:8ccc1357f02943bdb5aca70e91d1aa7d | HTTP GET /api/students responded 200 in 1989.1168 ms
2026-04-20 14:12:21.915 +05:30 [INF] SmsApi.Middleware.LoggingActionFilter | CorrelationId:d054148262774f599a0b879bbf9584d3 | API Response: GET /api/Attendance/records | Status: 200 | Duration: 1372ms
2026-04-20 14:12:22.261 +05:30 [INF] SmsApi.Middleware.LoggingActionFilter | CorrelationId:badf298f606a45fabee890c6b3aa7694 | API Response: GET /api/fees/stats | Status: 200 | Duration: 1740ms
2026-04-20 14:12:22.294 +05:30 [ERR] SmsApi.Infrastructure.Performance.PerformanceMonitoringMiddleware | CorrelationId: | SLA BREACH: GET /api/students took 2450ms — status 200. Investigate immediately.
2026-04-20 14:12:22.308 +05:30 [ERR] SmsApi.Infrastructure.Performance.PerformanceMonitoringMiddleware | CorrelationId: | SLA BREACH: GET /api/settings/school/me took 2590ms — status 200. Investigate immediately.
2026-04-20 14:12:22.330 +05:30 [ERR] SmsApi.Infrastructure.Performance.PerformanceMonitoringMiddleware | CorrelationId: | SLA BREACH: GET /api/staff took 2569ms — status 200. Investigate immediately.
2026-04-20 14:12:22.379 +05:30 [ERR] SmsApi.Infrastructure.Performance.PerformanceMonitoringMiddleware | CorrelationId: | SLA BREACH: GET /api/students took 2635ms — status 200. Investigate immediately.
2026-04-20 14:12:22.441 +05:30 [INF] Serilog.AspNetCore.RequestLoggingMiddleware | CorrelationId:d054148262774f599a0b879bbf9584d3 | HTTP GET /api/Attendance/records responded 200 in 2598.6441 ms
2026-04-20 14:12:22.659 +05:30 [INF] Serilog.AspNetCore.RequestLoggingMiddleware | CorrelationId:badf298f606a45fabee890c6b3aa7694 | HTTP GET /api/fees/stats responded 200 in 2858.8020 ms
2026-04-20 14:12:23.048 +05:30 [ERR] SmsApi.Infrastructure.Performance.PerformanceMonitoringMiddleware | CorrelationId: | SLA BREACH: GET /api/fees/stats took 3247ms — status 200. Investigate immediately.
2026-04-20 14:12:22.999 +05:30 [ERR] SmsApi.Infrastructure.Performance.PerformanceMonitoringMiddleware | CorrelationId: | SLA BREACH: GET /api/Attendance/records took 3157ms — status 200. Investigate immediately.
2026-04-20 14:12:27.255 +05:30 [INF] Serilog.AspNetCore.RequestLoggingMiddleware | CorrelationId:f135d1d6cc454bd582e1e81eee29225b | HTTP OPTIONS /api/students responded 204 in 0.1968 ms
2026-04-20 14:12:27.257 +05:30 [INF] Serilog.AspNetCore.RequestLoggingMiddleware | CorrelationId:788a451107a4472482cb42211789f979 | HTTP OPTIONS /api/Attendance/records responded 204 in 0.0694 ms
2026-04-20 14:12:27.281 +05:30 [INF] Serilog.AspNetCore.RequestLoggingMiddleware | CorrelationId:e43b5e0cc8644081ab0a45145de2ff00 | HTTP OPTIONS /api/fees/stats responded 204 in 0.6298 ms
2026-04-20 14:12:27.254 +05:30 [INF] Serilog.AspNetCore.RequestLoggingMiddleware | CorrelationId:a43f475c422c44d69de6a9feb46c9729 | HTTP OPTIONS /api/staff responded 204 in 12.8660 ms
2026-04-20 14:12:27.287 +05:30 [INF] Serilog.AspNetCore.RequestLoggingMiddleware | CorrelationId:4c5c58c8b2eb438f9e6225f5e5a8c548 | HTTP OPTIONS /api/academics/academic-years responded 204 in 0.7151 ms
2026-04-20 14:12:27.297 +05:30 [INF] Serilog.AspNetCore.RequestLoggingMiddleware | CorrelationId:efce8f054e3548268b2240142c02c61f | HTTP OPTIONS /api/students responded 204 in 0.1366 ms
2026-04-20 14:12:28.227 +05:30 [WRN] SmsApi.Infrastructure.Performance.PerformanceMonitoringMiddleware | CorrelationId: | Slow request: OPTIONS /api/students took 971ms — status 204.
2026-04-20 14:12:28.233 +05:30 [WRN] SmsApi.Infrastructure.Performance.PerformanceMonitoringMiddleware | CorrelationId: | Slow request: OPTIONS /api/Attendance/records took 976ms — status 204.
2026-04-20 14:12:28.238 +05:30 [WRN] SmsApi.Infrastructure.Performance.PerformanceMonitoringMiddleware | CorrelationId: | Slow request: OPTIONS /api/fees/stats took 957ms — status 204.
2026-04-20 14:12:28.240 +05:30 [WRN] SmsApi.Infrastructure.Performance.PerformanceMonitoringMiddleware | CorrelationId: | Slow request: OPTIONS /api/staff took 999ms — status 204.
2026-04-20 14:12:28.246 +05:30 [WRN] SmsApi.Infrastructure.Performance.PerformanceMonitoringMiddleware | CorrelationId: | Slow request: OPTIONS /api/academics/academic-years took 959ms — status 204.
2026-04-20 14:12:28.297 +05:30 [WRN] SmsApi.Infrastructure.Performance.PerformanceMonitoringMiddleware | CorrelationId: | Slow request: OPTIONS /api/students took 999ms — status 204.
2026-04-20 14:12:28.332 +05:30 [INF] Serilog.AspNetCore.RequestLoggingMiddleware | CorrelationId:8de7bf201afa4901a197a508f87ac50a | HTTP OPTIONS /api/staff responded 204 in 0.1993 ms
2026-04-20 14:12:28.355 +05:30 [INF] Serilog.AspNetCore.RequestLoggingMiddleware | CorrelationId:58b02ac106c64e83b637cfd0249a1b40 | HTTP OPTIONS /api/Attendance/records responded 204 in 0.1540 ms
2026-04-20 14:12:28.362 +05:30 [INF] Serilog.AspNetCore.RequestLoggingMiddleware | CorrelationId:3beb30de8e884f59bdf7e1471f822c37 | HTTP OPTIONS /api/fees/stats responded 204 in 0.0716 ms
2026-04-20 14:12:28.378 +05:30 [INF] Serilog.AspNetCore.RequestLoggingMiddleware | CorrelationId:fed6ef881f0449e79adb12da4126dcc6 | HTTP OPTIONS /api/academics/academic-years responded 204 in 0.1113 ms
2026-04-20 14:12:28.389 +05:30 [INF] Serilog.AspNetCore.RequestLoggingMiddleware | CorrelationId:1ea2577b10944aca99b4ce4d20488364 | HTTP OPTIONS /api/settings/school/me responded 204 in 0.0710 ms
2026-04-20 14:12:28.437 +05:30 [INF] SmsApi.Middleware.LoggingActionFilter | CorrelationId:7c439e8a41824e44a0339f827f377207 | API Request: GET /api/fees/stats | User: Unknown | School: 550e8400-e29b-41d4-a716-446655440000
2026-04-20 14:12:28.445 +05:30 [INF] SmsApi.Middleware.LoggingActionFilter | CorrelationId:0a2c03cfd185474a85b04d17c6f75c5a | API Request: GET /api/Attendance/records | User: Unknown | School: 550e8400-e29b-41d4-a716-446655440000
2026-04-20 14:12:28.445 +05:30 [INF] SmsApi.Middleware.LoggingActionFilter | CorrelationId:9682581a39dd419cadd3c04f0a548c89 | API Request: GET /api/students | User: Unknown | School: 550e8400-e29b-41d4-a716-446655440000
2026-04-20 14:12:28.481 +05:30 [INF] SmsApi.Middleware.LoggingActionFilter | CorrelationId:daeefec552644b68b0cc793aa88069d9 | API Request: GET /api/staff | User: Unknown | School: 550e8400-e29b-41d4-a716-446655440000
2026-04-20 14:12:28.515 +05:30 [INF] SmsApi.Middleware.LoggingActionFilter | CorrelationId:0a2c03cfd185474a85b04d17c6f75c5a | API Response: GET /api/Attendance/records | Status: 200 | Duration: 69ms
2026-04-20 14:12:28.529 +05:30 [INF] SmsApi.Middleware.LoggingActionFilter | CorrelationId:42d7810ce6b04ad7bb9faee372791e48 | API Request: GET /api/students | User: Unknown | School: 550e8400-e29b-41d4-a716-446655440000
2026-04-20 14:12:28.540 +05:30 [INF] SmsApi.Middleware.LoggingActionFilter | CorrelationId:9682581a39dd419cadd3c04f0a548c89 | API Response: GET /api/students | Status: 200 | Duration: 94ms
2026-04-20 14:12:28.601 +05:30 [INF] Serilog.AspNetCore.RequestLoggingMiddleware | CorrelationId:9682581a39dd419cadd3c04f0a548c89 | HTTP GET /api/students responded 200 in 191.2159 ms
2026-04-20 14:12:28.558 +05:30 [INF] SmsApi.Middleware.LoggingActionFilter | CorrelationId:388342f8bdde4f55a49c135adb7dcb77 | API Request: GET /api/academics/academic-years | User: Unknown | School: 550e8400-e29b-41d4-a716-446655440000
2026-04-20 14:12:28.559 +05:30 [INF] SmsApi.Middleware.LoggingActionFilter | CorrelationId:daeefec552644b68b0cc793aa88069d9 | API Response: GET /api/staff | Status: 200 | Duration: 77ms
2026-04-20 14:12:28.572 +05:30 [INF] Serilog.AspNetCore.RequestLoggingMiddleware | CorrelationId:0a2c03cfd185474a85b04d17c6f75c5a | HTTP GET /api/Attendance/records responded 200 in 148.6615 ms
2026-04-20 14:12:28.554 +05:30 [INF] SmsApi.Middleware.LoggingActionFilter | CorrelationId:7c439e8a41824e44a0339f827f377207 | API Response: GET /api/fees/stats | Status: 200 | Duration: 116ms
2026-04-20 14:12:28.633 +05:30 [INF] SmsApi.Middleware.LoggingActionFilter | CorrelationId:42d7810ce6b04ad7bb9faee372791e48 | API Response: GET /api/students | Status: 200 | Duration: 104ms
2026-04-20 14:12:28.815 +05:30 [INF] Serilog.AspNetCore.RequestLoggingMiddleware | CorrelationId:42d7810ce6b04ad7bb9faee372791e48 | HTTP GET /api/students responded 200 in 303.1696 ms
2026-04-20 14:12:28.763 +05:30 [INF] Serilog.AspNetCore.RequestLoggingMiddleware | CorrelationId:daeefec552644b68b0cc793aa88069d9 | HTTP GET /api/staff responded 200 in 291.3640 ms
2026-04-20 14:12:28.795 +05:30 [INF] SmsApi.Middleware.LoggingActionFilter | CorrelationId:a796476a436f4d64bd7ce3ad0b4fedbd | API Request: GET /api/Attendance/records | User: Unknown | School: 550e8400-e29b-41d4-a716-446655440000
2026-04-20 14:12:28.801 +05:30 [INF] Serilog.AspNetCore.RequestLoggingMiddleware | CorrelationId:7c439e8a41824e44a0339f827f377207 | HTTP GET /api/fees/stats responded 200 in 377.6546 ms
2026-04-20 14:12:28.734 +05:30 [INF] SmsApi.Middleware.LoggingActionFilter | CorrelationId:999f07835eea487daf5608e2fafd9f1b | API Request: GET /api/staff | User: Unknown | School: 550e8400-e29b-41d4-a716-446655440000
2026-04-20 14:12:28.899 +05:30 [INF] SmsApi.Middleware.LoggingActionFilter | CorrelationId:388342f8bdde4f55a49c135adb7dcb77 | API Response: GET /api/academics/academic-years | Status: 200 | Duration: 340ms
2026-04-20 14:12:28.941 +05:30 [INF] SmsApi.Middleware.LoggingActionFilter | CorrelationId:f796bab70743440b91733a5ed0ac29c1 | API Request: GET /api/fees/stats | User: Unknown | School: 550e8400-e29b-41d4-a716-446655440000
2026-04-20 14:12:28.968 +05:30 [INF] SmsApi.Middleware.LoggingActionFilter | CorrelationId:1be5a40a8c0e4f7cacd2fdec4744ac25 | API Request: GET /api/academics/academic-years | User: Unknown | School: 550e8400-e29b-41d4-a716-446655440000
2026-04-20 14:12:28.969 +05:30 [INF] SmsApi.Middleware.LoggingActionFilter | CorrelationId:a796476a436f4d64bd7ce3ad0b4fedbd | API Response: GET /api/Attendance/records | Status: 200 | Duration: 173ms
2026-04-20 14:12:28.979 +05:30 [INF] SmsApi.Middleware.LoggingActionFilter | CorrelationId:35421dcfdeca43478f2f9dd422039c9d | API Request: GET /api/settings/school/me | User: Unknown | School: 550e8400-e29b-41d4-a716-446655440000
2026-04-20 14:12:28.995 +05:30 [INF] SmsApi.Middleware.LoggingActionFilter | CorrelationId:999f07835eea487daf5608e2fafd9f1b | API Response: GET /api/staff | Status: 200 | Duration: 261ms
2026-04-20 14:12:29.048 +05:30 [INF] Serilog.AspNetCore.RequestLoggingMiddleware | CorrelationId:a796476a436f4d64bd7ce3ad0b4fedbd | HTTP GET /api/Attendance/records responded 200 in 262.9893 ms
2026-04-20 14:12:29.063 +05:30 [INF] SmsApi.Middleware.LoggingActionFilter | CorrelationId:1be5a40a8c0e4f7cacd2fdec4744ac25 | API Response: GET /api/academics/academic-years | Status: 200 | Duration: 95ms
2026-04-20 14:12:29.064 +05:30 [INF] Serilog.AspNetCore.RequestLoggingMiddleware | CorrelationId:388342f8bdde4f55a49c135adb7dcb77 | HTTP GET /api/academics/academic-years responded 200 in 545.9613 ms
2026-04-20 14:12:29.085 +05:30 [INF] Serilog.AspNetCore.RequestLoggingMiddleware | CorrelationId:999f07835eea487daf5608e2fafd9f1b | HTTP GET /api/staff responded 200 in 359.8650 ms
2026-04-20 14:12:29.107 +05:30 [INF] SmsApi.Middleware.LoggingActionFilter | CorrelationId:35421dcfdeca43478f2f9dd422039c9d | API Response: GET /api/settings/school/me | Status: 200 | Duration: 128ms
2026-04-20 14:12:29.139 +05:30 [INF] SmsApi.Middleware.LoggingActionFilter | CorrelationId:f796bab70743440b91733a5ed0ac29c1 | API Response: GET /api/fees/stats | Status: 200 | Duration: 197ms
2026-04-20 14:12:29.200 +05:30 [INF] Serilog.AspNetCore.RequestLoggingMiddleware | CorrelationId:1be5a40a8c0e4f7cacd2fdec4744ac25 | HTTP GET /api/academics/academic-years responded 200 in 243.0707 ms
2026-04-20 14:12:29.211 +05:30 [WRN] SmsApi.Infrastructure.Performance.PerformanceMonitoringMiddleware | CorrelationId: | Slow request: GET /api/academics/academic-years took 545ms — status 200.
2026-04-20 14:12:29.230 +05:30 [INF] Serilog.AspNetCore.RequestLoggingMiddleware | CorrelationId:35421dcfdeca43478f2f9dd422039c9d | HTTP GET /api/settings/school/me responded 200 in 253.0078 ms
2026-04-20 14:12:29.243 +05:30 [INF] Serilog.AspNetCore.RequestLoggingMiddleware | CorrelationId:f796bab70743440b91733a5ed0ac29c1 | HTTP GET /api/fees/stats responded 200 in 315.5970 ms
2026-04-20 14:12:31.406 +05:30 [INF] Serilog.AspNetCore.RequestLoggingMiddleware | CorrelationId:1ef1d8baebc345cdac83e57ae38aebbc | HTTP OPTIONS /api/staff responded 204 in 0.1082 ms
2026-04-20 14:12:31.406 +05:30 [INF] Serilog.AspNetCore.RequestLoggingMiddleware | CorrelationId:6e35dc64de37435999f7fccd15a94f58 | HTTP OPTIONS /api/staff responded 204 in 0.0269 ms
2026-04-20 14:12:31.512 +05:30 [INF] SmsApi.Middleware.LoggingActionFilter | CorrelationId:66eed4b857844f22bd8e9189e1e35cc9 | API Request: GET /api/staff | User: Unknown | School: 550e8400-e29b-41d4-a716-446655440000
2026-04-20 14:12:31.515 +05:30 [INF] SmsApi.Middleware.LoggingActionFilter | CorrelationId:e9ba3e0d485e4529bc0169d44c7ffd1d | API Request: GET /api/staff | User: Unknown | School: 550e8400-e29b-41d4-a716-446655440000
2026-04-20 14:12:31.556 +05:30 [INF] SmsApi.Middleware.LoggingActionFilter | CorrelationId:66eed4b857844f22bd8e9189e1e35cc9 | API Response: GET /api/staff | Status: 200 | Duration: 43ms
2026-04-20 14:12:31.568 +05:30 [INF] Serilog.AspNetCore.RequestLoggingMiddleware | CorrelationId:66eed4b857844f22bd8e9189e1e35cc9 | HTTP GET /api/staff responded 200 in 66.4557 ms
2026-04-20 14:12:31.568 +05:30 [INF] SmsApi.Middleware.LoggingActionFilter | CorrelationId:e9ba3e0d485e4529bc0169d44c7ffd1d | API Response: GET /api/staff | Status: 200 | Duration: 53ms
2026-04-20 14:12:31.688 +05:30 [INF] Serilog.AspNetCore.RequestLoggingMiddleware | CorrelationId:e9ba3e0d485e4529bc0169d44c7ffd1d | HTTP GET /api/staff responded 200 in 175.2972 ms
2026-04-20 14:12:32.743 +05:30 [INF] Serilog.AspNetCore.RequestLoggingMiddleware | CorrelationId:164dd6e2083e4ea4a9f5a6b0344cf53f | HTTP OPTIONS /api/students responded 204 in 0.1276 ms
2026-04-20 14:12:32.745 +05:30 [INF] Serilog.AspNetCore.RequestLoggingMiddleware | CorrelationId:cd3b37cb402f4b9f96449847d240f61b | HTTP OPTIONS /api/students responded 204 in 0.0492 ms
2026-04-20 14:12:32.809 +05:30 [INF] SmsApi.Middleware.LoggingActionFilter | CorrelationId:6caf228a88cf4438a1ab04ebb6a8027a | API Request: GET /api/students | User: Unknown | School: 550e8400-e29b-41d4-a716-446655440000
2026-04-20 14:12:32.818 +05:30 [INF] SmsApi.Middleware.LoggingActionFilter | CorrelationId:a69e9cdd2e2146c0b3700fc19dfc266f | API Request: GET /api/students | User: Unknown | School: 550e8400-e29b-41d4-a716-446655440000
2026-04-20 14:12:32.967 +05:30 [INF] SmsApi.Middleware.LoggingActionFilter | CorrelationId:6caf228a88cf4438a1ab04ebb6a8027a | API Response: GET /api/students | Status: 200 | Duration: 158ms
2026-04-20 14:12:32.975 +05:30 [INF] SmsApi.Middleware.LoggingActionFilter | CorrelationId:a69e9cdd2e2146c0b3700fc19dfc266f | API Response: GET /api/students | Status: 200 | Duration: 157ms
2026-04-20 14:12:32.992 +05:30 [INF] Serilog.AspNetCore.RequestLoggingMiddleware | CorrelationId:a69e9cdd2e2146c0b3700fc19dfc266f | HTTP GET /api/students responded 200 in 176.3288 ms
2026-04-20 14:12:32.992 +05:30 [INF] Serilog.AspNetCore.RequestLoggingMiddleware | CorrelationId:6caf228a88cf4438a1ab04ebb6a8027a | HTTP GET /api/students responded 200 in 190.8084 ms
2026-04-20 14:12:34.391 +05:30 [INF] Serilog.AspNetCore.RequestLoggingMiddleware | CorrelationId:d87113089c1c491b86cb380a1747aba9 | HTTP OPTIONS /api/permissions/roles responded 204 in 0.0849 ms
2026-04-20 14:12:34.395 +05:30 [INF] Serilog.AspNetCore.RequestLoggingMiddleware | CorrelationId:e2a25ddf80fc4a628d0c5f4fafea69d7 | HTTP OPTIONS /api/permissions/stats responded 204 in 0.0647 ms
2026-04-20 14:12:34.397 +05:30 [INF] Serilog.AspNetCore.RequestLoggingMiddleware | CorrelationId:648dcab4a9a64a2f9d233efad63a9259 | HTTP OPTIONS /api/permissions/roles responded 204 in 0.0517 ms
2026-04-20 14:12:34.448 +05:30 [INF] Serilog.AspNetCore.RequestLoggingMiddleware | CorrelationId:94c75833ccef4fc5886c8e856daf9e7e | HTTP OPTIONS /api/permissions/stats responded 204 in 1.2373 ms
2026-04-20 14:12:34.713 +05:30 [INF] SmsApi.Middleware.LoggingActionFilter | CorrelationId:f797367cd1a84be5bbf98b345f31f7a4 | API Request: GET /api/permissions/roles | User: Unknown | School: 550e8400-e29b-41d4-a716-446655440000
2026-04-20 14:12:34.710 +05:30 [INF] SmsApi.Middleware.LoggingActionFilter | CorrelationId:e888e6a6bf3d45c585078bcf8253fcb0 | API Request: GET /api/permissions/stats | User: Unknown | School: 550e8400-e29b-41d4-a716-446655440000
2026-04-20 14:12:34.737 +05:30 [INF] SmsApi.Middleware.LoggingActionFilter | CorrelationId:c7933770c560467a9de9740e880a8f67 | API Request: GET /api/permissions/roles | User: Unknown | School: 550e8400-e29b-41d4-a716-446655440000
2026-04-20 14:12:34.738 +05:30 [INF] SmsApi.Middleware.LoggingActionFilter | CorrelationId:154c447bc4494460a34793d4d22fe37c | API Request: GET /api/permissions/stats | User: Unknown | School: 550e8400-e29b-41d4-a716-446655440000
2026-04-20 14:12:34.923 +05:30 [INF] SmsApi.Middleware.LoggingActionFilter | CorrelationId:e888e6a6bf3d45c585078bcf8253fcb0 | API Response: GET /api/permissions/stats | Status: 200 | Duration: 213ms
2026-04-20 14:12:34.959 +05:30 [INF] SmsApi.Middleware.LoggingActionFilter | CorrelationId:c7933770c560467a9de9740e880a8f67 | API Response: GET /api/permissions/roles | Status: 200 | Duration: 221ms
2026-04-20 14:12:34.963 +05:30 [INF] SmsApi.Middleware.LoggingActionFilter | CorrelationId:f797367cd1a84be5bbf98b345f31f7a4 | API Response: GET /api/permissions/roles | Status: 200 | Duration: 249ms
2026-04-20 14:12:34.979 +05:30 [INF] SmsApi.Middleware.LoggingActionFilter | CorrelationId:154c447bc4494460a34793d4d22fe37c | API Response: GET /api/permissions/stats | Status: 200 | Duration: 240ms
2026-04-20 14:12:34.986 +05:30 [INF] Serilog.AspNetCore.RequestLoggingMiddleware | CorrelationId:e888e6a6bf3d45c585078bcf8253fcb0 | HTTP GET /api/permissions/stats responded 200 in 307.2191 ms
2026-04-20 14:12:35.019 +05:30 [INF] Serilog.AspNetCore.RequestLoggingMiddleware | CorrelationId:c7933770c560467a9de9740e880a8f67 | HTTP GET /api/permissions/roles responded 200 in 336.0873 ms
2026-04-20 14:12:35.022 +05:30 [INF] Serilog.AspNetCore.RequestLoggingMiddleware | CorrelationId:f797367cd1a84be5bbf98b345f31f7a4 | HTTP GET /api/permissions/roles responded 200 in 347.4600 ms
2026-04-20 14:12:35.022 +05:30 [INF] Serilog.AspNetCore.RequestLoggingMiddleware | CorrelationId:154c447bc4494460a34793d4d22fe37c | HTTP GET /api/permissions/stats responded 200 in 285.0310 ms
2026-04-20 14:12:40.361 +05:30 [INF] Serilog.AspNetCore.RequestLoggingMiddleware | CorrelationId:bcb3877ebded412d843b51e3bcac05a1 | HTTP OPTIONS /api/alumni/stats responded 204 in 0.1305 ms
2026-04-20 14:12:40.361 +05:30 [INF] Serilog.AspNetCore.RequestLoggingMiddleware | CorrelationId:6eca1535d83a4728afccb4afdef2502f | HTTP OPTIONS /api/alumni/stats responded 204 in 0.0560 ms
2026-04-20 14:12:40.551 +05:30 [INF] SmsApi.Middleware.LoggingActionFilter | CorrelationId:22621da9ad2a46c3982406c3a8516cf0 | API Request: GET /api/alumni/stats | User: Unknown | School: 550e8400-e29b-41d4-a716-446655440000
2026-04-20 14:12:40.561 +05:30 [INF] SmsApi.Middleware.LoggingActionFilter | CorrelationId:9d9e81f8a34040428bb9640d7d3add68 | API Request: GET /api/alumni/stats | User: Unknown | School: 550e8400-e29b-41d4-a716-446655440000
2026-04-20 14:12:40.666 +05:30 [INF] SmsApi.Middleware.LoggingActionFilter | CorrelationId:9d9e81f8a34040428bb9640d7d3add68 | API Response: GET /api/alumni/stats | Status: 200 | Duration: 104ms
2026-04-20 14:12:40.666 +05:30 [INF] SmsApi.Middleware.LoggingActionFilter | CorrelationId:22621da9ad2a46c3982406c3a8516cf0 | API Response: GET /api/alumni/stats | Status: 200 | Duration: 115ms
2026-04-20 14:12:40.681 +05:30 [INF] Serilog.AspNetCore.RequestLoggingMiddleware | CorrelationId:22621da9ad2a46c3982406c3a8516cf0 | HTTP GET /api/alumni/stats responded 200 in 144.3849 ms
2026-04-20 14:12:40.681 +05:30 [INF] Serilog.AspNetCore.RequestLoggingMiddleware | CorrelationId:9d9e81f8a34040428bb9640d7d3add68 | HTTP GET /api/alumni/stats responded 200 in 122.2184 ms
2026-04-20 14:12:42.917 +05:30 [INF] Serilog.AspNetCore.RequestLoggingMiddleware | CorrelationId:c9424b1dc1c444248d3a1361c0e2cb61 | HTTP OPTIONS /api/finance/stats responded 204 in 10.3802 ms
2026-04-20 14:12:42.923 +05:30 [INF] Serilog.AspNetCore.RequestLoggingMiddleware | CorrelationId:58ad2a436937469c9062e00dc947b77a | HTTP OPTIONS /api/finance/accounts responded 204 in 0.0485 ms
2026-04-20 14:12:42.925 +05:30 [INF] Serilog.AspNetCore.RequestLoggingMiddleware | CorrelationId:ce6dafab5ee643a4bdd1316428632e0a | HTTP OPTIONS /api/finance/categories responded 204 in 0.0357 ms
2026-04-20 14:12:42.925 +05:30 [INF] Serilog.AspNetCore.RequestLoggingMiddleware | CorrelationId:68cf74a33fe24ab3bb6c9f85c705c94b | HTTP OPTIONS /api/finance/transactions responded 204 in 0.0173 ms
2026-04-20 14:12:43.012 +05:30 [INF] Serilog.AspNetCore.RequestLoggingMiddleware | CorrelationId:08fabfc207cb4121a94aeb544398780a | HTTP OPTIONS /api/finance/stats responded 204 in 0.0898 ms
2026-04-20 14:12:43.020 +05:30 [INF] Serilog.AspNetCore.RequestLoggingMiddleware | CorrelationId:793fb1f2077c4b0f9f65510c590a637e | HTTP OPTIONS /api/finance/accounts responded 204 in 0.0585 ms
2026-04-20 14:12:43.034 +05:30 [INF] Serilog.AspNetCore.RequestLoggingMiddleware | CorrelationId:155f72088b99459fa0389dc03b6e14c4 | HTTP OPTIONS /api/finance/categories responded 204 in 0.0551 ms
2026-04-20 14:12:43.039 +05:30 [INF] Serilog.AspNetCore.RequestLoggingMiddleware | CorrelationId:349eacf188a2427d8e01af129c069d22 | HTTP OPTIONS /api/finance/transactions responded 204 in 0.0499 ms
2026-04-20 14:12:43.073 +05:30 [INF] SmsApi.Middleware.LoggingActionFilter | CorrelationId:7ae9f6bfa844479185c20ddb3a697ace | API Request: GET /api/finance/stats | User: Unknown | School: 550e8400-e29b-41d4-a716-446655440000
2026-04-20 14:12:43.110 +05:30 [INF] SmsApi.Middleware.LoggingActionFilter | CorrelationId:01e0d03ac3cf450a91933549644f3885 | API Request: GET /api/finance/accounts | User: Unknown | School: 550e8400-e29b-41d4-a716-446655440000
2026-04-20 14:12:43.113 +05:30 [INF] SmsApi.Middleware.LoggingActionFilter | CorrelationId:925b92363fa4463c9adf31aaa367c283 | API Request: GET /api/finance/categories | User: Unknown | School: 550e8400-e29b-41d4-a716-446655440000
2026-04-20 14:12:43.122 +05:30 [INF] SmsApi.Middleware.LoggingActionFilter | CorrelationId:f9e64fc00bf94a7fa431abaee555d282 | API Request: GET /api/finance/transactions | User: Unknown | School: 550e8400-e29b-41d4-a716-446655440000
2026-04-20 14:12:43.155 +05:30 [INF] SmsApi.Middleware.LoggingActionFilter | CorrelationId:02df703b951243418d61b34f7c1be985 | API Request: GET /api/finance/stats | User: Unknown | School: 550e8400-e29b-41d4-a716-446655440000
2026-04-20 14:12:43.197 +05:30 [INF] SmsApi.Middleware.LoggingActionFilter | CorrelationId:01e0d03ac3cf450a91933549644f3885 | API Response: GET /api/finance/accounts | Status: 200 | Duration: 87ms
2026-04-20 14:12:43.206 +05:30 [INF] SmsApi.Middleware.LoggingActionFilter | CorrelationId:925b92363fa4463c9adf31aaa367c283 | API Response: GET /api/finance/categories | Status: 200 | Duration: 93ms
2026-04-20 14:12:43.269 +05:30 [INF] SmsApi.Middleware.LoggingActionFilter | CorrelationId:f9e64fc00bf94a7fa431abaee555d282 | API Response: GET /api/finance/transactions | Status: 200 | Duration: 147ms
2026-04-20 14:12:43.278 +05:30 [INF] SmsApi.Middleware.LoggingActionFilter | CorrelationId:7ae9f6bfa844479185c20ddb3a697ace | API Response: GET /api/finance/stats | Status: 200 | Duration: 204ms
2026-04-20 14:12:43.289 +05:30 [INF] Serilog.AspNetCore.RequestLoggingMiddleware | CorrelationId:01e0d03ac3cf450a91933549644f3885 | HTTP GET /api/finance/accounts responded 200 in 200.9330 ms
2026-04-20 14:12:43.301 +05:30 [INF] Serilog.AspNetCore.RequestLoggingMiddleware | CorrelationId:925b92363fa4463c9adf31aaa367c283 | HTTP GET /api/finance/categories responded 200 in 207.0455 ms
2026-04-20 14:12:43.303 +05:30 [INF] Serilog.AspNetCore.RequestLoggingMiddleware | CorrelationId:f9e64fc00bf94a7fa431abaee555d282 | HTTP GET /api/finance/transactions responded 200 in 196.0904 ms
2026-04-20 14:12:43.305 +05:30 [INF] Serilog.AspNetCore.RequestLoggingMiddleware | CorrelationId:7ae9f6bfa844479185c20ddb3a697ace | HTTP GET /api/finance/stats responded 200 in 252.1848 ms
2026-04-20 14:12:43.321 +05:30 [INF] SmsApi.Middleware.LoggingActionFilter | CorrelationId:728221a273ba4a6d9667512e453290ef | API Request: GET /api/finance/accounts | User: Unknown | School: 550e8400-e29b-41d4-a716-446655440000
2026-04-20 14:12:43.354 +05:30 [INF] SmsApi.Middleware.LoggingActionFilter | CorrelationId:02df703b951243418d61b34f7c1be985 | API Response: GET /api/finance/stats | Status: 200 | Duration: 198ms
2026-04-20 14:12:43.377 +05:30 [INF] SmsApi.Middleware.LoggingActionFilter | CorrelationId:8e96cdf94d6b4068b7ee89e01595c211 | API Request: GET /api/finance/categories | User: Unknown | School: 550e8400-e29b-41d4-a716-446655440000
2026-04-20 14:12:43.526 +05:30 [INF] SmsApi.Middleware.LoggingActionFilter | CorrelationId:710571e6d4e94440be6a0785fccaabbb | API Request: GET /api/finance/transactions | User: Unknown | School: 550e8400-e29b-41d4-a716-446655440000
2026-04-20 14:12:43.788 +05:30 [INF] SmsApi.Middleware.LoggingActionFilter | CorrelationId:728221a273ba4a6d9667512e453290ef | API Response: GET /api/finance/accounts | Status: 200 | Duration: 467ms
2026-04-20 14:12:43.802 +05:30 [INF] Serilog.AspNetCore.RequestLoggingMiddleware | CorrelationId:02df703b951243418d61b34f7c1be985 | HTTP GET /api/finance/stats responded 200 in 648.9736 ms
2026-04-20 14:12:43.846 +05:30 [WRN] SmsApi.Infrastructure.Performance.PerformanceMonitoringMiddleware | CorrelationId: | Slow request: GET /api/finance/stats took 648ms — status 200.
2026-04-20 14:12:43.831 +05:30 [INF] SmsApi.Middleware.LoggingActionFilter | CorrelationId:710571e6d4e94440be6a0785fccaabbb | API Response: GET /api/finance/transactions | Status: 200 | Duration: 305ms
2026-04-20 14:12:43.834 +05:30 [INF] Serilog.AspNetCore.RequestLoggingMiddleware | CorrelationId:728221a273ba4a6d9667512e453290ef | HTTP GET /api/finance/accounts responded 200 in 515.8760 ms
2026-04-20 14:12:43.812 +05:30 [INF] SmsApi.Middleware.LoggingActionFilter | CorrelationId:8e96cdf94d6b4068b7ee89e01595c211 | API Response: GET /api/finance/categories | Status: 200 | Duration: 434ms
2026-04-20 14:12:43.873 +05:30 [INF] Serilog.AspNetCore.RequestLoggingMiddleware | CorrelationId:710571e6d4e94440be6a0785fccaabbb | HTTP GET /api/finance/transactions responded 200 in 353.6877 ms
2026-04-20 14:12:43.886 +05:30 [WRN] SmsApi.Infrastructure.Performance.PerformanceMonitoringMiddleware | CorrelationId: | Slow request: GET /api/finance/accounts took 515ms — status 200.
2026-04-20 14:12:43.889 +05:30 [INF] Serilog.AspNetCore.RequestLoggingMiddleware | CorrelationId:8e96cdf94d6b4068b7ee89e01595c211 | HTTP GET /api/finance/categories responded 200 in 519.2378 ms
2026-04-20 14:12:43.971 +05:30 [WRN] SmsApi.Infrastructure.Performance.PerformanceMonitoringMiddleware | CorrelationId: | Slow request: GET /api/finance/categories took 519ms — status 200.
2026-04-20 14:12:45.265 +05:30 [INF] Serilog.AspNetCore.RequestLoggingMiddleware | CorrelationId:2b6e93f61e9947c28aa57fd6d4adb8aa | HTTP OPTIONS /api/store/stats responded 204 in 0.3253 ms
2026-04-20 14:12:45.265 +05:30 [INF] Serilog.AspNetCore.RequestLoggingMiddleware | CorrelationId:a8b4896fcc6940bba2e3e71e291f9428 | HTTP OPTIONS /api/store/items responded 204 in 0.0257 ms
2026-04-20 14:12:45.265 +05:30 [INF] Serilog.AspNetCore.RequestLoggingMiddleware | CorrelationId:a01dd8b9d51c4064aad47a48d7f8c048 | HTTP OPTIONS /api/store/stats responded 204 in 0.0089 ms
2026-04-20 14:12:45.265 +05:30 [INF] Serilog.AspNetCore.RequestLoggingMiddleware | CorrelationId:4ec38b810c0b49719114622899bac642 | HTTP OPTIONS /api/store/items responded 204 in 0.0150 ms
2026-04-20 14:12:45.377 +05:30 [INF] SmsApi.Middleware.LoggingActionFilter | CorrelationId:c91ea3d2227e430e9acb43d075fbf811 | API Request: GET /api/store/stats | User: Unknown | School: 550e8400-e29b-41d4-a716-446655440000
2026-04-20 14:12:45.382 +05:30 [INF] SmsApi.Middleware.LoggingActionFilter | CorrelationId:885227df623649fea59eba2067ba5d66 | API Request: GET /api/store/stats | User: Unknown | School: 550e8400-e29b-41d4-a716-446655440000
2026-04-20 14:12:45.382 +05:30 [INF] SmsApi.Middleware.LoggingActionFilter | CorrelationId:4f9ddeab052946d1b5ac12932d4a79af | API Request: GET /api/store/items | User: Unknown | School: 550e8400-e29b-41d4-a716-446655440000
2026-04-20 14:12:45.390 +05:30 [INF] SmsApi.Middleware.LoggingActionFilter | CorrelationId:98fffd2dda414ad3a0056a81f19c2969 | API Request: GET /api/store/items | User: Unknown | School: 550e8400-e29b-41d4-a716-446655440000
2026-04-20 14:12:45.462 +05:30 [INF] SmsApi.Middleware.LoggingActionFilter | CorrelationId:4f9ddeab052946d1b5ac12932d4a79af | API Response: GET /api/store/items | Status: 200 | Duration: 79ms
2026-04-20 14:12:45.462 +05:30 [INF] SmsApi.Middleware.LoggingActionFilter | CorrelationId:98fffd2dda414ad3a0056a81f19c2969 | API Response: GET /api/store/items | Status: 200 | Duration: 71ms
2026-04-20 14:12:45.546 +05:30 [INF] Serilog.AspNetCore.RequestLoggingMiddleware | CorrelationId:98fffd2dda414ad3a0056a81f19c2969 | HTTP GET /api/store/items responded 200 in 159.1937 ms
2026-04-20 14:12:45.518 +05:30 [INF] SmsApi.Middleware.LoggingActionFilter | CorrelationId:885227df623649fea59eba2067ba5d66 | API Response: GET /api/store/stats | Status: 200 | Duration: 136ms
2026-04-20 14:12:45.533 +05:30 [INF] Serilog.AspNetCore.RequestLoggingMiddleware | CorrelationId:4f9ddeab052946d1b5ac12932d4a79af | HTTP GET /api/store/items responded 200 in 167.7750 ms
2026-04-20 14:12:45.518 +05:30 [INF] SmsApi.Middleware.LoggingActionFilter | CorrelationId:c91ea3d2227e430e9acb43d075fbf811 | API Response: GET /api/store/stats | Status: 200 | Duration: 141ms
2026-04-20 14:12:45.580 +05:30 [INF] Serilog.AspNetCore.RequestLoggingMiddleware | CorrelationId:885227df623649fea59eba2067ba5d66 | HTTP GET /api/store/stats responded 200 in 226.0860 ms
2026-04-20 14:12:45.628 +05:30 [INF] Serilog.AspNetCore.RequestLoggingMiddleware | CorrelationId:c91ea3d2227e430e9acb43d075fbf811 | HTTP GET /api/store/stats responded 200 in 292.4328 ms
2026-04-20 14:12:49.488 +05:30 [INF] Serilog.AspNetCore.RequestLoggingMiddleware | CorrelationId:7c6be6b0c08a4891aa83846cdea88abd | HTTP OPTIONS /api/schoolconnect/posts responded 204 in 0.2201 ms
2026-04-20 14:12:49.488 +05:30 [INF] Serilog.AspNetCore.RequestLoggingMiddleware | CorrelationId:f5f12e67f9264cb98715e8dd90008b2d | HTTP OPTIONS /api/schoolconnect/posts responded 204 in 0.2705 ms
2026-04-20 14:12:49.800 +05:30 [INF] SmsApi.Middleware.LoggingActionFilter | CorrelationId:94fbfeb2f043448db1da11fa12f47ab0 | API Request: GET /api/schoolconnect/posts | User: Unknown | School: 550e8400-e29b-41d4-a716-446655440000
2026-04-20 14:12:49.808 +05:30 [INF] SmsApi.Middleware.LoggingActionFilter | CorrelationId:95cc5053e2f4427cbd4e5c0135094cc0 | API Request: GET /api/schoolconnect/posts | User: Unknown | School: 550e8400-e29b-41d4-a716-446655440000
2026-04-20 14:12:50.050 +05:30 [WRN] Microsoft.EntityFrameworkCore.Query | CorrelationId:95cc5053e2f4427cbd4e5c0135094cc0 | Compiling a query which loads related collections for more than one collection navigation, either via 'Include' or through projection, but no 'QuerySplittingBehavior' has been configured. By default, Entity Framework will use 'QuerySplittingBehavior.SingleQuery', which can potentially result in slow query performance. See https://go.microsoft.com/fwlink/?linkid=2134277 for more information. To identify the query that's triggering this warning call 'ConfigureWarnings(w => w.Throw(RelationalEventId.MultipleCollectionIncludeWarning))'.
2026-04-20 14:12:50.296 +05:30 [INF] SmsApi.Middleware.LoggingActionFilter | CorrelationId:94fbfeb2f043448db1da11fa12f47ab0 | API Response: GET /api/schoolconnect/posts | Status: 200 | Duration: 496ms
2026-04-20 14:12:50.296 +05:30 [INF] SmsApi.Middleware.LoggingActionFilter | CorrelationId:95cc5053e2f4427cbd4e5c0135094cc0 | API Response: GET /api/schoolconnect/posts | Status: 200 | Duration: 488ms
2026-04-20 14:12:50.314 +05:30 [INF] Serilog.AspNetCore.RequestLoggingMiddleware | CorrelationId:95cc5053e2f4427cbd4e5c0135094cc0 | HTTP GET /api/schoolconnect/posts responded 200 in 531.9088 ms
2026-04-20 14:12:50.315 +05:30 [INF] Serilog.AspNetCore.RequestLoggingMiddleware | CorrelationId:94fbfeb2f043448db1da11fa12f47ab0 | HTTP GET /api/schoolconnect/posts responded 200 in 559.2250 ms
2026-04-20 14:12:50.392 +05:30 [WRN] SmsApi.Infrastructure.Performance.PerformanceMonitoringMiddleware | CorrelationId: | Slow request: GET /api/schoolconnect/posts took 559ms — status 200.
2026-04-20 14:12:50.390 +05:30 [WRN] SmsApi.Infrastructure.Performance.PerformanceMonitoringMiddleware | CorrelationId: | Slow request: GET /api/schoolconnect/posts took 531ms — status 200.
2026-04-20 14:12:55.143 +05:30 [INF] Serilog.AspNetCore.RequestLoggingMiddleware | CorrelationId:37dc1a34c1e548d184f9c76dda0da074 | HTTP OPTIONS /api/fees/records responded 204 in 0.1353 ms
2026-04-20 14:12:55.144 +05:30 [INF] Serilog.AspNetCore.RequestLoggingMiddleware | CorrelationId:61e48b4b0a7f4ec095c5d43752b857a1 | HTTP OPTIONS /api/fees/structures responded 204 in 0.0105 ms
2026-04-20 14:12:55.144 +05:30 [INF] Serilog.AspNetCore.RequestLoggingMiddleware | CorrelationId:161f9c0923cc4eaca7b07b5c09867e77 | HTTP OPTIONS /api/fees/stats responded 204 in 0.0258 ms
2026-04-20 14:12:55.144 +05:30 [INF] Serilog.AspNetCore.RequestLoggingMiddleware | CorrelationId:7ec003e0663947e9af3d954d350fa833 | HTTP OPTIONS /api/fees/records responded 204 in 0.0149 ms
2026-04-20 14:12:55.144 +05:30 [INF] Serilog.AspNetCore.RequestLoggingMiddleware | CorrelationId:300f047dd37b4a48b4014fb1abf15523 | HTTP OPTIONS /api/fees/structures responded 204 in 0.0082 ms
2026-04-20 14:12:55.144 +05:30 [INF] Serilog.AspNetCore.RequestLoggingMiddleware | CorrelationId:14e63c686f1644269b3fd13a4d6efb6f | HTTP OPTIONS /api/fees/stats responded 204 in 0.0179 ms
2026-04-20 14:12:55.342 +05:30 [INF] SmsApi.Middleware.LoggingActionFilter | CorrelationId:29e4fe9e8c4c41dfb75611560dcb80e8 | API Request: GET /api/fees/records | User: Unknown | School: 550e8400-e29b-41d4-a716-446655440000
2026-04-20 14:12:55.355 +05:30 [INF] SmsApi.Middleware.LoggingActionFilter | CorrelationId:aae94784192a45d680487285622aaf63 | API Request: GET /api/fees/structures | User: Unknown | School: 550e8400-e29b-41d4-a716-446655440000
2026-04-20 14:12:55.358 +05:30 [INF] SmsApi.Middleware.LoggingActionFilter | CorrelationId:534225da74d44fb598355b54b397c8df | API Request: GET /api/fees/records | User: Unknown | School: 550e8400-e29b-41d4-a716-446655440000
2026-04-20 14:12:55.379 +05:30 [INF] SmsApi.Middleware.LoggingActionFilter | CorrelationId:d06e34afbe0e49cda912776083da1b97 | API Request: GET /api/fees/structures | User: Unknown | School: 550e8400-e29b-41d4-a716-446655440000
2026-04-20 14:12:55.391 +05:30 [INF] SmsApi.Middleware.LoggingActionFilter | CorrelationId:9f03448270414c9597e11da2d0226a96 | API Request: GET /api/fees/stats | User: Unknown | School: 550e8400-e29b-41d4-a716-446655440000
2026-04-20 14:12:55.413 +05:30 [INF] SmsApi.Middleware.LoggingActionFilter | CorrelationId:9b77bdebd2b646099ffbdf5fc4ff74ae | API Request: GET /api/fees/stats | User: Unknown | School: 550e8400-e29b-41d4-a716-446655440000
2026-04-20 14:12:55.461 +05:30 [INF] SmsApi.Middleware.LoggingActionFilter | CorrelationId:aae94784192a45d680487285622aaf63 | API Response: GET /api/fees/structures | Status: 200 | Duration: 105ms
2026-04-20 14:12:55.473 +05:30 [INF] SmsApi.Middleware.LoggingActionFilter | CorrelationId:d06e34afbe0e49cda912776083da1b97 | API Response: GET /api/fees/structures | Status: 200 | Duration: 93ms
2026-04-20 14:12:55.518 +05:30 [INF] Serilog.AspNetCore.RequestLoggingMiddleware | CorrelationId:aae94784192a45d680487285622aaf63 | HTTP GET /api/fees/structures responded 200 in 181.1388 ms
2026-04-20 14:12:55.531 +05:30 [INF] Serilog.AspNetCore.RequestLoggingMiddleware | CorrelationId:d06e34afbe0e49cda912776083da1b97 | HTTP GET /api/fees/structures responded 200 in 155.4034 ms
2026-04-20 14:12:55.605 +05:30 [INF] SmsApi.Middleware.LoggingActionFilter | CorrelationId:9b77bdebd2b646099ffbdf5fc4ff74ae | API Response: GET /api/fees/stats | Status: 200 | Duration: 191ms
2026-04-20 14:12:55.621 +05:30 [INF] SmsApi.Middleware.LoggingActionFilter | CorrelationId:9f03448270414c9597e11da2d0226a96 | API Response: GET /api/fees/stats | Status: 200 | Duration: 230ms
2026-04-20 14:12:55.692 +05:30 [INF] Serilog.AspNetCore.RequestLoggingMiddleware | CorrelationId:9f03448270414c9597e11da2d0226a96 | HTTP GET /api/fees/stats responded 200 in 307.6476 ms
2026-04-20 14:12:55.661 +05:30 [INF] SmsApi.Middleware.LoggingActionFilter | CorrelationId:29e4fe9e8c4c41dfb75611560dcb80e8 | API Response: GET /api/fees/records | Status: 200 | Duration: 318ms
2026-04-20 14:12:55.680 +05:30 [INF] Serilog.AspNetCore.RequestLoggingMiddleware | CorrelationId:9b77bdebd2b646099ffbdf5fc4ff74ae | HTTP GET /api/fees/stats responded 200 in 277.2358 ms
2026-04-20 14:12:55.661 +05:30 [INF] SmsApi.Middleware.LoggingActionFilter | CorrelationId:534225da74d44fb598355b54b397c8df | API Response: GET /api/fees/records | Status: 200 | Duration: 302ms
2026-04-20 14:12:55.751 +05:30 [INF] Serilog.AspNetCore.RequestLoggingMiddleware | CorrelationId:29e4fe9e8c4c41dfb75611560dcb80e8 | HTTP GET /api/fees/records responded 200 in 427.1673 ms
2026-04-20 14:12:55.751 +05:30 [INF] Serilog.AspNetCore.RequestLoggingMiddleware | CorrelationId:534225da74d44fb598355b54b397c8df | HTTP GET /api/fees/records responded 200 in 395.8188 ms
2026-04-20 14:13:30.507 +05:30 [INF] Serilog.AspNetCore.RequestLoggingMiddleware | CorrelationId:e04fd7c2e15048679bcd591ff870e016 | HTTP OPTIONS /api/academics/classes responded 204 in 0.3703 ms
2026-04-20 14:13:30.507 +05:30 [INF] Serilog.AspNetCore.RequestLoggingMiddleware | CorrelationId:c6e3a5c7736442bb8ccc5592f8df9d05 | HTTP OPTIONS /api/academics/classes responded 204 in 0.0308 ms
2026-04-20 14:13:30.510 +05:30 [INF] Serilog.AspNetCore.RequestLoggingMiddleware | CorrelationId:6100bf03fb574f8380224d4f02401c57 | HTTP OPTIONS /api/fees/structures responded 204 in 0.0561 ms
2026-04-20 14:13:30.512 +05:30 [INF] Serilog.AspNetCore.RequestLoggingMiddleware | CorrelationId:96b38f8c1def405e9da803d518f090ba | HTTP OPTIONS /api/fees/structures responded 204 in 0.0512 ms
2026-04-20 14:13:30.603 +05:30 [INF] SmsApi.Middleware.LoggingActionFilter | CorrelationId:a3e2adb894154a53a4534c1ec0812648 | API Request: GET /api/academics/classes | User: Unknown | School: 550e8400-e29b-41d4-a716-446655440000
2026-04-20 14:13:30.603 +05:30 [INF] SmsApi.Middleware.LoggingActionFilter | CorrelationId:b8875f8b1d2c4324a7ce0e1e8ebb54a3 | API Request: GET /api/academics/classes | User: Unknown | School: 550e8400-e29b-41d4-a716-446655440000
2026-04-20 14:13:30.606 +05:30 [INF] SmsApi.Middleware.LoggingActionFilter | CorrelationId:65a7004da1bf4dc0bbbeb6e7016409dd | API Request: GET /api/fees/structures | User: Unknown | School: 550e8400-e29b-41d4-a716-446655440000
2026-04-20 14:13:30.627 +05:30 [INF] SmsApi.Middleware.LoggingActionFilter | CorrelationId:a4ca53068f4c41e483581652d80040e7 | API Request: GET /api/fees/structures | User: Unknown | School: 550e8400-e29b-41d4-a716-446655440000
2026-04-20 14:13:30.668 +05:30 [INF] SmsApi.Middleware.LoggingActionFilter | CorrelationId:65a7004da1bf4dc0bbbeb6e7016409dd | API Response: GET /api/fees/structures | Status: 200 | Duration: 61ms
2026-04-20 14:13:30.674 +05:30 [INF] SmsApi.Middleware.LoggingActionFilter | CorrelationId:a4ca53068f4c41e483581652d80040e7 | API Response: GET /api/fees/structures | Status: 200 | Duration: 47ms
2026-04-20 14:13:30.680 +05:30 [INF] Serilog.AspNetCore.RequestLoggingMiddleware | CorrelationId:65a7004da1bf4dc0bbbeb6e7016409dd | HTTP GET /api/fees/structures responded 200 in 89.0624 ms
2026-04-20 14:13:30.699 +05:30 [INF] Serilog.AspNetCore.RequestLoggingMiddleware | CorrelationId:a4ca53068f4c41e483581652d80040e7 | HTTP GET /api/fees/structures responded 200 in 76.1110 ms
2026-04-20 14:13:30.963 +05:30 [INF] SmsApi.Middleware.LoggingActionFilter | CorrelationId:b8875f8b1d2c4324a7ce0e1e8ebb54a3 | API Response: GET /api/academics/classes | Status: 200 | Duration: 360ms
2026-04-20 14:13:30.963 +05:30 [INF] SmsApi.Middleware.LoggingActionFilter | CorrelationId:a3e2adb894154a53a4534c1ec0812648 | API Response: GET /api/academics/classes | Status: 200 | Duration: 360ms
2026-04-20 14:13:30.979 +05:30 [INF] Serilog.AspNetCore.RequestLoggingMiddleware | CorrelationId:b8875f8b1d2c4324a7ce0e1e8ebb54a3 | HTTP GET /api/academics/classes responded 200 in 403.7858 ms
2026-04-20 14:13:30.988 +05:30 [INF] Serilog.AspNetCore.RequestLoggingMiddleware | CorrelationId:a3e2adb894154a53a4534c1ec0812648 | HTTP GET /api/academics/classes responded 200 in 420.2848 ms
2026-04-20 14:13:34.835 +05:30 [INF] Serilog.AspNetCore.RequestLoggingMiddleware | CorrelationId:f11cd0f4975e4b948564860c49e3b4e2 | HTTP OPTIONS /api/FeeConcession/applications responded 204 in 0.1625 ms
2026-04-20 14:13:34.835 +05:30 [INF] Serilog.AspNetCore.RequestLoggingMiddleware | CorrelationId:643cebd8768c465bb6abcd760a7c9377 | HTTP OPTIONS /api/FeeConcession/applications responded 204 in 0.0136 ms
2026-04-20 14:13:34.950 +05:30 [INF] Serilog.AspNetCore.RequestLoggingMiddleware | CorrelationId:93faab51e39a46d0a947869d964cb035 | HTTP GET /api/FeeConcession/applications responded 400 in 33.4788 ms
2026-04-20 14:13:34.950 +05:30 [INF] Serilog.AspNetCore.RequestLoggingMiddleware | CorrelationId:e823fd88107147edb72531e208c90514 | HTTP GET /api/FeeConcession/applications responded 400 in 46.2639 ms
2026-04-20 14:13:40.637 +05:30 [INF] Serilog.AspNetCore.RequestLoggingMiddleware | CorrelationId:9cd6017957334537845b256144f52913 | HTTP OPTIONS /api/academics/academic-years responded 204 in 0.1664 ms
2026-04-20 14:13:40.637 +05:30 [INF] Serilog.AspNetCore.RequestLoggingMiddleware | CorrelationId:fefea788f6a241c0b5488393bdaace5c | HTTP OPTIONS /api/academics/academic-years responded 204 in 0.0125 ms
2026-04-20 14:13:40.699 +05:30 [INF] SmsApi.Middleware.LoggingActionFilter | CorrelationId:107f7dec13934319bdd0d1cf1af4b9fc | API Request: GET /api/academics/academic-years | User: Unknown | School: 550e8400-e29b-41d4-a716-446655440000
2026-04-20 14:13:40.713 +05:30 [INF] SmsApi.Middleware.LoggingActionFilter | CorrelationId:e6639e5d8b5a44cab211b11f85a09734 | API Request: GET /api/academics/academic-years | User: Unknown | School: 550e8400-e29b-41d4-a716-446655440000
2026-04-20 14:13:40.732 +05:30 [INF] SmsApi.Middleware.LoggingActionFilter | CorrelationId:107f7dec13934319bdd0d1cf1af4b9fc | API Response: GET /api/academics/academic-years | Status: 200 | Duration: 32ms
2026-04-20 14:13:40.758 +05:30 [INF] SmsApi.Middleware.LoggingActionFilter | CorrelationId:e6639e5d8b5a44cab211b11f85a09734 | API Response: GET /api/academics/academic-years | Status: 200 | Duration: 44ms
2026-04-20 14:13:40.765 +05:30 [INF] Serilog.AspNetCore.RequestLoggingMiddleware | CorrelationId:107f7dec13934319bdd0d1cf1af4b9fc | HTTP GET /api/academics/academic-years responded 200 in 64.2044 ms
2026-04-20 14:13:40.768 +05:30 [INF] Serilog.AspNetCore.RequestLoggingMiddleware | CorrelationId:e6639e5d8b5a44cab211b11f85a09734 | HTTP GET /api/academics/academic-years responded 200 in 59.0662 ms
2026-04-20 14:13:43.198 +05:30 [INF] Serilog.AspNetCore.RequestLoggingMiddleware | CorrelationId:0a86a952a7b3419ba113a240eea63e05 | HTTP OPTIONS /api/examinations/stats responded 204 in 0.0856 ms
2026-04-20 14:13:43.198 +05:30 [INF] Serilog.AspNetCore.RequestLoggingMiddleware | CorrelationId:f06a3a08e416419b844fac48a772cd13 | HTTP OPTIONS /api/examinations/exams responded 204 in 0.0394 ms
2026-04-20 14:13:43.198 +05:30 [INF] Serilog.AspNetCore.RequestLoggingMiddleware | CorrelationId:5b72b2345b5e4b728c7af6c24b0da378 | HTTP OPTIONS /api/examinations/stats responded 204 in 0.0102 ms
2026-04-20 14:13:43.199 +05:30 [INF] Serilog.AspNetCore.RequestLoggingMiddleware | CorrelationId:5bc34786d25b451bb568d35ca5d6c14c | HTTP OPTIONS /api/examinations/exams responded 204 in 0.0720 ms
2026-04-20 14:13:43.364 +05:30 [INF] SmsApi.Middleware.LoggingActionFilter | CorrelationId:db9aa9503d124bed9cbb7d0bdf9e1355 | API Request: GET /api/examinations/stats | User: Unknown | School: 550e8400-e29b-41d4-a716-446655440000
2026-04-20 14:13:43.364 +05:30 [INF] SmsApi.Middleware.LoggingActionFilter | CorrelationId:ab4c1f9615464491b66f42dbe28bf0ca | API Request: GET /api/examinations/exams | User: Unknown | School: 550e8400-e29b-41d4-a716-446655440000
2026-04-20 14:13:43.365 +05:30 [INF] SmsApi.Middleware.LoggingActionFilter | CorrelationId:cddc645daba240d698756b20338ab501 | API Request: GET /api/examinations/stats | User: Unknown | School: 550e8400-e29b-41d4-a716-446655440000
2026-04-20 14:13:43.375 +05:30 [INF] SmsApi.Middleware.LoggingActionFilter | CorrelationId:70517499b7c44bbb9b332126d521bc26 | API Request: GET /api/examinations/exams | User: Unknown | School: 550e8400-e29b-41d4-a716-446655440000
2026-04-20 14:13:43.513 +05:30 [INF] SmsApi.Middleware.LoggingActionFilter | CorrelationId:ab4c1f9615464491b66f42dbe28bf0ca | API Response: GET /api/examinations/exams | Status: 200 | Duration: 148ms
2026-04-20 14:13:43.513 +05:30 [INF] SmsApi.Middleware.LoggingActionFilter | CorrelationId:70517499b7c44bbb9b332126d521bc26 | API Response: GET /api/examinations/exams | Status: 200 | Duration: 138ms
2026-04-20 14:13:43.570 +05:30 [INF] Serilog.AspNetCore.RequestLoggingMiddleware | CorrelationId:ab4c1f9615464491b66f42dbe28bf0ca | HTTP GET /api/examinations/exams responded 200 in 245.9293 ms
2026-04-20 14:13:43.570 +05:30 [INF] Serilog.AspNetCore.RequestLoggingMiddleware | CorrelationId:70517499b7c44bbb9b332126d521bc26 | HTTP GET /api/examinations/exams responded 200 in 199.9078 ms
2026-04-20 14:13:43.749 +05:30 [INF] SmsApi.Middleware.LoggingActionFilter | CorrelationId:db9aa9503d124bed9cbb7d0bdf9e1355 | API Response: GET /api/examinations/stats | Status: 200 | Duration: 385ms
2026-04-20 14:13:43.749 +05:30 [INF] SmsApi.Middleware.LoggingActionFilter | CorrelationId:cddc645daba240d698756b20338ab501 | API Response: GET /api/examinations/stats | Status: 200 | Duration: 384ms
2026-04-20 14:13:43.777 +05:30 [INF] Serilog.AspNetCore.RequestLoggingMiddleware | CorrelationId:db9aa9503d124bed9cbb7d0bdf9e1355 | HTTP GET /api/examinations/stats responded 200 in 475.6560 ms
2026-04-20 14:13:43.782 +05:30 [INF] Serilog.AspNetCore.RequestLoggingMiddleware | CorrelationId:cddc645daba240d698756b20338ab501 | HTTP GET /api/examinations/stats responded 200 in 443.1270 ms
2026-04-20 14:13:47.924 +05:30 [INF] Serilog.AspNetCore.RequestLoggingMiddleware | CorrelationId:df2986f3b6374e6b8b972996f06bb964 | HTTP OPTIONS /api/academics/classes responded 204 in 0.3206 ms
2026-04-20 14:13:47.926 +05:30 [INF] Serilog.AspNetCore.RequestLoggingMiddleware | CorrelationId:1455b118aeff4a619ab9bd7b7abffdd3 | HTTP OPTIONS /api/academics/subjects responded 204 in 0.0328 ms
2026-04-20 14:13:47.926 +05:30 [INF] Serilog.AspNetCore.RequestLoggingMiddleware | CorrelationId:dccd48d6ca14482fae653495e43f72f1 | HTTP OPTIONS /api/academics/academic-years responded 204 in 0.0069 ms
2026-04-20 14:13:47.927 +05:30 [INF] Serilog.AspNetCore.RequestLoggingMiddleware | CorrelationId:b3ff2336da1948bcaf6b6c75e990870d | HTTP OPTIONS /api/examinations/exams responded 204 in 0.0083 ms
2026-04-20 14:13:47.952 +05:30 [INF] Serilog.AspNetCore.RequestLoggingMiddleware | CorrelationId:7b9640a4e8f145e78060fd661993f8fa | HTTP OPTIONS /api/examinations/exams responded 204 in 0.0544 ms
2026-04-20 14:13:47.953 +05:30 [INF] Serilog.AspNetCore.RequestLoggingMiddleware | CorrelationId:b9816efeac5f4d4e82b0810412ad8a05 | HTTP OPTIONS /api/academics/classes responded 204 in 0.0222 ms
2026-04-20 14:13:47.972 +05:30 [INF] Serilog.AspNetCore.RequestLoggingMiddleware | CorrelationId:9408ba1a24f0480eb0c799a94b438192 | HTTP OPTIONS /api/academics/subjects responded 204 in 0.0731 ms
2026-04-20 14:13:47.977 +05:30 [INF] Serilog.AspNetCore.RequestLoggingMiddleware | CorrelationId:e6e0eb8ca2f0428d8b4145da309446a1 | HTTP OPTIONS /api/academics/academic-years responded 204 in 0.0453 ms
2026-04-20 14:13:47.989 +05:30 [INF] Serilog.AspNetCore.RequestLoggingMiddleware | CorrelationId:60085e2ae2174fd8924c6be850619205 | HTTP OPTIONS /api/examinations/exams responded 204 in 0.0527 ms
2026-04-20 14:13:47.996 +05:30 [INF] Serilog.AspNetCore.RequestLoggingMiddleware | CorrelationId:f74bc8cb5e4e4413b6a5d4016eaeff6d | HTTP OPTIONS /api/examinations/exams responded 204 in 0.0449 ms
2026-04-20 14:13:48.008 +05:30 [INF] SmsApi.Middleware.LoggingActionFilter | CorrelationId:48b023bd159f4ed3a80444b19f193ca1 | API Request: GET /api/academics/classes | User: Unknown | School: 550e8400-e29b-41d4-a716-446655440000
2026-04-20 14:13:48.027 +05:30 [INF] SmsApi.Middleware.LoggingActionFilter | CorrelationId:01b8bb7128014817aa8006d9a2aa6c2d | API Request: GET /api/academics/subjects | User: Unknown | School: 550e8400-e29b-41d4-a716-446655440000
2026-04-20 14:13:48.040 +05:30 [INF] SmsApi.Middleware.LoggingActionFilter | CorrelationId:b59f92696f2743b39b1440a144c18c36 | API Request: GET /api/academics/academic-years | User: Unknown | School: 550e8400-e29b-41d4-a716-446655440000
2026-04-20 14:13:48.059 +05:30 [INF] SmsApi.Middleware.LoggingActionFilter | CorrelationId:8d2bf594492e45b6a5fddf37279858a0 | API Request: GET /api/examinations/exams | User: Unknown | School: 550e8400-e29b-41d4-a716-446655440000
2026-04-20 14:13:48.071 +05:30 [INF] SmsApi.Middleware.LoggingActionFilter | CorrelationId:cff3e7f3d6214f04ad4074dd427a6fc3 | API Request: GET /api/examinations/exams | User: Unknown | School: 550e8400-e29b-41d4-a716-446655440000
2026-04-20 14:13:48.075 +05:30 [INF] SmsApi.Middleware.LoggingActionFilter | CorrelationId:29369622e173415b9be9b48e0ebdb6b7 | API Request: GET /api/academics/classes | User: Unknown | School: 550e8400-e29b-41d4-a716-446655440000
2026-04-20 14:13:48.111 +05:30 [INF] SmsApi.Middleware.LoggingActionFilter | CorrelationId:48b023bd159f4ed3a80444b19f193ca1 | API Response: GET /api/academics/classes | Status: 200 | Duration: 102ms
2026-04-20 14:13:48.122 +05:30 [INF] SmsApi.Middleware.LoggingActionFilter | CorrelationId:b59f92696f2743b39b1440a144c18c36 | API Response: GET /api/academics/academic-years | Status: 200 | Duration: 82ms
2026-04-20 14:13:48.137 +05:30 [INF] SmsApi.Middleware.LoggingActionFilter | CorrelationId:8d2bf594492e45b6a5fddf37279858a0 | API Response: GET /api/examinations/exams | Status: 200 | Duration: 77ms
2026-04-20 14:13:48.158 +05:30 [INF] SmsApi.Middleware.LoggingActionFilter | CorrelationId:cff3e7f3d6214f04ad4074dd427a6fc3 | API Response: GET /api/examinations/exams | Status: 200 | Duration: 86ms
2026-04-20 14:13:48.186 +05:30 [INF] Serilog.AspNetCore.RequestLoggingMiddleware | CorrelationId:48b023bd159f4ed3a80444b19f193ca1 | HTTP GET /api/academics/classes responded 200 in 180.9960 ms
2026-04-20 14:13:48.201 +05:30 [INF] Serilog.AspNetCore.RequestLoggingMiddleware | CorrelationId:b59f92696f2743b39b1440a144c18c36 | HTTP GET /api/academics/academic-years responded 200 in 162.2745 ms
2026-04-20 14:13:48.212 +05:30 [INF] Serilog.AspNetCore.RequestLoggingMiddleware | CorrelationId:8d2bf594492e45b6a5fddf37279858a0 | HTTP GET /api/examinations/exams responded 200 in 164.9013 ms
2026-04-20 14:13:48.214 +05:30 [INF] SmsApi.Middleware.LoggingActionFilter | CorrelationId:29369622e173415b9be9b48e0ebdb6b7 | API Response: GET /api/academics/classes | Status: 200 | Duration: 138ms
2026-04-20 14:13:48.222 +05:30 [INF] Serilog.AspNetCore.RequestLoggingMiddleware | CorrelationId:cff3e7f3d6214f04ad4074dd427a6fc3 | HTTP GET /api/examinations/exams responded 200 in 167.4339 ms
2026-04-20 14:13:48.249 +05:30 [INF] SmsApi.Middleware.LoggingActionFilter | CorrelationId:dbef1f8ccf21495dbaa88c8ecb206c35 | API Request: GET /api/academics/subjects | User: Unknown | School: 550e8400-e29b-41d4-a716-446655440000
2026-04-20 14:13:48.254 +05:30 [INF] SmsApi.Middleware.LoggingActionFilter | CorrelationId:01b8bb7128014817aa8006d9a2aa6c2d | API Response: GET /api/academics/subjects | Status: 200 | Duration: 226ms
2026-04-20 14:13:48.256 +05:30 [INF] SmsApi.Middleware.LoggingActionFilter | CorrelationId:ecba63e3af4f4038af993b97073a8fb1 | API Request: GET /api/academics/academic-years | User: Unknown | School: 550e8400-e29b-41d4-a716-446655440000
2026-04-20 14:13:48.263 +05:30 [INF] SmsApi.Middleware.LoggingActionFilter | CorrelationId:79e076d4fe634dcd9df4f347d3c9e00f | API Request: GET /api/examinations/exams | User: Unknown | School: 550e8400-e29b-41d4-a716-446655440000
2026-04-20 14:13:48.265 +05:30 [INF] Serilog.AspNetCore.RequestLoggingMiddleware | CorrelationId:29369622e173415b9be9b48e0ebdb6b7 | HTTP GET /api/academics/classes responded 200 in 190.5135 ms
2026-04-20 14:13:48.305 +05:30 [INF] SmsApi.Middleware.LoggingActionFilter | CorrelationId:b24764757ffc4bd38e6c492edf1fcf65 | API Request: GET /api/examinations/exams | User: Unknown | School: 550e8400-e29b-41d4-a716-446655440000
2026-04-20 14:13:48.311 +05:30 [INF] SmsApi.Middleware.LoggingActionFilter | CorrelationId:dbef1f8ccf21495dbaa88c8ecb206c35 | API Response: GET /api/academics/subjects | Status: 200 | Duration: 61ms
2026-04-20 14:13:48.313 +05:30 [INF] Serilog.AspNetCore.RequestLoggingMiddleware | CorrelationId:01b8bb7128014817aa8006d9a2aa6c2d | HTTP GET /api/academics/subjects responded 200 in 293.5563 ms
2026-04-20 14:13:48.317 +05:30 [INF] SmsApi.Middleware.LoggingActionFilter | CorrelationId:ecba63e3af4f4038af993b97073a8fb1 | API Response: GET /api/academics/academic-years | Status: 200 | Duration: 60ms
2026-04-20 14:13:48.324 +05:30 [INF] SmsApi.Middleware.LoggingActionFilter | CorrelationId:79e076d4fe634dcd9df4f347d3c9e00f | API Response: GET /api/examinations/exams | Status: 200 | Duration: 60ms
2026-04-20 14:13:48.366 +05:30 [INF] Serilog.AspNetCore.RequestLoggingMiddleware | CorrelationId:79e076d4fe634dcd9df4f347d3c9e00f | HTTP GET /api/examinations/exams responded 200 in 105.1614 ms
2026-04-20 14:13:48.341 +05:30 [INF] Serilog.AspNetCore.RequestLoggingMiddleware | CorrelationId:dbef1f8ccf21495dbaa88c8ecb206c35 | HTTP GET /api/academics/subjects responded 200 in 92.1808 ms
2026-04-20 14:13:48.354 +05:30 [INF] Serilog.AspNetCore.RequestLoggingMiddleware | CorrelationId:ecba63e3af4f4038af993b97073a8fb1 | HTTP GET /api/academics/academic-years responded 200 in 98.5708 ms
2026-04-20 14:13:48.337 +05:30 [INF] SmsApi.Middleware.LoggingActionFilter | CorrelationId:b24764757ffc4bd38e6c492edf1fcf65 | API Response: GET /api/examinations/exams | Status: 200 | Duration: 31ms
2026-04-20 14:13:48.415 +05:30 [INF] Serilog.AspNetCore.RequestLoggingMiddleware | CorrelationId:b24764757ffc4bd38e6c492edf1fcf65 | HTTP GET /api/examinations/exams responded 200 in 131.7248 ms
2026-04-20 14:13:49.478 +05:30 [INF] Serilog.AspNetCore.RequestLoggingMiddleware | CorrelationId:5eb58740d2aa40dd85350da527a8973b | HTTP OPTIONS /api/academics/classes responded 204 in 0.0417 ms
2026-04-20 14:13:49.507 +05:30 [INF] Serilog.AspNetCore.RequestLoggingMiddleware | CorrelationId:a3852f2dda9a42d583a8f9ba03127773 | HTTP OPTIONS /api/academics/classes responded 204 in 0.0598 ms
2026-04-20 14:13:49.615 +05:30 [INF] SmsApi.Middleware.LoggingActionFilter | CorrelationId:29b8c4dbcb6444f5a4674371ecea3428 | API Request: GET /api/academics/classes | User: Unknown | School: 550e8400-e29b-41d4-a716-446655440000
2026-04-20 14:13:49.625 +05:30 [INF] SmsApi.Middleware.LoggingActionFilter | CorrelationId:11e902b79e7b4838aa139faf3a4a4eeb | API Request: GET /api/academics/classes | User: Unknown | School: 550e8400-e29b-41d4-a716-446655440000
2026-04-20 14:13:49.644 +05:30 [INF] SmsApi.Middleware.LoggingActionFilter | CorrelationId:29b8c4dbcb6444f5a4674371ecea3428 | API Response: GET /api/academics/classes | Status: 200 | Duration: 28ms
2026-04-20 14:13:49.647 +05:30 [INF] SmsApi.Middleware.LoggingActionFilter | CorrelationId:11e902b79e7b4838aa139faf3a4a4eeb | API Response: GET /api/academics/classes | Status: 200 | Duration: 22ms
2026-04-20 14:13:49.657 +05:30 [INF] Serilog.AspNetCore.RequestLoggingMiddleware | CorrelationId:29b8c4dbcb6444f5a4674371ecea3428 | HTTP GET /api/academics/classes responded 200 in 43.2393 ms
2026-04-20 14:13:49.659 +05:30 [INF] Serilog.AspNetCore.RequestLoggingMiddleware | CorrelationId:11e902b79e7b4838aa139faf3a4a4eeb | HTTP GET /api/academics/classes responded 200 in 35.0295 ms
2026-04-20 14:13:52.236 +05:30 [INF] Serilog.AspNetCore.RequestLoggingMiddleware | CorrelationId:132c5834eeea4cf5a49c408b830bda0a | HTTP OPTIONS /api/academics/classes responded 204 in 0.0455 ms
2026-04-20 14:13:52.236 +05:30 [INF] Serilog.AspNetCore.RequestLoggingMiddleware | CorrelationId:97f8a8f1a20b42c9a7efde47168845a8 | HTTP OPTIONS /api/academics/classes responded 204 in 0.0050 ms
2026-04-20 14:13:52.272 +05:30 [INF] SmsApi.Middleware.LoggingActionFilter | CorrelationId:cdcc5a44b4264eb1862ba924b79b6f78 | API Request: GET /api/academics/classes | User: Unknown | School: 550e8400-e29b-41d4-a716-446655440000
2026-04-20 14:13:52.288 +05:30 [INF] SmsApi.Middleware.LoggingActionFilter | CorrelationId:86aac8e6bd5144aba2382629d7345061 | API Request: GET /api/academics/classes | User: Unknown | School: 550e8400-e29b-41d4-a716-446655440000
2026-04-20 14:13:52.490 +05:30 [INF] SmsApi.Middleware.LoggingActionFilter | CorrelationId:cdcc5a44b4264eb1862ba924b79b6f78 | API Response: GET /api/academics/classes | Status: 200 | Duration: 218ms
2026-04-20 14:13:52.496 +05:30 [INF] Serilog.AspNetCore.RequestLoggingMiddleware | CorrelationId:cdcc5a44b4264eb1862ba924b79b6f78 | HTTP GET /api/academics/classes responded 200 in 224.9907 ms
2026-04-20 14:13:52.498 +05:30 [INF] SmsApi.Middleware.LoggingActionFilter | CorrelationId:86aac8e6bd5144aba2382629d7345061 | API Response: GET /api/academics/classes | Status: 200 | Duration: 210ms
2026-04-20 14:13:52.536 +05:30 [INF] Serilog.AspNetCore.RequestLoggingMiddleware | CorrelationId:86aac8e6bd5144aba2382629d7345061 | HTTP GET /api/academics/classes responded 200 in 249.6662 ms
2026-04-20 14:14:04.336 +05:30 [INF] Serilog.AspNetCore.RequestLoggingMiddleware | CorrelationId:76ca8a1a480f4531a40e0c821936d2cb | HTTP OPTIONS /api/academics/classes responded 204 in 0.1175 ms
2026-04-20 14:14:04.339 +05:30 [INF] Serilog.AspNetCore.RequestLoggingMiddleware | CorrelationId:09c45820a05c46ebb122ee798c0f467c | HTTP OPTIONS /api/academics/academic-years responded 204 in 0.2350 ms
2026-04-20 14:14:04.347 +05:30 [INF] Serilog.AspNetCore.RequestLoggingMiddleware | CorrelationId:ada17cb580cf47f5814c89f3a74f9dca | HTTP OPTIONS /api/staff responded 204 in 0.0848 ms
2026-04-20 14:14:04.362 +05:30 [INF] Serilog.AspNetCore.RequestLoggingMiddleware | CorrelationId:fb1fe2c124864a5f98f541b417e962e3 | HTTP OPTIONS /api/academics/classes responded 204 in 0.0531 ms
2026-04-20 14:14:04.392 +05:30 [INF] Serilog.AspNetCore.RequestLoggingMiddleware | CorrelationId:62375ec7d325440db5eee5e897a86b7f | HTTP OPTIONS /api/academics/academic-years responded 204 in 0.0347 ms
2026-04-20 14:14:04.398 +05:30 [INF] Serilog.AspNetCore.RequestLoggingMiddleware | CorrelationId:48550c602b3d421299b5feccf952e772 | HTTP OPTIONS /api/staff responded 204 in 0.0343 ms
2026-04-20 14:14:04.417 +05:30 [INF] SmsApi.Middleware.LoggingActionFilter | CorrelationId:920eeb8c84b94f17ae4dff3fa691c9c1 | API Request: GET /api/academics/classes | User: Unknown | School: 550e8400-e29b-41d4-a716-446655440000
2026-04-20 14:14:04.420 +05:30 [INF] SmsApi.Middleware.LoggingActionFilter | CorrelationId:d19fec4c0ce849778ddd31a0d9433055 | API Request: GET /api/academics/academic-years | User: Unknown | School: 550e8400-e29b-41d4-a716-446655440000
2026-04-20 14:14:04.434 +05:30 [INF] SmsApi.Middleware.LoggingActionFilter | CorrelationId:66c884b45c6b4473a67496a88c269a04 | API Request: GET /api/academics/classes | User: Unknown | School: 550e8400-e29b-41d4-a716-446655440000
2026-04-20 14:14:04.443 +05:30 [INF] SmsApi.Middleware.LoggingActionFilter | CorrelationId:38b67946df144830929171898c0c45d4 | API Request: GET /api/staff | User: Unknown | School: 550e8400-e29b-41d4-a716-446655440000
2026-04-20 14:14:04.467 +05:30 [INF] SmsApi.Middleware.LoggingActionFilter | CorrelationId:326bfe3944b44716bbaeb551e11f7357 | API Request: GET /api/academics/academic-years | User: Unknown | School: 550e8400-e29b-41d4-a716-446655440000
2026-04-20 14:14:04.483 +05:30 [INF] SmsApi.Middleware.LoggingActionFilter | CorrelationId:d19fec4c0ce849778ddd31a0d9433055 | API Response: GET /api/academics/academic-years | Status: 200 | Duration: 63ms
2026-04-20 14:14:04.501 +05:30 [INF] SmsApi.Middleware.LoggingActionFilter | CorrelationId:920eeb8c84b94f17ae4dff3fa691c9c1 | API Response: GET /api/academics/classes | Status: 200 | Duration: 83ms
2026-04-20 14:14:04.516 +05:30 [INF] SmsApi.Middleware.LoggingActionFilter | CorrelationId:2dea8e4f7ad4400d85c9b249041ae2c8 | API Request: GET /api/staff | User: Unknown | School: 550e8400-e29b-41d4-a716-446655440000
2026-04-20 14:14:04.521 +05:30 [INF] SmsApi.Middleware.LoggingActionFilter | CorrelationId:38b67946df144830929171898c0c45d4 | API Response: GET /api/staff | Status: 200 | Duration: 78ms
2026-04-20 14:14:04.528 +05:30 [INF] Serilog.AspNetCore.RequestLoggingMiddleware | CorrelationId:d19fec4c0ce849778ddd31a0d9433055 | HTTP GET /api/academics/academic-years responded 200 in 108.8487 ms
2026-04-20 14:14:04.537 +05:30 [INF] Serilog.AspNetCore.RequestLoggingMiddleware | CorrelationId:920eeb8c84b94f17ae4dff3fa691c9c1 | HTTP GET /api/academics/classes responded 200 in 122.1468 ms
2026-04-20 14:14:04.556 +05:30 [INF] SmsApi.Middleware.LoggingActionFilter | CorrelationId:2dea8e4f7ad4400d85c9b249041ae2c8 | API Response: GET /api/staff | Status: 200 | Duration: 39ms
2026-04-20 14:14:04.560 +05:30 [INF] Serilog.AspNetCore.RequestLoggingMiddleware | CorrelationId:38b67946df144830929171898c0c45d4 | HTTP GET /api/staff responded 200 in 132.4288 ms
2026-04-20 14:14:04.570 +05:30 [INF] SmsApi.Middleware.LoggingActionFilter | CorrelationId:326bfe3944b44716bbaeb551e11f7357 | API Response: GET /api/academics/academic-years | Status: 200 | Duration: 103ms
2026-04-20 14:14:04.608 +05:30 [INF] Serilog.AspNetCore.RequestLoggingMiddleware | CorrelationId:326bfe3944b44716bbaeb551e11f7357 | HTTP GET /api/academics/academic-years responded 200 in 141.4342 ms
2026-04-20 14:14:04.590 +05:30 [INF] Serilog.AspNetCore.RequestLoggingMiddleware | CorrelationId:2dea8e4f7ad4400d85c9b249041ae2c8 | HTTP GET /api/staff responded 200 in 84.1493 ms
2026-04-20 14:14:04.578 +05:30 [INF] SmsApi.Middleware.LoggingActionFilter | CorrelationId:66c884b45c6b4473a67496a88c269a04 | API Response: GET /api/academics/classes | Status: 200 | Duration: 144ms
2026-04-20 14:14:04.676 +05:30 [INF] Serilog.AspNetCore.RequestLoggingMiddleware | CorrelationId:66c884b45c6b4473a67496a88c269a04 | HTTP GET /api/academics/classes responded 200 in 243.3605 ms
2026-04-20 14:14:09.215 +05:30 [INF] Serilog.AspNetCore.RequestLoggingMiddleware | CorrelationId:c28c21e1ac9d440295d6115449582601 | HTTP OPTIONS /api/academics/academic-years responded 204 in 0.0554 ms
2026-04-20 14:14:09.216 +05:30 [INF] Serilog.AspNetCore.RequestLoggingMiddleware | CorrelationId:ad5f451505c74aa8bf266399d09db2e1 | HTTP OPTIONS /api/staff responded 204 in 0.1948 ms
2026-04-20 14:14:09.216 +05:30 [INF] Serilog.AspNetCore.RequestLoggingMiddleware | CorrelationId:b725e4a49e174b4996ca9a4750ff9866 | HTTP OPTIONS /api/academics/classes responded 204 in 0.0123 ms
2026-04-20 14:14:09.216 +05:30 [INF] Serilog.AspNetCore.RequestLoggingMiddleware | CorrelationId:73ab146eb62e4764860a67e344ba259d | HTTP OPTIONS /api/academics/academic-years responded 204 in 0.0188 ms
2026-04-20 14:14:09.216 +05:30 [INF] Serilog.AspNetCore.RequestLoggingMiddleware | CorrelationId:a2229f6c9d89482f9a2d202890cd825d | HTTP OPTIONS /api/staff responded 204 in 0.0150 ms
2026-04-20 14:14:09.258 +05:30 [INF] Serilog.AspNetCore.RequestLoggingMiddleware | CorrelationId:5c62084662f7475388eede099ba79e84 | HTTP OPTIONS /api/academics/classes responded 204 in 0.0333 ms
2026-04-20 14:14:09.286 +05:30 [INF] SmsApi.Middleware.LoggingActionFilter | CorrelationId:73b0e15a7cd5478e8e782c6c750488a1 | API Request: GET /api/academics/academic-years | User: Unknown | School: 550e8400-e29b-41d4-a716-446655440000
2026-04-20 14:14:09.316 +05:30 [INF] SmsApi.Middleware.LoggingActionFilter | CorrelationId:7771e8ed74b64601be1d4ebeef14e31b | API Request: GET /api/staff | User: Unknown | School: 550e8400-e29b-41d4-a716-446655440000
2026-04-20 14:14:09.331 +05:30 [INF] SmsApi.Middleware.LoggingActionFilter | CorrelationId:d8959bb8a8cc4712af34a472946a9625 | API Request: GET /api/academics/classes | User: Unknown | School: 550e8400-e29b-41d4-a716-446655440000
2026-04-20 14:14:09.339 +05:30 [INF] SmsApi.Middleware.LoggingActionFilter | CorrelationId:53e8245884fb4e5daea2a7c62739c7b8 | API Request: GET /api/academics/academic-years | User: Unknown | School: 550e8400-e29b-41d4-a716-446655440000
2026-04-20 14:14:09.359 +05:30 [INF] SmsApi.Middleware.LoggingActionFilter | CorrelationId:630862904d7f4cd08164f2a3d9bb8461 | API Request: GET /api/staff | User: Unknown | School: 550e8400-e29b-41d4-a716-446655440000
2026-04-20 14:14:09.363 +05:30 [INF] SmsApi.Middleware.LoggingActionFilter | CorrelationId:7c15bd4f12cf44cb9433a3208c278181 | API Request: GET /api/academics/classes | User: Unknown | School: 550e8400-e29b-41d4-a716-446655440000
2026-04-20 14:14:09.406 +05:30 [INF] SmsApi.Middleware.LoggingActionFilter | CorrelationId:73b0e15a7cd5478e8e782c6c750488a1 | API Response: GET /api/academics/academic-years | Status: 200 | Duration: 119ms
2026-04-20 14:14:09.412 +05:30 [INF] SmsApi.Middleware.LoggingActionFilter | CorrelationId:7771e8ed74b64601be1d4ebeef14e31b | API Response: GET /api/staff | Status: 200 | Duration: 96ms
2026-04-20 14:14:09.422 +05:30 [INF] SmsApi.Middleware.LoggingActionFilter | CorrelationId:53e8245884fb4e5daea2a7c62739c7b8 | API Response: GET /api/academics/academic-years | Status: 200 | Duration: 82ms
2026-04-20 14:14:09.426 +05:30 [INF] SmsApi.Middleware.LoggingActionFilter | CorrelationId:630862904d7f4cd08164f2a3d9bb8461 | API Response: GET /api/staff | Status: 200 | Duration: 67ms
2026-04-20 14:14:09.429 +05:30 [INF] Serilog.AspNetCore.RequestLoggingMiddleware | CorrelationId:73b0e15a7cd5478e8e782c6c750488a1 | HTTP GET /api/academics/academic-years responded 200 in 143.2238 ms
2026-04-20 14:14:09.434 +05:30 [INF] Serilog.AspNetCore.RequestLoggingMiddleware | CorrelationId:7771e8ed74b64601be1d4ebeef14e31b | HTTP GET /api/staff responded 200 in 134.8993 ms
2026-04-20 14:14:09.439 +05:30 [INF] Serilog.AspNetCore.RequestLoggingMiddleware | CorrelationId:53e8245884fb4e5daea2a7c62739c7b8 | HTTP GET /api/academics/academic-years responded 200 in 105.9542 ms
2026-04-20 14:14:09.444 +05:30 [INF] Serilog.AspNetCore.RequestLoggingMiddleware | CorrelationId:630862904d7f4cd08164f2a3d9bb8461 | HTTP GET /api/staff responded 200 in 94.4230 ms
2026-04-20 14:14:09.468 +05:30 [INF] SmsApi.Middleware.LoggingActionFilter | CorrelationId:d8959bb8a8cc4712af34a472946a9625 | API Response: GET /api/academics/classes | Status: 200 | Duration: 137ms
2026-04-20 14:14:09.482 +05:30 [INF] SmsApi.Middleware.LoggingActionFilter | CorrelationId:7c15bd4f12cf44cb9433a3208c278181 | API Response: GET /api/academics/classes | Status: 200 | Duration: 119ms
2026-04-20 14:14:09.490 +05:30 [INF] Serilog.AspNetCore.RequestLoggingMiddleware | CorrelationId:d8959bb8a8cc4712af34a472946a9625 | HTTP GET /api/academics/classes responded 200 in 169.7884 ms
2026-04-20 14:14:09.494 +05:30 [INF] Serilog.AspNetCore.RequestLoggingMiddleware | CorrelationId:7c15bd4f12cf44cb9433a3208c278181 | HTTP GET /api/academics/classes responded 200 in 131.2481 ms
2026-04-20 14:14:13.461 +05:30 [INF] Serilog.AspNetCore.RequestLoggingMiddleware | CorrelationId:55e10f8ebd084ee3930b5a8d08fee8c8 | HTTP OPTIONS /api/academics/classes responded 204 in 0.0395 ms
2026-04-20 14:14:13.461 +05:30 [INF] Serilog.AspNetCore.RequestLoggingMiddleware | CorrelationId:5c1c9ed13d244e5686a9f9d5d8243568 | HTTP OPTIONS /api/academics/academic-years responded 204 in 0.0079 ms
2026-04-20 14:14:13.461 +05:30 [INF] Serilog.AspNetCore.RequestLoggingMiddleware | CorrelationId:724ea0a1f3fe48aeb56ec099e75b156b | HTTP OPTIONS /api/staff responded 204 in 0.0072 ms
2026-04-20 14:14:13.461 +05:30 [INF] Serilog.AspNetCore.RequestLoggingMiddleware | CorrelationId:9ad891b8e4a240f28bd70b911e0f5c06 | HTTP OPTIONS /api/academics/classes responded 204 in 0.0059 ms
2026-04-20 14:14:13.462 +05:30 [INF] Serilog.AspNetCore.RequestLoggingMiddleware | CorrelationId:3f569757a5394a64aec0af10c7ce1a58 | HTTP OPTIONS /api/academics/academic-years responded 204 in 0.0133 ms
2026-04-20 14:14:13.505 +05:30 [INF] Serilog.AspNetCore.RequestLoggingMiddleware | CorrelationId:679824719bb04f9eb9827e542c7398e8 | HTTP OPTIONS /api/staff responded 204 in 0.0512 ms
2026-04-20 14:14:13.553 +05:30 [INF] SmsApi.Middleware.LoggingActionFilter | CorrelationId:132abd3d50f94e1aa0bed2db890cb955 | API Request: GET /api/academics/classes | User: Unknown | School: 550e8400-e29b-41d4-a716-446655440000
2026-04-20 14:14:13.575 +05:30 [INF] SmsApi.Middleware.LoggingActionFilter | CorrelationId:df06d9a2366a42c890dad2f90009d585 | API Request: GET /api/academics/academic-years | User: Unknown | School: 550e8400-e29b-41d4-a716-446655440000
2026-04-20 14:14:13.632 +05:30 [INF] SmsApi.Middleware.LoggingActionFilter | CorrelationId:e10bbe81e0914674a4f8fd649128ba85 | API Request: GET /api/staff | User: Unknown | School: 550e8400-e29b-41d4-a716-446655440000
2026-04-20 14:14:13.638 +05:30 [INF] SmsApi.Middleware.LoggingActionFilter | CorrelationId:ebf4ab6a3bc6428bb233024426a07e4b | API Request: GET /api/academics/classes | User: Unknown | School: 550e8400-e29b-41d4-a716-446655440000
2026-04-20 14:14:13.650 +05:30 [INF] SmsApi.Middleware.LoggingActionFilter | CorrelationId:4bd0328da489478cb486f31697684b5b | API Request: GET /api/academics/academic-years | User: Unknown | School: 550e8400-e29b-41d4-a716-446655440000
2026-04-20 14:14:13.659 +05:30 [INF] SmsApi.Middleware.LoggingActionFilter | CorrelationId:694e03aec2b94ee3b0d6747368a139af | API Request: GET /api/staff | User: Unknown | School: 550e8400-e29b-41d4-a716-446655440000
2026-04-20 14:14:13.667 +05:30 [INF] SmsApi.Middleware.LoggingActionFilter | CorrelationId:df06d9a2366a42c890dad2f90009d585 | API Response: GET /api/academics/academic-years | Status: 200 | Duration: 92ms
2026-04-20 14:14:13.676 +05:30 [INF] SmsApi.Middleware.LoggingActionFilter | CorrelationId:132abd3d50f94e1aa0bed2db890cb955 | API Response: GET /api/academics/classes | Status: 200 | Duration: 122ms
2026-04-20 14:14:13.697 +05:30 [INF] SmsApi.Middleware.LoggingActionFilter | CorrelationId:e10bbe81e0914674a4f8fd649128ba85 | API Response: GET /api/staff | Status: 200 | Duration: 64ms
2026-04-20 14:14:13.710 +05:30 [INF] SmsApi.Middleware.LoggingActionFilter | CorrelationId:4bd0328da489478cb486f31697684b5b | API Response: GET /api/academics/academic-years | Status: 200 | Duration: 60ms
2026-04-20 14:14:13.716 +05:30 [INF] SmsApi.Middleware.LoggingActionFilter | CorrelationId:694e03aec2b94ee3b0d6747368a139af | API Response: GET /api/staff | Status: 200 | Duration: 57ms
2026-04-20 14:14:13.720 +05:30 [INF] Serilog.AspNetCore.RequestLoggingMiddleware | CorrelationId:df06d9a2366a42c890dad2f90009d585 | HTTP GET /api/academics/academic-years responded 200 in 160.0902 ms
2026-04-20 14:14:13.724 +05:30 [INF] Serilog.AspNetCore.RequestLoggingMiddleware | CorrelationId:132abd3d50f94e1aa0bed2db890cb955 | HTTP GET /api/academics/classes responded 200 in 172.1716 ms
2026-04-20 14:14:13.729 +05:30 [INF] Serilog.AspNetCore.RequestLoggingMiddleware | CorrelationId:e10bbe81e0914674a4f8fd649128ba85 | HTTP GET /api/staff responded 200 in 103.7217 ms
2026-04-20 14:14:13.732 +05:30 [INF] Serilog.AspNetCore.RequestLoggingMiddleware | CorrelationId:4bd0328da489478cb486f31697684b5b | HTTP GET /api/academics/academic-years responded 200 in 84.6618 ms
2026-04-20 14:14:13.737 +05:30 [INF] Serilog.AspNetCore.RequestLoggingMiddleware | CorrelationId:694e03aec2b94ee3b0d6747368a139af | HTTP GET /api/staff responded 200 in 80.5307 ms
2026-04-20 14:14:13.754 +05:30 [INF] SmsApi.Middleware.LoggingActionFilter | CorrelationId:ebf4ab6a3bc6428bb233024426a07e4b | API Response: GET /api/academics/classes | Status: 200 | Duration: 116ms
2026-04-20 14:14:13.812 +05:30 [INF] Serilog.AspNetCore.RequestLoggingMiddleware | CorrelationId:ebf4ab6a3bc6428bb233024426a07e4b | HTTP GET /api/academics/classes responded 200 in 174.1067 ms
2026-04-20 14:14:15.008 +05:30 [INF] Serilog.AspNetCore.RequestLoggingMiddleware | CorrelationId:6ca3587ffd5b4ca29c6bc130c73ac81f | HTTP OPTIONS /api/academics/academic-years responded 204 in 0.1453 ms
2026-04-20 14:14:15.008 +05:30 [INF] Serilog.AspNetCore.RequestLoggingMiddleware | CorrelationId:bbc0b6e6681443018d15c27c4e4a7d6d | HTTP OPTIONS /api/academics/academic-years responded 204 in 0.0183 ms
2026-04-20 14:14:15.104 +05:30 [INF] SmsApi.Middleware.LoggingActionFilter | CorrelationId:fff7b396f8f84bca96f10b4f2de33d09 | API Request: GET /api/academics/academic-years | User: Unknown | School: 550e8400-e29b-41d4-a716-446655440000
2026-04-20 14:14:15.111 +05:30 [INF] SmsApi.Middleware.LoggingActionFilter | CorrelationId:5fcf0813f4bf4e1d91b17ba454c2ee1f | API Request: GET /api/academics/academic-years | User: Unknown | School: 550e8400-e29b-41d4-a716-446655440000
2026-04-20 14:14:15.133 +05:30 [INF] SmsApi.Middleware.LoggingActionFilter | CorrelationId:fff7b396f8f84bca96f10b4f2de33d09 | API Response: GET /api/academics/academic-years | Status: 200 | Duration: 28ms
2026-04-20 14:14:15.137 +05:30 [INF] SmsApi.Middleware.LoggingActionFilter | CorrelationId:5fcf0813f4bf4e1d91b17ba454c2ee1f | API Response: GET /api/academics/academic-years | Status: 200 | Duration: 26ms
2026-04-20 14:14:15.151 +05:30 [INF] Serilog.AspNetCore.RequestLoggingMiddleware | CorrelationId:fff7b396f8f84bca96f10b4f2de33d09 | HTTP GET /api/academics/academic-years responded 200 in 47.8809 ms
2026-04-20 14:14:15.155 +05:30 [INF] Serilog.AspNetCore.RequestLoggingMiddleware | CorrelationId:5fcf0813f4bf4e1d91b17ba454c2ee1f | HTTP GET /api/academics/academic-years responded 200 in 46.0878 ms
2026-04-20 14:14:18.398 +05:30 [INF] Serilog.AspNetCore.RequestLoggingMiddleware | CorrelationId:b8a45f6774104447a5cd7521eee987f5 | HTTP OPTIONS /api/academics/classes responded 204 in 0.0624 ms
2026-04-20 14:14:18.400 +05:30 [INF] Serilog.AspNetCore.RequestLoggingMiddleware | CorrelationId:6de9fd9c33024a06a2fa442a708a4c76 | HTTP OPTIONS /api/board/boards responded 204 in 0.0225 ms
2026-04-20 14:14:18.400 +05:30 [INF] Serilog.AspNetCore.RequestLoggingMiddleware | CorrelationId:ca422dcfc5a345a9bbd8a58f3bbac678 | HTTP OPTIONS /api/academics/classes responded 204 in 0.0112 ms
2026-04-20 14:14:18.404 +05:30 [INF] Serilog.AspNetCore.RequestLoggingMiddleware | CorrelationId:ec80bf8da375406dbc685e5084138d95 | HTTP OPTIONS /api/board/boards responded 204 in 0.0237 ms
2026-04-20 14:14:18.560 +05:30 [INF] SmsApi.Middleware.LoggingActionFilter | CorrelationId:984a3cc8e19f4753bd2074c6def70f8b | API Request: GET /api/academics/classes | User: Unknown | School: 550e8400-e29b-41d4-a716-446655440000
2026-04-20 14:14:18.588 +05:30 [INF] SmsApi.Middleware.LoggingActionFilter | CorrelationId:cb795ed47cdf43869098bc595eb0657c | API Request: GET /api/academics/classes | User: Unknown | School: 550e8400-e29b-41d4-a716-446655440000
2026-04-20 14:14:18.597 +05:30 [INF] SmsApi.Middleware.LoggingActionFilter | CorrelationId:f5a3a7fdf21d4b9a93d7ee22b46ec566 | API Request: GET /api/board/boards | User: Unknown | School: 550e8400-e29b-41d4-a716-446655440000
2026-04-20 14:14:18.618 +05:30 [INF] SmsApi.Middleware.LoggingActionFilter | CorrelationId:6d30867fdb9a44d3b2de372e36ab2f92 | API Request: GET /api/board/boards | User: Unknown | School: 550e8400-e29b-41d4-a716-446655440000
2026-04-20 14:14:18.713 +05:30 [INF] SmsApi.Middleware.LoggingActionFilter | CorrelationId:984a3cc8e19f4753bd2074c6def70f8b | API Response: GET /api/academics/classes | Status: 200 | Duration: 153ms
2026-04-20 14:14:18.720 +05:30 [INF] SmsApi.Middleware.LoggingActionFilter | CorrelationId:cb795ed47cdf43869098bc595eb0657c | API Response: GET /api/academics/classes | Status: 200 | Duration: 132ms
2026-04-20 14:14:18.793 +05:30 [INF] SmsApi.Middleware.LoggingActionFilter | CorrelationId:f5a3a7fdf21d4b9a93d7ee22b46ec566 | API Response: GET /api/board/boards | Status: 200 | Duration: 196ms
2026-04-20 14:14:18.799 +05:30 [INF] SmsApi.Middleware.LoggingActionFilter | CorrelationId:6d30867fdb9a44d3b2de372e36ab2f92 | API Response: GET /api/board/boards | Status: 200 | Duration: 180ms
2026-04-20 14:14:18.804 +05:30 [INF] Serilog.AspNetCore.RequestLoggingMiddleware | CorrelationId:984a3cc8e19f4753bd2074c6def70f8b | HTTP GET /api/academics/classes responded 200 in 245.5521 ms
2026-04-20 14:14:18.818 +05:30 [INF] Serilog.AspNetCore.RequestLoggingMiddleware | CorrelationId:cb795ed47cdf43869098bc595eb0657c | HTTP GET /api/academics/classes responded 200 in 230.7727 ms
2026-04-20 14:14:18.848 +05:30 [INF] Serilog.AspNetCore.RequestLoggingMiddleware | CorrelationId:f5a3a7fdf21d4b9a93d7ee22b46ec566 | HTTP GET /api/board/boards responded 200 in 262.2418 ms
2026-04-20 14:14:18.849 +05:30 [INF] Serilog.AspNetCore.RequestLoggingMiddleware | CorrelationId:6d30867fdb9a44d3b2de372e36ab2f92 | HTTP GET /api/board/boards responded 200 in 231.1830 ms
2026-04-20 14:14:22.032 +05:30 [INF] Serilog.AspNetCore.RequestLoggingMiddleware | CorrelationId:95d96d95e6324125a1be46beb26ae21f | HTTP OPTIONS /api/transport/routes responded 204 in 0.0925 ms
2026-04-20 14:14:22.033 +05:30 [INF] Serilog.AspNetCore.RequestLoggingMiddleware | CorrelationId:5aecbde7602d4eb6a955035ebfe8525c | HTTP OPTIONS /api/transport/routes responded 204 in 0.0103 ms
2026-04-20 14:14:22.099 +05:30 [INF] SmsApi.Middleware.LoggingActionFilter | CorrelationId:d77d3c6840ee4d0fbbd62b8f374172ac | API Request: GET /api/transport/routes | User: Unknown | School: 550e8400-e29b-41d4-a716-446655440000
2026-04-20 14:14:22.107 +05:30 [INF] SmsApi.Middleware.LoggingActionFilter | CorrelationId:41ad5afb4c37499b882e1c23a8488dbf | API Request: GET /api/transport/routes | User: Unknown | School: 550e8400-e29b-41d4-a716-446655440000
2026-04-20 14:14:22.351 +05:30 [INF] SmsApi.Middleware.LoggingActionFilter | CorrelationId:41ad5afb4c37499b882e1c23a8488dbf | API Response: GET /api/transport/routes | Status: 200 | Duration: 244ms
2026-04-20 14:14:22.351 +05:30 [INF] SmsApi.Middleware.LoggingActionFilter | CorrelationId:d77d3c6840ee4d0fbbd62b8f374172ac | API Response: GET /api/transport/routes | Status: 200 | Duration: 252ms
2026-04-20 14:14:22.400 +05:30 [INF] Serilog.AspNetCore.RequestLoggingMiddleware | CorrelationId:d77d3c6840ee4d0fbbd62b8f374172ac | HTTP GET /api/transport/routes responded 200 in 311.5902 ms
2026-04-20 14:14:22.379 +05:30 [INF] Serilog.AspNetCore.RequestLoggingMiddleware | CorrelationId:41ad5afb4c37499b882e1c23a8488dbf | HTTP GET /api/transport/routes responded 200 in 275.8925 ms
2026-04-20 14:14:29.772 +05:30 [INF] Serilog.AspNetCore.RequestLoggingMiddleware | CorrelationId:4106229a3e1a4bef8013f507c90d1719 | HTTP OPTIONS /api/permissions/roles responded 204 in 1.8904 ms
2026-04-20 14:14:29.776 +05:30 [INF] Serilog.AspNetCore.RequestLoggingMiddleware | CorrelationId:9b142b8367b9479c8811d6ea1b9a6d23 | HTTP OPTIONS /api/permissions/stats responded 204 in 0.0389 ms
2026-04-20 14:14:29.776 +05:30 [INF] Serilog.AspNetCore.RequestLoggingMiddleware | CorrelationId:b820d18c32c8475393eead543514e597 | HTTP OPTIONS /api/permissions/roles responded 204 in 0.0076 ms
2026-04-20 14:14:29.840 +05:30 [INF] Serilog.AspNetCore.RequestLoggingMiddleware | CorrelationId:6e668627dc4d436b8d0b5dbb3b2faab4 | HTTP OPTIONS /api/permissions/stats responded 204 in 0.0454 ms
2026-04-20 14:14:29.967 +05:30 [INF] SmsApi.Middleware.LoggingActionFilter | CorrelationId:c4fce32ebff34f5bb270a46fc32fd83d | API Request: GET /api/permissions/stats | User: Unknown | School: 550e8400-e29b-41d4-a716-446655440000
2026-04-20 14:14:29.958 +05:30 [INF] SmsApi.Middleware.LoggingActionFilter | CorrelationId:ebb3a3ba714d47e491490e44eaaed1c8 | API Request: GET /api/permissions/stats | User: Unknown | School: 550e8400-e29b-41d4-a716-446655440000
2026-04-20 14:14:29.947 +05:30 [INF] SmsApi.Middleware.LoggingActionFilter | CorrelationId:46431a8df4f241029319029fda0e6e30 | API Request: GET /api/permissions/roles | User: Unknown | School: 550e8400-e29b-41d4-a716-446655440000
2026-04-20 14:14:29.968 +05:30 [INF] SmsApi.Middleware.LoggingActionFilter | CorrelationId:96fc4d4928f24a57a392d47c18cdfec3 | API Request: GET /api/permissions/roles | User: Unknown | School: 550e8400-e29b-41d4-a716-446655440000
2026-04-20 14:14:30.121 +05:30 [INF] SmsApi.Middleware.LoggingActionFilter | CorrelationId:c4fce32ebff34f5bb270a46fc32fd83d | API Response: GET /api/permissions/stats | Status: 200 | Duration: 153ms
2026-04-20 14:14:30.134 +05:30 [INF] SmsApi.Middleware.LoggingActionFilter | CorrelationId:ebb3a3ba714d47e491490e44eaaed1c8 | API Response: GET /api/permissions/stats | Status: 200 | Duration: 176ms
2026-04-20 14:14:30.152 +05:30 [INF] SmsApi.Middleware.LoggingActionFilter | CorrelationId:46431a8df4f241029319029fda0e6e30 | API Response: GET /api/permissions/roles | Status: 200 | Duration: 205ms
2026-04-20 14:14:30.160 +05:30 [INF] SmsApi.Middleware.LoggingActionFilter | CorrelationId:96fc4d4928f24a57a392d47c18cdfec3 | API Response: GET /api/permissions/roles | Status: 200 | Duration: 192ms
2026-04-20 14:14:30.162 +05:30 [INF] Serilog.AspNetCore.RequestLoggingMiddleware | CorrelationId:c4fce32ebff34f5bb270a46fc32fd83d | HTTP GET /api/permissions/stats responded 200 in 196.0575 ms
2026-04-20 14:14:30.170 +05:30 [INF] Serilog.AspNetCore.RequestLoggingMiddleware | CorrelationId:ebb3a3ba714d47e491490e44eaaed1c8 | HTTP GET /api/permissions/stats responded 200 in 212.1440 ms
2026-04-20 14:14:30.198 +05:30 [INF] Serilog.AspNetCore.RequestLoggingMiddleware | CorrelationId:46431a8df4f241029319029fda0e6e30 | HTTP GET /api/permissions/roles responded 200 in 252.2482 ms
2026-04-20 14:14:30.204 +05:30 [INF] Serilog.AspNetCore.RequestLoggingMiddleware | CorrelationId:96fc4d4928f24a57a392d47c18cdfec3 | HTTP GET /api/permissions/roles responded 200 in 236.4198 ms
2026-04-20 14:14:36.944 +05:30 [INF] Serilog.AspNetCore.RequestLoggingMiddleware | CorrelationId:119cfbf1aa0842f096558654fce309af | HTTP OPTIONS /api/visitor/currently-inside responded 204 in 0.1798 ms
2026-04-20 14:14:36.944 +05:30 [INF] Serilog.AspNetCore.RequestLoggingMiddleware | CorrelationId:b311543edbcb4c4bb9be467a7f3e0fe1 | HTTP OPTIONS /api/visitor/stats responded 204 in 0.0203 ms
2026-04-20 14:14:36.950 +05:30 [INF] Serilog.AspNetCore.RequestLoggingMiddleware | CorrelationId:f51a109daf774a14b71584c4f3df1eea | HTTP OPTIONS /api/visitor/today responded 204 in 0.0423 ms
2026-04-20 14:14:36.965 +05:30 [INF] Serilog.AspNetCore.RequestLoggingMiddleware | CorrelationId:17f3133797c64739b413b1bbce433ec3 | HTTP OPTIONS /api/visitor/currently-inside responded 204 in 0.0453 ms
2026-04-20 14:14:36.969 +05:30 [INF] Serilog.AspNetCore.RequestLoggingMiddleware | CorrelationId:7061332f47ac4c32ba62a1300f23efbd | HTTP OPTIONS /api/visitor/stats responded 204 in 0.0509 ms
2026-04-20 14:14:37.040 +05:30 [INF] Serilog.AspNetCore.RequestLoggingMiddleware | CorrelationId:59b939dbfbc7487bbaeef9bc7b409e1b | HTTP OPTIONS /api/visitor/today responded 204 in 0.0630 ms
2026-04-20 14:14:37.212 +05:30 [INF] SmsApi.Middleware.LoggingActionFilter | CorrelationId:45b536f676554bf1a6484160ffafea1a | API Request: GET /api/visitor/currently-inside | User: Unknown | School: 550e8400-e29b-41d4-a716-446655440000
2026-04-20 14:14:37.223 +05:30 [INF] SmsApi.Middleware.LoggingActionFilter | CorrelationId:d051fcdc731b44ed85959274d4278b16 | API Request: GET /api/visitor/stats | User: Unknown | School: 550e8400-e29b-41d4-a716-446655440000
2026-04-20 14:14:37.240 +05:30 [INF] SmsApi.Middleware.LoggingActionFilter | CorrelationId:c3a2a92de0f24fc2be71cabe2dd70349 | API Request: GET /api/visitor/today | User: Unknown | School: 550e8400-e29b-41d4-a716-446655440000
2026-04-20 14:14:37.266 +05:30 [INF] SmsApi.Middleware.LoggingActionFilter | CorrelationId:b7a46baef3da4d4ca7433a722f8c53be | API Request: GET /api/visitor/currently-inside | User: Unknown | School: 550e8400-e29b-41d4-a716-446655440000
2026-04-20 14:14:37.305 +05:30 [INF] SmsApi.Middleware.LoggingActionFilter | CorrelationId:831fbf0cab6041639be70ab634864f0c | API Request: GET /api/visitor/stats | User: Unknown | School: 550e8400-e29b-41d4-a716-446655440000
2026-04-20 14:14:37.400 +05:30 [INF] SmsApi.Middleware.LoggingActionFilter | CorrelationId:c3a2a92de0f24fc2be71cabe2dd70349 | API Response: GET /api/visitor/today | Status: 200 | Duration: 159ms
2026-04-20 14:14:37.400 +05:30 [INF] SmsApi.Middleware.LoggingActionFilter | CorrelationId:415753274acb4830b9f7c6e43597d533 | API Request: GET /api/visitor/today | User: Unknown | School: 550e8400-e29b-41d4-a716-446655440000
2026-04-20 14:14:37.403 +05:30 [INF] SmsApi.Middleware.LoggingActionFilter | CorrelationId:d051fcdc731b44ed85959274d4278b16 | API Response: GET /api/visitor/stats | Status: 200 | Duration: 180ms
2026-04-20 14:14:37.409 +05:30 [INF] SmsApi.Middleware.LoggingActionFilter | CorrelationId:b7a46baef3da4d4ca7433a722f8c53be | API Response: GET /api/visitor/currently-inside | Status: 200 | Duration: 143ms
2026-04-20 14:14:37.421 +05:30 [INF] Serilog.AspNetCore.RequestLoggingMiddleware | CorrelationId:c3a2a92de0f24fc2be71cabe2dd70349 | HTTP GET /api/visitor/today responded 200 in 185.4729 ms
2026-04-20 14:14:37.428 +05:30 [INF] SmsApi.Middleware.LoggingActionFilter | CorrelationId:45b536f676554bf1a6484160ffafea1a | API Response: GET /api/visitor/currently-inside | Status: 200 | Duration: 216ms
2026-04-20 14:14:37.438 +05:30 [INF] Serilog.AspNetCore.RequestLoggingMiddleware | CorrelationId:d051fcdc731b44ed85959274d4278b16 | HTTP GET /api/visitor/stats responded 200 in 219.0031 ms
2026-04-20 14:14:37.440 +05:30 [INF] Serilog.AspNetCore.RequestLoggingMiddleware | CorrelationId:b7a46baef3da4d4ca7433a722f8c53be | HTTP GET /api/visitor/currently-inside responded 200 in 174.8698 ms
2026-04-20 14:14:37.446 +05:30 [INF] SmsApi.Middleware.LoggingActionFilter | CorrelationId:831fbf0cab6041639be70ab634864f0c | API Response: GET /api/visitor/stats | Status: 200 | Duration: 140ms
2026-04-20 14:14:37.450 +05:30 [INF] Serilog.AspNetCore.RequestLoggingMiddleware | CorrelationId:45b536f676554bf1a6484160ffafea1a | HTTP GET /api/visitor/currently-inside responded 200 in 255.6242 ms
2026-04-20 14:14:37.459 +05:30 [INF] SmsApi.Middleware.LoggingActionFilter | CorrelationId:415753274acb4830b9f7c6e43597d533 | API Response: GET /api/visitor/today | Status: 200 | Duration: 58ms
2026-04-20 14:14:37.494 +05:30 [INF] Serilog.AspNetCore.RequestLoggingMiddleware | CorrelationId:831fbf0cab6041639be70ab634864f0c | HTTP GET /api/visitor/stats responded 200 in 189.6256 ms
2026-04-20 14:14:37.535 +05:30 [INF] Serilog.AspNetCore.RequestLoggingMiddleware | CorrelationId:415753274acb4830b9f7c6e43597d533 | HTTP GET /api/visitor/today responded 200 in 136.8310 ms
2026-04-20 14:14:47.192 +05:30 [INF] Serilog.AspNetCore.RequestLoggingMiddleware | CorrelationId:7d8e273274294fffa80630a56437f05e | HTTP OPTIONS /api/students responded 204 in 0.0898 ms
2026-04-20 14:14:47.227 +05:30 [INF] Serilog.AspNetCore.RequestLoggingMiddleware | CorrelationId:92645d745a434b3dbc1c0fb916fbff71 | HTTP OPTIONS /api/staff responded 204 in 0.1545 ms
2026-04-20 14:14:47.230 +05:30 [INF] Serilog.AspNetCore.RequestLoggingMiddleware | CorrelationId:ec8509c6fa7549af83cb7bcdfb425779 | HTTP OPTIONS /api/Attendance/records responded 204 in 0.0570 ms
2026-04-20 14:14:47.244 +05:30 [INF] Serilog.AspNetCore.RequestLoggingMiddleware | CorrelationId:6c3c3d7b13ac42cebd0288842527b51c | HTTP OPTIONS /api/fees/stats responded 204 in 0.1728 ms
2026-04-20 14:14:47.245 +05:30 [INF] Serilog.AspNetCore.RequestLoggingMiddleware | CorrelationId:899d1054f67441beb466025832d5601b | HTTP OPTIONS /api/students responded 204 in 0.0552 ms
2026-04-20 14:14:47.247 +05:30 [INF] Serilog.AspNetCore.RequestLoggingMiddleware | CorrelationId:680e0ee8dcc440f8bd074f257c3334e4 | HTTP OPTIONS /api/staff responded 204 in 0.0339 ms
2026-04-20 14:14:47.271 +05:30 [INF] Serilog.AspNetCore.RequestLoggingMiddleware | CorrelationId:311c4c13431044b497845d9959754753 | HTTP OPTIONS /api/Attendance/records responded 204 in 8.1815 ms
2026-04-20 14:14:47.290 +05:30 [INF] Serilog.AspNetCore.RequestLoggingMiddleware | CorrelationId:60ffa3fbcfa54a5f93b9ad0c0554d196 | HTTP OPTIONS /api/fees/stats responded 204 in 0.0386 ms
2026-04-20 14:14:47.371 +05:30 [INF] SmsApi.Middleware.LoggingActionFilter | CorrelationId:8d60172d10654b1da9cadb9d0c681ca4 | API Request: GET /api/students | User: Unknown | School: 550e8400-e29b-41d4-a716-446655440000
2026-04-20 14:14:47.461 +05:30 [INF] SmsApi.Middleware.LoggingActionFilter | CorrelationId:f44218f091aa4db3b2e5bfd0c3173470 | API Request: GET /api/staff | User: Unknown | School: 550e8400-e29b-41d4-a716-446655440000
2026-04-20 14:14:47.486 +05:30 [INF] SmsApi.Middleware.LoggingActionFilter | CorrelationId:cae0980d8b7842499fbb76d179966b9c | API Request: GET /api/Attendance/records | User: Unknown | School: 550e8400-e29b-41d4-a716-446655440000
2026-04-20 14:14:47.498 +05:30 [INF] SmsApi.Middleware.LoggingActionFilter | CorrelationId:672a4ba3518f49c295449649b46a5088 | API Request: GET /api/fees/stats | User: Unknown | School: 550e8400-e29b-41d4-a716-446655440000
2026-04-20 14:14:47.518 +05:30 [INF] SmsApi.Middleware.LoggingActionFilter | CorrelationId:4afabc7a9b044d7395f503e6468186cb | API Request: GET /api/students | User: Unknown | School: 550e8400-e29b-41d4-a716-446655440000
2026-04-20 14:14:47.526 +05:30 [INF] SmsApi.Middleware.LoggingActionFilter | CorrelationId:6d710015073e4f27b638c36adb640d64 | API Request: GET /api/staff | User: Unknown | School: 550e8400-e29b-41d4-a716-446655440000
2026-04-20 14:14:47.534 +05:30 [INF] SmsApi.Middleware.LoggingActionFilter | CorrelationId:8d60172d10654b1da9cadb9d0c681ca4 | API Response: GET /api/students | Status: 200 | Duration: 162ms
2026-04-20 14:14:47.549 +05:30 [INF] SmsApi.Middleware.LoggingActionFilter | CorrelationId:f44218f091aa4db3b2e5bfd0c3173470 | API Response: GET /api/staff | Status: 200 | Duration: 88ms
2026-04-20 14:14:47.564 +05:30 [INF] SmsApi.Middleware.LoggingActionFilter | CorrelationId:cae0980d8b7842499fbb76d179966b9c | API Response: GET /api/Attendance/records | Status: 200 | Duration: 78ms
2026-04-20 14:14:47.593 +05:30 [INF] SmsApi.Middleware.LoggingActionFilter | CorrelationId:4afabc7a9b044d7395f503e6468186cb | API Response: GET /api/students | Status: 200 | Duration: 74ms
2026-04-20 14:14:47.604 +05:30 [INF] SmsApi.Middleware.LoggingActionFilter | CorrelationId:672a4ba3518f49c295449649b46a5088 | API Response: GET /api/fees/stats | Status: 200 | Duration: 105ms
2026-04-20 14:14:47.611 +05:30 [INF] SmsApi.Middleware.LoggingActionFilter | CorrelationId:6d710015073e4f27b638c36adb640d64 | API Response: GET /api/staff | Status: 200 | Duration: 84ms
2026-04-20 14:14:47.628 +05:30 [INF] Serilog.AspNetCore.RequestLoggingMiddleware | CorrelationId:8d60172d10654b1da9cadb9d0c681ca4 | HTTP GET /api/students responded 200 in 315.7935 ms
2026-04-20 14:14:47.647 +05:30 [INF] Serilog.AspNetCore.RequestLoggingMiddleware | CorrelationId:f44218f091aa4db3b2e5bfd0c3173470 | HTTP GET /api/staff responded 200 in 192.7524 ms
2026-04-20 14:14:47.656 +05:30 [INF] Serilog.AspNetCore.RequestLoggingMiddleware | CorrelationId:cae0980d8b7842499fbb76d179966b9c | HTTP GET /api/Attendance/records responded 200 in 185.7922 ms
2026-04-20 14:14:47.662 +05:30 [INF] Serilog.AspNetCore.RequestLoggingMiddleware | CorrelationId:4afabc7a9b044d7395f503e6468186cb | HTTP GET /api/students responded 200 in 148.4433 ms
2026-04-20 14:14:47.678 +05:30 [INF] Serilog.AspNetCore.RequestLoggingMiddleware | CorrelationId:672a4ba3518f49c295449649b46a5088 | HTTP GET /api/fees/stats responded 200 in 184.6336 ms
2026-04-20 14:14:47.685 +05:30 [INF] Serilog.AspNetCore.RequestLoggingMiddleware | CorrelationId:6d710015073e4f27b638c36adb640d64 | HTTP GET /api/staff responded 200 in 160.3583 ms
2026-04-20 14:14:47.699 +05:30 [INF] SmsApi.Middleware.LoggingActionFilter | CorrelationId:191f1986e54047f59c33eb957e0181e8 | API Request: GET /api/Attendance/records | User: Unknown | School: 550e8400-e29b-41d4-a716-446655440000
2026-04-20 14:14:47.707 +05:30 [INF] SmsApi.Middleware.LoggingActionFilter | CorrelationId:053475dcea914a08ba6227f65bb260f9 | API Request: GET /api/fees/stats | User: Unknown | School: 550e8400-e29b-41d4-a716-446655440000
2026-04-20 14:14:47.760 +05:30 [INF] SmsApi.Middleware.LoggingActionFilter | CorrelationId:191f1986e54047f59c33eb957e0181e8 | API Response: GET /api/Attendance/records | Status: 200 | Duration: 60ms
2026-04-20 14:14:47.770 +05:30 [INF] SmsApi.Middleware.LoggingActionFilter | CorrelationId:053475dcea914a08ba6227f65bb260f9 | API Response: GET /api/fees/stats | Status: 200 | Duration: 62ms
2026-04-20 14:14:47.801 +05:30 [INF] Serilog.AspNetCore.RequestLoggingMiddleware | CorrelationId:191f1986e54047f59c33eb957e0181e8 | HTTP GET /api/Attendance/records responded 200 in 104.2075 ms
2026-04-20 14:14:47.815 +05:30 [INF] Serilog.AspNetCore.RequestLoggingMiddleware | CorrelationId:053475dcea914a08ba6227f65bb260f9 | HTTP GET /api/fees/stats responded 200 in 109.6397 ms
2026-04-20 14:14:56.908 +05:30 [INF] Serilog.AspNetCore.RequestLoggingMiddleware | CorrelationId:e7427626b56a4b11b1d1881d4e717b3e | HTTP OPTIONS /api/academics/academic-years responded 204 in 0.0435 ms
2026-04-20 14:14:56.800 +05:30 [INF] Serilog.AspNetCore.RequestLoggingMiddleware | CorrelationId:da8521a998ea41a19126a93582931536 | HTTP OPTIONS /api/academics/academic-years responded 204 in 1.8008 ms
2026-04-20 14:14:57.179 +05:30 [INF] Serilog.AspNetCore.RequestLoggingMiddleware | CorrelationId:257d05ff036d46f49c63e9113e7dc587 | HTTP GET /api/academics/academic-years responded 401 in 107.0193 ms
2026-04-20 14:14:57.191 +05:30 [INF] Serilog.AspNetCore.RequestLoggingMiddleware | CorrelationId:3f6630315b634c16be66365630f4b7f8 | HTTP GET /api/academics/academic-years responded 401 in 97.4853 ms
2026-04-20 14:22:21.000 +05:30 [INF] Serilog.AspNetCore.RequestLoggingMiddleware | CorrelationId:ba4169c46d604711a106e00d80f64b7c | HTTP OPTIONS /api/auth/login responded 204 in 0.4804 ms
2026-04-20 14:22:21.065 +05:30 [INF] SmsApi.Middleware.LoggingActionFilter | CorrelationId:097bb3b313ff49419fa7a87692501921 | API Request: POST /api/auth/login | User: Unknown | School: Unknown
2026-04-20 14:22:21.804 +05:30 [INF] SmsApi.Controllers.AuthController | CorrelationId:097bb3b313ff49419fa7a87692501921 | Login successful for superadmin (SchoolId: "00000000-0000-0000-0000-000000000001")
2026-04-20 14:22:21.806 +05:30 [INF] SmsApi.Middleware.LoggingActionFilter | CorrelationId:097bb3b313ff49419fa7a87692501921 | API Response: POST /api/auth/login | Status: 200 | Duration: 741ms
2026-04-20 14:22:21.820 +05:30 [INF] Serilog.AspNetCore.RequestLoggingMiddleware | CorrelationId:097bb3b313ff49419fa7a87692501921 | HTTP POST /api/auth/login responded 200 in 779.0348 ms
2026-04-20 14:22:21.955 +05:30 [WRN] SmsApi.Infrastructure.Performance.PerformanceMonitoringMiddleware | CorrelationId: | Slow request: POST /api/auth/login took 767ms — status 200.
2026-04-20 14:22:22.202 +05:30 [INF] Serilog.AspNetCore.RequestLoggingMiddleware | CorrelationId:0962e3c9fc4c4bdc98b52fdd765c55f2 | HTTP OPTIONS /api/settings/school/me responded 204 in 0.0453 ms
2026-04-20 14:22:22.202 +05:30 [INF] Serilog.AspNetCore.RequestLoggingMiddleware | CorrelationId:6ade111355f84274b23349c84496defe | HTTP OPTIONS /api/school-feature-permissions/stats responded 204 in 0.0203 ms
2026-04-20 14:22:22.202 +05:30 [INF] Serilog.AspNetCore.RequestLoggingMiddleware | CorrelationId:f9228186e6af47598ee06282b6a1652c | HTTP OPTIONS /api/school-feature-permissions/schools responded 204 in 0.0171 ms
2026-04-20 14:22:22.216 +05:30 [INF] Serilog.AspNetCore.RequestLoggingMiddleware | CorrelationId:e4d306fd58a84a59bd336b9c50d6e728 | HTTP OPTIONS /api/school-feature-permissions/stats responded 204 in 0.1679 ms
2026-04-20 14:22:22.373 +05:30 [INF] Serilog.AspNetCore.RequestLoggingMiddleware | CorrelationId:05a3e24a308d4827a7d6bfbb5ba896fd | HTTP OPTIONS /api/school-feature-permissions/schools responded 204 in 0.1080 ms
2026-04-20 14:22:23.227 +05:30 [WRN] SmsApi.Infrastructure.Performance.PerformanceMonitoringMiddleware | CorrelationId: | Slow request: OPTIONS /api/school-feature-permissions/stats took 1025ms — status 204.
2026-04-20 14:22:23.236 +05:30 [WRN] SmsApi.Infrastructure.Performance.PerformanceMonitoringMiddleware | CorrelationId: | Slow request: OPTIONS /api/school-feature-permissions/schools took 1033ms — status 204.
2026-04-20 14:22:23.248 +05:30 [WRN] SmsApi.Infrastructure.Performance.PerformanceMonitoringMiddleware | CorrelationId: | Slow request: OPTIONS /api/school-feature-permissions/stats took 1032ms — status 204.
2026-04-20 14:22:23.253 +05:30 [WRN] SmsApi.Infrastructure.Performance.PerformanceMonitoringMiddleware | CorrelationId: | Slow request: OPTIONS /api/school-feature-permissions/schools took 880ms — status 204.
2026-04-20 14:22:26.820 +05:30 [INF] Serilog.AspNetCore.RequestLoggingMiddleware | CorrelationId:b85396c8f2f748afaa89b6c2d9f8fb49 | HTTP OPTIONS /api/academics/academic-years responded 204 in 0.1189 ms
2026-04-20 14:22:26.840 +05:30 [INF] Serilog.AspNetCore.RequestLoggingMiddleware | CorrelationId:ac26f16a46f14189bf4dcc3149ce1181 | HTTP OPTIONS /api/school-feature-permissions/stats responded 204 in 0.1166 ms
2026-04-20 14:22:26.853 +05:30 [INF] Serilog.AspNetCore.RequestLoggingMiddleware | CorrelationId:89c2bd6b5f034d41af8618706e70eeb0 | HTTP OPTIONS /api/school-feature-permissions/stats responded 204 in 0.0520 ms
2026-04-20 14:22:26.874 +05:30 [INF] Serilog.AspNetCore.RequestLoggingMiddleware | CorrelationId:363ddba9a51e49fbbf1c4d06e69c0444 | HTTP OPTIONS /api/academics/academic-years responded 204 in 0.0419 ms
2026-04-20 14:22:27.140 +05:30 [INF] Serilog.AspNetCore.RequestLoggingMiddleware | CorrelationId:7e4c597d04114adba95279a45bc7ef98 | HTTP OPTIONS /api/school-feature-permissions/stats responded 204 in 0.1153 ms
2026-04-20 14:22:27.223 +05:30 [INF] Serilog.AspNetCore.RequestLoggingMiddleware | CorrelationId:7fe1bdd4bcf6499b8518d2df6b8b4556 | HTTP OPTIONS /api/school-feature-permissions/schools responded 204 in 0.0395 ms
2026-04-20 14:22:27.368 +05:30 [WRN] SmsApi.Infrastructure.Performance.PerformanceMonitoringMiddleware | CorrelationId: | Slow request: OPTIONS /api/academics/academic-years took 550ms — status 204.
2026-04-20 14:22:27.390 +05:30 [WRN] SmsApi.Infrastructure.Performance.PerformanceMonitoringMiddleware | CorrelationId: | Slow request: OPTIONS /api/school-feature-permissions/stats took 549ms — status 204.
2026-04-20 14:22:27.395 +05:30 [WRN] SmsApi.Infrastructure.Performance.PerformanceMonitoringMiddleware | CorrelationId: | Slow request: OPTIONS /api/school-feature-permissions/stats took 542ms — status 204.
2026-04-20 14:22:27.399 +05:30 [WRN] SmsApi.Infrastructure.Performance.PerformanceMonitoringMiddleware | CorrelationId: | Slow request: OPTIONS /api/academics/academic-years took 525ms — status 204.
2026-04-20 14:22:27.410 +05:30 [INF] Serilog.AspNetCore.RequestLoggingMiddleware | CorrelationId:3540ce6eace54321830a819d0fd2a59a | HTTP OPTIONS /api/settings/school/me responded 204 in 0.0484 ms
2026-04-20 14:22:27.419 +05:30 [INF] Serilog.AspNetCore.RequestLoggingMiddleware | CorrelationId:3f63a6b458524005823e56e3dd214f03 | HTTP OPTIONS /api/school-feature-permissions/stats responded 204 in 0.0545 ms
2026-04-20 14:22:27.441 +05:30 [INF] Serilog.AspNetCore.RequestLoggingMiddleware | CorrelationId:3147471e5c5e4096adb85a45b71d3b03 | HTTP OPTIONS /api/school-feature-permissions/schools responded 204 in 0.0536 ms
2026-04-20 14:22:27.502 +05:30 [INF] SmsApi.Middleware.LoggingActionFilter | CorrelationId:ac6e4ae5e43f459bb706441d7722ea84 | API Request: GET /api/school-feature-permissions/stats | User: Unknown | School: 00000000-0000-0000-0000-000000000001
2026-04-20 14:22:27.523 +05:30 [INF] SmsApi.Middleware.LoggingActionFilter | CorrelationId:71b51e44a9434bbba82a9d8fa31b3726 | API Request: GET /api/school-feature-permissions/schools | User: Unknown | School: 00000000-0000-0000-0000-000000000001
2026-04-20 14:22:27.549 +05:30 [INF] SmsApi.Middleware.LoggingActionFilter | CorrelationId:0f1ef2839f3240ff89488457b51ad169 | API Request: GET /api/academics/academic-years | User: Unknown | School: 00000000-0000-0000-0000-000000000001
2026-04-20 14:22:27.625 +05:30 [INF] SmsApi.Middleware.LoggingActionFilter | CorrelationId:856d860ed118463a9fd2c0362d10b61f | API Request: GET /api/school-feature-permissions/stats | User: Unknown | School: 00000000-0000-0000-0000-000000000001
2026-04-20 14:22:27.643 +05:30 [INF] SmsApi.Middleware.LoggingActionFilter | CorrelationId:89bb6dfcc54e4fbf94bf835e4c8ecebb | API Request: GET /api/school-feature-permissions/stats | User: Unknown | School: 00000000-0000-0000-0000-000000000001
2026-04-20 14:22:27.683 +05:30 [INF] SmsApi.Middleware.LoggingActionFilter | CorrelationId:74340da53e29416b8738d2bbed54929e | API Request: GET /api/academics/academic-years | User: Unknown | School: 00000000-0000-0000-0000-000000000001
2026-04-20 14:22:27.737 +05:30 [INF] SmsApi.Middleware.LoggingActionFilter | CorrelationId:0f1ef2839f3240ff89488457b51ad169 | API Response: GET /api/academics/academic-years | Status: 200 | Duration: 188ms
2026-04-20 14:22:27.776 +05:30 [INF] SmsApi.Middleware.LoggingActionFilter | CorrelationId:ac6e4ae5e43f459bb706441d7722ea84 | API Response: GET /api/school-feature-permissions/stats | Status: 200 | Duration: 273ms
2026-04-20 14:22:27.798 +05:30 [INF] SmsApi.Middleware.LoggingActionFilter | CorrelationId:74340da53e29416b8738d2bbed54929e | API Response: GET /api/academics/academic-years | Status: 200 | Duration: 114ms
2026-04-20 14:22:27.837 +05:30 [INF] Serilog.AspNetCore.RequestLoggingMiddleware | CorrelationId:ac6e4ae5e43f459bb706441d7722ea84 | HTTP GET /api/school-feature-permissions/stats responded 200 in 359.5565 ms
2026-04-20 14:22:27.864 +05:30 [ERR] Serilog.AspNetCore.RequestLoggingMiddleware | CorrelationId:0f1ef2839f3240ff89488457b51ad169 | HTTP GET /api/academics/academic-years responded 500 in 315.8815 ms
2026-04-20 14:22:27.920 +05:30 [INF] SmsApi.Middleware.LoggingActionFilter | CorrelationId:71b51e44a9434bbba82a9d8fa31b3726 | API Response: GET /api/school-feature-permissions/schools | Status: 200 | Duration: 396ms
2026-04-20 14:22:28.031 +05:30 [ERR] Serilog.AspNetCore.RequestLoggingMiddleware | CorrelationId:74340da53e29416b8738d2bbed54929e | HTTP GET /api/academics/academic-years responded 500 in 348.6070 ms
2026-04-20 14:22:28.076 +05:30 [INF] SmsApi.Middleware.LoggingActionFilter | CorrelationId:af763db923f74976bb9e360ad6ff08f4 | API Request: GET /api/settings/school/me | User: Unknown | School: 00000000-0000-0000-0000-000000000001
2026-04-20 14:22:28.107 +05:30 [INF] SmsApi.Middleware.LoggingActionFilter | CorrelationId:856d860ed118463a9fd2c0362d10b61f | API Response: GET /api/school-feature-permissions/stats | Status: 200 | Duration: 482ms
2026-04-20 14:22:28.110 +05:30 [INF] Serilog.AspNetCore.RequestLoggingMiddleware | CorrelationId:71b51e44a9434bbba82a9d8fa31b3726 | HTTP GET /api/school-feature-permissions/schools responded 200 in 604.3020 ms
2026-04-20 14:22:28.125 +05:30 [INF] SmsApi.Middleware.LoggingActionFilter | CorrelationId:6a099974fbc746b48c5b3ad7741bdf94 | API Request: GET /api/school-feature-permissions/stats | User: Unknown | School: 00000000-0000-0000-0000-000000000001
2026-04-20 14:22:28.143 +05:30 [INF] Serilog.AspNetCore.RequestLoggingMiddleware | CorrelationId:856d860ed118463a9fd2c0362d10b61f | HTTP GET /api/school-feature-permissions/stats responded 200 in 518.6411 ms
2026-04-20 14:22:28.144 +05:30 [INF] SmsApi.Middleware.LoggingActionFilter | CorrelationId:af763db923f74976bb9e360ad6ff08f4 | API Response: GET /api/settings/school/me | Status: 200 | Duration: 68ms
2026-04-20 14:22:28.159 +05:30 [WRN] SmsApi.Infrastructure.Performance.PerformanceMonitoringMiddleware | CorrelationId: | Slow request: GET /api/school-feature-permissions/schools took 604ms — status 200.
2026-04-20 14:22:28.165 +05:30 [INF] SmsApi.Middleware.LoggingActionFilter | CorrelationId:89bb6dfcc54e4fbf94bf835e4c8ecebb | API Response: GET /api/school-feature-permissions/stats | Status: 200 | Duration: 522ms
2026-04-20 14:22:28.191 +05:30 [WRN] SmsApi.Infrastructure.Performance.PerformanceMonitoringMiddleware | CorrelationId: | Slow request: GET /api/school-feature-permissions/stats took 518ms — status 200.
2026-04-20 14:22:28.195 +05:30 [INF] Serilog.AspNetCore.RequestLoggingMiddleware | CorrelationId:af763db923f74976bb9e360ad6ff08f4 | HTTP GET /api/settings/school/me responded 200 in 125.5365 ms
2026-04-20 14:22:28.204 +05:30 [INF] SmsApi.Middleware.LoggingActionFilter | CorrelationId:4c37e2a5c4e0451f9eeac34b70f8cc9a | API Request: GET /api/school-feature-permissions/schools | User: Unknown | School: 00000000-0000-0000-0000-000000000001
2026-04-20 14:22:28.207 +05:30 [INF] Serilog.AspNetCore.RequestLoggingMiddleware | CorrelationId:89bb6dfcc54e4fbf94bf835e4c8ecebb | HTTP GET /api/school-feature-permissions/stats responded 200 in 564.3894 ms
2026-04-20 14:22:28.235 +05:30 [INF] SmsApi.Middleware.LoggingActionFilter | CorrelationId:6a099974fbc746b48c5b3ad7741bdf94 | API Response: GET /api/school-feature-permissions/stats | Status: 200 | Duration: 110ms
2026-04-20 14:22:28.322 +05:30 [INF] Serilog.AspNetCore.RequestLoggingMiddleware | CorrelationId:0bd32ee86fc2420187b377d175a6323c | HTTP OPTIONS /api/school-feature-permissions/schools/550e8400-e29b-41d4-a716-446655440000 responded 204 in 0.0386 ms
2026-04-20 14:22:28.339 +05:30 [INF] SmsApi.Middleware.LoggingActionFilter | CorrelationId:4c37e2a5c4e0451f9eeac34b70f8cc9a | API Response: GET /api/school-feature-permissions/schools | Status: 200 | Duration: 134ms
2026-04-20 14:22:28.345 +05:30 [WRN] SmsApi.Infrastructure.Performance.PerformanceMonitoringMiddleware | CorrelationId: | Slow request: GET /api/school-feature-permissions/stats took 564ms — status 200.
2026-04-20 14:22:28.351 +05:30 [INF] Serilog.AspNetCore.RequestLoggingMiddleware | CorrelationId:6a099974fbc746b48c5b3ad7741bdf94 | HTTP GET /api/school-feature-permissions/stats responded 200 in 226.6430 ms
2026-04-20 14:22:28.367 +05:30 [INF] SmsApi.Middleware.LoggingActionFilter | CorrelationId:8ff1a91f69b5453a89a64c0083c9e48d | API Request: GET /api/school-feature-permissions/schools/550e8400-e29b-41d4-a716-446655440000 | User: Unknown | School: 00000000-0000-0000-0000-000000000001
2026-04-20 14:22:28.370 +05:30 [INF] Serilog.AspNetCore.RequestLoggingMiddleware | CorrelationId:4c37e2a5c4e0451f9eeac34b70f8cc9a | HTTP GET /api/school-feature-permissions/schools responded 200 in 166.0398 ms
2026-04-20 14:22:28.739 +05:30 [INF] SmsApi.Middleware.LoggingActionFilter | CorrelationId:8ff1a91f69b5453a89a64c0083c9e48d | API Response: GET /api/school-feature-permissions/schools/550e8400-e29b-41d4-a716-446655440000 | Status: 200 | Duration: 371ms
2026-04-20 14:22:28.961 +05:30 [INF] Serilog.AspNetCore.RequestLoggingMiddleware | CorrelationId:8ff1a91f69b5453a89a64c0083c9e48d | HTTP GET /api/school-feature-permissions/schools/550e8400-e29b-41d4-a716-446655440000 responded 200 in 597.1400 ms
2026-04-20 14:22:29.090 +05:30 [WRN] SmsApi.Infrastructure.Performance.PerformanceMonitoringMiddleware | CorrelationId: | Slow request: GET /api/school-feature-permissions/schools/550e8400-e29b-41d4-a716-446655440000 took 597ms — status 200.
2026-04-20 14:22:44.976 +05:30 [INF] Serilog.AspNetCore.RequestLoggingMiddleware | CorrelationId:6916b3a0426441e08554cb922ddaf3ea | HTTP OPTIONS /api/staff responded 204 in 0.1085 ms
2026-04-20 14:22:44.976 +05:30 [INF] Serilog.AspNetCore.RequestLoggingMiddleware | CorrelationId:f31aad1eff504d26bdc1e436b69f511c | HTTP OPTIONS /api/staff responded 204 in 0.1315 ms
2026-04-20 14:22:45.086 +05:30 [INF] SmsApi.Middleware.LoggingActionFilter | CorrelationId:8405d147b16b42e4860578e8106cb0fe | API Request: GET /api/staff | User: Unknown | School: 00000000-0000-0000-0000-000000000001
2026-04-20 14:22:45.113 +05:30 [INF] SmsApi.Middleware.LoggingActionFilter | CorrelationId:ce66f43de876483da343ebcff58b928f | API Request: GET /api/staff | User: Unknown | School: 00000000-0000-0000-0000-000000000001
2026-04-20 14:22:45.146 +05:30 [INF] SmsApi.Middleware.LoggingActionFilter | CorrelationId:8405d147b16b42e4860578e8106cb0fe | API Response: GET /api/staff | Status: 200 | Duration: 59ms
2026-04-20 14:22:45.150 +05:30 [INF] SmsApi.Middleware.LoggingActionFilter | CorrelationId:ce66f43de876483da343ebcff58b928f | API Response: GET /api/staff | Status: 200 | Duration: 37ms
2026-04-20 14:22:45.175 +05:30 [INF] Serilog.AspNetCore.RequestLoggingMiddleware | CorrelationId:ce66f43de876483da343ebcff58b928f | HTTP GET /api/staff responded 200 in 66.3120 ms
2026-04-20 14:22:45.168 +05:30 [INF] Serilog.AspNetCore.RequestLoggingMiddleware | CorrelationId:8405d147b16b42e4860578e8106cb0fe | HTTP GET /api/staff responded 200 in 107.1385 ms
2026-04-20 14:22:47.408 +05:30 [INF] Serilog.AspNetCore.RequestLoggingMiddleware | CorrelationId:3656900af0ea4afbbf601642844ca306 | HTTP OPTIONS /api/students responded 204 in 0.0544 ms
2026-04-20 14:22:47.408 +05:30 [INF] Serilog.AspNetCore.RequestLoggingMiddleware | CorrelationId:2bf5d9150d284914bc4d9c67722ef585 | HTTP OPTIONS /api/students responded 204 in 0.0569 ms
2026-04-20 14:22:47.574 +05:30 [INF] SmsApi.Middleware.LoggingActionFilter | CorrelationId:f5f561db57364e47b80ba990aba1c094 | API Request: GET /api/students | User: Unknown | School: 00000000-0000-0000-0000-000000000001
2026-04-20 14:22:47.584 +05:30 [INF] SmsApi.Middleware.LoggingActionFilter | CorrelationId:9986e746102946e2b4ac455b8f143eba | API Request: GET /api/students | User: Unknown | School: 00000000-0000-0000-0000-000000000001
2026-04-20 14:22:47.618 +05:30 [INF] SmsApi.Middleware.LoggingActionFilter | CorrelationId:f5f561db57364e47b80ba990aba1c094 | API Response: GET /api/students | Status: 200 | Duration: 42ms
2026-04-20 14:22:47.649 +05:30 [INF] SmsApi.Middleware.LoggingActionFilter | CorrelationId:9986e746102946e2b4ac455b8f143eba | API Response: GET /api/students | Status: 200 | Duration: 65ms
2026-04-20 14:22:47.650 +05:30 [INF] Serilog.AspNetCore.RequestLoggingMiddleware | CorrelationId:f5f561db57364e47b80ba990aba1c094 | HTTP GET /api/students responded 200 in 88.9559 ms
2026-04-20 14:22:47.674 +05:30 [INF] Serilog.AspNetCore.RequestLoggingMiddleware | CorrelationId:9986e746102946e2b4ac455b8f143eba | HTTP GET /api/students responded 200 in 91.8869 ms
2026-04-20 14:22:51.537 +05:30 [INF] Serilog.AspNetCore.RequestLoggingMiddleware | CorrelationId:64b452235f9c42438e8a81074c8af1e0 | HTTP OPTIONS /api/fees/records responded 204 in 0.1590 ms
2026-04-20 14:22:51.537 +05:30 [INF] Serilog.AspNetCore.RequestLoggingMiddleware | CorrelationId:93358cae84984e519c3f10cd0a998195 | HTTP OPTIONS /api/fees/structures responded 204 in 0.0179 ms
2026-04-20 14:22:51.547 +05:30 [INF] Serilog.AspNetCore.RequestLoggingMiddleware | CorrelationId:e8405fb3fab444d386f0b750b4d43f46 | HTTP OPTIONS /api/fees/stats responded 204 in 0.0608 ms
2026-04-20 14:22:51.571 +05:30 [INF] Serilog.AspNetCore.RequestLoggingMiddleware | CorrelationId:9f93cfd62ee748719ec705e8d7454f30 | HTTP OPTIONS /api/fees/records responded 204 in 0.0387 ms
2026-04-20 14:22:51.571 +05:30 [INF] Serilog.AspNetCore.RequestLoggingMiddleware | CorrelationId:b0988b9fd23a43748b3f40135e212380 | HTTP OPTIONS /api/fees/structures responded 204 in 0.0845 ms
2026-04-20 14:22:51.842 +05:30 [INF] Serilog.AspNetCore.RequestLoggingMiddleware | CorrelationId:c2606c6805ce49b09abfc69a5713384a | HTTP OPTIONS /api/fees/stats responded 204 in 0.0897 ms
2026-04-20 14:22:51.893 +05:30 [INF] SmsApi.Middleware.LoggingActionFilter | CorrelationId:a944e2a831c247edacfe62018227aba7 | API Request: GET /api/fees/records | User: Unknown | School: 00000000-0000-0000-0000-000000000001
2026-04-20 14:22:51.909 +05:30 [INF] SmsApi.Middleware.LoggingActionFilter | CorrelationId:17a6d734f6c24a9cb6177c3dcc15e054 | API Request: GET /api/fees/structures | User: Unknown | School: 00000000-0000-0000-0000-000000000001
2026-04-20 14:22:51.959 +05:30 [INF] SmsApi.Middleware.LoggingActionFilter | CorrelationId:e0f5bc7499394de5be4efddf4dd574b2 | API Request: GET /api/fees/structures | User: Unknown | School: 00000000-0000-0000-0000-000000000001
2026-04-20 14:22:51.962 +05:30 [INF] SmsApi.Middleware.LoggingActionFilter | CorrelationId:11b30a668c28461fa92b0ce4a3e4591c | API Request: GET /api/fees/records | User: Unknown | School: 00000000-0000-0000-0000-000000000001
2026-04-20 14:22:51.978 +05:30 [INF] SmsApi.Middleware.LoggingActionFilter | CorrelationId:159a7cc1be284575be8d9da40b9ee3f7 | API Request: GET /api/fees/stats | User: Unknown | School: 00000000-0000-0000-0000-000000000001
2026-04-20 14:22:51.979 +05:30 [INF] SmsApi.Middleware.LoggingActionFilter | CorrelationId:a944e2a831c247edacfe62018227aba7 | API Response: GET /api/fees/records | Status: 200 | Duration: 86ms
2026-04-20 14:22:52.032 +05:30 [INF] SmsApi.Middleware.LoggingActionFilter | CorrelationId:17a6d734f6c24a9cb6177c3dcc15e054 | API Response: GET /api/fees/structures | Status: 200 | Duration: 123ms
2026-04-20 14:22:52.061 +05:30 [INF] Serilog.AspNetCore.RequestLoggingMiddleware | CorrelationId:17a6d734f6c24a9cb6177c3dcc15e054 | HTTP GET /api/fees/structures responded 200 in 176.7823 ms
2026-04-20 14:22:52.051 +05:30 [INF] SmsApi.Middleware.LoggingActionFilter | CorrelationId:11b30a668c28461fa92b0ce4a3e4591c | API Response: GET /api/fees/records | Status: 200 | Duration: 89ms
2026-04-20 14:22:52.057 +05:30 [INF] Serilog.AspNetCore.RequestLoggingMiddleware | CorrelationId:a944e2a831c247edacfe62018227aba7 | HTTP GET /api/fees/records responded 200 in 181.7374 ms
2026-04-20 14:22:52.038 +05:30 [INF] SmsApi.Middleware.LoggingActionFilter | CorrelationId:e0f5bc7499394de5be4efddf4dd574b2 | API Response: GET /api/fees/structures | Status: 200 | Duration: 79ms
2026-04-20 14:22:52.072 +05:30 [INF] SmsApi.Middleware.LoggingActionFilter | CorrelationId:6ac22a52dce346478f225b0d0dfc00ef | API Request: GET /api/fees/stats | User: Unknown | School: 00000000-0000-0000-0000-000000000001
2026-04-20 14:22:52.077 +05:30 [INF] Serilog.AspNetCore.RequestLoggingMiddleware | CorrelationId:11b30a668c28461fa92b0ce4a3e4591c | HTTP GET /api/fees/records responded 200 in 125.4786 ms
2026-04-20 14:22:52.085 +05:30 [INF] SmsApi.Middleware.LoggingActionFilter | CorrelationId:159a7cc1be284575be8d9da40b9ee3f7 | API Response: GET /api/fees/stats | Status: 200 | Duration: 107ms
2026-04-20 14:22:52.091 +05:30 [INF] Serilog.AspNetCore.RequestLoggingMiddleware | CorrelationId:e0f5bc7499394de5be4efddf4dd574b2 | HTTP GET /api/fees/structures responded 200 in 139.6737 ms
2026-04-20 14:22:52.103 +05:30 [INF] SmsApi.Middleware.LoggingActionFilter | CorrelationId:6ac22a52dce346478f225b0d0dfc00ef | API Response: GET /api/fees/stats | Status: 200 | Duration: 31ms
2026-04-20 14:22:52.132 +05:30 [INF] Serilog.AspNetCore.RequestLoggingMiddleware | CorrelationId:159a7cc1be284575be8d9da40b9ee3f7 | HTTP GET /api/fees/stats responded 200 in 161.5584 ms
2026-04-20 14:22:52.171 +05:30 [INF] Serilog.AspNetCore.RequestLoggingMiddleware | CorrelationId:6ac22a52dce346478f225b0d0dfc00ef | HTTP GET /api/fees/stats responded 200 in 129.0723 ms
2026-04-20 14:22:59.128 +05:30 [INF] Serilog.AspNetCore.RequestLoggingMiddleware | CorrelationId:95357e5c95464b138d6054748e663a26 | HTTP OPTIONS /api/staff responded 204 in 0.1956 ms
2026-04-20 14:22:59.131 +05:30 [INF] Serilog.AspNetCore.RequestLoggingMiddleware | CorrelationId:bb34caf0688e4a37b9a5baffc5b4646c | HTTP OPTIONS /api/staff responded 204 in 0.1135 ms
2026-04-20 14:22:59.200 +05:30 [INF] SmsApi.Middleware.LoggingActionFilter | CorrelationId:1824222119c14d9ba438f5c9619a6567 | API Request: GET /api/staff | User: Unknown | School: 00000000-0000-0000-0000-000000000001
2026-04-20 14:22:59.202 +05:30 [INF] SmsApi.Middleware.LoggingActionFilter | CorrelationId:70cfd377b77148839c95ee4c1f5d766f | API Request: GET /api/staff | User: Unknown | School: 00000000-0000-0000-0000-000000000001
2026-04-20 14:22:59.216 +05:30 [INF] SmsApi.Middleware.LoggingActionFilter | CorrelationId:1824222119c14d9ba438f5c9619a6567 | API Response: GET /api/staff | Status: 200 | Duration: 16ms
2026-04-20 14:22:59.219 +05:30 [INF] SmsApi.Middleware.LoggingActionFilter | CorrelationId:70cfd377b77148839c95ee4c1f5d766f | API Response: GET /api/staff | Status: 200 | Duration: 17ms
2026-04-20 14:22:59.225 +05:30 [INF] Serilog.AspNetCore.RequestLoggingMiddleware | CorrelationId:1824222119c14d9ba438f5c9619a6567 | HTTP GET /api/staff responded 200 in 27.5304 ms
2026-04-20 14:22:59.231 +05:30 [INF] Serilog.AspNetCore.RequestLoggingMiddleware | CorrelationId:70cfd377b77148839c95ee4c1f5d766f | HTTP GET /api/staff responded 200 in 34.3171 ms
2026-04-20 14:23:01.157 +05:30 [INF] Serilog.AspNetCore.RequestLoggingMiddleware | CorrelationId:d01130709db14c6c8d0ca1587aee1bb4 | HTTP OPTIONS /api/transport/routes responded 204 in 0.1071 ms
2026-04-20 14:23:01.157 +05:30 [INF] Serilog.AspNetCore.RequestLoggingMiddleware | CorrelationId:f359401c6e964c3398b8e6a32d84229d | HTTP OPTIONS /api/transport/routes responded 204 in 0.5175 ms
2026-04-20 14:23:01.356 +05:30 [INF] SmsApi.Middleware.LoggingActionFilter | CorrelationId:1cbdf523902e42e4b43a0a8ba1556070 | API Request: GET /api/transport/routes | User: Unknown | School: 00000000-0000-0000-0000-000000000001
2026-04-20 14:23:01.370 +05:30 [INF] SmsApi.Middleware.LoggingActionFilter | CorrelationId:a1d709b3bf0940f5b99203a1fdef4619 | API Request: GET /api/transport/routes | User: Unknown | School: 00000000-0000-0000-0000-000000000001
2026-04-20 14:23:01.396 +05:30 [INF] SmsApi.Middleware.LoggingActionFilter | CorrelationId:1cbdf523902e42e4b43a0a8ba1556070 | API Response: GET /api/transport/routes | Status: 200 | Duration: 39ms
2026-04-20 14:23:01.406 +05:30 [INF] SmsApi.Middleware.LoggingActionFilter | CorrelationId:a1d709b3bf0940f5b99203a1fdef4619 | API Response: GET /api/transport/routes | Status: 200 | Duration: 35ms
2026-04-20 14:23:01.410 +05:30 [INF] Serilog.AspNetCore.RequestLoggingMiddleware | CorrelationId:1cbdf523902e42e4b43a0a8ba1556070 | HTTP GET /api/transport/routes responded 200 in 61.2617 ms
2026-04-20 14:23:01.414 +05:30 [INF] Serilog.AspNetCore.RequestLoggingMiddleware | CorrelationId:a1d709b3bf0940f5b99203a1fdef4619 | HTTP GET /api/transport/routes responded 200 in 46.5113 ms
2026-04-20 14:23:03.449 +05:30 [INF] Serilog.AspNetCore.RequestLoggingMiddleware | CorrelationId:e0b088cb1c36478b9d75e380758915de | HTTP OPTIONS /api/hostel/rooms responded 204 in 0.0777 ms
2026-04-20 14:23:03.449 +05:30 [INF] Serilog.AspNetCore.RequestLoggingMiddleware | CorrelationId:db3cd47284b041abaa885b2e016f9f65 | HTTP OPTIONS /api/hostel/rooms responded 204 in 0.0300 ms
2026-04-20 14:23:03.523 +05:30 [INF] SmsApi.Middleware.LoggingActionFilter | CorrelationId:33a84512f51c49c2b27a389b939c5087 | API Request: GET /api/hostel/rooms | User: Unknown | School: 00000000-0000-0000-0000-000000000001
2026-04-20 14:23:03.527 +05:30 [INF] SmsApi.Middleware.LoggingActionFilter | CorrelationId:5aff9e44c0f440ba90e7e8cfc9a6072e | API Request: GET /api/hostel/rooms | User: Unknown | School: 00000000-0000-0000-0000-000000000001
2026-04-20 14:23:03.678 +05:30 [INF] SmsApi.Middleware.LoggingActionFilter | CorrelationId:5aff9e44c0f440ba90e7e8cfc9a6072e | API Response: GET /api/hostel/rooms | Status: 200 | Duration: 151ms
2026-04-20 14:23:03.678 +05:30 [INF] SmsApi.Middleware.LoggingActionFilter | CorrelationId:33a84512f51c49c2b27a389b939c5087 | API Response: GET /api/hostel/rooms | Status: 200 | Duration: 155ms
2026-04-20 14:23:03.688 +05:30 [INF] Serilog.AspNetCore.RequestLoggingMiddleware | CorrelationId:5aff9e44c0f440ba90e7e8cfc9a6072e | HTTP GET /api/hostel/rooms responded 200 in 164.0713 ms
2026-04-20 14:23:03.718 +05:30 [INF] Serilog.AspNetCore.RequestLoggingMiddleware | CorrelationId:33a84512f51c49c2b27a389b939c5087 | HTTP GET /api/hostel/rooms responded 200 in 208.9826 ms
2026-04-20 14:23:06.541 +05:30 [INF] Serilog.AspNetCore.RequestLoggingMiddleware | CorrelationId:eb3190f02c504201a90c45f0b17d1573 | HTTP OPTIONS /api/health/records responded 204 in 0.0673 ms
2026-04-20 14:23:06.545 +05:30 [INF] Serilog.AspNetCore.RequestLoggingMiddleware | CorrelationId:89f511379a544b25840fcc2538082dee | HTTP OPTIONS /api/health/stats responded 204 in 0.0697 ms
2026-04-20 14:23:06.546 +05:30 [INF] Serilog.AspNetCore.RequestLoggingMiddleware | CorrelationId:0531ad7f9313422b989349bd49d71269 | HTTP OPTIONS /api/health/records responded 204 in 0.0493 ms
2026-04-20 14:23:06.548 +05:30 [INF] Serilog.AspNetCore.RequestLoggingMiddleware | CorrelationId:1a5b577345264fd5abf633b322e5e2a1 | HTTP OPTIONS /api/health/stats responded 204 in 0.0591 ms
2026-04-20 14:23:06.677 +05:30 [INF] SmsApi.Middleware.LoggingActionFilter | CorrelationId:a4841f68c3254e96b0d236e0ba2005bb | API Request: GET /api/health/stats | User: Unknown | School: 00000000-0000-0000-0000-000000000001
2026-04-20 14:23:06.676 +05:30 [INF] SmsApi.Middleware.LoggingActionFilter | CorrelationId:7f1be5b628e34ef196bce2d192eeed56 | API Request: GET /api/health/records | User: Unknown | School: 00000000-0000-0000-0000-000000000001
2026-04-20 14:23:06.711 +05:30 [INF] SmsApi.Middleware.LoggingActionFilter | CorrelationId:cb476fd2db1745bb8238841edcd5a834 | API Request: GET /api/health/records | User: Unknown | School: 00000000-0000-0000-0000-000000000001
2026-04-20 14:23:06.737 +05:30 [INF] SmsApi.Middleware.LoggingActionFilter | CorrelationId:14c0406eb24d420390265f5a6a81949d | API Request: GET /api/health/stats | User: Unknown | School: 00000000-0000-0000-0000-000000000001
2026-04-20 14:23:06.785 +05:30 [INF] SmsApi.Middleware.LoggingActionFilter | CorrelationId:a4841f68c3254e96b0d236e0ba2005bb | API Response: GET /api/health/stats | Status: 200 | Duration: 108ms
2026-04-20 14:23:06.802 +05:30 [INF] SmsApi.Middleware.LoggingActionFilter | CorrelationId:14c0406eb24d420390265f5a6a81949d | API Response: GET /api/health/stats | Status: 200 | Duration: 65ms
2026-04-20 14:23:06.842 +05:30 [INF] SmsApi.Middleware.LoggingActionFilter | CorrelationId:7f1be5b628e34ef196bce2d192eeed56 | API Response: GET /api/health/records | Status: 200 | Duration: 166ms
2026-04-20 14:23:06.843 +05:30 [INF] SmsApi.Middleware.LoggingActionFilter | CorrelationId:cb476fd2db1745bb8238841edcd5a834 | API Response: GET /api/health/records | Status: 200 | Duration: 131ms
2026-04-20 14:23:06.852 +05:30 [INF] Serilog.AspNetCore.RequestLoggingMiddleware | CorrelationId:14c0406eb24d420390265f5a6a81949d | HTTP GET /api/health/stats responded 200 in 119.3851 ms
2026-04-20 14:23:06.855 +05:30 [INF] Serilog.AspNetCore.RequestLoggingMiddleware | CorrelationId:a4841f68c3254e96b0d236e0ba2005bb | HTTP GET /api/health/stats responded 200 in 187.8358 ms
2026-04-20 14:23:06.865 +05:30 [INF] Serilog.AspNetCore.RequestLoggingMiddleware | CorrelationId:cb476fd2db1745bb8238841edcd5a834 | HTTP GET /api/health/records responded 200 in 158.1710 ms
2026-04-20 14:23:06.865 +05:30 [INF] Serilog.AspNetCore.RequestLoggingMiddleware | CorrelationId:7f1be5b628e34ef196bce2d192eeed56 | HTTP GET /api/health/records responded 200 in 240.5752 ms
2026-04-20 14:23:11.619 +05:30 [INF] Serilog.AspNetCore.RequestLoggingMiddleware | CorrelationId:70740947661845f6904298a7d3c53612 | HTTP OPTIONS /api/store/stats responded 204 in 0.0870 ms
2026-04-20 14:23:11.619 +05:30 [INF] Serilog.AspNetCore.RequestLoggingMiddleware | CorrelationId:19be13a41b214eee82bca977181a5ea6 | HTTP OPTIONS /api/store/items responded 204 in 0.0078 ms
2026-04-20 14:23:11.619 +05:30 [INF] Serilog.AspNetCore.RequestLoggingMiddleware | CorrelationId:bf6b65b6cff5468381187839ff08e639 | HTTP OPTIONS /api/store/stats responded 204 in 0.0085 ms
2026-04-20 14:23:11.619 +05:30 [INF] Serilog.AspNetCore.RequestLoggingMiddleware | CorrelationId:a85e9945f53647998502490c92f4d517 | HTTP OPTIONS /api/store/items responded 204 in 0.0087 ms
2026-04-20 14:23:11.768 +05:30 [INF] SmsApi.Middleware.LoggingActionFilter | CorrelationId:3d2f3e3f27d5430bb68feea713012ce9 | API Request: GET /api/store/stats | User: Unknown | School: 00000000-0000-0000-0000-000000000001
2026-04-20 14:23:11.784 +05:30 [INF] SmsApi.Middleware.LoggingActionFilter | CorrelationId:e6927d6080534079aed35f87f97fcf33 | API Request: GET /api/store/items | User: Unknown | School: 00000000-0000-0000-0000-000000000001
2026-04-20 14:23:11.788 +05:30 [INF] SmsApi.Middleware.LoggingActionFilter | CorrelationId:a2b76317daac4e42bb728b7e9b1c7636 | API Request: GET /api/store/stats | User: Unknown | School: 00000000-0000-0000-0000-000000000001
2026-04-20 14:23:11.802 +05:30 [INF] SmsApi.Middleware.LoggingActionFilter | CorrelationId:358ea2a9de5c4d1b894a5cfc95633021 | API Request: GET /api/store/items | User: Unknown | School: 00000000-0000-0000-0000-000000000001
2026-04-20 14:23:11.833 +05:30 [INF] SmsApi.Middleware.LoggingActionFilter | CorrelationId:3d2f3e3f27d5430bb68feea713012ce9 | API Response: GET /api/store/stats | Status: 200 | Duration: 64ms
2026-04-20 14:23:11.836 +05:30 [INF] SmsApi.Middleware.LoggingActionFilter | CorrelationId:e6927d6080534079aed35f87f97fcf33 | API Response: GET /api/store/items | Status: 200 | Duration: 52ms
2026-04-20 14:23:11.838 +05:30 [INF] SmsApi.Middleware.LoggingActionFilter | CorrelationId:a2b76317daac4e42bb728b7e9b1c7636 | API Response: GET /api/store/stats | Status: 200 | Duration: 49ms
2026-04-20 14:23:11.858 +05:30 [INF] SmsApi.Middleware.LoggingActionFilter | CorrelationId:358ea2a9de5c4d1b894a5cfc95633021 | API Response: GET /api/store/items | Status: 200 | Duration: 55ms
2026-04-20 14:23:11.861 +05:30 [INF] Serilog.AspNetCore.RequestLoggingMiddleware | CorrelationId:3d2f3e3f27d5430bb68feea713012ce9 | HTTP GET /api/store/stats responded 200 in 98.5879 ms
2026-04-20 14:23:11.875 +05:30 [INF] Serilog.AspNetCore.RequestLoggingMiddleware | CorrelationId:e6927d6080534079aed35f87f97fcf33 | HTTP GET /api/store/items responded 200 in 94.6816 ms
2026-04-20 14:23:11.880 +05:30 [INF] Serilog.AspNetCore.RequestLoggingMiddleware | CorrelationId:a2b76317daac4e42bb728b7e9b1c7636 | HTTP GET /api/store/stats responded 200 in 95.1680 ms
2026-04-20 14:23:11.886 +05:30 [INF] Serilog.AspNetCore.RequestLoggingMiddleware | CorrelationId:358ea2a9de5c4d1b894a5cfc95633021 | HTTP GET /api/store/items responded 200 in 86.4140 ms
2026-04-20 14:23:14.110 +05:30 [INF] Serilog.AspNetCore.RequestLoggingMiddleware | CorrelationId:2fe5b644c93e418e9f5cf51b5fcb3f49 | HTTP OPTIONS /api/finance/stats responded 204 in 0.1090 ms
2026-04-20 14:23:14.119 +05:30 [INF] Serilog.AspNetCore.RequestLoggingMiddleware | CorrelationId:7f5a4484700043f4b33e681e09801191 | HTTP OPTIONS /api/finance/accounts responded 204 in 0.0599 ms
2026-04-20 14:23:14.121 +05:30 [INF] Serilog.AspNetCore.RequestLoggingMiddleware | CorrelationId:bbeb5b54600b434bb743f97538d2aa96 | HTTP OPTIONS /api/finance/categories responded 204 in 0.0232 ms
2026-04-20 14:23:14.124 +05:30 [INF] Serilog.AspNetCore.RequestLoggingMiddleware | CorrelationId:02e2d333e93e46b693c9c28b50a7317a | HTTP OPTIONS /api/finance/transactions responded 204 in 0.2167 ms
2026-04-20 14:23:14.145 +05:30 [INF] Serilog.AspNetCore.RequestLoggingMiddleware | CorrelationId:4ef4154ac0b649c395d9d05df76cef7e | HTTP OPTIONS /api/finance/stats responded 204 in 0.0690 ms
2026-04-20 14:23:14.151 +05:30 [INF] Serilog.AspNetCore.RequestLoggingMiddleware | CorrelationId:65f0dd4cfd954b1e96ef0709153ae3e0 | HTTP OPTIONS /api/finance/accounts responded 204 in 0.0340 ms
2026-04-20 14:23:14.159 +05:30 [INF] Serilog.AspNetCore.RequestLoggingMiddleware | CorrelationId:cf8bf061e3374485b2300aa88cd4d1a6 | HTTP OPTIONS /api/finance/categories responded 204 in 0.0398 ms
2026-04-20 14:23:14.170 +05:30 [INF] Serilog.AspNetCore.RequestLoggingMiddleware | CorrelationId:e5725fcb458448ff98f8a95170b320d4 | HTTP OPTIONS /api/finance/transactions responded 204 in 0.0385 ms
2026-04-20 14:23:14.192 +05:30 [INF] SmsApi.Middleware.LoggingActionFilter | CorrelationId:7a708edce0a54cf2874c95e60747da2c | API Request: GET /api/finance/stats | User: Unknown | School: 00000000-0000-0000-0000-000000000001
2026-04-20 14:23:14.215 +05:30 [INF] SmsApi.Middleware.LoggingActionFilter | CorrelationId:f52972cf76db410687b5a735c36cb62e | API Request: GET /api/finance/categories | User: Unknown | School: 00000000-0000-0000-0000-000000000001
2026-04-20 14:23:14.221 +05:30 [INF] SmsApi.Middleware.LoggingActionFilter | CorrelationId:886519ae5ba44858976fe6475142072b | API Request: GET /api/finance/accounts | User: Unknown | School: 00000000-0000-0000-0000-000000000001
2026-04-20 14:23:14.228 +05:30 [INF] SmsApi.Middleware.LoggingActionFilter | CorrelationId:73c8863e2b9b4bc5b1dd633db6eeb571 | API Request: GET /api/finance/transactions | User: Unknown | School: 00000000-0000-0000-0000-000000000001
2026-04-20 14:23:14.242 +05:30 [INF] SmsApi.Middleware.LoggingActionFilter | CorrelationId:e441779b66364dc5a2bd9d5f3b250f3b | API Request: GET /api/finance/stats | User: Unknown | School: 00000000-0000-0000-0000-000000000001
2026-04-20 14:23:14.255 +05:30 [INF] SmsApi.Middleware.LoggingActionFilter | CorrelationId:367e747b57a7487a83c6d06318ae07a9 | API Request: GET /api/finance/accounts | User: Unknown | School: 00000000-0000-0000-0000-000000000001
2026-04-20 14:23:14.261 +05:30 [INF] SmsApi.Middleware.LoggingActionFilter | CorrelationId:f52972cf76db410687b5a735c36cb62e | API Response: GET /api/finance/categories | Status: 200 | Duration: 45ms
2026-04-20 14:23:14.270 +05:30 [INF] SmsApi.Middleware.LoggingActionFilter | CorrelationId:886519ae5ba44858976fe6475142072b | API Response: GET /api/finance/accounts | Status: 200 | Duration: 48ms
2026-04-20 14:23:14.284 +05:30 [INF] SmsApi.Middleware.LoggingActionFilter | CorrelationId:73c8863e2b9b4bc5b1dd633db6eeb571 | API Response: GET /api/finance/transactions | Status: 200 | Duration: 55ms
2026-04-20 14:23:14.301 +05:30 [INF] Serilog.AspNetCore.RequestLoggingMiddleware | CorrelationId:f52972cf76db410687b5a735c36cb62e | HTTP GET /api/finance/categories responded 200 in 100.3906 ms
2026-04-20 14:23:14.304 +05:30 [INF] SmsApi.Middleware.LoggingActionFilter | CorrelationId:367e747b57a7487a83c6d06318ae07a9 | API Response: GET /api/finance/accounts | Status: 200 | Duration: 49ms
2026-04-20 14:23:14.308 +05:30 [INF] Serilog.AspNetCore.RequestLoggingMiddleware | CorrelationId:886519ae5ba44858976fe6475142072b | HTTP GET /api/finance/accounts responded 200 in 89.0118 ms
2026-04-20 14:23:14.313 +05:30 [INF] Serilog.AspNetCore.RequestLoggingMiddleware | CorrelationId:73c8863e2b9b4bc5b1dd633db6eeb571 | HTTP GET /api/finance/transactions responded 200 in 86.2039 ms
2026-04-20 14:23:14.332 +05:30 [INF] SmsApi.Middleware.LoggingActionFilter | CorrelationId:7a708edce0a54cf2874c95e60747da2c | API Response: GET /api/finance/stats | Status: 200 | Duration: 139ms
2026-04-20 14:23:14.346 +05:30 [INF] Serilog.AspNetCore.RequestLoggingMiddleware | CorrelationId:367e747b57a7487a83c6d06318ae07a9 | HTTP GET /api/finance/accounts responded 200 in 93.1898 ms
2026-04-20 14:23:14.370 +05:30 [INF] SmsApi.Middleware.LoggingActionFilter | CorrelationId:c6e0624a28fd42e89d76953bdd0434d7 | API Request: GET /api/finance/categories | User: Unknown | School: 00000000-0000-0000-0000-000000000001
2026-04-20 14:23:14.373 +05:30 [INF] SmsApi.Middleware.LoggingActionFilter | CorrelationId:e21f05ea72db4b29b00069cd3bce49a9 | API Request: GET /api/finance/transactions | User: Unknown | School: 00000000-0000-0000-0000-000000000001
2026-04-20 14:23:14.385 +05:30 [INF] SmsApi.Middleware.LoggingActionFilter | CorrelationId:e441779b66364dc5a2bd9d5f3b250f3b | API Response: GET /api/finance/stats | Status: 200 | Duration: 142ms
2026-04-20 14:23:14.429 +05:30 [INF] Serilog.AspNetCore.RequestLoggingMiddleware | CorrelationId:e441779b66364dc5a2bd9d5f3b250f3b | HTTP GET /api/finance/stats responded 200 in 187.2968 ms
2026-04-20 14:23:14.417 +05:30 [INF] SmsApi.Middleware.LoggingActionFilter | CorrelationId:c6e0624a28fd42e89d76953bdd0434d7 | API Response: GET /api/finance/categories | Status: 200 | Duration: 47ms
2026-04-20 14:23:14.394 +05:30 [INF] Serilog.AspNetCore.RequestLoggingMiddleware | CorrelationId:7a708edce0a54cf2874c95e60747da2c | HTTP GET /api/finance/stats responded 200 in 204.0687 ms
2026-04-20 14:23:14.438 +05:30 [INF] SmsApi.Middleware.LoggingActionFilter | CorrelationId:e21f05ea72db4b29b00069cd3bce49a9 | API Response: GET /api/finance/transactions | Status: 200 | Duration: 64ms
2026-04-20 14:23:14.480 +05:30 [INF] Serilog.AspNetCore.RequestLoggingMiddleware | CorrelationId:c6e0624a28fd42e89d76953bdd0434d7 | HTTP GET /api/finance/categories responded 200 in 111.1536 ms
2026-04-20 14:23:14.505 +05:30 [INF] Serilog.AspNetCore.RequestLoggingMiddleware | CorrelationId:e21f05ea72db4b29b00069cd3bce49a9 | HTTP GET /api/finance/transactions responded 200 in 132.3001 ms
2026-04-20 14:23:16.996 +05:30 [INF] Serilog.AspNetCore.RequestLoggingMiddleware | CorrelationId:7954a3dfc9094d689f1d33a5dd373778 | HTTP OPTIONS /api/staff responded 204 in 0.0875 ms
2026-04-20 14:23:16.996 +05:30 [INF] Serilog.AspNetCore.RequestLoggingMiddleware | CorrelationId:f57cfe45d0d745b395e84c66dcdd7ede | HTTP OPTIONS /api/staff responded 204 in 0.0118 ms
2026-04-20 14:23:17.066 +05:30 [INF] SmsApi.Middleware.LoggingActionFilter | CorrelationId:4010b957ecf347cc8d80d914699b252a | API Request: GET /api/staff | User: Unknown | School: 00000000-0000-0000-0000-000000000001
2026-04-20 14:23:17.079 +05:30 [INF] SmsApi.Middleware.LoggingActionFilter | CorrelationId:291a3b90800c4dcb8c942068fb339bbc | API Request: GET /api/staff | User: Unknown | School: 00000000-0000-0000-0000-000000000001
2026-04-20 14:23:17.098 +05:30 [INF] SmsApi.Middleware.LoggingActionFilter | CorrelationId:4010b957ecf347cc8d80d914699b252a | API Response: GET /api/staff | Status: 200 | Duration: 32ms
2026-04-20 14:23:17.219 +05:30 [INF] SmsApi.Middleware.LoggingActionFilter | CorrelationId:291a3b90800c4dcb8c942068fb339bbc | API Response: GET /api/staff | Status: 200 | Duration: 139ms
2026-04-20 14:23:17.227 +05:30 [INF] Serilog.AspNetCore.RequestLoggingMiddleware | CorrelationId:4010b957ecf347cc8d80d914699b252a | HTTP GET /api/staff responded 200 in 164.6277 ms
2026-04-20 14:23:17.233 +05:30 [INF] Serilog.AspNetCore.RequestLoggingMiddleware | CorrelationId:291a3b90800c4dcb8c942068fb339bbc | HTTP GET /api/staff responded 200 in 158.2307 ms
2026-04-20 14:23:19.148 +05:30 [INF] Serilog.AspNetCore.RequestLoggingMiddleware | CorrelationId:548c8c40efcb4bc9aa2ad45c15eb2c2e | HTTP OPTIONS /api/students responded 204 in 0.0985 ms
2026-04-20 14:23:19.149 +05:30 [INF] Serilog.AspNetCore.RequestLoggingMiddleware | CorrelationId:d5b5c83e38ad46aa9e7a555764a26314 | HTTP OPTIONS /api/students responded 204 in 0.0133 ms
2026-04-20 14:23:19.198 +05:30 [INF] SmsApi.Middleware.LoggingActionFilter | CorrelationId:2df59caae4f64690a39b59ae11755d06 | API Request: GET /api/students | User: Unknown | School: 00000000-0000-0000-0000-000000000001
2026-04-20 14:23:19.208 +05:30 [INF] SmsApi.Middleware.LoggingActionFilter | CorrelationId:91db9556d14c4e259203a26a35079744 | API Request: GET /api/students | User: Unknown | School: 00000000-0000-0000-0000-000000000001
2026-04-20 14:23:19.212 +05:30 [INF] SmsApi.Middleware.LoggingActionFilter | CorrelationId:2df59caae4f64690a39b59ae11755d06 | API Response: GET /api/students | Status: 200 | Duration: 14ms
2026-04-20 14:23:19.246 +05:30 [INF] SmsApi.Middleware.LoggingActionFilter | CorrelationId:91db9556d14c4e259203a26a35079744 | API Response: GET /api/students | Status: 200 | Duration: 38ms
2026-04-20 14:23:19.251 +05:30 [INF] Serilog.AspNetCore.RequestLoggingMiddleware | CorrelationId:2df59caae4f64690a39b59ae11755d06 | HTTP GET /api/students responded 200 in 57.9050 ms
2026-04-20 14:23:19.252 +05:30 [INF] Serilog.AspNetCore.RequestLoggingMiddleware | CorrelationId:91db9556d14c4e259203a26a35079744 | HTTP GET /api/students responded 200 in 48.3642 ms
2026-04-20 14:23:21.199 +05:30 [INF] Serilog.AspNetCore.RequestLoggingMiddleware | CorrelationId:ae2f8a900c324a54a0848991f5af1a0d | HTTP OPTIONS /api/examinations/stats responded 204 in 0.0638 ms
2026-04-20 14:23:21.224 +05:30 [INF] Serilog.AspNetCore.RequestLoggingMiddleware | CorrelationId:5f04d673d8574932bd3fb06dc75a5153 | HTTP OPTIONS /api/examinations/exams responded 204 in 0.0363 ms
2026-04-20 14:23:21.232 +05:30 [INF] Serilog.AspNetCore.RequestLoggingMiddleware | CorrelationId:a37e50930a5548e8b8364829990e6e0b | HTTP OPTIONS /api/examinations/stats responded 204 in 0.0857 ms
2026-04-20 14:23:21.233 +05:30 [INF] Serilog.AspNetCore.RequestLoggingMiddleware | CorrelationId:727cc9a930b24523af26c0f3fbbcd6b6 | HTTP OPTIONS /api/examinations/exams responded 204 in 0.0365 ms
2026-04-20 14:23:21.277 +05:30 [INF] SmsApi.Middleware.LoggingActionFilter | CorrelationId:fd1e4eb79f3840e892258acf272c960f | API Request: GET /api/examinations/stats | User: Unknown | School: 00000000-0000-0000-0000-000000000001
2026-04-20 14:23:21.337 +05:30 [INF] SmsApi.Middleware.LoggingActionFilter | CorrelationId:4507fc1cdccd482c9b404d4f9438dc9c | API Request: GET /api/examinations/stats | User: Unknown | School: 00000000-0000-0000-0000-000000000001
2026-04-20 14:23:21.337 +05:30 [INF] SmsApi.Middleware.LoggingActionFilter | CorrelationId:412ac2f20c434fd0b4c1622004aa69fd | API Request: GET /api/examinations/exams | User: Unknown | School: 00000000-0000-0000-0000-000000000001
2026-04-20 14:23:21.353 +05:30 [INF] SmsApi.Middleware.LoggingActionFilter | CorrelationId:3329752eed874243b58440974da0dec8 | API Request: GET /api/examinations/exams | User: Unknown | School: 00000000-0000-0000-0000-000000000001
2026-04-20 14:23:21.389 +05:30 [INF] SmsApi.Middleware.LoggingActionFilter | CorrelationId:fd1e4eb79f3840e892258acf272c960f | API Response: GET /api/examinations/stats | Status: 200 | Duration: 111ms
2026-04-20 14:23:21.452 +05:30 [INF] SmsApi.Middleware.LoggingActionFilter | CorrelationId:4507fc1cdccd482c9b404d4f9438dc9c | API Response: GET /api/examinations/stats | Status: 200 | Duration: 115ms
2026-04-20 14:23:21.466 +05:30 [INF] Serilog.AspNetCore.RequestLoggingMiddleware | CorrelationId:fd1e4eb79f3840e892258acf272c960f | HTTP GET /api/examinations/stats responded 200 in 200.0690 ms
2026-04-20 14:23:21.469 +05:30 [INF] SmsApi.Middleware.LoggingActionFilter | CorrelationId:412ac2f20c434fd0b4c1622004aa69fd | API Response: GET /api/examinations/exams | Status: 200 | Duration: 131ms
2026-04-20 14:23:21.482 +05:30 [INF] Serilog.AspNetCore.RequestLoggingMiddleware | CorrelationId:4507fc1cdccd482c9b404d4f9438dc9c | HTTP GET /api/examinations/stats responded 200 in 150.3772 ms
2026-04-20 14:23:21.483 +05:30 [INF] SmsApi.Middleware.LoggingActionFilter | CorrelationId:3329752eed874243b58440974da0dec8 | API Response: GET /api/examinations/exams | Status: 200 | Duration: 129ms
2026-04-20 14:23:21.533 +05:30 [INF] Serilog.AspNetCore.RequestLoggingMiddleware | CorrelationId:3329752eed874243b58440974da0dec8 | HTTP GET /api/examinations/exams responded 200 in 185.8643 ms
2026-04-20 14:23:21.512 +05:30 [INF] Serilog.AspNetCore.RequestLoggingMiddleware | CorrelationId:412ac2f20c434fd0b4c1622004aa69fd | HTTP GET /api/examinations/exams responded 200 in 185.9149 ms
2026-04-20 14:23:22.678 +05:30 [INF] Serilog.AspNetCore.RequestLoggingMiddleware | CorrelationId:2f1dcb868a28442fb146f3658e4cf1ad | HTTP OPTIONS /api/academics/academic-years responded 204 in 0.0718 ms
2026-04-20 14:23:22.678 +05:30 [INF] Serilog.AspNetCore.RequestLoggingMiddleware | CorrelationId:a3f68cbfb5344759991d60317caa97dd | HTTP OPTIONS /api/academics/academic-years responded 204 in 0.0297 ms
2026-04-20 14:23:22.842 +05:30 [INF] SmsApi.Middleware.LoggingActionFilter | CorrelationId:d7cc5d8208a94ee48fcd4c68262e8944 | API Request: GET /api/academics/academic-years | User: Unknown | School: 00000000-0000-0000-0000-000000000001
2026-04-20 14:23:22.853 +05:30 [INF] SmsApi.Middleware.LoggingActionFilter | CorrelationId:9ac7f259997e42cbaad012dc50eec0ee | API Request: GET /api/academics/academic-years | User: Unknown | School: 00000000-0000-0000-0000-000000000001
2026-04-20 14:23:22.883 +05:30 [INF] SmsApi.Middleware.LoggingActionFilter | CorrelationId:d7cc5d8208a94ee48fcd4c68262e8944 | API Response: GET /api/academics/academic-years | Status: 200 | Duration: 41ms
2026-04-20 14:23:22.889 +05:30 [INF] SmsApi.Middleware.LoggingActionFilter | CorrelationId:9ac7f259997e42cbaad012dc50eec0ee | API Response: GET /api/academics/academic-years | Status: 200 | Duration: 35ms
2026-04-20 14:23:22.899 +05:30 [INF] Serilog.AspNetCore.RequestLoggingMiddleware | CorrelationId:9ac7f259997e42cbaad012dc50eec0ee | HTTP GET /api/academics/academic-years responded 200 in 46.4600 ms
2026-04-20 14:23:22.894 +05:30 [INF] Serilog.AspNetCore.RequestLoggingMiddleware | CorrelationId:d7cc5d8208a94ee48fcd4c68262e8944 | HTTP GET /api/academics/academic-years responded 200 in 53.0668 ms
2026-04-20 14:23:24.375 +05:30 [INF] Serilog.AspNetCore.RequestLoggingMiddleware | CorrelationId:3b1e794dc1ad4b908b043806f9a6c407 | HTTP OPTIONS /api/academics/classes responded 204 in 0.0780 ms
2026-04-20 14:23:24.377 +05:30 [INF] Serilog.AspNetCore.RequestLoggingMiddleware | CorrelationId:617b1c96445244c986a02a96c4a292cb | HTTP OPTIONS /api/academics/academic-years responded 204 in 0.0257 ms
2026-04-20 14:23:24.377 +05:30 [INF] Serilog.AspNetCore.RequestLoggingMiddleware | CorrelationId:2c0863627dba4db8b88da24770d793ca | HTTP OPTIONS /api/staff responded 204 in 0.0223 ms
2026-04-20 14:23:24.402 +05:30 [INF] Serilog.AspNetCore.RequestLoggingMiddleware | CorrelationId:cfa6ea8874a54859a695b7d3b614c523 | HTTP OPTIONS /api/academics/classes responded 204 in 0.0487 ms
2026-04-20 14:23:24.490 +05:30 [INF] Serilog.AspNetCore.RequestLoggingMiddleware | CorrelationId:b63b6134b25e41088a028fd1656bb01e | HTTP OPTIONS /api/academics/academic-years responded 204 in 0.1818 ms
2026-04-20 14:23:24.500 +05:30 [INF] Serilog.AspNetCore.RequestLoggingMiddleware | CorrelationId:5c02e94ea8e145c9b5970491b79fb3ad | HTTP OPTIONS /api/staff responded 204 in 0.0513 ms
2026-04-20 14:23:24.532 +05:30 [INF] SmsApi.Middleware.LoggingActionFilter | CorrelationId:9ad1bec7fb244edb97920f97c029d6c0 | API Request: GET /api/academics/classes | User: Unknown | School: 00000000-0000-0000-0000-000000000001
2026-04-20 14:23:24.548 +05:30 [INF] SmsApi.Middleware.LoggingActionFilter | CorrelationId:c39c8fff3df748e8b72a51f839a1a342 | API Request: GET /api/academics/academic-years | User: Unknown | School: 00000000-0000-0000-0000-000000000001
2026-04-20 14:23:24.555 +05:30 [INF] SmsApi.Middleware.LoggingActionFilter | CorrelationId:49a3c8faaeaa4952a79cd604fa3b8cbb | API Request: GET /api/staff | User: Unknown | School: 00000000-0000-0000-0000-000000000001
2026-04-20 14:23:24.563 +05:30 [INF] SmsApi.Middleware.LoggingActionFilter | CorrelationId:df26844b1a8f4876b0b16dfab4d4b323 | API Request: GET /api/academics/classes | User: Unknown | School: 00000000-0000-0000-0000-000000000001
2026-04-20 14:23:24.578 +05:30 [INF] SmsApi.Middleware.LoggingActionFilter | CorrelationId:c39c8fff3df748e8b72a51f839a1a342 | API Response: GET /api/academics/academic-years | Status: 200 | Duration: 30ms
2026-04-20 14:23:24.594 +05:30 [INF] SmsApi.Middleware.LoggingActionFilter | CorrelationId:d656541381da486ea76e1a89d94d22d6 | API Request: GET /api/academics/academic-years | User: Unknown | School: 00000000-0000-0000-0000-000000000001
2026-04-20 14:23:24.626 +05:30 [INF] SmsApi.Middleware.LoggingActionFilter | CorrelationId:49a3c8faaeaa4952a79cd604fa3b8cbb | API Response: GET /api/staff | Status: 200 | Duration: 70ms
2026-04-20 14:23:24.641 +05:30 [INF] Serilog.AspNetCore.RequestLoggingMiddleware | CorrelationId:c39c8fff3df748e8b72a51f839a1a342 | HTTP GET /api/academics/academic-years responded 200 in 93.9247 ms
2026-04-20 14:23:24.647 +05:30 [INF] SmsApi.Middleware.LoggingActionFilter | CorrelationId:9ad1bec7fb244edb97920f97c029d6c0 | API Response: GET /api/academics/classes | Status: 200 | Duration: 115ms
2026-04-20 14:23:24.654 +05:30 [INF] Serilog.AspNetCore.RequestLoggingMiddleware | CorrelationId:49a3c8faaeaa4952a79cd604fa3b8cbb | HTTP GET /api/staff responded 200 in 110.5831 ms
2026-04-20 14:23:24.660 +05:30 [INF] SmsApi.Middleware.LoggingActionFilter | CorrelationId:4ecd0b73e1374e28be4fce0ad9b9ed83 | API Request: GET /api/staff | User: Unknown | School: 00000000-0000-0000-0000-000000000001
2026-04-20 14:23:24.665 +05:30 [INF] SmsApi.Middleware.LoggingActionFilter | CorrelationId:d656541381da486ea76e1a89d94d22d6 | API Response: GET /api/academics/academic-years | Status: 200 | Duration: 71ms
2026-04-20 14:23:24.671 +05:30 [INF] Serilog.AspNetCore.RequestLoggingMiddleware | CorrelationId:9ad1bec7fb244edb97920f97c029d6c0 | HTTP GET /api/academics/classes responded 200 in 150.8893 ms
2026-04-20 14:23:24.693 +05:30 [INF] SmsApi.Middleware.LoggingActionFilter | CorrelationId:df26844b1a8f4876b0b16dfab4d4b323 | API Response: GET /api/academics/classes | Status: 200 | Duration: 130ms
2026-04-20 14:23:24.714 +05:30 [INF] SmsApi.Middleware.LoggingActionFilter | CorrelationId:4ecd0b73e1374e28be4fce0ad9b9ed83 | API Response: GET /api/staff | Status: 200 | Duration: 54ms
2026-04-20 14:23:24.726 +05:30 [INF] Serilog.AspNetCore.RequestLoggingMiddleware | CorrelationId:d656541381da486ea76e1a89d94d22d6 | HTTP GET /api/academics/academic-years responded 200 in 135.8856 ms
2026-04-20 14:23:24.753 +05:30 [INF] Serilog.AspNetCore.RequestLoggingMiddleware | CorrelationId:df26844b1a8f4876b0b16dfab4d4b323 | HTTP GET /api/academics/classes responded 200 in 191.1474 ms
2026-04-20 14:23:24.766 +05:30 [INF] Serilog.AspNetCore.RequestLoggingMiddleware | CorrelationId:4ecd0b73e1374e28be4fce0ad9b9ed83 | HTTP GET /api/staff responded 200 in 110.9344 ms
2026-04-20 14:23:26.627 +05:30 [INF] Serilog.AspNetCore.RequestLoggingMiddleware | CorrelationId:5af880740b1f4bc191b22b352a616903 | HTTP OPTIONS /api/fees/records responded 204 in 0.0703 ms
2026-04-20 14:23:26.628 +05:30 [INF] Serilog.AspNetCore.RequestLoggingMiddleware | CorrelationId:52f809d5bd834560af287485388cd78a | HTTP OPTIONS /api/fees/structures responded 204 in 0.0071 ms
2026-04-20 14:23:26.628 +05:30 [INF] Serilog.AspNetCore.RequestLoggingMiddleware | CorrelationId:4a2733a279024042ba45775abba9526c | HTTP OPTIONS /api/fees/stats responded 204 in 0.0077 ms
2026-04-20 14:23:26.628 +05:30 [INF] Serilog.AspNetCore.RequestLoggingMiddleware | CorrelationId:0ea7391639d64c028d3dfcf4e0d70585 | HTTP OPTIONS /api/fees/records responded 204 in 0.0099 ms
2026-04-20 14:23:26.677 +05:30 [INF] Serilog.AspNetCore.RequestLoggingMiddleware | CorrelationId:d47898cd3d38470487a60ebba17d98d8 | HTTP OPTIONS /api/fees/structures responded 204 in 0.0340 ms
2026-04-20 14:23:26.680 +05:30 [INF] Serilog.AspNetCore.RequestLoggingMiddleware | CorrelationId:f0677208bbec49889fa3afa763091c28 | HTTP OPTIONS /api/fees/stats responded 204 in 0.0855 ms
2026-04-20 14:23:26.707 +05:30 [INF] SmsApi.Middleware.LoggingActionFilter | CorrelationId:4a9d94c11ea14a86bae140cec3bf51a0 | API Request: GET /api/fees/records | User: Unknown | School: 00000000-0000-0000-0000-000000000001
2026-04-20 14:23:26.710 +05:30 [INF] SmsApi.Middleware.LoggingActionFilter | CorrelationId:be3a1667a8d94fc3af1df58cd0cb7c63 | API Request: GET /api/fees/structures | User: Unknown | School: 00000000-0000-0000-0000-000000000001
2026-04-20 14:23:26.710 +05:30 [INF] SmsApi.Middleware.LoggingActionFilter | CorrelationId:fd320943fa074f13869aa88e1b260be0 | API Request: GET /api/fees/stats | User: Unknown | School: 00000000-0000-0000-0000-000000000001
2026-04-20 14:23:26.722 +05:30 [INF] SmsApi.Middleware.LoggingActionFilter | CorrelationId:5d4cd7dc83aa481abdd2b8c44b4f9eea | API Request: GET /api/fees/records | User: Unknown | School: 00000000-0000-0000-0000-000000000001
2026-04-20 14:23:26.744 +05:30 [INF] SmsApi.Middleware.LoggingActionFilter | CorrelationId:5a9944a4382f4eda8938b9ce04a2e06d | API Request: GET /api/fees/structures | User: Unknown | School: 00000000-0000-0000-0000-000000000001
2026-04-20 14:23:26.753 +05:30 [INF] SmsApi.Middleware.LoggingActionFilter | CorrelationId:b8e26fb4cf764b68b39d55f28be4f152 | API Request: GET /api/fees/stats | User: Unknown | School: 00000000-0000-0000-0000-000000000001
2026-04-20 14:23:26.765 +05:30 [INF] SmsApi.Middleware.LoggingActionFilter | CorrelationId:4a9d94c11ea14a86bae140cec3bf51a0 | API Response: GET /api/fees/records | Status: 200 | Duration: 57ms
2026-04-20 14:23:26.774 +05:30 [INF] SmsApi.Middleware.LoggingActionFilter | CorrelationId:be3a1667a8d94fc3af1df58cd0cb7c63 | API Response: GET /api/fees/structures | Status: 200 | Duration: 64ms
2026-04-20 14:23:26.815 +05:30 [INF] Serilog.AspNetCore.RequestLoggingMiddleware | CorrelationId:be3a1667a8d94fc3af1df58cd0cb7c63 | HTTP GET /api/fees/structures responded 200 in 107.5785 ms
2026-04-20 14:23:26.789 +05:30 [INF] SmsApi.Middleware.LoggingActionFilter | CorrelationId:5d4cd7dc83aa481abdd2b8c44b4f9eea | API Response: GET /api/fees/records | Status: 200 | Duration: 67ms
2026-04-20 14:23:26.793 +05:30 [INF] SmsApi.Middleware.LoggingActionFilter | CorrelationId:5a9944a4382f4eda8938b9ce04a2e06d | API Response: GET /api/fees/structures | Status: 200 | Duration: 49ms
2026-04-20 14:23:26.804 +05:30 [INF] SmsApi.Middleware.LoggingActionFilter | CorrelationId:b8e26fb4cf764b68b39d55f28be4f152 | API Response: GET /api/fees/stats | Status: 200 | Duration: 50ms
2026-04-20 14:23:26.805 +05:30 [INF] Serilog.AspNetCore.RequestLoggingMiddleware | CorrelationId:4a9d94c11ea14a86bae140cec3bf51a0 | HTTP GET /api/fees/records responded 200 in 100.2129 ms
2026-04-20 14:23:26.783 +05:30 [INF] SmsApi.Middleware.LoggingActionFilter | CorrelationId:fd320943fa074f13869aa88e1b260be0 | API Response: GET /api/fees/stats | Status: 200 | Duration: 72ms
2026-04-20 14:23:26.826 +05:30 [INF] Serilog.AspNetCore.RequestLoggingMiddleware | CorrelationId:5d4cd7dc83aa481abdd2b8c44b4f9eea | HTTP GET /api/fees/records responded 200 in 107.6412 ms
2026-04-20 14:23:26.834 +05:30 [INF] Serilog.AspNetCore.RequestLoggingMiddleware | CorrelationId:5a9944a4382f4eda8938b9ce04a2e06d | HTTP GET /api/fees/structures responded 200 in 92.9114 ms
2026-04-20 14:23:26.842 +05:30 [INF] Serilog.AspNetCore.RequestLoggingMiddleware | CorrelationId:b8e26fb4cf764b68b39d55f28be4f152 | HTTP GET /api/fees/stats responded 200 in 91.3958 ms
2026-04-20 14:23:26.860 +05:30 [INF] Serilog.AspNetCore.RequestLoggingMiddleware | CorrelationId:fd320943fa074f13869aa88e1b260be0 | HTTP GET /api/fees/stats responded 200 in 151.9083 ms
2026-04-20 14:23:28.790 +05:30 [INF] Serilog.AspNetCore.RequestLoggingMiddleware | CorrelationId:a5d4ec7fc5da4ee3b7fc549c71f311ac | HTTP OPTIONS /api/library/books responded 204 in 0.0553 ms
2026-04-20 14:23:28.791 +05:30 [INF] Serilog.AspNetCore.RequestLoggingMiddleware | CorrelationId:6325dfec63bd45ddab31828a5dd5d96a | HTTP OPTIONS /api/library/books responded 204 in 0.0365 ms
2026-04-20 14:23:28.793 +05:30 [INF] Serilog.AspNetCore.RequestLoggingMiddleware | CorrelationId:7dd8327e49cc4f5e8f6be36aa7e2f676 | HTTP OPTIONS /api/library/issues responded 204 in 0.0301 ms
2026-04-20 14:23:28.793 +05:30 [INF] Serilog.AspNetCore.RequestLoggingMiddleware | CorrelationId:4a8946c7505c4428b01e3fd5cabaf2b6 | HTTP OPTIONS /api/library/issues responded 204 in 0.0138 ms
2026-04-20 14:23:28.842 +05:30 [INF] Serilog.AspNetCore.RequestLoggingMiddleware | CorrelationId:03903d0af5ea4d218d9a800d7ee90847 | HTTP OPTIONS /api/library/stats responded 204 in 0.0514 ms
2026-04-20 14:23:28.843 +05:30 [INF] Serilog.AspNetCore.RequestLoggingMiddleware | CorrelationId:570bef61328b4e7e87cfd4009ad3b098 | HTTP OPTIONS /api/library/books responded 204 in 0.1921 ms
2026-04-20 14:23:28.915 +05:30 [INF] Serilog.AspNetCore.RequestLoggingMiddleware | CorrelationId:5cb14af911ca4092bea795dcf06a3a65 | HTTP OPTIONS /api/library/issues responded 204 in 0.0511 ms
2026-04-20 14:23:28.923 +05:30 [INF] Serilog.AspNetCore.RequestLoggingMiddleware | CorrelationId:7ce8ba94f3884025b4fa9f1285aa837d | HTTP OPTIONS /api/students responded 204 in 0.0663 ms
2026-04-20 14:23:28.973 +05:30 [INF] Serilog.AspNetCore.RequestLoggingMiddleware | CorrelationId:5aee9a1727a04537b788f79e8bc70081 | HTTP OPTIONS /api/library/books responded 204 in 0.0454 ms
2026-04-20 14:23:28.982 +05:30 [INF] Serilog.AspNetCore.RequestLoggingMiddleware | CorrelationId:e15e349c4e90419ba05f9d8821ab3084 | HTTP OPTIONS /api/library/books responded 204 in 0.0463 ms
2026-04-20 14:23:28.988 +05:30 [INF] Serilog.AspNetCore.RequestLoggingMiddleware | CorrelationId:20bec3831e5546deb754788c9a3e78fe | HTTP OPTIONS /api/library/issues responded 204 in 0.0413 ms
2026-04-20 14:23:29.005 +05:30 [INF] Serilog.AspNetCore.RequestLoggingMiddleware | CorrelationId:5e71ff49a0d04b91abb8055104373f39 | HTTP OPTIONS /api/library/issues responded 204 in 0.0911 ms
2026-04-20 14:23:29.113 +05:30 [INF] Serilog.AspNetCore.RequestLoggingMiddleware | CorrelationId:db6e4fd4f3b34277a0e6510ac961817d | HTTP OPTIONS /api/library/stats responded 204 in 0.0407 ms
2026-04-20 14:23:29.148 +05:30 [INF] Serilog.AspNetCore.RequestLoggingMiddleware | CorrelationId:22ebf2a6f8914968b5487ba9cebcacc8 | HTTP OPTIONS /api/library/books responded 204 in 0.0467 ms
2026-04-20 14:23:29.165 +05:30 [INF] Serilog.AspNetCore.RequestLoggingMiddleware | CorrelationId:aaa30a11a7544fb9b97659ddb87dbb06 | HTTP OPTIONS /api/library/issues responded 204 in 0.0409 ms
2026-04-20 14:23:29.180 +05:30 [INF] Serilog.AspNetCore.RequestLoggingMiddleware | CorrelationId:cdf939c9993d44ba90f5d352fe80798e | HTTP OPTIONS /api/students responded 204 in 0.0450 ms
2026-04-20 14:23:29.233 +05:30 [INF] SmsApi.Middleware.LoggingActionFilter | CorrelationId:6617f5859c1840c18893eb580e2af362 | API Request: GET /api/library/books | User: Unknown | School: 00000000-0000-0000-0000-000000000001
2026-04-20 14:23:29.240 +05:30 [INF] SmsApi.Middleware.LoggingActionFilter | CorrelationId:9ef3c946d1f84d0eb66c7a43c789e82e | API Request: GET /api/library/books | User: Unknown | School: 00000000-0000-0000-0000-000000000001
2026-04-20 14:23:29.264 +05:30 [INF] SmsApi.Middleware.LoggingActionFilter | CorrelationId:c689f29fa5474ff08cd771aed14a6955 | API Request: GET /api/library/issues | User: Unknown | School: 00000000-0000-0000-0000-000000000001
2026-04-20 14:23:29.276 +05:30 [INF] SmsApi.Middleware.LoggingActionFilter | CorrelationId:5a05bafc06ae4813b1eaef8574897ed4 | API Request: GET /api/library/issues | User: Unknown | School: 00000000-0000-0000-0000-000000000001
2026-04-20 14:23:29.298 +05:30 [INF] SmsApi.Middleware.LoggingActionFilter | CorrelationId:17434f6ae8294d96bcd899a6b9c83370 | API Request: GET /api/library/books | User: Unknown | School: 00000000-0000-0000-0000-000000000001
2026-04-20 14:23:29.307 +05:30 [INF] SmsApi.Middleware.LoggingActionFilter | CorrelationId:8bd552cdbaef4d73a8cccaa5a7940383 | API Request: GET /api/library/stats | User: Unknown | School: 00000000-0000-0000-0000-000000000001
2026-04-20 14:23:29.347 +05:30 [INF] SmsApi.Middleware.LoggingActionFilter | CorrelationId:9ef3c946d1f84d0eb66c7a43c789e82e | API Response: GET /api/library/books | Status: 200 | Duration: 107ms
2026-04-20 14:23:29.403 +05:30 [INF] SmsApi.Middleware.LoggingActionFilter | CorrelationId:6617f5859c1840c18893eb580e2af362 | API Response: GET /api/library/books | Status: 200 | Duration: 168ms
2026-04-20 14:23:29.460 +05:30 [INF] Serilog.AspNetCore.RequestLoggingMiddleware | CorrelationId:6617f5859c1840c18893eb580e2af362 | HTTP GET /api/library/books responded 200 in 252.4581 ms
2026-04-20 14:23:29.455 +05:30 [INF] Serilog.AspNetCore.RequestLoggingMiddleware | CorrelationId:9ef3c946d1f84d0eb66c7a43c789e82e | HTTP GET /api/library/books responded 200 in 221.5458 ms
2026-04-20 14:23:29.506 +05:30 [INF] SmsApi.Middleware.LoggingActionFilter | CorrelationId:c689f29fa5474ff08cd771aed14a6955 | API Response: GET /api/library/issues | Status: 200 | Duration: 242ms
2026-04-20 14:23:29.551 +05:30 [INF] SmsApi.Middleware.LoggingActionFilter | CorrelationId:17434f6ae8294d96bcd899a6b9c83370 | API Response: GET /api/library/books | Status: 200 | Duration: 253ms
2026-04-20 14:23:29.562 +05:30 [INF] SmsApi.Middleware.LoggingActionFilter | CorrelationId:5a05bafc06ae4813b1eaef8574897ed4 | API Response: GET /api/library/issues | Status: 200 | Duration: 285ms
2026-04-20 14:23:29.688 +05:30 [INF] SmsApi.Middleware.LoggingActionFilter | CorrelationId:d45ea7ce3fe743188aa49fc6ecfa35f8 | API Request: GET /api/library/issues | User: Unknown | School: 00000000-0000-0000-0000-000000000001
2026-04-20 14:23:29.700 +05:30 [INF] Serilog.AspNetCore.RequestLoggingMiddleware | CorrelationId:c689f29fa5474ff08cd771aed14a6955 | HTTP GET /api/library/issues responded 200 in 463.6928 ms
2026-04-20 14:23:29.703 +05:30 [INF] Serilog.AspNetCore.RequestLoggingMiddleware | CorrelationId:17434f6ae8294d96bcd899a6b9c83370 | HTTP GET /api/library/books responded 200 in 411.4439 ms
2026-04-20 14:23:29.707 +05:30 [INF] Serilog.AspNetCore.RequestLoggingMiddleware | CorrelationId:5a05bafc06ae4813b1eaef8574897ed4 | HTTP GET /api/library/issues responded 200 in 437.3159 ms
2026-04-20 14:23:29.716 +05:30 [INF] Serilog.AspNetCore.RequestLoggingMiddleware | CorrelationId:8aecb52608584699be92554ef5eb2114 | HTTP OPTIONS /api/library/books responded 204 in 0.0420 ms
2026-04-20 14:23:29.724 +05:30 [INF] SmsApi.Middleware.LoggingActionFilter | CorrelationId:8bd552cdbaef4d73a8cccaa5a7940383 | API Response: GET /api/library/stats | Status: 200 | Duration: 417ms
2026-04-20 14:23:29.728 +05:30 [INF] SmsApi.Middleware.LoggingActionFilter | CorrelationId:d45ea7ce3fe743188aa49fc6ecfa35f8 | API Response: GET /api/library/issues | Status: 200 | Duration: 40ms
2026-04-20 14:23:29.791 +05:30 [INF] Serilog.AspNetCore.RequestLoggingMiddleware | CorrelationId:d45ea7ce3fe743188aa49fc6ecfa35f8 | HTTP GET /api/library/issues responded 200 in 118.6991 ms
2026-04-20 14:23:29.773 +05:30 [INF] SmsApi.Middleware.LoggingActionFilter | CorrelationId:418b42e38b2540d6a5a9cf9c718cf084 | API Request: GET /api/students | User: Unknown | School: 00000000-0000-0000-0000-000000000001
2026-04-20 14:23:29.780 +05:30 [INF] Serilog.AspNetCore.RequestLoggingMiddleware | CorrelationId:8bd552cdbaef4d73a8cccaa5a7940383 | HTTP GET /api/library/stats responded 200 in 485.8799 ms
2026-04-20 14:23:29.757 +05:30 [INF] SmsApi.Middleware.LoggingActionFilter | CorrelationId:fe6b8c266475451eb753e8d9f636bf12 | API Request: GET /api/library/books | User: Unknown | School: 00000000-0000-0000-0000-000000000001
2026-04-20 14:23:29.820 +05:30 [INF] SmsApi.Middleware.LoggingActionFilter | CorrelationId:5b39ab13b77a4ec9b7670b251837e539 | API Request: GET /api/library/issues | User: Unknown | School: 00000000-0000-0000-0000-000000000001
2026-04-20 14:23:29.884 +05:30 [INF] SmsApi.Middleware.LoggingActionFilter | CorrelationId:418b42e38b2540d6a5a9cf9c718cf084 | API Response: GET /api/students | Status: 200 | Duration: 111ms
2026-04-20 14:23:29.885 +05:30 [INF] SmsApi.Middleware.LoggingActionFilter | CorrelationId:bd35ab578b4a4552922743fdadd658e0 | API Request: GET /api/library/books | User: Unknown | School: 00000000-0000-0000-0000-000000000001
2026-04-20 14:23:29.889 +05:30 [INF] SmsApi.Middleware.LoggingActionFilter | CorrelationId:fe6b8c266475451eb753e8d9f636bf12 | API Response: GET /api/library/books | Status: 200 | Duration: 132ms
2026-04-20 14:23:29.892 +05:30 [INF] Serilog.AspNetCore.RequestLoggingMiddleware | CorrelationId:418b42e38b2540d6a5a9cf9c718cf084 | HTTP GET /api/students responded 200 in 145.3707 ms
2026-04-20 14:23:29.895 +05:30 [INF] SmsApi.Middleware.LoggingActionFilter | CorrelationId:5b39ab13b77a4ec9b7670b251837e539 | API Response: GET /api/library/issues | Status: 200 | Duration: 75ms
2026-04-20 14:23:29.918 +05:30 [INF] SmsApi.Middleware.LoggingActionFilter | CorrelationId:dc20840736c74956a15558a61294c78e | API Request: GET /api/library/issues | User: Unknown | School: 00000000-0000-0000-0000-000000000001
2026-04-20 14:23:29.937 +05:30 [INF] Serilog.AspNetCore.RequestLoggingMiddleware | CorrelationId:fe6b8c266475451eb753e8d9f636bf12 | HTTP GET /api/library/books responded 200 in 182.4065 ms
2026-04-20 14:23:29.946 +05:30 [INF] SmsApi.Middleware.LoggingActionFilter | CorrelationId:bd35ab578b4a4552922743fdadd658e0 | API Response: GET /api/library/books | Status: 200 | Duration: 61ms
2026-04-20 14:23:29.969 +05:30 [INF] Serilog.AspNetCore.RequestLoggingMiddleware | CorrelationId:bd35ab578b4a4552922743fdadd658e0 | HTTP GET /api/library/books responded 200 in 100.4256 ms
2026-04-20 14:23:29.956 +05:30 [INF] SmsApi.Middleware.LoggingActionFilter | CorrelationId:99f041c5f412494f8d9308c6afc8715c | API Request: GET /api/library/stats | User: Unknown | School: 00000000-0000-0000-0000-000000000001
2026-04-20 14:23:29.949 +05:30 [INF] Serilog.AspNetCore.RequestLoggingMiddleware | CorrelationId:5b39ab13b77a4ec9b7670b251837e539 | HTTP GET /api/library/issues responded 200 in 136.5013 ms
2026-04-20 14:23:29.973 +05:30 [INF] SmsApi.Middleware.LoggingActionFilter | CorrelationId:dc20840736c74956a15558a61294c78e | API Response: GET /api/library/issues | Status: 200 | Duration: 54ms
2026-04-20 14:23:30.005 +05:30 [INF] Serilog.AspNetCore.RequestLoggingMiddleware | CorrelationId:dc20840736c74956a15558a61294c78e | HTTP GET /api/library/issues responded 200 in 121.6074 ms
2026-04-20 14:23:29.999 +05:30 [INF] SmsApi.Middleware.LoggingActionFilter | CorrelationId:5f41c690925e4aa08dc5298fbbaed6ce | API Request: GET /api/library/issues | User: Unknown | School: 00000000-0000-0000-0000-000000000001
2026-04-20 14:23:29.988 +05:30 [INF] SmsApi.Middleware.LoggingActionFilter | CorrelationId:6326f0c17b784d8db41cd16edf077bec | API Request: GET /api/library/books | User: Unknown | School: 00000000-0000-0000-0000-000000000001
2026-04-20 14:23:30.020 +05:30 [INF] SmsApi.Middleware.LoggingActionFilter | CorrelationId:99f041c5f412494f8d9308c6afc8715c | API Response: GET /api/library/stats | Status: 200 | Duration: 64ms
2026-04-20 14:23:30.046 +05:30 [INF] SmsApi.Middleware.LoggingActionFilter | CorrelationId:7d82a6352d144c5f89fcc674740e4ee7 | API Request: GET /api/students | User: Unknown | School: 00000000-0000-0000-0000-000000000001
2026-04-20 14:23:30.066 +05:30 [INF] SmsApi.Middleware.LoggingActionFilter | CorrelationId:5f41c690925e4aa08dc5298fbbaed6ce | API Response: GET /api/library/issues | Status: 200 | Duration: 66ms
2026-04-20 14:23:30.079 +05:30 [INF] SmsApi.Middleware.LoggingActionFilter | CorrelationId:6326f0c17b784d8db41cd16edf077bec | API Response: GET /api/library/books | Status: 200 | Duration: 91ms
2026-04-20 14:23:30.090 +05:30 [INF] Serilog.AspNetCore.RequestLoggingMiddleware | CorrelationId:99f041c5f412494f8d9308c6afc8715c | HTTP GET /api/library/stats responded 200 in 144.5470 ms
2026-04-20 14:23:30.106 +05:30 [INF] SmsApi.Middleware.LoggingActionFilter | CorrelationId:e894982033d34258ab547fb65a259103 | API Request: GET /api/library/books | User: Unknown | School: 00000000-0000-0000-0000-000000000001
2026-04-20 14:23:30.132 +05:30 [INF] Serilog.AspNetCore.RequestLoggingMiddleware | CorrelationId:5f41c690925e4aa08dc5298fbbaed6ce | HTTP GET /api/library/issues responded 200 in 139.8941 ms
2026-04-20 14:23:30.141 +05:30 [INF] Serilog.AspNetCore.RequestLoggingMiddleware | CorrelationId:6326f0c17b784d8db41cd16edf077bec | HTTP GET /api/library/books responded 200 in 156.3357 ms
2026-04-20 14:23:30.173 +05:30 [INF] SmsApi.Middleware.LoggingActionFilter | CorrelationId:7d82a6352d144c5f89fcc674740e4ee7 | API Response: GET /api/students | Status: 200 | Duration: 127ms
2026-04-20 14:23:30.188 +05:30 [INF] SmsApi.Middleware.LoggingActionFilter | CorrelationId:e894982033d34258ab547fb65a259103 | API Response: GET /api/library/books | Status: 200 | Duration: 81ms
2026-04-20 14:23:30.215 +05:30 [INF] Serilog.AspNetCore.RequestLoggingMiddleware | CorrelationId:e894982033d34258ab547fb65a259103 | HTTP GET /api/library/books responded 200 in 140.3613 ms
2026-04-20 14:23:30.225 +05:30 [INF] Serilog.AspNetCore.RequestLoggingMiddleware | CorrelationId:7d82a6352d144c5f89fcc674740e4ee7 | HTTP GET /api/students responded 200 in 209.2081 ms
2026-04-20 14:23:31.077 +05:30 [INF] Serilog.AspNetCore.RequestLoggingMiddleware | CorrelationId:3e0c3ae93c8b426fbc514401da7195eb | HTTP OPTIONS /api/permissions/roles responded 204 in 0.0450 ms
2026-04-20 14:23:31.088 +05:30 [INF] Serilog.AspNetCore.RequestLoggingMiddleware | CorrelationId:0bfd751a16a54a4d9af7c74b9ef344ab | HTTP OPTIONS /api/permissions/stats responded 204 in 0.0505 ms
2026-04-20 14:23:31.097 +05:30 [INF] Serilog.AspNetCore.RequestLoggingMiddleware | CorrelationId:06d16d51d430452493348039fb7dbabe | HTTP OPTIONS /api/permissions/roles responded 204 in 0.1343 ms
2026-04-20 14:23:31.101 +05:30 [INF] Serilog.AspNetCore.RequestLoggingMiddleware | CorrelationId:f6d0b7c17d8e42868ee2504b90cd21bb | HTTP OPTIONS /api/permissions/stats responded 204 in 0.0403 ms
2026-04-20 14:23:31.219 +05:30 [INF] SmsApi.Middleware.LoggingActionFilter | CorrelationId:ca66a117ff8e4e25b76d4518a6b2a667 | API Request: GET /api/permissions/roles | User: Unknown | School: 00000000-0000-0000-0000-000000000001
2026-04-20 14:23:31.252 +05:30 [INF] SmsApi.Middleware.LoggingActionFilter | CorrelationId:ac23708212e147539f1dfe4f4372939f | API Request: GET /api/permissions/roles | User: Unknown | School: 00000000-0000-0000-0000-000000000001
2026-04-20 14:23:31.279 +05:30 [INF] SmsApi.Middleware.LoggingActionFilter | CorrelationId:8fd9bd00a4ba4b04a59c54e1f2199021 | API Request: GET /api/permissions/stats | User: Unknown | School: 00000000-0000-0000-0000-000000000001
2026-04-20 14:23:31.280 +05:30 [INF] SmsApi.Middleware.LoggingActionFilter | CorrelationId:882cbea4aeaa43d495142c4f92b261ed | API Request: GET /api/permissions/stats | User: Unknown | School: 00000000-0000-0000-0000-000000000001
2026-04-20 14:23:31.323 +05:30 [INF] SmsApi.Middleware.LoggingActionFilter | CorrelationId:8fd9bd00a4ba4b04a59c54e1f2199021 | API Response: GET /api/permissions/stats | Status: 200 | Duration: 43ms
2026-04-20 14:23:31.346 +05:30 [INF] Serilog.AspNetCore.RequestLoggingMiddleware | CorrelationId:8fd9bd00a4ba4b04a59c54e1f2199021 | HTTP GET /api/permissions/stats responded 200 in 67.5548 ms
2026-04-20 14:23:31.351 +05:30 [INF] SmsApi.Middleware.LoggingActionFilter | CorrelationId:882cbea4aeaa43d495142c4f92b261ed | API Response: GET /api/permissions/stats | Status: 200 | Duration: 70ms
2026-04-20 14:23:31.586 +05:30 [INF] Serilog.AspNetCore.RequestLoggingMiddleware | CorrelationId:882cbea4aeaa43d495142c4f92b261ed | HTTP GET /api/permissions/stats responded 200 in 306.0659 ms
2026-04-20 14:23:31.538 +05:30 [ERR] Microsoft.EntityFrameworkCore.Database.Command | CorrelationId:ca66a117ff8e4e25b76d4518a6b2a667 | Failed executing DbCommand (46ms) [Parameters=[@p0='?' (DbType = Guid), @p1='?' (DbType = DateTime), @p2='?' (DbType = Guid), @p3='?' (DbType = DateTime), @p4='?', @p5='?', @p6='?' (DbType = Boolean), @p7='?' (DbType = Boolean), @p8='?', @p9='?', @p10='?' (DbType = Guid), @p11='?' (DbType = DateTime), @p12='?' (DbType = Guid)], CommandType='"Text"', CommandTimeout='30']
INSERT INTO "Roles" ("Id", "CreatedAt", "CreatedBy", "DeletedAt", "Description", "DisplayName", "IsDeleted", "IsSystemRole", "Name", "RoleType", "SchoolId", "UpdatedAt", "UpdatedBy")
VALUES (@p0, @p1, @p2, @p3, @p4, @p5, @p6, @p7, @p8, @p9, @p10, @p11, @p12)
RETURNING "RowVersion";
2026-04-20 14:23:31.538 +05:30 [ERR] Microsoft.EntityFrameworkCore.Database.Command | CorrelationId:ac23708212e147539f1dfe4f4372939f | Failed executing DbCommand (47ms) [Parameters=[@p0='?' (DbType = Guid), @p1='?' (DbType = DateTime), @p2='?' (DbType = Guid), @p3='?' (DbType = DateTime), @p4='?', @p5='?', @p6='?' (DbType = Boolean), @p7='?' (DbType = Boolean), @p8='?', @p9='?', @p10='?' (DbType = Guid), @p11='?' (DbType = DateTime), @p12='?' (DbType = Guid)], CommandType='"Text"', CommandTimeout='30']
INSERT INTO "Roles" ("Id", "CreatedAt", "CreatedBy", "DeletedAt", "Description", "DisplayName", "IsDeleted", "IsSystemRole", "Name", "RoleType", "SchoolId", "UpdatedAt", "UpdatedBy")
VALUES (@p0, @p1, @p2, @p3, @p4, @p5, @p6, @p7, @p8, @p9, @p10, @p11, @p12)
RETURNING "RowVersion";
2026-04-20 14:23:31.806 +05:30 [ERR] Microsoft.EntityFrameworkCore.Update | CorrelationId:ac23708212e147539f1dfe4f4372939f | An exception occurred in the database while saving changes for context type 'SmsApi.Data.AppDbContext'.
Microsoft.EntityFrameworkCore.DbUpdateException: An error occurred while saving the entity changes. See the inner exception for details.
 ---> Npgsql.PostgresException (0x80004005): 23503: insert or update on table "Roles" violates foreign key constraint "FK_Roles_Schools_SchoolId"

DETAIL: Detail redacted as it may contain sensitive data. Specify 'Include Error Detail' in the connection string to include this information.
   at Npgsql.Internal.NpgsqlConnector.ReadMessageLong(Boolean async, DataRowLoadingMode dataRowLoadingMode, Boolean readingNotifications, Boolean isReadingPrependedMessage)
   at System.Runtime.CompilerServices.PoolingAsyncValueTaskMethodBuilder`1.StateMachineBox`1.System.Threading.Tasks.Sources.IValueTaskSource<TResult>.GetResult(Int16 token)
   at Npgsql.NpgsqlDataReader.NextResult(Boolean async, Boolean isConsuming, CancellationToken cancellationToken)
   at Npgsql.NpgsqlDataReader.NextResult(Boolean async, Boolean isConsuming, CancellationToken cancellationToken)
   at Npgsql.NpgsqlCommand.ExecuteReader(Boolean async, CommandBehavior behavior, CancellationToken cancellationToken)
   at Npgsql.NpgsqlCommand.ExecuteReader(Boolean async, CommandBehavior behavior, CancellationToken cancellationToken)
   at Npgsql.NpgsqlCommand.ExecuteDbDataReaderAsync(CommandBehavior behavior, CancellationToken cancellationToken)
   at Microsoft.EntityFrameworkCore.Storage.RelationalCommand.ExecuteReaderAsync(RelationalCommandParameterObject parameterObject, CancellationToken cancellationToken)
   at Microsoft.EntityFrameworkCore.Storage.RelationalCommand.ExecuteReaderAsync(RelationalCommandParameterObject parameterObject, CancellationToken cancellationToken)
   at Microsoft.EntityFrameworkCore.Update.ReaderModificationCommandBatch.ExecuteAsync(IRelationalConnection connection, CancellationToken cancellationToken)
  Exception data:
    Severity: ERROR
    SqlState: 23503
    MessageText: insert or update on table "Roles" violates foreign key constraint "FK_Roles_Schools_SchoolId"
    Detail: Detail redacted as it may contain sensitive data. Specify 'Include Error Detail' in the connection string to include this information.
    SchemaName: public
    TableName: Roles
    ConstraintName: FK_Roles_Schools_SchoolId
    File: ri_triggers.c
    Line: 2783
    Routine: ri_ReportViolation
   --- End of inner exception stack trace ---
   at Microsoft.EntityFrameworkCore.Update.ReaderModificationCommandBatch.ExecuteAsync(IRelationalConnection connection, CancellationToken cancellationToken)
   at Microsoft.EntityFrameworkCore.Update.Internal.BatchExecutor.ExecuteAsync(IEnumerable`1 commandBatches, IRelationalConnection connection, CancellationToken cancellationToken)
   at Microsoft.EntityFrameworkCore.Update.Internal.BatchExecutor.ExecuteAsync(IEnumerable`1 commandBatches, IRelationalConnection connection, CancellationToken cancellationToken)
   at Microsoft.EntityFrameworkCore.Update.Internal.BatchExecutor.ExecuteAsync(IEnumerable`1 commandBatches, IRelationalConnection connection, CancellationToken cancellationToken)
   at Microsoft.EntityFrameworkCore.ChangeTracking.Internal.StateManager.SaveChangesAsync(IList`1 entriesToSave, CancellationToken cancellationToken)
   at Microsoft.EntityFrameworkCore.ChangeTracking.Internal.StateManager.SaveChangesAsync(StateManager stateManager, Boolean acceptAllChangesOnSuccess, CancellationToken cancellationToken)
   at Microsoft.EntityFrameworkCore.Storage.ExecutionStrategy.<>c__DisplayClass30_0`2.<<ExecuteAsync>b__0>d.MoveNext()
--- End of stack trace from previous location ---
   at Microsoft.EntityFrameworkCore.Storage.ExecutionStrategy.ExecuteImplementationAsync[TState,TResult](Func`4 operation, Func`4 verifySucceeded, TState state, CancellationToken cancellationToken)
   at Microsoft.EntityFrameworkCore.Storage.ExecutionStrategy.ExecuteImplementationAsync[TState,TResult](Func`4 operation, Func`4 verifySucceeded, TState state, CancellationToken cancellationToken)
   at Microsoft.EntityFrameworkCore.Storage.ExecutionStrategy.ExecuteAsync[TState,TResult](TState state, Func`4 operation, Func`4 verifySucceeded, CancellationToken cancellationToken)
   at Microsoft.EntityFrameworkCore.DbContext.SaveChangesAsync(Boolean acceptAllChangesOnSuccess, CancellationToken cancellationToken)
Microsoft.EntityFrameworkCore.DbUpdateException: An error occurred while saving the entity changes. See the inner exception for details.
 ---> Npgsql.PostgresException (0x80004005): 23503: insert or update on table "Roles" violates foreign key constraint "FK_Roles_Schools_SchoolId"

DETAIL: Detail redacted as it may contain sensitive data. Specify 'Include Error Detail' in the connection string to include this information.
   at Npgsql.Internal.NpgsqlConnector.ReadMessageLong(Boolean async, DataRowLoadingMode dataRowLoadingMode, Boolean readingNotifications, Boolean isReadingPrependedMessage)
   at System.Runtime.CompilerServices.PoolingAsyncValueTaskMethodBuilder`1.StateMachineBox`1.System.Threading.Tasks.Sources.IValueTaskSource<TResult>.GetResult(Int16 token)
   at Npgsql.NpgsqlDataReader.NextResult(Boolean async, Boolean isConsuming, CancellationToken cancellationToken)
   at Npgsql.NpgsqlDataReader.NextResult(Boolean async, Boolean isConsuming, CancellationToken cancellationToken)
   at Npgsql.NpgsqlCommand.ExecuteReader(Boolean async, CommandBehavior behavior, CancellationToken cancellationToken)
   at Npgsql.NpgsqlCommand.ExecuteReader(Boolean async, CommandBehavior behavior, CancellationToken cancellationToken)
   at Npgsql.NpgsqlCommand.ExecuteDbDataReaderAsync(CommandBehavior behavior, CancellationToken cancellationToken)
   at Microsoft.EntityFrameworkCore.Storage.RelationalCommand.ExecuteReaderAsync(RelationalCommandParameterObject parameterObject, CancellationToken cancellationToken)
   at Microsoft.EntityFrameworkCore.Storage.RelationalCommand.ExecuteReaderAsync(RelationalCommandParameterObject parameterObject, CancellationToken cancellationToken)
   at Microsoft.EntityFrameworkCore.Update.ReaderModificationCommandBatch.ExecuteAsync(IRelationalConnection connection, CancellationToken cancellationToken)
  Exception data:
    Severity: ERROR
    SqlState: 23503
    MessageText: insert or update on table "Roles" violates foreign key constraint "FK_Roles_Schools_SchoolId"
    Detail: Detail redacted as it may contain sensitive data. Specify 'Include Error Detail' in the connection string to include this information.
    SchemaName: public
    TableName: Roles
    ConstraintName: FK_Roles_Schools_SchoolId
    File: ri_triggers.c
    Line: 2783
    Routine: ri_ReportViolation
   --- End of inner exception stack trace ---
   at Microsoft.EntityFrameworkCore.Update.ReaderModificationCommandBatch.ExecuteAsync(IRelationalConnection connection, CancellationToken cancellationToken)
   at Microsoft.EntityFrameworkCore.Update.Internal.BatchExecutor.ExecuteAsync(IEnumerable`1 commandBatches, IRelationalConnection connection, CancellationToken cancellationToken)
   at Microsoft.EntityFrameworkCore.Update.Internal.BatchExecutor.ExecuteAsync(IEnumerable`1 commandBatches, IRelationalConnection connection, CancellationToken cancellationToken)
   at Microsoft.EntityFrameworkCore.Update.Internal.BatchExecutor.ExecuteAsync(IEnumerable`1 commandBatches, IRelationalConnection connection, CancellationToken cancellationToken)
   at Microsoft.EntityFrameworkCore.ChangeTracking.Internal.StateManager.SaveChangesAsync(IList`1 entriesToSave, CancellationToken cancellationToken)
   at Microsoft.EntityFrameworkCore.ChangeTracking.Internal.StateManager.SaveChangesAsync(StateManager stateManager, Boolean acceptAllChangesOnSuccess, CancellationToken cancellationToken)
   at Microsoft.EntityFrameworkCore.Storage.ExecutionStrategy.<>c__DisplayClass30_0`2.<<ExecuteAsync>b__0>d.MoveNext()
--- End of stack trace from previous location ---
   at Microsoft.EntityFrameworkCore.Storage.ExecutionStrategy.ExecuteImplementationAsync[TState,TResult](Func`4 operation, Func`4 verifySucceeded, TState state, CancellationToken cancellationToken)
   at Microsoft.EntityFrameworkCore.Storage.ExecutionStrategy.ExecuteImplementationAsync[TState,TResult](Func`4 operation, Func`4 verifySucceeded, TState state, CancellationToken cancellationToken)
   at Microsoft.EntityFrameworkCore.Storage.ExecutionStrategy.ExecuteAsync[TState,TResult](TState state, Func`4 operation, Func`4 verifySucceeded, CancellationToken cancellationToken)
   at Microsoft.EntityFrameworkCore.DbContext.SaveChangesAsync(Boolean acceptAllChangesOnSuccess, CancellationToken cancellationToken)
2026-04-20 14:23:31.807 +05:30 [ERR] Microsoft.EntityFrameworkCore.Update | CorrelationId:ca66a117ff8e4e25b76d4518a6b2a667 | An exception occurred in the database while saving changes for context type 'SmsApi.Data.AppDbContext'.
Microsoft.EntityFrameworkCore.DbUpdateException: An error occurred while saving the entity changes. See the inner exception for details.
 ---> Npgsql.PostgresException (0x80004005): 23503: insert or update on table "Roles" violates foreign key constraint "FK_Roles_Schools_SchoolId"

DETAIL: Detail redacted as it may contain sensitive data. Specify 'Include Error Detail' in the connection string to include this information.
   at Npgsql.Internal.NpgsqlConnector.ReadMessageLong(Boolean async, DataRowLoadingMode dataRowLoadingMode, Boolean readingNotifications, Boolean isReadingPrependedMessage)
   at System.Runtime.CompilerServices.PoolingAsyncValueTaskMethodBuilder`1.StateMachineBox`1.System.Threading.Tasks.Sources.IValueTaskSource<TResult>.GetResult(Int16 token)
   at Npgsql.NpgsqlDataReader.NextResult(Boolean async, Boolean isConsuming, CancellationToken cancellationToken)
   at Npgsql.NpgsqlDataReader.NextResult(Boolean async, Boolean isConsuming, CancellationToken cancellationToken)
   at Npgsql.NpgsqlCommand.ExecuteReader(Boolean async, CommandBehavior behavior, CancellationToken cancellationToken)
   at Npgsql.NpgsqlCommand.ExecuteReader(Boolean async, CommandBehavior behavior, CancellationToken cancellationToken)
   at Npgsql.NpgsqlCommand.ExecuteDbDataReaderAsync(CommandBehavior behavior, CancellationToken cancellationToken)
   at Microsoft.EntityFrameworkCore.Storage.RelationalCommand.ExecuteReaderAsync(RelationalCommandParameterObject parameterObject, CancellationToken cancellationToken)
   at Microsoft.EntityFrameworkCore.Storage.RelationalCommand.ExecuteReaderAsync(RelationalCommandParameterObject parameterObject, CancellationToken cancellationToken)
   at Microsoft.EntityFrameworkCore.Update.ReaderModificationCommandBatch.ExecuteAsync(IRelationalConnection connection, CancellationToken cancellationToken)
  Exception data:
    Severity: ERROR
    SqlState: 23503
    MessageText: insert or update on table "Roles" violates foreign key constraint "FK_Roles_Schools_SchoolId"
    Detail: Detail redacted as it may contain sensitive data. Specify 'Include Error Detail' in the connection string to include this information.
    SchemaName: public
    TableName: Roles
    ConstraintName: FK_Roles_Schools_SchoolId
    File: ri_triggers.c
    Line: 2783
    Routine: ri_ReportViolation
   --- End of inner exception stack trace ---
   at Microsoft.EntityFrameworkCore.Update.ReaderModificationCommandBatch.ExecuteAsync(IRelationalConnection connection, CancellationToken cancellationToken)
   at Microsoft.EntityFrameworkCore.Update.Internal.BatchExecutor.ExecuteAsync(IEnumerable`1 commandBatches, IRelationalConnection connection, CancellationToken cancellationToken)
   at Microsoft.EntityFrameworkCore.Update.Internal.BatchExecutor.ExecuteAsync(IEnumerable`1 commandBatches, IRelationalConnection connection, CancellationToken cancellationToken)
   at Microsoft.EntityFrameworkCore.Update.Internal.BatchExecutor.ExecuteAsync(IEnumerable`1 commandBatches, IRelationalConnection connection, CancellationToken cancellationToken)
   at Microsoft.EntityFrameworkCore.ChangeTracking.Internal.StateManager.SaveChangesAsync(IList`1 entriesToSave, CancellationToken cancellationToken)
   at Microsoft.EntityFrameworkCore.ChangeTracking.Internal.StateManager.SaveChangesAsync(StateManager stateManager, Boolean acceptAllChangesOnSuccess, CancellationToken cancellationToken)
   at Microsoft.EntityFrameworkCore.Storage.ExecutionStrategy.<>c__DisplayClass30_0`2.<<ExecuteAsync>b__0>d.MoveNext()
--- End of stack trace from previous location ---
   at Microsoft.EntityFrameworkCore.Storage.ExecutionStrategy.ExecuteImplementationAsync[TState,TResult](Func`4 operation, Func`4 verifySucceeded, TState state, CancellationToken cancellationToken)
   at Microsoft.EntityFrameworkCore.Storage.ExecutionStrategy.ExecuteImplementationAsync[TState,TResult](Func`4 operation, Func`4 verifySucceeded, TState state, CancellationToken cancellationToken)
   at Microsoft.EntityFrameworkCore.Storage.ExecutionStrategy.ExecuteAsync[TState,TResult](TState state, Func`4 operation, Func`4 verifySucceeded, CancellationToken cancellationToken)
   at Microsoft.EntityFrameworkCore.DbContext.SaveChangesAsync(Boolean acceptAllChangesOnSuccess, CancellationToken cancellationToken)
Microsoft.EntityFrameworkCore.DbUpdateException: An error occurred while saving the entity changes. See the inner exception for details.
 ---> Npgsql.PostgresException (0x80004005): 23503: insert or update on table "Roles" violates foreign key constraint "FK_Roles_Schools_SchoolId"

DETAIL: Detail redacted as it may contain sensitive data. Specify 'Include Error Detail' in the connection string to include this information.
   at Npgsql.Internal.NpgsqlConnector.ReadMessageLong(Boolean async, DataRowLoadingMode dataRowLoadingMode, Boolean readingNotifications, Boolean isReadingPrependedMessage)
   at System.Runtime.CompilerServices.PoolingAsyncValueTaskMethodBuilder`1.StateMachineBox`1.System.Threading.Tasks.Sources.IValueTaskSource<TResult>.GetResult(Int16 token)
   at Npgsql.NpgsqlDataReader.NextResult(Boolean async, Boolean isConsuming, CancellationToken cancellationToken)
   at Npgsql.NpgsqlDataReader.NextResult(Boolean async, Boolean isConsuming, CancellationToken cancellationToken)
   at Npgsql.NpgsqlCommand.ExecuteReader(Boolean async, CommandBehavior behavior, CancellationToken cancellationToken)
   at Npgsql.NpgsqlCommand.ExecuteReader(Boolean async, CommandBehavior behavior, CancellationToken cancellationToken)
   at Npgsql.NpgsqlCommand.ExecuteDbDataReaderAsync(CommandBehavior behavior, CancellationToken cancellationToken)
   at Microsoft.EntityFrameworkCore.Storage.RelationalCommand.ExecuteReaderAsync(RelationalCommandParameterObject parameterObject, CancellationToken cancellationToken)
   at Microsoft.EntityFrameworkCore.Storage.RelationalCommand.ExecuteReaderAsync(RelationalCommandParameterObject parameterObject, CancellationToken cancellationToken)
   at Microsoft.EntityFrameworkCore.Update.ReaderModificationCommandBatch.ExecuteAsync(IRelationalConnection connection, CancellationToken cancellationToken)
  Exception data:
    Severity: ERROR
    SqlState: 23503
    MessageText: insert or update on table "Roles" violates foreign key constraint "FK_Roles_Schools_SchoolId"
    Detail: Detail redacted as it may contain sensitive data. Specify 'Include Error Detail' in the connection string to include this information.
    SchemaName: public
    TableName: Roles
    ConstraintName: FK_Roles_Schools_SchoolId
    File: ri_triggers.c
    Line: 2783
    Routine: ri_ReportViolation
   --- End of inner exception stack trace ---
   at Microsoft.EntityFrameworkCore.Update.ReaderModificationCommandBatch.ExecuteAsync(IRelationalConnection connection, CancellationToken cancellationToken)
   at Microsoft.EntityFrameworkCore.Update.Internal.BatchExecutor.ExecuteAsync(IEnumerable`1 commandBatches, IRelationalConnection connection, CancellationToken cancellationToken)
   at Microsoft.EntityFrameworkCore.Update.Internal.BatchExecutor.ExecuteAsync(IEnumerable`1 commandBatches, IRelationalConnection connection, CancellationToken cancellationToken)
   at Microsoft.EntityFrameworkCore.Update.Internal.BatchExecutor.ExecuteAsync(IEnumerable`1 commandBatches, IRelationalConnection connection, CancellationToken cancellationToken)
   at Microsoft.EntityFrameworkCore.ChangeTracking.Internal.StateManager.SaveChangesAsync(IList`1 entriesToSave, CancellationToken cancellationToken)
   at Microsoft.EntityFrameworkCore.ChangeTracking.Internal.StateManager.SaveChangesAsync(StateManager stateManager, Boolean acceptAllChangesOnSuccess, CancellationToken cancellationToken)
   at Microsoft.EntityFrameworkCore.Storage.ExecutionStrategy.<>c__DisplayClass30_0`2.<<ExecuteAsync>b__0>d.MoveNext()
--- End of stack trace from previous location ---
   at Microsoft.EntityFrameworkCore.Storage.ExecutionStrategy.ExecuteImplementationAsync[TState,TResult](Func`4 operation, Func`4 verifySucceeded, TState state, CancellationToken cancellationToken)
   at Microsoft.EntityFrameworkCore.Storage.ExecutionStrategy.ExecuteImplementationAsync[TState,TResult](Func`4 operation, Func`4 verifySucceeded, TState state, CancellationToken cancellationToken)
   at Microsoft.EntityFrameworkCore.Storage.ExecutionStrategy.ExecuteAsync[TState,TResult](TState state, Func`4 operation, Func`4 verifySucceeded, CancellationToken cancellationToken)
   at Microsoft.EntityFrameworkCore.DbContext.SaveChangesAsync(Boolean acceptAllChangesOnSuccess, CancellationToken cancellationToken)
2026-04-20 14:23:32.150 +05:30 [INF] SmsApi.Middleware.LoggingActionFilter | CorrelationId:ac23708212e147539f1dfe4f4372939f | API Response: GET /api/permissions/roles | Status: 200 | Duration: 897ms
2026-04-20 14:23:32.187 +05:30 [ERR] Serilog.AspNetCore.RequestLoggingMiddleware | CorrelationId:ac23708212e147539f1dfe4f4372939f | HTTP GET /api/permissions/roles responded 500 in 935.9693 ms
2026-04-20 14:23:32.184 +05:30 [INF] SmsApi.Middleware.LoggingActionFilter | CorrelationId:ca66a117ff8e4e25b76d4518a6b2a667 | API Response: GET /api/permissions/roles | Status: 200 | Duration: 964ms
2026-04-20 14:23:32.209 +05:30 [ERR] Serilog.AspNetCore.RequestLoggingMiddleware | CorrelationId:ca66a117ff8e4e25b76d4518a6b2a667 | HTTP GET /api/permissions/roles responded 500 in 990.5990 ms
2026-04-20 14:23:32.195 +05:30 [WRN] SmsApi.Infrastructure.Performance.PerformanceMonitoringMiddleware | CorrelationId: | Slow request: GET /api/permissions/roles took 935ms — status 500.
2026-04-20 14:23:32.568 +05:30 [WRN] SmsApi.Infrastructure.Performance.PerformanceMonitoringMiddleware | CorrelationId: | Slow request: GET /api/permissions/roles took 990ms — status 500.
2026-04-20 14:23:40.152 +05:30 [INF] Serilog.AspNetCore.RequestLoggingMiddleware | CorrelationId:c7cc4c2bcf24493aa1374684975c9772 | HTTP OPTIONS /api/transport/routes responded 204 in 1.7659 ms
2026-04-20 14:23:40.153 +05:30 [INF] Serilog.AspNetCore.RequestLoggingMiddleware | CorrelationId:dc70d34edfc740dc919187c0fdb397a0 | HTTP OPTIONS /api/transport/routes responded 204 in 0.0244 ms
2026-04-20 14:23:40.355 +05:30 [INF] SmsApi.Middleware.LoggingActionFilter | CorrelationId:448edb5252c74c51bf09e88da6dbbc9d | API Request: GET /api/transport/routes | User: Unknown | School: 00000000-0000-0000-0000-000000000001
2026-04-20 14:23:40.361 +05:30 [INF] SmsApi.Middleware.LoggingActionFilter | CorrelationId:c9bf07f6f6ed43e6982d26c2c3bea44c | API Request: GET /api/transport/routes | User: Unknown | School: 00000000-0000-0000-0000-000000000001
2026-04-20 14:23:40.393 +05:30 [INF] SmsApi.Middleware.LoggingActionFilter | CorrelationId:448edb5252c74c51bf09e88da6dbbc9d | API Response: GET /api/transport/routes | Status: 200 | Duration: 38ms
2026-04-20 14:23:40.400 +05:30 [INF] SmsApi.Middleware.LoggingActionFilter | CorrelationId:c9bf07f6f6ed43e6982d26c2c3bea44c | API Response: GET /api/transport/routes | Status: 200 | Duration: 38ms
2026-04-20 14:23:40.407 +05:30 [INF] Serilog.AspNetCore.RequestLoggingMiddleware | CorrelationId:448edb5252c74c51bf09e88da6dbbc9d | HTTP GET /api/transport/routes responded 200 in 81.9527 ms
2026-04-20 14:23:40.414 +05:30 [INF] Serilog.AspNetCore.RequestLoggingMiddleware | CorrelationId:c9bf07f6f6ed43e6982d26c2c3bea44c | HTTP GET /api/transport/routes responded 200 in 56.0128 ms
2026-04-20 14:23:42.144 +05:30 [INF] Serilog.AspNetCore.RequestLoggingMiddleware | CorrelationId:30e402ce30c34ecd8a57a20c14844a75 | HTTP OPTIONS /api/hostel/rooms responded 204 in 0.0870 ms
2026-04-20 14:23:42.144 +05:30 [INF] Serilog.AspNetCore.RequestLoggingMiddleware | CorrelationId:82e40fe1b0bb4d90b5c6169594ea42b2 | HTTP OPTIONS /api/hostel/rooms responded 204 in 0.0122 ms
2026-04-20 14:23:42.330 +05:30 [INF] SmsApi.Middleware.LoggingActionFilter | CorrelationId:b9228832301041c7a4658cf88dbdc192 | API Request: GET /api/hostel/rooms | User: Unknown | School: 00000000-0000-0000-0000-000000000001
2026-04-20 14:23:42.337 +05:30 [INF] SmsApi.Middleware.LoggingActionFilter | CorrelationId:1eb3f09abd81425ba9a81d18209e9a51 | API Request: GET /api/hostel/rooms | User: Unknown | School: 00000000-0000-0000-0000-000000000001
2026-04-20 14:23:42.382 +05:30 [INF] SmsApi.Middleware.LoggingActionFilter | CorrelationId:b9228832301041c7a4658cf88dbdc192 | API Response: GET /api/hostel/rooms | Status: 200 | Duration: 52ms
2026-04-20 14:23:42.392 +05:30 [INF] SmsApi.Middleware.LoggingActionFilter | CorrelationId:1eb3f09abd81425ba9a81d18209e9a51 | API Response: GET /api/hostel/rooms | Status: 200 | Duration: 54ms
2026-04-20 14:23:42.393 +05:30 [INF] Serilog.AspNetCore.RequestLoggingMiddleware | CorrelationId:b9228832301041c7a4658cf88dbdc192 | HTTP GET /api/hostel/rooms responded 200 in 74.5355 ms
2026-04-20 14:23:42.398 +05:30 [INF] Serilog.AspNetCore.RequestLoggingMiddleware | CorrelationId:1eb3f09abd81425ba9a81d18209e9a51 | HTTP GET /api/hostel/rooms responded 200 in 64.1872 ms
2026-04-20 14:23:45.120 +05:30 [INF] Serilog.AspNetCore.RequestLoggingMiddleware | CorrelationId:d2aea05ea96045f69647278441118d9f | HTTP OPTIONS /api/school-feature-permissions/stats responded 204 in 0.0610 ms
2026-04-20 14:23:45.120 +05:30 [INF] Serilog.AspNetCore.RequestLoggingMiddleware | CorrelationId:5d5a54683e294e77a6a8c2d453f67cfc | HTTP OPTIONS /api/school-feature-permissions/schools/550e8400-e29b-41d4-a716-446655440000 responded 204 in 0.0083 ms
2026-04-20 14:23:45.120 +05:30 [INF] Serilog.AspNetCore.RequestLoggingMiddleware | CorrelationId:21076626fae546e7a52461c89b522ce9 | HTTP OPTIONS /api/school-feature-permissions/stats responded 204 in 0.0347 ms
2026-04-20 14:23:45.120 +05:30 [INF] Serilog.AspNetCore.RequestLoggingMiddleware | CorrelationId:b04f78bd0d954634ac21ac6569be47a5 | HTTP OPTIONS /api/school-feature-permissions/schools/550e8400-e29b-41d4-a716-446655440000 responded 204 in 0.0197 ms
2026-04-20 14:23:45.171 +05:30 [INF] SmsApi.Middleware.LoggingActionFilter | CorrelationId:b763c9472720425eba47935b2337645c | API Request: GET /api/school-feature-permissions/stats | User: Unknown | School: 00000000-0000-0000-0000-000000000001
2026-04-20 14:23:45.192 +05:30 [INF] SmsApi.Middleware.LoggingActionFilter | CorrelationId:8b82d13f36a54ccfb13501ba88895ef6 | API Request: GET /api/school-feature-permissions/schools/550e8400-e29b-41d4-a716-446655440000 | User: Unknown | School: 00000000-0000-0000-0000-000000000001
2026-04-20 14:23:45.200 +05:30 [INF] SmsApi.Middleware.LoggingActionFilter | CorrelationId:26a94247cf9f4f29bcf9a326fc5f690e | API Request: GET /api/school-feature-permissions/stats | User: Unknown | School: 00000000-0000-0000-0000-000000000001
2026-04-20 14:23:45.208 +05:30 [INF] SmsApi.Middleware.LoggingActionFilter | CorrelationId:d601f5d05a0747329352b4c4a561f3c5 | API Request: GET /api/school-feature-permissions/schools/550e8400-e29b-41d4-a716-446655440000 | User: Unknown | School: 00000000-0000-0000-0000-000000000001
2026-04-20 14:23:45.246 +05:30 [INF] SmsApi.Middleware.LoggingActionFilter | CorrelationId:26a94247cf9f4f29bcf9a326fc5f690e | API Response: GET /api/school-feature-permissions/stats | Status: 200 | Duration: 46ms
2026-04-20 14:23:45.234 +05:30 [INF] SmsApi.Middleware.LoggingActionFilter | CorrelationId:b763c9472720425eba47935b2337645c | API Response: GET /api/school-feature-permissions/stats | Status: 200 | Duration: 63ms
2026-04-20 14:23:45.226 +05:30 [INF] SmsApi.Middleware.LoggingActionFilter | CorrelationId:8b82d13f36a54ccfb13501ba88895ef6 | API Response: GET /api/school-feature-permissions/schools/550e8400-e29b-41d4-a716-446655440000 | Status: 200 | Duration: 33ms
2026-04-20 14:23:45.248 +05:30 [INF] SmsApi.Middleware.LoggingActionFilter | CorrelationId:d601f5d05a0747329352b4c4a561f3c5 | API Response: GET /api/school-feature-permissions/schools/550e8400-e29b-41d4-a716-446655440000 | Status: 200 | Duration: 40ms
2026-04-20 14:23:45.258 +05:30 [INF] Serilog.AspNetCore.RequestLoggingMiddleware | CorrelationId:26a94247cf9f4f29bcf9a326fc5f690e | HTTP GET /api/school-feature-permissions/stats responded 200 in 58.1643 ms
2026-04-20 14:23:45.263 +05:30 [INF] Serilog.AspNetCore.RequestLoggingMiddleware | CorrelationId:b763c9472720425eba47935b2337645c | HTTP GET /api/school-feature-permissions/stats responded 200 in 92.2345 ms
2026-04-20 14:23:45.274 +05:30 [INF] Serilog.AspNetCore.RequestLoggingMiddleware | CorrelationId:8b82d13f36a54ccfb13501ba88895ef6 | HTTP GET /api/school-feature-permissions/schools/550e8400-e29b-41d4-a716-446655440000 responded 200 in 82.0685 ms
2026-04-20 14:23:45.279 +05:30 [INF] Serilog.AspNetCore.RequestLoggingMiddleware | CorrelationId:d601f5d05a0747329352b4c4a561f3c5 | HTTP GET /api/school-feature-permissions/schools/550e8400-e29b-41d4-a716-446655440000 responded 200 in 72.0037 ms
2026-04-20 14:23:52.723 +05:30 [INF] Serilog.AspNetCore.RequestLoggingMiddleware | CorrelationId:ad91d9d27abc4a5ca302ef072fed08a8 | HTTP OPTIONS /api/school-feature-permissions/stats responded 204 in 0.0465 ms
2026-04-20 14:23:52.726 +05:30 [INF] Serilog.AspNetCore.RequestLoggingMiddleware | CorrelationId:70b170c9641048be8ffe65178d28bfa2 | HTTP OPTIONS /api/school-feature-permissions/stats responded 204 in 0.0353 ms
2026-04-20 14:23:53.452 +05:30 [WRN] SmsApi.Infrastructure.Performance.PerformanceMonitoringMiddleware | CorrelationId: | Slow request: OPTIONS /api/school-feature-permissions/stats took 729ms — status 204.
2026-04-20 14:23:53.501 +05:30 [WRN] SmsApi.Infrastructure.Performance.PerformanceMonitoringMiddleware | CorrelationId: | Slow request: OPTIONS /api/school-feature-permissions/stats took 775ms — status 204.
2026-04-20 14:23:57.087 +05:30 [INF] Serilog.AspNetCore.RequestLoggingMiddleware | CorrelationId:f7b766f34a28432b97ee705b554ba7ef | HTTP OPTIONS /api/academics/academic-years responded 204 in 0.3811 ms
2026-04-20 14:23:57.180 +05:30 [INF] Serilog.AspNetCore.RequestLoggingMiddleware | CorrelationId:14c7d29e5f554dcda006bbc8be61f6d1 | HTTP OPTIONS /api/academics/academic-years responded 204 in 0.0806 ms
2026-04-20 14:23:57.556 +05:30 [INF] Serilog.AspNetCore.RequestLoggingMiddleware | CorrelationId:c6fdfbe50d43447f959c36401f501d26 | HTTP GET /api/academics/academic-years responded 401 in 0.5281 ms
2026-04-20 14:23:57.640 +05:30 [INF] Serilog.AspNetCore.RequestLoggingMiddleware | CorrelationId:e0c9bb9d7cf34bca98e4f0f3c8a1b0e3 | HTTP GET /api/academics/academic-years responded 401 in 0.1671 ms
2026-04-20 14:41:15.966 +05:30 [INF] Serilog.AspNetCore.RequestLoggingMiddleware | CorrelationId:bf7e1a4891b34acf902a8323aa928afb | HTTP OPTIONS /api/auth/login responded 204 in 0.5056 ms
2026-04-20 14:41:16.015 +05:30 [INF] SmsApi.Middleware.LoggingActionFilter | CorrelationId:faf9939a2edf4784a2f32822ad4acb24 | API Request: POST /api/auth/login | User: Unknown | School: Unknown
2026-04-20 14:41:16.693 +05:30 [INF] SmsApi.Controllers.AuthController | CorrelationId:faf9939a2edf4784a2f32822ad4acb24 | Login successful for admin (SchoolId: "550e8400-e29b-41d4-a716-446655440000")
2026-04-20 14:41:16.699 +05:30 [INF] SmsApi.Middleware.LoggingActionFilter | CorrelationId:faf9939a2edf4784a2f32822ad4acb24 | API Response: POST /api/auth/login | Status: 200 | Duration: 684ms
2026-04-20 14:41:16.716 +05:30 [INF] Serilog.AspNetCore.RequestLoggingMiddleware | CorrelationId:faf9939a2edf4784a2f32822ad4acb24 | HTTP POST /api/auth/login responded 200 in 710.1884 ms
2026-04-20 14:41:16.724 +05:30 [WRN] SmsApi.Infrastructure.Performance.PerformanceMonitoringMiddleware | CorrelationId: | Slow request: POST /api/auth/login took 698ms — status 200.
2026-04-20 14:41:17.031 +05:30 [INF] Serilog.AspNetCore.RequestLoggingMiddleware | CorrelationId:ffb8ab7cfc0b4a52abc7269e2a7e3cc7 | HTTP OPTIONS /api/staff responded 204 in 0.6736 ms
2026-04-20 14:41:17.065 +05:30 [INF] Serilog.AspNetCore.RequestLoggingMiddleware | CorrelationId:68464c01a8a042d49024d945c377fb6c | HTTP OPTIONS /api/students responded 204 in 0.0753 ms
2026-04-20 14:41:17.069 +05:30 [INF] Serilog.AspNetCore.RequestLoggingMiddleware | CorrelationId:7a134492314c4d47892a1e0832ab0a9c | HTTP OPTIONS /api/Attendance/records responded 204 in 0.0834 ms
2026-04-20 14:41:17.127 +05:30 [INF] Serilog.AspNetCore.RequestLoggingMiddleware | CorrelationId:26ede0b222dc4a9693cdfadee6f5119e | HTTP OPTIONS /api/settings/school/me responded 204 in 0.0379 ms
2026-04-20 14:41:17.438 +05:30 [INF] Serilog.AspNetCore.RequestLoggingMiddleware | CorrelationId:d1943c34c6754c5399aff8ca2df10cbd | HTTP OPTIONS /api/fees/stats responded 204 in 0.0451 ms
2026-04-20 14:41:17.506 +05:30 [INF] Serilog.AspNetCore.RequestLoggingMiddleware | CorrelationId:0dae95e294584ad296b11d53106ebb06 | HTTP OPTIONS /api/students responded 204 in 0.0864 ms
2026-04-20 14:41:17.595 +05:30 [INF] Serilog.AspNetCore.RequestLoggingMiddleware | CorrelationId:fee6df7aef354cc59b6d65960e4915b2 | HTTP OPTIONS /api/staff responded 204 in 0.0590 ms
2026-04-20 14:41:17.601 +05:30 [INF] Serilog.AspNetCore.RequestLoggingMiddleware | CorrelationId:35ba63ac56b64f17862da9c26206d05d | HTTP OPTIONS /api/fees/stats responded 204 in 0.0524 ms
2026-04-20 14:41:17.601 +05:30 [INF] Serilog.AspNetCore.RequestLoggingMiddleware | CorrelationId:81ff5efec68a451d8cfbcd414e19bbb4 | HTTP OPTIONS /api/Attendance/records responded 204 in 0.0400 ms
2026-04-20 14:41:20.837 +05:30 [INF] Serilog.AspNetCore.RequestLoggingMiddleware | CorrelationId:6ef290fe0dda4ae98af53c9454a5b154 | HTTP OPTIONS /api/students responded 204 in 0.1560 ms
2026-04-20 14:41:20.867 +05:30 [INF] Serilog.AspNetCore.RequestLoggingMiddleware | CorrelationId:89c63b487084404dad17e98955e4329f | HTTP OPTIONS /api/staff responded 204 in 0.0530 ms
2026-04-20 14:41:20.955 +05:30 [INF] Serilog.AspNetCore.RequestLoggingMiddleware | CorrelationId:cc13b8da4c68420f9d7641f61abdbcae | HTTP OPTIONS /api/Attendance/records responded 204 in 0.0493 ms
2026-04-20 14:41:21.021 +05:30 [INF] Serilog.AspNetCore.RequestLoggingMiddleware | CorrelationId:f36c83d4b7eb446d83cc7698a7989c70 | HTTP OPTIONS /api/fees/stats responded 204 in 0.1115 ms
2026-04-20 14:41:21.032 +05:30 [INF] Serilog.AspNetCore.RequestLoggingMiddleware | CorrelationId:7cf48857278644caa9952eb52424b8b8 | HTTP OPTIONS /api/academics/academic-years responded 204 in 0.1060 ms
2026-04-20 14:41:21.108 +05:30 [INF] Serilog.AspNetCore.RequestLoggingMiddleware | CorrelationId:e1d78e64c4864c3384d83b3e6135af0a | HTTP OPTIONS /api/students responded 204 in 0.0583 ms
2026-04-20 14:41:21.371 +05:30 [INF] Serilog.AspNetCore.RequestLoggingMiddleware | CorrelationId:a2a058697dca4938aacfa7e7f0db3428 | HTTP OPTIONS /api/staff responded 204 in 0.0858 ms
2026-04-20 14:41:21.412 +05:30 [INF] Serilog.AspNetCore.RequestLoggingMiddleware | CorrelationId:76e15d58324f43c7bb0e7d20c9b56b85 | HTTP OPTIONS /api/Attendance/records responded 204 in 0.0350 ms
2026-04-20 14:41:21.425 +05:30 [INF] Serilog.AspNetCore.RequestLoggingMiddleware | CorrelationId:dbe781514cb04043bd1283e5983e61a1 | HTTP OPTIONS /api/fees/stats responded 204 in 0.0399 ms
2026-04-20 14:41:21.429 +05:30 [INF] Serilog.AspNetCore.RequestLoggingMiddleware | CorrelationId:06ec9344eac848dabcf02da308533d96 | HTTP OPTIONS /api/academics/academic-years responded 204 in 0.0341 ms
2026-04-20 14:41:21.434 +05:30 [INF] Serilog.AspNetCore.RequestLoggingMiddleware | CorrelationId:071ee8e3c25f4e45aafc64120b0d6e1e | HTTP OPTIONS /api/settings/school/me responded 204 in 0.0347 ms
2026-04-20 14:41:21.458 +05:30 [INF] SmsApi.Middleware.LoggingActionFilter | CorrelationId:a9cfc915431b4a2c90aee0670142fe37 | API Request: GET /api/students | User: Unknown | School: 550e8400-e29b-41d4-a716-446655440000
2026-04-20 14:41:21.486 +05:30 [INF] SmsApi.Middleware.LoggingActionFilter | CorrelationId:3d049a2e807f409b8dd7964663b3fc4b | API Request: GET /api/Attendance/records | User: Unknown | School: 550e8400-e29b-41d4-a716-446655440000
2026-04-20 14:41:21.535 +05:30 [INF] SmsApi.Middleware.LoggingActionFilter | CorrelationId:72925069534b4606b514db485eb24137 | API Request: GET /api/academics/academic-years | User: Unknown | School: 550e8400-e29b-41d4-a716-446655440000
2026-04-20 14:41:21.585 +05:30 [INF] SmsApi.Middleware.LoggingActionFilter | CorrelationId:fc3e4e5947d94920957241cf11496c8b | API Request: GET /api/students | User: Unknown | School: 550e8400-e29b-41d4-a716-446655440000
2026-04-20 14:41:21.650 +05:30 [INF] SmsApi.Middleware.LoggingActionFilter | CorrelationId:a9cfc915431b4a2c90aee0670142fe37 | API Response: GET /api/students | Status: 200 | Duration: 192ms
2026-04-20 14:41:21.662 +05:30 [INF] SmsApi.Middleware.LoggingActionFilter | CorrelationId:0d2620f99a994382affe61a073e84c58 | API Request: GET /api/staff | User: Unknown | School: 550e8400-e29b-41d4-a716-446655440000
2026-04-20 14:41:21.674 +05:30 [INF] SmsApi.Middleware.LoggingActionFilter | CorrelationId:c4d9f601f9fd4cfe85d469eaf9a03f86 | API Request: GET /api/fees/stats | User: Unknown | School: 550e8400-e29b-41d4-a716-446655440000
2026-04-20 14:41:21.689 +05:30 [INF] SmsApi.Middleware.LoggingActionFilter | CorrelationId:72925069534b4606b514db485eb24137 | API Response: GET /api/academics/academic-years | Status: 200 | Duration: 153ms
2026-04-20 14:41:21.706 +05:30 [INF] Serilog.AspNetCore.RequestLoggingMiddleware | CorrelationId:a9cfc915431b4a2c90aee0670142fe37 | HTTP GET /api/students responded 200 in 265.7441 ms
2026-04-20 14:41:21.717 +05:30 [INF] SmsApi.Middleware.LoggingActionFilter | CorrelationId:3d049a2e807f409b8dd7964663b3fc4b | API Response: GET /api/Attendance/records | Status: 200 | Duration: 231ms
2026-04-20 14:41:21.722 +05:30 [INF] SmsApi.Middleware.LoggingActionFilter | CorrelationId:fc3e4e5947d94920957241cf11496c8b | API Response: GET /api/students | Status: 200 | Duration: 136ms
2026-04-20 14:41:21.733 +05:30 [INF] Serilog.AspNetCore.RequestLoggingMiddleware | CorrelationId:72925069534b4606b514db485eb24137 | HTTP GET /api/academics/academic-years responded 200 in 199.2602 ms
2026-04-20 14:41:21.749 +05:30 [INF] SmsApi.Middleware.LoggingActionFilter | CorrelationId:0d2620f99a994382affe61a073e84c58 | API Response: GET /api/staff | Status: 200 | Duration: 89ms
2026-04-20 14:41:21.754 +05:30 [INF] Serilog.AspNetCore.RequestLoggingMiddleware | CorrelationId:3d049a2e807f409b8dd7964663b3fc4b | HTTP GET /api/Attendance/records responded 200 in 277.8814 ms
2026-04-20 14:41:21.756 +05:30 [INF] Serilog.AspNetCore.RequestLoggingMiddleware | CorrelationId:fc3e4e5947d94920957241cf11496c8b | HTTP GET /api/students responded 200 in 187.9071 ms
2026-04-20 14:41:21.762 +05:30 [INF] SmsApi.Middleware.LoggingActionFilter | CorrelationId:c4d9f601f9fd4cfe85d469eaf9a03f86 | API Response: GET /api/fees/stats | Status: 200 | Duration: 87ms
2026-04-20 14:41:21.769 +05:30 [INF] Serilog.AspNetCore.RequestLoggingMiddleware | CorrelationId:0d2620f99a994382affe61a073e84c58 | HTTP GET /api/staff responded 200 in 322.6405 ms
2026-04-20 14:41:21.794 +05:30 [INF] SmsApi.Middleware.LoggingActionFilter | CorrelationId:6a3dc7169b4742389fdf622b6cb9c8bf | API Request: GET /api/staff | User: Unknown | School: 550e8400-e29b-41d4-a716-446655440000
2026-04-20 14:41:21.817 +05:30 [INF] SmsApi.Middleware.LoggingActionFilter | CorrelationId:6b9f093e73b44931b0e27d3daeeb52cf | API Request: GET /api/Attendance/records | User: Unknown | School: 550e8400-e29b-41d4-a716-446655440000
2026-04-20 14:41:21.819 +05:30 [INF] Serilog.AspNetCore.RequestLoggingMiddleware | CorrelationId:c4d9f601f9fd4cfe85d469eaf9a03f86 | HTTP GET /api/fees/stats responded 200 in 336.8375 ms
2026-04-20 14:41:21.824 +05:30 [INF] SmsApi.Middleware.LoggingActionFilter | CorrelationId:42fcbcbbc5cb47c48573d44e19026368 | API Request: GET /api/fees/stats | User: Unknown | School: 550e8400-e29b-41d4-a716-446655440000
2026-04-20 14:41:21.832 +05:30 [INF] SmsApi.Middleware.LoggingActionFilter | CorrelationId:afefa61f6d3246e99c108a8f7ccd3136 | API Request: GET /api/academics/academic-years | User: Unknown | School: 550e8400-e29b-41d4-a716-446655440000
2026-04-20 14:41:21.838 +05:30 [INF] SmsApi.Middleware.LoggingActionFilter | CorrelationId:149aa030770b4bc9ad7cb3a6ff8ce74f | API Request: GET /api/settings/school/me | User: Unknown | School: 550e8400-e29b-41d4-a716-446655440000
2026-04-20 14:41:21.841 +05:30 [INF] SmsApi.Middleware.LoggingActionFilter | CorrelationId:6a3dc7169b4742389fdf622b6cb9c8bf | API Response: GET /api/staff | Status: 200 | Duration: 47ms
2026-04-20 14:41:21.858 +05:30 [INF] SmsApi.Middleware.LoggingActionFilter | CorrelationId:6b9f093e73b44931b0e27d3daeeb52cf | API Response: GET /api/Attendance/records | Status: 200 | Duration: 40ms
2026-04-20 14:41:21.858 +05:30 [INF] SmsApi.Middleware.LoggingActionFilter | CorrelationId:42fcbcbbc5cb47c48573d44e19026368 | API Response: GET /api/fees/stats | Status: 200 | Duration: 34ms
2026-04-20 14:41:21.860 +05:30 [INF] SmsApi.Middleware.LoggingActionFilter | CorrelationId:afefa61f6d3246e99c108a8f7ccd3136 | API Response: GET /api/academics/academic-years | Status: 200 | Duration: 28ms
2026-04-20 14:41:21.865 +05:30 [INF] Serilog.AspNetCore.RequestLoggingMiddleware | CorrelationId:6a3dc7169b4742389fdf622b6cb9c8bf | HTTP GET /api/staff responded 200 in 82.6649 ms
2026-04-20 14:41:21.867 +05:30 [INF] Serilog.AspNetCore.RequestLoggingMiddleware | CorrelationId:6b9f093e73b44931b0e27d3daeeb52cf | HTTP GET /api/Attendance/records responded 200 in 57.4172 ms
2026-04-20 14:41:21.869 +05:30 [INF] Serilog.AspNetCore.RequestLoggingMiddleware | CorrelationId:42fcbcbbc5cb47c48573d44e19026368 | HTTP GET /api/fees/stats responded 200 in 54.1677 ms
2026-04-20 14:41:21.873 +05:30 [INF] Serilog.AspNetCore.RequestLoggingMiddleware | CorrelationId:afefa61f6d3246e99c108a8f7ccd3136 | HTTP GET /api/academics/academic-years responded 200 in 42.3639 ms
2026-04-20 14:41:21.878 +05:30 [INF] SmsApi.Middleware.LoggingActionFilter | CorrelationId:149aa030770b4bc9ad7cb3a6ff8ce74f | API Response: GET /api/settings/school/me | Status: 200 | Duration: 40ms
2026-04-20 14:41:21.937 +05:30 [INF] Serilog.AspNetCore.RequestLoggingMiddleware | CorrelationId:149aa030770b4bc9ad7cb3a6ff8ce74f | HTTP GET /api/settings/school/me responded 200 in 100.8942 ms
2026-04-20 14:41:24.831 +05:30 [INF] Serilog.AspNetCore.RequestLoggingMiddleware | CorrelationId:d487cf8f6168431e92a942f002caae6b | HTTP OPTIONS /api/staff responded 204 in 0.0730 ms
2026-04-20 14:41:24.831 +05:30 [INF] Serilog.AspNetCore.RequestLoggingMiddleware | CorrelationId:14c6f437694243ebb2880f329b8f79ab | HTTP OPTIONS /api/Attendance/staff responded 204 in 0.0141 ms
2026-04-20 14:41:24.831 +05:30 [INF] Serilog.AspNetCore.RequestLoggingMiddleware | CorrelationId:6dd2fff6790c4b1f80b3c4a280687273 | HTTP OPTIONS /api/staff responded 204 in 0.0335 ms
2026-04-20 14:41:24.832 +05:30 [INF] Serilog.AspNetCore.RequestLoggingMiddleware | CorrelationId:dd614171094145c2a76e3a8d44554153 | HTTP OPTIONS /api/Attendance/staff responded 204 in 0.0155 ms
2026-04-20 14:41:24.856 +05:30 [INF] SmsApi.Middleware.LoggingActionFilter | CorrelationId:5e094710af6a46f9a01aa48ea4bdfdd6 | API Request: GET /api/staff | User: Unknown | School: 550e8400-e29b-41d4-a716-446655440000
2026-04-20 14:41:24.888 +05:30 [INF] SmsApi.Middleware.LoggingActionFilter | CorrelationId:1ec80fc7e7014ba3a0afa031f0be93f9 | API Request: GET /api/Attendance/staff | User: Unknown | School: 550e8400-e29b-41d4-a716-446655440000
2026-04-20 14:41:24.894 +05:30 [INF] SmsApi.Middleware.LoggingActionFilter | CorrelationId:97e010b3ca1a43aa8e798110883f07ed | API Request: GET /api/staff | User: Unknown | School: 550e8400-e29b-41d4-a716-446655440000
2026-04-20 14:41:24.901 +05:30 [INF] SmsApi.Middleware.LoggingActionFilter | CorrelationId:475245a476b746fb882ed4e51109b285 | API Request: GET /api/Attendance/staff | User: Unknown | School: 550e8400-e29b-41d4-a716-446655440000
2026-04-20 14:41:24.915 +05:30 [INF] SmsApi.Middleware.LoggingActionFilter | CorrelationId:5e094710af6a46f9a01aa48ea4bdfdd6 | API Response: GET /api/staff | Status: 200 | Duration: 58ms
2026-04-20 14:41:24.916 +05:30 [INF] SmsApi.Middleware.LoggingActionFilter | CorrelationId:97e010b3ca1a43aa8e798110883f07ed | API Response: GET /api/staff | Status: 200 | Duration: 22ms
2026-04-20 14:41:24.936 +05:30 [INF] Serilog.AspNetCore.RequestLoggingMiddleware | CorrelationId:97e010b3ca1a43aa8e798110883f07ed | HTTP GET /api/staff responded 200 in 45.0534 ms
2026-04-20 14:41:24.929 +05:30 [INF] Serilog.AspNetCore.RequestLoggingMiddleware | CorrelationId:5e094710af6a46f9a01aa48ea4bdfdd6 | HTTP GET /api/staff responded 200 in 76.1403 ms
2026-04-20 14:41:24.952 +05:30 [INF] SmsApi.Middleware.LoggingActionFilter | CorrelationId:475245a476b746fb882ed4e51109b285 | API Response: GET /api/Attendance/staff | Status: 200 | Duration: 50ms
2026-04-20 14:41:24.952 +05:30 [INF] SmsApi.Middleware.LoggingActionFilter | CorrelationId:1ec80fc7e7014ba3a0afa031f0be93f9 | API Response: GET /api/Attendance/staff | Status: 200 | Duration: 64ms
2026-04-20 14:41:24.981 +05:30 [INF] Serilog.AspNetCore.RequestLoggingMiddleware | CorrelationId:475245a476b746fb882ed4e51109b285 | HTTP GET /api/Attendance/staff responded 200 in 83.6669 ms
2026-04-20 14:41:24.981 +05:30 [INF] Serilog.AspNetCore.RequestLoggingMiddleware | CorrelationId:1ec80fc7e7014ba3a0afa031f0be93f9 | HTTP GET /api/Attendance/staff responded 200 in 109.6090 ms
2026-04-20 14:41:54.561 +05:30 [INF] Serilog.AspNetCore.RequestLoggingMiddleware | CorrelationId:6f0a3534b0f04d089cc1b05669f4862f | HTTP OPTIONS /api/staff responded 204 in 0.8809 ms
2026-04-20 14:41:54.561 +05:30 [INF] Serilog.AspNetCore.RequestLoggingMiddleware | CorrelationId:f148a65c318b4f8cab6a5c6ec4a2adba | HTTP OPTIONS /api/staff responded 204 in 0.0910 ms
2026-04-20 14:41:54.611 +05:30 [INF] SmsApi.Middleware.LoggingActionFilter | CorrelationId:408d18a7918a468484facac8d2cd493c | API Request: GET /api/staff | User: Unknown | School: 550e8400-e29b-41d4-a716-446655440000
2026-04-20 14:41:54.611 +05:30 [INF] SmsApi.Middleware.LoggingActionFilter | CorrelationId:8e0b858840e7426e970c2c9f399c8d7b | API Request: GET /api/staff | User: Unknown | School: 550e8400-e29b-41d4-a716-446655440000
2026-04-20 14:41:54.620 +05:30 [INF] SmsApi.Middleware.LoggingActionFilter | CorrelationId:408d18a7918a468484facac8d2cd493c | API Response: GET /api/staff | Status: 200 | Duration: 9ms
2026-04-20 14:41:54.635 +05:30 [INF] SmsApi.Middleware.LoggingActionFilter | CorrelationId:8e0b858840e7426e970c2c9f399c8d7b | API Response: GET /api/staff | Status: 200 | Duration: 24ms
2026-04-20 14:41:54.642 +05:30 [INF] Serilog.AspNetCore.RequestLoggingMiddleware | CorrelationId:408d18a7918a468484facac8d2cd493c | HTTP GET /api/staff responded 200 in 42.5877 ms
2026-04-20 14:41:54.646 +05:30 [INF] Serilog.AspNetCore.RequestLoggingMiddleware | CorrelationId:8e0b858840e7426e970c2c9f399c8d7b | HTTP GET /api/staff responded 200 in 38.5561 ms
2026-04-20 14:42:01.055 +05:30 [INF] Serilog.AspNetCore.RequestLoggingMiddleware | CorrelationId:72162f50af04469e8ebd0b59a13e572a | HTTP OPTIONS /api/library/books responded 204 in 0.0774 ms
2026-04-20 14:42:01.055 +05:30 [INF] Serilog.AspNetCore.RequestLoggingMiddleware | CorrelationId:9211a6ae50164133b99988a5daedc363 | HTTP OPTIONS /api/library/books responded 204 in 0.0774 ms
2026-04-20 14:42:01.058 +05:30 [INF] Serilog.AspNetCore.RequestLoggingMiddleware | CorrelationId:0ca2c29161b246518c3792a16c37ea23 | HTTP OPTIONS /api/library/issues responded 204 in 0.0495 ms
2026-04-20 14:42:01.093 +05:30 [INF] Serilog.AspNetCore.RequestLoggingMiddleware | CorrelationId:026c46ca9d634269adc99ba0410c3629 | HTTP OPTIONS /api/library/issues responded 204 in 0.0393 ms
2026-04-20 14:42:01.098 +05:30 [INF] Serilog.AspNetCore.RequestLoggingMiddleware | CorrelationId:d544831e61dd4c4c8e03f7df6ff57021 | HTTP OPTIONS /api/library/books responded 204 in 0.0563 ms
2026-04-20 14:42:01.098 +05:30 [INF] Serilog.AspNetCore.RequestLoggingMiddleware | CorrelationId:7ac1052c52a242b3ac235db034db072c | HTTP OPTIONS /api/library/stats responded 204 in 0.0621 ms
2026-04-20 14:42:01.115 +05:30 [INF] Serilog.AspNetCore.RequestLoggingMiddleware | CorrelationId:cccd2bd52a884d5d8806bbdccc80955b | HTTP OPTIONS /api/library/issues responded 204 in 0.1120 ms
2026-04-20 14:42:01.133 +05:30 [INF] Serilog.AspNetCore.RequestLoggingMiddleware | CorrelationId:a25622eb14b54ef3af0eaa38f08fa117 | HTTP OPTIONS /api/students responded 204 in 0.0470 ms
2026-04-20 14:42:01.165 +05:30 [INF] Serilog.AspNetCore.RequestLoggingMiddleware | CorrelationId:88fede83efb8435ca7adc5e38da3e168 | HTTP OPTIONS /api/library/books responded 204 in 0.0406 ms
2026-04-20 14:42:01.175 +05:30 [INF] Serilog.AspNetCore.RequestLoggingMiddleware | CorrelationId:dd82bb47caed405c8e3ba513e4e00e4d | HTTP OPTIONS /api/library/books responded 204 in 0.0374 ms
2026-04-20 14:42:01.187 +05:30 [INF] Serilog.AspNetCore.RequestLoggingMiddleware | CorrelationId:32322d09dca94dc99b38c26fab25b8a9 | HTTP OPTIONS /api/library/issues responded 204 in 0.0432 ms
2026-04-20 14:42:01.209 +05:30 [INF] Serilog.AspNetCore.RequestLoggingMiddleware | CorrelationId:59fff4f8f5d249d09e954951beb12880 | HTTP OPTIONS /api/library/issues responded 204 in 0.0428 ms
2026-04-20 14:42:01.216 +05:30 [INF] Serilog.AspNetCore.RequestLoggingMiddleware | CorrelationId:fa9f2acad8ce432e93e7cdd58556ec2e | HTTP OPTIONS /api/library/stats responded 204 in 0.1315 ms
2026-04-20 14:42:01.233 +05:30 [INF] Serilog.AspNetCore.RequestLoggingMiddleware | CorrelationId:6a90237499eb42188f6163d160547eaa | HTTP OPTIONS /api/library/books responded 204 in 0.1436 ms
2026-04-20 14:42:01.242 +05:30 [INF] Serilog.AspNetCore.RequestLoggingMiddleware | CorrelationId:b9c7a53f13414efab33f675f7bec2cc1 | HTTP OPTIONS /api/library/issues responded 204 in 0.0346 ms
2026-04-20 14:42:01.250 +05:30 [INF] Serilog.AspNetCore.RequestLoggingMiddleware | CorrelationId:a906d5404cc24989bbfe92c6a75a29cb | HTTP OPTIONS /api/students responded 204 in 0.0338 ms
2026-04-20 14:42:01.261 +05:30 [INF] SmsApi.Middleware.LoggingActionFilter | CorrelationId:3c1ff0cc0e5e4d199769975bb63f2971 | API Request: GET /api/library/books | User: Unknown | School: 550e8400-e29b-41d4-a716-446655440000
2026-04-20 14:42:01.265 +05:30 [INF] SmsApi.Middleware.LoggingActionFilter | CorrelationId:77797000908e45458b7c3d89841d566f | API Request: GET /api/library/books | User: Unknown | School: 550e8400-e29b-41d4-a716-446655440000
2026-04-20 14:42:01.272 +05:30 [INF] SmsApi.Middleware.LoggingActionFilter | CorrelationId:719214462c4742a59424b3f8bcbd660a | API Request: GET /api/library/issues | User: Unknown | School: 550e8400-e29b-41d4-a716-446655440000
2026-04-20 14:42:01.279 +05:30 [INF] SmsApi.Middleware.LoggingActionFilter | CorrelationId:d107d933618a4b65823e2600fbb0c85e | API Request: GET /api/library/issues | User: Unknown | School: 550e8400-e29b-41d4-a716-446655440000
2026-04-20 14:42:01.308 +05:30 [INF] SmsApi.Middleware.LoggingActionFilter | CorrelationId:6a0389dce24740abaaee398be4ab0bcc | API Request: GET /api/library/books | User: Unknown | School: 550e8400-e29b-41d4-a716-446655440000
2026-04-20 14:42:01.316 +05:30 [INF] SmsApi.Middleware.LoggingActionFilter | CorrelationId:10f125fc75c742d0a097a65150376e26 | API Request: GET /api/library/stats | User: Unknown | School: 550e8400-e29b-41d4-a716-446655440000
2026-04-20 14:42:01.370 +05:30 [INF] SmsApi.Middleware.LoggingActionFilter | CorrelationId:77797000908e45458b7c3d89841d566f | API Response: GET /api/library/books | Status: 200 | Duration: 105ms
2026-04-20 14:42:01.370 +05:30 [INF] SmsApi.Middleware.LoggingActionFilter | CorrelationId:3c1ff0cc0e5e4d199769975bb63f2971 | API Response: GET /api/library/books | Status: 200 | Duration: 108ms
2026-04-20 14:42:01.468 +05:30 [INF] Serilog.AspNetCore.RequestLoggingMiddleware | CorrelationId:77797000908e45458b7c3d89841d566f | HTTP GET /api/library/books responded 200 in 206.6537 ms
2026-04-20 14:42:01.469 +05:30 [INF] SmsApi.Middleware.LoggingActionFilter | CorrelationId:d107d933618a4b65823e2600fbb0c85e | API Response: GET /api/library/issues | Status: 200 | Duration: 189ms
2026-04-20 14:42:01.485 +05:30 [INF] Serilog.AspNetCore.RequestLoggingMiddleware | CorrelationId:3c1ff0cc0e5e4d199769975bb63f2971 | HTTP GET /api/library/books responded 200 in 229.8576 ms
2026-04-20 14:42:01.489 +05:30 [INF] SmsApi.Middleware.LoggingActionFilter | CorrelationId:719214462c4742a59424b3f8bcbd660a | API Response: GET /api/library/issues | Status: 200 | Duration: 217ms
2026-04-20 14:42:01.518 +05:30 [INF] SmsApi.Middleware.LoggingActionFilter | CorrelationId:10f125fc75c742d0a097a65150376e26 | API Response: GET /api/library/stats | Status: 200 | Duration: 201ms
2026-04-20 14:42:01.541 +05:30 [INF] Serilog.AspNetCore.RequestLoggingMiddleware | CorrelationId:d107d933618a4b65823e2600fbb0c85e | HTTP GET /api/library/issues responded 200 in 263.6763 ms
2026-04-20 14:42:01.565 +05:30 [INF] SmsApi.Middleware.LoggingActionFilter | CorrelationId:6a0389dce24740abaaee398be4ab0bcc | API Response: GET /api/library/books | Status: 200 | Duration: 256ms
2026-04-20 14:42:01.570 +05:30 [INF] Serilog.AspNetCore.RequestLoggingMiddleware | CorrelationId:719214462c4742a59424b3f8bcbd660a | HTTP GET /api/library/issues responded 200 in 301.9477 ms
2026-04-20 14:42:01.575 +05:30 [INF] Serilog.AspNetCore.RequestLoggingMiddleware | CorrelationId:10f125fc75c742d0a097a65150376e26 | HTTP GET /api/library/stats responded 200 in 265.8457 ms
2026-04-20 14:42:01.599 +05:30 [INF] SmsApi.Middleware.LoggingActionFilter | CorrelationId:4f68cdb6637349e5a35f3e27e9e7da26 | API Request: GET /api/library/issues | User: Unknown | School: 550e8400-e29b-41d4-a716-446655440000
2026-04-20 14:42:01.611 +05:30 [INF] Serilog.AspNetCore.RequestLoggingMiddleware | CorrelationId:6a0389dce24740abaaee398be4ab0bcc | HTTP GET /api/library/books responded 200 in 306.7126 ms
2026-04-20 14:42:01.632 +05:30 [INF] SmsApi.Middleware.LoggingActionFilter | CorrelationId:e44445c2d5a64e6da01889ced34e6c05 | API Request: GET /api/students | User: Unknown | School: 550e8400-e29b-41d4-a716-446655440000
2026-04-20 14:42:01.645 +05:30 [INF] SmsApi.Middleware.LoggingActionFilter | CorrelationId:daa6d832cff34424b41350bec450f8a9 | API Request: GET /api/library/books | User: Unknown | School: 550e8400-e29b-41d4-a716-446655440000
2026-04-20 14:42:01.666 +05:30 [INF] SmsApi.Middleware.LoggingActionFilter | CorrelationId:7542be9e04de45dfa8395ed418693e25 | API Request: GET /api/library/books | User: Unknown | School: 550e8400-e29b-41d4-a716-446655440000
2026-04-20 14:42:01.707 +05:30 [INF] SmsApi.Middleware.LoggingActionFilter | CorrelationId:4f68cdb6637349e5a35f3e27e9e7da26 | API Response: GET /api/library/issues | Status: 200 | Duration: 107ms
2026-04-20 14:42:01.711 +05:30 [INF] SmsApi.Middleware.LoggingActionFilter | CorrelationId:4620d84f08c84002b09def057d107c5a | API Request: GET /api/library/issues | User: Unknown | School: 550e8400-e29b-41d4-a716-446655440000
2026-04-20 14:42:01.740 +05:30 [INF] SmsApi.Middleware.LoggingActionFilter | CorrelationId:daa6d832cff34424b41350bec450f8a9 | API Response: GET /api/library/books | Status: 200 | Duration: 94ms
2026-04-20 14:42:01.742 +05:30 [INF] SmsApi.Middleware.LoggingActionFilter | CorrelationId:e44445c2d5a64e6da01889ced34e6c05 | API Response: GET /api/students | Status: 200 | Duration: 109ms
2026-04-20 14:42:01.747 +05:30 [INF] Serilog.AspNetCore.RequestLoggingMiddleware | CorrelationId:4f68cdb6637349e5a35f3e27e9e7da26 | HTTP GET /api/library/issues responded 200 in 159.2822 ms
2026-04-20 14:42:01.758 +05:30 [INF] SmsApi.Middleware.LoggingActionFilter | CorrelationId:aff85b37fdbb42c8bf1e792b5a131d3b | API Request: GET /api/library/issues | User: Unknown | School: 550e8400-e29b-41d4-a716-446655440000
2026-04-20 14:42:01.760 +05:30 [INF] Serilog.AspNetCore.RequestLoggingMiddleware | CorrelationId:daa6d832cff34424b41350bec450f8a9 | HTTP GET /api/library/books responded 200 in 122.5926 ms
2026-04-20 14:42:01.764 +05:30 [INF] Serilog.AspNetCore.RequestLoggingMiddleware | CorrelationId:e44445c2d5a64e6da01889ced34e6c05 | HTTP GET /api/students responded 200 in 138.8179 ms
2026-04-20 14:42:01.768 +05:30 [INF] SmsApi.Middleware.LoggingActionFilter | CorrelationId:7542be9e04de45dfa8395ed418693e25 | API Response: GET /api/library/books | Status: 200 | Duration: 102ms
2026-04-20 14:42:01.779 +05:30 [INF] SmsApi.Middleware.LoggingActionFilter | CorrelationId:4620d84f08c84002b09def057d107c5a | API Response: GET /api/library/issues | Status: 200 | Duration: 68ms
2026-04-20 14:42:01.797 +05:30 [INF] SmsApi.Middleware.LoggingActionFilter | CorrelationId:aff85b37fdbb42c8bf1e792b5a131d3b | API Response: GET /api/library/issues | Status: 200 | Duration: 39ms
2026-04-20 14:42:01.839 +05:30 [INF] SmsApi.Middleware.LoggingActionFilter | CorrelationId:21943fe6b5734da392e3c6b5b1fddeb3 | API Request: GET /api/library/stats | User: Unknown | School: 550e8400-e29b-41d4-a716-446655440000
2026-04-20 14:42:01.860 +05:30 [INF] Serilog.AspNetCore.RequestLoggingMiddleware | CorrelationId:7542be9e04de45dfa8395ed418693e25 | HTTP GET /api/library/books responded 200 in 197.0614 ms
2026-04-20 14:42:01.864 +05:30 [INF] Serilog.AspNetCore.RequestLoggingMiddleware | CorrelationId:4620d84f08c84002b09def057d107c5a | HTTP GET /api/library/issues responded 200 in 159.5184 ms
2026-04-20 14:42:01.870 +05:30 [INF] Serilog.AspNetCore.RequestLoggingMiddleware | CorrelationId:aff85b37fdbb42c8bf1e792b5a131d3b | HTTP GET /api/library/issues responded 200 in 115.0496 ms
2026-04-20 14:42:01.886 +05:30 [INF] SmsApi.Middleware.LoggingActionFilter | CorrelationId:83ef76c5c4c14f24ad9e7e66d443375a | API Request: GET /api/library/books | User: Unknown | School: 550e8400-e29b-41d4-a716-446655440000
2026-04-20 14:42:01.900 +05:30 [INF] SmsApi.Middleware.LoggingActionFilter | CorrelationId:5e05dcafd21947c8a0166c0873aa2a5e | API Request: GET /api/library/issues | User: Unknown | School: 550e8400-e29b-41d4-a716-446655440000
2026-04-20 14:42:01.919 +05:30 [INF] SmsApi.Middleware.LoggingActionFilter | CorrelationId:21943fe6b5734da392e3c6b5b1fddeb3 | API Response: GET /api/library/stats | Status: 200 | Duration: 79ms
2026-04-20 14:42:01.947 +05:30 [INF] Serilog.AspNetCore.RequestLoggingMiddleware | CorrelationId:21943fe6b5734da392e3c6b5b1fddeb3 | HTTP GET /api/library/stats responded 200 in 110.0916 ms
2026-04-20 14:42:01.937 +05:30 [INF] Serilog.AspNetCore.RequestLoggingMiddleware | CorrelationId:0a5ae794bc79421ba93e2990ffa6b24f | HTTP OPTIONS /api/library/books responded 204 in 0.0618 ms
2026-04-20 14:42:01.945 +05:30 [INF] SmsApi.Middleware.LoggingActionFilter | CorrelationId:83ef76c5c4c14f24ad9e7e66d443375a | API Response: GET /api/library/books | Status: 200 | Duration: 58ms
2026-04-20 14:42:01.929 +05:30 [INF] SmsApi.Middleware.LoggingActionFilter | CorrelationId:efc48e22a68144dc88280fc63111a763 | API Request: GET /api/students | User: Unknown | School: 550e8400-e29b-41d4-a716-446655440000
2026-04-20 14:42:01.955 +05:30 [INF] SmsApi.Middleware.LoggingActionFilter | CorrelationId:5e05dcafd21947c8a0166c0873aa2a5e | API Response: GET /api/library/issues | Status: 200 | Duration: 55ms
2026-04-20 14:42:02.067 +05:30 [INF] Serilog.AspNetCore.RequestLoggingMiddleware | CorrelationId:5e05dcafd21947c8a0166c0873aa2a5e | HTTP GET /api/library/issues responded 200 in 185.0870 ms
2026-04-20 14:42:01.986 +05:30 [INF] SmsApi.Middleware.LoggingActionFilter | CorrelationId:c7c579aa512440a78603d5736f333a3a | API Request: GET /api/library/books | User: Unknown | School: 550e8400-e29b-41d4-a716-446655440000
2026-04-20 14:42:02.059 +05:30 [INF] SmsApi.Middleware.LoggingActionFilter | CorrelationId:efc48e22a68144dc88280fc63111a763 | API Response: GET /api/students | Status: 200 | Duration: 130ms
2026-04-20 14:42:01.968 +05:30 [INF] Serilog.AspNetCore.RequestLoggingMiddleware | CorrelationId:83ef76c5c4c14f24ad9e7e66d443375a | HTTP GET /api/library/books responded 200 in 92.7951 ms
2026-04-20 14:42:02.093 +05:30 [INF] SmsApi.Middleware.LoggingActionFilter | CorrelationId:c7c579aa512440a78603d5736f333a3a | API Response: GET /api/library/books | Status: 200 | Duration: 107ms
2026-04-20 14:42:02.097 +05:30 [INF] Serilog.AspNetCore.RequestLoggingMiddleware | CorrelationId:efc48e22a68144dc88280fc63111a763 | HTTP GET /api/students responded 200 in 184.5626 ms
2026-04-20 14:42:02.141 +05:30 [INF] Serilog.AspNetCore.RequestLoggingMiddleware | CorrelationId:c7c579aa512440a78603d5736f333a3a | HTTP GET /api/library/books responded 200 in 157.8546 ms
2026-04-20 14:42:03.239 +05:30 [INF] Serilog.AspNetCore.RequestLoggingMiddleware | CorrelationId:5f36dbd346154f7091c9a12102a9c2dc | HTTP OPTIONS /api/permissions/roles responded 204 in 0.0518 ms
2026-04-20 14:42:03.243 +05:30 [INF] Serilog.AspNetCore.RequestLoggingMiddleware | CorrelationId:b3ff2f30dcbb4af185276c3765aaf2d4 | HTTP OPTIONS /api/permissions/stats responded 204 in 0.0318 ms
2026-04-20 14:42:03.248 +05:30 [INF] Serilog.AspNetCore.RequestLoggingMiddleware | CorrelationId:6e6205d1dd364ceb8da62961b3209fcb | HTTP OPTIONS /api/permissions/roles responded 204 in 0.3763 ms
2026-04-20 14:42:03.264 +05:30 [INF] Serilog.AspNetCore.RequestLoggingMiddleware | CorrelationId:9084dd4c488b4e40a3bedf822d6e28b7 | HTTP OPTIONS /api/permissions/stats responded 204 in 0.0940 ms
2026-04-20 14:42:03.286 +05:30 [INF] SmsApi.Middleware.LoggingActionFilter | CorrelationId:25cd3ae6e6514fcc91bc3ad74f1aac25 | API Request: GET /api/permissions/roles | User: Unknown | School: 550e8400-e29b-41d4-a716-446655440000
2026-04-20 14:42:03.318 +05:30 [INF] SmsApi.Middleware.LoggingActionFilter | CorrelationId:6b1169a0dbf048f287d408f4f793fb31 | API Request: GET /api/permissions/stats | User: Unknown | School: 550e8400-e29b-41d4-a716-446655440000
2026-04-20 14:42:03.326 +05:30 [INF] SmsApi.Middleware.LoggingActionFilter | CorrelationId:da99a9728fc14382bc493fe27094ea45 | API Request: GET /api/permissions/roles | User: Unknown | School: 550e8400-e29b-41d4-a716-446655440000
2026-04-20 14:42:03.341 +05:30 [INF] SmsApi.Middleware.LoggingActionFilter | CorrelationId:686e7de73c514bd883ba64d99c0fd890 | API Request: GET /api/permissions/stats | User: Unknown | School: 550e8400-e29b-41d4-a716-446655440000
2026-04-20 14:42:03.365 +05:30 [INF] SmsApi.Middleware.LoggingActionFilter | CorrelationId:25cd3ae6e6514fcc91bc3ad74f1aac25 | API Response: GET /api/permissions/roles | Status: 200 | Duration: 79ms
2026-04-20 14:42:03.385 +05:30 [INF] SmsApi.Middleware.LoggingActionFilter | CorrelationId:6b1169a0dbf048f287d408f4f793fb31 | API Response: GET /api/permissions/stats | Status: 200 | Duration: 67ms
2026-04-20 14:42:03.397 +05:30 [INF] SmsApi.Middleware.LoggingActionFilter | CorrelationId:da99a9728fc14382bc493fe27094ea45 | API Response: GET /api/permissions/roles | Status: 200 | Duration: 71ms
2026-04-20 14:42:03.414 +05:30 [INF] Serilog.AspNetCore.RequestLoggingMiddleware | CorrelationId:25cd3ae6e6514fcc91bc3ad74f1aac25 | HTTP GET /api/permissions/roles responded 200 in 129.1732 ms
2026-04-20 14:42:03.422 +05:30 [INF] SmsApi.Middleware.LoggingActionFilter | CorrelationId:686e7de73c514bd883ba64d99c0fd890 | API Response: GET /api/permissions/stats | Status: 200 | Duration: 81ms
2026-04-20 14:42:03.428 +05:30 [INF] Serilog.AspNetCore.RequestLoggingMiddleware | CorrelationId:6b1169a0dbf048f287d408f4f793fb31 | HTTP GET /api/permissions/stats responded 200 in 112.5548 ms
2026-04-20 14:42:03.432 +05:30 [INF] Serilog.AspNetCore.RequestLoggingMiddleware | CorrelationId:da99a9728fc14382bc493fe27094ea45 | HTTP GET /api/permissions/roles responded 200 in 108.2637 ms
2026-04-20 14:42:03.448 +05:30 [INF] Serilog.AspNetCore.RequestLoggingMiddleware | CorrelationId:686e7de73c514bd883ba64d99c0fd890 | HTTP GET /api/permissions/stats responded 200 in 107.9873 ms
2026-04-20 17:02:25.545 +05:30 [INF] Serilog.AspNetCore.RequestLoggingMiddleware | CorrelationId:86de4adab44543b5bd7cd8ef58230694 | HTTP OPTIONS /api/academics/academic-years responded 204 in 0.9599 ms
2026-04-20 17:02:25.639 +05:30 [INF] Serilog.AspNetCore.RequestLoggingMiddleware | CorrelationId:bdb1fdff62a446468eb9f7c026c528f9 | HTTP OPTIONS /api/academics/academic-years responded 204 in 0.5316 ms
2026-04-20 17:02:26.166 +05:30 [WRN] SmsApi.Infrastructure.Performance.PerformanceMonitoringMiddleware | CorrelationId: | Slow request: OPTIONS /api/academics/academic-years took 622ms — status 204.
2026-04-20 17:02:26.189 +05:30 [WRN] SmsApi.Infrastructure.Performance.PerformanceMonitoringMiddleware | CorrelationId: | Slow request: OPTIONS /api/academics/academic-years took 558ms — status 204.
2026-04-20 17:02:26.333 +05:30 [INF] Serilog.AspNetCore.RequestLoggingMiddleware | CorrelationId:eae7495b9467410883f50a7162718633 | HTTP GET /api/academics/academic-years responded 401 in 93.9093 ms
2026-04-20 17:02:26.816 +05:30 [INF] Serilog.AspNetCore.RequestLoggingMiddleware | CorrelationId:8c0d2d9b5f514267bc9034042400fec3 | HTTP GET /api/academics/academic-years responded 401 in 81.5271 ms
2026-04-20 17:02:27.763 +05:30 [INF] Serilog.AspNetCore.RequestLoggingMiddleware | CorrelationId:8c6ca0839bd04875a140410daccdb1d1 | HTTP GET /api/academics/academic-years responded 401 in 0.4750 ms
2026-04-20 17:02:27.765 +05:30 [WRN] SmsApi.Infrastructure.Performance.PerformanceMonitoringMiddleware | CorrelationId: | Slow request: GET /api/academics/academic-years took 1030ms — status 401.
2026-04-20 17:02:27.992 +05:30 [INF] Serilog.AspNetCore.RequestLoggingMiddleware | CorrelationId:a23e3295e4b7403889a639904a739766 | HTTP GET /api/academics/academic-years responded 401 in 0.2408 ms
2026-04-20 17:02:31.591 +05:30 [INF] Serilog.AspNetCore.RequestLoggingMiddleware | CorrelationId:7a336b0be254485199ea5a8a75de7124 | HTTP OPTIONS /api/auth/login responded 204 in 0.2819 ms
2026-04-20 17:02:31.640 +05:30 [INF] SmsApi.Middleware.LoggingActionFilter | CorrelationId:ac7ae748afed40aaaecfbe0c56f21f1f | API Request: POST /api/auth/login | User: Unknown | School: Unknown
2026-04-20 17:02:32.671 +05:30 [INF] SmsApi.Controllers.AuthController | CorrelationId:ac7ae748afed40aaaecfbe0c56f21f1f | Login successful for admin (SchoolId: "550e8400-e29b-41d4-a716-446655440000")
2026-04-20 17:02:32.681 +05:30 [INF] SmsApi.Middleware.LoggingActionFilter | CorrelationId:ac7ae748afed40aaaecfbe0c56f21f1f | API Response: POST /api/auth/login | Status: 200 | Duration: 1040ms
2026-04-20 17:02:32.723 +05:30 [INF] Serilog.AspNetCore.RequestLoggingMiddleware | CorrelationId:ac7ae748afed40aaaecfbe0c56f21f1f | HTTP POST /api/auth/login responded 200 in 1116.6739 ms
2026-04-20 17:02:32.749 +05:30 [WRN] SmsApi.Infrastructure.Performance.PerformanceMonitoringMiddleware | CorrelationId: | Slow request: POST /api/auth/login took 1101ms — status 200.
2026-04-20 17:02:32.873 +05:30 [INF] Serilog.AspNetCore.RequestLoggingMiddleware | CorrelationId:3c6b19afe9c3415f8e0d764e5234e0c1 | HTTP OPTIONS /api/settings/school/me responded 204 in 0.1201 ms
2026-04-20 17:02:32.874 +05:30 [INF] Serilog.AspNetCore.RequestLoggingMiddleware | CorrelationId:d37502623c6345f69c6aaf7eee4e608e | HTTP OPTIONS /api/staff responded 204 in 0.0333 ms
2026-04-20 17:02:32.882 +05:30 [INF] Serilog.AspNetCore.RequestLoggingMiddleware | CorrelationId:667b71784bb7419d97ebb8965b0e9054 | HTTP OPTIONS /api/Attendance/records responded 204 in 0.0364 ms
2026-04-20 17:02:32.883 +05:30 [INF] Serilog.AspNetCore.RequestLoggingMiddleware | CorrelationId:37e2dd853b92467b96b886e7bfa97744 | HTTP OPTIONS /api/students responded 204 in 3.1440 ms
2026-04-20 17:02:33.493 +05:30 [WRN] SmsApi.Infrastructure.Performance.PerformanceMonitoringMiddleware | CorrelationId: | Slow request: OPTIONS /api/settings/school/me took 620ms — status 204.
2026-04-20 17:02:33.517 +05:30 [WRN] SmsApi.Infrastructure.Performance.PerformanceMonitoringMiddleware | CorrelationId: | Slow request: OPTIONS /api/staff took 642ms — status 204.
2026-04-20 17:02:33.528 +05:30 [WRN] SmsApi.Infrastructure.Performance.PerformanceMonitoringMiddleware | CorrelationId: | Slow request: OPTIONS /api/Attendance/records took 647ms — status 204.
2026-04-20 17:02:33.547 +05:30 [WRN] SmsApi.Infrastructure.Performance.PerformanceMonitoringMiddleware | CorrelationId: | Slow request: OPTIONS /api/students took 667ms — status 204.
2026-04-20 17:02:33.568 +05:30 [INF] Serilog.AspNetCore.RequestLoggingMiddleware | CorrelationId:e54ea4b2409849acaeab51b82457751c | HTTP OPTIONS /api/fees/stats responded 204 in 0.0503 ms
2026-04-20 17:02:33.599 +05:30 [INF] Serilog.AspNetCore.RequestLoggingMiddleware | CorrelationId:4b30ff06ed3145ab8db1d3eac9025256 | HTTP OPTIONS /api/students responded 204 in 0.0759 ms
2026-04-20 17:02:33.617 +05:30 [INF] Serilog.AspNetCore.RequestLoggingMiddleware | CorrelationId:1727083b82874b7299d68a03dabd980a | HTTP OPTIONS /api/staff responded 204 in 0.0436 ms
2026-04-20 17:02:33.663 +05:30 [INF] Serilog.AspNetCore.RequestLoggingMiddleware | CorrelationId:12a1a801efd6494c86ca131e39ba4d7e | HTTP OPTIONS /api/Attendance/records responded 204 in 0.0495 ms
2026-04-20 17:02:33.761 +05:30 [INF] Serilog.AspNetCore.RequestLoggingMiddleware | CorrelationId:63a206a77bd34a958ca817a46fba3f8b | HTTP OPTIONS /api/fees/stats responded 204 in 0.0673 ms
2026-04-20 17:02:33.901 +05:30 [INF] Serilog.AspNetCore.RequestLoggingMiddleware | CorrelationId:b935e40df8a34bd7a1c68edf012398c1 | HTTP OPTIONS /api/students responded 204 in 0.0520 ms
2026-04-20 17:02:33.914 +05:30 [INF] Serilog.AspNetCore.RequestLoggingMiddleware | CorrelationId:d34039d0909a4f779bc2a23c49eee8a8 | HTTP OPTIONS /api/fees/stats responded 204 in 0.0518 ms
2026-04-20 17:02:33.914 +05:30 [INF] Serilog.AspNetCore.RequestLoggingMiddleware | CorrelationId:c71de14f11964b56a372b32f6edbb7c3 | HTTP OPTIONS /api/academics/academic-years responded 204 in 0.0132 ms
2026-04-20 17:02:33.923 +05:30 [INF] Serilog.AspNetCore.RequestLoggingMiddleware | CorrelationId:302eb1e2e4aa476284f8af166dbed10c | HTTP OPTIONS /api/students responded 204 in 0.0701 ms
2026-04-20 17:02:33.927 +05:30 [INF] Serilog.AspNetCore.RequestLoggingMiddleware | CorrelationId:a6d19c34ac0d4a459a76da69c0bf29c2 | HTTP OPTIONS /api/fees/stats responded 204 in 0.0293 ms
2026-04-20 17:02:33.936 +05:30 [INF] Serilog.AspNetCore.RequestLoggingMiddleware | CorrelationId:99a1d29af02a42dc915dcb33e51b7180 | HTTP OPTIONS /api/academics/academic-years responded 204 in 0.0408 ms
2026-04-20 17:02:33.952 +05:30 [INF] SmsApi.Middleware.LoggingActionFilter | CorrelationId:ce83bd7b14404aaeb1b3a22136f60cac | API Request: GET /api/staff | User: Unknown | School: 550e8400-e29b-41d4-a716-446655440000
2026-04-20 17:02:33.963 +05:30 [INF] SmsApi.Middleware.LoggingActionFilter | CorrelationId:382093f3a9644a6ebabd4d828bd6b684 | API Request: GET /api/settings/school/me | User: Unknown | School: 550e8400-e29b-41d4-a716-446655440000
2026-04-20 17:02:33.982 +05:30 [INF] SmsApi.Middleware.LoggingActionFilter | CorrelationId:42816c7be2624d6fbcaea86848cab35c | API Request: GET /api/students | User: Unknown | School: 550e8400-e29b-41d4-a716-446655440000
2026-04-20 17:02:34.050 +05:30 [INF] SmsApi.Middleware.LoggingActionFilter | CorrelationId:d5af3ef70ebf40f5b489679943af33e4 | API Request: GET /api/fees/stats | User: Unknown | School: 550e8400-e29b-41d4-a716-446655440000
2026-04-20 17:02:34.071 +05:30 [INF] SmsApi.Middleware.LoggingActionFilter | CorrelationId:d6c9e228da7a4cdd81a05f9fb708ad6d | API Request: GET /api/academics/academic-years | User: Unknown | School: 550e8400-e29b-41d4-a716-446655440000
2026-04-20 17:02:34.081 +05:30 [INF] SmsApi.Middleware.LoggingActionFilter | CorrelationId:33ca9deed6dd4cb087555dbf50a96b7e | API Request: GET /api/Attendance/records | User: Unknown | School: 550e8400-e29b-41d4-a716-446655440000
2026-04-20 17:02:34.098 +05:30 [INF] SmsApi.Middleware.LoggingActionFilter | CorrelationId:382093f3a9644a6ebabd4d828bd6b684 | API Response: GET /api/settings/school/me | Status: 200 | Duration: 134ms
2026-04-20 17:02:34.109 +05:30 [INF] SmsApi.Middleware.LoggingActionFilter | CorrelationId:ce83bd7b14404aaeb1b3a22136f60cac | API Response: GET /api/staff | Status: 200 | Duration: 156ms
2026-04-20 17:02:34.127 +05:30 [INF] SmsApi.Middleware.LoggingActionFilter | CorrelationId:42816c7be2624d6fbcaea86848cab35c | API Response: GET /api/students | Status: 200 | Duration: 144ms
2026-04-20 17:02:34.164 +05:30 [INF] SmsApi.Middleware.LoggingActionFilter | CorrelationId:d5af3ef70ebf40f5b489679943af33e4 | API Response: GET /api/fees/stats | Status: 200 | Duration: 114ms
2026-04-20 17:02:34.168 +05:30 [INF] SmsApi.Middleware.LoggingActionFilter | CorrelationId:d6c9e228da7a4cdd81a05f9fb708ad6d | API Response: GET /api/academics/academic-years | Status: 200 | Duration: 96ms
2026-04-20 17:02:34.178 +05:30 [INF] Serilog.AspNetCore.RequestLoggingMiddleware | CorrelationId:382093f3a9644a6ebabd4d828bd6b684 | HTTP GET /api/settings/school/me responded 200 in 215.6765 ms
2026-04-20 17:02:34.182 +05:30 [INF] Serilog.AspNetCore.RequestLoggingMiddleware | CorrelationId:ce83bd7b14404aaeb1b3a22136f60cac | HTTP GET /api/staff responded 200 in 242.4318 ms
2026-04-20 17:02:34.283 +05:30 [INF] Serilog.AspNetCore.RequestLoggingMiddleware | CorrelationId:42816c7be2624d6fbcaea86848cab35c | HTTP GET /api/students responded 200 in 304.6270 ms
2026-04-20 17:02:34.287 +05:30 [INF] Serilog.AspNetCore.RequestLoggingMiddleware | CorrelationId:d5af3ef70ebf40f5b489679943af33e4 | HTTP GET /api/fees/stats responded 200 in 243.7500 ms
2026-04-20 17:02:34.290 +05:30 [INF] Serilog.AspNetCore.RequestLoggingMiddleware | CorrelationId:d6c9e228da7a4cdd81a05f9fb708ad6d | HTTP GET /api/academics/academic-years responded 200 in 219.6911 ms
2026-04-20 17:02:34.309 +05:30 [INF] SmsApi.Middleware.LoggingActionFilter | CorrelationId:9433d059501e49ec86e8837fcc2b743b | API Request: GET /api/academics/academic-years | User: Unknown | School: 550e8400-e29b-41d4-a716-446655440000
2026-04-20 17:02:34.336 +05:30 [INF] SmsApi.Middleware.LoggingActionFilter | CorrelationId:238cef6b7e894c00a2a4f99086a533a0 | API Request: GET /api/staff | User: Unknown | School: 550e8400-e29b-41d4-a716-446655440000
2026-04-20 17:02:34.352 +05:30 [INF] SmsApi.Middleware.LoggingActionFilter | CorrelationId:94cbdf49b9164369a42f815f073c25bf | API Request: GET /api/students | User: Unknown | School: 550e8400-e29b-41d4-a716-446655440000
2026-04-20 17:02:34.356 +05:30 [INF] SmsApi.Middleware.LoggingActionFilter | CorrelationId:33ca9deed6dd4cb087555dbf50a96b7e | API Response: GET /api/Attendance/records | Status: 200 | Duration: 274ms
2026-04-20 17:02:34.364 +05:30 [INF] SmsApi.Middleware.LoggingActionFilter | CorrelationId:d5b03e595bc6410e99dcdc9cf191e1cb | API Request: GET /api/fees/stats | User: Unknown | School: 550e8400-e29b-41d4-a716-446655440000
2026-04-20 17:02:34.370 +05:30 [INF] SmsApi.Middleware.LoggingActionFilter | CorrelationId:9433d059501e49ec86e8837fcc2b743b | API Response: GET /api/academics/academic-years | Status: 200 | Duration: 61ms
2026-04-20 17:02:34.383 +05:30 [INF] Serilog.AspNetCore.RequestLoggingMiddleware | CorrelationId:33ca9deed6dd4cb087555dbf50a96b7e | HTTP GET /api/Attendance/records responded 200 in 439.7678 ms
2026-04-20 17:02:34.383 +05:30 [INF] SmsApi.Middleware.LoggingActionFilter | CorrelationId:238cef6b7e894c00a2a4f99086a533a0 | API Response: GET /api/staff | Status: 200 | Duration: 47ms
2026-04-20 17:02:34.390 +05:30 [INF] SmsApi.Middleware.LoggingActionFilter | CorrelationId:94cbdf49b9164369a42f815f073c25bf | API Response: GET /api/students | Status: 200 | Duration: 37ms
2026-04-20 17:02:34.393 +05:30 [INF] Serilog.AspNetCore.RequestLoggingMiddleware | CorrelationId:9433d059501e49ec86e8837fcc2b743b | HTTP GET /api/academics/academic-years responded 200 in 85.4492 ms
2026-04-20 17:02:34.404 +05:30 [INF] Serilog.AspNetCore.RequestLoggingMiddleware | CorrelationId:238cef6b7e894c00a2a4f99086a533a0 | HTTP GET /api/staff responded 200 in 79.2981 ms
2026-04-20 17:02:34.409 +05:30 [INF] SmsApi.Middleware.LoggingActionFilter | CorrelationId:d5b03e595bc6410e99dcdc9cf191e1cb | API Response: GET /api/fees/stats | Status: 200 | Duration: 44ms
2026-04-20 17:02:34.430 +05:30 [INF] Serilog.AspNetCore.RequestLoggingMiddleware | CorrelationId:94cbdf49b9164369a42f815f073c25bf | HTTP GET /api/students responded 200 in 81.3546 ms
2026-04-20 17:02:34.459 +05:30 [INF] SmsApi.Middleware.LoggingActionFilter | CorrelationId:fc7a1e842cc3442e9fbe634436022a93 | API Request: GET /api/Attendance/records | User: Unknown | School: 550e8400-e29b-41d4-a716-446655440000
2026-04-20 17:02:34.523 +05:30 [INF] Serilog.AspNetCore.RequestLoggingMiddleware | CorrelationId:d5b03e595bc6410e99dcdc9cf191e1cb | HTTP GET /api/fees/stats responded 200 in 160.8865 ms
2026-04-20 17:02:34.580 +05:30 [INF] SmsApi.Middleware.LoggingActionFilter | CorrelationId:fc7a1e842cc3442e9fbe634436022a93 | API Response: GET /api/Attendance/records | Status: 200 | Duration: 120ms
2026-04-20 17:02:34.602 +05:30 [INF] Serilog.AspNetCore.RequestLoggingMiddleware | CorrelationId:fc7a1e842cc3442e9fbe634436022a93 | HTTP GET /api/Attendance/records responded 200 in 156.7786 ms
2026-04-20 17:02:40.299 +05:30 [INF] Serilog.AspNetCore.RequestLoggingMiddleware | CorrelationId:18ee18a91c8342d6bee8b34a7ac07c16 | HTTP OPTIONS /api/staff responded 204 in 0.0783 ms
2026-04-20 17:02:40.300 +05:30 [INF] Serilog.AspNetCore.RequestLoggingMiddleware | CorrelationId:446215fcecd0414eb1fdd9f80e770ef5 | HTTP OPTIONS /api/staff responded 204 in 0.0485 ms
2026-04-20 17:02:40.354 +05:30 [INF] SmsApi.Middleware.LoggingActionFilter | CorrelationId:64bd57ad48e64614b08e6871b5ca7474 | API Request: GET /api/staff | User: Unknown | School: 550e8400-e29b-41d4-a716-446655440000
2026-04-20 17:02:40.424 +05:30 [INF] SmsApi.Middleware.LoggingActionFilter | CorrelationId:64bd57ad48e64614b08e6871b5ca7474 | API Response: GET /api/staff | Status: 200 | Duration: 70ms
2026-04-20 17:02:40.462 +05:30 [INF] Serilog.AspNetCore.RequestLoggingMiddleware | CorrelationId:64bd57ad48e64614b08e6871b5ca7474 | HTTP GET /api/staff responded 200 in 118.9128 ms
2026-04-20 17:02:40.466 +05:30 [INF] SmsApi.Middleware.LoggingActionFilter | CorrelationId:ae844a17d8b04eaeae922ae735e15b26 | API Request: GET /api/staff | User: Unknown | School: 550e8400-e29b-41d4-a716-446655440000
2026-04-20 17:02:40.525 +05:30 [INF] SmsApi.Middleware.LoggingActionFilter | CorrelationId:ae844a17d8b04eaeae922ae735e15b26 | API Response: GET /api/staff | Status: 200 | Duration: 59ms
2026-04-20 17:02:40.564 +05:30 [INF] Serilog.AspNetCore.RequestLoggingMiddleware | CorrelationId:ae844a17d8b04eaeae922ae735e15b26 | HTTP GET /api/staff responded 200 in 100.0778 ms
2026-04-20 17:02:42.588 +05:30 [INF] Serilog.AspNetCore.RequestLoggingMiddleware | CorrelationId:337093ed6fed46d085dd49b8ac6265f6 | HTTP OPTIONS /api/students responded 204 in 1.0825 ms
2026-04-20 17:02:42.591 +05:30 [INF] Serilog.AspNetCore.RequestLoggingMiddleware | CorrelationId:834af44d51c3491bbc3410c4f9f2f120 | HTTP OPTIONS /api/students responded 204 in 0.1621 ms
2026-04-20 17:02:42.626 +05:30 [INF] SmsApi.Middleware.LoggingActionFilter | CorrelationId:1f5e0695ca184c098cac3ca5105e9f27 | API Request: GET /api/students | User: Unknown | School: 550e8400-e29b-41d4-a716-446655440000
2026-04-20 17:02:42.646 +05:30 [INF] SmsApi.Middleware.LoggingActionFilter | CorrelationId:1f5e0695ca184c098cac3ca5105e9f27 | API Response: GET /api/students | Status: 200 | Duration: 19ms
2026-04-20 17:02:42.650 +05:30 [INF] Serilog.AspNetCore.RequestLoggingMiddleware | CorrelationId:1f5e0695ca184c098cac3ca5105e9f27 | HTTP GET /api/students responded 200 in 29.1522 ms
2026-04-20 17:02:42.659 +05:30 [INF] SmsApi.Middleware.LoggingActionFilter | CorrelationId:690dd9f9158347d4a6ea4dedda543d72 | API Request: GET /api/students | User: Unknown | School: 550e8400-e29b-41d4-a716-446655440000
2026-04-20 17:02:42.684 +05:30 [INF] SmsApi.Middleware.LoggingActionFilter | CorrelationId:690dd9f9158347d4a6ea4dedda543d72 | API Response: GET /api/students | Status: 200 | Duration: 24ms
2026-04-20 17:02:42.912 +05:30 [INF] Serilog.AspNetCore.RequestLoggingMiddleware | CorrelationId:690dd9f9158347d4a6ea4dedda543d72 | HTTP GET /api/students responded 200 in 260.6797 ms
2026-04-20 17:02:44.113 +05:30 [INF] Serilog.AspNetCore.RequestLoggingMiddleware | CorrelationId:4d91df1628664f789c39d096741b7395 | HTTP OPTIONS /api/health/stats responded 204 in 0.0723 ms
2026-04-20 17:02:44.113 +05:30 [INF] Serilog.AspNetCore.RequestLoggingMiddleware | CorrelationId:42b383ef65694bf3af935823f08d0a70 | HTTP OPTIONS /api/health/records responded 204 in 0.0133 ms
2026-04-20 17:02:44.127 +05:30 [INF] Serilog.AspNetCore.RequestLoggingMiddleware | CorrelationId:b11764974be34368becb89fff03d9efe | HTTP OPTIONS /api/health/records responded 204 in 0.0368 ms
2026-04-20 17:02:44.136 +05:30 [INF] Serilog.AspNetCore.RequestLoggingMiddleware | CorrelationId:d29c86cc40594697b309db5609fb3809 | HTTP OPTIONS /api/health/stats responded 204 in 0.0550 ms
2026-04-20 17:02:44.610 +05:30 [INF] SmsApi.Middleware.LoggingActionFilter | CorrelationId:c2b7a3e7bbf6448db0912200069472e6 | API Request: GET /api/health/stats | User: Unknown | School: 550e8400-e29b-41d4-a716-446655440000
2026-04-20 17:02:44.647 +05:30 [INF] SmsApi.Middleware.LoggingActionFilter | CorrelationId:c2695fe37fba44b0a975adb41b1dfacf | API Request: GET /api/health/records | User: Unknown | School: 550e8400-e29b-41d4-a716-446655440000
2026-04-20 17:02:44.666 +05:30 [WRN] SmsApi.Infrastructure.Performance.PerformanceMonitoringMiddleware | CorrelationId: | Slow request: OPTIONS /api/health/records took 538ms — status 204.
2026-04-20 17:02:44.679 +05:30 [WRN] SmsApi.Infrastructure.Performance.PerformanceMonitoringMiddleware | CorrelationId: | Slow request: OPTIONS /api/health/stats took 542ms — status 204.
2026-04-20 17:02:44.727 +05:30 [INF] SmsApi.Middleware.LoggingActionFilter | CorrelationId:c2b7a3e7bbf6448db0912200069472e6 | API Response: GET /api/health/stats | Status: 200 | Duration: 116ms
2026-04-20 17:02:44.772 +05:30 [INF] SmsApi.Middleware.LoggingActionFilter | CorrelationId:c2695fe37fba44b0a975adb41b1dfacf | API Response: GET /api/health/records | Status: 200 | Duration: 125ms
2026-04-20 17:02:44.958 +05:30 [INF] Serilog.AspNetCore.RequestLoggingMiddleware | CorrelationId:c2b7a3e7bbf6448db0912200069472e6 | HTTP GET /api/health/stats responded 200 in 413.5475 ms
2026-04-20 17:02:44.983 +05:30 [INF] SmsApi.Middleware.LoggingActionFilter | CorrelationId:a643ebf918a84b068a6ce9059399856a | API Request: GET /api/health/stats | User: Unknown | School: 550e8400-e29b-41d4-a716-446655440000
2026-04-20 17:02:45.057 +05:30 [INF] Serilog.AspNetCore.RequestLoggingMiddleware | CorrelationId:c2695fe37fba44b0a975adb41b1dfacf | HTTP GET /api/health/records responded 200 in 420.6503 ms
2026-04-20 17:02:45.118 +05:30 [INF] SmsApi.Middleware.LoggingActionFilter | CorrelationId:5244615ff48948a8adf04aee9264b7d1 | API Request: GET /api/health/records | User: Unknown | School: 550e8400-e29b-41d4-a716-446655440000
2026-04-20 17:02:45.126 +05:30 [INF] SmsApi.Middleware.LoggingActionFilter | CorrelationId:a643ebf918a84b068a6ce9059399856a | API Response: GET /api/health/stats | Status: 200 | Duration: 143ms
2026-04-20 17:02:45.267 +05:30 [INF] Serilog.AspNetCore.RequestLoggingMiddleware | CorrelationId:a643ebf918a84b068a6ce9059399856a | HTTP GET /api/health/stats responded 200 in 294.8378 ms
2026-04-20 17:02:45.249 +05:30 [INF] SmsApi.Middleware.LoggingActionFilter | CorrelationId:5244615ff48948a8adf04aee9264b7d1 | API Response: GET /api/health/records | Status: 200 | Duration: 130ms
2026-04-20 17:02:45.355 +05:30 [INF] Serilog.AspNetCore.RequestLoggingMiddleware | CorrelationId:5244615ff48948a8adf04aee9264b7d1 | HTTP GET /api/health/records responded 200 in 248.3260 ms
2026-04-20 17:02:46.319 +05:30 [INF] Serilog.AspNetCore.RequestLoggingMiddleware | CorrelationId:221901f256b64b05a8a253db6d592d47 | HTTP OPTIONS /api/visitor/stats responded 204 in 0.0758 ms
2026-04-20 17:02:46.346 +05:30 [INF] Serilog.AspNetCore.RequestLoggingMiddleware | CorrelationId:c366c783f20a41778849c0b65322af52 | HTTP OPTIONS /api/visitor/currently-inside responded 204 in 0.0238 ms
2026-04-20 17:02:46.346 +05:30 [INF] Serilog.AspNetCore.RequestLoggingMiddleware | CorrelationId:95d515179c734557ac3efb5530bf67bc | HTTP OPTIONS /api/visitor/today responded 204 in 0.1953 ms
2026-04-20 17:02:46.358 +05:30 [INF] Serilog.AspNetCore.RequestLoggingMiddleware | CorrelationId:d0208b9bd4e649bbb75f6880d870f8a4 | HTTP OPTIONS /api/visitor/currently-inside responded 204 in 0.0987 ms
2026-04-20 17:02:46.867 +05:30 [WRN] SmsApi.Infrastructure.Performance.PerformanceMonitoringMiddleware | CorrelationId: | Slow request: OPTIONS /api/visitor/stats took 548ms — status 204.
2026-04-20 17:02:46.903 +05:30 [WRN] SmsApi.Infrastructure.Performance.PerformanceMonitoringMiddleware | CorrelationId: | Slow request: OPTIONS /api/visitor/currently-inside took 557ms — status 204.
2026-04-20 17:02:46.908 +05:30 [WRN] SmsApi.Infrastructure.Performance.PerformanceMonitoringMiddleware | CorrelationId: | Slow request: OPTIONS /api/visitor/today took 561ms — status 204.
2026-04-20 17:02:46.921 +05:30 [WRN] SmsApi.Infrastructure.Performance.PerformanceMonitoringMiddleware | CorrelationId: | Slow request: OPTIONS /api/visitor/currently-inside took 563ms — status 204.
2026-04-20 17:02:46.967 +05:30 [INF] Serilog.AspNetCore.RequestLoggingMiddleware | CorrelationId:e51c7be2c08d4bfbae5a5f8a1fe63ba1 | HTTP OPTIONS /api/visitor/stats responded 204 in 0.0446 ms
2026-04-20 17:02:47.074 +05:30 [INF] Serilog.AspNetCore.RequestLoggingMiddleware | CorrelationId:32f48ccd1a32477282c85fc7bddba4a3 | HTTP OPTIONS /api/visitor/today responded 204 in 0.1217 ms
2026-04-20 17:02:47.164 +05:30 [INF] SmsApi.Middleware.LoggingActionFilter | CorrelationId:fa11bd3b12d845009c0020d440bb5192 | API Request: GET /api/visitor/stats | User: Unknown | School: 550e8400-e29b-41d4-a716-446655440000
2026-04-20 17:02:47.212 +05:30 [INF] SmsApi.Middleware.LoggingActionFilter | CorrelationId:efeab4929c4f4a65b17d397708579192 | API Request: GET /api/visitor/currently-inside | User: Unknown | School: 550e8400-e29b-41d4-a716-446655440000
2026-04-20 17:02:47.249 +05:30 [INF] SmsApi.Middleware.LoggingActionFilter | CorrelationId:ab996feee8334d28b337bee01af929a6 | API Request: GET /api/visitor/today | User: Unknown | School: 550e8400-e29b-41d4-a716-446655440000
2026-04-20 17:02:47.396 +05:30 [INF] SmsApi.Middleware.LoggingActionFilter | CorrelationId:fa11bd3b12d845009c0020d440bb5192 | API Response: GET /api/visitor/stats | Status: 200 | Duration: 232ms
2026-04-20 17:02:47.466 +05:30 [INF] SmsApi.Middleware.LoggingActionFilter | CorrelationId:efeab4929c4f4a65b17d397708579192 | API Response: GET /api/visitor/currently-inside | Status: 200 | Duration: 254ms
2026-04-20 17:02:47.531 +05:30 [INF] SmsApi.Middleware.LoggingActionFilter | CorrelationId:ab996feee8334d28b337bee01af929a6 | API Response: GET /api/visitor/today | Status: 200 | Duration: 282ms
2026-04-20 17:02:48.298 +05:30 [INF] Serilog.AspNetCore.RequestLoggingMiddleware | CorrelationId:fa11bd3b12d845009c0020d440bb5192 | HTTP GET /api/visitor/stats responded 200 in 1138.5287 ms
2026-04-20 17:02:48.321 +05:30 [INF] SmsApi.Middleware.LoggingActionFilter | CorrelationId:1c7f1c7f87c74c4cafe20586e7313e80 | API Request: GET /api/visitor/stats | User: Unknown | School: 550e8400-e29b-41d4-a716-446655440000
2026-04-20 17:02:48.369 +05:30 [INF] Serilog.AspNetCore.RequestLoggingMiddleware | CorrelationId:efeab4929c4f4a65b17d397708579192 | HTTP GET /api/visitor/currently-inside responded 200 in 1168.0488 ms
2026-04-20 17:02:49.030 +05:30 [WRN] SmsApi.Infrastructure.Performance.PerformanceMonitoringMiddleware | CorrelationId: | Slow request: GET /api/visitor/currently-inside took 1168ms — status 200.
2026-04-20 17:02:48.436 +05:30 [INF] Serilog.AspNetCore.RequestLoggingMiddleware | CorrelationId:ab996feee8334d28b337bee01af929a6 | HTTP GET /api/visitor/today responded 200 in 1201.9838 ms
2026-04-20 17:02:48.516 +05:30 [WRN] SmsApi.Infrastructure.Performance.PerformanceMonitoringMiddleware | CorrelationId: | Slow request: GET /api/visitor/stats took 1138ms — status 200.
2026-04-20 17:02:49.011 +05:30 [INF] SmsApi.Middleware.LoggingActionFilter | CorrelationId:1c7f1c7f87c74c4cafe20586e7313e80 | API Response: GET /api/visitor/stats | Status: 200 | Duration: 690ms
2026-04-20 17:02:48.398 +05:30 [INF] SmsApi.Middleware.LoggingActionFilter | CorrelationId:368dfc3136df4e468fd6096c08f4bae6 | API Request: GET /api/visitor/currently-inside | User: Unknown | School: 550e8400-e29b-41d4-a716-446655440000
2026-04-20 17:02:49.111 +05:30 [INF] SmsApi.Middleware.LoggingActionFilter | CorrelationId:8b3166a6a61744b096a709634edc081c | API Request: GET /api/visitor/today | User: Unknown | School: 550e8400-e29b-41d4-a716-446655440000
2026-04-20 17:02:49.206 +05:30 [WRN] SmsApi.Infrastructure.Performance.PerformanceMonitoringMiddleware | CorrelationId: | Slow request: GET /api/visitor/today took 1201ms — status 200.
2026-04-20 17:02:49.395 +05:30 [INF] Serilog.AspNetCore.RequestLoggingMiddleware | CorrelationId:1c7f1c7f87c74c4cafe20586e7313e80 | HTTP GET /api/visitor/stats responded 200 in 1074.6033 ms
2026-04-20 17:02:49.480 +05:30 [INF] SmsApi.Middleware.LoggingActionFilter | CorrelationId:368dfc3136df4e468fd6096c08f4bae6 | API Response: GET /api/visitor/currently-inside | Status: 200 | Duration: 1082ms
2026-04-20 17:02:49.535 +05:30 [INF] SmsApi.Middleware.LoggingActionFilter | CorrelationId:8b3166a6a61744b096a709634edc081c | API Response: GET /api/visitor/today | Status: 200 | Duration: 424ms
2026-04-20 17:02:49.570 +05:30 [WRN] SmsApi.Infrastructure.Performance.PerformanceMonitoringMiddleware | CorrelationId: | Slow request: GET /api/visitor/stats took 1074ms — status 200.
2026-04-20 17:02:49.600 +05:30 [INF] Serilog.AspNetCore.RequestLoggingMiddleware | CorrelationId:368dfc3136df4e468fd6096c08f4bae6 | HTTP GET /api/visitor/currently-inside responded 200 in 1203.9533 ms
2026-04-20 17:02:49.692 +05:30 [INF] Serilog.AspNetCore.RequestLoggingMiddleware | CorrelationId:8b3166a6a61744b096a709634edc081c | HTTP GET /api/visitor/today responded 200 in 581.6327 ms
2026-04-20 17:02:50.038 +05:30 [WRN] SmsApi.Infrastructure.Performance.PerformanceMonitoringMiddleware | CorrelationId: | Slow request: GET /api/visitor/currently-inside took 1203ms — status 200.
2026-04-20 17:02:50.246 +05:30 [WRN] SmsApi.Infrastructure.Performance.PerformanceMonitoringMiddleware | CorrelationId: | Slow request: GET /api/visitor/today took 581ms — status 200.
2026-04-20 17:02:50.426 +05:30 [INF] Serilog.AspNetCore.RequestLoggingMiddleware | CorrelationId:7387c13a48674b73ab37030227c09536 | HTTP OPTIONS /api/fees/records responded 204 in 0.0576 ms
2026-04-20 17:02:50.428 +05:30 [INF] Serilog.AspNetCore.RequestLoggingMiddleware | CorrelationId:1f1cf360586f4be6a13d2b7db6b75720 | HTTP OPTIONS /api/fees/structures responded 204 in 0.0304 ms
2026-04-20 17:02:50.434 +05:30 [INF] Serilog.AspNetCore.RequestLoggingMiddleware | CorrelationId:9410d360a2ef4269abca64fa6a2c9472 | HTTP OPTIONS /api/fees/stats responded 204 in 0.0796 ms
2026-04-20 17:02:52.144 +05:30 [INF] Serilog.AspNetCore.RequestLoggingMiddleware | CorrelationId:928bd64ebeae4fafa9440ee00236d730 | HTTP OPTIONS /api/fees/records responded 204 in 0.4194 ms
2026-04-20 17:02:53.256 +05:30 [INF] Serilog.AspNetCore.RequestLoggingMiddleware | CorrelationId:5762a464b3cb4e0080d4c851fd6054af | HTTP OPTIONS /api/fees/structures responded 204 in 0.2786 ms
2026-04-20 17:02:53.448 +05:30 [ERR] SmsApi.Infrastructure.Performance.PerformanceMonitoringMiddleware | CorrelationId: | SLA BREACH: OPTIONS /api/fees/records took 3022ms — status 204. Investigate immediately.
2026-04-20 17:02:53.746 +05:30 [ERR] SmsApi.Infrastructure.Performance.PerformanceMonitoringMiddleware | CorrelationId: | SLA BREACH: OPTIONS /api/fees/structures took 3317ms — status 204. Investigate immediately.
2026-04-20 17:02:54.704 +05:30 [ERR] SmsApi.Infrastructure.Performance.PerformanceMonitoringMiddleware | CorrelationId: | SLA BREACH: OPTIONS /api/fees/stats took 4270ms — status 204. Investigate immediately.
2026-04-20 17:02:54.903 +05:30 [ERR] SmsApi.Infrastructure.Performance.PerformanceMonitoringMiddleware | CorrelationId: | SLA BREACH: OPTIONS /api/fees/records took 2760ms — status 204. Investigate immediately.
2026-04-20 17:02:54.935 +05:30 [WRN] SmsApi.Infrastructure.Performance.PerformanceMonitoringMiddleware | CorrelationId: | Slow request: OPTIONS /api/fees/structures took 1678ms — status 204.
2026-04-20 17:02:55.233 +05:30 [INF] Serilog.AspNetCore.RequestLoggingMiddleware | CorrelationId:f8114730c18844f28ba98e9ab6bc1f31 | HTTP OPTIONS /api/fees/stats responded 204 in 0.7017 ms
2026-04-20 17:02:55.922 +05:30 [INF] SmsApi.Middleware.LoggingActionFilter | CorrelationId:4a1387cc3e8d42cb8f9f037adbb0f686 | API Request: GET /api/fees/records | User: Unknown | School: 550e8400-e29b-41d4-a716-446655440000
2026-04-20 17:02:56.281 +05:30 [INF] SmsApi.Middleware.LoggingActionFilter | CorrelationId:a0ddb7e87864401594f7f94476b34555 | API Request: GET /api/fees/structures | User: Unknown | School: 550e8400-e29b-41d4-a716-446655440000
2026-04-20 17:02:56.428 +05:30 [INF] SmsApi.Middleware.LoggingActionFilter | CorrelationId:1c0058817461486f9ed41bacb183a600 | API Request: GET /api/fees/stats | User: Unknown | School: 550e8400-e29b-41d4-a716-446655440000
2026-04-20 17:02:56.475 +05:30 [WRN] SmsApi.Infrastructure.Performance.PerformanceMonitoringMiddleware | CorrelationId: | Slow request: OPTIONS /api/fees/stats took 1242ms — status 204.
2026-04-20 17:02:56.582 +05:30 [INF] SmsApi.Middleware.LoggingActionFilter | CorrelationId:4a1387cc3e8d42cb8f9f037adbb0f686 | API Response: GET /api/fees/records | Status: 200 | Duration: 660ms
2026-04-20 17:02:57.213 +05:30 [INF] SmsApi.Middleware.LoggingActionFilter | CorrelationId:a0ddb7e87864401594f7f94476b34555 | API Response: GET /api/fees/structures | Status: 200 | Duration: 931ms
2026-04-20 17:02:57.281 +05:30 [INF] Serilog.AspNetCore.RequestLoggingMiddleware | CorrelationId:7586f35e8a724da8b0c04ca1c915f0d0 | HTTP OPTIONS /api/alumni/stats responded 204 in 0.0821 ms
2026-04-20 17:02:57.298 +05:30 [INF] SmsApi.Middleware.LoggingActionFilter | CorrelationId:1c0058817461486f9ed41bacb183a600 | API Response: GET /api/fees/stats | Status: 200 | Duration: 869ms
2026-04-20 17:02:57.403 +05:30 [INF] Serilog.AspNetCore.RequestLoggingMiddleware | CorrelationId:4a1387cc3e8d42cb8f9f037adbb0f686 | HTTP GET /api/fees/records responded 200 in 1497.5190 ms
2026-04-20 17:02:57.440 +05:30 [INF] Serilog.AspNetCore.RequestLoggingMiddleware | CorrelationId:a0ddb7e87864401594f7f94476b34555 | HTTP GET /api/fees/structures responded 200 in 1165.8531 ms
2026-04-20 17:02:57.554 +05:30 [INF] Serilog.AspNetCore.RequestLoggingMiddleware | CorrelationId:d0ccdd7c3bda44aaa177b6b81c0d09c1 | HTTP OPTIONS /api/alumni/stats responded 204 in 0.0926 ms
2026-04-20 17:02:57.602 +05:30 [INF] Serilog.AspNetCore.RequestLoggingMiddleware | CorrelationId:1c0058817461486f9ed41bacb183a600 | HTTP GET /api/fees/stats responded 200 in 1187.6281 ms
2026-04-20 17:02:57.802 +05:30 [WRN] SmsApi.Infrastructure.Performance.PerformanceMonitoringMiddleware | CorrelationId: | Slow request: GET /api/fees/stats took 1187ms — status 200.
2026-04-20 17:02:57.745 +05:30 [WRN] SmsApi.Infrastructure.Performance.PerformanceMonitoringMiddleware | CorrelationId: | Slow request: GET /api/fees/structures took 1165ms — status 200.
2026-04-20 17:02:57.658 +05:30 [WRN] SmsApi.Infrastructure.Performance.PerformanceMonitoringMiddleware | CorrelationId: | Slow request: GET /api/fees/records took 1482ms — status 200.
2026-04-20 17:02:57.815 +05:30 [INF] SmsApi.Middleware.LoggingActionFilter | CorrelationId:424dc2c06dd345298636137b429b694a | API Request: GET /api/fees/records | User: Unknown | School: 550e8400-e29b-41d4-a716-446655440000
2026-04-20 17:02:57.902 +05:30 [INF] SmsApi.Middleware.LoggingActionFilter | CorrelationId:aab8e5e3b4324249803b8883f291a63f | API Request: GET /api/fees/structures | User: Unknown | School: 550e8400-e29b-41d4-a716-446655440000
2026-04-20 17:02:58.028 +05:30 [INF] SmsApi.Middleware.LoggingActionFilter | CorrelationId:182e7382a1824a6f81b0bd7d918b878c | API Request: GET /api/fees/stats | User: Unknown | School: 550e8400-e29b-41d4-a716-446655440000
2026-04-20 17:02:58.050 +05:30 [INF] SmsApi.Middleware.LoggingActionFilter | CorrelationId:f23a9995bb2441c587633930b91654e8 | API Request: GET /api/alumni/stats | User: Unknown | School: 550e8400-e29b-41d4-a716-446655440000
2026-04-20 17:02:58.133 +05:30 [INF] SmsApi.Middleware.LoggingActionFilter | CorrelationId:424dc2c06dd345298636137b429b694a | API Response: GET /api/fees/records | Status: 200 | Duration: 318ms
2026-04-20 17:02:58.160 +05:30 [INF] SmsApi.Middleware.LoggingActionFilter | CorrelationId:aab8e5e3b4324249803b8883f291a63f | API Response: GET /api/fees/structures | Status: 200 | Duration: 258ms
2026-04-20 17:02:58.236 +05:30 [INF] SmsApi.Middleware.LoggingActionFilter | CorrelationId:182e7382a1824a6f81b0bd7d918b878c | API Response: GET /api/fees/stats | Status: 200 | Duration: 208ms
2026-04-20 17:02:58.332 +05:30 [INF] Serilog.AspNetCore.RequestLoggingMiddleware | CorrelationId:424dc2c06dd345298636137b429b694a | HTTP GET /api/fees/records responded 200 in 524.6727 ms
2026-04-20 17:02:58.332 +05:30 [INF] SmsApi.Middleware.LoggingActionFilter | CorrelationId:f23a9995bb2441c587633930b91654e8 | API Response: GET /api/alumni/stats | Status: 200 | Duration: 282ms
2026-04-20 17:02:58.382 +05:30 [INF] Serilog.AspNetCore.RequestLoggingMiddleware | CorrelationId:aab8e5e3b4324249803b8883f291a63f | HTTP GET /api/fees/structures responded 200 in 571.5608 ms
2026-04-20 17:02:58.451 +05:30 [INF] Serilog.AspNetCore.RequestLoggingMiddleware | CorrelationId:182e7382a1824a6f81b0bd7d918b878c | HTTP GET /api/fees/stats responded 200 in 438.3220 ms
2026-04-20 17:02:58.524 +05:30 [WRN] SmsApi.Infrastructure.Performance.PerformanceMonitoringMiddleware | CorrelationId: | Slow request: GET /api/fees/records took 524ms — status 200.
2026-04-20 17:02:58.579 +05:30 [INF] Serilog.AspNetCore.RequestLoggingMiddleware | CorrelationId:f23a9995bb2441c587633930b91654e8 | HTTP GET /api/alumni/stats responded 200 in 534.8155 ms
2026-04-20 17:02:58.590 +05:30 [INF] SmsApi.Middleware.LoggingActionFilter | CorrelationId:75e072f065614064a14c2e779c34c664 | API Request: GET /api/alumni/stats | User: Unknown | School: 550e8400-e29b-41d4-a716-446655440000
2026-04-20 17:02:58.628 +05:30 [WRN] SmsApi.Infrastructure.Performance.PerformanceMonitoringMiddleware | CorrelationId: | Slow request: GET /api/fees/structures took 571ms — status 200.
2026-04-20 17:02:58.905 +05:30 [WRN] SmsApi.Infrastructure.Performance.PerformanceMonitoringMiddleware | CorrelationId: | Slow request: GET /api/alumni/stats took 534ms — status 200.
2026-04-20 17:02:59.126 +05:30 [INF] SmsApi.Middleware.LoggingActionFilter | CorrelationId:75e072f065614064a14c2e779c34c664 | API Response: GET /api/alumni/stats | Status: 200 | Duration: 535ms
2026-04-20 17:02:59.762 +05:30 [INF] Serilog.AspNetCore.RequestLoggingMiddleware | CorrelationId:a3fb9cf080fb43a2bb1ae45b33630f47 | HTTP OPTIONS /api/finance/stats responded 204 in 0.1846 ms
2026-04-20 17:02:59.784 +05:30 [INF] Serilog.AspNetCore.RequestLoggingMiddleware | CorrelationId:35e2adb58efc484abfc7250a433184a7 | HTTP OPTIONS /api/finance/accounts responded 204 in 0.0685 ms
2026-04-20 17:02:59.925 +05:30 [INF] Serilog.AspNetCore.RequestLoggingMiddleware | CorrelationId:cc0c7c0a23cb43f39f806561279ad1c8 | HTTP OPTIONS /api/finance/categories responded 204 in 0.0567 ms
2026-04-20 17:03:00.064 +05:30 [INF] Serilog.AspNetCore.RequestLoggingMiddleware | CorrelationId:fc8288643bfc4b3c92e15fa92158ce80 | HTTP OPTIONS /api/finance/transactions responded 204 in 0.0535 ms
2026-04-20 17:03:00.110 +05:30 [INF] Serilog.AspNetCore.RequestLoggingMiddleware | CorrelationId:75e072f065614064a14c2e779c34c664 | HTTP GET /api/alumni/stats responded 200 in 1523.3850 ms
2026-04-20 17:03:00.183 +05:30 [INF] Serilog.AspNetCore.RequestLoggingMiddleware | CorrelationId:46b078477cd543ca877241b1c440ae68 | HTTP OPTIONS /api/finance/stats responded 204 in 0.0425 ms
2026-04-20 17:03:00.293 +05:30 [INF] Serilog.AspNetCore.RequestLoggingMiddleware | CorrelationId:56cd9fc60e224a58bd36f31481c5a43e | HTTP OPTIONS /api/finance/accounts responded 204 in 0.0897 ms
2026-04-20 17:03:00.377 +05:30 [INF] Serilog.AspNetCore.RequestLoggingMiddleware | CorrelationId:23b80d57bde24c429b6b5fd39dc14598 | HTTP OPTIONS /api/finance/categories responded 204 in 0.0435 ms
2026-04-20 17:03:00.464 +05:30 [INF] Serilog.AspNetCore.RequestLoggingMiddleware | CorrelationId:318fddd815f84d69ad9686c0a60e1b78 | HTTP OPTIONS /api/finance/transactions responded 204 in 0.0655 ms
2026-04-20 17:03:00.516 +05:30 [WRN] SmsApi.Infrastructure.Performance.PerformanceMonitoringMiddleware | CorrelationId: | Slow request: GET /api/alumni/stats took 1523ms — status 200.
2026-04-20 17:03:00.601 +05:30 [INF] SmsApi.Middleware.LoggingActionFilter | CorrelationId:78e547525c6b48bc99d6091c23948344 | API Request: GET /api/finance/stats | User: Unknown | School: 550e8400-e29b-41d4-a716-446655440000
2026-04-20 17:03:00.882 +05:30 [WRN] SmsApi.Infrastructure.Performance.PerformanceMonitoringMiddleware | CorrelationId: | Slow request: OPTIONS /api/finance/categories took 505ms — status 204.
2026-04-20 17:03:00.971 +05:30 [WRN] SmsApi.Infrastructure.Performance.PerformanceMonitoringMiddleware | CorrelationId: | Slow request: OPTIONS /api/finance/transactions took 506ms — status 204.
2026-04-20 17:03:01.073 +05:30 [INF] SmsApi.Middleware.LoggingActionFilter | CorrelationId:2d50de63a2b0477a8a690ea6dcb4c90d | API Request: GET /api/finance/accounts | User: Unknown | School: 550e8400-e29b-41d4-a716-446655440000
2026-04-20 17:03:03.051 +05:30 [INF] SmsApi.Middleware.LoggingActionFilter | CorrelationId:6262ac33a28c42acaac29bacb3aafcc4 | API Request: GET /api/finance/categories | User: Unknown | School: 550e8400-e29b-41d4-a716-446655440000
2026-04-20 17:03:03.135 +05:30 [INF] SmsApi.Middleware.LoggingActionFilter | CorrelationId:3e3632f235744080aa7aff69f62c8a27 | API Request: GET /api/finance/transactions | User: Unknown | School: 550e8400-e29b-41d4-a716-446655440000
2026-04-20 17:03:03.353 +05:30 [INF] SmsApi.Middleware.LoggingActionFilter | CorrelationId:78e547525c6b48bc99d6091c23948344 | API Response: GET /api/finance/stats | Status: 200 | Duration: 2751ms
2026-04-20 17:03:03.985 +05:30 [INF] SmsApi.Middleware.LoggingActionFilter | CorrelationId:2d50de63a2b0477a8a690ea6dcb4c90d | API Response: GET /api/finance/accounts | Status: 200 | Duration: 2912ms
2026-04-20 17:03:04.257 +05:30 [INF] SmsApi.Middleware.LoggingActionFilter | CorrelationId:6262ac33a28c42acaac29bacb3aafcc4 | API Response: GET /api/finance/categories | Status: 200 | Duration: 1205ms
2026-04-20 17:03:05.244 +05:30 [INF] SmsApi.Middleware.LoggingActionFilter | CorrelationId:3e3632f235744080aa7aff69f62c8a27 | API Response: GET /api/finance/transactions | Status: 200 | Duration: 2109ms
2026-04-20 17:03:05.258 +05:30 [INF] Serilog.AspNetCore.RequestLoggingMiddleware | CorrelationId:78e547525c6b48bc99d6091c23948344 | HTTP GET /api/finance/stats responded 200 in 4661.8453 ms
2026-04-20 17:03:06.001 +05:30 [INF] Serilog.AspNetCore.RequestLoggingMiddleware | CorrelationId:2d50de63a2b0477a8a690ea6dcb4c90d | HTTP GET /api/finance/accounts responded 200 in 4929.5621 ms
2026-04-20 17:03:06.908 +05:30 [INF] Serilog.AspNetCore.RequestLoggingMiddleware | CorrelationId:6262ac33a28c42acaac29bacb3aafcc4 | HTTP GET /api/finance/categories responded 200 in 3865.0059 ms
2026-04-20 17:03:06.915 +05:30 [INF] Serilog.AspNetCore.RequestLoggingMiddleware | CorrelationId:3e3632f235744080aa7aff69f62c8a27 | HTTP GET /api/finance/transactions responded 200 in 3814.5694 ms
2026-04-20 17:03:06.975 +05:30 [ERR] SmsApi.Infrastructure.Performance.PerformanceMonitoringMiddleware | CorrelationId: | SLA BREACH: GET /api/finance/stats took 4661ms — status 200. Investigate immediately.
2026-04-20 17:03:07.177 +05:30 [ERR] SmsApi.Infrastructure.Performance.PerformanceMonitoringMiddleware | CorrelationId: | SLA BREACH: GET /api/finance/accounts took 4922ms — status 200. Investigate immediately.
2026-04-20 17:03:07.405 +05:30 [ERR] SmsApi.Infrastructure.Performance.PerformanceMonitoringMiddleware | CorrelationId: | SLA BREACH: GET /api/finance/categories took 3864ms — status 200. Investigate immediately.
2026-04-20 17:03:07.497 +05:30 [ERR] SmsApi.Infrastructure.Performance.PerformanceMonitoringMiddleware | CorrelationId: | SLA BREACH: GET /api/finance/transactions took 3814ms — status 200. Investigate immediately.
2026-04-20 17:03:07.895 +05:30 [INF] Serilog.AspNetCore.RequestLoggingMiddleware | CorrelationId:1aaf4aded08b4d5f98cac9dee0e82609 | HTTP OPTIONS /api/students responded 204 in 0.1586 ms
2026-04-20 17:03:08.060 +05:30 [INF] Serilog.AspNetCore.RequestLoggingMiddleware | CorrelationId:cff2ccdf823e4549b7265c1c6c950519 | HTTP OPTIONS /api/students responded 204 in 0.0342 ms
2026-04-20 17:03:08.271 +05:30 [INF] SmsApi.Middleware.LoggingActionFilter | CorrelationId:424ad9b87aec496db7274d24f6a658f3 | API Request: GET /api/finance/stats | User: Unknown | School: 550e8400-e29b-41d4-a716-446655440000
2026-04-20 17:03:08.429 +05:30 [INF] SmsApi.Middleware.LoggingActionFilter | CorrelationId:14a71372859e4d2fa2e1660d892dad5d | API Request: GET /api/finance/categories | User: Unknown | School: 550e8400-e29b-41d4-a716-446655440000
2026-04-20 17:03:08.499 +05:30 [WRN] SmsApi.Infrastructure.Performance.PerformanceMonitoringMiddleware | CorrelationId: | Slow request: OPTIONS /api/students took 604ms — status 204.
2026-04-20 17:03:08.615 +05:30 [WRN] SmsApi.Infrastructure.Performance.PerformanceMonitoringMiddleware | CorrelationId: | Slow request: OPTIONS /api/students took 554ms — status 204.
2026-04-20 17:03:08.733 +05:30 [INF] SmsApi.Middleware.LoggingActionFilter | CorrelationId:06a312ad9f174c33a70917efe2f37b87 | API Request: GET /api/finance/accounts | User: Unknown | School: 550e8400-e29b-41d4-a716-446655440000
2026-04-20 17:03:08.869 +05:30 [INF] SmsApi.Middleware.LoggingActionFilter | CorrelationId:14a71372859e4d2fa2e1660d892dad5d | API Response: GET /api/finance/categories | Status: 200 | Duration: 439ms
2026-04-20 17:03:08.995 +05:30 [INF] SmsApi.Middleware.LoggingActionFilter | CorrelationId:cea1d0122adc40d7961f195273c83e94 | API Request: GET /api/finance/transactions | User: Unknown | School: 550e8400-e29b-41d4-a716-446655440000
2026-04-20 17:03:09.217 +05:30 [INF] SmsApi.Middleware.LoggingActionFilter | CorrelationId:69c3d289566e4196a961c30b65572d58 | API Request: GET /api/students | User: Unknown | School: 550e8400-e29b-41d4-a716-446655440000
2026-04-20 17:03:09.261 +05:30 [INF] SmsApi.Middleware.LoggingActionFilter | CorrelationId:06a312ad9f174c33a70917efe2f37b87 | API Response: GET /api/finance/accounts | Status: 200 | Duration: 527ms
2026-04-20 17:03:09.335 +05:30 [INF] Serilog.AspNetCore.RequestLoggingMiddleware | CorrelationId:14a71372859e4d2fa2e1660d892dad5d | HTTP GET /api/finance/categories responded 200 in 906.6003 ms
2026-04-20 17:03:09.422 +05:30 [INF] SmsApi.Middleware.LoggingActionFilter | CorrelationId:cea1d0122adc40d7961f195273c83e94 | API Response: GET /api/finance/transactions | Status: 200 | Duration: 427ms
2026-04-20 17:03:09.465 +05:30 [INF] SmsApi.Middleware.LoggingActionFilter | CorrelationId:69c3d289566e4196a961c30b65572d58 | API Response: GET /api/students | Status: 200 | Duration: 245ms
2026-04-20 17:03:09.486 +05:30 [INF] Serilog.AspNetCore.RequestLoggingMiddleware | CorrelationId:06a312ad9f174c33a70917efe2f37b87 | HTTP GET /api/finance/accounts responded 200 in 757.2585 ms
2026-04-20 17:03:09.739 +05:30 [INF] SmsApi.Middleware.LoggingActionFilter | CorrelationId:424ad9b87aec496db7274d24f6a658f3 | API Response: GET /api/finance/stats | Status: 200 | Duration: 1467ms
2026-04-20 17:03:09.966 +05:30 [WRN] SmsApi.Infrastructure.Performance.PerformanceMonitoringMiddleware | CorrelationId: | Slow request: GET /api/finance/categories took 905ms — status 200.
2026-04-20 17:03:10.054 +05:30 [INF] Serilog.AspNetCore.RequestLoggingMiddleware | CorrelationId:cea1d0122adc40d7961f195273c83e94 | HTTP GET /api/finance/transactions responded 200 in 1059.6198 ms
2026-04-20 17:03:10.178 +05:30 [INF] Serilog.AspNetCore.RequestLoggingMiddleware | CorrelationId:69c3d289566e4196a961c30b65572d58 | HTTP GET /api/students responded 200 in 970.5026 ms
2026-04-20 17:03:10.387 +05:30 [WRN] SmsApi.Infrastructure.Performance.PerformanceMonitoringMiddleware | CorrelationId: | Slow request: GET /api/finance/accounts took 757ms — status 200.
2026-04-20 17:03:10.702 +05:30 [INF] Serilog.AspNetCore.RequestLoggingMiddleware | CorrelationId:424ad9b87aec496db7274d24f6a658f3 | HTTP GET /api/finance/stats responded 200 in 2441.4128 ms
2026-04-20 17:03:10.871 +05:30 [INF] SmsApi.Middleware.LoggingActionFilter | CorrelationId:30e1df192fff48e0aa113fd91592b172 | API Request: GET /api/students | User: Unknown | School: 550e8400-e29b-41d4-a716-446655440000
2026-04-20 17:03:10.987 +05:30 [WRN] SmsApi.Infrastructure.Performance.PerformanceMonitoringMiddleware | CorrelationId: | Slow request: GET /api/finance/transactions took 1059ms — status 200.
2026-04-20 17:03:11.076 +05:30 [WRN] SmsApi.Infrastructure.Performance.PerformanceMonitoringMiddleware | CorrelationId: | Slow request: GET /api/students took 970ms — status 200.
2026-04-20 17:03:11.261 +05:30 [ERR] SmsApi.Infrastructure.Performance.PerformanceMonitoringMiddleware | CorrelationId: | SLA BREACH: GET /api/finance/stats took 2441ms — status 200. Investigate immediately.
2026-04-20 17:03:11.315 +05:30 [INF] SmsApi.Middleware.LoggingActionFilter | CorrelationId:30e1df192fff48e0aa113fd91592b172 | API Response: GET /api/students | Status: 200 | Duration: 443ms
2026-04-20 17:03:12.289 +05:30 [INF] Serilog.AspNetCore.RequestLoggingMiddleware | CorrelationId:30e1df192fff48e0aa113fd91592b172 | HTTP GET /api/students responded 200 in 1431.0906 ms
2026-04-20 17:03:13.638 +05:30 [WRN] SmsApi.Infrastructure.Performance.PerformanceMonitoringMiddleware | CorrelationId: | Slow request: GET /api/students took 1431ms — status 200.
2026-04-20 17:03:18.402 +05:30 [INF] Serilog.AspNetCore.RequestLoggingMiddleware | CorrelationId:1918c60514ec4a5786368220e7699df7 | HTTP OPTIONS /api/schoolconnect/posts responded 204 in 0.4490 ms
2026-04-20 17:03:18.408 +05:30 [INF] Serilog.AspNetCore.RequestLoggingMiddleware | CorrelationId:8334cf5b59764275b96bd8e6ffda2ce9 | HTTP OPTIONS /api/schoolconnect/posts responded 204 in 2.1447 ms
2026-04-20 17:03:18.903 +05:30 [INF] SmsApi.Middleware.LoggingActionFilter | CorrelationId:f991064f7a23475ba95a7281ad66dc9c | API Request: GET /api/schoolconnect/posts | User: Unknown | School: 550e8400-e29b-41d4-a716-446655440000
2026-04-20 17:03:18.922 +05:30 [WRN] SmsApi.Infrastructure.Performance.PerformanceMonitoringMiddleware | CorrelationId: | Slow request: OPTIONS /api/schoolconnect/posts took 524ms — status 204.
2026-04-20 17:03:19.051 +05:30 [INF] SmsApi.Middleware.LoggingActionFilter | CorrelationId:f991064f7a23475ba95a7281ad66dc9c | API Response: GET /api/schoolconnect/posts | Status: 200 | Duration: 148ms
2026-04-20 17:03:19.357 +05:30 [INF] Serilog.AspNetCore.RequestLoggingMiddleware | CorrelationId:f991064f7a23475ba95a7281ad66dc9c | HTTP GET /api/schoolconnect/posts responded 200 in 488.6773 ms
2026-04-20 17:03:19.409 +05:30 [INF] SmsApi.Middleware.LoggingActionFilter | CorrelationId:c0c4338237e24352a84673cf63374c94 | API Request: GET /api/schoolconnect/posts | User: Unknown | School: 550e8400-e29b-41d4-a716-446655440000
2026-04-20 17:03:20.545 +05:30 [INF] SmsApi.Middleware.LoggingActionFilter | CorrelationId:c0c4338237e24352a84673cf63374c94 | API Response: GET /api/schoolconnect/posts | Status: 200 | Duration: 1135ms
2026-04-20 17:03:21.624 +05:30 [INF] Serilog.AspNetCore.RequestLoggingMiddleware | CorrelationId:e0740358ac2c4dd9a3743528da8df029 | HTTP OPTIONS /api/store/items responded 204 in 0.1127 ms
2026-04-20 17:03:21.643 +05:30 [INF] Serilog.AspNetCore.RequestLoggingMiddleware | CorrelationId:a49fd377a4994daa877234fe39bc18d1 | HTTP OPTIONS /api/store/stats responded 204 in 0.0649 ms
2026-04-20 17:03:21.643 +05:30 [INF] Serilog.AspNetCore.RequestLoggingMiddleware | CorrelationId:0ceffc25134c421cb77cae5f883d21a8 | HTTP OPTIONS /api/store/stats responded 204 in 0.0686 ms
2026-04-20 17:03:21.644 +05:30 [INF] Serilog.AspNetCore.RequestLoggingMiddleware | CorrelationId:5a58b0a94a484147a715d18a8d230cca | HTTP OPTIONS /api/store/items responded 204 in 0.0102 ms
2026-04-20 17:03:23.268 +05:30 [WRN] SmsApi.Infrastructure.Performance.PerformanceMonitoringMiddleware | CorrelationId: | Slow request: OPTIONS /api/store/items took 1624ms — status 204.
2026-04-20 17:03:22.935 +05:30 [WRN] SmsApi.Infrastructure.Performance.PerformanceMonitoringMiddleware | CorrelationId: | Slow request: OPTIONS /api/store/items took 1311ms — status 204.
2026-04-20 17:03:23.146 +05:30 [WRN] SmsApi.Infrastructure.Performance.PerformanceMonitoringMiddleware | CorrelationId: | Slow request: OPTIONS /api/store/stats took 1502ms — status 204.
2026-04-20 17:03:23.261 +05:30 [WRN] SmsApi.Infrastructure.Performance.PerformanceMonitoringMiddleware | CorrelationId: | Slow request: OPTIONS /api/store/stats took 1618ms — status 204.
2026-04-20 17:03:21.701 +05:30 [INF] Serilog.AspNetCore.RequestLoggingMiddleware | CorrelationId:c0c4338237e24352a84673cf63374c94 | HTTP GET /api/schoolconnect/posts responded 200 in 2292.4834 ms
2026-04-20 17:03:23.433 +05:30 [INF] SmsApi.Middleware.LoggingActionFilter | CorrelationId:bf55be7602f64623981e1b8dcb7d7a51 | API Request: GET /api/store/stats | User: Unknown | School: 550e8400-e29b-41d4-a716-446655440000
2026-04-20 17:03:23.446 +05:30 [INF] SmsApi.Middleware.LoggingActionFilter | CorrelationId:3706cb69b1874d1d9136407855a445cd | API Request: GET /api/store/items | User: Unknown | School: 550e8400-e29b-41d4-a716-446655440000
2026-04-20 17:03:24.774 +05:30 [ERR] SmsApi.Infrastructure.Performance.PerformanceMonitoringMiddleware | CorrelationId: | SLA BREACH: GET /api/schoolconnect/posts took 2292ms — status 200. Investigate immediately.
2026-04-20 17:03:25.640 +05:30 [INF] SmsApi.Middleware.LoggingActionFilter | CorrelationId:bf55be7602f64623981e1b8dcb7d7a51 | API Response: GET /api/store/stats | Status: 200 | Duration: 2207ms
2026-04-20 17:03:26.468 +05:30 [INF] SmsApi.Middleware.LoggingActionFilter | CorrelationId:3706cb69b1874d1d9136407855a445cd | API Response: GET /api/store/items | Status: 200 | Duration: 3021ms
2026-04-20 17:03:26.489 +05:30 [INF] Serilog.AspNetCore.RequestLoggingMiddleware | CorrelationId:bf55be7602f64623981e1b8dcb7d7a51 | HTTP GET /api/store/stats responded 200 in 3091.1908 ms
2026-04-20 17:03:26.502 +05:30 [ERR] SmsApi.Infrastructure.Performance.PerformanceMonitoringMiddleware | CorrelationId: | SLA BREACH: GET /api/store/stats took 3091ms — status 200. Investigate immediately.
2026-04-20 17:03:26.505 +05:30 [INF] SmsApi.Middleware.LoggingActionFilter | CorrelationId:47cc4a4dbb6742d89e9d676213f09072 | API Request: GET /api/store/items | User: Unknown | School: 550e8400-e29b-41d4-a716-446655440000
2026-04-20 17:03:26.506 +05:30 [INF] SmsApi.Middleware.LoggingActionFilter | CorrelationId:9b7c42b2a67f4bd4bb0f966d5fe23dce | API Request: GET /api/store/stats | User: Unknown | School: 550e8400-e29b-41d4-a716-446655440000
2026-04-20 17:03:26.493 +05:30 [INF] Serilog.AspNetCore.RequestLoggingMiddleware | CorrelationId:3706cb69b1874d1d9136407855a445cd | HTTP GET /api/store/items responded 200 in 3063.3595 ms
2026-04-20 17:03:27.442 +05:30 [INF] SmsApi.Middleware.LoggingActionFilter | CorrelationId:47cc4a4dbb6742d89e9d676213f09072 | API Response: GET /api/store/items | Status: 200 | Duration: 936ms
2026-04-20 17:03:28.099 +05:30 [INF] SmsApi.Middleware.LoggingActionFilter | CorrelationId:9b7c42b2a67f4bd4bb0f966d5fe23dce | API Response: GET /api/store/stats | Status: 200 | Duration: 1592ms
2026-04-20 17:03:28.155 +05:30 [ERR] SmsApi.Infrastructure.Performance.PerformanceMonitoringMiddleware | CorrelationId: | SLA BREACH: GET /api/store/items took 3063ms — status 200. Investigate immediately.
2026-04-20 17:03:28.364 +05:30 [INF] Serilog.AspNetCore.RequestLoggingMiddleware | CorrelationId:47cc4a4dbb6742d89e9d676213f09072 | HTTP GET /api/store/items responded 200 in 1861.0999 ms
2026-04-20 17:03:28.400 +05:30 [INF] Serilog.AspNetCore.RequestLoggingMiddleware | CorrelationId:9b7c42b2a67f4bd4bb0f966d5fe23dce | HTTP GET /api/store/stats responded 200 in 1901.0808 ms
2026-04-20 17:03:28.666 +05:30 [WRN] SmsApi.Infrastructure.Performance.PerformanceMonitoringMiddleware | CorrelationId: | Slow request: GET /api/store/items took 1861ms — status 200.
2026-04-20 17:03:28.789 +05:30 [WRN] SmsApi.Infrastructure.Performance.PerformanceMonitoringMiddleware | CorrelationId: | Slow request: GET /api/store/stats took 1901ms — status 200.
2026-04-20 17:03:32.291 +05:30 [INF] Serilog.AspNetCore.RequestLoggingMiddleware | CorrelationId:12a1426a306749bcaa40ff1f44ab7f44 | HTTP OPTIONS /api/finance/stats responded 204 in 0.2924 ms
2026-04-20 17:03:32.306 +05:30 [INF] Serilog.AspNetCore.RequestLoggingMiddleware | CorrelationId:82dbd98f5a1444d39433f0ace7821de3 | HTTP OPTIONS /api/finance/accounts responded 204 in 0.0818 ms
2026-04-20 17:03:32.308 +05:30 [INF] Serilog.AspNetCore.RequestLoggingMiddleware | CorrelationId:c5a30dd9f97548df92401e1bf570bd9a | HTTP OPTIONS /api/finance/categories responded 204 in 0.0701 ms
2026-04-20 17:03:32.308 +05:30 [INF] Serilog.AspNetCore.RequestLoggingMiddleware | CorrelationId:b4ea42eb02a840ab9818d3cc7c03160a | HTTP OPTIONS /api/finance/transactions responded 204 in 0.0233 ms
2026-04-20 17:03:32.309 +05:30 [INF] Serilog.AspNetCore.RequestLoggingMiddleware | CorrelationId:45c0fd27307d40718ff9e970fe767f09 | HTTP OPTIONS /api/finance/stats responded 204 in 0.0683 ms
2026-04-20 17:03:32.309 +05:30 [INF] Serilog.AspNetCore.RequestLoggingMiddleware | CorrelationId:5e19775488734ddc8c3e40b26f8984e1 | HTTP OPTIONS /api/finance/accounts responded 204 in 0.0232 ms
2026-04-20 17:03:33.249 +05:30 [WRN] SmsApi.Infrastructure.Performance.PerformanceMonitoringMiddleware | CorrelationId: | Slow request: OPTIONS /api/finance/stats took 958ms — status 204.
2026-04-20 17:03:33.523 +05:30 [WRN] SmsApi.Infrastructure.Performance.PerformanceMonitoringMiddleware | CorrelationId: | Slow request: OPTIONS /api/finance/accounts took 1217ms — status 204.
2026-04-20 17:03:33.713 +05:30 [WRN] SmsApi.Infrastructure.Performance.PerformanceMonitoringMiddleware | CorrelationId: | Slow request: OPTIONS /api/finance/categories took 1405ms — status 204.
2026-04-20 17:03:33.904 +05:30 [WRN] SmsApi.Infrastructure.Performance.PerformanceMonitoringMiddleware | CorrelationId: | Slow request: OPTIONS /api/finance/transactions took 1595ms — status 204.
2026-04-20 17:03:33.936 +05:30 [WRN] SmsApi.Infrastructure.Performance.PerformanceMonitoringMiddleware | CorrelationId: | Slow request: OPTIONS /api/finance/stats took 1627ms — status 204.
2026-04-20 17:03:34.082 +05:30 [WRN] SmsApi.Infrastructure.Performance.PerformanceMonitoringMiddleware | CorrelationId: | Slow request: OPTIONS /api/finance/accounts took 1773ms — status 204.
2026-04-20 17:03:34.315 +05:30 [INF] Serilog.AspNetCore.RequestLoggingMiddleware | CorrelationId:3694254318b645909d90aa1d1162a17f | HTTP OPTIONS /api/finance/categories responded 204 in 0.0908 ms
2026-04-20 17:03:34.611 +05:30 [INF] Serilog.AspNetCore.RequestLoggingMiddleware | CorrelationId:a96ccaa287074ffa81ae7c88dc7cfd7e | HTTP OPTIONS /api/finance/transactions responded 204 in 0.0518 ms
2026-04-20 17:03:34.928 +05:30 [INF] SmsApi.Middleware.LoggingActionFilter | CorrelationId:54c83f11c4ce49688fe655fa98cbff4b | API Request: GET /api/finance/stats | User: Unknown | School: 550e8400-e29b-41d4-a716-446655440000
2026-04-20 17:03:35.322 +05:30 [INF] SmsApi.Middleware.LoggingActionFilter | CorrelationId:9140f2c74e7744c3b2914616eecadff5 | API Request: GET /api/finance/accounts | User: Unknown | School: 550e8400-e29b-41d4-a716-446655440000
2026-04-20 17:03:35.395 +05:30 [WRN] SmsApi.Infrastructure.Performance.PerformanceMonitoringMiddleware | CorrelationId: | Slow request: OPTIONS /api/finance/categories took 1080ms — status 204.
2026-04-20 17:03:35.670 +05:30 [WRN] SmsApi.Infrastructure.Performance.PerformanceMonitoringMiddleware | CorrelationId: | Slow request: OPTIONS /api/finance/transactions took 1059ms — status 204.
2026-04-20 17:03:35.825 +05:30 [INF] SmsApi.Middleware.LoggingActionFilter | CorrelationId:5c445a6efdde4f7cb32a78b719c21163 | API Request: GET /api/finance/transactions | User: Unknown | School: 550e8400-e29b-41d4-a716-446655440000
2026-04-20 17:03:35.910 +05:30 [INF] SmsApi.Middleware.LoggingActionFilter | CorrelationId:9140f2c74e7744c3b2914616eecadff5 | API Response: GET /api/finance/accounts | Status: 200 | Duration: 588ms
2026-04-20 17:03:36.412 +05:30 [INF] SmsApi.Middleware.LoggingActionFilter | CorrelationId:890202ccfaf34b8595dc942581752861 | API Request: GET /api/finance/categories | User: Unknown | School: 550e8400-e29b-41d4-a716-446655440000
2026-04-20 17:03:36.660 +05:30 [INF] SmsApi.Middleware.LoggingActionFilter | CorrelationId:54c83f11c4ce49688fe655fa98cbff4b | API Response: GET /api/finance/stats | Status: 200 | Duration: 1731ms
2026-04-20 17:03:37.029 +05:30 [INF] Serilog.AspNetCore.RequestLoggingMiddleware | CorrelationId:54c83f11c4ce49688fe655fa98cbff4b | HTTP GET /api/finance/stats responded 200 in 2124.9800 ms
2026-04-20 17:03:36.869 +05:30 [INF] Serilog.AspNetCore.RequestLoggingMiddleware | CorrelationId:9140f2c74e7744c3b2914616eecadff5 | HTTP GET /api/finance/accounts responded 200 in 1547.9877 ms
2026-04-20 17:03:36.991 +05:30 [INF] SmsApi.Middleware.LoggingActionFilter | CorrelationId:890202ccfaf34b8595dc942581752861 | API Response: GET /api/finance/categories | Status: 200 | Duration: 579ms
2026-04-20 17:03:36.773 +05:30 [INF] SmsApi.Middleware.LoggingActionFilter | CorrelationId:5c445a6efdde4f7cb32a78b719c21163 | API Response: GET /api/finance/transactions | Status: 200 | Duration: 948ms
2026-04-20 17:03:37.685 +05:30 [ERR] SmsApi.Infrastructure.Performance.PerformanceMonitoringMiddleware | CorrelationId: | SLA BREACH: GET /api/finance/stats took 2124ms — status 200. Investigate immediately.
2026-04-20 17:03:37.693 +05:30 [WRN] SmsApi.Infrastructure.Performance.PerformanceMonitoringMiddleware | CorrelationId: | Slow request: GET /api/finance/accounts took 1548ms — status 200.
2026-04-20 17:03:37.696 +05:30 [INF] Serilog.AspNetCore.RequestLoggingMiddleware | CorrelationId:890202ccfaf34b8595dc942581752861 | HTTP GET /api/finance/categories responded 200 in 1295.2448 ms
2026-04-20 17:03:37.702 +05:30 [INF] Serilog.AspNetCore.RequestLoggingMiddleware | CorrelationId:5c445a6efdde4f7cb32a78b719c21163 | HTTP GET /api/finance/transactions responded 200 in 1887.8630 ms
2026-04-20 17:03:38.032 +05:30 [INF] SmsApi.Middleware.LoggingActionFilter | CorrelationId:7a147a1a885644ae9c3c95771f152635 | API Request: GET /api/finance/accounts | User: Unknown | School: 550e8400-e29b-41d4-a716-446655440000
2026-04-20 17:03:38.721 +05:30 [INF] SmsApi.Middleware.LoggingActionFilter | CorrelationId:21bec64a267745768628ec6b0f5e92cb | API Request: GET /api/finance/stats | User: Unknown | School: 550e8400-e29b-41d4-a716-446655440000
2026-04-20 17:03:38.751 +05:30 [WRN] SmsApi.Infrastructure.Performance.PerformanceMonitoringMiddleware | CorrelationId: | Slow request: GET /api/finance/categories took 1295ms — status 200.
2026-04-20 17:03:38.925 +05:30 [WRN] SmsApi.Infrastructure.Performance.PerformanceMonitoringMiddleware | CorrelationId: | Slow request: GET /api/finance/transactions took 1887ms — status 200.
2026-04-20 17:03:39.095 +05:30 [INF] SmsApi.Middleware.LoggingActionFilter | CorrelationId:7a147a1a885644ae9c3c95771f152635 | API Response: GET /api/finance/accounts | Status: 200 | Duration: 1062ms
2026-04-20 17:03:39.289 +05:30 [INF] SmsApi.Middleware.LoggingActionFilter | CorrelationId:a3f8fc8c575544dca1256124cc323bcf | API Request: GET /api/finance/categories | User: Unknown | School: 550e8400-e29b-41d4-a716-446655440000
2026-04-20 17:03:39.492 +05:30 [INF] SmsApi.Middleware.LoggingActionFilter | CorrelationId:2da08b7e230a4a4e879678dcd54645ab | API Request: GET /api/finance/transactions | User: Unknown | School: 550e8400-e29b-41d4-a716-446655440000
2026-04-20 17:03:39.497 +05:30 [INF] SmsApi.Middleware.LoggingActionFilter | CorrelationId:21bec64a267745768628ec6b0f5e92cb | API Response: GET /api/finance/stats | Status: 200 | Duration: 776ms
2026-04-20 17:03:39.611 +05:30 [INF] Serilog.AspNetCore.RequestLoggingMiddleware | CorrelationId:7a147a1a885644ae9c3c95771f152635 | HTTP GET /api/finance/accounts responded 200 in 1596.3731 ms
2026-04-20 17:03:39.732 +05:30 [INF] Serilog.AspNetCore.RequestLoggingMiddleware | CorrelationId:b19dcda0672040d2ab927ce1cc015ea1 | HTTP OPTIONS /api/alumni/stats responded 204 in 0.2133 ms
2026-04-20 17:03:39.735 +05:30 [INF] Serilog.AspNetCore.RequestLoggingMiddleware | CorrelationId:0adbf28d62d94553b56820f5250f8c11 | HTTP OPTIONS /api/alumni/stats responded 204 in 0.0723 ms
2026-04-20 17:03:39.961 +05:30 [INF] SmsApi.Middleware.LoggingActionFilter | CorrelationId:a3f8fc8c575544dca1256124cc323bcf | API Response: GET /api/finance/categories | Status: 200 | Duration: 672ms
2026-04-20 17:03:40.134 +05:30 [INF] SmsApi.Middleware.LoggingActionFilter | CorrelationId:2da08b7e230a4a4e879678dcd54645ab | API Response: GET /api/finance/transactions | Status: 200 | Duration: 641ms
2026-04-20 17:03:40.372 +05:30 [INF] Serilog.AspNetCore.RequestLoggingMiddleware | CorrelationId:21bec64a267745768628ec6b0f5e92cb | HTTP GET /api/finance/stats responded 200 in 1652.0457 ms
2026-04-20 17:03:40.630 +05:30 [WRN] SmsApi.Infrastructure.Performance.PerformanceMonitoringMiddleware | CorrelationId: | Slow request: GET /api/finance/accounts took 1596ms — status 200.
2026-04-20 17:03:41.226 +05:30 [WRN] SmsApi.Infrastructure.Performance.PerformanceMonitoringMiddleware | CorrelationId: | Slow request: OPTIONS /api/alumni/stats took 1494ms — status 204.
2026-04-20 17:03:41.365 +05:30 [WRN] SmsApi.Infrastructure.Performance.PerformanceMonitoringMiddleware | CorrelationId: | Slow request: OPTIONS /api/alumni/stats took 1630ms — status 204.
2026-04-20 17:03:41.443 +05:30 [INF] Serilog.AspNetCore.RequestLoggingMiddleware | CorrelationId:a3f8fc8c575544dca1256124cc323bcf | HTTP GET /api/finance/categories responded 200 in 2163.7822 ms
2026-04-20 17:03:42.671 +05:30 [ERR] SmsApi.Infrastructure.Performance.PerformanceMonitoringMiddleware | CorrelationId: | SLA BREACH: GET /api/finance/categories took 2163ms — status 200. Investigate immediately.
2026-04-20 17:03:41.778 +05:30 [WRN] SmsApi.Infrastructure.Performance.PerformanceMonitoringMiddleware | CorrelationId: | Slow request: GET /api/finance/stats took 1651ms — status 200.
2026-04-20 17:03:42.484 +05:30 [INF] SmsApi.Middleware.LoggingActionFilter | CorrelationId:1f823c172eac4077982d6037c9f806fe | API Request: GET /api/alumni/stats | User: Unknown | School: 550e8400-e29b-41d4-a716-446655440000
2026-04-20 17:03:41.575 +05:30 [INF] Serilog.AspNetCore.RequestLoggingMiddleware | CorrelationId:2da08b7e230a4a4e879678dcd54645ab | HTTP GET /api/finance/transactions responded 200 in 2093.1116 ms
2026-04-20 17:03:43.378 +05:30 [INF] SmsApi.Middleware.LoggingActionFilter | CorrelationId:1f823c172eac4077982d6037c9f806fe | API Response: GET /api/alumni/stats | Status: 200 | Duration: 893ms
2026-04-20 17:03:43.447 +05:30 [ERR] SmsApi.Infrastructure.Performance.PerformanceMonitoringMiddleware | CorrelationId: | SLA BREACH: GET /api/finance/transactions took 2093ms — status 200. Investigate immediately.
2026-04-20 17:03:43.563 +05:30 [INF] Serilog.AspNetCore.RequestLoggingMiddleware | CorrelationId:1f823c172eac4077982d6037c9f806fe | HTTP GET /api/alumni/stats responded 200 in 1080.3522 ms
2026-04-20 17:03:43.590 +05:30 [INF] SmsApi.Middleware.LoggingActionFilter | CorrelationId:d6da39d2e8c54836a929e0dd79187c08 | API Request: GET /api/alumni/stats | User: Unknown | School: 550e8400-e29b-41d4-a716-446655440000
2026-04-20 17:03:43.776 +05:30 [WRN] SmsApi.Infrastructure.Performance.PerformanceMonitoringMiddleware | CorrelationId: | Slow request: GET /api/alumni/stats took 1080ms — status 200.
2026-04-20 17:03:43.947 +05:30 [INF] SmsApi.Middleware.LoggingActionFilter | CorrelationId:d6da39d2e8c54836a929e0dd79187c08 | API Response: GET /api/alumni/stats | Status: 200 | Duration: 357ms
2026-04-20 17:03:44.075 +05:30 [INF] Serilog.AspNetCore.RequestLoggingMiddleware | CorrelationId:d6da39d2e8c54836a929e0dd79187c08 | HTTP GET /api/alumni/stats responded 200 in 485.2536 ms
2026-04-20 17:03:44.939 +05:30 [INF] Serilog.AspNetCore.RequestLoggingMiddleware | CorrelationId:b172f8838e7648f59938e76d766b9e06 | HTTP OPTIONS /api/library/books responded 204 in 0.0973 ms
2026-04-20 17:03:44.939 +05:30 [INF] Serilog.AspNetCore.RequestLoggingMiddleware | CorrelationId:abca7218f6ee472d85349db94852ee44 | HTTP OPTIONS /api/library/issues responded 204 in 0.0373 ms
2026-04-20 17:03:44.939 +05:30 [INF] Serilog.AspNetCore.RequestLoggingMiddleware | CorrelationId:b7abdc31279c4e7488d7942e38424c8c | HTTP OPTIONS /api/library/issues responded 204 in 0.0205 ms
2026-04-20 17:03:45.015 +05:30 [INF] Serilog.AspNetCore.RequestLoggingMiddleware | CorrelationId:d2f903e52eb743d88726c6676e6f4629 | HTTP OPTIONS /api/library/books responded 204 in 0.0545 ms
2026-04-20 17:03:45.591 +05:30 [INF] Serilog.AspNetCore.RequestLoggingMiddleware | CorrelationId:95d7ed0a17204ca2bba91a70bf0957a0 | HTTP OPTIONS /api/library/stats responded 204 in 0.1926 ms
2026-04-20 17:03:45.845 +05:30 [WRN] SmsApi.Infrastructure.Performance.PerformanceMonitoringMiddleware | CorrelationId: | Slow request: OPTIONS /api/library/issues took 905ms — status 204.
2026-04-20 17:03:45.866 +05:30 [WRN] SmsApi.Infrastructure.Performance.PerformanceMonitoringMiddleware | CorrelationId: | Slow request: OPTIONS /api/library/issues took 926ms — status 204.
2026-04-20 17:03:45.905 +05:30 [WRN] SmsApi.Infrastructure.Performance.PerformanceMonitoringMiddleware | CorrelationId: | Slow request: OPTIONS /api/library/books took 890ms — status 204.
2026-04-20 17:03:45.949 +05:30 [INF] Serilog.AspNetCore.RequestLoggingMiddleware | CorrelationId:5d9dbaf7ea69436f9ad7396cd226b4aa | HTTP OPTIONS /api/library/books responded 204 in 0.0662 ms
2026-04-20 17:03:46.060 +05:30 [INF] Serilog.AspNetCore.RequestLoggingMiddleware | CorrelationId:c8b75fc36f1246d0bb495420bc4219fc | HTTP OPTIONS /api/library/issues responded 204 in 0.0609 ms
2026-04-20 17:03:46.195 +05:30 [INF] Serilog.AspNetCore.RequestLoggingMiddleware | CorrelationId:2a198f3aabaf4ff4b7b0cf34ccf7fe4a | HTTP OPTIONS /api/students responded 204 in 0.0575 ms
2026-04-20 17:03:46.256 +05:30 [INF] Serilog.AspNetCore.RequestLoggingMiddleware | CorrelationId:7fc93edf9c8b416aa51d6e8070f84e55 | HTTP OPTIONS /api/library/books responded 204 in 0.0779 ms
2026-04-20 17:03:46.332 +05:30 [INF] Serilog.AspNetCore.RequestLoggingMiddleware | CorrelationId:1b5ae4bf132845348888fde725ed00fb | HTTP OPTIONS /api/library/books responded 204 in 0.0507 ms
2026-04-20 17:03:46.466 +05:30 [INF] Serilog.AspNetCore.RequestLoggingMiddleware | CorrelationId:15a1423bcbc746a2a663775db7a3a833 | HTTP OPTIONS /api/library/issues responded 204 in 14.4996 ms
2026-04-20 17:03:46.607 +05:30 [INF] Serilog.AspNetCore.RequestLoggingMiddleware | CorrelationId:6c3b8448719848e7849719b20f81fb23 | HTTP OPTIONS /api/library/issues responded 204 in 0.0418 ms
2026-04-20 17:03:46.945 +05:30 [WRN] SmsApi.Infrastructure.Performance.PerformanceMonitoringMiddleware | CorrelationId: | Slow request: OPTIONS /api/library/books took 688ms — status 204.
2026-04-20 17:03:46.980 +05:30 [WRN] SmsApi.Infrastructure.Performance.PerformanceMonitoringMiddleware | CorrelationId: | Slow request: OPTIONS /api/library/books took 647ms — status 204.
2026-04-20 17:03:47.110 +05:30 [WRN] SmsApi.Infrastructure.Performance.PerformanceMonitoringMiddleware | CorrelationId: | Slow request: OPTIONS /api/library/issues took 663ms — status 204.
2026-04-20 17:03:47.194 +05:30 [WRN] SmsApi.Infrastructure.Performance.PerformanceMonitoringMiddleware | CorrelationId: | Slow request: OPTIONS /api/library/issues took 586ms — status 204.
2026-04-20 17:03:47.366 +05:30 [INF] Serilog.AspNetCore.RequestLoggingMiddleware | CorrelationId:e78b6215f052438daea4ce2b05713949 | HTTP OPTIONS /api/library/stats responded 204 in 0.0538 ms
2026-04-20 17:03:47.594 +05:30 [INF] Serilog.AspNetCore.RequestLoggingMiddleware | CorrelationId:6e998919a2bb46dda3ff3b868d3c5c13 | HTTP OPTIONS /api/library/books responded 204 in 0.0402 ms
2026-04-20 17:03:48.462 +05:30 [INF] Serilog.AspNetCore.RequestLoggingMiddleware | CorrelationId:1a25811f5bbd4ea7b5750e6b24bcbeb7 | HTTP OPTIONS /api/library/issues responded 204 in 0.0630 ms
2026-04-20 17:03:48.596 +05:30 [INF] Serilog.AspNetCore.RequestLoggingMiddleware | CorrelationId:d672a6d82a834453a20edff482b14463 | HTTP OPTIONS /api/students responded 204 in 0.1482 ms
2026-04-20 17:03:49.127 +05:30 [WRN] SmsApi.Infrastructure.Performance.PerformanceMonitoringMiddleware | CorrelationId: | Slow request: OPTIONS /api/library/stats took 1761ms — status 204.
2026-04-20 17:03:49.218 +05:30 [WRN] SmsApi.Infrastructure.Performance.PerformanceMonitoringMiddleware | CorrelationId: | Slow request: OPTIONS /api/library/books took 1624ms — status 204.
2026-04-20 17:03:49.275 +05:30 [WRN] SmsApi.Infrastructure.Performance.PerformanceMonitoringMiddleware | CorrelationId: | Slow request: OPTIONS /api/library/issues took 813ms — status 204.
2026-04-20 17:03:49.377 +05:30 [WRN] SmsApi.Infrastructure.Performance.PerformanceMonitoringMiddleware | CorrelationId: | Slow request: OPTIONS /api/students took 781ms — status 204.
2026-04-20 17:03:49.507 +05:30 [INF] Serilog.AspNetCore.RequestLoggingMiddleware | CorrelationId:8baa76d14fb748b0b18f603b2ee7c11e | HTTP OPTIONS /api/library/books responded 204 in 0.1313 ms
2026-04-20 17:03:49.683 +05:30 [INF] SmsApi.Middleware.LoggingActionFilter | CorrelationId:ce835f85af7f47fc97b02c384b4573f8 | API Request: GET /api/library/books | User: Unknown | School: 550e8400-e29b-41d4-a716-446655440000
2026-04-20 17:03:49.802 +05:30 [INF] SmsApi.Middleware.LoggingActionFilter | CorrelationId:42c0b5d0dcbd4a2ca82a4762b7531a00 | API Request: GET /api/library/stats | User: Unknown | School: 550e8400-e29b-41d4-a716-446655440000
2026-04-20 17:03:49.937 +05:30 [INF] SmsApi.Middleware.LoggingActionFilter | CorrelationId:4bfbe38db6264926863b6f9843c336d2 | API Request: GET /api/library/issues | User: Unknown | School: 550e8400-e29b-41d4-a716-446655440000
2026-04-20 17:03:49.943 +05:30 [INF] SmsApi.Middleware.LoggingActionFilter | CorrelationId:4f44edab63224acba6f42f042c6fff79 | API Request: GET /api/students | User: Unknown | School: 550e8400-e29b-41d4-a716-446655440000
2026-04-20 17:03:50.168 +05:30 [INF] SmsApi.Middleware.LoggingActionFilter | CorrelationId:ce835f85af7f47fc97b02c384b4573f8 | API Response: GET /api/library/books | Status: 200 | Duration: 485ms
2026-04-20 17:03:50.292 +05:30 [INF] SmsApi.Middleware.LoggingActionFilter | CorrelationId:42c0b5d0dcbd4a2ca82a4762b7531a00 | API Response: GET /api/library/stats | Status: 200 | Duration: 490ms
2026-04-20 17:03:50.388 +05:30 [INF] Serilog.AspNetCore.RequestLoggingMiddleware | CorrelationId:42c0b5d0dcbd4a2ca82a4762b7531a00 | HTTP GET /api/library/stats responded 200 in 598.7567 ms
2026-04-20 17:03:50.382 +05:30 [INF] SmsApi.Middleware.LoggingActionFilter | CorrelationId:4bfbe38db6264926863b6f9843c336d2 | API Response: GET /api/library/issues | Status: 200 | Duration: 444ms
2026-04-20 17:03:50.383 +05:30 [INF] SmsApi.Middleware.LoggingActionFilter | CorrelationId:4f44edab63224acba6f42f042c6fff79 | API Response: GET /api/students | Status: 200 | Duration: 440ms
2026-04-20 17:03:50.369 +05:30 [INF] Serilog.AspNetCore.RequestLoggingMiddleware | CorrelationId:ce835f85af7f47fc97b02c384b4573f8 | HTTP GET /api/library/books responded 200 in 713.3554 ms
2026-04-20 17:03:50.413 +05:30 [INF] SmsApi.Middleware.LoggingActionFilter | CorrelationId:72c77e8daafe4e15b9d2af3b0f7b8063 | API Request: GET /api/library/stats | User: Unknown | School: 550e8400-e29b-41d4-a716-446655440000
2026-04-20 17:03:50.436 +05:30 [INF] SmsApi.Middleware.LoggingActionFilter | CorrelationId:8fc85a5596ef4c98af91dd65966692f0 | API Request: GET /api/library/books | User: Unknown | School: 550e8400-e29b-41d4-a716-446655440000
2026-04-20 17:03:50.457 +05:30 [WRN] SmsApi.Infrastructure.Performance.PerformanceMonitoringMiddleware | CorrelationId: | Slow request: GET /api/library/stats took 598ms — status 200.
2026-04-20 17:03:50.561 +05:30 [INF] Serilog.AspNetCore.RequestLoggingMiddleware | CorrelationId:4bfbe38db6264926863b6f9843c336d2 | HTTP GET /api/library/issues responded 200 in 626.4091 ms
2026-04-20 17:03:50.895 +05:30 [WRN] SmsApi.Infrastructure.Performance.PerformanceMonitoringMiddleware | CorrelationId: | Slow request: GET /api/library/issues took 634ms — status 200.
2026-04-20 17:03:50.654 +05:30 [WRN] SmsApi.Infrastructure.Performance.PerformanceMonitoringMiddleware | CorrelationId: | Slow request: GET /api/library/books took 713ms — status 200.
2026-04-20 17:03:50.763 +05:30 [INF] SmsApi.Middleware.LoggingActionFilter | CorrelationId:72c77e8daafe4e15b9d2af3b0f7b8063 | API Response: GET /api/library/stats | Status: 200 | Duration: 350ms
2026-04-20 17:03:50.799 +05:30 [INF] SmsApi.Middleware.LoggingActionFilter | CorrelationId:8fc85a5596ef4c98af91dd65966692f0 | API Response: GET /api/library/books | Status: 200 | Duration: 363ms
2026-04-20 17:03:50.589 +05:30 [INF] Serilog.AspNetCore.RequestLoggingMiddleware | CorrelationId:4f44edab63224acba6f42f042c6fff79 | HTTP GET /api/students responded 200 in 653.4348 ms
2026-04-20 17:03:50.908 +05:30 [INF] SmsApi.Middleware.LoggingActionFilter | CorrelationId:668aa8a42d284c598d0fd59bc3f25273 | API Request: GET /api/library/issues | User: Unknown | School: 550e8400-e29b-41d4-a716-446655440000
2026-04-20 17:03:51.060 +05:30 [INF] SmsApi.Middleware.LoggingActionFilter | CorrelationId:3f1d9a1f68414a70a1b9375d816e7d05 | API Request: GET /api/students | User: Unknown | School: 550e8400-e29b-41d4-a716-446655440000
2026-04-20 17:03:51.192 +05:30 [INF] Serilog.AspNetCore.RequestLoggingMiddleware | CorrelationId:72c77e8daafe4e15b9d2af3b0f7b8063 | HTTP GET /api/library/stats responded 200 in 792.1096 ms
2026-04-20 17:03:51.267 +05:30 [INF] Serilog.AspNetCore.RequestLoggingMiddleware | CorrelationId:8fc85a5596ef4c98af91dd65966692f0 | HTTP GET /api/library/books responded 200 in 867.0210 ms
2026-04-20 17:03:51.282 +05:30 [INF] SmsApi.Middleware.LoggingActionFilter | CorrelationId:a68f299a308647269c45dc780d4d8d42 | API Request: GET /api/library/books | User: Unknown | School: 550e8400-e29b-41d4-a716-446655440000
2026-04-20 17:03:51.330 +05:30 [WRN] SmsApi.Infrastructure.Performance.PerformanceMonitoringMiddleware | CorrelationId: | Slow request: GET /api/students took 653ms — status 200.
2026-04-20 17:03:51.466 +05:30 [INF] SmsApi.Middleware.LoggingActionFilter | CorrelationId:668aa8a42d284c598d0fd59bc3f25273 | API Response: GET /api/library/issues | Status: 200 | Duration: 558ms
2026-04-20 17:03:51.526 +05:30 [INF] SmsApi.Middleware.LoggingActionFilter | CorrelationId:3f1d9a1f68414a70a1b9375d816e7d05 | API Response: GET /api/students | Status: 200 | Duration: 465ms
2026-04-20 17:03:51.562 +05:30 [WRN] SmsApi.Infrastructure.Performance.PerformanceMonitoringMiddleware | CorrelationId: | Slow request: GET /api/library/stats took 792ms — status 200.
2026-04-20 17:03:51.567 +05:30 [WRN] SmsApi.Infrastructure.Performance.PerformanceMonitoringMiddleware | CorrelationId: | Slow request: GET /api/library/books took 866ms — status 200.
2026-04-20 17:03:51.702 +05:30 [INF] SmsApi.Middleware.LoggingActionFilter | CorrelationId:a68f299a308647269c45dc780d4d8d42 | API Response: GET /api/library/books | Status: 200 | Duration: 419ms
2026-04-20 17:03:51.805 +05:30 [INF] Serilog.AspNetCore.RequestLoggingMiddleware | CorrelationId:668aa8a42d284c598d0fd59bc3f25273 | HTTP GET /api/library/issues responded 200 in 925.8619 ms
2026-04-20 17:03:52.115 +05:30 [INF] Serilog.AspNetCore.RequestLoggingMiddleware | CorrelationId:3f1d9a1f68414a70a1b9375d816e7d05 | HTTP GET /api/students responded 200 in 1065.4308 ms
2026-04-20 17:03:52.375 +05:30 [INF] SmsApi.Middleware.LoggingActionFilter | CorrelationId:2b5aaea1edae4cf9b08c5848b1d1dfe7 | API Request: GET /api/library/issues | User: Unknown | School: 550e8400-e29b-41d4-a716-446655440000
2026-04-20 17:03:52.434 +05:30 [INF] Serilog.AspNetCore.RequestLoggingMiddleware | CorrelationId:a68f299a308647269c45dc780d4d8d42 | HTTP GET /api/library/books responded 200 in 1155.7150 ms
2026-04-20 17:03:52.481 +05:30 [WRN] SmsApi.Infrastructure.Performance.PerformanceMonitoringMiddleware | CorrelationId: | Slow request: GET /api/library/issues took 925ms — status 200.
2026-04-20 17:03:52.580 +05:30 [WRN] SmsApi.Infrastructure.Performance.PerformanceMonitoringMiddleware | CorrelationId: | Slow request: GET /api/students took 1065ms — status 200.
2026-04-20 17:03:52.622 +05:30 [INF] SmsApi.Middleware.LoggingActionFilter | CorrelationId:2b5aaea1edae4cf9b08c5848b1d1dfe7 | API Response: GET /api/library/issues | Status: 200 | Duration: 247ms
2026-04-20 17:03:52.647 +05:30 [WRN] SmsApi.Infrastructure.Performance.PerformanceMonitoringMiddleware | CorrelationId: | Slow request: GET /api/library/books took 1155ms — status 200.
2026-04-20 17:03:52.677 +05:30 [INF] SmsApi.Middleware.LoggingActionFilter | CorrelationId:ab55374833974856ad9322f6a686b545 | API Request: GET /api/library/books | User: Unknown | School: 550e8400-e29b-41d4-a716-446655440000
2026-04-20 17:03:52.748 +05:30 [INF] Serilog.AspNetCore.RequestLoggingMiddleware | CorrelationId:2b5aaea1edae4cf9b08c5848b1d1dfe7 | HTTP GET /api/library/issues responded 200 in 907.2125 ms
2026-04-20 17:03:52.755 +05:30 [INF] SmsApi.Middleware.LoggingActionFilter | CorrelationId:41ca1cc78c234a30a8d854bddfb95187 | API Request: GET /api/library/issues | User: Unknown | School: 550e8400-e29b-41d4-a716-446655440000
2026-04-20 17:03:52.787 +05:30 [INF] SmsApi.Middleware.LoggingActionFilter | CorrelationId:ab55374833974856ad9322f6a686b545 | API Response: GET /api/library/books | Status: 200 | Duration: 107ms
2026-04-20 17:03:52.812 +05:30 [WRN] SmsApi.Infrastructure.Performance.PerformanceMonitoringMiddleware | CorrelationId: | Slow request: GET /api/library/issues took 910ms — status 200.
2026-04-20 17:03:52.846 +05:30 [INF] SmsApi.Middleware.LoggingActionFilter | CorrelationId:41ca1cc78c234a30a8d854bddfb95187 | API Response: GET /api/library/issues | Status: 200 | Duration: 91ms
2026-04-20 17:03:52.882 +05:30 [INF] Serilog.AspNetCore.RequestLoggingMiddleware | CorrelationId:ab55374833974856ad9322f6a686b545 | HTTP GET /api/library/books responded 200 in 216.5216 ms
2026-04-20 17:03:52.898 +05:30 [INF] SmsApi.Middleware.LoggingActionFilter | CorrelationId:a90c79bce8e84ad49aa40bce972160a0 | API Request: GET /api/library/books | User: Unknown | School: 550e8400-e29b-41d4-a716-446655440000
2026-04-20 17:03:53.010 +05:30 [INF] Serilog.AspNetCore.RequestLoggingMiddleware | CorrelationId:41ca1cc78c234a30a8d854bddfb95187 | HTTP GET /api/library/issues responded 200 in 259.7692 ms
2026-04-20 17:03:53.030 +05:30 [INF] SmsApi.Middleware.LoggingActionFilter | CorrelationId:15bb220ce69942ae96e625d5ebcd4163 | API Request: GET /api/library/issues | User: Unknown | School: 550e8400-e29b-41d4-a716-446655440000
2026-04-20 17:03:53.162 +05:30 [INF] SmsApi.Middleware.LoggingActionFilter | CorrelationId:a90c79bce8e84ad49aa40bce972160a0 | API Response: GET /api/library/books | Status: 200 | Duration: 264ms
2026-04-20 17:03:53.290 +05:30 [INF] SmsApi.Middleware.LoggingActionFilter | CorrelationId:15bb220ce69942ae96e625d5ebcd4163 | API Response: GET /api/library/issues | Status: 200 | Duration: 260ms
2026-04-20 17:03:53.316 +05:30 [INF] Serilog.AspNetCore.RequestLoggingMiddleware | CorrelationId:a90c79bce8e84ad49aa40bce972160a0 | HTTP GET /api/library/books responded 200 in 426.2430 ms
2026-04-20 17:03:53.337 +05:30 [INF] SmsApi.Middleware.LoggingActionFilter | CorrelationId:766e928c9775499ab76812d952e5419b | API Request: GET /api/library/books | User: Unknown | School: 550e8400-e29b-41d4-a716-446655440000
2026-04-20 17:03:53.365 +05:30 [INF] Serilog.AspNetCore.RequestLoggingMiddleware | CorrelationId:15bb220ce69942ae96e625d5ebcd4163 | HTTP GET /api/library/issues responded 200 in 342.6026 ms
2026-04-20 17:03:53.376 +05:30 [INF] SmsApi.Middleware.LoggingActionFilter | CorrelationId:bc6ed69e7ee14a31b444420eaac513a2 | API Request: GET /api/library/issues | User: Unknown | School: 550e8400-e29b-41d4-a716-446655440000
2026-04-20 17:03:53.455 +05:30 [INF] SmsApi.Middleware.LoggingActionFilter | CorrelationId:766e928c9775499ab76812d952e5419b | API Response: GET /api/library/books | Status: 200 | Duration: 118ms
2026-04-20 17:03:53.643 +05:30 [INF] SmsApi.Middleware.LoggingActionFilter | CorrelationId:bc6ed69e7ee14a31b444420eaac513a2 | API Response: GET /api/library/issues | Status: 200 | Duration: 266ms
2026-04-20 17:03:53.669 +05:30 [INF] Serilog.AspNetCore.RequestLoggingMiddleware | CorrelationId:766e928c9775499ab76812d952e5419b | HTTP GET /api/library/books responded 200 in 341.7662 ms
2026-04-20 17:03:53.686 +05:30 [INF] SmsApi.Middleware.LoggingActionFilter | CorrelationId:8401e74e7b89483c95a14cfdf92c180f | API Request: GET /api/library/books | User: Unknown | School: 550e8400-e29b-41d4-a716-446655440000
2026-04-20 17:03:53.741 +05:30 [INF] Serilog.AspNetCore.RequestLoggingMiddleware | CorrelationId:bc6ed69e7ee14a31b444420eaac513a2 | HTTP GET /api/library/issues responded 200 in 371.3129 ms
2026-04-20 17:03:53.859 +05:30 [INF] SmsApi.Middleware.LoggingActionFilter | CorrelationId:8401e74e7b89483c95a14cfdf92c180f | API Response: GET /api/library/books | Status: 200 | Duration: 173ms
2026-04-20 17:03:53.969 +05:30 [INF] Serilog.AspNetCore.RequestLoggingMiddleware | CorrelationId:8401e74e7b89483c95a14cfdf92c180f | HTTP GET /api/library/books responded 200 in 287.3603 ms
2026-04-20 17:17:35.934 +05:30 [INF]  | CorrelationId: | Using distributed in-memory cache (development only)
2026-04-20 17:17:38.775 +05:30 [WRN] Microsoft.EntityFrameworkCore.Model.Validation | CorrelationId: | Entity 'Staff' has a global query filter defined and is the required end of a relationship with the entity 'Certificate'. This may lead to unexpected results when the required entity is filtered out. Either configure the navigation as optional, or define matching query filters for both entities in the navigation. See https://go.microsoft.com/fwlink/?linkid=2131316 for more information.
2026-04-20 17:17:38.777 +05:30 [WRN] Microsoft.EntityFrameworkCore.Model.Validation | CorrelationId: | Entity 'School' has a global query filter defined and is the required end of a relationship with the entity 'CertificateTemplate'. This may lead to unexpected results when the required entity is filtered out. Either configure the navigation as optional, or define matching query filters for both entities in the navigation. See https://go.microsoft.com/fwlink/?linkid=2131316 for more information.
2026-04-20 17:17:38.778 +05:30 [WRN] Microsoft.EntityFrameworkCore.Model.Validation | CorrelationId: | Entity 'School' has a global query filter defined and is the required end of a relationship with the entity 'Document'. This may lead to unexpected results when the required entity is filtered out. Either configure the navigation as optional, or define matching query filters for both entities in the navigation. See https://go.microsoft.com/fwlink/?linkid=2131316 for more information.
2026-04-20 17:17:38.781 +05:30 [WRN] Microsoft.EntityFrameworkCore.Model.Validation | CorrelationId: | Entity 'School' has a global query filter defined and is the required end of a relationship with the entity 'DocumentCategory'. This may lead to unexpected results when the required entity is filtered out. Either configure the navigation as optional, or define matching query filters for both entities in the navigation. See https://go.microsoft.com/fwlink/?linkid=2131316 for more information.
2026-04-20 17:17:38.781 +05:30 [WRN] Microsoft.EntityFrameworkCore.Model.Validation | CorrelationId: | Entity 'School' has a global query filter defined and is the required end of a relationship with the entity 'FeeAuditLog'. This may lead to unexpected results when the required entity is filtered out. Either configure the navigation as optional, or define matching query filters for both entities in the navigation. See https://go.microsoft.com/fwlink/?linkid=2131316 for more information.
2026-04-20 17:17:38.781 +05:30 [WRN] Microsoft.EntityFrameworkCore.Model.Validation | CorrelationId: | Entity 'School' has a global query filter defined and is the required end of a relationship with the entity 'Holiday'. This may lead to unexpected results when the required entity is filtered out. Either configure the navigation as optional, or define matching query filters for both entities in the navigation. See https://go.microsoft.com/fwlink/?linkid=2131316 for more information.
2026-04-20 17:17:38.782 +05:30 [WRN] Microsoft.EntityFrameworkCore.Model.Validation | CorrelationId: | Entity 'School' has a global query filter defined and is the required end of a relationship with the entity 'IDCard'. This may lead to unexpected results when the required entity is filtered out. Either configure the navigation as optional, or define matching query filters for both entities in the navigation. See https://go.microsoft.com/fwlink/?linkid=2131316 for more information.
2026-04-20 17:17:38.782 +05:30 [WRN] Microsoft.EntityFrameworkCore.Model.Validation | CorrelationId: | Entity 'School' has a global query filter defined and is the required end of a relationship with the entity 'IDCardTemplate'. This may lead to unexpected results when the required entity is filtered out. Either configure the navigation as optional, or define matching query filters for both entities in the navigation. See https://go.microsoft.com/fwlink/?linkid=2131316 for more information.
2026-04-20 17:17:38.783 +05:30 [WRN] Microsoft.EntityFrameworkCore.Model.Validation | CorrelationId: | Entity 'UserLogin' has a global query filter defined and is the required end of a relationship with the entity 'PasswordResetToken'. This may lead to unexpected results when the required entity is filtered out. Either configure the navigation as optional, or define matching query filters for both entities in the navigation. See https://go.microsoft.com/fwlink/?linkid=2131316 for more information.
2026-04-20 17:17:38.783 +05:30 [WRN] Microsoft.EntityFrameworkCore.Model.Validation | CorrelationId: | Entity 'School' has a global query filter defined and is the required end of a relationship with the entity 'PromotionHistory'. This may lead to unexpected results when the required entity is filtered out. Either configure the navigation as optional, or define matching query filters for both entities in the navigation. See https://go.microsoft.com/fwlink/?linkid=2131316 for more information.
2026-04-20 17:18:20.995 +05:30 [INF]  | CorrelationId: | Using distributed in-memory cache (development only)
2026-04-20 17:18:24.225 +05:30 [WRN] Microsoft.EntityFrameworkCore.Model.Validation | CorrelationId: | Entity 'Staff' has a global query filter defined and is the required end of a relationship with the entity 'Certificate'. This may lead to unexpected results when the required entity is filtered out. Either configure the navigation as optional, or define matching query filters for both entities in the navigation. See https://go.microsoft.com/fwlink/?linkid=2131316 for more information.
2026-04-20 17:18:24.228 +05:30 [WRN] Microsoft.EntityFrameworkCore.Model.Validation | CorrelationId: | Entity 'School' has a global query filter defined and is the required end of a relationship with the entity 'CertificateTemplate'. This may lead to unexpected results when the required entity is filtered out. Either configure the navigation as optional, or define matching query filters for both entities in the navigation. See https://go.microsoft.com/fwlink/?linkid=2131316 for more information.
2026-04-20 17:18:24.228 +05:30 [WRN] Microsoft.EntityFrameworkCore.Model.Validation | CorrelationId: | Entity 'School' has a global query filter defined and is the required end of a relationship with the entity 'Document'. This may lead to unexpected results when the required entity is filtered out. Either configure the navigation as optional, or define matching query filters for both entities in the navigation. See https://go.microsoft.com/fwlink/?linkid=2131316 for more information.
2026-04-20 17:18:24.229 +05:30 [WRN] Microsoft.EntityFrameworkCore.Model.Validation | CorrelationId: | Entity 'School' has a global query filter defined and is the required end of a relationship with the entity 'DocumentCategory'. This may lead to unexpected results when the required entity is filtered out. Either configure the navigation as optional, or define matching query filters for both entities in the navigation. See https://go.microsoft.com/fwlink/?linkid=2131316 for more information.
2026-04-20 17:18:24.229 +05:30 [WRN] Microsoft.EntityFrameworkCore.Model.Validation | CorrelationId: | Entity 'School' has a global query filter defined and is the required end of a relationship with the entity 'FeeAuditLog'. This may lead to unexpected results when the required entity is filtered out. Either configure the navigation as optional, or define matching query filters for both entities in the navigation. See https://go.microsoft.com/fwlink/?linkid=2131316 for more information.
2026-04-20 17:18:24.230 +05:30 [WRN] Microsoft.EntityFrameworkCore.Model.Validation | CorrelationId: | Entity 'School' has a global query filter defined and is the required end of a relationship with the entity 'Holiday'. This may lead to unexpected results when the required entity is filtered out. Either configure the navigation as optional, or define matching query filters for both entities in the navigation. See https://go.microsoft.com/fwlink/?linkid=2131316 for more information.
2026-04-20 17:18:24.230 +05:30 [WRN] Microsoft.EntityFrameworkCore.Model.Validation | CorrelationId: | Entity 'School' has a global query filter defined and is the required end of a relationship with the entity 'IDCard'. This may lead to unexpected results when the required entity is filtered out. Either configure the navigation as optional, or define matching query filters for both entities in the navigation. See https://go.microsoft.com/fwlink/?linkid=2131316 for more information.
2026-04-20 17:18:24.230 +05:30 [WRN] Microsoft.EntityFrameworkCore.Model.Validation | CorrelationId: | Entity 'School' has a global query filter defined and is the required end of a relationship with the entity 'IDCardTemplate'. This may lead to unexpected results when the required entity is filtered out. Either configure the navigation as optional, or define matching query filters for both entities in the navigation. See https://go.microsoft.com/fwlink/?linkid=2131316 for more information.
2026-04-20 17:18:24.231 +05:30 [WRN] Microsoft.EntityFrameworkCore.Model.Validation | CorrelationId: | Entity 'UserLogin' has a global query filter defined and is the required end of a relationship with the entity 'PasswordResetToken'. This may lead to unexpected results when the required entity is filtered out. Either configure the navigation as optional, or define matching query filters for both entities in the navigation. See https://go.microsoft.com/fwlink/?linkid=2131316 for more information.
2026-04-20 17:18:24.231 +05:30 [WRN] Microsoft.EntityFrameworkCore.Model.Validation | CorrelationId: | Entity 'School' has a global query filter defined and is the required end of a relationship with the entity 'PromotionHistory'. This may lead to unexpected results when the required entity is filtered out. Either configure the navigation as optional, or define matching query filters for both entities in the navigation. See https://go.microsoft.com/fwlink/?linkid=2131316 for more information.
2026-04-20 17:18:24.386 +05:30 [WRN] Microsoft.EntityFrameworkCore.Model.Validation | CorrelationId: | The foreign key property 'Staff.ReportingToId1' was created in shadow state because a conflicting property with the simple name 'ReportingToId' exists in the entity type, but is either not mapped, is already used for another relationship, or is incompatible with the associated primary key type. See https://aka.ms/efcore-relationships for information on mapping relationships in EF Core.
2026-04-20 17:18:25.863 +05:30 [INF] Program | CorrelationId: | Database migrations applied successfully.
2026-04-20 17:18:27.029 +05:30 [INF] Microsoft.Hosting.Lifetime | CorrelationId: | Now listening on: http://localhost:5092
2026-04-20 17:18:27.030 +05:30 [INF] Microsoft.Hosting.Lifetime | CorrelationId: | Application started. Press Ctrl+C to shut down.
2026-04-20 17:18:27.030 +05:30 [INF] Microsoft.Hosting.Lifetime | CorrelationId: | Hosting environment: Development
2026-04-20 17:18:27.030 +05:30 [INF] Microsoft.Hosting.Lifetime | CorrelationId: | Content root path: C:\Vitana\Vitana Group\sms-api
2026-04-20 17:18:47.592 +05:30 [WRN] Microsoft.AspNetCore.HttpsPolicy.HttpsRedirectionMiddleware | CorrelationId:484972f3591d4a7686309a78ed2ffacd | Failed to determine the https port for redirect.
2026-04-20 17:18:47.739 +05:30 [INF] SmsApi.Middleware.LoggingActionFilter | CorrelationId:484972f3591d4a7686309a78ed2ffacd | API Request: POST /api/auth/login | User: Unknown | School: Unknown
2026-04-20 17:18:49.209 +05:30 [INF] SmsApi.Controllers.AuthController | CorrelationId:484972f3591d4a7686309a78ed2ffacd | Login successful for admin (SchoolId: "550e8400-e29b-41d4-a716-446655440000")
2026-04-20 17:18:49.212 +05:30 [INF] SmsApi.Middleware.LoggingActionFilter | CorrelationId:484972f3591d4a7686309a78ed2ffacd | API Response: POST /api/auth/login | Status: 200 | Duration: 1474ms
2026-04-20 17:18:49.304 +05:30 [INF] Serilog.AspNetCore.RequestLoggingMiddleware | CorrelationId:484972f3591d4a7686309a78ed2ffacd | HTTP POST /api/auth/login responded 200 in 1735.7560 ms
2026-04-20 17:18:49.305 +05:30 [WRN] SmsApi.Infrastructure.Performance.PerformanceMonitoringMiddleware | CorrelationId: | Slow request: POST /api/auth/login took 1690ms — status 200.
2026-04-20 17:18:49.425 +05:30 [INF] SmsApi.Middleware.LoggingActionFilter | CorrelationId:239593bab8ac46ebb21c10e60103e571 | API Request: POST /api/academics/classes | User: Unknown | School: 550e8400-e29b-41d4-a716-446655440000
2026-04-20 17:18:49.592 +05:30 [INF] SmsApi.Middleware.LoggingActionFilter | CorrelationId:239593bab8ac46ebb21c10e60103e571 | API Response: POST /api/academics/classes | Status: 200 | Duration: 166ms
2026-04-20 17:18:49.630 +05:30 [INF] Serilog.AspNetCore.RequestLoggingMiddleware | CorrelationId:239593bab8ac46ebb21c10e60103e571 | HTTP POST /api/academics/classes responded 201 in 266.9086 ms
2026-04-20 17:18:49.672 +05:30 [INF] SmsApi.Middleware.LoggingActionFilter | CorrelationId:3102bde5248848e68a6c718d5b88a346 | API Request: POST /api/academics/classes | User: Unknown | School: 550e8400-e29b-41d4-a716-446655440000
2026-04-20 17:18:49.678 +05:30 [INF] SmsApi.Middleware.LoggingActionFilter | CorrelationId:3102bde5248848e68a6c718d5b88a346 | API Response: POST /api/academics/classes | Status: 200 | Duration: 6ms
2026-04-20 17:18:49.685 +05:30 [INF] Serilog.AspNetCore.RequestLoggingMiddleware | CorrelationId:3102bde5248848e68a6c718d5b88a346 | HTTP POST /api/academics/classes responded 400 in 19.9483 ms
2026-04-20 17:18:49.732 +05:30 [INF] SmsApi.Middleware.LoggingActionFilter | CorrelationId:1f44a85ddce342fa9260b768bced7c70 | API Request: POST /api/academics/sections | User: Unknown | School: 550e8400-e29b-41d4-a716-446655440000
2026-04-20 17:18:49.749 +05:30 [INF] SmsApi.Middleware.LoggingActionFilter | CorrelationId:1f44a85ddce342fa9260b768bced7c70 | API Response: POST /api/academics/sections | Status: 200 | Duration: 17ms
2026-04-20 17:18:49.754 +05:30 [INF] Serilog.AspNetCore.RequestLoggingMiddleware | CorrelationId:1f44a85ddce342fa9260b768bced7c70 | HTTP POST /api/academics/sections responded 201 in 32.4170 ms
2026-04-20 17:18:49.775 +05:30 [INF] SmsApi.Middleware.LoggingActionFilter | CorrelationId:1c789d90f9cf4561a9990c824f66cd5a | API Request: POST /api/academics/subjects | User: Unknown | School: 550e8400-e29b-41d4-a716-446655440000
2026-04-20 17:18:49.832 +05:30 [INF] SmsApi.Middleware.LoggingActionFilter | CorrelationId:1c789d90f9cf4561a9990c824f66cd5a | API Response: POST /api/academics/subjects | Status: 200 | Duration: 57ms
2026-04-20 17:18:49.837 +05:30 [INF] Serilog.AspNetCore.RequestLoggingMiddleware | CorrelationId:1c789d90f9cf4561a9990c824f66cd5a | HTTP POST /api/academics/subjects responded 201 in 69.4731 ms
2026-04-20 17:18:49.852 +05:30 [INF] SmsApi.Middleware.LoggingActionFilter | CorrelationId:363efde979d04464bbb7331d34774c5a | API Request: POST /api/academics/subjects | User: Unknown | School: 550e8400-e29b-41d4-a716-446655440000
2026-04-20 17:18:49.855 +05:30 [INF] SmsApi.Middleware.LoggingActionFilter | CorrelationId:363efde979d04464bbb7331d34774c5a | API Response: POST /api/academics/subjects | Status: 200 | Duration: 3ms
2026-04-20 17:18:49.858 +05:30 [INF] Serilog.AspNetCore.RequestLoggingMiddleware | CorrelationId:363efde979d04464bbb7331d34774c5a | HTTP POST /api/academics/subjects responded 400 in 8.2978 ms
2026-04-20 17:18:49.878 +05:30 [INF] SmsApi.Middleware.LoggingActionFilter | CorrelationId:4d350bca4241408aa8d235f8f1ecf20f | API Request: POST /api/academics/class-subjects | User: Unknown | School: 550e8400-e29b-41d4-a716-446655440000
2026-04-20 17:18:49.954 +05:30 [INF] SmsApi.Middleware.LoggingActionFilter | CorrelationId:4d350bca4241408aa8d235f8f1ecf20f | API Response: POST /api/academics/class-subjects | Status: 200 | Duration: 75ms
2026-04-20 17:18:49.959 +05:30 [INF] Serilog.AspNetCore.RequestLoggingMiddleware | CorrelationId:4d350bca4241408aa8d235f8f1ecf20f | HTTP POST /api/academics/class-subjects responded 200 in 87.7663 ms
2026-04-20 17:18:49.973 +05:30 [INF] SmsApi.Middleware.LoggingActionFilter | CorrelationId:a820ee605ade4291b1e20b5767e62bd3 | API Request: POST /api/academics/class-subjects | User: Unknown | School: 550e8400-e29b-41d4-a716-446655440000
2026-04-20 17:18:49.979 +05:30 [INF] SmsApi.Middleware.LoggingActionFilter | CorrelationId:a820ee605ade4291b1e20b5767e62bd3 | API Response: POST /api/academics/class-subjects | Status: 200 | Duration: 5ms
2026-04-20 17:18:49.981 +05:30 [INF] Serilog.AspNetCore.RequestLoggingMiddleware | CorrelationId:a820ee605ade4291b1e20b5767e62bd3 | HTTP POST /api/academics/class-subjects responded 400 in 9.9660 ms
2026-04-20 17:18:49.995 +05:30 [INF] SmsApi.Middleware.LoggingActionFilter | CorrelationId:6df76c06a3a841eda8185110088846cd | API Request: POST /api/academics/academic-years | User: Unknown | School: 550e8400-e29b-41d4-a716-446655440000
2026-04-20 17:18:50.040 +05:30 [INF] SmsApi.Middleware.LoggingActionFilter | CorrelationId:6df76c06a3a841eda8185110088846cd | API Response: POST /api/academics/academic-years | Status: 200 | Duration: 45ms
2026-04-20 17:18:50.047 +05:30 [INF] Serilog.AspNetCore.RequestLoggingMiddleware | CorrelationId:6df76c06a3a841eda8185110088846cd | HTTP POST /api/academics/academic-years responded 201 in 58.9425 ms
2026-04-20 17:18:50.078 +05:30 [INF] SmsApi.Middleware.LoggingActionFilter | CorrelationId:fda4dfb8305f4f8fb7d863f9e4c5ea16 | API Request: POST /api/academics/academic-years | User: Unknown | School: 550e8400-e29b-41d4-a716-446655440000
2026-04-20 17:18:50.079 +05:30 [INF] SmsApi.Middleware.LoggingActionFilter | CorrelationId:fda4dfb8305f4f8fb7d863f9e4c5ea16 | API Response: POST /api/academics/academic-years | Status: 200 | Duration: 0ms
2026-04-20 17:18:50.084 +05:30 [INF] Serilog.AspNetCore.RequestLoggingMiddleware | CorrelationId:fda4dfb8305f4f8fb7d863f9e4c5ea16 | HTTP POST /api/academics/academic-years responded 400 in 6.4415 ms
2026-04-20 17:18:50.119 +05:30 [INF] SmsApi.Middleware.LoggingActionFilter | CorrelationId:db74b4660d2b429ca2a247bffc2e6a88 | API Request: GET /api/academics/classes | User: Unknown | School: 550e8400-e29b-41d4-a716-446655440000
2026-04-20 17:18:50.290 +05:30 [INF] SmsApi.Middleware.LoggingActionFilter | CorrelationId:db74b4660d2b429ca2a247bffc2e6a88 | API Response: GET /api/academics/classes | Status: 200 | Duration: 171ms
2026-04-20 17:18:50.295 +05:30 [INF] Serilog.AspNetCore.RequestLoggingMiddleware | CorrelationId:db74b4660d2b429ca2a247bffc2e6a88 | HTTP GET /api/academics/classes responded 200 in 190.9614 ms
2026-04-20 17:18:50.365 +05:30 [INF] Serilog.AspNetCore.RequestLoggingMiddleware | CorrelationId:32d45d7d7fa34f918d4a94d88b608f2b | HTTP GET /api/academics/classes responded 401 in 4.6448 ms
2026-04-20 17:18:50.412 +05:30 [INF] Serilog.AspNetCore.RequestLoggingMiddleware | CorrelationId:e81dbcde21d24b1fb9b8541a53841c59 | HTTP POST /api/academics/grade-tiers responded 400 in 36.6799 ms
2026-04-20 17:18:50.427 +05:30 [INF] Serilog.AspNetCore.RequestLoggingMiddleware | CorrelationId:152dcf135334479282db443c18c3eb1c | HTTP POST /api/academics/grade-tiers responded 400 in 3.8000 ms
2026-04-20 17:18:50.437 +05:30 [INF] SmsApi.Middleware.LoggingActionFilter | CorrelationId:47092e136ce248db9da1f39c6c670c82 | API Request: POST /api/academics/exam-types | User: Unknown | School: 550e8400-e29b-41d4-a716-446655440000
2026-04-20 17:18:50.478 +05:30 [INF] SmsApi.Middleware.LoggingActionFilter | CorrelationId:47092e136ce248db9da1f39c6c670c82 | API Response: POST /api/academics/exam-types | Status: 200 | Duration: 40ms
2026-04-20 17:18:50.483 +05:30 [INF] Serilog.AspNetCore.RequestLoggingMiddleware | CorrelationId:47092e136ce248db9da1f39c6c670c82 | HTTP POST /api/academics/exam-types responded 201 in 49.5146 ms
2026-04-20 17:18:50.500 +05:30 [INF] SmsApi.Middleware.LoggingActionFilter | CorrelationId:89f8bc670561472aaa58ce037808c8c9 | API Request: POST /api/academics/exam-types | User: Unknown | School: 550e8400-e29b-41d4-a716-446655440000
2026-04-20 17:18:50.503 +05:30 [INF] SmsApi.Middleware.LoggingActionFilter | CorrelationId:89f8bc670561472aaa58ce037808c8c9 | API Response: POST /api/academics/exam-types | Status: 200 | Duration: 2ms
2026-04-20 17:18:50.505 +05:30 [INF] Serilog.AspNetCore.RequestLoggingMiddleware | CorrelationId:89f8bc670561472aaa58ce037808c8c9 | HTTP POST /api/academics/exam-types responded 400 in 5.8940 ms
2026-04-20 17:18:50.516 +05:30 [INF] SmsApi.Middleware.LoggingActionFilter | CorrelationId:399a5cfebde64ce2aa63db6721f0dcfa | API Request: POST /api/academics/subject-types | User: Unknown | School: 550e8400-e29b-41d4-a716-446655440000
2026-04-20 17:18:50.554 +05:30 [INF] SmsApi.Middleware.LoggingActionFilter | CorrelationId:399a5cfebde64ce2aa63db6721f0dcfa | API Response: POST /api/academics/subject-types | Status: 200 | Duration: 38ms
2026-04-20 17:18:50.558 +05:30 [INF] Serilog.AspNetCore.RequestLoggingMiddleware | CorrelationId:399a5cfebde64ce2aa63db6721f0dcfa | HTTP POST /api/academics/subject-types responded 201 in 48.2125 ms
2026-04-20 17:18:50.583 +05:30 [INF] Serilog.AspNetCore.RequestLoggingMiddleware | CorrelationId:396817bd5e0543a3bf28aa7f7c2e2551 | HTTP GET /api/academics/grade-tiers responded 405 in 2.1765 ms
2026-04-20 17:18:50.593 +05:30 [INF] Serilog.AspNetCore.RequestLoggingMiddleware | CorrelationId:360528b8bbf04e8ea7c5e5a063a01b95 | HTTP GET /api/academics/grade-tiers/99999999 responded 405 in 1.5977 ms
2026-04-20 17:18:50.623 +05:30 [INF] SmsApi.Middleware.LoggingActionFilter | CorrelationId:d63cd8294ffb45259ef212857a154719 | API Request: GET /api/academics/exam-types | User: Unknown | School: 550e8400-e29b-41d4-a716-446655440000
2026-04-20 17:18:50.644 +05:30 [INF] SmsApi.Middleware.LoggingActionFilter | CorrelationId:d63cd8294ffb45259ef212857a154719 | API Response: GET /api/academics/exam-types | Status: 200 | Duration: 20ms
2026-04-20 17:18:50.648 +05:30 [INF] Serilog.AspNetCore.RequestLoggingMiddleware | CorrelationId:d63cd8294ffb45259ef212857a154719 | HTTP GET /api/academics/exam-types responded 200 in 28.2823 ms
2026-04-20 17:18:50.706 +05:30 [INF] SmsApi.Middleware.LoggingActionFilter | CorrelationId:8c417b3e4458419fbe07eee9d9df230a | API Request: GET /api/academics/exam-types/b63f7c93-9a60-4c1c-887c-0af9c9318e58 | User: Unknown | School: 550e8400-e29b-41d4-a716-446655440000
2026-04-20 17:18:50.716 +05:30 [INF] SmsApi.Middleware.LoggingActionFilter | CorrelationId:8c417b3e4458419fbe07eee9d9df230a | API Response: GET /api/academics/exam-types/b63f7c93-9a60-4c1c-887c-0af9c9318e58 | Status: 200 | Duration: 9ms
2026-04-20 17:18:50.717 +05:30 [INF] Serilog.AspNetCore.RequestLoggingMiddleware | CorrelationId:8c417b3e4458419fbe07eee9d9df230a | HTTP GET /api/academics/exam-types/b63f7c93-9a60-4c1c-887c-0af9c9318e58 responded 200 in 13.9532 ms
2026-04-20 17:18:50.736 +05:30 [INF] SmsApi.Middleware.LoggingActionFilter | CorrelationId:c29435819a624a0dbe5817327d2b6377 | API Request: GET /api/academics/subject-types | User: Unknown | School: 550e8400-e29b-41d4-a716-446655440000
2026-04-20 17:18:50.745 +05:30 [INF] SmsApi.Middleware.LoggingActionFilter | CorrelationId:c29435819a624a0dbe5817327d2b6377 | API Response: GET /api/academics/subject-types | Status: 200 | Duration: 9ms
2026-04-20 17:18:50.749 +05:30 [INF] Serilog.AspNetCore.RequestLoggingMiddleware | CorrelationId:c29435819a624a0dbe5817327d2b6377 | HTTP GET /api/academics/subject-types responded 200 in 16.1527 ms
2026-04-20 17:18:50.780 +05:30 [INF] SmsApi.Middleware.LoggingActionFilter | CorrelationId:5a71017b46f44092920ce60929c92991 | API Request: GET /api/academics/subject-types/ebdf37b8-e1f7-42b5-be66-df1aa15773db | User: Unknown | School: 550e8400-e29b-41d4-a716-446655440000
2026-04-20 17:18:50.792 +05:30 [INF] SmsApi.Middleware.LoggingActionFilter | CorrelationId:5a71017b46f44092920ce60929c92991 | API Response: GET /api/academics/subject-types/ebdf37b8-e1f7-42b5-be66-df1aa15773db | Status: 200 | Duration: 11ms
2026-04-20 17:18:50.793 +05:30 [INF] Serilog.AspNetCore.RequestLoggingMiddleware | CorrelationId:5a71017b46f44092920ce60929c92991 | HTTP GET /api/academics/subject-types/ebdf37b8-e1f7-42b5-be66-df1aa15773db responded 200 in 18.5318 ms
2026-04-20 17:18:50.831 +05:30 [INF] Serilog.AspNetCore.RequestLoggingMiddleware | CorrelationId:7ab065c1c33d428f9943ee17faa30db8 | HTTP POST /api/academics/teacher-assignments responded 400 in 12.8270 ms
2026-04-20 17:18:50.850 +05:30 [INF] Serilog.AspNetCore.RequestLoggingMiddleware | CorrelationId:264f1d1a1cd54654b80986499a8087c3 | HTTP POST /api/academics/teacher-assignments responded 400 in 4.5905 ms
2026-04-20 17:18:50.867 +05:30 [INF] SmsApi.Middleware.LoggingActionFilter | CorrelationId:a5cb2892cc54446d878b081ade9597f1 | API Request: GET /api/academics/teacher-assignments | User: Unknown | School: 550e8400-e29b-41d4-a716-446655440000
2026-04-20 17:18:50.913 +05:30 [INF] SmsApi.Middleware.LoggingActionFilter | CorrelationId:a5cb2892cc54446d878b081ade9597f1 | API Response: GET /api/academics/teacher-assignments | Status: 200 | Duration: 46ms
2026-04-20 17:18:50.919 +05:30 [INF] Serilog.AspNetCore.RequestLoggingMiddleware | CorrelationId:a5cb2892cc54446d878b081ade9597f1 | HTTP GET /api/academics/teacher-assignments responded 200 in 55.4824 ms
2026-04-20 17:18:50.946 +05:30 [INF] Serilog.AspNetCore.RequestLoggingMiddleware | CorrelationId:82d6300c188c47f993a1e5ab0b2b6a54 | HTTP POST /api/academics/student-subjects responded 404 in 3.4228 ms
2026-04-20 17:18:50.965 +05:30 [INF] Serilog.AspNetCore.RequestLoggingMiddleware | CorrelationId:9c4fe2c2e8c0462a857d82f95b688c0f | HTTP POST /api/academics/student-subjects responded 404 in 5.0631 ms
2026-04-20 17:18:50.985 +05:30 [INF] Serilog.AspNetCore.RequestLoggingMiddleware | CorrelationId:e6c128ef03c54c8d95bbc9395e3487cc | HTTP POST /api/academics/student-subjects/bulk responded 404 in 4.5983 ms
2026-04-20 17:18:50.998 +05:30 [INF] Serilog.AspNetCore.RequestLoggingMiddleware | CorrelationId:0fb8ef4d534b4b209437efb0f8e34486 | HTTP GET /api/academics/student-subjects responded 404 in 1.0160 ms
2026-04-20 17:18:51.012 +05:30 [INF] Serilog.AspNetCore.RequestLoggingMiddleware | CorrelationId:95b9e9447d224eec99531b113e80455c | HTTP POST /api/academics/timetable-entries responded 404 in 2.9451 ms
2026-04-20 17:18:51.021 +05:30 [INF] Serilog.AspNetCore.RequestLoggingMiddleware | CorrelationId:55371a6d2ea2402caf79f09e7dfaa35c | HTTP POST /api/academics/timetable-entries responded 404 in 3.5503 ms
2026-04-20 17:18:51.028 +05:30 [INF] Serilog.AspNetCore.RequestLoggingMiddleware | CorrelationId:73036bf695814744adbf40f30bcc9830 | HTTP GET /api/academics/timetable-entries responded 404 in 1.0255 ms
2026-04-20 17:18:51.042 +05:30 [INF] Serilog.AspNetCore.RequestLoggingMiddleware | CorrelationId:59dcecf1cefc4ec89b96e8de1aff59b5 | HTTP POST /api/academics/class-settings responded 404 in 3.6153 ms
2026-04-20 17:18:51.068 +05:30 [INF] Serilog.AspNetCore.RequestLoggingMiddleware | CorrelationId:88bd34d3df83421a9fd8cd79735824fc | HTTP POST /api/academics/class-settings responded 404 in 3.4627 ms
2026-04-20 17:18:51.082 +05:30 [INF] SmsApi.Middleware.LoggingActionFilter | CorrelationId:13d1734769714ab482b951ef2ea19256 | API Request: GET /api/academics/classes | User: Unknown | School: 550e8400-e29b-41d4-a716-446655440000
2026-04-20 17:18:51.101 +05:30 [INF] SmsApi.Middleware.LoggingActionFilter | CorrelationId:13d1734769714ab482b951ef2ea19256 | API Response: GET /api/academics/classes | Status: 200 | Duration: 18ms
2026-04-20 17:18:51.102 +05:30 [INF] Serilog.AspNetCore.RequestLoggingMiddleware | CorrelationId:13d1734769714ab482b951ef2ea19256 | HTTP GET /api/academics/classes responded 200 in 22.0301 ms
2026-04-20 17:18:51.131 +05:30 [INF] SmsApi.Middleware.LoggingActionFilter | CorrelationId:57d8165a51374f27a5c8515c0b5b2747 | API Request: GET /api/academics/sections | User: Unknown | School: 550e8400-e29b-41d4-a716-446655440000
2026-04-20 17:18:51.283 +05:30 [INF] SmsApi.Middleware.LoggingActionFilter | CorrelationId:57d8165a51374f27a5c8515c0b5b2747 | API Response: GET /api/academics/sections | Status: 200 | Duration: 152ms
2026-04-20 17:18:51.286 +05:30 [INF] Serilog.AspNetCore.RequestLoggingMiddleware | CorrelationId:57d8165a51374f27a5c8515c0b5b2747 | HTTP GET /api/academics/sections responded 200 in 159.6300 ms
2026-04-20 17:18:51.362 +05:30 [INF] SmsApi.Middleware.LoggingActionFilter | CorrelationId:51af56e1da214b8d9e1d35160d3d4de8 | API Request: GET /api/academics/sections/f2b1b53e-dee7-4c76-b326-75152eb54834 | User: Unknown | School: 550e8400-e29b-41d4-a716-446655440000
2026-04-20 17:18:51.424 +05:30 [INF] SmsApi.Middleware.LoggingActionFilter | CorrelationId:51af56e1da214b8d9e1d35160d3d4de8 | API Response: GET /api/academics/sections/f2b1b53e-dee7-4c76-b326-75152eb54834 | Status: 200 | Duration: 62ms
2026-04-20 17:18:51.429 +05:30 [INF] Serilog.AspNetCore.RequestLoggingMiddleware | CorrelationId:51af56e1da214b8d9e1d35160d3d4de8 | HTTP GET /api/academics/sections/f2b1b53e-dee7-4c76-b326-75152eb54834 responded 200 in 70.9290 ms
2026-04-20 17:18:51.481 +05:30 [INF] SmsApi.Middleware.LoggingActionFilter | CorrelationId:5b91e62fb7d94682ba0d8bb050f21e2f | API Request: GET /api/academics/subjects | User: Unknown | School: 550e8400-e29b-41d4-a716-446655440000
2026-04-20 17:18:51.502 +05:30 [INF] SmsApi.Middleware.LoggingActionFilter | CorrelationId:5b91e62fb7d94682ba0d8bb050f21e2f | API Response: GET /api/academics/subjects | Status: 200 | Duration: 21ms
2026-04-20 17:18:51.504 +05:30 [INF] Serilog.AspNetCore.RequestLoggingMiddleware | CorrelationId:5b91e62fb7d94682ba0d8bb050f21e2f | HTTP GET /api/academics/subjects responded 200 in 28.8348 ms
2026-04-20 17:18:51.527 +05:30 [INF] SmsApi.Middleware.LoggingActionFilter | CorrelationId:e1c88dcf0ce043459e3f8ff6af6f7046 | API Request: GET /api/academics/subjects/769b3c70-4294-4728-8a2e-0a94220c2c1e | User: Unknown | School: 550e8400-e29b-41d4-a716-446655440000
2026-04-20 17:18:51.544 +05:30 [INF] SmsApi.Middleware.LoggingActionFilter | CorrelationId:e1c88dcf0ce043459e3f8ff6af6f7046 | API Response: GET /api/academics/subjects/769b3c70-4294-4728-8a2e-0a94220c2c1e | Status: 200 | Duration: 16ms
2026-04-20 17:18:51.545 +05:30 [INF] Serilog.AspNetCore.RequestLoggingMiddleware | CorrelationId:e1c88dcf0ce043459e3f8ff6af6f7046 | HTTP GET /api/academics/subjects/769b3c70-4294-4728-8a2e-0a94220c2c1e responded 200 in 20.7230 ms
2026-04-20 17:18:51.564 +05:30 [INF] SmsApi.Middleware.LoggingActionFilter | CorrelationId:1049866b61204432bac551774e212895 | API Request: GET /api/academics/academic-years | User: Unknown | School: 550e8400-e29b-41d4-a716-446655440000
2026-04-20 17:18:51.581 +05:30 [INF] SmsApi.Middleware.LoggingActionFilter | CorrelationId:1049866b61204432bac551774e212895 | API Response: GET /api/academics/academic-years | Status: 200 | Duration: 16ms
2026-04-20 17:18:51.583 +05:30 [INF] Serilog.AspNetCore.RequestLoggingMiddleware | CorrelationId:1049866b61204432bac551774e212895 | HTTP GET /api/academics/academic-years responded 200 in 22.8607 ms
2026-04-20 17:18:51.610 +05:30 [INF] Serilog.AspNetCore.RequestLoggingMiddleware | CorrelationId:eb21ff2556fd41e48f545c73a1bc936c | HTTP PUT /api/academics/exam-types/b63f7c93-9a60-4c1c-887c-0af9c9318e58 responded 400 in 11.7173 ms
2026-04-20 17:18:51.622 +05:30 [INF] Serilog.AspNetCore.RequestLoggingMiddleware | CorrelationId:32b2816bd8714df7b44f9da90d4a4b4b | HTTP PUT /api/academics/subject-types/ebdf37b8-e1f7-42b5-be66-df1aa15773db responded 400 in 6.5931 ms
2026-04-20 17:18:51.629 +05:30 [INF] Serilog.AspNetCore.RequestLoggingMiddleware | CorrelationId:59075488ad864f77a189ab6983c5debd | HTTP DELETE /api/academics/timetable-entries/99999999 responded 404 in 2.7048 ms
2026-04-20 17:18:51.647 +05:30 [INF] SmsApi.Middleware.LoggingActionFilter | CorrelationId:87b167445146438e8c9b6a4cde4d0e80 | API Request: DELETE /api/academics/class-subjects/5fe23023-0bf6-4d5b-90c6-4fe4d6dd4925 | User: Unknown | School: 550e8400-e29b-41d4-a716-446655440000
2026-04-20 17:18:51.669 +05:30 [INF] SmsApi.Middleware.LoggingActionFilter | CorrelationId:87b167445146438e8c9b6a4cde4d0e80 | API Response: DELETE /api/academics/class-subjects/5fe23023-0bf6-4d5b-90c6-4fe4d6dd4925 | Status: 200 | Duration: 22ms
2026-04-20 17:18:51.678 +05:30 [INF] Serilog.AspNetCore.RequestLoggingMiddleware | CorrelationId:87b167445146438e8c9b6a4cde4d0e80 | HTTP DELETE /api/academics/class-subjects/5fe23023-0bf6-4d5b-90c6-4fe4d6dd4925 responded 204 in 35.3868 ms
2026-04-20 17:18:51.713 +05:30 [INF] SmsApi.Middleware.LoggingActionFilter | CorrelationId:5772b9a6e71e4d3d9cc7b96588b465e1 | API Request: DELETE /api/academics/subjects/769b3c70-4294-4728-8a2e-0a94220c2c1e | User: Unknown | School: 550e8400-e29b-41d4-a716-446655440000
2026-04-20 17:18:51.728 +05:30 [INF] SmsApi.Middleware.LoggingActionFilter | CorrelationId:5772b9a6e71e4d3d9cc7b96588b465e1 | API Response: DELETE /api/academics/subjects/769b3c70-4294-4728-8a2e-0a94220c2c1e | Status: 200 | Duration: 15ms
2026-04-20 17:18:51.731 +05:30 [INF] Serilog.AspNetCore.RequestLoggingMiddleware | CorrelationId:5772b9a6e71e4d3d9cc7b96588b465e1 | HTTP DELETE /api/academics/subjects/769b3c70-4294-4728-8a2e-0a94220c2c1e responded 204 in 21.6869 ms
2026-04-20 17:18:51.752 +05:30 [INF] SmsApi.Middleware.LoggingActionFilter | CorrelationId:06e97a5948fa412c91713fd6d145a84b | API Request: DELETE /api/academics/sections/f2b1b53e-dee7-4c76-b326-75152eb54834 | User: Unknown | School: 550e8400-e29b-41d4-a716-446655440000
2026-04-20 17:18:51.759 +05:30 [INF] SmsApi.Middleware.LoggingActionFilter | CorrelationId:06e97a5948fa412c91713fd6d145a84b | API Response: DELETE /api/academics/sections/f2b1b53e-dee7-4c76-b326-75152eb54834 | Status: 200 | Duration: 7ms
2026-04-20 17:18:51.767 +05:30 [INF] Serilog.AspNetCore.RequestLoggingMiddleware | CorrelationId:06e97a5948fa412c91713fd6d145a84b | HTTP DELETE /api/academics/sections/f2b1b53e-dee7-4c76-b326-75152eb54834 responded 204 in 18.0304 ms
2026-04-20 17:18:51.787 +05:30 [INF] SmsApi.Middleware.LoggingActionFilter | CorrelationId:f7dfbeb94d2647bc8290103c5162146a | API Request: DELETE /api/academics/classes/3d417444-d117-4daf-8311-5e2238305a48 | User: Unknown | School: 550e8400-e29b-41d4-a716-446655440000
2026-04-20 17:18:51.797 +05:30 [INF] SmsApi.Middleware.LoggingActionFilter | CorrelationId:f7dfbeb94d2647bc8290103c5162146a | API Response: DELETE /api/academics/classes/3d417444-d117-4daf-8311-5e2238305a48 | Status: 200 | Duration: 10ms
2026-04-20 17:18:51.801 +05:30 [INF] Serilog.AspNetCore.RequestLoggingMiddleware | CorrelationId:f7dfbeb94d2647bc8290103c5162146a | HTTP DELETE /api/academics/classes/3d417444-d117-4daf-8311-5e2238305a48 responded 204 in 17.9048 ms
2026-04-20 17:18:51.816 +05:30 [INF] SmsApi.Middleware.LoggingActionFilter | CorrelationId:b5ed156e39a54be38cee0e8dcc915e9e | API Request: DELETE /api/academics/exam-types/b63f7c93-9a60-4c1c-887c-0af9c9318e58 | User: Unknown | School: 550e8400-e29b-41d4-a716-446655440000
2026-04-20 17:18:51.823 +05:30 [INF] SmsApi.Middleware.LoggingActionFilter | CorrelationId:b5ed156e39a54be38cee0e8dcc915e9e | API Response: DELETE /api/academics/exam-types/b63f7c93-9a60-4c1c-887c-0af9c9318e58 | Status: 200 | Duration: 6ms
2026-04-20 17:18:51.825 +05:30 [INF] Serilog.AspNetCore.RequestLoggingMiddleware | CorrelationId:b5ed156e39a54be38cee0e8dcc915e9e | HTTP DELETE /api/academics/exam-types/b63f7c93-9a60-4c1c-887c-0af9c9318e58 responded 204 in 12.4402 ms
2026-04-20 17:18:51.838 +05:30 [INF] SmsApi.Middleware.LoggingActionFilter | CorrelationId:81322babcc134ef9904764363206f10e | API Request: DELETE /api/academics/subject-types/ebdf37b8-e1f7-42b5-be66-df1aa15773db | User: Unknown | School: 550e8400-e29b-41d4-a716-446655440000
2026-04-20 17:18:51.844 +05:30 [INF] SmsApi.Middleware.LoggingActionFilter | CorrelationId:81322babcc134ef9904764363206f10e | API Response: DELETE /api/academics/subject-types/ebdf37b8-e1f7-42b5-be66-df1aa15773db | Status: 200 | Duration: 5ms
2026-04-20 17:18:51.846 +05:30 [INF] Serilog.AspNetCore.RequestLoggingMiddleware | CorrelationId:81322babcc134ef9904764363206f10e | HTTP DELETE /api/academics/subject-types/ebdf37b8-e1f7-42b5-be66-df1aa15773db responded 204 in 10.4067 ms
2026-04-20 17:18:51.861 +05:30 [INF] Serilog.AspNetCore.RequestLoggingMiddleware | CorrelationId:92dc2dbcd5634a5b95fe1be8ab732a49 | HTTP POST /api/academics/subjects responded 400 in 3.2268 ms
2026-04-20 17:18:51.867 +05:30 [INF] SmsApi.Middleware.LoggingActionFilter | CorrelationId:b321297a99b04997a019ca3f9daf0bc5 | API Request: POST /api/academics/classes | User: Unknown | School: 550e8400-e29b-41d4-a716-446655440000
2026-04-20 17:18:51.869 +05:30 [INF] SmsApi.Middleware.LoggingActionFilter | CorrelationId:b321297a99b04997a019ca3f9daf0bc5 | API Response: POST /api/academics/classes | Status: 200 | Duration: 2ms
2026-04-20 17:18:51.871 +05:30 [INF] Serilog.AspNetCore.RequestLoggingMiddleware | CorrelationId:b321297a99b04997a019ca3f9daf0bc5 | HTTP POST /api/academics/classes responded 400 in 5.3077 ms
2026-04-20 17:18:51.879 +05:30 [INF] Serilog.AspNetCore.RequestLoggingMiddleware | CorrelationId:956c31b4b72348b9b1c4a7396247c486 | HTTP POST /api/academics/sections responded 400 in 3.2878 ms
2026-04-20 17:18:51.890 +05:30 [INF] Serilog.AspNetCore.RequestLoggingMiddleware | CorrelationId:df3fca933de849b4bd366349032c9fce | HTTP POST /api/academics/timetable-entries responded 404 in 2.7444 ms
2026-04-20 17:19:53.447 +05:30 [INF] SmsApi.Middleware.LoggingActionFilter | CorrelationId:da0a3875aec6482d964644b848d897d0 | API Request: POST /api/auth/login | User: Unknown | School: Unknown
2026-04-20 17:19:54.062 +05:30 [INF] SmsApi.Controllers.AuthController | CorrelationId:da0a3875aec6482d964644b848d897d0 | Login successful for admin (SchoolId: "550e8400-e29b-41d4-a716-446655440000")
2026-04-20 17:19:54.065 +05:30 [INF] SmsApi.Middleware.LoggingActionFilter | CorrelationId:da0a3875aec6482d964644b848d897d0 | API Response: POST /api/auth/login | Status: 200 | Duration: 618ms
2026-04-20 17:19:54.071 +05:30 [INF] Serilog.AspNetCore.RequestLoggingMiddleware | CorrelationId:da0a3875aec6482d964644b848d897d0 | HTTP POST /api/auth/login responded 200 in 630.6972 ms
2026-04-20 17:19:54.077 +05:30 [WRN] SmsApi.Infrastructure.Performance.PerformanceMonitoringMiddleware | CorrelationId: | Slow request: POST /api/auth/login took 626ms — status 200.
2026-04-20 17:19:54.207 +05:30 [INF] SmsApi.Middleware.LoggingActionFilter | CorrelationId:8a3a9919d02f432a9975200af9ba53d5 | API Request: POST /api/academics/classes | User: Unknown | School: 550e8400-e29b-41d4-a716-446655440000
2026-04-20 17:19:54.232 +05:30 [INF] SmsApi.Middleware.LoggingActionFilter | CorrelationId:8a3a9919d02f432a9975200af9ba53d5 | API Response: POST /api/academics/classes | Status: 200 | Duration: 24ms
2026-04-20 17:19:54.239 +05:30 [INF] Serilog.AspNetCore.RequestLoggingMiddleware | CorrelationId:8a3a9919d02f432a9975200af9ba53d5 | HTTP POST /api/academics/classes responded 201 in 34.7084 ms
2026-04-20 17:19:54.284 +05:30 [INF] SmsApi.Middleware.LoggingActionFilter | CorrelationId:dd1b635dfbf543309b5823cd91525b91 | API Request: POST /api/academics/classes | User: Unknown | School: 550e8400-e29b-41d4-a716-446655440000
2026-04-20 17:19:54.287 +05:30 [INF] SmsApi.Middleware.LoggingActionFilter | CorrelationId:dd1b635dfbf543309b5823cd91525b91 | API Response: POST /api/academics/classes | Status: 200 | Duration: 3ms
2026-04-20 17:19:54.292 +05:30 [INF] Serilog.AspNetCore.RequestLoggingMiddleware | CorrelationId:dd1b635dfbf543309b5823cd91525b91 | HTTP POST /api/academics/classes responded 400 in 11.3662 ms
2026-04-20 17:19:54.350 +05:30 [INF] SmsApi.Middleware.LoggingActionFilter | CorrelationId:a3b626e207a54f06871afa04dd6b9b1a | API Request: POST /api/academics/sections | User: Unknown | School: 550e8400-e29b-41d4-a716-446655440000
2026-04-20 17:19:54.362 +05:30 [INF] SmsApi.Middleware.LoggingActionFilter | CorrelationId:a3b626e207a54f06871afa04dd6b9b1a | API Response: POST /api/academics/sections | Status: 200 | Duration: 11ms
2026-04-20 17:19:54.370 +05:30 [INF] Serilog.AspNetCore.RequestLoggingMiddleware | CorrelationId:a3b626e207a54f06871afa04dd6b9b1a | HTTP POST /api/academics/sections responded 201 in 28.1849 ms
2026-04-20 17:19:54.511 +05:30 [INF] SmsApi.Middleware.LoggingActionFilter | CorrelationId:f4030c016e914ae38156d2c59131ad38 | API Request: POST /api/academics/subjects | User: Unknown | School: 550e8400-e29b-41d4-a716-446655440000
2026-04-20 17:19:54.521 +05:30 [INF] SmsApi.Middleware.LoggingActionFilter | CorrelationId:f4030c016e914ae38156d2c59131ad38 | API Response: POST /api/academics/subjects | Status: 200 | Duration: 10ms
2026-04-20 17:19:54.524 +05:30 [INF] Serilog.AspNetCore.RequestLoggingMiddleware | CorrelationId:f4030c016e914ae38156d2c59131ad38 | HTTP POST /api/academics/subjects responded 201 in 15.5486 ms
2026-04-20 17:19:54.673 +05:30 [INF] SmsApi.Middleware.LoggingActionFilter | CorrelationId:4fa572b762ed4c1498224cee91dce0a1 | API Request: POST /api/academics/subjects | User: Unknown | School: 550e8400-e29b-41d4-a716-446655440000
2026-04-20 17:19:54.685 +05:30 [INF] SmsApi.Middleware.LoggingActionFilter | CorrelationId:4fa572b762ed4c1498224cee91dce0a1 | API Response: POST /api/academics/subjects | Status: 200 | Duration: 11ms
2026-04-20 17:19:54.700 +05:30 [INF] Serilog.AspNetCore.RequestLoggingMiddleware | CorrelationId:4fa572b762ed4c1498224cee91dce0a1 | HTTP POST /api/academics/subjects responded 400 in 28.2117 ms
2026-04-20 17:19:54.738 +05:30 [INF] SmsApi.Middleware.LoggingActionFilter | CorrelationId:d0936b24bd5c4775a4957e4376f6c4a5 | API Request: POST /api/academics/class-subjects | User: Unknown | School: 550e8400-e29b-41d4-a716-446655440000
2026-04-20 17:19:54.752 +05:30 [INF] SmsApi.Middleware.LoggingActionFilter | CorrelationId:d0936b24bd5c4775a4957e4376f6c4a5 | API Response: POST /api/academics/class-subjects | Status: 200 | Duration: 13ms
2026-04-20 17:19:54.758 +05:30 [INF] Serilog.AspNetCore.RequestLoggingMiddleware | CorrelationId:d0936b24bd5c4775a4957e4376f6c4a5 | HTTP POST /api/academics/class-subjects responded 200 in 22.8723 ms
2026-04-20 17:19:54.778 +05:30 [INF] SmsApi.Middleware.LoggingActionFilter | CorrelationId:c9a27ee241ec445b9715a945e8c5d88c | API Request: POST /api/academics/class-subjects | User: Unknown | School: 550e8400-e29b-41d4-a716-446655440000
2026-04-20 17:19:54.783 +05:30 [INF] SmsApi.Middleware.LoggingActionFilter | CorrelationId:c9a27ee241ec445b9715a945e8c5d88c | API Response: POST /api/academics/class-subjects | Status: 200 | Duration: 4ms
2026-04-20 17:19:54.787 +05:30 [INF] Serilog.AspNetCore.RequestLoggingMiddleware | CorrelationId:c9a27ee241ec445b9715a945e8c5d88c | HTTP POST /api/academics/class-subjects responded 400 in 11.9609 ms
2026-04-20 17:19:54.799 +05:30 [INF] SmsApi.Middleware.LoggingActionFilter | CorrelationId:54b5406b6d7744798b6fcab3e6a82b88 | API Request: POST /api/academics/academic-years | User: Unknown | School: 550e8400-e29b-41d4-a716-446655440000
2026-04-20 17:19:54.805 +05:30 [INF] SmsApi.Middleware.LoggingActionFilter | CorrelationId:54b5406b6d7744798b6fcab3e6a82b88 | API Response: POST /api/academics/academic-years | Status: 200 | Duration: 5ms
2026-04-20 17:19:54.810 +05:30 [INF] Serilog.AspNetCore.RequestLoggingMiddleware | CorrelationId:54b5406b6d7744798b6fcab3e6a82b88 | HTTP POST /api/academics/academic-years responded 201 in 14.1131 ms
2026-04-20 17:19:54.831 +05:30 [INF] SmsApi.Middleware.LoggingActionFilter | CorrelationId:5641bda6b3bc4df6ac15b211bd444b5b | API Request: POST /api/academics/academic-years | User: Unknown | School: 550e8400-e29b-41d4-a716-446655440000
2026-04-20 17:19:54.832 +05:30 [INF] SmsApi.Middleware.LoggingActionFilter | CorrelationId:5641bda6b3bc4df6ac15b211bd444b5b | API Response: POST /api/academics/academic-years | Status: 200 | Duration: 1ms
2026-04-20 17:19:54.836 +05:30 [INF] Serilog.AspNetCore.RequestLoggingMiddleware | CorrelationId:5641bda6b3bc4df6ac15b211bd444b5b | HTTP POST /api/academics/academic-years responded 400 in 7.9943 ms
2026-04-20 17:19:54.850 +05:30 [INF] SmsApi.Middleware.LoggingActionFilter | CorrelationId:8998ef6e29ab4391b4ba86ab96ded9ac | API Request: GET /api/academics/classes | User: Unknown | School: 550e8400-e29b-41d4-a716-446655440000
2026-04-20 17:19:54.871 +05:30 [INF] SmsApi.Middleware.LoggingActionFilter | CorrelationId:8998ef6e29ab4391b4ba86ab96ded9ac | API Response: GET /api/academics/classes | Status: 200 | Duration: 21ms
2026-04-20 17:19:54.873 +05:30 [INF] Serilog.AspNetCore.RequestLoggingMiddleware | CorrelationId:8998ef6e29ab4391b4ba86ab96ded9ac | HTTP GET /api/academics/classes responded 200 in 24.0522 ms
2026-04-20 17:19:54.934 +05:30 [INF] Serilog.AspNetCore.RequestLoggingMiddleware | CorrelationId:92b9de16f3c54caabdeaa6b5496cfc4e | HTTP GET /api/academics/classes responded 401 in 0.5495 ms
2026-04-20 17:19:54.978 +05:30 [INF] Serilog.AspNetCore.RequestLoggingMiddleware | CorrelationId:7082915b46b44779be6a4b1034a90045 | HTTP POST /api/academics/grade-tiers responded 400 in 9.9976 ms
2026-04-20 17:19:55.064 +05:30 [INF] Serilog.AspNetCore.RequestLoggingMiddleware | CorrelationId:028a318cdb6145478f85e9f02aab929c | HTTP POST /api/academics/grade-tiers responded 400 in 8.7810 ms
2026-04-20 17:19:55.111 +05:30 [INF] SmsApi.Middleware.LoggingActionFilter | CorrelationId:86889ea1e45040f6aa2ed006cf905fcf | API Request: POST /api/academics/exam-types | User: Unknown | School: 550e8400-e29b-41d4-a716-446655440000
2026-04-20 17:19:55.118 +05:30 [INF] SmsApi.Middleware.LoggingActionFilter | CorrelationId:86889ea1e45040f6aa2ed006cf905fcf | API Response: POST /api/academics/exam-types | Status: 200 | Duration: 6ms
2026-04-20 17:19:55.123 +05:30 [INF] Serilog.AspNetCore.RequestLoggingMiddleware | CorrelationId:86889ea1e45040f6aa2ed006cf905fcf | HTTP POST /api/academics/exam-types responded 201 in 14.4843 ms
2026-04-20 17:19:55.209 +05:30 [INF] SmsApi.Middleware.LoggingActionFilter | CorrelationId:e0dca1eed8f94249ac97ac8fc32aa472 | API Request: POST /api/academics/exam-types | User: Unknown | School: 550e8400-e29b-41d4-a716-446655440000
2026-04-20 17:19:55.223 +05:30 [INF] SmsApi.Middleware.LoggingActionFilter | CorrelationId:e0dca1eed8f94249ac97ac8fc32aa472 | API Response: POST /api/academics/exam-types | Status: 200 | Duration: 13ms
2026-04-20 17:19:55.234 +05:30 [INF] Serilog.AspNetCore.RequestLoggingMiddleware | CorrelationId:e0dca1eed8f94249ac97ac8fc32aa472 | HTTP POST /api/academics/exam-types responded 400 in 25.7898 ms
2026-04-20 17:19:55.427 +05:30 [INF] SmsApi.Middleware.LoggingActionFilter | CorrelationId:3424edcf802a457f85f36dea485c6fb5 | API Request: POST /api/academics/subject-types | User: Unknown | School: 550e8400-e29b-41d4-a716-446655440000
2026-04-20 17:19:55.434 +05:30 [INF] SmsApi.Middleware.LoggingActionFilter | CorrelationId:3424edcf802a457f85f36dea485c6fb5 | API Response: POST /api/academics/subject-types | Status: 200 | Duration: 7ms
2026-04-20 17:19:55.441 +05:30 [INF] Serilog.AspNetCore.RequestLoggingMiddleware | CorrelationId:3424edcf802a457f85f36dea485c6fb5 | HTTP POST /api/academics/subject-types responded 201 in 16.1463 ms
2026-04-20 17:19:55.461 +05:30 [INF] Serilog.AspNetCore.RequestLoggingMiddleware | CorrelationId:07be8b4c08ea4e24affd3e399463c7c8 | HTTP GET /api/academics/grade-tiers responded 405 in 0.7775 ms
2026-04-20 17:19:55.475 +05:30 [INF] Serilog.AspNetCore.RequestLoggingMiddleware | CorrelationId:d8af6e884cc841dc9808d96c971075ef | HTTP GET /api/academics/grade-tiers/99999999 responded 405 in 0.7287 ms
2026-04-20 17:19:55.486 +05:30 [INF] SmsApi.Middleware.LoggingActionFilter | CorrelationId:b25d1309e2e64cdd9bdd71d0abeb48d8 | API Request: GET /api/academics/exam-types | User: Unknown | School: 550e8400-e29b-41d4-a716-446655440000
2026-04-20 17:19:55.489 +05:30 [INF] SmsApi.Middleware.LoggingActionFilter | CorrelationId:b25d1309e2e64cdd9bdd71d0abeb48d8 | API Response: GET /api/academics/exam-types | Status: 200 | Duration: 2ms
2026-04-20 17:19:55.495 +05:30 [INF] Serilog.AspNetCore.RequestLoggingMiddleware | CorrelationId:b25d1309e2e64cdd9bdd71d0abeb48d8 | HTTP GET /api/academics/exam-types responded 200 in 9.4731 ms
2026-04-20 17:19:55.514 +05:30 [INF] SmsApi.Middleware.LoggingActionFilter | CorrelationId:665269b4bda24223947f45f2bd19c738 | API Request: GET /api/academics/exam-types/0c713ca3-cd7b-4640-bc38-af9b017e4645 | User: Unknown | School: 550e8400-e29b-41d4-a716-446655440000
2026-04-20 17:19:55.517 +05:30 [INF] SmsApi.Middleware.LoggingActionFilter | CorrelationId:665269b4bda24223947f45f2bd19c738 | API Response: GET /api/academics/exam-types/0c713ca3-cd7b-4640-bc38-af9b017e4645 | Status: 200 | Duration: 2ms
2026-04-20 17:19:55.518 +05:30 [INF] Serilog.AspNetCore.RequestLoggingMiddleware | CorrelationId:665269b4bda24223947f45f2bd19c738 | HTTP GET /api/academics/exam-types/0c713ca3-cd7b-4640-bc38-af9b017e4645 responded 200 in 4.3596 ms
2026-04-20 17:19:55.547 +05:30 [INF] SmsApi.Middleware.LoggingActionFilter | CorrelationId:816e47449ad142af91d7e41640b89c95 | API Request: GET /api/academics/subject-types | User: Unknown | School: 550e8400-e29b-41d4-a716-446655440000
2026-04-20 17:19:55.550 +05:30 [INF] SmsApi.Middleware.LoggingActionFilter | CorrelationId:816e47449ad142af91d7e41640b89c95 | API Response: GET /api/academics/subject-types | Status: 200 | Duration: 3ms
2026-04-20 17:19:55.551 +05:30 [INF] Serilog.AspNetCore.RequestLoggingMiddleware | CorrelationId:816e47449ad142af91d7e41640b89c95 | HTTP GET /api/academics/subject-types responded 200 in 4.9307 ms
2026-04-20 17:19:55.578 +05:30 [INF] SmsApi.Middleware.LoggingActionFilter | CorrelationId:6a17765a862d4f6fa0fc4b65674fee78 | API Request: GET /api/academics/subject-types/1cb4a136-1797-4151-8b10-2ff5227c7baf | User: Unknown | School: 550e8400-e29b-41d4-a716-446655440000
2026-04-20 17:19:55.581 +05:30 [INF] SmsApi.Middleware.LoggingActionFilter | CorrelationId:6a17765a862d4f6fa0fc4b65674fee78 | API Response: GET /api/academics/subject-types/1cb4a136-1797-4151-8b10-2ff5227c7baf | Status: 200 | Duration: 2ms
2026-04-20 17:19:55.582 +05:30 [INF] Serilog.AspNetCore.RequestLoggingMiddleware | CorrelationId:6a17765a862d4f6fa0fc4b65674fee78 | HTTP GET /api/academics/subject-types/1cb4a136-1797-4151-8b10-2ff5227c7baf responded 200 in 5.0286 ms
2026-04-20 17:19:55.763 +05:30 [INF] Serilog.AspNetCore.RequestLoggingMiddleware | CorrelationId:b240a31b54384a9a94c5b142f73009c4 | HTTP POST /api/academics/teacher-assignments responded 400 in 12.0641 ms
2026-04-20 17:19:55.779 +05:30 [INF] Serilog.AspNetCore.RequestLoggingMiddleware | CorrelationId:ecc1da87b9d44e8ead16bb4c9f51240d | HTTP POST /api/academics/teacher-assignments responded 400 in 5.6703 ms
2026-04-20 17:19:55.795 +05:30 [INF] SmsApi.Middleware.LoggingActionFilter | CorrelationId:9274e507ce7d4bff9e61662240bed1ce | API Request: GET /api/academics/teacher-assignments | User: Unknown | School: 550e8400-e29b-41d4-a716-446655440000
2026-04-20 17:19:55.799 +05:30 [INF] SmsApi.Middleware.LoggingActionFilter | CorrelationId:9274e507ce7d4bff9e61662240bed1ce | API Response: GET /api/academics/teacher-assignments | Status: 200 | Duration: 4ms
2026-04-20 17:19:55.801 +05:30 [INF] Serilog.AspNetCore.RequestLoggingMiddleware | CorrelationId:9274e507ce7d4bff9e61662240bed1ce | HTTP GET /api/academics/teacher-assignments responded 200 in 6.8821 ms
2026-04-20 17:19:55.823 +05:30 [INF] Serilog.AspNetCore.RequestLoggingMiddleware | CorrelationId:fca2e12dda4d4becbb025f5f4fcfbbcb | HTTP POST /api/academics/student-subjects responded 404 in 5.5895 ms
2026-04-20 17:19:55.834 +05:30 [INF] Serilog.AspNetCore.RequestLoggingMiddleware | CorrelationId:28d613f512534b2ea95387488a10f987 | HTTP POST /api/academics/student-subjects responded 404 in 3.9132 ms
2026-04-20 17:19:55.908 +05:30 [INF] Serilog.AspNetCore.RequestLoggingMiddleware | CorrelationId:60808b948b7547d2ab677dfc428f4fc1 | HTTP POST /api/academics/student-subjects/bulk responded 404 in 8.1284 ms
2026-04-20 17:19:55.929 +05:30 [INF] Serilog.AspNetCore.RequestLoggingMiddleware | CorrelationId:5d823009e27a4cc2bbb311df56b675fb | HTTP GET /api/academics/student-subjects responded 404 in 1.3539 ms
2026-04-20 17:19:56.026 +05:30 [INF] Serilog.AspNetCore.RequestLoggingMiddleware | CorrelationId:7c9a5f67576b42ffaf57439f4d8c101c | HTTP POST /api/academics/timetable-entries responded 404 in 8.3530 ms
2026-04-20 17:19:56.077 +05:30 [INF] Serilog.AspNetCore.RequestLoggingMiddleware | CorrelationId:ab72f271da734cdeb4148f5a7d58c509 | HTTP POST /api/academics/timetable-entries responded 404 in 4.8574 ms
2026-04-20 17:19:56.269 +05:30 [INF] Serilog.AspNetCore.RequestLoggingMiddleware | CorrelationId:31795ac4b5f747ebaacf1a6ae6108051 | HTTP GET /api/academics/timetable-entries responded 404 in 0.6305 ms
2026-04-20 17:19:56.315 +05:30 [INF] Serilog.AspNetCore.RequestLoggingMiddleware | CorrelationId:be32acb003b74e91a81a8bdc5095b500 | HTTP POST /api/academics/class-settings responded 404 in 7.2566 ms
2026-04-20 17:19:56.478 +05:30 [INF] Serilog.AspNetCore.RequestLoggingMiddleware | CorrelationId:e6348e47df404aa9a73bd5d43722c589 | HTTP POST /api/academics/class-settings responded 404 in 6.8327 ms
2026-04-20 17:19:56.562 +05:30 [INF] SmsApi.Middleware.LoggingActionFilter | CorrelationId:445a9354393246188c442fe35d609179 | API Request: GET /api/academics/classes | User: Unknown | School: 550e8400-e29b-41d4-a716-446655440000
2026-04-20 17:19:56.582 +05:30 [INF] SmsApi.Middleware.LoggingActionFilter | CorrelationId:445a9354393246188c442fe35d609179 | API Response: GET /api/academics/classes | Status: 200 | Duration: 19ms
2026-04-20 17:19:56.586 +05:30 [INF] Serilog.AspNetCore.RequestLoggingMiddleware | CorrelationId:445a9354393246188c442fe35d609179 | HTTP GET /api/academics/classes responded 200 in 25.2203 ms
2026-04-20 17:19:56.752 +05:30 [INF] SmsApi.Middleware.LoggingActionFilter | CorrelationId:4aaf815d83b74b67bf6cd083f460ecba | API Request: GET /api/academics/sections | User: Unknown | School: 550e8400-e29b-41d4-a716-446655440000
2026-04-20 17:19:56.773 +05:30 [INF] SmsApi.Middleware.LoggingActionFilter | CorrelationId:4aaf815d83b74b67bf6cd083f460ecba | API Response: GET /api/academics/sections | Status: 200 | Duration: 20ms
2026-04-20 17:19:56.779 +05:30 [INF] Serilog.AspNetCore.RequestLoggingMiddleware | CorrelationId:4aaf815d83b74b67bf6cd083f460ecba | HTTP GET /api/academics/sections responded 200 in 27.5181 ms
2026-04-20 17:19:56.829 +05:30 [INF] SmsApi.Middleware.LoggingActionFilter | CorrelationId:f11f450b6736404ea16dced2c698fb8b | API Request: GET /api/academics/sections/a12c022d-668f-4c18-91b1-fc6b42605035 | User: Unknown | School: 550e8400-e29b-41d4-a716-446655440000
2026-04-20 17:19:56.844 +05:30 [INF] SmsApi.Middleware.LoggingActionFilter | CorrelationId:f11f450b6736404ea16dced2c698fb8b | API Response: GET /api/academics/sections/a12c022d-668f-4c18-91b1-fc6b42605035 | Status: 200 | Duration: 15ms
2026-04-20 17:19:56.845 +05:30 [INF] Serilog.AspNetCore.RequestLoggingMiddleware | CorrelationId:f11f450b6736404ea16dced2c698fb8b | HTTP GET /api/academics/sections/a12c022d-668f-4c18-91b1-fc6b42605035 responded 200 in 17.8448 ms
2026-04-20 17:19:56.869 +05:30 [INF] SmsApi.Middleware.LoggingActionFilter | CorrelationId:89d77d656f0146c4b227118c6c1d500b | API Request: GET /api/academics/subjects | User: Unknown | School: 550e8400-e29b-41d4-a716-446655440000
2026-04-20 17:19:56.874 +05:30 [INF] SmsApi.Middleware.LoggingActionFilter | CorrelationId:89d77d656f0146c4b227118c6c1d500b | API Response: GET /api/academics/subjects | Status: 200 | Duration: 4ms
2026-04-20 17:19:56.875 +05:30 [INF] Serilog.AspNetCore.RequestLoggingMiddleware | CorrelationId:89d77d656f0146c4b227118c6c1d500b | HTTP GET /api/academics/subjects responded 200 in 6.8867 ms
2026-04-20 17:19:56.952 +05:30 [INF] SmsApi.Middleware.LoggingActionFilter | CorrelationId:2cf148d0d23a4391a295adebb351479c | API Request: GET /api/academics/subjects/9458c011-b2f6-4358-9639-92a4ce1900c1 | User: Unknown | School: 550e8400-e29b-41d4-a716-446655440000
2026-04-20 17:19:56.959 +05:30 [INF] SmsApi.Middleware.LoggingActionFilter | CorrelationId:2cf148d0d23a4391a295adebb351479c | API Response: GET /api/academics/subjects/9458c011-b2f6-4358-9639-92a4ce1900c1 | Status: 200 | Duration: 7ms
2026-04-20 17:19:56.967 +05:30 [INF] Serilog.AspNetCore.RequestLoggingMiddleware | CorrelationId:2cf148d0d23a4391a295adebb351479c | HTTP GET /api/academics/subjects/9458c011-b2f6-4358-9639-92a4ce1900c1 responded 200 in 16.1092 ms
2026-04-20 17:19:57.594 +05:30 [INF] SmsApi.Middleware.LoggingActionFilter | CorrelationId:a445adf9658d42fd86ee707626211db8 | API Request: GET /api/academics/academic-years | User: Unknown | School: 550e8400-e29b-41d4-a716-446655440000
2026-04-20 17:19:57.611 +05:30 [INF] SmsApi.Middleware.LoggingActionFilter | CorrelationId:a445adf9658d42fd86ee707626211db8 | API Response: GET /api/academics/academic-years | Status: 200 | Duration: 16ms
2026-04-20 17:19:57.625 +05:30 [INF] Serilog.AspNetCore.RequestLoggingMiddleware | CorrelationId:a445adf9658d42fd86ee707626211db8 | HTTP GET /api/academics/academic-years responded 200 in 32.1780 ms
2026-04-20 17:19:57.679 +05:30 [INF] Serilog.AspNetCore.RequestLoggingMiddleware | CorrelationId:2ae709c6585c47d286060b69fda6c8c3 | HTTP PUT /api/academics/exam-types/0c713ca3-cd7b-4640-bc38-af9b017e4645 responded 400 in 5.9006 ms
2026-04-20 17:19:57.718 +05:30 [INF] Serilog.AspNetCore.RequestLoggingMiddleware | CorrelationId:e9db1e1f7bbb46e18e2db739a17b5589 | HTTP PUT /api/academics/subject-types/1cb4a136-1797-4151-8b10-2ff5227c7baf responded 400 in 5.7335 ms
2026-04-20 17:19:57.753 +05:30 [INF] Serilog.AspNetCore.RequestLoggingMiddleware | CorrelationId:5600a2d33fdf46da90fc65cff619591c | HTTP DELETE /api/academics/timetable-entries/99999999 responded 404 in 2.3474 ms
2026-04-20 17:19:57.816 +05:30 [INF] SmsApi.Middleware.LoggingActionFilter | CorrelationId:3d5bc6f729c7477da9de89d98295bbf4 | API Request: DELETE /api/academics/class-subjects/e2d3a456-1845-4111-b566-963d722fdcb5 | User: Unknown | School: 550e8400-e29b-41d4-a716-446655440000
2026-04-20 17:19:57.832 +05:30 [INF] SmsApi.Middleware.LoggingActionFilter | CorrelationId:3d5bc6f729c7477da9de89d98295bbf4 | API Response: DELETE /api/academics/class-subjects/e2d3a456-1845-4111-b566-963d722fdcb5 | Status: 200 | Duration: 16ms
2026-04-20 17:19:57.843 +05:30 [INF] Serilog.AspNetCore.RequestLoggingMiddleware | CorrelationId:3d5bc6f729c7477da9de89d98295bbf4 | HTTP DELETE /api/academics/class-subjects/e2d3a456-1845-4111-b566-963d722fdcb5 responded 204 in 27.9114 ms
2026-04-20 17:19:58.009 +05:30 [INF] SmsApi.Middleware.LoggingActionFilter | CorrelationId:1b29bdefe45b42c3b09a558d319385ca | API Request: DELETE /api/academics/subjects/9458c011-b2f6-4358-9639-92a4ce1900c1 | User: Unknown | School: 550e8400-e29b-41d4-a716-446655440000
2026-04-20 17:19:58.021 +05:30 [INF] SmsApi.Middleware.LoggingActionFilter | CorrelationId:1b29bdefe45b42c3b09a558d319385ca | API Response: DELETE /api/academics/subjects/9458c011-b2f6-4358-9639-92a4ce1900c1 | Status: 200 | Duration: 11ms
2026-04-20 17:19:58.029 +05:30 [INF] Serilog.AspNetCore.RequestLoggingMiddleware | CorrelationId:1b29bdefe45b42c3b09a558d319385ca | HTTP DELETE /api/academics/subjects/9458c011-b2f6-4358-9639-92a4ce1900c1 responded 204 in 20.0408 ms
2026-04-20 17:19:58.315 +05:30 [INF] SmsApi.Middleware.LoggingActionFilter | CorrelationId:d82f164eda7d4188a35b52a80a235172 | API Request: DELETE /api/academics/sections/a12c022d-668f-4c18-91b1-fc6b42605035 | User: Unknown | School: 550e8400-e29b-41d4-a716-446655440000
2026-04-20 17:19:58.345 +05:30 [INF] SmsApi.Middleware.LoggingActionFilter | CorrelationId:d82f164eda7d4188a35b52a80a235172 | API Response: DELETE /api/academics/sections/a12c022d-668f-4c18-91b1-fc6b42605035 | Status: 200 | Duration: 30ms
2026-04-20 17:19:58.358 +05:30 [INF] Serilog.AspNetCore.RequestLoggingMiddleware | CorrelationId:d82f164eda7d4188a35b52a80a235172 | HTTP DELETE /api/academics/sections/a12c022d-668f-4c18-91b1-fc6b42605035 responded 204 in 49.4253 ms
2026-04-20 17:19:58.607 +05:30 [INF] SmsApi.Middleware.LoggingActionFilter | CorrelationId:b174d89735bc489f941d59cf3633edb5 | API Request: DELETE /api/academics/classes/f02dfbc5-37e5-4d63-9986-7f33ec67e8a5 | User: Unknown | School: 550e8400-e29b-41d4-a716-446655440000
2026-04-20 17:19:58.616 +05:30 [INF] SmsApi.Middleware.LoggingActionFilter | CorrelationId:b174d89735bc489f941d59cf3633edb5 | API Response: DELETE /api/academics/classes/f02dfbc5-37e5-4d63-9986-7f33ec67e8a5 | Status: 200 | Duration: 8ms
2026-04-20 17:19:58.621 +05:30 [INF] Serilog.AspNetCore.RequestLoggingMiddleware | CorrelationId:b174d89735bc489f941d59cf3633edb5 | HTTP DELETE /api/academics/classes/f02dfbc5-37e5-4d63-9986-7f33ec67e8a5 responded 204 in 14.1048 ms
2026-04-20 17:19:58.685 +05:30 [INF] SmsApi.Middleware.LoggingActionFilter | CorrelationId:c6f720f95fe346e1ab494acb7f24c6eb | API Request: DELETE /api/academics/exam-types/0c713ca3-cd7b-4640-bc38-af9b017e4645 | User: Unknown | School: 550e8400-e29b-41d4-a716-446655440000
2026-04-20 17:19:58.694 +05:30 [INF] SmsApi.Middleware.LoggingActionFilter | CorrelationId:c6f720f95fe346e1ab494acb7f24c6eb | API Response: DELETE /api/academics/exam-types/0c713ca3-cd7b-4640-bc38-af9b017e4645 | Status: 200 | Duration: 11ms
2026-04-20 17:19:58.699 +05:30 [INF] Serilog.AspNetCore.RequestLoggingMiddleware | CorrelationId:c6f720f95fe346e1ab494acb7f24c6eb | HTTP DELETE /api/academics/exam-types/0c713ca3-cd7b-4640-bc38-af9b017e4645 responded 204 in 17.7795 ms
2026-04-20 17:19:58.753 +05:30 [INF] SmsApi.Middleware.LoggingActionFilter | CorrelationId:804dcd3b7a184019804e32301ec30e2f | API Request: DELETE /api/academics/subject-types/1cb4a136-1797-4151-8b10-2ff5227c7baf | User: Unknown | School: 550e8400-e29b-41d4-a716-446655440000
2026-04-20 17:19:58.759 +05:30 [INF] SmsApi.Middleware.LoggingActionFilter | CorrelationId:804dcd3b7a184019804e32301ec30e2f | API Response: DELETE /api/academics/subject-types/1cb4a136-1797-4151-8b10-2ff5227c7baf | Status: 200 | Duration: 6ms
2026-04-20 17:19:58.768 +05:30 [INF] Serilog.AspNetCore.RequestLoggingMiddleware | CorrelationId:804dcd3b7a184019804e32301ec30e2f | HTTP DELETE /api/academics/subject-types/1cb4a136-1797-4151-8b10-2ff5227c7baf responded 204 in 17.2834 ms
2026-04-20 17:19:59.023 +05:30 [INF] Serilog.AspNetCore.RequestLoggingMiddleware | CorrelationId:f7d552bf00674a8185566f30e9e020dd | HTTP POST /api/academics/subjects responded 400 in 4.3381 ms
2026-04-20 17:19:59.222 +05:30 [INF] SmsApi.Middleware.LoggingActionFilter | CorrelationId:f7a7c9d05bd442c2852329c99764da8f | API Request: POST /api/academics/classes | User: Unknown | School: 550e8400-e29b-41d4-a716-446655440000
2026-04-20 17:19:59.241 +05:30 [INF] SmsApi.Middleware.LoggingActionFilter | CorrelationId:f7a7c9d05bd442c2852329c99764da8f | API Response: POST /api/academics/classes | Status: 200 | Duration: 18ms
2026-04-20 17:19:59.260 +05:30 [INF] Serilog.AspNetCore.RequestLoggingMiddleware | CorrelationId:f7a7c9d05bd442c2852329c99764da8f | HTTP POST /api/academics/classes responded 400 in 44.8982 ms
2026-04-20 17:19:59.441 +05:30 [INF] Serilog.AspNetCore.RequestLoggingMiddleware | CorrelationId:491396be3a644b96a46faf5f10166234 | HTTP POST /api/academics/sections responded 400 in 7.4872 ms
2026-04-20 17:19:59.643 +05:30 [INF] Serilog.AspNetCore.RequestLoggingMiddleware | CorrelationId:cb3b8f380d654fc5b554b709991c68e4 | HTTP POST /api/academics/timetable-entries responded 404 in 3.4171 ms
2026-04-20 17:25:27.464 +05:30 [INF] SmsApi.Middleware.LoggingActionFilter | CorrelationId:0cd51d0da28f4318bee2ad4db68dd969 | API Request: POST /api/auth/login | User: Unknown | School: Unknown
2026-04-20 17:25:28.555 +05:30 [INF] SmsApi.Controllers.AuthController | CorrelationId:0cd51d0da28f4318bee2ad4db68dd969 | Login successful for admin (SchoolId: "550e8400-e29b-41d4-a716-446655440000")
2026-04-20 17:25:28.557 +05:30 [INF] SmsApi.Middleware.LoggingActionFilter | CorrelationId:0cd51d0da28f4318bee2ad4db68dd969 | API Response: POST /api/auth/login | Status: 200 | Duration: 1093ms
2026-04-20 17:25:28.580 +05:30 [INF] Serilog.AspNetCore.RequestLoggingMiddleware | CorrelationId:0cd51d0da28f4318bee2ad4db68dd969 | HTTP POST /api/auth/login responded 200 in 1127.6024 ms
2026-04-20 17:25:28.583 +05:30 [WRN] SmsApi.Infrastructure.Performance.PerformanceMonitoringMiddleware | CorrelationId: | Slow request: POST /api/auth/login took 1106ms — status 200.
2026-04-20 17:25:28.708 +05:30 [INF] SmsApi.Middleware.LoggingActionFilter | CorrelationId:2b57043a1c97444b899ed89ea1528ba4 | API Request: POST /api/academics/classes | User: Unknown | School: 550e8400-e29b-41d4-a716-446655440000
2026-04-20 17:25:28.764 +05:30 [INF] SmsApi.Middleware.LoggingActionFilter | CorrelationId:2b57043a1c97444b899ed89ea1528ba4 | API Response: POST /api/academics/classes | Status: 200 | Duration: 56ms
2026-04-20 17:25:28.771 +05:30 [INF] Serilog.AspNetCore.RequestLoggingMiddleware | CorrelationId:2b57043a1c97444b899ed89ea1528ba4 | HTTP POST /api/academics/classes responded 201 in 66.7949 ms
2026-04-20 17:25:28.791 +05:30 [INF] SmsApi.Middleware.LoggingActionFilter | CorrelationId:8487dfb3bd384f83901dc45ca68713ec | API Request: POST /api/academics/classes | User: Unknown | School: 550e8400-e29b-41d4-a716-446655440000
2026-04-20 17:25:28.795 +05:30 [INF] SmsApi.Middleware.LoggingActionFilter | CorrelationId:8487dfb3bd384f83901dc45ca68713ec | API Response: POST /api/academics/classes | Status: 200 | Duration: 3ms
2026-04-20 17:25:28.800 +05:30 [INF] Serilog.AspNetCore.RequestLoggingMiddleware | CorrelationId:8487dfb3bd384f83901dc45ca68713ec | HTTP POST /api/academics/classes responded 400 in 9.4417 ms
2026-04-20 17:25:28.829 +05:30 [INF] SmsApi.Middleware.LoggingActionFilter | CorrelationId:5d6a3e68a8ff4d8d9c9844fa4102cabe | API Request: POST /api/academics/sections | User: Unknown | School: 550e8400-e29b-41d4-a716-446655440000
2026-04-20 17:25:28.837 +05:30 [INF] SmsApi.Middleware.LoggingActionFilter | CorrelationId:5d6a3e68a8ff4d8d9c9844fa4102cabe | API Response: POST /api/academics/sections | Status: 200 | Duration: 7ms
2026-04-20 17:25:28.848 +05:30 [INF] Serilog.AspNetCore.RequestLoggingMiddleware | CorrelationId:5d6a3e68a8ff4d8d9c9844fa4102cabe | HTTP POST /api/academics/sections responded 201 in 19.7235 ms
2026-04-20 17:25:28.906 +05:30 [INF] SmsApi.Middleware.LoggingActionFilter | CorrelationId:8bca5e85182546f091d1878507b26fd4 | API Request: POST /api/academics/subjects | User: Unknown | School: 550e8400-e29b-41d4-a716-446655440000
2026-04-20 17:25:28.928 +05:30 [INF] SmsApi.Middleware.LoggingActionFilter | CorrelationId:8bca5e85182546f091d1878507b26fd4 | API Response: POST /api/academics/subjects | Status: 200 | Duration: 21ms
2026-04-20 17:25:28.932 +05:30 [INF] Serilog.AspNetCore.RequestLoggingMiddleware | CorrelationId:8bca5e85182546f091d1878507b26fd4 | HTTP POST /api/academics/subjects responded 201 in 28.0267 ms
2026-04-20 17:25:28.965 +05:30 [INF] SmsApi.Middleware.LoggingActionFilter | CorrelationId:a67ecb9091554161a85cc3e2279577c9 | API Request: POST /api/academics/subjects | User: Unknown | School: 550e8400-e29b-41d4-a716-446655440000
2026-04-20 17:25:28.970 +05:30 [INF] SmsApi.Middleware.LoggingActionFilter | CorrelationId:a67ecb9091554161a85cc3e2279577c9 | API Response: POST /api/academics/subjects | Status: 200 | Duration: 5ms
2026-04-20 17:25:28.973 +05:30 [INF] Serilog.AspNetCore.RequestLoggingMiddleware | CorrelationId:a67ecb9091554161a85cc3e2279577c9 | HTTP POST /api/academics/subjects responded 400 in 9.9220 ms
2026-04-20 17:25:29.026 +05:30 [INF] SmsApi.Middleware.LoggingActionFilter | CorrelationId:e54f10543a20487eaf45b1889359541c | API Request: POST /api/academics/class-subjects | User: Unknown | School: 550e8400-e29b-41d4-a716-446655440000
2026-04-20 17:25:29.045 +05:30 [INF] SmsApi.Middleware.LoggingActionFilter | CorrelationId:e54f10543a20487eaf45b1889359541c | API Response: POST /api/academics/class-subjects | Status: 200 | Duration: 18ms
2026-04-20 17:25:29.110 +05:30 [INF] Serilog.AspNetCore.RequestLoggingMiddleware | CorrelationId:e54f10543a20487eaf45b1889359541c | HTTP POST /api/academics/class-subjects responded 200 in 85.4182 ms
2026-04-20 17:25:29.475 +05:30 [INF] SmsApi.Middleware.LoggingActionFilter | CorrelationId:a262f668235443febba7029e48d9d7ef | API Request: POST /api/academics/class-subjects | User: Unknown | School: 550e8400-e29b-41d4-a716-446655440000
2026-04-20 17:25:29.479 +05:30 [INF] SmsApi.Middleware.LoggingActionFilter | CorrelationId:a262f668235443febba7029e48d9d7ef | API Response: POST /api/academics/class-subjects | Status: 200 | Duration: 3ms
2026-04-20 17:25:29.483 +05:30 [INF] Serilog.AspNetCore.RequestLoggingMiddleware | CorrelationId:a262f668235443febba7029e48d9d7ef | HTTP POST /api/academics/class-subjects responded 400 in 8.7353 ms
2026-04-20 17:25:29.685 +05:30 [INF] SmsApi.Middleware.LoggingActionFilter | CorrelationId:792816cde808436392f53c2fa1cab860 | API Request: POST /api/academics/academic-years | User: Unknown | School: 550e8400-e29b-41d4-a716-446655440000
2026-04-20 17:25:29.694 +05:30 [INF] SmsApi.Middleware.LoggingActionFilter | CorrelationId:792816cde808436392f53c2fa1cab860 | API Response: POST /api/academics/academic-years | Status: 200 | Duration: 8ms
2026-04-20 17:25:29.704 +05:30 [INF] Serilog.AspNetCore.RequestLoggingMiddleware | CorrelationId:792816cde808436392f53c2fa1cab860 | HTTP POST /api/academics/academic-years responded 201 in 21.7177 ms
2026-04-20 17:25:29.780 +05:30 [INF] SmsApi.Middleware.LoggingActionFilter | CorrelationId:e638a96c77f3414eb2425fe351371602 | API Request: POST /api/academics/academic-years | User: Unknown | School: 550e8400-e29b-41d4-a716-446655440000
2026-04-20 17:25:29.786 +05:30 [INF] SmsApi.Middleware.LoggingActionFilter | CorrelationId:e638a96c77f3414eb2425fe351371602 | API Response: POST /api/academics/academic-years | Status: 200 | Duration: 5ms
2026-04-20 17:25:29.795 +05:30 [INF] Serilog.AspNetCore.RequestLoggingMiddleware | CorrelationId:e638a96c77f3414eb2425fe351371602 | HTTP POST /api/academics/academic-years responded 400 in 16.3508 ms
2026-04-20 17:25:29.871 +05:30 [INF] SmsApi.Middleware.LoggingActionFilter | CorrelationId:eea9f4b0c09a4979b6eefc4dad327710 | API Request: GET /api/academics/classes | User: Unknown | School: 550e8400-e29b-41d4-a716-446655440000
2026-04-20 17:25:29.895 +05:30 [INF] SmsApi.Middleware.LoggingActionFilter | CorrelationId:eea9f4b0c09a4979b6eefc4dad327710 | API Response: GET /api/academics/classes | Status: 200 | Duration: 23ms
2026-04-20 17:25:29.896 +05:30 [INF] Serilog.AspNetCore.RequestLoggingMiddleware | CorrelationId:eea9f4b0c09a4979b6eefc4dad327710 | HTTP GET /api/academics/classes responded 200 in 25.2928 ms
2026-04-20 17:25:29.926 +05:30 [INF] Serilog.AspNetCore.RequestLoggingMiddleware | CorrelationId:8ae9e45d2ff143f38176494f10605e52 | HTTP GET /api/academics/classes responded 401 in 0.4434 ms
2026-04-20 17:25:29.940 +05:30 [INF] SmsApi.Middleware.LoggingActionFilter | CorrelationId:201a45bca8924bbfa7c04805fc63888d | API Request: POST /api/academics/grade-tiers | User: Unknown | School: 550e8400-e29b-41d4-a716-446655440000
2026-04-20 17:25:30.020 +05:30 [INF] SmsApi.Middleware.LoggingActionFilter | CorrelationId:201a45bca8924bbfa7c04805fc63888d | API Response: POST /api/academics/grade-tiers | Status: 200 | Duration: 79ms
2026-04-20 17:25:30.031 +05:30 [INF] Serilog.AspNetCore.RequestLoggingMiddleware | CorrelationId:201a45bca8924bbfa7c04805fc63888d | HTTP POST /api/academics/grade-tiers responded 200 in 94.6109 ms
2026-04-20 17:25:30.097 +05:30 [INF] Serilog.AspNetCore.RequestLoggingMiddleware | CorrelationId:21fc6efb22e140a98418bd1b31d926d6 | HTTP POST /api/academics/grade-tiers responded 400 in 3.8843 ms
2026-04-20 17:25:30.128 +05:30 [INF] SmsApi.Middleware.LoggingActionFilter | CorrelationId:6e8b05ea63c143d4bdf368c15b60f6af | API Request: POST /api/academics/exam-types | User: Unknown | School: 550e8400-e29b-41d4-a716-446655440000
2026-04-20 17:25:30.139 +05:30 [INF] SmsApi.Middleware.LoggingActionFilter | CorrelationId:6e8b05ea63c143d4bdf368c15b60f6af | API Response: POST /api/academics/exam-types | Status: 200 | Duration: 10ms
2026-04-20 17:25:30.142 +05:30 [INF] Serilog.AspNetCore.RequestLoggingMiddleware | CorrelationId:6e8b05ea63c143d4bdf368c15b60f6af | HTTP POST /api/academics/exam-types responded 201 in 19.7847 ms
2026-04-20 17:25:30.188 +05:30 [INF] SmsApi.Middleware.LoggingActionFilter | CorrelationId:3c103967c1ad494586b1554f78ea34da | API Request: POST /api/academics/exam-types | User: Unknown | School: 550e8400-e29b-41d4-a716-446655440000
2026-04-20 17:25:30.191 +05:30 [INF] SmsApi.Middleware.LoggingActionFilter | CorrelationId:3c103967c1ad494586b1554f78ea34da | API Response: POST /api/academics/exam-types | Status: 200 | Duration: 2ms
2026-04-20 17:25:30.193 +05:30 [INF] Serilog.AspNetCore.RequestLoggingMiddleware | CorrelationId:3c103967c1ad494586b1554f78ea34da | HTTP POST /api/academics/exam-types responded 400 in 5.3253 ms
2026-04-20 17:25:30.201 +05:30 [INF] SmsApi.Middleware.LoggingActionFilter | CorrelationId:c08e160a10a24c5a92d7b4d48117c013 | API Request: POST /api/academics/subject-types | User: Unknown | School: 550e8400-e29b-41d4-a716-446655440000
2026-04-20 17:25:30.212 +05:30 [INF] SmsApi.Middleware.LoggingActionFilter | CorrelationId:c08e160a10a24c5a92d7b4d48117c013 | API Response: POST /api/academics/subject-types | Status: 200 | Duration: 11ms
2026-04-20 17:25:30.214 +05:30 [INF] Serilog.AspNetCore.RequestLoggingMiddleware | CorrelationId:c08e160a10a24c5a92d7b4d48117c013 | HTTP POST /api/academics/subject-types responded 201 in 14.8273 ms
2026-04-20 17:25:30.261 +05:30 [INF] SmsApi.Middleware.LoggingActionFilter | CorrelationId:c9a485c1da1e48e6956a4df0eb674a45 | API Request: GET /api/academics/classes/77661fbf-508a-47d7-8576-f49a1997dfae/grade-tiers | User: Unknown | School: 550e8400-e29b-41d4-a716-446655440000
2026-04-20 17:25:30.279 +05:30 [INF] SmsApi.Middleware.LoggingActionFilter | CorrelationId:c9a485c1da1e48e6956a4df0eb674a45 | API Response: GET /api/academics/classes/77661fbf-508a-47d7-8576-f49a1997dfae/grade-tiers | Status: 200 | Duration: 17ms
2026-04-20 17:25:30.283 +05:30 [INF] Serilog.AspNetCore.RequestLoggingMiddleware | CorrelationId:c9a485c1da1e48e6956a4df0eb674a45 | HTTP GET /api/academics/classes/77661fbf-508a-47d7-8576-f49a1997dfae/grade-tiers responded 200 in 28.0314 ms
2026-04-20 17:25:30.354 +05:30 [INF] Serilog.AspNetCore.RequestLoggingMiddleware | CorrelationId:125a5157b0914ca1a2ba33b8a65e69ba | HTTP GET /api/academics/grade-tiers/13b5ed58-4344-4c7f-8487-9763f504db93 responded 405 in 0.6197 ms
2026-04-20 17:25:30.436 +05:30 [INF] SmsApi.Middleware.LoggingActionFilter | CorrelationId:40e5a07472524a45adab1cbb2506e0ed | API Request: GET /api/academics/exam-types | User: Unknown | School: 550e8400-e29b-41d4-a716-446655440000
2026-04-20 17:25:30.440 +05:30 [INF] SmsApi.Middleware.LoggingActionFilter | CorrelationId:40e5a07472524a45adab1cbb2506e0ed | API Response: GET /api/academics/exam-types | Status: 200 | Duration: 4ms
2026-04-20 17:25:30.441 +05:30 [INF] Serilog.AspNetCore.RequestLoggingMiddleware | CorrelationId:40e5a07472524a45adab1cbb2506e0ed | HTTP GET /api/academics/exam-types responded 200 in 7.1656 ms
2026-04-20 17:25:30.469 +05:30 [INF] SmsApi.Middleware.LoggingActionFilter | CorrelationId:cf918fae3eca48eab65814f3915c10aa | API Request: GET /api/academics/exam-types/4d23d7b5-97c7-47f2-89d7-169ef913e1cb | User: Unknown | School: 550e8400-e29b-41d4-a716-446655440000
2026-04-20 17:25:30.472 +05:30 [INF] SmsApi.Middleware.LoggingActionFilter | CorrelationId:cf918fae3eca48eab65814f3915c10aa | API Response: GET /api/academics/exam-types/4d23d7b5-97c7-47f2-89d7-169ef913e1cb | Status: 200 | Duration: 3ms
2026-04-20 17:25:30.474 +05:30 [INF] Serilog.AspNetCore.RequestLoggingMiddleware | CorrelationId:cf918fae3eca48eab65814f3915c10aa | HTTP GET /api/academics/exam-types/4d23d7b5-97c7-47f2-89d7-169ef913e1cb responded 200 in 6.0200 ms
2026-04-20 17:25:30.496 +05:30 [INF] SmsApi.Middleware.LoggingActionFilter | CorrelationId:1d7e1f2efd394120b17c8023e10a9d56 | API Request: GET /api/academics/subject-types | User: Unknown | School: 550e8400-e29b-41d4-a716-446655440000
2026-04-20 17:25:30.499 +05:30 [INF] SmsApi.Middleware.LoggingActionFilter | CorrelationId:1d7e1f2efd394120b17c8023e10a9d56 | API Response: GET /api/academics/subject-types | Status: 200 | Duration: 3ms
2026-04-20 17:25:30.501 +05:30 [INF] Serilog.AspNetCore.RequestLoggingMiddleware | CorrelationId:1d7e1f2efd394120b17c8023e10a9d56 | HTTP GET /api/academics/subject-types responded 200 in 5.1009 ms
2026-04-20 17:25:30.579 +05:30 [INF] SmsApi.Middleware.LoggingActionFilter | CorrelationId:e4dac8b83db343e599615a8d9b7ddbce | API Request: GET /api/academics/subject-types/a43a3464-cf70-4d8f-a23c-d430ea5a20b9 | User: Unknown | School: 550e8400-e29b-41d4-a716-446655440000
2026-04-20 17:25:30.581 +05:30 [INF] SmsApi.Middleware.LoggingActionFilter | CorrelationId:e4dac8b83db343e599615a8d9b7ddbce | API Response: GET /api/academics/subject-types/a43a3464-cf70-4d8f-a23c-d430ea5a20b9 | Status: 200 | Duration: 1ms
2026-04-20 17:25:30.591 +05:30 [INF] Serilog.AspNetCore.RequestLoggingMiddleware | CorrelationId:e4dac8b83db343e599615a8d9b7ddbce | HTTP GET /api/academics/subject-types/a43a3464-cf70-4d8f-a23c-d430ea5a20b9 responded 200 in 11.8186 ms
2026-04-20 17:25:30.795 +05:30 [INF] SmsApi.Middleware.LoggingActionFilter | CorrelationId:cb6061e2502f424d8a921caf6bb6db55 | API Request: POST /api/academics/teacher-assignments | User: Unknown | School: 550e8400-e29b-41d4-a716-446655440000
2026-04-20 17:25:30.808 +05:30 [INF] SmsApi.Middleware.LoggingActionFilter | CorrelationId:cb6061e2502f424d8a921caf6bb6db55 | API Response: POST /api/academics/teacher-assignments | Status: 200 | Duration: 13ms
2026-04-20 17:25:30.812 +05:30 [INF] Serilog.AspNetCore.RequestLoggingMiddleware | CorrelationId:cb6061e2502f424d8a921caf6bb6db55 | HTTP POST /api/academics/teacher-assignments responded 404 in 22.9920 ms
2026-04-20 17:25:30.827 +05:30 [INF] Serilog.AspNetCore.RequestLoggingMiddleware | CorrelationId:9e132b88fa644fe684dc4c321dc89fbc | HTTP POST /api/academics/teacher-assignments responded 400 in 4.0853 ms
2026-04-20 17:25:30.835 +05:30 [INF] SmsApi.Middleware.LoggingActionFilter | CorrelationId:edf61fa58aad495baa66d5e767e5b7c5 | API Request: GET /api/academics/teacher-assignments | User: Unknown | School: 550e8400-e29b-41d4-a716-446655440000
2026-04-20 17:25:30.843 +05:30 [INF] SmsApi.Middleware.LoggingActionFilter | CorrelationId:edf61fa58aad495baa66d5e767e5b7c5 | API Response: GET /api/academics/teacher-assignments | Status: 200 | Duration: 7ms
2026-04-20 17:25:30.843 +05:30 [INF] Serilog.AspNetCore.RequestLoggingMiddleware | CorrelationId:edf61fa58aad495baa66d5e767e5b7c5 | HTTP GET /api/academics/teacher-assignments responded 200 in 8.7770 ms
2026-04-20 17:25:30.871 +05:30 [INF] SmsApi.Middleware.LoggingActionFilter | CorrelationId:8bbedbd565dd4d4d9279b8fcab599ea8 | API Request: POST /api/academics/students/subjects | User: Unknown | School: 550e8400-e29b-41d4-a716-446655440000
2026-04-20 17:25:30.879 +05:30 [INF] SmsApi.Middleware.LoggingActionFilter | CorrelationId:8bbedbd565dd4d4d9279b8fcab599ea8 | API Response: POST /api/academics/students/subjects | Status: 200 | Duration: 7ms
2026-04-20 17:25:30.882 +05:30 [INF] Serilog.AspNetCore.RequestLoggingMiddleware | CorrelationId:8bbedbd565dd4d4d9279b8fcab599ea8 | HTTP POST /api/academics/students/subjects responded 404 in 18.5503 ms
2026-04-20 17:25:30.891 +05:30 [INF] SmsApi.Middleware.LoggingActionFilter | CorrelationId:283fd65102574672998f76aa5bf756ec | API Request: POST /api/academics/students/subjects | User: Unknown | School: 550e8400-e29b-41d4-a716-446655440000
2026-04-20 17:25:30.894 +05:30 [INF] SmsApi.Middleware.LoggingActionFilter | CorrelationId:283fd65102574672998f76aa5bf756ec | API Response: POST /api/academics/students/subjects | Status: 200 | Duration: 2ms
2026-04-20 17:25:30.898 +05:30 [INF] Serilog.AspNetCore.RequestLoggingMiddleware | CorrelationId:283fd65102574672998f76aa5bf756ec | HTTP POST /api/academics/students/subjects responded 404 in 8.0446 ms
2026-04-20 17:25:30.925 +05:30 [INF] SmsApi.Middleware.LoggingActionFilter | CorrelationId:69bcfdeb14bf4d39bc7257f7f1f1d007 | API Request: POST /api/academics/students/subjects/bulk | User: Unknown | School: 550e8400-e29b-41d4-a716-446655440000
2026-04-20 17:25:30.931 +05:30 [INF] SmsApi.Middleware.LoggingActionFilter | CorrelationId:69bcfdeb14bf4d39bc7257f7f1f1d007 | API Response: POST /api/academics/students/subjects/bulk | Status: 200 | Duration: 6ms
2026-04-20 17:25:30.935 +05:30 [INF] Serilog.AspNetCore.RequestLoggingMiddleware | CorrelationId:69bcfdeb14bf4d39bc7257f7f1f1d007 | HTTP POST /api/academics/students/subjects/bulk responded 404 in 23.1634 ms
2026-04-20 17:25:30.959 +05:30 [INF] SmsApi.Middleware.LoggingActionFilter | CorrelationId:579b20ed365c4a9eacfc41b4cb4dcd7c | API Request: GET /api/academics/students/00000000-0000-0000-0000-000000000002/subjects | User: Unknown | School: 550e8400-e29b-41d4-a716-446655440000
2026-04-20 17:25:31.008 +05:30 [INF] SmsApi.Middleware.LoggingActionFilter | CorrelationId:579b20ed365c4a9eacfc41b4cb4dcd7c | API Response: GET /api/academics/students/00000000-0000-0000-0000-000000000002/subjects | Status: 200 | Duration: 48ms
2026-04-20 17:25:31.014 +05:30 [INF] Serilog.AspNetCore.RequestLoggingMiddleware | CorrelationId:579b20ed365c4a9eacfc41b4cb4dcd7c | HTTP GET /api/academics/students/00000000-0000-0000-0000-000000000002/subjects responded 200 in 58.1499 ms
2026-04-20 17:25:31.072 +05:30 [INF] SmsApi.Middleware.LoggingActionFilter | CorrelationId:e1093678c4114fee8b656c09d3063f8f | API Request: POST /api/academics/timetable | User: Unknown | School: 550e8400-e29b-41d4-a716-446655440000
2026-04-20 17:25:31.147 +05:30 [INF] SmsApi.Middleware.LoggingActionFilter | CorrelationId:e1093678c4114fee8b656c09d3063f8f | API Response: POST /api/academics/timetable | Status: 200 | Duration: 75ms
2026-04-20 17:25:31.154 +05:30 [INF] Serilog.AspNetCore.RequestLoggingMiddleware | CorrelationId:e1093678c4114fee8b656c09d3063f8f | HTTP POST /api/academics/timetable responded 200 in 93.5699 ms
2026-04-20 17:25:31.174 +05:30 [INF] SmsApi.Middleware.LoggingActionFilter | CorrelationId:d5392c72eee447be8bd044b234b60cbd | API Request: POST /api/academics/timetable | User: Unknown | School: 550e8400-e29b-41d4-a716-446655440000
2026-04-20 17:25:31.178 +05:30 [INF] SmsApi.Middleware.LoggingActionFilter | CorrelationId:d5392c72eee447be8bd044b234b60cbd | API Response: POST /api/academics/timetable | Status: 200 | Duration: 4ms
2026-04-20 17:25:31.182 +05:30 [INF] Serilog.AspNetCore.RequestLoggingMiddleware | CorrelationId:d5392c72eee447be8bd044b234b60cbd | HTTP POST /api/academics/timetable responded 400 in 8.7735 ms
2026-04-20 17:25:31.207 +05:30 [INF] SmsApi.Middleware.LoggingActionFilter | CorrelationId:9b18034317fb457c8c8b960482218ee0 | API Request: POST /api/academics/timetable | User: Unknown | School: 550e8400-e29b-41d4-a716-446655440000
2026-04-20 17:25:31.363 +05:30 [INF] SmsApi.Middleware.LoggingActionFilter | CorrelationId:9b18034317fb457c8c8b960482218ee0 | API Response: POST /api/academics/timetable | Status: 200 | Duration: 156ms
2026-04-20 17:25:31.371 +05:30 [INF] Serilog.AspNetCore.RequestLoggingMiddleware | CorrelationId:9b18034317fb457c8c8b960482218ee0 | HTTP POST /api/academics/timetable responded 400 in 164.9610 ms
2026-04-20 17:25:31.442 +05:30 [INF] SmsApi.Middleware.LoggingActionFilter | CorrelationId:aa438fc1478745f8a7c6d07db3c05803 | API Request: GET /api/academics/sections/03ad0b14-b9bc-4c31-8402-aed6615698c1/timetable | User: Unknown | School: 550e8400-e29b-41d4-a716-446655440000
2026-04-20 17:25:31.489 +05:30 [INF] SmsApi.Middleware.LoggingActionFilter | CorrelationId:aa438fc1478745f8a7c6d07db3c05803 | API Response: GET /api/academics/sections/03ad0b14-b9bc-4c31-8402-aed6615698c1/timetable | Status: 200 | Duration: 46ms
2026-04-20 17:25:31.491 +05:30 [INF] Serilog.AspNetCore.RequestLoggingMiddleware | CorrelationId:aa438fc1478745f8a7c6d07db3c05803 | HTTP GET /api/academics/sections/03ad0b14-b9bc-4c31-8402-aed6615698c1/timetable responded 200 in 55.5388 ms
2026-04-20 17:25:31.510 +05:30 [INF] Serilog.AspNetCore.RequestLoggingMiddleware | CorrelationId:73dec3a1e68146d38d0c958a92e62781 | HTTP GET /api/academics/timetable/c27b928b-6ddb-45da-8de3-7e0fb9953470 responded 405 in 0.8304 ms
2026-04-20 17:25:31.552 +05:30 [INF] SmsApi.Middleware.LoggingActionFilter | CorrelationId:4069941dfef34411b2ab98611958336f | API Request: POST /api/academics/classes/settings | User: Unknown | School: 550e8400-e29b-41d4-a716-446655440000
2026-04-20 17:25:31.643 +05:30 [INF] SmsApi.Middleware.LoggingActionFilter | CorrelationId:4069941dfef34411b2ab98611958336f | API Response: POST /api/academics/classes/settings | Status: 200 | Duration: 91ms
2026-04-20 17:25:31.658 +05:30 [INF] Serilog.AspNetCore.RequestLoggingMiddleware | CorrelationId:4069941dfef34411b2ab98611958336f | HTTP POST /api/academics/classes/settings responded 201 in 122.5175 ms
2026-04-20 17:25:31.710 +05:30 [INF] Serilog.AspNetCore.RequestLoggingMiddleware | CorrelationId:c468952500414f4085c9f69117e19743 | HTTP POST /api/academics/classes/settings responded 400 in 3.5759 ms
2026-04-20 17:25:31.733 +05:30 [INF] SmsApi.Middleware.LoggingActionFilter | CorrelationId:18147db23e9c4d8999e204da1c4de655 | API Request: PUT /api/academics/classes/settings/9c044a06-8085-4896-beb7-42878b1c1962 | User: Unknown | School: 550e8400-e29b-41d4-a716-446655440000
2026-04-20 17:25:31.748 +05:30 [INF] SmsApi.Middleware.LoggingActionFilter | CorrelationId:18147db23e9c4d8999e204da1c4de655 | API Response: PUT /api/academics/classes/settings/9c044a06-8085-4896-beb7-42878b1c1962 | Status: 200 | Duration: 15ms
2026-04-20 17:25:31.751 +05:30 [INF] Serilog.AspNetCore.RequestLoggingMiddleware | CorrelationId:18147db23e9c4d8999e204da1c4de655 | HTTP PUT /api/academics/classes/settings/9c044a06-8085-4896-beb7-42878b1c1962 responded 200 in 31.0830 ms
2026-04-20 17:25:31.777 +05:30 [INF] SmsApi.Middleware.LoggingActionFilter | CorrelationId:ef45829798854c059691a2d63fca8930 | API Request: GET /api/academics/classes/77661fbf-508a-47d7-8576-f49a1997dfae/settings | User: Unknown | School: 550e8400-e29b-41d4-a716-446655440000
2026-04-20 17:25:31.790 +05:30 [INF] SmsApi.Middleware.LoggingActionFilter | CorrelationId:ef45829798854c059691a2d63fca8930 | API Response: GET /api/academics/classes/77661fbf-508a-47d7-8576-f49a1997dfae/settings | Status: 200 | Duration: 12ms
2026-04-20 17:25:31.791 +05:30 [INF] Serilog.AspNetCore.RequestLoggingMiddleware | CorrelationId:ef45829798854c059691a2d63fca8930 | HTTP GET /api/academics/classes/77661fbf-508a-47d7-8576-f49a1997dfae/settings responded 200 in 17.1103 ms
2026-04-20 17:25:31.833 +05:30 [INF] SmsApi.Middleware.LoggingActionFilter | CorrelationId:c3bf00d522c2491b87de1d3dadd259e3 | API Request: GET /api/academics/classes | User: Unknown | School: 550e8400-e29b-41d4-a716-446655440000
2026-04-20 17:25:31.857 +05:30 [INF] SmsApi.Middleware.LoggingActionFilter | CorrelationId:c3bf00d522c2491b87de1d3dadd259e3 | API Response: GET /api/academics/classes | Status: 200 | Duration: 23ms
2026-04-20 17:25:31.861 +05:30 [INF] Serilog.AspNetCore.RequestLoggingMiddleware | CorrelationId:c3bf00d522c2491b87de1d3dadd259e3 | HTTP GET /api/academics/classes responded 200 in 28.0603 ms
2026-04-20 17:25:31.909 +05:30 [INF] SmsApi.Middleware.LoggingActionFilter | CorrelationId:dffbcce47ec64cedbac248ff72f6a172 | API Request: GET /api/academics/sections | User: Unknown | School: 550e8400-e29b-41d4-a716-446655440000
2026-04-20 17:25:31.923 +05:30 [INF] SmsApi.Middleware.LoggingActionFilter | CorrelationId:dffbcce47ec64cedbac248ff72f6a172 | API Response: GET /api/academics/sections | Status: 200 | Duration: 13ms
2026-04-20 17:25:31.928 +05:30 [INF] Serilog.AspNetCore.RequestLoggingMiddleware | CorrelationId:dffbcce47ec64cedbac248ff72f6a172 | HTTP GET /api/academics/sections responded 200 in 19.2963 ms
2026-04-20 17:25:32.005 +05:30 [INF] SmsApi.Middleware.LoggingActionFilter | CorrelationId:5a24b606d8ca4c438ef96d4eb727d939 | API Request: GET /api/academics/sections/03ad0b14-b9bc-4c31-8402-aed6615698c1 | User: Unknown | School: 550e8400-e29b-41d4-a716-446655440000
2026-04-20 17:25:32.020 +05:30 [INF] SmsApi.Middleware.LoggingActionFilter | CorrelationId:5a24b606d8ca4c438ef96d4eb727d939 | API Response: GET /api/academics/sections/03ad0b14-b9bc-4c31-8402-aed6615698c1 | Status: 200 | Duration: 15ms
2026-04-20 17:25:32.022 +05:30 [INF] Serilog.AspNetCore.RequestLoggingMiddleware | CorrelationId:5a24b606d8ca4c438ef96d4eb727d939 | HTTP GET /api/academics/sections/03ad0b14-b9bc-4c31-8402-aed6615698c1 responded 200 in 17.3665 ms
2026-04-20 17:25:32.233 +05:30 [INF] SmsApi.Middleware.LoggingActionFilter | CorrelationId:bf084bde91554e98ade6974e661a8725 | API Request: GET /api/academics/subjects | User: Unknown | School: 550e8400-e29b-41d4-a716-446655440000
2026-04-20 17:25:32.238 +05:30 [INF] SmsApi.Middleware.LoggingActionFilter | CorrelationId:bf084bde91554e98ade6974e661a8725 | API Response: GET /api/academics/subjects | Status: 200 | Duration: 4ms
2026-04-20 17:25:32.239 +05:30 [INF] Serilog.AspNetCore.RequestLoggingMiddleware | CorrelationId:bf084bde91554e98ade6974e661a8725 | HTTP GET /api/academics/subjects responded 200 in 6.7849 ms
2026-04-20 17:25:32.257 +05:30 [INF] SmsApi.Middleware.LoggingActionFilter | CorrelationId:1c9539b44c0b4d3f8406f19cb1226c37 | API Request: GET /api/academics/subjects/666c3222-6537-4b71-aee2-ae1eca79920d | User: Unknown | School: 550e8400-e29b-41d4-a716-446655440000
2026-04-20 17:25:32.260 +05:30 [INF] SmsApi.Middleware.LoggingActionFilter | CorrelationId:1c9539b44c0b4d3f8406f19cb1226c37 | API Response: GET /api/academics/subjects/666c3222-6537-4b71-aee2-ae1eca79920d | Status: 200 | Duration: 2ms
2026-04-20 17:25:32.260 +05:30 [INF] Serilog.AspNetCore.RequestLoggingMiddleware | CorrelationId:1c9539b44c0b4d3f8406f19cb1226c37 | HTTP GET /api/academics/subjects/666c3222-6537-4b71-aee2-ae1eca79920d responded 200 in 3.5338 ms
2026-04-20 17:25:32.280 +05:30 [INF] SmsApi.Middleware.LoggingActionFilter | CorrelationId:d203408cd2fa49ccb80f9c56215fa390 | API Request: GET /api/academics/academic-years | User: Unknown | School: 550e8400-e29b-41d4-a716-446655440000
2026-04-20 17:25:32.283 +05:30 [INF] SmsApi.Middleware.LoggingActionFilter | CorrelationId:d203408cd2fa49ccb80f9c56215fa390 | API Response: GET /api/academics/academic-years | Status: 200 | Duration: 3ms
2026-04-20 17:25:32.285 +05:30 [INF] Serilog.AspNetCore.RequestLoggingMiddleware | CorrelationId:d203408cd2fa49ccb80f9c56215fa390 | HTTP GET /api/academics/academic-years responded 200 in 6.9116 ms
2026-04-20 17:25:32.307 +05:30 [INF] SmsApi.Middleware.LoggingActionFilter | CorrelationId:c717d4e92cca455aae28bf6f26c39cdb | API Request: PUT /api/academics/grade-tiers/13b5ed58-4344-4c7f-8487-9763f504db93 | User: Unknown | School: 550e8400-e29b-41d4-a716-446655440000
2026-04-20 17:25:32.320 +05:30 [INF] SmsApi.Middleware.LoggingActionFilter | CorrelationId:c717d4e92cca455aae28bf6f26c39cdb | API Response: PUT /api/academics/grade-tiers/13b5ed58-4344-4c7f-8487-9763f504db93 | Status: 200 | Duration: 12ms
2026-04-20 17:25:32.323 +05:30 [INF] Serilog.AspNetCore.RequestLoggingMiddleware | CorrelationId:c717d4e92cca455aae28bf6f26c39cdb | HTTP PUT /api/academics/grade-tiers/13b5ed58-4344-4c7f-8487-9763f504db93 responded 200 in 22.2748 ms
2026-04-20 17:25:32.356 +05:30 [INF] SmsApi.Middleware.LoggingActionFilter | CorrelationId:1d81b10a2d124a93b40ca32343c6afa9 | API Request: PUT /api/academics/exam-types/4d23d7b5-97c7-47f2-89d7-169ef913e1cb | User: Unknown | School: 550e8400-e29b-41d4-a716-446655440000
2026-04-20 17:25:32.386 +05:30 [INF] SmsApi.Middleware.LoggingActionFilter | CorrelationId:1d81b10a2d124a93b40ca32343c6afa9 | API Response: PUT /api/academics/exam-types/4d23d7b5-97c7-47f2-89d7-169ef913e1cb | Status: 200 | Duration: 30ms
2026-04-20 17:25:32.409 +05:30 [INF] Serilog.AspNetCore.RequestLoggingMiddleware | CorrelationId:1d81b10a2d124a93b40ca32343c6afa9 | HTTP PUT /api/academics/exam-types/4d23d7b5-97c7-47f2-89d7-169ef913e1cb responded 200 in 54.7605 ms
2026-04-20 17:25:32.487 +05:30 [INF] SmsApi.Middleware.LoggingActionFilter | CorrelationId:07f90bee3af84aa1ba0be1700f8c9a9f | API Request: PUT /api/academics/subject-types/a43a3464-cf70-4d8f-a23c-d430ea5a20b9 | User: Unknown | School: 550e8400-e29b-41d4-a716-446655440000
2026-04-20 17:25:32.498 +05:30 [INF] SmsApi.Middleware.LoggingActionFilter | CorrelationId:07f90bee3af84aa1ba0be1700f8c9a9f | API Response: PUT /api/academics/subject-types/a43a3464-cf70-4d8f-a23c-d430ea5a20b9 | Status: 200 | Duration: 11ms
2026-04-20 17:25:32.500 +05:30 [INF] Serilog.AspNetCore.RequestLoggingMiddleware | CorrelationId:07f90bee3af84aa1ba0be1700f8c9a9f | HTTP PUT /api/academics/subject-types/a43a3464-cf70-4d8f-a23c-d430ea5a20b9 responded 200 in 14.3054 ms
2026-04-20 17:25:32.523 +05:30 [INF] SmsApi.Middleware.LoggingActionFilter | CorrelationId:271fe15b0f924564adddad2a673e5840 | API Request: DELETE /api/academics/timetable/c27b928b-6ddb-45da-8de3-7e0fb9953470 | User: Unknown | School: 550e8400-e29b-41d4-a716-446655440000
2026-04-20 17:25:32.539 +05:30 [INF] SmsApi.Middleware.LoggingActionFilter | CorrelationId:271fe15b0f924564adddad2a673e5840 | API Response: DELETE /api/academics/timetable/c27b928b-6ddb-45da-8de3-7e0fb9953470 | Status: 200 | Duration: 16ms
2026-04-20 17:25:32.541 +05:30 [INF] Serilog.AspNetCore.RequestLoggingMiddleware | CorrelationId:271fe15b0f924564adddad2a673e5840 | HTTP DELETE /api/academics/timetable/c27b928b-6ddb-45da-8de3-7e0fb9953470 responded 204 in 21.3950 ms
2026-04-20 17:25:32.563 +05:30 [INF] Serilog.AspNetCore.RequestLoggingMiddleware | CorrelationId:97c560b91cca4bdfb0a9e92890a2b286 | HTTP DELETE /api/academics/timetable/99999999 responded 400 in 6.3386 ms
2026-04-20 17:25:32.608 +05:30 [INF] SmsApi.Middleware.LoggingActionFilter | CorrelationId:c8cb04957ca74ec28e1fb37d2f73267f | API Request: DELETE /api/academics/class-subjects/cd3ffd2b-8767-4d12-8c7c-21089b981372 | User: Unknown | School: 550e8400-e29b-41d4-a716-446655440000
2026-04-20 17:25:32.619 +05:30 [INF] SmsApi.Middleware.LoggingActionFilter | CorrelationId:c8cb04957ca74ec28e1fb37d2f73267f | API Response: DELETE /api/academics/class-subjects/cd3ffd2b-8767-4d12-8c7c-21089b981372 | Status: 200 | Duration: 10ms
2026-04-20 17:25:32.626 +05:30 [INF] Serilog.AspNetCore.RequestLoggingMiddleware | CorrelationId:c8cb04957ca74ec28e1fb37d2f73267f | HTTP DELETE /api/academics/class-subjects/cd3ffd2b-8767-4d12-8c7c-21089b981372 responded 204 in 19.1576 ms
2026-04-20 17:25:32.738 +05:30 [INF] SmsApi.Middleware.LoggingActionFilter | CorrelationId:c586ac5ea1b949bfa0c566c15337f417 | API Request: DELETE /api/academics/subjects/666c3222-6537-4b71-aee2-ae1eca79920d | User: Unknown | School: 550e8400-e29b-41d4-a716-446655440000
2026-04-20 17:25:32.751 +05:30 [INF] SmsApi.Middleware.LoggingActionFilter | CorrelationId:c586ac5ea1b949bfa0c566c15337f417 | API Response: DELETE /api/academics/subjects/666c3222-6537-4b71-aee2-ae1eca79920d | Status: 200 | Duration: 12ms
2026-04-20 17:25:32.754 +05:30 [INF] Serilog.AspNetCore.RequestLoggingMiddleware | CorrelationId:c586ac5ea1b949bfa0c566c15337f417 | HTTP DELETE /api/academics/subjects/666c3222-6537-4b71-aee2-ae1eca79920d responded 204 in 16.5008 ms
2026-04-20 17:25:32.809 +05:30 [INF] SmsApi.Middleware.LoggingActionFilter | CorrelationId:8ad10ea203b043e8bfb343cd4e3d48e6 | API Request: DELETE /api/academics/sections/03ad0b14-b9bc-4c31-8402-aed6615698c1 | User: Unknown | School: 550e8400-e29b-41d4-a716-446655440000
2026-04-20 17:25:32.822 +05:30 [INF] SmsApi.Middleware.LoggingActionFilter | CorrelationId:8ad10ea203b043e8bfb343cd4e3d48e6 | API Response: DELETE /api/academics/sections/03ad0b14-b9bc-4c31-8402-aed6615698c1 | Status: 200 | Duration: 12ms
2026-04-20 17:25:32.827 +05:30 [INF] Serilog.AspNetCore.RequestLoggingMiddleware | CorrelationId:8ad10ea203b043e8bfb343cd4e3d48e6 | HTTP DELETE /api/academics/sections/03ad0b14-b9bc-4c31-8402-aed6615698c1 responded 204 in 18.5805 ms
2026-04-20 17:25:32.887 +05:30 [INF] SmsApi.Middleware.LoggingActionFilter | CorrelationId:fe5305ec32554b86a113f22ad3f09fa8 | API Request: DELETE /api/academics/classes/77661fbf-508a-47d7-8576-f49a1997dfae | User: Unknown | School: 550e8400-e29b-41d4-a716-446655440000
2026-04-20 17:25:32.896 +05:30 [INF] SmsApi.Middleware.LoggingActionFilter | CorrelationId:fe5305ec32554b86a113f22ad3f09fa8 | API Response: DELETE /api/academics/classes/77661fbf-508a-47d7-8576-f49a1997dfae | Status: 200 | Duration: 9ms
2026-04-20 17:25:32.903 +05:30 [INF] Serilog.AspNetCore.RequestLoggingMiddleware | CorrelationId:fe5305ec32554b86a113f22ad3f09fa8 | HTTP DELETE /api/academics/classes/77661fbf-508a-47d7-8576-f49a1997dfae responded 204 in 16.6057 ms
2026-04-20 17:25:33.068 +05:30 [INF] SmsApi.Middleware.LoggingActionFilter | CorrelationId:3b7f1d0a20894588b4b3640c7ef2b694 | API Request: DELETE /api/academics/grade-tiers/13b5ed58-4344-4c7f-8487-9763f504db93 | User: Unknown | School: 550e8400-e29b-41d4-a716-446655440000
2026-04-20 17:25:33.075 +05:30 [INF] SmsApi.Middleware.LoggingActionFilter | CorrelationId:3b7f1d0a20894588b4b3640c7ef2b694 | API Response: DELETE /api/academics/grade-tiers/13b5ed58-4344-4c7f-8487-9763f504db93 | Status: 200 | Duration: 7ms
2026-04-20 17:25:33.078 +05:30 [INF] Serilog.AspNetCore.RequestLoggingMiddleware | CorrelationId:3b7f1d0a20894588b4b3640c7ef2b694 | HTTP DELETE /api/academics/grade-tiers/13b5ed58-4344-4c7f-8487-9763f504db93 responded 204 in 14.3088 ms
2026-04-20 17:25:33.094 +05:30 [INF] SmsApi.Middleware.LoggingActionFilter | CorrelationId:c46afb852a57438ab1323f721f66eda0 | API Request: DELETE /api/academics/exam-types/4d23d7b5-97c7-47f2-89d7-169ef913e1cb | User: Unknown | School: 550e8400-e29b-41d4-a716-446655440000
2026-04-20 17:25:33.099 +05:30 [INF] SmsApi.Middleware.LoggingActionFilter | CorrelationId:c46afb852a57438ab1323f721f66eda0 | API Response: DELETE /api/academics/exam-types/4d23d7b5-97c7-47f2-89d7-169ef913e1cb | Status: 200 | Duration: 4ms
2026-04-20 17:25:33.108 +05:30 [INF] Serilog.AspNetCore.RequestLoggingMiddleware | CorrelationId:c46afb852a57438ab1323f721f66eda0 | HTTP DELETE /api/academics/exam-types/4d23d7b5-97c7-47f2-89d7-169ef913e1cb responded 204 in 13.8905 ms
2026-04-20 17:25:33.396 +05:30 [INF] SmsApi.Middleware.LoggingActionFilter | CorrelationId:c585c820b06b4bc89221f93c17a63c00 | API Request: DELETE /api/academics/subject-types/a43a3464-cf70-4d8f-a23c-d430ea5a20b9 | User: Unknown | School: 550e8400-e29b-41d4-a716-446655440000
2026-04-20 17:25:33.408 +05:30 [INF] SmsApi.Middleware.LoggingActionFilter | CorrelationId:c585c820b06b4bc89221f93c17a63c00 | API Response: DELETE /api/academics/subject-types/a43a3464-cf70-4d8f-a23c-d430ea5a20b9 | Status: 200 | Duration: 12ms
2026-04-20 17:25:33.416 +05:30 [INF] Serilog.AspNetCore.RequestLoggingMiddleware | CorrelationId:c585c820b06b4bc89221f93c17a63c00 | HTTP DELETE /api/academics/subject-types/a43a3464-cf70-4d8f-a23c-d430ea5a20b9 responded 204 in 20.5669 ms
2026-04-20 17:25:33.471 +05:30 [INF] Serilog.AspNetCore.RequestLoggingMiddleware | CorrelationId:a543bd8661794ac5bcfff7ae1690a895 | HTTP POST /api/academics/subjects responded 400 in 7.5344 ms
2026-04-20 17:25:33.516 +05:30 [INF] SmsApi.Middleware.LoggingActionFilter | CorrelationId:01dec1612a6848de8b139f0d5980557b | API Request: POST /api/academics/classes | User: Unknown | School: 550e8400-e29b-41d4-a716-446655440000
2026-04-20 17:25:33.521 +05:30 [INF] SmsApi.Middleware.LoggingActionFilter | CorrelationId:01dec1612a6848de8b139f0d5980557b | API Response: POST /api/academics/classes | Status: 200 | Duration: 5ms
2026-04-20 17:25:33.527 +05:30 [INF] Serilog.AspNetCore.RequestLoggingMiddleware | CorrelationId:01dec1612a6848de8b139f0d5980557b | HTTP POST /api/academics/classes responded 400 in 13.8407 ms
2026-04-20 17:25:33.584 +05:30 [INF] Serilog.AspNetCore.RequestLoggingMiddleware | CorrelationId:5d372a1617304a6fac5d3ef4cbec5d5d | HTTP POST /api/academics/sections responded 400 in 6.1639 ms
2026-04-20 17:25:33.754 +05:30 [INF] Serilog.AspNetCore.RequestLoggingMiddleware | CorrelationId:9f83b4fb97e148f799b3bd283b805e02 | HTTP POST /api/academics/timetable-entries responded 404 in 3.2997 ms
2026-04-20 17:27:43.267 +05:30 [INF] SmsApi.Middleware.LoggingActionFilter | CorrelationId:0047cc9f8b794fa1a30fc09235ad01de | API Request: POST /api/auth/login | User: Unknown | School: Unknown
2026-04-20 17:27:44.140 +05:30 [INF] SmsApi.Controllers.AuthController | CorrelationId:0047cc9f8b794fa1a30fc09235ad01de | Login successful for admin (SchoolId: "550e8400-e29b-41d4-a716-446655440000")
2026-04-20 17:27:44.166 +05:30 [INF] SmsApi.Middleware.LoggingActionFilter | CorrelationId:0047cc9f8b794fa1a30fc09235ad01de | API Response: POST /api/auth/login | Status: 200 | Duration: 898ms
2026-04-20 17:27:44.187 +05:30 [INF] Serilog.AspNetCore.RequestLoggingMiddleware | CorrelationId:0047cc9f8b794fa1a30fc09235ad01de | HTTP POST /api/auth/login responded 200 in 925.3849 ms
2026-04-20 17:27:44.198 +05:30 [WRN] SmsApi.Infrastructure.Performance.PerformanceMonitoringMiddleware | CorrelationId: | Slow request: POST /api/auth/login took 921ms — status 200.
2026-04-20 17:27:44.350 +05:30 [INF] SmsApi.Middleware.LoggingActionFilter | CorrelationId:c62dede174e64dc8a19a9f49af2766dd | API Request: POST /api/academics/classes | User: Unknown | School: 550e8400-e29b-41d4-a716-446655440000
2026-04-20 17:27:44.381 +05:30 [INF] SmsApi.Middleware.LoggingActionFilter | CorrelationId:c62dede174e64dc8a19a9f49af2766dd | API Response: POST /api/academics/classes | Status: 200 | Duration: 30ms
2026-04-20 17:27:44.409 +05:30 [INF] Serilog.AspNetCore.RequestLoggingMiddleware | CorrelationId:c62dede174e64dc8a19a9f49af2766dd | HTTP POST /api/academics/classes responded 201 in 61.4104 ms
2026-04-20 17:27:44.462 +05:30 [INF] SmsApi.Middleware.LoggingActionFilter | CorrelationId:0c9c61ebb15a400dadbe11943e4908dd | API Request: POST /api/academics/classes | User: Unknown | School: 550e8400-e29b-41d4-a716-446655440000
2026-04-20 17:27:44.469 +05:30 [INF] SmsApi.Middleware.LoggingActionFilter | CorrelationId:0c9c61ebb15a400dadbe11943e4908dd | API Response: POST /api/academics/classes | Status: 200 | Duration: 7ms
2026-04-20 17:27:44.480 +05:30 [INF] Serilog.AspNetCore.RequestLoggingMiddleware | CorrelationId:0c9c61ebb15a400dadbe11943e4908dd | HTTP POST /api/academics/classes responded 400 in 18.4555 ms
2026-04-20 17:27:44.592 +05:30 [INF] SmsApi.Middleware.LoggingActionFilter | CorrelationId:836c37a1510e4ce0b08be3ada3b0730a | API Request: POST /api/academics/sections | User: Unknown | School: 550e8400-e29b-41d4-a716-446655440000
2026-04-20 17:27:44.616 +05:30 [INF] SmsApi.Middleware.LoggingActionFilter | CorrelationId:836c37a1510e4ce0b08be3ada3b0730a | API Response: POST /api/academics/sections | Status: 200 | Duration: 24ms
2026-04-20 17:27:44.632 +05:30 [INF] Serilog.AspNetCore.RequestLoggingMiddleware | CorrelationId:836c37a1510e4ce0b08be3ada3b0730a | HTTP POST /api/academics/sections responded 201 in 44.7984 ms
2026-04-20 17:27:44.659 +05:30 [INF] SmsApi.Middleware.LoggingActionFilter | CorrelationId:e95fc61d0a924ca8b9e31f5cbd163f0b | API Request: POST /api/academics/subjects | User: Unknown | School: 550e8400-e29b-41d4-a716-446655440000
2026-04-20 17:27:44.668 +05:30 [INF] SmsApi.Middleware.LoggingActionFilter | CorrelationId:e95fc61d0a924ca8b9e31f5cbd163f0b | API Response: POST /api/academics/subjects | Status: 200 | Duration: 8ms
2026-04-20 17:27:44.674 +05:30 [INF] Serilog.AspNetCore.RequestLoggingMiddleware | CorrelationId:e95fc61d0a924ca8b9e31f5cbd163f0b | HTTP POST /api/academics/subjects responded 201 in 16.5640 ms
2026-04-20 17:27:44.692 +05:30 [INF] SmsApi.Middleware.LoggingActionFilter | CorrelationId:e145c79db03645ee911d39d42f94aa5d | API Request: POST /api/academics/subjects | User: Unknown | School: 550e8400-e29b-41d4-a716-446655440000
2026-04-20 17:27:44.697 +05:30 [INF] SmsApi.Middleware.LoggingActionFilter | CorrelationId:e145c79db03645ee911d39d42f94aa5d | API Response: POST /api/academics/subjects | Status: 200 | Duration: 5ms
2026-04-20 17:27:44.699 +05:30 [INF] Serilog.AspNetCore.RequestLoggingMiddleware | CorrelationId:e145c79db03645ee911d39d42f94aa5d | HTTP POST /api/academics/subjects responded 400 in 8.4462 ms
2026-04-20 17:27:44.711 +05:30 [INF] SmsApi.Middleware.LoggingActionFilter | CorrelationId:a2d7a3e6c0604017812359495387025d | API Request: POST /api/academics/class-subjects | User: Unknown | School: 550e8400-e29b-41d4-a716-446655440000
2026-04-20 17:27:44.721 +05:30 [INF] SmsApi.Middleware.LoggingActionFilter | CorrelationId:a2d7a3e6c0604017812359495387025d | API Response: POST /api/academics/class-subjects | Status: 200 | Duration: 10ms
2026-04-20 17:27:44.727 +05:30 [INF] Serilog.AspNetCore.RequestLoggingMiddleware | CorrelationId:a2d7a3e6c0604017812359495387025d | HTTP POST /api/academics/class-subjects responded 200 in 18.4061 ms
2026-04-20 17:27:44.772 +05:30 [INF] SmsApi.Middleware.LoggingActionFilter | CorrelationId:53208badd8a3435db76fe3f7e083092c | API Request: POST /api/academics/class-subjects | User: Unknown | School: 550e8400-e29b-41d4-a716-446655440000
2026-04-20 17:27:44.776 +05:30 [INF] SmsApi.Middleware.LoggingActionFilter | CorrelationId:53208badd8a3435db76fe3f7e083092c | API Response: POST /api/academics/class-subjects | Status: 200 | Duration: 3ms
2026-04-20 17:27:44.779 +05:30 [INF] Serilog.AspNetCore.RequestLoggingMiddleware | CorrelationId:53208badd8a3435db76fe3f7e083092c | HTTP POST /api/academics/class-subjects responded 400 in 8.4490 ms
2026-04-20 17:27:44.792 +05:30 [INF] SmsApi.Middleware.LoggingActionFilter | CorrelationId:ab536968a2344d0da5adba6df12b7a56 | API Request: POST /api/academics/academic-years | User: Unknown | School: 550e8400-e29b-41d4-a716-446655440000
2026-04-20 17:27:44.801 +05:30 [INF] SmsApi.Middleware.LoggingActionFilter | CorrelationId:ab536968a2344d0da5adba6df12b7a56 | API Response: POST /api/academics/academic-years | Status: 200 | Duration: 9ms
2026-04-20 17:27:44.806 +05:30 [INF] Serilog.AspNetCore.RequestLoggingMiddleware | CorrelationId:ab536968a2344d0da5adba6df12b7a56 | HTTP POST /api/academics/academic-years responded 201 in 15.0350 ms
2026-04-20 17:27:44.875 +05:30 [INF] SmsApi.Middleware.LoggingActionFilter | CorrelationId:f96d8d6422b54b17935741890235f6eb | API Request: POST /api/academics/academic-years | User: Unknown | School: 550e8400-e29b-41d4-a716-446655440000
2026-04-20 17:27:44.875 +05:30 [INF] SmsApi.Middleware.LoggingActionFilter | CorrelationId:f96d8d6422b54b17935741890235f6eb | API Response: POST /api/academics/academic-years | Status: 200 | Duration: 0ms
2026-04-20 17:27:44.880 +05:30 [INF] Serilog.AspNetCore.RequestLoggingMiddleware | CorrelationId:f96d8d6422b54b17935741890235f6eb | HTTP POST /api/academics/academic-years responded 400 in 5.8659 ms
2026-04-20 17:27:44.928 +05:30 [INF] SmsApi.Middleware.LoggingActionFilter | CorrelationId:3a43f71a3bdf4d4cb5ed74be0451e743 | API Request: GET /api/academics/classes | User: Unknown | School: 550e8400-e29b-41d4-a716-446655440000
2026-04-20 17:27:44.951 +05:30 [INF] SmsApi.Middleware.LoggingActionFilter | CorrelationId:3a43f71a3bdf4d4cb5ed74be0451e743 | API Response: GET /api/academics/classes | Status: 200 | Duration: 23ms
2026-04-20 17:27:44.955 +05:30 [INF] Serilog.AspNetCore.RequestLoggingMiddleware | CorrelationId:3a43f71a3bdf4d4cb5ed74be0451e743 | HTTP GET /api/academics/classes responded 200 in 28.1740 ms
2026-04-20 17:27:45.007 +05:30 [INF] Serilog.AspNetCore.RequestLoggingMiddleware | CorrelationId:30cc370892384c2b9a511e45181bca68 | HTTP GET /api/academics/classes responded 401 in 0.5434 ms
2026-04-20 17:27:45.019 +05:30 [INF] SmsApi.Middleware.LoggingActionFilter | CorrelationId:7849f491fce3456c87a50644fa864cc2 | API Request: POST /api/academics/grade-tiers | User: Unknown | School: 550e8400-e29b-41d4-a716-446655440000
2026-04-20 17:27:45.027 +05:30 [INF] SmsApi.Middleware.LoggingActionFilter | CorrelationId:7849f491fce3456c87a50644fa864cc2 | API Response: POST /api/academics/grade-tiers | Status: 200 | Duration: 8ms
2026-04-20 17:27:45.030 +05:30 [INF] Serilog.AspNetCore.RequestLoggingMiddleware | CorrelationId:7849f491fce3456c87a50644fa864cc2 | HTTP POST /api/academics/grade-tiers responded 200 in 11.9932 ms
2026-04-20 17:27:45.057 +05:30 [INF] Serilog.AspNetCore.RequestLoggingMiddleware | CorrelationId:2f85bdd2755140848e26360e5612f521 | HTTP POST /api/academics/grade-tiers responded 400 in 3.7330 ms
2026-04-20 17:27:45.065 +05:30 [INF] SmsApi.Middleware.LoggingActionFilter | CorrelationId:0897ae2b8f2f41cf81e6aa391faf4fd5 | API Request: POST /api/academics/exam-types | User: Unknown | School: 550e8400-e29b-41d4-a716-446655440000
2026-04-20 17:27:45.069 +05:30 [INF] SmsApi.Middleware.LoggingActionFilter | CorrelationId:0897ae2b8f2f41cf81e6aa391faf4fd5 | API Response: POST /api/academics/exam-types | Status: 200 | Duration: 3ms
2026-04-20 17:27:45.073 +05:30 [INF] Serilog.AspNetCore.RequestLoggingMiddleware | CorrelationId:0897ae2b8f2f41cf81e6aa391faf4fd5 | HTTP POST /api/academics/exam-types responded 201 in 8.8033 ms
2026-04-20 17:27:45.109 +05:30 [INF] SmsApi.Middleware.LoggingActionFilter | CorrelationId:e2e7b13854a247e78eadcdcb4ef97a50 | API Request: POST /api/academics/exam-types | User: Unknown | School: 550e8400-e29b-41d4-a716-446655440000
2026-04-20 17:27:45.111 +05:30 [INF] SmsApi.Middleware.LoggingActionFilter | CorrelationId:e2e7b13854a247e78eadcdcb4ef97a50 | API Response: POST /api/academics/exam-types | Status: 200 | Duration: 1ms
2026-04-20 17:27:45.115 +05:30 [INF] Serilog.AspNetCore.RequestLoggingMiddleware | CorrelationId:e2e7b13854a247e78eadcdcb4ef97a50 | HTTP POST /api/academics/exam-types responded 400 in 6.5583 ms
2026-04-20 17:27:45.127 +05:30 [INF] SmsApi.Middleware.LoggingActionFilter | CorrelationId:36e14974d43b4f5b9be9d2118219a8ca | API Request: POST /api/academics/subject-types | User: Unknown | School: 550e8400-e29b-41d4-a716-446655440000
2026-04-20 17:27:45.133 +05:30 [INF] SmsApi.Middleware.LoggingActionFilter | CorrelationId:36e14974d43b4f5b9be9d2118219a8ca | API Response: POST /api/academics/subject-types | Status: 200 | Duration: 5ms
2026-04-20 17:27:45.141 +05:30 [INF] Serilog.AspNetCore.RequestLoggingMiddleware | CorrelationId:36e14974d43b4f5b9be9d2118219a8ca | HTTP POST /api/academics/subject-types responded 201 in 14.1486 ms
2026-04-20 17:27:45.178 +05:30 [INF] SmsApi.Middleware.LoggingActionFilter | CorrelationId:6f2c68c3f3ea45a8950ff7a682c901db | API Request: GET /api/academics/classes/63647a43-b989-4148-a069-846a7f2eb0b6/grade-tiers | User: Unknown | School: 550e8400-e29b-41d4-a716-446655440000
2026-04-20 17:27:45.180 +05:30 [INF] SmsApi.Middleware.LoggingActionFilter | CorrelationId:6f2c68c3f3ea45a8950ff7a682c901db | API Response: GET /api/academics/classes/63647a43-b989-4148-a069-846a7f2eb0b6/grade-tiers | Status: 200 | Duration: 2ms
2026-04-20 17:27:45.182 +05:30 [INF] Serilog.AspNetCore.RequestLoggingMiddleware | CorrelationId:6f2c68c3f3ea45a8950ff7a682c901db | HTTP GET /api/academics/classes/63647a43-b989-4148-a069-846a7f2eb0b6/grade-tiers responded 200 in 4.3017 ms
2026-04-20 17:27:45.250 +05:30 [INF] SmsApi.Middleware.LoggingActionFilter | CorrelationId:8b61ce179cd042a1a07fe666133d701d | API Request: GET /api/academics/exam-types | User: Unknown | School: 550e8400-e29b-41d4-a716-446655440000
2026-04-20 17:27:45.256 +05:30 [INF] SmsApi.Middleware.LoggingActionFilter | CorrelationId:8b61ce179cd042a1a07fe666133d701d | API Response: GET /api/academics/exam-types | Status: 200 | Duration: 6ms
2026-04-20 17:27:45.257 +05:30 [INF] Serilog.AspNetCore.RequestLoggingMiddleware | CorrelationId:8b61ce179cd042a1a07fe666133d701d | HTTP GET /api/academics/exam-types responded 200 in 8.4965 ms
2026-04-20 17:27:45.313 +05:30 [INF] SmsApi.Middleware.LoggingActionFilter | CorrelationId:06f1b72de410417f827d4cc82a982aed | API Request: GET /api/academics/exam-types/e29b4005-be9a-44c2-b2ae-a6a7ea8de489 | User: Unknown | School: 550e8400-e29b-41d4-a716-446655440000
2026-04-20 17:27:45.315 +05:30 [INF] SmsApi.Middleware.LoggingActionFilter | CorrelationId:06f1b72de410417f827d4cc82a982aed | API Response: GET /api/academics/exam-types/e29b4005-be9a-44c2-b2ae-a6a7ea8de489 | Status: 200 | Duration: 1ms
2026-04-20 17:27:45.316 +05:30 [INF] Serilog.AspNetCore.RequestLoggingMiddleware | CorrelationId:06f1b72de410417f827d4cc82a982aed | HTTP GET /api/academics/exam-types/e29b4005-be9a-44c2-b2ae-a6a7ea8de489 responded 200 in 3.2511 ms
2026-04-20 17:27:45.331 +05:30 [INF] SmsApi.Middleware.LoggingActionFilter | CorrelationId:8c69d2bdb29e46759d6163a0784b58ee | API Request: GET /api/academics/subject-types | User: Unknown | School: 550e8400-e29b-41d4-a716-446655440000
2026-04-20 17:27:45.334 +05:30 [INF] SmsApi.Middleware.LoggingActionFilter | CorrelationId:8c69d2bdb29e46759d6163a0784b58ee | API Response: GET /api/academics/subject-types | Status: 200 | Duration: 3ms
2026-04-20 17:27:45.335 +05:30 [INF] Serilog.AspNetCore.RequestLoggingMiddleware | CorrelationId:8c69d2bdb29e46759d6163a0784b58ee | HTTP GET /api/academics/subject-types responded 200 in 5.1803 ms
2026-04-20 17:27:45.353 +05:30 [INF] SmsApi.Middleware.LoggingActionFilter | CorrelationId:fc9f81254af6493cb2841d6dc1a7f9ff | API Request: GET /api/academics/subject-types/b5bc9e4f-2c3f-4e58-84e4-02d646a99e80 | User: Unknown | School: 550e8400-e29b-41d4-a716-446655440000
2026-04-20 17:27:45.356 +05:30 [INF] SmsApi.Middleware.LoggingActionFilter | CorrelationId:fc9f81254af6493cb2841d6dc1a7f9ff | API Response: GET /api/academics/subject-types/b5bc9e4f-2c3f-4e58-84e4-02d646a99e80 | Status: 200 | Duration: 3ms
2026-04-20 17:27:45.357 +05:30 [INF] Serilog.AspNetCore.RequestLoggingMiddleware | CorrelationId:fc9f81254af6493cb2841d6dc1a7f9ff | HTTP GET /api/academics/subject-types/b5bc9e4f-2c3f-4e58-84e4-02d646a99e80 responded 200 in 5.2935 ms
2026-04-20 17:27:45.409 +05:30 [INF] Serilog.AspNetCore.RequestLoggingMiddleware | CorrelationId:5e2d52f88c2d4166be20e60e33b7815e | HTTP POST /api/academics/teacher-assignments responded 400 in 3.4038 ms
2026-04-20 17:27:45.420 +05:30 [INF] SmsApi.Middleware.LoggingActionFilter | CorrelationId:fa327f7d493a4c27a663788b398275fe | API Request: GET /api/academics/teacher-assignments | User: Unknown | School: 550e8400-e29b-41d4-a716-446655440000
2026-04-20 17:27:45.425 +05:30 [INF] SmsApi.Middleware.LoggingActionFilter | CorrelationId:fa327f7d493a4c27a663788b398275fe | API Response: GET /api/academics/teacher-assignments | Status: 200 | Duration: 4ms
2026-04-20 17:27:45.426 +05:30 [INF] Serilog.AspNetCore.RequestLoggingMiddleware | CorrelationId:fa327f7d493a4c27a663788b398275fe | HTTP GET /api/academics/teacher-assignments responded 200 in 6.2440 ms
2026-04-20 17:27:45.451 +05:30 [INF] SmsApi.Middleware.LoggingActionFilter | CorrelationId:431f190276f245b3bc808d7a8563eb47 | API Request: POST /api/academics/students/subjects | User: Unknown | School: 550e8400-e29b-41d4-a716-446655440000
2026-04-20 17:27:45.454 +05:30 [INF] SmsApi.Middleware.LoggingActionFilter | CorrelationId:431f190276f245b3bc808d7a8563eb47 | API Response: POST /api/academics/students/subjects | Status: 200 | Duration: 3ms
2026-04-20 17:27:45.461 +05:30 [INF] Serilog.AspNetCore.RequestLoggingMiddleware | CorrelationId:431f190276f245b3bc808d7a8563eb47 | HTTP POST /api/academics/students/subjects responded 404 in 10.9058 ms
2026-04-20 17:27:45.477 +05:30 [INF] SmsApi.Middleware.LoggingActionFilter | CorrelationId:0f7532469d6648808f20ed81b382b90a | API Request: GET /api/academics/students/00000000-0000-0000-0000-000000000002/subjects | User: Unknown | School: 550e8400-e29b-41d4-a716-446655440000
2026-04-20 17:27:45.482 +05:30 [INF] SmsApi.Middleware.LoggingActionFilter | CorrelationId:0f7532469d6648808f20ed81b382b90a | API Response: GET /api/academics/students/00000000-0000-0000-0000-000000000002/subjects | Status: 200 | Duration: 4ms
2026-04-20 17:27:45.482 +05:30 [INF] Serilog.AspNetCore.RequestLoggingMiddleware | CorrelationId:0f7532469d6648808f20ed81b382b90a | HTTP GET /api/academics/students/00000000-0000-0000-0000-000000000002/subjects responded 200 in 6.8310 ms
2026-04-20 17:27:45.503 +05:30 [INF] SmsApi.Middleware.LoggingActionFilter | CorrelationId:fc532199ce844f95a08557f5820fe530 | API Request: POST /api/academics/timetable | User: Unknown | School: 550e8400-e29b-41d4-a716-446655440000
2026-04-20 17:27:45.517 +05:30 [INF] SmsApi.Middleware.LoggingActionFilter | CorrelationId:fc532199ce844f95a08557f5820fe530 | API Response: POST /api/academics/timetable | Status: 200 | Duration: 13ms
2026-04-20 17:27:45.520 +05:30 [INF] Serilog.AspNetCore.RequestLoggingMiddleware | CorrelationId:fc532199ce844f95a08557f5820fe530 | HTTP POST /api/academics/timetable responded 200 in 17.3128 ms
2026-04-20 17:27:45.543 +05:30 [INF] SmsApi.Middleware.LoggingActionFilter | CorrelationId:ca691d90696d451e8a02fa18e7e72efe | API Request: POST /api/academics/timetable | User: Unknown | School: 550e8400-e29b-41d4-a716-446655440000
2026-04-20 17:27:45.548 +05:30 [INF] SmsApi.Middleware.LoggingActionFilter | CorrelationId:ca691d90696d451e8a02fa18e7e72efe | API Response: POST /api/academics/timetable | Status: 200 | Duration: 5ms
2026-04-20 17:27:45.550 +05:30 [INF] Serilog.AspNetCore.RequestLoggingMiddleware | CorrelationId:ca691d90696d451e8a02fa18e7e72efe | HTTP POST /api/academics/timetable responded 400 in 8.3516 ms
2026-04-20 17:27:45.556 +05:30 [INF] SmsApi.Middleware.LoggingActionFilter | CorrelationId:71aa2dc4a77f47149fc111e3c1b34b12 | API Request: POST /api/academics/timetable | User: Unknown | School: 550e8400-e29b-41d4-a716-446655440000
2026-04-20 17:27:45.559 +05:30 [INF] SmsApi.Middleware.LoggingActionFilter | CorrelationId:71aa2dc4a77f47149fc111e3c1b34b12 | API Response: POST /api/academics/timetable | Status: 200 | Duration: 3ms
2026-04-20 17:27:45.562 +05:30 [INF] Serilog.AspNetCore.RequestLoggingMiddleware | CorrelationId:71aa2dc4a77f47149fc111e3c1b34b12 | HTTP POST /api/academics/timetable responded 400 in 7.3769 ms
2026-04-20 17:27:45.580 +05:30 [INF] SmsApi.Middleware.LoggingActionFilter | CorrelationId:a6445682ca9f4aa5ab418e90cb2f4086 | API Request: GET /api/academics/sections/ee5ed01b-b51a-40e9-bdc6-f7c78f4193d8/timetable | User: Unknown | School: 550e8400-e29b-41d4-a716-446655440000
2026-04-20 17:27:45.589 +05:30 [INF] SmsApi.Middleware.LoggingActionFilter | CorrelationId:a6445682ca9f4aa5ab418e90cb2f4086 | API Response: GET /api/academics/sections/ee5ed01b-b51a-40e9-bdc6-f7c78f4193d8/timetable | Status: 200 | Duration: 8ms
2026-04-20 17:27:45.590 +05:30 [INF] Serilog.AspNetCore.RequestLoggingMiddleware | CorrelationId:a6445682ca9f4aa5ab418e90cb2f4086 | HTTP GET /api/academics/sections/ee5ed01b-b51a-40e9-bdc6-f7c78f4193d8/timetable responded 200 in 10.3833 ms
2026-04-20 17:27:45.659 +05:30 [INF] SmsApi.Middleware.LoggingActionFilter | CorrelationId:fc0d82886e5a4beb8b974060b065909b | API Request: POST /api/academics/classes/settings | User: Unknown | School: 550e8400-e29b-41d4-a716-446655440000
2026-04-20 17:27:45.680 +05:30 [INF] SmsApi.Middleware.LoggingActionFilter | CorrelationId:fc0d82886e5a4beb8b974060b065909b | API Response: POST /api/academics/classes/settings | Status: 200 | Duration: 21ms
2026-04-20 17:27:45.685 +05:30 [INF] Serilog.AspNetCore.RequestLoggingMiddleware | CorrelationId:fc0d82886e5a4beb8b974060b065909b | HTTP POST /api/academics/classes/settings responded 201 in 27.3993 ms
2026-04-20 17:27:45.744 +05:30 [INF] Serilog.AspNetCore.RequestLoggingMiddleware | CorrelationId:a963cccaea684beaa2bd9a67ee953d8d | HTTP POST /api/academics/classes/settings responded 400 in 5.2612 ms
2026-04-20 17:27:45.767 +05:30 [INF] SmsApi.Middleware.LoggingActionFilter | CorrelationId:e824050a4b234cc8ac81a34f7690e532 | API Request: PUT /api/academics/classes/settings/646b32a8-5dd7-45b4-a132-24179c40ac5a | User: Unknown | School: 550e8400-e29b-41d4-a716-446655440000
2026-04-20 17:27:45.774 +05:30 [INF] SmsApi.Middleware.LoggingActionFilter | CorrelationId:e824050a4b234cc8ac81a34f7690e532 | API Response: PUT /api/academics/classes/settings/646b32a8-5dd7-45b4-a132-24179c40ac5a | Status: 200 | Duration: 7ms
2026-04-20 17:27:45.781 +05:30 [INF] Serilog.AspNetCore.RequestLoggingMiddleware | CorrelationId:e824050a4b234cc8ac81a34f7690e532 | HTTP PUT /api/academics/classes/settings/646b32a8-5dd7-45b4-a132-24179c40ac5a responded 200 in 19.8767 ms
2026-04-20 17:27:45.800 +05:30 [INF] SmsApi.Middleware.LoggingActionFilter | CorrelationId:b7463b39ad3d42a9add0fb6c08305fda | API Request: GET /api/academics/classes/63647a43-b989-4148-a069-846a7f2eb0b6/settings | User: Unknown | School: 550e8400-e29b-41d4-a716-446655440000
2026-04-20 17:27:45.804 +05:30 [INF] SmsApi.Middleware.LoggingActionFilter | CorrelationId:b7463b39ad3d42a9add0fb6c08305fda | API Response: GET /api/academics/classes/63647a43-b989-4148-a069-846a7f2eb0b6/settings | Status: 200 | Duration: 4ms
2026-04-20 17:27:45.805 +05:30 [INF] Serilog.AspNetCore.RequestLoggingMiddleware | CorrelationId:b7463b39ad3d42a9add0fb6c08305fda | HTTP GET /api/academics/classes/63647a43-b989-4148-a069-846a7f2eb0b6/settings responded 200 in 5.9240 ms
2026-04-20 17:27:45.823 +05:30 [INF] SmsApi.Middleware.LoggingActionFilter | CorrelationId:fea88dcc2bcb448cb5b4e69150dcf50f | API Request: GET /api/academics/classes | User: Unknown | School: 550e8400-e29b-41d4-a716-446655440000
2026-04-20 17:27:45.834 +05:30 [INF] SmsApi.Middleware.LoggingActionFilter | CorrelationId:fea88dcc2bcb448cb5b4e69150dcf50f | API Response: GET /api/academics/classes | Status: 200 | Duration: 10ms
2026-04-20 17:27:45.835 +05:30 [INF] Serilog.AspNetCore.RequestLoggingMiddleware | CorrelationId:fea88dcc2bcb448cb5b4e69150dcf50f | HTTP GET /api/academics/classes responded 200 in 13.3810 ms
2026-04-20 17:27:45.863 +05:30 [INF] SmsApi.Middleware.LoggingActionFilter | CorrelationId:a3ce4048104a4677b327e0f624b30458 | API Request: GET /api/academics/sections | User: Unknown | School: 550e8400-e29b-41d4-a716-446655440000
2026-04-20 17:27:45.884 +05:30 [INF] SmsApi.Middleware.LoggingActionFilter | CorrelationId:a3ce4048104a4677b327e0f624b30458 | API Response: GET /api/academics/sections | Status: 200 | Duration: 21ms
2026-04-20 17:27:45.886 +05:30 [INF] Serilog.AspNetCore.RequestLoggingMiddleware | CorrelationId:a3ce4048104a4677b327e0f624b30458 | HTTP GET /api/academics/sections responded 200 in 24.2100 ms
2026-04-20 17:27:45.908 +05:30 [INF] SmsApi.Middleware.LoggingActionFilter | CorrelationId:b6f6b6b56b8743ada4d650eaee6f4589 | API Request: GET /api/academics/sections/ee5ed01b-b51a-40e9-bdc6-f7c78f4193d8 | User: Unknown | School: 550e8400-e29b-41d4-a716-446655440000
2026-04-20 17:27:45.924 +05:30 [INF] SmsApi.Middleware.LoggingActionFilter | CorrelationId:b6f6b6b56b8743ada4d650eaee6f4589 | API Response: GET /api/academics/sections/ee5ed01b-b51a-40e9-bdc6-f7c78f4193d8 | Status: 200 | Duration: 15ms
2026-04-20 17:27:45.924 +05:30 [INF] Serilog.AspNetCore.RequestLoggingMiddleware | CorrelationId:b6f6b6b56b8743ada4d650eaee6f4589 | HTTP GET /api/academics/sections/ee5ed01b-b51a-40e9-bdc6-f7c78f4193d8 responded 200 in 16.8550 ms
2026-04-20 17:27:45.942 +05:30 [INF] SmsApi.Middleware.LoggingActionFilter | CorrelationId:a5fbdd06807d43449ccf9d8c5b373db9 | API Request: GET /api/academics/subjects | User: Unknown | School: 550e8400-e29b-41d4-a716-446655440000
2026-04-20 17:27:45.947 +05:30 [INF] SmsApi.Middleware.LoggingActionFilter | CorrelationId:a5fbdd06807d43449ccf9d8c5b373db9 | API Response: GET /api/academics/subjects | Status: 200 | Duration: 4ms
2026-04-20 17:27:45.947 +05:30 [INF] Serilog.AspNetCore.RequestLoggingMiddleware | CorrelationId:a5fbdd06807d43449ccf9d8c5b373db9 | HTTP GET /api/academics/subjects responded 200 in 5.6327 ms
2026-04-20 17:27:45.965 +05:30 [INF] SmsApi.Middleware.LoggingActionFilter | CorrelationId:5441f27aef2b48ea9591e9290c92748f | API Request: GET /api/academics/subjects/0211bec5-c414-4198-9bc6-6c8977a43469 | User: Unknown | School: 550e8400-e29b-41d4-a716-446655440000
2026-04-20 17:27:45.968 +05:30 [INF] SmsApi.Middleware.LoggingActionFilter | CorrelationId:5441f27aef2b48ea9591e9290c92748f | API Response: GET /api/academics/subjects/0211bec5-c414-4198-9bc6-6c8977a43469 | Status: 200 | Duration: 2ms
2026-04-20 17:27:45.968 +05:30 [INF] Serilog.AspNetCore.RequestLoggingMiddleware | CorrelationId:5441f27aef2b48ea9591e9290c92748f | HTTP GET /api/academics/subjects/0211bec5-c414-4198-9bc6-6c8977a43469 responded 200 in 3.5175 ms
2026-04-20 17:27:46.043 +05:30 [INF] SmsApi.Middleware.LoggingActionFilter | CorrelationId:254c93ea21fa434e844a92bc68c2253b | API Request: GET /api/academics/academic-years | User: Unknown | School: 550e8400-e29b-41d4-a716-446655440000
2026-04-20 17:27:46.050 +05:30 [INF] SmsApi.Middleware.LoggingActionFilter | CorrelationId:254c93ea21fa434e844a92bc68c2253b | API Response: GET /api/academics/academic-years | Status: 200 | Duration: 7ms
2026-04-20 17:27:46.057 +05:30 [INF] Serilog.AspNetCore.RequestLoggingMiddleware | CorrelationId:254c93ea21fa434e844a92bc68c2253b | HTTP GET /api/academics/academic-years responded 200 in 14.5202 ms
2026-04-20 17:27:46.141 +05:30 [INF] SmsApi.Middleware.LoggingActionFilter | CorrelationId:3e72f426803648e49525f2c7c4b3033b | API Request: PUT /api/academics/grade-tiers/029b5ea5-d9db-4802-910b-85433242a93a | User: Unknown | School: 550e8400-e29b-41d4-a716-446655440000
2026-04-20 17:27:46.147 +05:30 [INF] SmsApi.Middleware.LoggingActionFilter | CorrelationId:3e72f426803648e49525f2c7c4b3033b | API Response: PUT /api/academics/grade-tiers/029b5ea5-d9db-4802-910b-85433242a93a | Status: 200 | Duration: 6ms
2026-04-20 17:27:46.151 +05:30 [INF] Serilog.AspNetCore.RequestLoggingMiddleware | CorrelationId:3e72f426803648e49525f2c7c4b3033b | HTTP PUT /api/academics/grade-tiers/029b5ea5-d9db-4802-910b-85433242a93a responded 200 in 11.0662 ms
2026-04-20 17:27:46.167 +05:30 [INF] SmsApi.Middleware.LoggingActionFilter | CorrelationId:2502bdf30ccd4ce88bef0c903312ddcc | API Request: PUT /api/academics/exam-types/e29b4005-be9a-44c2-b2ae-a6a7ea8de489 | User: Unknown | School: 550e8400-e29b-41d4-a716-446655440000
2026-04-20 17:27:46.174 +05:30 [INF] SmsApi.Middleware.LoggingActionFilter | CorrelationId:2502bdf30ccd4ce88bef0c903312ddcc | API Response: PUT /api/academics/exam-types/e29b4005-be9a-44c2-b2ae-a6a7ea8de489 | Status: 200 | Duration: 7ms
2026-04-20 17:27:46.183 +05:30 [INF] Serilog.AspNetCore.RequestLoggingMiddleware | CorrelationId:2502bdf30ccd4ce88bef0c903312ddcc | HTTP PUT /api/academics/exam-types/e29b4005-be9a-44c2-b2ae-a6a7ea8de489 responded 200 in 15.9861 ms
2026-04-20 17:27:46.210 +05:30 [INF] SmsApi.Middleware.LoggingActionFilter | CorrelationId:c6eb7a3184bb4a91a7df28708b01241a | API Request: PUT /api/academics/subject-types/b5bc9e4f-2c3f-4e58-84e4-02d646a99e80 | User: Unknown | School: 550e8400-e29b-41d4-a716-446655440000
2026-04-20 17:27:46.215 +05:30 [INF] SmsApi.Middleware.LoggingActionFilter | CorrelationId:c6eb7a3184bb4a91a7df28708b01241a | API Response: PUT /api/academics/subject-types/b5bc9e4f-2c3f-4e58-84e4-02d646a99e80 | Status: 200 | Duration: 5ms
2026-04-20 17:27:46.229 +05:30 [INF] Serilog.AspNetCore.RequestLoggingMiddleware | CorrelationId:c6eb7a3184bb4a91a7df28708b01241a | HTTP PUT /api/academics/subject-types/b5bc9e4f-2c3f-4e58-84e4-02d646a99e80 responded 200 in 20.3801 ms
2026-04-20 17:27:46.255 +05:30 [INF] SmsApi.Middleware.LoggingActionFilter | CorrelationId:58e36127979b49f38edeb3f033291b81 | API Request: DELETE /api/academics/timetable/2ddba1a5-a4a9-46d8-a2e8-37f491d88c02 | User: Unknown | School: 550e8400-e29b-41d4-a716-446655440000
2026-04-20 17:27:46.260 +05:30 [INF] SmsApi.Middleware.LoggingActionFilter | CorrelationId:58e36127979b49f38edeb3f033291b81 | API Response: DELETE /api/academics/timetable/2ddba1a5-a4a9-46d8-a2e8-37f491d88c02 | Status: 200 | Duration: 5ms
2026-04-20 17:27:46.263 +05:30 [INF] Serilog.AspNetCore.RequestLoggingMiddleware | CorrelationId:58e36127979b49f38edeb3f033291b81 | HTTP DELETE /api/academics/timetable/2ddba1a5-a4a9-46d8-a2e8-37f491d88c02 responded 204 in 9.1391 ms
2026-04-20 17:27:46.282 +05:30 [INF] SmsApi.Middleware.LoggingActionFilter | CorrelationId:bfb10f086ad64c1996c3bd967fe9148c | API Request: DELETE /api/academics/timetable/99999999-9999-9999-9999-999999999999 | User: Unknown | School: 550e8400-e29b-41d4-a716-446655440000
2026-04-20 17:27:46.285 +05:30 [INF] SmsApi.Middleware.LoggingActionFilter | CorrelationId:bfb10f086ad64c1996c3bd967fe9148c | API Response: DELETE /api/academics/timetable/99999999-9999-9999-9999-999999999999 | Status: 200 | Duration: 3ms
2026-04-20 17:27:46.292 +05:30 [INF] Serilog.AspNetCore.RequestLoggingMiddleware | CorrelationId:bfb10f086ad64c1996c3bd967fe9148c | HTTP DELETE /api/academics/timetable/99999999-9999-9999-9999-999999999999 responded 404 in 10.4865 ms
2026-04-20 17:27:46.302 +05:30 [INF] SmsApi.Middleware.LoggingActionFilter | CorrelationId:5a59b68e8ea8476fb0be78ad068d70f2 | API Request: DELETE /api/academics/class-subjects/0f9500bd-d5d0-4531-8b45-bce1484bc423 | User: Unknown | School: 550e8400-e29b-41d4-a716-446655440000
2026-04-20 17:27:46.306 +05:30 [INF] SmsApi.Middleware.LoggingActionFilter | CorrelationId:5a59b68e8ea8476fb0be78ad068d70f2 | API Response: DELETE /api/academics/class-subjects/0f9500bd-d5d0-4531-8b45-bce1484bc423 | Status: 200 | Duration: 3ms
2026-04-20 17:27:46.309 +05:30 [INF] Serilog.AspNetCore.RequestLoggingMiddleware | CorrelationId:5a59b68e8ea8476fb0be78ad068d70f2 | HTTP DELETE /api/academics/class-subjects/0f9500bd-d5d0-4531-8b45-bce1484bc423 responded 204 in 7.0638 ms
2026-04-20 17:27:46.321 +05:30 [INF] SmsApi.Middleware.LoggingActionFilter | CorrelationId:f2a02ad228a2492a8d493b60ff13b06f | API Request: DELETE /api/academics/subjects/0211bec5-c414-4198-9bc6-6c8977a43469 | User: Unknown | School: 550e8400-e29b-41d4-a716-446655440000
2026-04-20 17:27:46.324 +05:30 [INF] SmsApi.Middleware.LoggingActionFilter | CorrelationId:f2a02ad228a2492a8d493b60ff13b06f | API Response: DELETE /api/academics/subjects/0211bec5-c414-4198-9bc6-6c8977a43469 | Status: 200 | Duration: 3ms
2026-04-20 17:27:46.331 +05:30 [INF] Serilog.AspNetCore.RequestLoggingMiddleware | CorrelationId:f2a02ad228a2492a8d493b60ff13b06f | HTTP DELETE /api/academics/subjects/0211bec5-c414-4198-9bc6-6c8977a43469 responded 204 in 10.2832 ms
2026-04-20 17:27:46.348 +05:30 [INF] SmsApi.Middleware.LoggingActionFilter | CorrelationId:d4c72bd8501848fc9a2ccba7c64eb383 | API Request: DELETE /api/academics/sections/ee5ed01b-b51a-40e9-bdc6-f7c78f4193d8 | User: Unknown | School: 550e8400-e29b-41d4-a716-446655440000
2026-04-20 17:27:46.351 +05:30 [INF] SmsApi.Middleware.LoggingActionFilter | CorrelationId:d4c72bd8501848fc9a2ccba7c64eb383 | API Response: DELETE /api/academics/sections/ee5ed01b-b51a-40e9-bdc6-f7c78f4193d8 | Status: 200 | Duration: 3ms
2026-04-20 17:27:46.354 +05:30 [INF] Serilog.AspNetCore.RequestLoggingMiddleware | CorrelationId:d4c72bd8501848fc9a2ccba7c64eb383 | HTTP DELETE /api/academics/sections/ee5ed01b-b51a-40e9-bdc6-f7c78f4193d8 responded 204 in 6.2781 ms
2026-04-20 17:27:46.369 +05:30 [INF] SmsApi.Middleware.LoggingActionFilter | CorrelationId:f002a651098b4eb18cebf58439fc4841 | API Request: DELETE /api/academics/classes/63647a43-b989-4148-a069-846a7f2eb0b6 | User: Unknown | School: 550e8400-e29b-41d4-a716-446655440000
2026-04-20 17:27:46.377 +05:30 [INF] SmsApi.Middleware.LoggingActionFilter | CorrelationId:f002a651098b4eb18cebf58439fc4841 | API Response: DELETE /api/academics/classes/63647a43-b989-4148-a069-846a7f2eb0b6 | Status: 200 | Duration: 7ms
2026-04-20 17:27:46.400 +05:30 [INF] Serilog.AspNetCore.RequestLoggingMiddleware | CorrelationId:f002a651098b4eb18cebf58439fc4841 | HTTP DELETE /api/academics/classes/63647a43-b989-4148-a069-846a7f2eb0b6 responded 204 in 31.3739 ms
2026-04-20 17:27:46.469 +05:30 [INF] SmsApi.Middleware.LoggingActionFilter | CorrelationId:a8104f2c941a4db69f486844fd99d552 | API Request: DELETE /api/academics/grade-tiers/029b5ea5-d9db-4802-910b-85433242a93a | User: Unknown | School: 550e8400-e29b-41d4-a716-446655440000
2026-04-20 17:27:46.472 +05:30 [INF] SmsApi.Middleware.LoggingActionFilter | CorrelationId:a8104f2c941a4db69f486844fd99d552 | API Response: DELETE /api/academics/grade-tiers/029b5ea5-d9db-4802-910b-85433242a93a | Status: 200 | Duration: 3ms
2026-04-20 17:27:46.479 +05:30 [INF] Serilog.AspNetCore.RequestLoggingMiddleware | CorrelationId:a8104f2c941a4db69f486844fd99d552 | HTTP DELETE /api/academics/grade-tiers/029b5ea5-d9db-4802-910b-85433242a93a responded 204 in 11.0880 ms
2026-04-20 17:27:46.563 +05:30 [INF] SmsApi.Middleware.LoggingActionFilter | CorrelationId:dc607d2a88a64c7bb9e792d2a20afa45 | API Request: DELETE /api/academics/exam-types/e29b4005-be9a-44c2-b2ae-a6a7ea8de489 | User: Unknown | School: 550e8400-e29b-41d4-a716-446655440000
2026-04-20 17:27:46.567 +05:30 [INF] SmsApi.Middleware.LoggingActionFilter | CorrelationId:dc607d2a88a64c7bb9e792d2a20afa45 | API Response: DELETE /api/academics/exam-types/e29b4005-be9a-44c2-b2ae-a6a7ea8de489 | Status: 200 | Duration: 3ms
2026-04-20 17:27:46.569 +05:30 [INF] Serilog.AspNetCore.RequestLoggingMiddleware | CorrelationId:dc607d2a88a64c7bb9e792d2a20afa45 | HTTP DELETE /api/academics/exam-types/e29b4005-be9a-44c2-b2ae-a6a7ea8de489 responded 204 in 7.3290 ms
2026-04-20 17:27:46.584 +05:30 [INF] SmsApi.Middleware.LoggingActionFilter | CorrelationId:1491db83513b4b3ab87dd0b953a5340e | API Request: DELETE /api/academics/subject-types/b5bc9e4f-2c3f-4e58-84e4-02d646a99e80 | User: Unknown | School: 550e8400-e29b-41d4-a716-446655440000
2026-04-20 17:27:46.589 +05:30 [INF] SmsApi.Middleware.LoggingActionFilter | CorrelationId:1491db83513b4b3ab87dd0b953a5340e | API Response: DELETE /api/academics/subject-types/b5bc9e4f-2c3f-4e58-84e4-02d646a99e80 | Status: 200 | Duration: 4ms
2026-04-20 17:27:46.591 +05:30 [INF] Serilog.AspNetCore.RequestLoggingMiddleware | CorrelationId:1491db83513b4b3ab87dd0b953a5340e | HTTP DELETE /api/academics/subject-types/b5bc9e4f-2c3f-4e58-84e4-02d646a99e80 responded 204 in 8.4581 ms
2026-04-20 17:27:46.613 +05:30 [INF] Serilog.AspNetCore.RequestLoggingMiddleware | CorrelationId:731f53d47eb64f68ae0be6374ce98ec6 | HTTP POST /api/academics/subjects responded 400 in 6.0063 ms
2026-04-20 17:27:46.630 +05:30 [INF] SmsApi.Middleware.LoggingActionFilter | CorrelationId:9fb3c57b985f48fa8a76bf722492d503 | API Request: POST /api/academics/classes | User: Unknown | School: 550e8400-e29b-41d4-a716-446655440000
2026-04-20 17:27:46.632 +05:30 [INF] SmsApi.Middleware.LoggingActionFilter | CorrelationId:9fb3c57b985f48fa8a76bf722492d503 | API Response: POST /api/academics/classes | Status: 200 | Duration: 1ms
2026-04-20 17:27:46.633 +05:30 [INF] Serilog.AspNetCore.RequestLoggingMiddleware | CorrelationId:9fb3c57b985f48fa8a76bf722492d503 | HTTP POST /api/academics/classes responded 400 in 4.7659 ms
2026-04-20 17:27:46.644 +05:30 [INF] Serilog.AspNetCore.RequestLoggingMiddleware | CorrelationId:e8b95272d47f41e4b3fb18455326502d | HTTP POST /api/academics/sections responded 400 in 2.7994 ms
2026-04-20 17:27:46.652 +05:30 [INF] Serilog.AspNetCore.RequestLoggingMiddleware | CorrelationId:b782c50bafc4470ea47ef18da95d40f5 | HTTP POST /api/academics/timetable-entries responded 404 in 3.1997 ms
2026-04-20 17:28:24.195 +05:30 [INF] SmsApi.Middleware.LoggingActionFilter | CorrelationId:becbd31662094421943284a7d7a9e935 | API Request: POST /api/auth/login | User: Unknown | School: Unknown
2026-04-20 17:28:25.064 +05:30 [INF] SmsApi.Controllers.AuthController | CorrelationId:becbd31662094421943284a7d7a9e935 | Login successful for admin (SchoolId: "550e8400-e29b-41d4-a716-446655440000")
2026-04-20 17:28:25.108 +05:30 [INF] SmsApi.Middleware.LoggingActionFilter | CorrelationId:becbd31662094421943284a7d7a9e935 | API Response: POST /api/auth/login | Status: 200 | Duration: 907ms
2026-04-20 17:28:25.128 +05:30 [INF] Serilog.AspNetCore.RequestLoggingMiddleware | CorrelationId:becbd31662094421943284a7d7a9e935 | HTTP POST /api/auth/login responded 200 in 939.3025 ms
2026-04-20 17:28:25.142 +05:30 [WRN] SmsApi.Infrastructure.Performance.PerformanceMonitoringMiddleware | CorrelationId: | Slow request: POST /api/auth/login took 931ms — status 200.
2026-04-20 17:28:25.291 +05:30 [INF] SmsApi.Middleware.LoggingActionFilter | CorrelationId:5b05ad976009413781c26985090d8365 | API Request: POST /api/academics/classes | User: Unknown | School: 550e8400-e29b-41d4-a716-446655440000
2026-04-20 17:28:25.318 +05:30 [INF] SmsApi.Middleware.LoggingActionFilter | CorrelationId:5b05ad976009413781c26985090d8365 | API Response: POST /api/academics/classes | Status: 200 | Duration: 27ms
2026-04-20 17:28:25.330 +05:30 [INF] Serilog.AspNetCore.RequestLoggingMiddleware | CorrelationId:5b05ad976009413781c26985090d8365 | HTTP POST /api/academics/classes responded 201 in 41.3685 ms
2026-04-20 17:28:25.405 +05:30 [INF] SmsApi.Middleware.LoggingActionFilter | CorrelationId:878b3342c872420cae2b3d38e4f9cf85 | API Request: POST /api/academics/classes | User: Unknown | School: 550e8400-e29b-41d4-a716-446655440000
2026-04-20 17:28:25.407 +05:30 [INF] SmsApi.Middleware.LoggingActionFilter | CorrelationId:878b3342c872420cae2b3d38e4f9cf85 | API Response: POST /api/academics/classes | Status: 200 | Duration: 2ms
2026-04-20 17:28:25.415 +05:30 [INF] Serilog.AspNetCore.RequestLoggingMiddleware | CorrelationId:878b3342c872420cae2b3d38e4f9cf85 | HTTP POST /api/academics/classes responded 400 in 11.7053 ms
2026-04-20 17:28:25.447 +05:30 [INF] SmsApi.Middleware.LoggingActionFilter | CorrelationId:c11c142fdda14bb7a86a2f17ec6685f3 | API Request: POST /api/academics/sections | User: Unknown | School: 550e8400-e29b-41d4-a716-446655440000
2026-04-20 17:28:25.454 +05:30 [INF] SmsApi.Middleware.LoggingActionFilter | CorrelationId:c11c142fdda14bb7a86a2f17ec6685f3 | API Response: POST /api/academics/sections | Status: 200 | Duration: 7ms
2026-04-20 17:28:25.461 +05:30 [INF] Serilog.AspNetCore.RequestLoggingMiddleware | CorrelationId:c11c142fdda14bb7a86a2f17ec6685f3 | HTTP POST /api/academics/sections responded 201 in 16.7528 ms
2026-04-20 17:28:25.482 +05:30 [INF] SmsApi.Middleware.LoggingActionFilter | CorrelationId:1ed03bad5f584c7ca757637bca154db5 | API Request: POST /api/academics/subjects | User: Unknown | School: 550e8400-e29b-41d4-a716-446655440000
2026-04-20 17:28:25.504 +05:30 [INF] SmsApi.Middleware.LoggingActionFilter | CorrelationId:1ed03bad5f584c7ca757637bca154db5 | API Response: POST /api/academics/subjects | Status: 200 | Duration: 21ms
2026-04-20 17:28:25.508 +05:30 [INF] Serilog.AspNetCore.RequestLoggingMiddleware | CorrelationId:1ed03bad5f584c7ca757637bca154db5 | HTTP POST /api/academics/subjects responded 201 in 34.2217 ms
2026-04-20 17:28:25.619 +05:30 [INF] SmsApi.Middleware.LoggingActionFilter | CorrelationId:6edf13bb23d442429648beb860f05a73 | API Request: POST /api/academics/subjects | User: Unknown | School: 550e8400-e29b-41d4-a716-446655440000
2026-04-20 17:28:25.626 +05:30 [INF] SmsApi.Middleware.LoggingActionFilter | CorrelationId:6edf13bb23d442429648beb860f05a73 | API Response: POST /api/academics/subjects | Status: 200 | Duration: 6ms
2026-04-20 17:28:25.633 +05:30 [INF] Serilog.AspNetCore.RequestLoggingMiddleware | CorrelationId:6edf13bb23d442429648beb860f05a73 | HTTP POST /api/academics/subjects responded 400 in 16.1637 ms
2026-04-20 17:28:25.657 +05:30 [INF] SmsApi.Middleware.LoggingActionFilter | CorrelationId:b9f680389427433081bc123fd616d839 | API Request: POST /api/academics/class-subjects | User: Unknown | School: 550e8400-e29b-41d4-a716-446655440000
2026-04-20 17:28:25.666 +05:30 [INF] SmsApi.Middleware.LoggingActionFilter | CorrelationId:b9f680389427433081bc123fd616d839 | API Response: POST /api/academics/class-subjects | Status: 200 | Duration: 9ms
2026-04-20 17:28:25.669 +05:30 [INF] Serilog.AspNetCore.RequestLoggingMiddleware | CorrelationId:b9f680389427433081bc123fd616d839 | HTTP POST /api/academics/class-subjects responded 200 in 14.0582 ms
2026-04-20 17:28:25.688 +05:30 [INF] SmsApi.Middleware.LoggingActionFilter | CorrelationId:5f26d7bee4d94036afb1d770c8708e2f | API Request: POST /api/academics/class-subjects | User: Unknown | School: 550e8400-e29b-41d4-a716-446655440000
2026-04-20 17:28:25.692 +05:30 [INF] SmsApi.Middleware.LoggingActionFilter | CorrelationId:5f26d7bee4d94036afb1d770c8708e2f | API Response: POST /api/academics/class-subjects | Status: 200 | Duration: 4ms
2026-04-20 17:28:25.696 +05:30 [INF] Serilog.AspNetCore.RequestLoggingMiddleware | CorrelationId:5f26d7bee4d94036afb1d770c8708e2f | HTTP POST /api/academics/class-subjects responded 400 in 8.7645 ms
2026-04-20 17:28:25.707 +05:30 [INF] SmsApi.Middleware.LoggingActionFilter | CorrelationId:75a8df7237d24abdbb1e7ceb87cc37e2 | API Request: POST /api/academics/academic-years | User: Unknown | School: 550e8400-e29b-41d4-a716-446655440000
2026-04-20 17:28:25.710 +05:30 [INF] SmsApi.Middleware.LoggingActionFilter | CorrelationId:75a8df7237d24abdbb1e7ceb87cc37e2 | API Response: POST /api/academics/academic-years | Status: 200 | Duration: 3ms
2026-04-20 17:28:25.719 +05:30 [INF] Serilog.AspNetCore.RequestLoggingMiddleware | CorrelationId:75a8df7237d24abdbb1e7ceb87cc37e2 | HTTP POST /api/academics/academic-years responded 201 in 13.7259 ms
2026-04-20 17:28:25.774 +05:30 [INF] SmsApi.Middleware.LoggingActionFilter | CorrelationId:a6c82296195343358b3999c2b0a87206 | API Request: POST /api/academics/academic-years | User: Unknown | School: 550e8400-e29b-41d4-a716-446655440000
2026-04-20 17:28:25.777 +05:30 [INF] SmsApi.Middleware.LoggingActionFilter | CorrelationId:a6c82296195343358b3999c2b0a87206 | API Response: POST /api/academics/academic-years | Status: 200 | Duration: 2ms
2026-04-20 17:28:25.781 +05:30 [INF] Serilog.AspNetCore.RequestLoggingMiddleware | CorrelationId:a6c82296195343358b3999c2b0a87206 | HTTP POST /api/academics/academic-years responded 400 in 7.8370 ms
2026-04-20 17:28:25.818 +05:30 [INF] SmsApi.Middleware.LoggingActionFilter | CorrelationId:c5ca35e049b5422e841ab63652d590fe | API Request: GET /api/academics/classes | User: Unknown | School: 550e8400-e29b-41d4-a716-446655440000
2026-04-20 17:28:25.842 +05:30 [INF] SmsApi.Middleware.LoggingActionFilter | CorrelationId:c5ca35e049b5422e841ab63652d590fe | API Response: GET /api/academics/classes | Status: 200 | Duration: 23ms
2026-04-20 17:28:25.848 +05:30 [INF] Serilog.AspNetCore.RequestLoggingMiddleware | CorrelationId:c5ca35e049b5422e841ab63652d590fe | HTTP GET /api/academics/classes responded 200 in 30.4638 ms
2026-04-20 17:28:25.920 +05:30 [INF] Serilog.AspNetCore.RequestLoggingMiddleware | CorrelationId:0f0c2ea489d94ff2ad1fe2b6d6afcbd0 | HTTP GET /api/academics/classes responded 401 in 0.2936 ms
2026-04-20 17:28:25.930 +05:30 [INF] SmsApi.Middleware.LoggingActionFilter | CorrelationId:60e5d7b9dfd94094bc39c1ccccc8eb61 | API Request: POST /api/academics/grade-tiers | User: Unknown | School: 550e8400-e29b-41d4-a716-446655440000
2026-04-20 17:28:25.942 +05:30 [INF] SmsApi.Middleware.LoggingActionFilter | CorrelationId:60e5d7b9dfd94094bc39c1ccccc8eb61 | API Response: POST /api/academics/grade-tiers | Status: 200 | Duration: 12ms
2026-04-20 17:28:25.951 +05:30 [INF] Serilog.AspNetCore.RequestLoggingMiddleware | CorrelationId:60e5d7b9dfd94094bc39c1ccccc8eb61 | HTTP POST /api/academics/grade-tiers responded 200 in 23.1070 ms
2026-04-20 17:28:25.981 +05:30 [INF] Serilog.AspNetCore.RequestLoggingMiddleware | CorrelationId:59292c6160ac4fa6a48017896b415a9d | HTTP POST /api/academics/grade-tiers responded 400 in 8.0180 ms
2026-04-20 17:28:26.034 +05:30 [INF] SmsApi.Middleware.LoggingActionFilter | CorrelationId:39b418246f464762a6c5d0c179fcbaea | API Request: POST /api/academics/exam-types | User: Unknown | School: 550e8400-e29b-41d4-a716-446655440000
2026-04-20 17:28:26.041 +05:30 [INF] SmsApi.Middleware.LoggingActionFilter | CorrelationId:39b418246f464762a6c5d0c179fcbaea | API Response: POST /api/academics/exam-types | Status: 200 | Duration: 6ms
2026-04-20 17:28:26.045 +05:30 [INF] Serilog.AspNetCore.RequestLoggingMiddleware | CorrelationId:39b418246f464762a6c5d0c179fcbaea | HTTP POST /api/academics/exam-types responded 201 in 10.9000 ms
2026-04-20 17:28:26.081 +05:30 [INF] SmsApi.Middleware.LoggingActionFilter | CorrelationId:94e3ccebf26b4cf4823f52f8946fb2a6 | API Request: POST /api/academics/exam-types | User: Unknown | School: 550e8400-e29b-41d4-a716-446655440000
2026-04-20 17:28:26.083 +05:30 [INF] SmsApi.Middleware.LoggingActionFilter | CorrelationId:94e3ccebf26b4cf4823f52f8946fb2a6 | API Response: POST /api/academics/exam-types | Status: 200 | Duration: 2ms
2026-04-20 17:28:26.089 +05:30 [INF] Serilog.AspNetCore.RequestLoggingMiddleware | CorrelationId:94e3ccebf26b4cf4823f52f8946fb2a6 | HTTP POST /api/academics/exam-types responded 400 in 8.9775 ms
2026-04-20 17:28:26.130 +05:30 [INF] SmsApi.Middleware.LoggingActionFilter | CorrelationId:19f73a16044641f289d7374a432d84a0 | API Request: POST /api/academics/subject-types | User: Unknown | School: 550e8400-e29b-41d4-a716-446655440000
2026-04-20 17:28:26.141 +05:30 [INF] SmsApi.Middleware.LoggingActionFilter | CorrelationId:19f73a16044641f289d7374a432d84a0 | API Response: POST /api/academics/subject-types | Status: 200 | Duration: 10ms
2026-04-20 17:28:26.143 +05:30 [INF] Serilog.AspNetCore.RequestLoggingMiddleware | CorrelationId:19f73a16044641f289d7374a432d84a0 | HTTP POST /api/academics/subject-types responded 201 in 14.3304 ms
2026-04-20 17:28:26.166 +05:30 [INF] SmsApi.Middleware.LoggingActionFilter | CorrelationId:04d881152f504ef99f258353937323e7 | API Request: GET /api/academics/classes/fbcb6165-983a-4a85-b9b1-bf41bc3734bc/grade-tiers | User: Unknown | School: 550e8400-e29b-41d4-a716-446655440000
2026-04-20 17:28:26.169 +05:30 [INF] SmsApi.Middleware.LoggingActionFilter | CorrelationId:04d881152f504ef99f258353937323e7 | API Response: GET /api/academics/classes/fbcb6165-983a-4a85-b9b1-bf41bc3734bc/grade-tiers | Status: 200 | Duration: 3ms
2026-04-20 17:28:26.170 +05:30 [INF] Serilog.AspNetCore.RequestLoggingMiddleware | CorrelationId:04d881152f504ef99f258353937323e7 | HTTP GET /api/academics/classes/fbcb6165-983a-4a85-b9b1-bf41bc3734bc/grade-tiers responded 200 in 4.9028 ms
2026-04-20 17:28:26.188 +05:30 [INF] SmsApi.Middleware.LoggingActionFilter | CorrelationId:f4df463dffaf4bfd88b460a5d7d9e9ac | API Request: GET /api/academics/exam-types | User: Unknown | School: 550e8400-e29b-41d4-a716-446655440000
2026-04-20 17:28:26.190 +05:30 [INF] SmsApi.Middleware.LoggingActionFilter | CorrelationId:f4df463dffaf4bfd88b460a5d7d9e9ac | API Response: GET /api/academics/exam-types | Status: 200 | Duration: 2ms
2026-04-20 17:28:26.194 +05:30 [INF] Serilog.AspNetCore.RequestLoggingMiddleware | CorrelationId:f4df463dffaf4bfd88b460a5d7d9e9ac | HTTP GET /api/academics/exam-types responded 200 in 6.5940 ms
2026-04-20 17:28:26.212 +05:30 [INF] SmsApi.Middleware.LoggingActionFilter | CorrelationId:84c18dc087a04ab6857b18f1e23ada56 | API Request: GET /api/academics/exam-types/c76f639e-7290-4527-9d3e-c92c278057d3 | User: Unknown | School: 550e8400-e29b-41d4-a716-446655440000
2026-04-20 17:28:26.215 +05:30 [INF] SmsApi.Middleware.LoggingActionFilter | CorrelationId:84c18dc087a04ab6857b18f1e23ada56 | API Response: GET /api/academics/exam-types/c76f639e-7290-4527-9d3e-c92c278057d3 | Status: 200 | Duration: 2ms
2026-04-20 17:28:26.216 +05:30 [INF] Serilog.AspNetCore.RequestLoggingMiddleware | CorrelationId:84c18dc087a04ab6857b18f1e23ada56 | HTTP GET /api/academics/exam-types/c76f639e-7290-4527-9d3e-c92c278057d3 responded 200 in 4.4706 ms
2026-04-20 17:28:26.233 +05:30 [INF] SmsApi.Middleware.LoggingActionFilter | CorrelationId:2001cfbd5fdd43759eb8afce9af828c5 | API Request: GET /api/academics/subject-types | User: Unknown | School: 550e8400-e29b-41d4-a716-446655440000
2026-04-20 17:28:26.235 +05:30 [INF] SmsApi.Middleware.LoggingActionFilter | CorrelationId:2001cfbd5fdd43759eb8afce9af828c5 | API Response: GET /api/academics/subject-types | Status: 200 | Duration: 2ms
2026-04-20 17:28:26.236 +05:30 [INF] Serilog.AspNetCore.RequestLoggingMiddleware | CorrelationId:2001cfbd5fdd43759eb8afce9af828c5 | HTTP GET /api/academics/subject-types responded 200 in 3.3683 ms
2026-04-20 17:28:26.253 +05:30 [INF] SmsApi.Middleware.LoggingActionFilter | CorrelationId:eed47d2c4aeb4d8481e3e5f5e9ba2dc0 | API Request: GET /api/academics/subject-types/7b233451-f074-408c-a3f8-f5735e9c3524 | User: Unknown | School: 550e8400-e29b-41d4-a716-446655440000
2026-04-20 17:28:26.255 +05:30 [INF] SmsApi.Middleware.LoggingActionFilter | CorrelationId:eed47d2c4aeb4d8481e3e5f5e9ba2dc0 | API Response: GET /api/academics/subject-types/7b233451-f074-408c-a3f8-f5735e9c3524 | Status: 200 | Duration: 2ms
2026-04-20 17:28:26.256 +05:30 [INF] Serilog.AspNetCore.RequestLoggingMiddleware | CorrelationId:eed47d2c4aeb4d8481e3e5f5e9ba2dc0 | HTTP GET /api/academics/subject-types/7b233451-f074-408c-a3f8-f5735e9c3524 responded 200 in 3.5433 ms
2026-04-20 17:28:26.291 +05:30 [INF] Serilog.AspNetCore.RequestLoggingMiddleware | CorrelationId:f4921934da934490a38a6c300548358c | HTTP POST /api/academics/teacher-assignments responded 400 in 6.1695 ms
2026-04-20 17:28:26.301 +05:30 [INF] SmsApi.Middleware.LoggingActionFilter | CorrelationId:262153dfc31c452b86ea23031f042d71 | API Request: GET /api/academics/teacher-assignments | User: Unknown | School: 550e8400-e29b-41d4-a716-446655440000
2026-04-20 17:28:26.304 +05:30 [INF] SmsApi.Middleware.LoggingActionFilter | CorrelationId:262153dfc31c452b86ea23031f042d71 | API Response: GET /api/academics/teacher-assignments | Status: 200 | Duration: 3ms
2026-04-20 17:28:26.306 +05:30 [INF] Serilog.AspNetCore.RequestLoggingMiddleware | CorrelationId:262153dfc31c452b86ea23031f042d71 | HTTP GET /api/academics/teacher-assignments responded 200 in 6.1618 ms
2026-04-20 17:28:26.348 +05:30 [INF] SmsApi.Middleware.LoggingActionFilter | CorrelationId:131f2809df34439ba8917817b3e8007d | API Request: POST /api/academics/students/subjects | User: Unknown | School: 550e8400-e29b-41d4-a716-446655440000
2026-04-20 17:28:26.359 +05:30 [INF] SmsApi.Middleware.LoggingActionFilter | CorrelationId:131f2809df34439ba8917817b3e8007d | API Response: POST /api/academics/students/subjects | Status: 200 | Duration: 10ms
2026-04-20 17:28:26.362 +05:30 [INF] Serilog.AspNetCore.RequestLoggingMiddleware | CorrelationId:131f2809df34439ba8917817b3e8007d | HTTP POST /api/academics/students/subjects responded 404 in 15.1138 ms
2026-04-20 17:28:26.447 +05:30 [INF] SmsApi.Middleware.LoggingActionFilter | CorrelationId:877b292b58c549398a822e5fe3e42800 | API Request: GET /api/academics/students/00000000-0000-0000-0000-000000000002/subjects | User: Unknown | School: 550e8400-e29b-41d4-a716-446655440000
2026-04-20 17:28:26.451 +05:30 [INF] SmsApi.Middleware.LoggingActionFilter | CorrelationId:877b292b58c549398a822e5fe3e42800 | API Response: GET /api/academics/students/00000000-0000-0000-0000-000000000002/subjects | Status: 200 | Duration: 4ms
2026-04-20 17:28:26.455 +05:30 [INF] Serilog.AspNetCore.RequestLoggingMiddleware | CorrelationId:877b292b58c549398a822e5fe3e42800 | HTTP GET /api/academics/students/00000000-0000-0000-0000-000000000002/subjects responded 200 in 8.8501 ms
2026-04-20 17:28:26.483 +05:30 [INF] SmsApi.Middleware.LoggingActionFilter | CorrelationId:79fa618214e14e3bbf2659ba1909f102 | API Request: POST /api/academics/timetable | User: Unknown | School: 550e8400-e29b-41d4-a716-446655440000
2026-04-20 17:28:26.491 +05:30 [INF] SmsApi.Middleware.LoggingActionFilter | CorrelationId:79fa618214e14e3bbf2659ba1909f102 | API Response: POST /api/academics/timetable | Status: 200 | Duration: 7ms
2026-04-20 17:28:26.499 +05:30 [INF] Serilog.AspNetCore.RequestLoggingMiddleware | CorrelationId:79fa618214e14e3bbf2659ba1909f102 | HTTP POST /api/academics/timetable responded 200 in 17.0111 ms
2026-04-20 17:28:26.524 +05:30 [INF] SmsApi.Middleware.LoggingActionFilter | CorrelationId:e7c9dac7d1cd417895310db28dd970c3 | API Request: POST /api/academics/timetable | User: Unknown | School: 550e8400-e29b-41d4-a716-446655440000
2026-04-20 17:28:26.537 +05:30 [INF] SmsApi.Middleware.LoggingActionFilter | CorrelationId:e7c9dac7d1cd417895310db28dd970c3 | API Response: POST /api/academics/timetable | Status: 200 | Duration: 12ms
2026-04-20 17:28:26.541 +05:30 [INF] Serilog.AspNetCore.RequestLoggingMiddleware | CorrelationId:e7c9dac7d1cd417895310db28dd970c3 | HTTP POST /api/academics/timetable responded 400 in 17.5357 ms
2026-04-20 17:28:26.552 +05:30 [INF] SmsApi.Middleware.LoggingActionFilter | CorrelationId:36fc9ef2f7b1456880741544b30d17fb | API Request: POST /api/academics/timetable | User: Unknown | School: 550e8400-e29b-41d4-a716-446655440000
2026-04-20 17:28:26.557 +05:30 [INF] SmsApi.Middleware.LoggingActionFilter | CorrelationId:36fc9ef2f7b1456880741544b30d17fb | API Response: POST /api/academics/timetable | Status: 200 | Duration: 4ms
2026-04-20 17:28:26.561 +05:30 [INF] Serilog.AspNetCore.RequestLoggingMiddleware | CorrelationId:36fc9ef2f7b1456880741544b30d17fb | HTTP POST /api/academics/timetable responded 400 in 10.8001 ms
2026-04-20 17:28:26.574 +05:30 [INF] SmsApi.Middleware.LoggingActionFilter | CorrelationId:2b02988f07224d2f8255aabc9be6e49b | API Request: GET /api/academics/sections/05e9f658-e84d-4c2d-be49-c0531a6221e1/timetable | User: Unknown | School: 550e8400-e29b-41d4-a716-446655440000
2026-04-20 17:28:26.578 +05:30 [INF] SmsApi.Middleware.LoggingActionFilter | CorrelationId:2b02988f07224d2f8255aabc9be6e49b | API Response: GET /api/academics/sections/05e9f658-e84d-4c2d-be49-c0531a6221e1/timetable | Status: 200 | Duration: 4ms
2026-04-20 17:28:26.581 +05:30 [INF] Serilog.AspNetCore.RequestLoggingMiddleware | CorrelationId:2b02988f07224d2f8255aabc9be6e49b | HTTP GET /api/academics/sections/05e9f658-e84d-4c2d-be49-c0531a6221e1/timetable responded 200 in 7.7643 ms
2026-04-20 17:28:26.610 +05:30 [INF] SmsApi.Middleware.LoggingActionFilter | CorrelationId:515b958fe0004e70b6284428c329ac3f | API Request: POST /api/academics/classes/settings | User: Unknown | School: 550e8400-e29b-41d4-a716-446655440000
2026-04-20 17:28:26.616 +05:30 [INF] SmsApi.Middleware.LoggingActionFilter | CorrelationId:515b958fe0004e70b6284428c329ac3f | API Response: POST /api/academics/classes/settings | Status: 200 | Duration: 5ms
2026-04-20 17:28:26.619 +05:30 [INF] Serilog.AspNetCore.RequestLoggingMiddleware | CorrelationId:515b958fe0004e70b6284428c329ac3f | HTTP POST /api/academics/classes/settings responded 201 in 10.2433 ms
2026-04-20 17:28:26.648 +05:30 [INF] Serilog.AspNetCore.RequestLoggingMiddleware | CorrelationId:fc4b713d185e4a81b5aabcb5ec238c08 | HTTP POST /api/academics/classes/settings responded 400 in 3.8405 ms
2026-04-20 17:28:26.711 +05:30 [INF] SmsApi.Middleware.LoggingActionFilter | CorrelationId:cbaa87d0bb8f4478b968227e06a94988 | API Request: PUT /api/academics/classes/settings/af9dc814-179d-4252-b856-161486fb70ea | User: Unknown | School: 550e8400-e29b-41d4-a716-446655440000
2026-04-20 17:28:26.716 +05:30 [INF] SmsApi.Middleware.LoggingActionFilter | CorrelationId:cbaa87d0bb8f4478b968227e06a94988 | API Response: PUT /api/academics/classes/settings/af9dc814-179d-4252-b856-161486fb70ea | Status: 200 | Duration: 5ms
2026-04-20 17:28:26.726 +05:30 [INF] Serilog.AspNetCore.RequestLoggingMiddleware | CorrelationId:cbaa87d0bb8f4478b968227e06a94988 | HTTP PUT /api/academics/classes/settings/af9dc814-179d-4252-b856-161486fb70ea responded 200 in 16.0505 ms
2026-04-20 17:28:26.783 +05:30 [INF] SmsApi.Middleware.LoggingActionFilter | CorrelationId:7dc620fa7dc04b23918a904290932791 | API Request: GET /api/academics/classes/fbcb6165-983a-4a85-b9b1-bf41bc3734bc/settings | User: Unknown | School: 550e8400-e29b-41d4-a716-446655440000
2026-04-20 17:28:26.788 +05:30 [INF] SmsApi.Middleware.LoggingActionFilter | CorrelationId:7dc620fa7dc04b23918a904290932791 | API Response: GET /api/academics/classes/fbcb6165-983a-4a85-b9b1-bf41bc3734bc/settings | Status: 200 | Duration: 4ms
2026-04-20 17:28:26.791 +05:30 [INF] Serilog.AspNetCore.RequestLoggingMiddleware | CorrelationId:7dc620fa7dc04b23918a904290932791 | HTTP GET /api/academics/classes/fbcb6165-983a-4a85-b9b1-bf41bc3734bc/settings responded 200 in 8.5891 ms
2026-04-20 17:28:26.852 +05:30 [INF] SmsApi.Middleware.LoggingActionFilter | CorrelationId:299ae8ec3bae4084abc7fd8af407e049 | API Request: GET /api/academics/classes | User: Unknown | School: 550e8400-e29b-41d4-a716-446655440000
2026-04-20 17:28:26.870 +05:30 [INF] SmsApi.Middleware.LoggingActionFilter | CorrelationId:299ae8ec3bae4084abc7fd8af407e049 | API Response: GET /api/academics/classes | Status: 200 | Duration: 17ms
2026-04-20 17:28:26.873 +05:30 [INF] Serilog.AspNetCore.RequestLoggingMiddleware | CorrelationId:299ae8ec3bae4084abc7fd8af407e049 | HTTP GET /api/academics/classes responded 200 in 23.9065 ms
2026-04-20 17:28:26.892 +05:30 [INF] SmsApi.Middleware.LoggingActionFilter | CorrelationId:7d336ac863a64319a15b67e4f974ec18 | API Request: GET /api/academics/sections | User: Unknown | School: 550e8400-e29b-41d4-a716-446655440000
2026-04-20 17:28:26.915 +05:30 [INF] SmsApi.Middleware.LoggingActionFilter | CorrelationId:7d336ac863a64319a15b67e4f974ec18 | API Response: GET /api/academics/sections | Status: 200 | Duration: 23ms
2026-04-20 17:28:26.916 +05:30 [INF] Serilog.AspNetCore.RequestLoggingMiddleware | CorrelationId:7d336ac863a64319a15b67e4f974ec18 | HTTP GET /api/academics/sections responded 200 in 25.2996 ms
2026-04-20 17:28:26.938 +05:30 [INF] SmsApi.Middleware.LoggingActionFilter | CorrelationId:c4054a298f2841a3b450ceb116f70343 | API Request: GET /api/academics/sections/05e9f658-e84d-4c2d-be49-c0531a6221e1 | User: Unknown | School: 550e8400-e29b-41d4-a716-446655440000
2026-04-20 17:28:26.947 +05:30 [INF] SmsApi.Middleware.LoggingActionFilter | CorrelationId:c4054a298f2841a3b450ceb116f70343 | API Response: GET /api/academics/sections/05e9f658-e84d-4c2d-be49-c0531a6221e1 | Status: 200 | Duration: 9ms
2026-04-20 17:28:26.948 +05:30 [INF] Serilog.AspNetCore.RequestLoggingMiddleware | CorrelationId:c4054a298f2841a3b450ceb116f70343 | HTTP GET /api/academics/sections/05e9f658-e84d-4c2d-be49-c0531a6221e1 responded 200 in 11.0893 ms
2026-04-20 17:28:26.964 +05:30 [INF] SmsApi.Middleware.LoggingActionFilter | CorrelationId:399970f3f7be4e35a8b1046fc9029558 | API Request: GET /api/academics/subjects | User: Unknown | School: 550e8400-e29b-41d4-a716-446655440000
2026-04-20 17:28:26.973 +05:30 [INF] SmsApi.Middleware.LoggingActionFilter | CorrelationId:399970f3f7be4e35a8b1046fc9029558 | API Response: GET /api/academics/subjects | Status: 200 | Duration: 8ms
2026-04-20 17:28:26.978 +05:30 [INF] Serilog.AspNetCore.RequestLoggingMiddleware | CorrelationId:399970f3f7be4e35a8b1046fc9029558 | HTTP GET /api/academics/subjects responded 200 in 14.0581 ms
2026-04-20 17:28:27.041 +05:30 [INF] SmsApi.Middleware.LoggingActionFilter | CorrelationId:1531666c65844274a650f4dffd73d031 | API Request: GET /api/academics/subjects/9ae42143-329a-4b4d-b780-7b489afcd4e3 | User: Unknown | School: 550e8400-e29b-41d4-a716-446655440000
2026-04-20 17:28:27.050 +05:30 [INF] SmsApi.Middleware.LoggingActionFilter | CorrelationId:1531666c65844274a650f4dffd73d031 | API Response: GET /api/academics/subjects/9ae42143-329a-4b4d-b780-7b489afcd4e3 | Status: 200 | Duration: 8ms
2026-04-20 17:28:27.053 +05:30 [INF] Serilog.AspNetCore.RequestLoggingMiddleware | CorrelationId:1531666c65844274a650f4dffd73d031 | HTTP GET /api/academics/subjects/9ae42143-329a-4b4d-b780-7b489afcd4e3 responded 200 in 12.0325 ms
2026-04-20 17:28:27.099 +05:30 [INF] SmsApi.Middleware.LoggingActionFilter | CorrelationId:40c04d755c924644af980ef0e4964554 | API Request: GET /api/academics/academic-years | User: Unknown | School: 550e8400-e29b-41d4-a716-446655440000
2026-04-20 17:28:27.109 +05:30 [INF] SmsApi.Middleware.LoggingActionFilter | CorrelationId:40c04d755c924644af980ef0e4964554 | API Response: GET /api/academics/academic-years | Status: 200 | Duration: 9ms
2026-04-20 17:28:27.114 +05:30 [INF] Serilog.AspNetCore.RequestLoggingMiddleware | CorrelationId:40c04d755c924644af980ef0e4964554 | HTTP GET /api/academics/academic-years responded 200 in 14.8773 ms
2026-04-20 17:28:27.141 +05:30 [INF] SmsApi.Middleware.LoggingActionFilter | CorrelationId:94e43a8757c14d73a5fa6b19c34a80a3 | API Request: PUT /api/academics/grade-tiers/47ce94b9-02f7-4716-885b-e53f45567b20 | User: Unknown | School: 550e8400-e29b-41d4-a716-446655440000
2026-04-20 17:28:27.154 +05:30 [INF] SmsApi.Middleware.LoggingActionFilter | CorrelationId:94e43a8757c14d73a5fa6b19c34a80a3 | API Response: PUT /api/academics/grade-tiers/47ce94b9-02f7-4716-885b-e53f45567b20 | Status: 200 | Duration: 13ms
2026-04-20 17:28:27.157 +05:30 [INF] Serilog.AspNetCore.RequestLoggingMiddleware | CorrelationId:94e43a8757c14d73a5fa6b19c34a80a3 | HTTP PUT /api/academics/grade-tiers/47ce94b9-02f7-4716-885b-e53f45567b20 responded 200 in 16.7083 ms
2026-04-20 17:28:27.176 +05:30 [INF] SmsApi.Middleware.LoggingActionFilter | CorrelationId:88cf993498ca4e5c8df2e8f946d1c3e5 | API Request: PUT /api/academics/exam-types/c76f639e-7290-4527-9d3e-c92c278057d3 | User: Unknown | School: 550e8400-e29b-41d4-a716-446655440000
2026-04-20 17:28:27.183 +05:30 [INF] SmsApi.Middleware.LoggingActionFilter | CorrelationId:88cf993498ca4e5c8df2e8f946d1c3e5 | API Response: PUT /api/academics/exam-types/c76f639e-7290-4527-9d3e-c92c278057d3 | Status: 200 | Duration: 6ms
2026-04-20 17:28:27.186 +05:30 [INF] Serilog.AspNetCore.RequestLoggingMiddleware | CorrelationId:88cf993498ca4e5c8df2e8f946d1c3e5 | HTTP PUT /api/academics/exam-types/c76f639e-7290-4527-9d3e-c92c278057d3 responded 200 in 10.6728 ms
2026-04-20 17:28:27.214 +05:30 [INF] SmsApi.Middleware.LoggingActionFilter | CorrelationId:ed1c2439d3584fcabcf1d261ab3b44f5 | API Request: PUT /api/academics/subject-types/7b233451-f074-408c-a3f8-f5735e9c3524 | User: Unknown | School: 550e8400-e29b-41d4-a716-446655440000
2026-04-20 17:28:27.219 +05:30 [INF] SmsApi.Middleware.LoggingActionFilter | CorrelationId:ed1c2439d3584fcabcf1d261ab3b44f5 | API Response: PUT /api/academics/subject-types/7b233451-f074-408c-a3f8-f5735e9c3524 | Status: 200 | Duration: 5ms
2026-04-20 17:28:27.225 +05:30 [INF] Serilog.AspNetCore.RequestLoggingMiddleware | CorrelationId:ed1c2439d3584fcabcf1d261ab3b44f5 | HTTP PUT /api/academics/subject-types/7b233451-f074-408c-a3f8-f5735e9c3524 responded 200 in 11.7338 ms
2026-04-20 17:28:27.280 +05:30 [INF] SmsApi.Middleware.LoggingActionFilter | CorrelationId:ff027b629dc541fc8fb7ba1354728643 | API Request: DELETE /api/academics/timetable/2eb1ffae-9eb0-4038-955d-14cf99bff7b9 | User: Unknown | School: 550e8400-e29b-41d4-a716-446655440000
2026-04-20 17:28:27.289 +05:30 [INF] SmsApi.Middleware.LoggingActionFilter | CorrelationId:ff027b629dc541fc8fb7ba1354728643 | API Response: DELETE /api/academics/timetable/2eb1ffae-9eb0-4038-955d-14cf99bff7b9 | Status: 200 | Duration: 9ms
2026-04-20 17:28:27.291 +05:30 [INF] Serilog.AspNetCore.RequestLoggingMiddleware | CorrelationId:ff027b629dc541fc8fb7ba1354728643 | HTTP DELETE /api/academics/timetable/2eb1ffae-9eb0-4038-955d-14cf99bff7b9 responded 204 in 13.3064 ms
2026-04-20 17:28:27.723 +05:30 [INF] SmsApi.Middleware.LoggingActionFilter | CorrelationId:8894a4c89f4e412cbc1ead11b6e92ec4 | API Request: DELETE /api/academics/timetable/99999999-9999-9999-9999-999999999999 | User: Unknown | School: 550e8400-e29b-41d4-a716-446655440000
2026-04-20 17:28:27.761 +05:30 [INF] SmsApi.Middleware.LoggingActionFilter | CorrelationId:8894a4c89f4e412cbc1ead11b6e92ec4 | API Response: DELETE /api/academics/timetable/99999999-9999-9999-9999-999999999999 | Status: 200 | Duration: 37ms
2026-04-20 17:28:27.775 +05:30 [INF] Serilog.AspNetCore.RequestLoggingMiddleware | CorrelationId:8894a4c89f4e412cbc1ead11b6e92ec4 | HTTP DELETE /api/academics/timetable/99999999-9999-9999-9999-999999999999 responded 404 in 52.0376 ms
2026-04-20 17:28:27.971 +05:30 [INF] SmsApi.Middleware.LoggingActionFilter | CorrelationId:48420beab7864f13b9df126dffd97f42 | API Request: DELETE /api/academics/class-subjects/e1df7e45-2cbc-476d-bf8e-ac52eb2d9e6f | User: Unknown | School: 550e8400-e29b-41d4-a716-446655440000
2026-04-20 17:28:27.979 +05:30 [INF] SmsApi.Middleware.LoggingActionFilter | CorrelationId:48420beab7864f13b9df126dffd97f42 | API Response: DELETE /api/academics/class-subjects/e1df7e45-2cbc-476d-bf8e-ac52eb2d9e6f | Status: 200 | Duration: 8ms
2026-04-20 17:28:27.981 +05:30 [INF] Serilog.AspNetCore.RequestLoggingMiddleware | CorrelationId:48420beab7864f13b9df126dffd97f42 | HTTP DELETE /api/academics/class-subjects/e1df7e45-2cbc-476d-bf8e-ac52eb2d9e6f responded 204 in 10.5670 ms
2026-04-20 17:28:27.994 +05:30 [INF] SmsApi.Middleware.LoggingActionFilter | CorrelationId:fdccb237793f47879dea3d4cf81114c9 | API Request: DELETE /api/academics/subjects/9ae42143-329a-4b4d-b780-7b489afcd4e3 | User: Unknown | School: 550e8400-e29b-41d4-a716-446655440000
2026-04-20 17:28:27.999 +05:30 [INF] SmsApi.Middleware.LoggingActionFilter | CorrelationId:fdccb237793f47879dea3d4cf81114c9 | API Response: DELETE /api/academics/subjects/9ae42143-329a-4b4d-b780-7b489afcd4e3 | Status: 200 | Duration: 5ms
2026-04-20 17:28:28.002 +05:30 [INF] Serilog.AspNetCore.RequestLoggingMiddleware | CorrelationId:fdccb237793f47879dea3d4cf81114c9 | HTTP DELETE /api/academics/subjects/9ae42143-329a-4b4d-b780-7b489afcd4e3 responded 204 in 8.5222 ms
2026-04-20 17:28:28.019 +05:30 [INF] SmsApi.Middleware.LoggingActionFilter | CorrelationId:84078295b4594aa3bee9e24350f1b541 | API Request: DELETE /api/academics/sections/05e9f658-e84d-4c2d-be49-c0531a6221e1 | User: Unknown | School: 550e8400-e29b-41d4-a716-446655440000
2026-04-20 17:28:28.024 +05:30 [INF] SmsApi.Middleware.LoggingActionFilter | CorrelationId:84078295b4594aa3bee9e24350f1b541 | API Response: DELETE /api/academics/sections/05e9f658-e84d-4c2d-be49-c0531a6221e1 | Status: 200 | Duration: 4ms
2026-04-20 17:28:28.030 +05:30 [INF] Serilog.AspNetCore.RequestLoggingMiddleware | CorrelationId:84078295b4594aa3bee9e24350f1b541 | HTTP DELETE /api/academics/sections/05e9f658-e84d-4c2d-be49-c0531a6221e1 responded 204 in 11.9552 ms
2026-04-20 17:28:28.108 +05:30 [INF] SmsApi.Middleware.LoggingActionFilter | CorrelationId:9a7709e517154be6b76f050ea67e8c20 | API Request: DELETE /api/academics/classes/fbcb6165-983a-4a85-b9b1-bf41bc3734bc | User: Unknown | School: 550e8400-e29b-41d4-a716-446655440000
2026-04-20 17:28:28.120 +05:30 [INF] SmsApi.Middleware.LoggingActionFilter | CorrelationId:9a7709e517154be6b76f050ea67e8c20 | API Response: DELETE /api/academics/classes/fbcb6165-983a-4a85-b9b1-bf41bc3734bc | Status: 200 | Duration: 12ms
2026-04-20 17:28:28.125 +05:30 [INF] Serilog.AspNetCore.RequestLoggingMiddleware | CorrelationId:9a7709e517154be6b76f050ea67e8c20 | HTTP DELETE /api/academics/classes/fbcb6165-983a-4a85-b9b1-bf41bc3734bc responded 204 in 17.7880 ms
2026-04-20 17:28:28.188 +05:30 [INF] SmsApi.Middleware.LoggingActionFilter | CorrelationId:8f262a62c92142a08d6d896fa952b327 | API Request: DELETE /api/academics/grade-tiers/47ce94b9-02f7-4716-885b-e53f45567b20 | User: Unknown | School: 550e8400-e29b-41d4-a716-446655440000
2026-04-20 17:28:28.193 +05:30 [INF] SmsApi.Middleware.LoggingActionFilter | CorrelationId:8f262a62c92142a08d6d896fa952b327 | API Response: DELETE /api/academics/grade-tiers/47ce94b9-02f7-4716-885b-e53f45567b20 | Status: 200 | Duration: 4ms
2026-04-20 17:28:28.198 +05:30 [INF] Serilog.AspNetCore.RequestLoggingMiddleware | CorrelationId:8f262a62c92142a08d6d896fa952b327 | HTTP DELETE /api/academics/grade-tiers/47ce94b9-02f7-4716-885b-e53f45567b20 responded 204 in 10.2018 ms
2026-04-20 17:28:28.209 +05:30 [INF] SmsApi.Middleware.LoggingActionFilter | CorrelationId:5d98ae32a2954c48a3a303c1fc06748b | API Request: DELETE /api/academics/exam-types/c76f639e-7290-4527-9d3e-c92c278057d3 | User: Unknown | School: 550e8400-e29b-41d4-a716-446655440000
2026-04-20 17:28:28.214 +05:30 [INF] SmsApi.Middleware.LoggingActionFilter | CorrelationId:5d98ae32a2954c48a3a303c1fc06748b | API Response: DELETE /api/academics/exam-types/c76f639e-7290-4527-9d3e-c92c278057d3 | Status: 200 | Duration: 4ms
2026-04-20 17:28:28.215 +05:30 [INF] Serilog.AspNetCore.RequestLoggingMiddleware | CorrelationId:5d98ae32a2954c48a3a303c1fc06748b | HTTP DELETE /api/academics/exam-types/c76f639e-7290-4527-9d3e-c92c278057d3 responded 204 in 7.1144 ms
2026-04-20 17:28:28.229 +05:30 [INF] SmsApi.Middleware.LoggingActionFilter | CorrelationId:02553d2239534cd79b76244200bf82f0 | API Request: DELETE /api/academics/subject-types/7b233451-f074-408c-a3f8-f5735e9c3524 | User: Unknown | School: 550e8400-e29b-41d4-a716-446655440000
2026-04-20 17:28:28.233 +05:30 [INF] SmsApi.Middleware.LoggingActionFilter | CorrelationId:02553d2239534cd79b76244200bf82f0 | API Response: DELETE /api/academics/subject-types/7b233451-f074-408c-a3f8-f5735e9c3524 | Status: 200 | Duration: 4ms
2026-04-20 17:28:28.236 +05:30 [INF] Serilog.AspNetCore.RequestLoggingMiddleware | CorrelationId:02553d2239534cd79b76244200bf82f0 | HTTP DELETE /api/academics/subject-types/7b233451-f074-408c-a3f8-f5735e9c3524 responded 204 in 8.0241 ms
2026-04-20 17:28:28.258 +05:30 [INF] Serilog.AspNetCore.RequestLoggingMiddleware | CorrelationId:a2fb4ebba1eb4007b87ae060ff041237 | HTTP POST /api/academics/subjects responded 400 in 2.6224 ms
2026-04-20 17:28:28.270 +05:30 [INF] SmsApi.Middleware.LoggingActionFilter | CorrelationId:a32e00fdd6e2423684f417398b92ac26 | API Request: POST /api/academics/classes | User: Unknown | School: 550e8400-e29b-41d4-a716-446655440000
2026-04-20 17:28:28.271 +05:30 [INF] SmsApi.Middleware.LoggingActionFilter | CorrelationId:a32e00fdd6e2423684f417398b92ac26 | API Response: POST /api/academics/classes | Status: 200 | Duration: 1ms
2026-04-20 17:28:28.276 +05:30 [INF] Serilog.AspNetCore.RequestLoggingMiddleware | CorrelationId:a32e00fdd6e2423684f417398b92ac26 | HTTP POST /api/academics/classes responded 400 in 7.5147 ms
2026-04-20 17:28:28.318 +05:30 [INF] Serilog.AspNetCore.RequestLoggingMiddleware | CorrelationId:a872a16a3c50493188fcb81e7d2e03d8 | HTTP POST /api/academics/sections responded 400 in 6.4381 ms
2026-04-20 17:28:28.360 +05:30 [INF] Serilog.AspNetCore.RequestLoggingMiddleware | CorrelationId:1d501d6124024e88b0a0f390436710c4 | HTTP POST /api/academics/timetable-entries responded 404 in 5.2105 ms
2026-04-20 17:31:56.538 +05:30 [INF] Serilog.AspNetCore.RequestLoggingMiddleware | CorrelationId:04ac115212ce40deb4a81d7654e0b47c | HTTP OPTIONS /api/staff responded 204 in 12.8279 ms
2026-04-20 17:31:56.538 +05:30 [INF] Serilog.AspNetCore.RequestLoggingMiddleware | CorrelationId:0bfa5b6dd0924ba4a3b16e9162a8afb9 | HTTP OPTIONS /api/staff responded 204 in 12.8283 ms
2026-04-20 17:31:56.765 +05:30 [INF] SmsApi.Middleware.LoggingActionFilter | CorrelationId:21f5a7cd786249e69078720d41da057d | API Request: GET /api/staff | User: Unknown | School: 550e8400-e29b-41d4-a716-446655440000
2026-04-20 17:31:56.813 +05:30 [INF] SmsApi.Middleware.LoggingActionFilter | CorrelationId:21f5a7cd786249e69078720d41da057d | API Response: GET /api/staff | Status: 200 | Duration: 47ms
2026-04-20 17:31:56.873 +05:30 [INF] Serilog.AspNetCore.RequestLoggingMiddleware | CorrelationId:21f5a7cd786249e69078720d41da057d | HTTP GET /api/staff responded 200 in 323.3915 ms
2026-04-20 17:31:56.887 +05:30 [INF] SmsApi.Middleware.LoggingActionFilter | CorrelationId:aedcc076ecbf4a8c87674f20579ea13d | API Request: GET /api/staff | User: Unknown | School: 550e8400-e29b-41d4-a716-446655440000
2026-04-20 17:31:56.914 +05:30 [INF] SmsApi.Middleware.LoggingActionFilter | CorrelationId:aedcc076ecbf4a8c87674f20579ea13d | API Response: GET /api/staff | Status: 200 | Duration: 27ms
2026-04-20 17:31:56.939 +05:30 [INF] Serilog.AspNetCore.RequestLoggingMiddleware | CorrelationId:aedcc076ecbf4a8c87674f20579ea13d | HTTP GET /api/staff responded 200 in 60.8266 ms
2026-04-20 17:31:58.364 +05:30 [INF] Serilog.AspNetCore.RequestLoggingMiddleware | CorrelationId:3ce4b7152f9743d5ba235e74fe207aee | HTTP OPTIONS /api/students responded 204 in 0.1790 ms
2026-04-20 17:31:58.364 +05:30 [INF] Serilog.AspNetCore.RequestLoggingMiddleware | CorrelationId:58c5003105554be18b96233cdc04f52c | HTTP OPTIONS /api/students responded 204 in 0.0226 ms
2026-04-20 17:31:58.521 +05:30 [INF] SmsApi.Middleware.LoggingActionFilter | CorrelationId:18ab0e798f02475cb064188d6c8e5bb8 | API Request: GET /api/students | User: Unknown | School: 550e8400-e29b-41d4-a716-446655440000
2026-04-20 17:31:58.626 +05:30 [INF] SmsApi.Middleware.LoggingActionFilter | CorrelationId:18ab0e798f02475cb064188d6c8e5bb8 | API Response: GET /api/students | Status: 200 | Duration: 104ms
2026-04-20 17:31:58.632 +05:30 [INF] Serilog.AspNetCore.RequestLoggingMiddleware | CorrelationId:18ab0e798f02475cb064188d6c8e5bb8 | HTTP GET /api/students responded 200 in 202.4720 ms
2026-04-20 17:31:58.646 +05:30 [INF] SmsApi.Middleware.LoggingActionFilter | CorrelationId:1f0604dd22c9455983682bb314ecb883 | API Request: GET /api/students | User: Unknown | School: 550e8400-e29b-41d4-a716-446655440000
2026-04-20 17:31:58.661 +05:30 [INF] SmsApi.Middleware.LoggingActionFilter | CorrelationId:1f0604dd22c9455983682bb314ecb883 | API Response: GET /api/students | Status: 200 | Duration: 15ms
2026-04-20 17:31:58.672 +05:30 [INF] Serilog.AspNetCore.RequestLoggingMiddleware | CorrelationId:1f0604dd22c9455983682bb314ecb883 | HTTP GET /api/students responded 200 in 35.5878 ms
2026-04-20 17:31:59.380 +05:30 [INF] Serilog.AspNetCore.RequestLoggingMiddleware | CorrelationId:96983fffcb26470080560c2a1e72d360 | HTTP OPTIONS /api/academics/academic-years responded 204 in 0.1456 ms
2026-04-20 17:31:59.382 +05:30 [INF] Serilog.AspNetCore.RequestLoggingMiddleware | CorrelationId:64d176a7b4a740a2b9bc38018c5ca0d9 | HTTP OPTIONS /api/academics/academic-years responded 204 in 0.1046 ms
2026-04-20 17:31:59.410 +05:30 [INF] SmsApi.Middleware.LoggingActionFilter | CorrelationId:336dc8535ef44af79ecee114523fb064 | API Request: GET /api/academics/academic-years | User: Unknown | School: 550e8400-e29b-41d4-a716-446655440000
2026-04-20 17:31:59.447 +05:30 [INF] SmsApi.Middleware.LoggingActionFilter | CorrelationId:336dc8535ef44af79ecee114523fb064 | API Response: GET /api/academics/academic-years | Status: 200 | Duration: 37ms
2026-04-20 17:31:59.458 +05:30 [INF] Serilog.AspNetCore.RequestLoggingMiddleware | CorrelationId:336dc8535ef44af79ecee114523fb064 | HTTP GET /api/academics/academic-years responded 200 in 49.4133 ms
2026-04-20 17:31:59.471 +05:30 [INF] SmsApi.Middleware.LoggingActionFilter | CorrelationId:31430ba48e2d4e408c21cd6c8134368f | API Request: GET /api/academics/academic-years | User: Unknown | School: 550e8400-e29b-41d4-a716-446655440000
2026-04-20 17:31:59.508 +05:30 [INF] SmsApi.Middleware.LoggingActionFilter | CorrelationId:31430ba48e2d4e408c21cd6c8134368f | API Response: GET /api/academics/academic-years | Status: 200 | Duration: 36ms
2026-04-20 17:31:59.512 +05:30 [INF] Serilog.AspNetCore.RequestLoggingMiddleware | CorrelationId:31430ba48e2d4e408c21cd6c8134368f | HTTP GET /api/academics/academic-years responded 200 in 42.1931 ms
2026-04-20 17:32:04.564 +05:30 [INF] Serilog.AspNetCore.RequestLoggingMiddleware | CorrelationId:1dfd2410d83b43ab9503e00440b89733 | HTTP OPTIONS /api/academics/classes responded 204 in 5.6121 ms
2026-04-20 17:32:04.564 +05:30 [INF] Serilog.AspNetCore.RequestLoggingMiddleware | CorrelationId:0a05a7522f9943429b0f49ca67d8f3b9 | HTTP OPTIONS /api/board/boards responded 204 in 1.2517 ms
2026-04-20 17:32:04.566 +05:30 [INF] Serilog.AspNetCore.RequestLoggingMiddleware | CorrelationId:740d2e849a3f4deeb54630fbe31feff7 | HTTP OPTIONS /api/board/boards responded 204 in 0.1424 ms
2026-04-20 17:32:04.567 +05:30 [INF] Serilog.AspNetCore.RequestLoggingMiddleware | CorrelationId:e47fb2ef1a314d4db7c8c73b83fe35c0 | HTTP OPTIONS /api/academics/classes responded 204 in 4.4537 ms
2026-04-20 17:32:04.629 +05:30 [INF] SmsApi.Middleware.LoggingActionFilter | CorrelationId:1c970085ad6442ea9e710fb0c6c1f890 | API Request: GET /api/academics/classes | User: Unknown | School: 550e8400-e29b-41d4-a716-446655440000
2026-04-20 17:32:04.635 +05:30 [INF] SmsApi.Middleware.LoggingActionFilter | CorrelationId:dd68239a2aef4b6785fd9b973ef29d53 | API Request: GET /api/board/boards | User: Unknown | School: 550e8400-e29b-41d4-a716-446655440000
2026-04-20 17:32:04.743 +05:30 [INF] SmsApi.Middleware.LoggingActionFilter | CorrelationId:dd68239a2aef4b6785fd9b973ef29d53 | API Response: GET /api/board/boards | Status: 200 | Duration: 107ms
2026-04-20 17:32:04.763 +05:30 [INF] Serilog.AspNetCore.RequestLoggingMiddleware | CorrelationId:dd68239a2aef4b6785fd9b973ef29d53 | HTTP GET /api/board/boards responded 200 in 150.6597 ms
2026-04-20 17:32:04.785 +05:30 [INF] SmsApi.Middleware.LoggingActionFilter | CorrelationId:1c970085ad6442ea9e710fb0c6c1f890 | API Response: GET /api/academics/classes | Status: 200 | Duration: 156ms
2026-04-20 17:32:04.788 +05:30 [INF] SmsApi.Middleware.LoggingActionFilter | CorrelationId:da1b0dff1af34937966a1bb039f6bc6e | API Request: GET /api/board/boards | User: Unknown | School: 550e8400-e29b-41d4-a716-446655440000
2026-04-20 17:32:04.789 +05:30 [INF] Serilog.AspNetCore.RequestLoggingMiddleware | CorrelationId:1c970085ad6442ea9e710fb0c6c1f890 | HTTP GET /api/academics/classes responded 200 in 164.7773 ms
2026-04-20 17:32:04.791 +05:30 [INF] SmsApi.Middleware.LoggingActionFilter | CorrelationId:cbb1367d23a145d89aeaa6596516f3c5 | API Request: GET /api/academics/classes | User: Unknown | School: 550e8400-e29b-41d4-a716-446655440000
2026-04-20 17:32:04.792 +05:30 [INF] SmsApi.Middleware.LoggingActionFilter | CorrelationId:da1b0dff1af34937966a1bb039f6bc6e | API Response: GET /api/board/boards | Status: 200 | Duration: 4ms
2026-04-20 17:32:04.803 +05:30 [INF] Serilog.AspNetCore.RequestLoggingMiddleware | CorrelationId:da1b0dff1af34937966a1bb039f6bc6e | HTTP GET /api/board/boards responded 200 in 16.8684 ms
2026-04-20 17:32:04.840 +05:30 [INF] SmsApi.Middleware.LoggingActionFilter | CorrelationId:cbb1367d23a145d89aeaa6596516f3c5 | API Response: GET /api/academics/classes | Status: 200 | Duration: 48ms
2026-04-20 17:32:04.842 +05:30 [INF] Serilog.AspNetCore.RequestLoggingMiddleware | CorrelationId:cbb1367d23a145d89aeaa6596516f3c5 | HTTP GET /api/academics/classes responded 200 in 51.3511 ms
2026-04-20 17:32:05.912 +05:30 [INF] Serilog.AspNetCore.RequestLoggingMiddleware | CorrelationId:0c029b4ff75f43acb37421e195ecefdc | HTTP OPTIONS /api/academics/subjects responded 204 in 0.1822 ms
2026-04-20 17:32:05.912 +05:30 [INF] Serilog.AspNetCore.RequestLoggingMiddleware | CorrelationId:c0cdd3439f4f4b389cdc189e36a024de | HTTP OPTIONS /api/academics/subjects responded 204 in 0.0439 ms
2026-04-20 17:32:05.941 +05:30 [INF] SmsApi.Middleware.LoggingActionFilter | CorrelationId:d914cdb6550b4762a710b1c69d551900 | API Request: GET /api/academics/subjects | User: Unknown | School: 550e8400-e29b-41d4-a716-446655440000
2026-04-20 17:32:05.955 +05:30 [INF] SmsApi.Middleware.LoggingActionFilter | CorrelationId:d914cdb6550b4762a710b1c69d551900 | API Response: GET /api/academics/subjects | Status: 200 | Duration: 14ms
2026-04-20 17:32:05.956 +05:30 [INF] Serilog.AspNetCore.RequestLoggingMiddleware | CorrelationId:d914cdb6550b4762a710b1c69d551900 | HTTP GET /api/academics/subjects responded 200 in 16.2426 ms
2026-04-20 17:32:05.963 +05:30 [INF] SmsApi.Middleware.LoggingActionFilter | CorrelationId:81c79d6b62134541a817afd02b3aa6a9 | API Request: GET /api/academics/subjects | User: Unknown | School: 550e8400-e29b-41d4-a716-446655440000
2026-04-20 17:32:05.969 +05:30 [INF] SmsApi.Middleware.LoggingActionFilter | CorrelationId:81c79d6b62134541a817afd02b3aa6a9 | API Response: GET /api/academics/subjects | Status: 200 | Duration: 6ms
2026-04-20 17:32:05.970 +05:30 [INF] Serilog.AspNetCore.RequestLoggingMiddleware | CorrelationId:81c79d6b62134541a817afd02b3aa6a9 | HTTP GET /api/academics/subjects responded 200 in 7.9125 ms
2026-04-20 17:32:07.015 +05:30 [INF] SmsApi.Middleware.LoggingActionFilter | CorrelationId:ae2886c1b80b48148be17be4b87be12f | API Request: GET /api/academics/classes | User: Unknown | School: 550e8400-e29b-41d4-a716-446655440000
2026-04-20 17:32:07.018 +05:30 [INF] SmsApi.Middleware.LoggingActionFilter | CorrelationId:3d39bc14cac5432c8f199810a696907b | API Request: GET /api/board/boards | User: Unknown | School: 550e8400-e29b-41d4-a716-446655440000
2026-04-20 17:32:07.035 +05:30 [INF] SmsApi.Middleware.LoggingActionFilter | CorrelationId:3d39bc14cac5432c8f199810a696907b | API Response: GET /api/board/boards | Status: 200 | Duration: 17ms
2026-04-20 17:32:07.038 +05:30 [INF] Serilog.AspNetCore.RequestLoggingMiddleware | CorrelationId:3d39bc14cac5432c8f199810a696907b | HTTP GET /api/board/boards responded 200 in 22.4832 ms
2026-04-20 17:32:07.045 +05:30 [INF] SmsApi.Middleware.LoggingActionFilter | CorrelationId:7609d95d0b864402bc8ce6652a39f7d7 | API Request: GET /api/board/boards | User: Unknown | School: 550e8400-e29b-41d4-a716-446655440000
2026-04-20 17:32:07.049 +05:30 [INF] SmsApi.Middleware.LoggingActionFilter | CorrelationId:ae2886c1b80b48148be17be4b87be12f | API Response: GET /api/academics/classes | Status: 200 | Duration: 34ms
2026-04-20 17:32:07.051 +05:30 [INF] Serilog.AspNetCore.RequestLoggingMiddleware | CorrelationId:ae2886c1b80b48148be17be4b87be12f | HTTP GET /api/academics/classes responded 200 in 36.9161 ms
2026-04-20 17:32:07.056 +05:30 [INF] SmsApi.Middleware.LoggingActionFilter | CorrelationId:7609d95d0b864402bc8ce6652a39f7d7 | API Response: GET /api/board/boards | Status: 200 | Duration: 10ms
2026-04-20 17:32:07.057 +05:30 [INF] SmsApi.Middleware.LoggingActionFilter | CorrelationId:48316cc7ed9e445e9ede70508a847d5f | API Request: GET /api/academics/classes | User: Unknown | School: 550e8400-e29b-41d4-a716-446655440000
2026-04-20 17:32:07.059 +05:30 [INF] Serilog.AspNetCore.RequestLoggingMiddleware | CorrelationId:7609d95d0b864402bc8ce6652a39f7d7 | HTTP GET /api/board/boards responded 200 in 15.0436 ms
2026-04-20 17:32:07.086 +05:30 [INF] SmsApi.Middleware.LoggingActionFilter | CorrelationId:48316cc7ed9e445e9ede70508a847d5f | API Response: GET /api/academics/classes | Status: 200 | Duration: 28ms
2026-04-20 17:32:07.089 +05:30 [INF] Serilog.AspNetCore.RequestLoggingMiddleware | CorrelationId:48316cc7ed9e445e9ede70508a847d5f | HTTP GET /api/academics/classes responded 200 in 32.3543 ms
2026-04-20 17:32:08.778 +05:30 [INF] Serilog.AspNetCore.RequestLoggingMiddleware | CorrelationId:6697c9d4897943468d36d6cea4a6114e | HTTP OPTIONS /api/academics/academic-years responded 204 in 0.0810 ms
2026-04-20 17:32:08.778 +05:30 [INF] Serilog.AspNetCore.RequestLoggingMiddleware | CorrelationId:768818f82e4a41a89c2ea3c0b070976d | HTTP OPTIONS /api/academics/academic-years responded 204 in 0.0382 ms
2026-04-20 17:32:08.792 +05:30 [INF] SmsApi.Middleware.LoggingActionFilter | CorrelationId:d8215060bb9049fc8c29c4d504a91860 | API Request: GET /api/academics/academic-years | User: Unknown | School: 550e8400-e29b-41d4-a716-446655440000
2026-04-20 17:32:08.798 +05:30 [INF] SmsApi.Middleware.LoggingActionFilter | CorrelationId:d8215060bb9049fc8c29c4d504a91860 | API Response: GET /api/academics/academic-years | Status: 200 | Duration: 6ms
2026-04-20 17:32:08.799 +05:30 [INF] Serilog.AspNetCore.RequestLoggingMiddleware | CorrelationId:d8215060bb9049fc8c29c4d504a91860 | HTTP GET /api/academics/academic-years responded 200 in 8.2535 ms
2026-04-20 17:32:08.805 +05:30 [INF] SmsApi.Middleware.LoggingActionFilter | CorrelationId:db6555a6d50c46c0b8222c25adb5c505 | API Request: GET /api/academics/academic-years | User: Unknown | School: 550e8400-e29b-41d4-a716-446655440000
2026-04-20 17:32:08.811 +05:30 [INF] SmsApi.Middleware.LoggingActionFilter | CorrelationId:db6555a6d50c46c0b8222c25adb5c505 | API Response: GET /api/academics/academic-years | Status: 200 | Duration: 5ms
2026-04-20 17:32:08.812 +05:30 [INF] Serilog.AspNetCore.RequestLoggingMiddleware | CorrelationId:db6555a6d50c46c0b8222c25adb5c505 | HTTP GET /api/academics/academic-years responded 200 in 7.8539 ms
2026-04-20 17:32:09.314 +05:30 [INF] SmsApi.Middleware.LoggingActionFilter | CorrelationId:dd67f4f285c34648a1f529dace267595 | API Request: GET /api/board/boards | User: Unknown | School: 550e8400-e29b-41d4-a716-446655440000
2026-04-20 17:32:09.314 +05:30 [INF] SmsApi.Middleware.LoggingActionFilter | CorrelationId:ddc7e8168098454bb94d3d27f64e10e7 | API Request: GET /api/academics/classes | User: Unknown | School: 550e8400-e29b-41d4-a716-446655440000
2026-04-20 17:32:09.327 +05:30 [INF] SmsApi.Middleware.LoggingActionFilter | CorrelationId:dd67f4f285c34648a1f529dace267595 | API Response: GET /api/board/boards | Status: 200 | Duration: 13ms
2026-04-20 17:32:09.337 +05:30 [INF] Serilog.AspNetCore.RequestLoggingMiddleware | CorrelationId:dd67f4f285c34648a1f529dace267595 | HTTP GET /api/board/boards responded 200 in 24.9029 ms
2026-04-20 17:32:09.341 +05:30 [INF] SmsApi.Middleware.LoggingActionFilter | CorrelationId:ddc7e8168098454bb94d3d27f64e10e7 | API Response: GET /api/academics/classes | Status: 200 | Duration: 27ms
2026-04-20 17:32:09.342 +05:30 [INF] SmsApi.Middleware.LoggingActionFilter | CorrelationId:8891574ceb6f4e35baca55cb8296008b | API Request: GET /api/board/boards | User: Unknown | School: 550e8400-e29b-41d4-a716-446655440000
2026-04-20 17:32:09.345 +05:30 [INF] Serilog.AspNetCore.RequestLoggingMiddleware | CorrelationId:ddc7e8168098454bb94d3d27f64e10e7 | HTTP GET /api/academics/classes responded 200 in 33.2372 ms
2026-04-20 17:32:09.353 +05:30 [INF] SmsApi.Middleware.LoggingActionFilter | CorrelationId:c72f140aa48f46d880653efde6f156f1 | API Request: GET /api/academics/classes | User: Unknown | School: 550e8400-e29b-41d4-a716-446655440000
2026-04-20 17:32:09.354 +05:30 [INF] SmsApi.Middleware.LoggingActionFilter | CorrelationId:8891574ceb6f4e35baca55cb8296008b | API Response: GET /api/board/boards | Status: 200 | Duration: 12ms
2026-04-20 17:32:09.365 +05:30 [INF] Serilog.AspNetCore.RequestLoggingMiddleware | CorrelationId:8891574ceb6f4e35baca55cb8296008b | HTTP GET /api/board/boards responded 200 in 24.0054 ms
2026-04-20 17:32:09.371 +05:30 [INF] SmsApi.Middleware.LoggingActionFilter | CorrelationId:c72f140aa48f46d880653efde6f156f1 | API Response: GET /api/academics/classes | Status: 200 | Duration: 17ms
2026-04-20 17:32:09.417 +05:30 [INF] Serilog.AspNetCore.RequestLoggingMiddleware | CorrelationId:c72f140aa48f46d880653efde6f156f1 | HTTP GET /api/academics/classes responded 200 in 64.9863 ms
2026-04-20 17:32:09.765 +05:30 [INF] SmsApi.Middleware.LoggingActionFilter | CorrelationId:5696c4fb5cd2452ab8002811ef70ad4e | API Request: GET /api/academics/subjects | User: Unknown | School: 550e8400-e29b-41d4-a716-446655440000
2026-04-20 17:32:09.772 +05:30 [INF] SmsApi.Middleware.LoggingActionFilter | CorrelationId:5696c4fb5cd2452ab8002811ef70ad4e | API Response: GET /api/academics/subjects | Status: 200 | Duration: 7ms
2026-04-20 17:32:09.773 +05:30 [INF] Serilog.AspNetCore.RequestLoggingMiddleware | CorrelationId:5696c4fb5cd2452ab8002811ef70ad4e | HTTP GET /api/academics/subjects responded 200 in 10.2043 ms
2026-04-20 17:32:09.779 +05:30 [INF] SmsApi.Middleware.LoggingActionFilter | CorrelationId:af2193d18dd54adca4e8b231cae494f6 | API Request: GET /api/academics/subjects | User: Unknown | School: 550e8400-e29b-41d4-a716-446655440000
2026-04-20 17:32:09.789 +05:30 [INF] SmsApi.Middleware.LoggingActionFilter | CorrelationId:af2193d18dd54adca4e8b231cae494f6 | API Response: GET /api/academics/subjects | Status: 200 | Duration: 9ms
2026-04-20 17:32:09.804 +05:30 [INF] Serilog.AspNetCore.RequestLoggingMiddleware | CorrelationId:af2193d18dd54adca4e8b231cae494f6 | HTTP GET /api/academics/subjects responded 200 in 25.3909 ms
2026-04-20 17:32:30.286 +05:30 [INF] Serilog.AspNetCore.RequestLoggingMiddleware | CorrelationId:175db427d0f446e68271e8d98e02d98e | HTTP OPTIONS /api/academics/classes responded 204 in 0.4933 ms
2026-04-20 17:32:30.286 +05:30 [INF] Serilog.AspNetCore.RequestLoggingMiddleware | CorrelationId:079711fa8cb94ddcb2f3e2fff0050625 | HTTP OPTIONS /api/academics/classes responded 204 in 0.6040 ms
2026-04-20 17:32:30.287 +05:30 [INF] Serilog.AspNetCore.RequestLoggingMiddleware | CorrelationId:ce7475dbf67048e39ff2e34f0bd705cb | HTTP OPTIONS /api/board/boards responded 204 in 0.0679 ms
2026-04-20 17:32:30.311 +05:30 [INF] Serilog.AspNetCore.RequestLoggingMiddleware | CorrelationId:90eb515308b54e96ba63fdf41a462559 | HTTP OPTIONS /api/board/boards responded 204 in 0.1020 ms
2026-04-20 17:32:30.326 +05:30 [INF] SmsApi.Middleware.LoggingActionFilter | CorrelationId:fb5c7c46a32540f79a68b812d057fb37 | API Request: GET /api/board/boards | User: Unknown | School: 550e8400-e29b-41d4-a716-446655440000
2026-04-20 17:32:30.337 +05:30 [INF] SmsApi.Middleware.LoggingActionFilter | CorrelationId:b881f21d589840f6bf37bc5386410fe5 | API Request: GET /api/academics/classes | User: Unknown | School: 550e8400-e29b-41d4-a716-446655440000
2026-04-20 17:32:30.339 +05:30 [INF] SmsApi.Middleware.LoggingActionFilter | CorrelationId:fb5c7c46a32540f79a68b812d057fb37 | API Response: GET /api/board/boards | Status: 200 | Duration: 12ms
2026-04-20 17:32:30.344 +05:30 [INF] Serilog.AspNetCore.RequestLoggingMiddleware | CorrelationId:fb5c7c46a32540f79a68b812d057fb37 | HTTP GET /api/board/boards responded 200 in 20.3052 ms
2026-04-20 17:32:30.364 +05:30 [INF] SmsApi.Middleware.LoggingActionFilter | CorrelationId:b881f21d589840f6bf37bc5386410fe5 | API Response: GET /api/academics/classes | Status: 200 | Duration: 26ms
2026-04-20 17:32:30.365 +05:30 [INF] Serilog.AspNetCore.RequestLoggingMiddleware | CorrelationId:b881f21d589840f6bf37bc5386410fe5 | HTTP GET /api/academics/classes responded 200 in 28.6009 ms
2026-04-20 17:32:30.366 +05:30 [INF] SmsApi.Middleware.LoggingActionFilter | CorrelationId:c8669e851d1d46a6805fb63495b48990 | API Request: GET /api/board/boards | User: Unknown | School: 550e8400-e29b-41d4-a716-446655440000
2026-04-20 17:32:30.379 +05:30 [INF] SmsApi.Middleware.LoggingActionFilter | CorrelationId:5a851562bc164ccab0d9e5596f1b2407 | API Request: GET /api/academics/classes | User: Unknown | School: 550e8400-e29b-41d4-a716-446655440000
2026-04-20 17:32:30.384 +05:30 [INF] SmsApi.Middleware.LoggingActionFilter | CorrelationId:c8669e851d1d46a6805fb63495b48990 | API Response: GET /api/board/boards | Status: 200 | Duration: 18ms
2026-04-20 17:32:30.393 +05:30 [INF] Serilog.AspNetCore.RequestLoggingMiddleware | CorrelationId:c8669e851d1d46a6805fb63495b48990 | HTTP GET /api/board/boards responded 200 in 27.6616 ms
2026-04-20 17:32:30.406 +05:30 [INF] SmsApi.Middleware.LoggingActionFilter | CorrelationId:5a851562bc164ccab0d9e5596f1b2407 | API Response: GET /api/academics/classes | Status: 200 | Duration: 27ms
2026-04-20 17:32:30.417 +05:30 [INF] Serilog.AspNetCore.RequestLoggingMiddleware | CorrelationId:5a851562bc164ccab0d9e5596f1b2407 | HTTP GET /api/academics/classes responded 200 in 38.9047 ms
2026-04-20 17:32:31.753 +05:30 [INF] Serilog.AspNetCore.RequestLoggingMiddleware | CorrelationId:4ff665b539744333a57980f6b5535aaa | HTTP OPTIONS /api/academics/subjects responded 204 in 0.0687 ms
2026-04-20 17:32:31.754 +05:30 [INF] Serilog.AspNetCore.RequestLoggingMiddleware | CorrelationId:5d9dd8d680f644dbb4d3667a7b3c4419 | HTTP OPTIONS /api/academics/subjects responded 204 in 0.1752 ms
2026-04-20 17:32:31.763 +05:30 [INF] SmsApi.Middleware.LoggingActionFilter | CorrelationId:7df36d19ae9d4483b224a85d7ba3f318 | API Request: GET /api/academics/subjects | User: Unknown | School: 550e8400-e29b-41d4-a716-446655440000
2026-04-20 17:32:31.770 +05:30 [INF] SmsApi.Middleware.LoggingActionFilter | CorrelationId:7df36d19ae9d4483b224a85d7ba3f318 | API Response: GET /api/academics/subjects | Status: 200 | Duration: 6ms
2026-04-20 17:32:31.774 +05:30 [INF] Serilog.AspNetCore.RequestLoggingMiddleware | CorrelationId:7df36d19ae9d4483b224a85d7ba3f318 | HTTP GET /api/academics/subjects responded 200 in 11.0141 ms
2026-04-20 17:32:31.785 +05:30 [INF] SmsApi.Middleware.LoggingActionFilter | CorrelationId:e9939bf4a0e9488ba2ca2597536e5588 | API Request: GET /api/academics/subjects | User: Unknown | School: 550e8400-e29b-41d4-a716-446655440000
2026-04-20 17:32:31.819 +05:30 [INF] SmsApi.Middleware.LoggingActionFilter | CorrelationId:e9939bf4a0e9488ba2ca2597536e5588 | API Response: GET /api/academics/subjects | Status: 200 | Duration: 33ms
2026-04-20 17:32:31.824 +05:30 [INF] Serilog.AspNetCore.RequestLoggingMiddleware | CorrelationId:e9939bf4a0e9488ba2ca2597536e5588 | HTTP GET /api/academics/subjects responded 200 in 39.8332 ms
2026-04-20 17:32:41.571 +05:30 [INF] Serilog.AspNetCore.RequestLoggingMiddleware | CorrelationId:197ebfc0cd61417990192d964050d101 | HTTP OPTIONS /api/academics/classes responded 204 in 0.2678 ms
2026-04-20 17:32:41.574 +05:30 [INF] Serilog.AspNetCore.RequestLoggingMiddleware | CorrelationId:3f4e89c54abd47a9987225fc8ef5e361 | HTTP OPTIONS /api/board/boards responded 204 in 0.1725 ms
2026-04-20 17:32:41.576 +05:30 [INF] Serilog.AspNetCore.RequestLoggingMiddleware | CorrelationId:c3e738b518d94c1ab29e953f8ede2966 | HTTP OPTIONS /api/academics/classes responded 204 in 0.6320 ms
2026-04-20 17:32:41.576 +05:30 [INF] Serilog.AspNetCore.RequestLoggingMiddleware | CorrelationId:e51b455cb8b74b178ce6e13b73aa521c | HTTP OPTIONS /api/board/boards responded 204 in 0.0230 ms
2026-04-20 17:32:41.583 +05:30 [INF] SmsApi.Middleware.LoggingActionFilter | CorrelationId:e4ba1bf8afba475f89b166ef10ea88de | API Request: GET /api/academics/classes | User: Unknown | School: 550e8400-e29b-41d4-a716-446655440000
2026-04-20 17:32:41.604 +05:30 [INF] SmsApi.Middleware.LoggingActionFilter | CorrelationId:0fd029e49e7d4572aaf0bcce5da1fe97 | API Request: GET /api/board/boards | User: Unknown | School: 550e8400-e29b-41d4-a716-446655440000
2026-04-20 17:32:41.614 +05:30 [INF] SmsApi.Middleware.LoggingActionFilter | CorrelationId:e4ba1bf8afba475f89b166ef10ea88de | API Response: GET /api/academics/classes | Status: 200 | Duration: 31ms
2026-04-20 17:32:41.614 +05:30 [INF] SmsApi.Middleware.LoggingActionFilter | CorrelationId:0fd029e49e7d4572aaf0bcce5da1fe97 | API Response: GET /api/board/boards | Status: 200 | Duration: 9ms
2026-04-20 17:32:41.619 +05:30 [INF] Serilog.AspNetCore.RequestLoggingMiddleware | CorrelationId:e4ba1bf8afba475f89b166ef10ea88de | HTTP GET /api/academics/classes responded 200 in 36.5154 ms
2026-04-20 17:32:41.622 +05:30 [INF] Serilog.AspNetCore.RequestLoggingMiddleware | CorrelationId:0fd029e49e7d4572aaf0bcce5da1fe97 | HTTP GET /api/board/boards responded 200 in 18.2240 ms
2026-04-20 17:32:41.631 +05:30 [INF] SmsApi.Middleware.LoggingActionFilter | CorrelationId:b4dbbe33080048c0a9888f939a03837c | API Request: GET /api/board/boards | User: Unknown | School: 550e8400-e29b-41d4-a716-446655440000
2026-04-20 17:32:41.631 +05:30 [INF] SmsApi.Middleware.LoggingActionFilter | CorrelationId:6eb0921df5da46e2840d0c5175476900 | API Request: GET /api/academics/classes | User: Unknown | School: 550e8400-e29b-41d4-a716-446655440000
2026-04-20 17:32:41.634 +05:30 [INF] SmsApi.Middleware.LoggingActionFilter | CorrelationId:b4dbbe33080048c0a9888f939a03837c | API Response: GET /api/board/boards | Status: 200 | Duration: 3ms
2026-04-20 17:32:41.658 +05:30 [INF] Serilog.AspNetCore.RequestLoggingMiddleware | CorrelationId:b4dbbe33080048c0a9888f939a03837c | HTTP GET /api/board/boards responded 200 in 28.2478 ms
2026-04-20 17:32:41.688 +05:30 [INF] SmsApi.Middleware.LoggingActionFilter | CorrelationId:6eb0921df5da46e2840d0c5175476900 | API Response: GET /api/academics/classes | Status: 200 | Duration: 57ms
2026-04-20 17:32:41.701 +05:30 [INF] Serilog.AspNetCore.RequestLoggingMiddleware | CorrelationId:6eb0921df5da46e2840d0c5175476900 | HTTP GET /api/academics/classes responded 200 in 72.9188 ms
2026-04-20 17:32:43.716 +05:30 [INF] Serilog.AspNetCore.RequestLoggingMiddleware | CorrelationId:15cccbb23bb648128f217069a7703e9e | HTTP OPTIONS /api/academics/classes/b3285eca-4f9c-447d-be59-5feedd0c04c8 responded 204 in 0.1466 ms
2026-04-20 17:32:43.717 +05:30 [INF] Serilog.AspNetCore.RequestLoggingMiddleware | CorrelationId:6e3b76c8a5964e12b030f3689e0afffb | HTTP OPTIONS /api/staff/teaching responded 204 in 0.1317 ms
2026-04-20 17:32:43.718 +05:30 [INF] Serilog.AspNetCore.RequestLoggingMiddleware | CorrelationId:6a6fca9ca7074c0391d7ed352e19dbeb | HTTP OPTIONS /api/academics/sections responded 204 in 0.0369 ms
2026-04-20 17:32:43.718 +05:30 [INF] Serilog.AspNetCore.RequestLoggingMiddleware | CorrelationId:80401aafe252417fac99fb91b56d7290 | HTTP OPTIONS /api/academics/classes/b3285eca-4f9c-447d-be59-5feedd0c04c8 responded 204 in 0.1511 ms
2026-04-20 17:32:43.721 +05:30 [INF] Serilog.AspNetCore.RequestLoggingMiddleware | CorrelationId:8c12c1c3cae14cf291e1c32e108132c9 | HTTP OPTIONS /api/staff/teaching responded 204 in 0.0912 ms
2026-04-20 17:32:43.721 +05:30 [INF] Serilog.AspNetCore.RequestLoggingMiddleware | CorrelationId:a21ca8842adf4f2f9435d2c37258cab0 | HTTP OPTIONS /api/academics/sections responded 204 in 0.1009 ms
2026-04-20 17:32:43.738 +05:30 [INF] SmsApi.Middleware.LoggingActionFilter | CorrelationId:5752ce9958cf47e6a28e09bca93acaf7 | API Request: GET /api/academics/sections | User: Unknown | School: 550e8400-e29b-41d4-a716-446655440000
2026-04-20 17:32:43.774 +05:30 [INF] SmsApi.Middleware.LoggingActionFilter | CorrelationId:20a694d7a92e43fcad88e058a62235fb | API Request: GET /api/academics/classes/b3285eca-4f9c-447d-be59-5feedd0c04c8 | User: Unknown | School: 550e8400-e29b-41d4-a716-446655440000
2026-04-20 17:32:43.777 +05:30 [INF] SmsApi.Middleware.LoggingActionFilter | CorrelationId:9311b8b805c54a1986e5691e3232d98e | API Request: GET /api/staff/teaching | User: Unknown | School: 550e8400-e29b-41d4-a716-446655440000
2026-04-20 17:32:43.803 +05:30 [INF] SmsApi.Middleware.LoggingActionFilter | CorrelationId:5752ce9958cf47e6a28e09bca93acaf7 | API Response: GET /api/academics/sections | Status: 200 | Duration: 63ms
2026-04-20 17:32:43.815 +05:30 [INF] SmsApi.Middleware.LoggingActionFilter | CorrelationId:9311b8b805c54a1986e5691e3232d98e | API Response: GET /api/staff/teaching | Status: 200 | Duration: 37ms
2026-04-20 17:32:43.820 +05:30 [INF] Serilog.AspNetCore.RequestLoggingMiddleware | CorrelationId:5752ce9958cf47e6a28e09bca93acaf7 | HTTP GET /api/academics/sections responded 200 in 89.0740 ms
2026-04-20 17:32:43.821 +05:30 [INF] Serilog.AspNetCore.RequestLoggingMiddleware | CorrelationId:9311b8b805c54a1986e5691e3232d98e | HTTP GET /api/staff/teaching responded 200 in 71.8577 ms
2026-04-20 17:32:43.828 +05:30 [INF] SmsApi.Middleware.LoggingActionFilter | CorrelationId:20a694d7a92e43fcad88e058a62235fb | API Response: GET /api/academics/classes/b3285eca-4f9c-447d-be59-5feedd0c04c8 | Status: 200 | Duration: 53ms
2026-04-20 17:32:43.830 +05:30 [INF] Serilog.AspNetCore.RequestLoggingMiddleware | CorrelationId:20a694d7a92e43fcad88e058a62235fb | HTTP GET /api/academics/classes/b3285eca-4f9c-447d-be59-5feedd0c04c8 responded 200 in 72.8439 ms
2026-04-20 17:32:43.833 +05:30 [INF] SmsApi.Middleware.LoggingActionFilter | CorrelationId:cf80f00bf86949f6a151673718bb4892 | API Request: GET /api/academics/classes/b3285eca-4f9c-447d-be59-5feedd0c04c8 | User: Unknown | School: 550e8400-e29b-41d4-a716-446655440000
2026-04-20 17:32:43.836 +05:30 [INF] SmsApi.Middleware.LoggingActionFilter | CorrelationId:c16c0b907d644071a1d975bdff8c06d1 | API Request: GET /api/staff/teaching | User: Unknown | School: 550e8400-e29b-41d4-a716-446655440000
2026-04-20 17:32:43.844 +05:30 [INF] SmsApi.Middleware.LoggingActionFilter | CorrelationId:c16c0b907d644071a1d975bdff8c06d1 | API Response: GET /api/staff/teaching | Status: 200 | Duration: 8ms
2026-04-20 17:32:43.846 +05:30 [INF] SmsApi.Middleware.LoggingActionFilter | CorrelationId:cf80f00bf86949f6a151673718bb4892 | API Response: GET /api/academics/classes/b3285eca-4f9c-447d-be59-5feedd0c04c8 | Status: 200 | Duration: 12ms
2026-04-20 17:32:43.854 +05:30 [INF] Serilog.AspNetCore.RequestLoggingMiddleware | CorrelationId:cf80f00bf86949f6a151673718bb4892 | HTTP GET /api/academics/classes/b3285eca-4f9c-447d-be59-5feedd0c04c8 responded 200 in 21.6337 ms
2026-04-20 17:32:43.855 +05:30 [INF] SmsApi.Middleware.LoggingActionFilter | CorrelationId:ccc16739010c476596b264402d9a47ac | API Request: GET /api/academics/sections | User: Unknown | School: 550e8400-e29b-41d4-a716-446655440000
2026-04-20 17:32:43.856 +05:30 [INF] Serilog.AspNetCore.RequestLoggingMiddleware | CorrelationId:c16c0b907d644071a1d975bdff8c06d1 | HTTP GET /api/staff/teaching responded 200 in 21.8026 ms
2026-04-20 17:32:43.872 +05:30 [INF] SmsApi.Middleware.LoggingActionFilter | CorrelationId:ccc16739010c476596b264402d9a47ac | API Response: GET /api/academics/sections | Status: 200 | Duration: 17ms
2026-04-20 17:32:43.873 +05:30 [INF] Serilog.AspNetCore.RequestLoggingMiddleware | CorrelationId:ccc16739010c476596b264402d9a47ac | HTTP GET /api/academics/sections responded 200 in 19.1815 ms
2026-04-20 17:32:46.664 +05:30 [INF] Serilog.AspNetCore.RequestLoggingMiddleware | CorrelationId:b150ee48216d461f92ae15fe716a4ea5 | HTTP OPTIONS /api/academics/subjects responded 204 in 0.0962 ms
2026-04-20 17:32:46.665 +05:30 [INF] Serilog.AspNetCore.RequestLoggingMiddleware | CorrelationId:09724125724f4e5881d0e34ecdc95c32 | HTTP OPTIONS /api/academics/classes/b3285eca-4f9c-447d-be59-5feedd0c04c8/subjects responded 204 in 0.0553 ms
2026-04-20 17:32:46.665 +05:30 [INF] Serilog.AspNetCore.RequestLoggingMiddleware | CorrelationId:ac9f8759ea43439bbf48139b443821d7 | HTTP OPTIONS /api/staff/teaching responded 204 in 0.1068 ms
2026-04-20 17:32:46.665 +05:30 [INF] Serilog.AspNetCore.RequestLoggingMiddleware | CorrelationId:0d5cfabb57ab4bfa8958a677922d3b6c | HTTP OPTIONS /api/academics/subjects responded 204 in 0.1357 ms
2026-04-20 17:32:46.671 +05:30 [INF] Serilog.AspNetCore.RequestLoggingMiddleware | CorrelationId:de80f08949734e58b58193447950c716 | HTTP OPTIONS /api/academics/classes/b3285eca-4f9c-447d-be59-5feedd0c04c8/subjects responded 204 in 0.1216 ms
2026-04-20 17:32:46.675 +05:30 [INF] Serilog.AspNetCore.RequestLoggingMiddleware | CorrelationId:9e44dbb32ee34adbb0a7e2c5c8ec66e2 | HTTP OPTIONS /api/staff/teaching responded 204 in 0.0497 ms
2026-04-20 17:32:46.688 +05:30 [INF] SmsApi.Middleware.LoggingActionFilter | CorrelationId:5798642ead4c4a3e8398352e161a8b12 | API Request: GET /api/staff/teaching | User: Unknown | School: 550e8400-e29b-41d4-a716-446655440000
2026-04-20 17:32:46.690 +05:30 [INF] SmsApi.Middleware.LoggingActionFilter | CorrelationId:a851656bfe844386b4549e03bfd33240 | API Request: GET /api/academics/subjects | User: Unknown | School: 550e8400-e29b-41d4-a716-446655440000
2026-04-20 17:32:46.696 +05:30 [INF] SmsApi.Middleware.LoggingActionFilter | CorrelationId:5798642ead4c4a3e8398352e161a8b12 | API Response: GET /api/staff/teaching | Status: 200 | Duration: 7ms
2026-04-20 17:32:46.697 +05:30 [INF] SmsApi.Middleware.LoggingActionFilter | CorrelationId:bf2ce12b50c4463b8d522ecc0928bea1 | API Request: GET /api/academics/classes/b3285eca-4f9c-447d-be59-5feedd0c04c8/subjects | User: Unknown | School: 550e8400-e29b-41d4-a716-446655440000
2026-04-20 17:32:46.698 +05:30 [INF] SmsApi.Middleware.LoggingActionFilter | CorrelationId:a851656bfe844386b4549e03bfd33240 | API Response: GET /api/academics/subjects | Status: 200 | Duration: 8ms
2026-04-20 17:32:46.699 +05:30 [INF] Serilog.AspNetCore.RequestLoggingMiddleware | CorrelationId:5798642ead4c4a3e8398352e161a8b12 | HTTP GET /api/staff/teaching responded 200 in 13.0460 ms
2026-04-20 17:32:46.723 +05:30 [INF] Serilog.AspNetCore.RequestLoggingMiddleware | CorrelationId:a851656bfe844386b4549e03bfd33240 | HTTP GET /api/academics/subjects responded 200 in 35.1619 ms
2026-04-20 17:32:46.727 +05:30 [INF] SmsApi.Middleware.LoggingActionFilter | CorrelationId:cf43de5f864a4d908486b312aeb40859 | API Request: GET /api/staff/teaching | User: Unknown | School: 550e8400-e29b-41d4-a716-446655440000
2026-04-20 17:32:46.733 +05:30 [INF] SmsApi.Middleware.LoggingActionFilter | CorrelationId:cf43de5f864a4d908486b312aeb40859 | API Response: GET /api/staff/teaching | Status: 200 | Duration: 5ms
2026-04-20 17:32:46.736 +05:30 [INF] Serilog.AspNetCore.RequestLoggingMiddleware | CorrelationId:cf43de5f864a4d908486b312aeb40859 | HTTP GET /api/staff/teaching responded 200 in 12.3216 ms
2026-04-20 17:32:46.741 +05:30 [INF] SmsApi.Middleware.LoggingActionFilter | CorrelationId:a4a96940542c43c98071b9f579d6cd98 | API Request: GET /api/academics/subjects | User: Unknown | School: 550e8400-e29b-41d4-a716-446655440000
2026-04-20 17:32:46.752 +05:30 [INF] SmsApi.Middleware.LoggingActionFilter | CorrelationId:a4a96940542c43c98071b9f579d6cd98 | API Response: GET /api/academics/subjects | Status: 200 | Duration: 11ms
2026-04-20 17:32:46.753 +05:30 [INF] Serilog.AspNetCore.RequestLoggingMiddleware | CorrelationId:a4a96940542c43c98071b9f579d6cd98 | HTTP GET /api/academics/subjects responded 200 in 12.5122 ms
2026-04-20 17:32:46.781 +05:30 [INF] SmsApi.Middleware.LoggingActionFilter | CorrelationId:bf2ce12b50c4463b8d522ecc0928bea1 | API Response: GET /api/academics/classes/b3285eca-4f9c-447d-be59-5feedd0c04c8/subjects | Status: 200 | Duration: 83ms
2026-04-20 17:32:46.782 +05:30 [INF] Serilog.AspNetCore.RequestLoggingMiddleware | CorrelationId:bf2ce12b50c4463b8d522ecc0928bea1 | HTTP GET /api/academics/classes/b3285eca-4f9c-447d-be59-5feedd0c04c8/subjects responded 200 in 91.2221 ms
2026-04-20 17:32:46.789 +05:30 [INF] SmsApi.Middleware.LoggingActionFilter | CorrelationId:2af48a00cea941008be3bfc409994f33 | API Request: GET /api/academics/classes/b3285eca-4f9c-447d-be59-5feedd0c04c8/subjects | User: Unknown | School: 550e8400-e29b-41d4-a716-446655440000
2026-04-20 17:32:46.797 +05:30 [INF] SmsApi.Middleware.LoggingActionFilter | CorrelationId:2af48a00cea941008be3bfc409994f33 | API Response: GET /api/academics/classes/b3285eca-4f9c-447d-be59-5feedd0c04c8/subjects | Status: 200 | Duration: 7ms
2026-04-20 17:32:46.797 +05:30 [INF] Serilog.AspNetCore.RequestLoggingMiddleware | CorrelationId:2af48a00cea941008be3bfc409994f33 | HTTP GET /api/academics/classes/b3285eca-4f9c-447d-be59-5feedd0c04c8/subjects responded 200 in 8.5060 ms
2026-04-20 17:33:01.356 +05:30 [INF] Serilog.AspNetCore.RequestLoggingMiddleware | CorrelationId:a7eb0322d60a4d0d8d0aa68adfd1b1ff | HTTP OPTIONS /api/academics/academic-years responded 204 in 0.1396 ms
2026-04-20 17:33:01.356 +05:30 [INF] Serilog.AspNetCore.RequestLoggingMiddleware | CorrelationId:e464db2e39f54a3ba192c25ad2808ee6 | HTTP OPTIONS /api/academics/academic-years responded 204 in 0.1313 ms
2026-04-20 17:33:01.367 +05:30 [INF] SmsApi.Middleware.LoggingActionFilter | CorrelationId:1472042b10f54dfb8ac8f7c821dd4f6e | API Request: GET /api/academics/academic-years | User: Unknown | School: 550e8400-e29b-41d4-a716-446655440000
2026-04-20 17:33:01.376 +05:30 [INF] SmsApi.Middleware.LoggingActionFilter | CorrelationId:1472042b10f54dfb8ac8f7c821dd4f6e | API Response: GET /api/academics/academic-years | Status: 200 | Duration: 8ms
2026-04-20 17:33:01.379 +05:30 [INF] Serilog.AspNetCore.RequestLoggingMiddleware | CorrelationId:1472042b10f54dfb8ac8f7c821dd4f6e | HTTP GET /api/academics/academic-years responded 200 in 15.8100 ms
2026-04-20 17:33:01.385 +05:30 [INF] SmsApi.Middleware.LoggingActionFilter | CorrelationId:3add529de63b4457b097786866aae926 | API Request: GET /api/academics/academic-years | User: Unknown | School: 550e8400-e29b-41d4-a716-446655440000
2026-04-20 17:33:01.390 +05:30 [INF] SmsApi.Middleware.LoggingActionFilter | CorrelationId:3add529de63b4457b097786866aae926 | API Response: GET /api/academics/academic-years | Status: 200 | Duration: 5ms
2026-04-20 17:33:01.392 +05:30 [INF] Serilog.AspNetCore.RequestLoggingMiddleware | CorrelationId:3add529de63b4457b097786866aae926 | HTTP GET /api/academics/academic-years responded 200 in 8.0683 ms
2026-04-20 17:33:06.323 +05:30 [INF] Serilog.AspNetCore.RequestLoggingMiddleware | CorrelationId:8d392ff6e7824fe48a7fab449edf50f5 | HTTP OPTIONS /api/examinations/stats responded 204 in 0.1040 ms
2026-04-20 17:33:06.325 +05:30 [INF] Serilog.AspNetCore.RequestLoggingMiddleware | CorrelationId:7e5c879ddffd4e90983c9afefb19d797 | HTTP OPTIONS /api/examinations/stats responded 204 in 0.1768 ms
2026-04-20 17:33:06.325 +05:30 [INF] Serilog.AspNetCore.RequestLoggingMiddleware | CorrelationId:038b93f3d21947a59ebc305101b57c19 | HTTP OPTIONS /api/examinations/exams responded 204 in 0.2021 ms
2026-04-20 17:33:06.326 +05:30 [INF] Serilog.AspNetCore.RequestLoggingMiddleware | CorrelationId:57394a1a71424e5b949d20725e865dbb | HTTP OPTIONS /api/examinations/exams responded 204 in 0.2361 ms
2026-04-20 17:33:06.387 +05:30 [INF] SmsApi.Middleware.LoggingActionFilter | CorrelationId:bc049c6e934042e2b0eeedc68f3c0d41 | API Request: GET /api/examinations/stats | User: Unknown | School: 550e8400-e29b-41d4-a716-446655440000
2026-04-20 17:33:06.387 +05:30 [INF] SmsApi.Middleware.LoggingActionFilter | CorrelationId:e23058d9d18a4f26bdf12f4111c460de | API Request: GET /api/examinations/exams | User: Unknown | School: 550e8400-e29b-41d4-a716-446655440000
2026-04-20 17:33:06.434 +05:30 [INF] SmsApi.Middleware.LoggingActionFilter | CorrelationId:e23058d9d18a4f26bdf12f4111c460de | API Response: GET /api/examinations/exams | Status: 200 | Duration: 46ms
2026-04-20 17:33:06.440 +05:30 [INF] Serilog.AspNetCore.RequestLoggingMiddleware | CorrelationId:e23058d9d18a4f26bdf12f4111c460de | HTTP GET /api/examinations/exams responded 200 in 81.2470 ms
2026-04-20 17:33:06.450 +05:30 [INF] SmsApi.Middleware.LoggingActionFilter | CorrelationId:2390a59ea7924f5e907cb3ec149bfc26 | API Request: GET /api/examinations/exams | User: Unknown | School: 550e8400-e29b-41d4-a716-446655440000
2026-04-20 17:33:06.462 +05:30 [INF] SmsApi.Middleware.LoggingActionFilter | CorrelationId:2390a59ea7924f5e907cb3ec149bfc26 | API Response: GET /api/examinations/exams | Status: 200 | Duration: 12ms
2026-04-20 17:33:06.465 +05:30 [INF] Serilog.AspNetCore.RequestLoggingMiddleware | CorrelationId:2390a59ea7924f5e907cb3ec149bfc26 | HTTP GET /api/examinations/exams responded 200 in 22.6420 ms
2026-04-20 17:33:06.612 +05:30 [INF] SmsApi.Middleware.LoggingActionFilter | CorrelationId:bc049c6e934042e2b0eeedc68f3c0d41 | API Response: GET /api/examinations/stats | Status: 200 | Duration: 224ms
2026-04-20 17:33:06.614 +05:30 [INF] Serilog.AspNetCore.RequestLoggingMiddleware | CorrelationId:bc049c6e934042e2b0eeedc68f3c0d41 | HTTP GET /api/examinations/stats responded 200 in 257.5239 ms
2026-04-20 17:33:06.617 +05:30 [INF] SmsApi.Middleware.LoggingActionFilter | CorrelationId:2063185770614d238c45c952219f2ab7 | API Request: GET /api/examinations/stats | User: Unknown | School: 550e8400-e29b-41d4-a716-446655440000
2026-04-20 17:33:06.636 +05:30 [INF] SmsApi.Middleware.LoggingActionFilter | CorrelationId:2063185770614d238c45c952219f2ab7 | API Response: GET /api/examinations/stats | Status: 200 | Duration: 18ms
2026-04-20 17:33:06.639 +05:30 [INF] Serilog.AspNetCore.RequestLoggingMiddleware | CorrelationId:2063185770614d238c45c952219f2ab7 | HTTP GET /api/examinations/stats responded 200 in 24.0264 ms
2026-04-20 17:38:14.777 +05:30 [INF] Serilog.AspNetCore.RequestLoggingMiddleware | CorrelationId:e350b875d5744355b02016737c984555 | HTTP OPTIONS /api/examinations/stats responded 204 in 6.5008 ms
2026-04-20 17:38:14.806 +05:30 [INF] Serilog.AspNetCore.RequestLoggingMiddleware | CorrelationId:10ab2db0a21c474e92b707545789ce89 | HTTP OPTIONS /api/academics/academic-years responded 204 in 258.4683 ms
2026-04-20 17:38:14.806 +05:30 [INF] Serilog.AspNetCore.RequestLoggingMiddleware | CorrelationId:786b6d1bf9b942a6a940f47cba52de53 | HTTP OPTIONS /api/academics/academic-years responded 204 in 0.3024 ms
2026-04-20 17:38:14.806 +05:30 [INF] Serilog.AspNetCore.RequestLoggingMiddleware | CorrelationId:2b9c546e550f40998106b5b5e4d8db3a | HTTP OPTIONS /api/examinations/stats responded 204 in 258.5756 ms
2026-04-20 17:38:14.806 +05:30 [INF] Serilog.AspNetCore.RequestLoggingMiddleware | CorrelationId:35033adf01ee4d42b907610784163f99 | HTTP OPTIONS /api/examinations/exams responded 204 in 6.0474 ms
2026-04-20 17:38:14.806 +05:30 [INF] Serilog.AspNetCore.RequestLoggingMiddleware | CorrelationId:ba561f71986d449db3ef8ccc464115b0 | HTTP OPTIONS /api/examinations/exams responded 204 in 260.7808 ms
2026-04-20 17:38:14.976 +05:30 [WRN] SmsApi.Infrastructure.Performance.PerformanceMonitoringMiddleware | CorrelationId: | Slow request: OPTIONS /api/examinations/exams took 647ms — status 204.
2026-04-20 17:38:14.976 +05:30 [WRN] SmsApi.Infrastructure.Performance.PerformanceMonitoringMiddleware | CorrelationId: | Slow request: OPTIONS /api/examinations/stats took 628ms — status 204.
2026-04-20 17:38:14.976 +05:30 [WRN] SmsApi.Infrastructure.Performance.PerformanceMonitoringMiddleware | CorrelationId: | Slow request: OPTIONS /api/examinations/exams took 576ms — status 204.
2026-04-20 17:38:14.976 +05:30 [WRN] SmsApi.Infrastructure.Performance.PerformanceMonitoringMiddleware | CorrelationId: | Slow request: OPTIONS /api/academics/academic-years took 628ms — status 204.
2026-04-20 17:38:14.976 +05:30 [WRN] SmsApi.Infrastructure.Performance.PerformanceMonitoringMiddleware | CorrelationId: | Slow request: OPTIONS /api/academics/academic-years took 628ms — status 204.
2026-04-20 17:38:14.976 +05:30 [WRN] SmsApi.Infrastructure.Performance.PerformanceMonitoringMiddleware | CorrelationId: | Slow request: OPTIONS /api/examinations/stats took 628ms — status 204.
2026-04-20 17:38:15.330 +05:30 [INF] Serilog.AspNetCore.RequestLoggingMiddleware | CorrelationId:de4240ed854e44f0a3e0fa1b141dffe0 | HTTP OPTIONS /api/settings/school/me responded 204 in 0.1094 ms
2026-04-20 17:38:16.649 +05:30 [INF] SmsApi.Middleware.LoggingActionFilter | CorrelationId:2d3cdf28f7494ef69f77248afeae13d0 | API Request: GET /api/academics/academic-years | User: Unknown | School: 550e8400-e29b-41d4-a716-446655440000
2026-04-20 17:38:17.001 +05:30 [INF] SmsApi.Middleware.LoggingActionFilter | CorrelationId:8b315aafe59142a0a692b9129ed36ebd | API Request: GET /api/academics/academic-years | User: Unknown | School: 550e8400-e29b-41d4-a716-446655440000
2026-04-20 17:38:18.152 +05:30 [INF] SmsApi.Middleware.LoggingActionFilter | CorrelationId:0c7c34c691c948c0b63ba5d69ec3b6be | API Request: GET /api/examinations/stats | User: Unknown | School: 550e8400-e29b-41d4-a716-446655440000
2026-04-20 17:38:18.154 +05:30 [INF] SmsApi.Middleware.LoggingActionFilter | CorrelationId:2ba2352de12e4a39bfd32269e689b6a0 | API Request: GET /api/examinations/stats | User: Unknown | School: 550e8400-e29b-41d4-a716-446655440000
2026-04-20 17:38:18.208 +05:30 [INF] SmsApi.Middleware.LoggingActionFilter | CorrelationId:a60276198dec43119aa26c8318d86af1 | API Request: GET /api/examinations/exams | User: Unknown | School: 550e8400-e29b-41d4-a716-446655440000
2026-04-20 17:38:18.233 +05:30 [INF] SmsApi.Middleware.LoggingActionFilter | CorrelationId:3c8fc14c3869408e9602ff06c62d6d07 | API Request: GET /api/examinations/exams | User: Unknown | School: 550e8400-e29b-41d4-a716-446655440000
2026-04-20 17:38:18.361 +05:30 [INF] SmsApi.Middleware.LoggingActionFilter | CorrelationId:2d3cdf28f7494ef69f77248afeae13d0 | API Response: GET /api/academics/academic-years | Status: 200 | Duration: 1711ms
2026-04-20 17:38:18.426 +05:30 [INF] SmsApi.Middleware.LoggingActionFilter | CorrelationId:8b315aafe59142a0a692b9129ed36ebd | API Response: GET /api/academics/academic-years | Status: 200 | Duration: 1425ms
2026-04-20 17:38:18.672 +05:30 [INF] SmsApi.Middleware.LoggingActionFilter | CorrelationId:a60276198dec43119aa26c8318d86af1 | API Response: GET /api/examinations/exams | Status: 200 | Duration: 464ms
2026-04-20 17:38:18.673 +05:30 [INF] SmsApi.Middleware.LoggingActionFilter | CorrelationId:3c8fc14c3869408e9602ff06c62d6d07 | API Response: GET /api/examinations/exams | Status: 200 | Duration: 439ms
2026-04-20 17:38:18.699 +05:30 [INF] Serilog.AspNetCore.RequestLoggingMiddleware | CorrelationId:8b315aafe59142a0a692b9129ed36ebd | HTTP GET /api/academics/academic-years responded 200 in 1698.4523 ms
2026-04-20 17:38:18.723 +05:30 [INF] Serilog.AspNetCore.RequestLoggingMiddleware | CorrelationId:2d3cdf28f7494ef69f77248afeae13d0 | HTTP GET /api/academics/academic-years responded 200 in 2437.7049 ms
2026-04-20 17:38:18.850 +05:30 [WRN] SmsApi.Infrastructure.Performance.PerformanceMonitoringMiddleware | CorrelationId: | Slow request: GET /api/academics/academic-years took 1698ms — status 200.
2026-04-20 17:38:18.852 +05:30 [INF] Serilog.AspNetCore.RequestLoggingMiddleware | CorrelationId:a60276198dec43119aa26c8318d86af1 | HTTP GET /api/examinations/exams responded 200 in 2162.1988 ms
2026-04-20 17:38:18.852 +05:30 [INF] Serilog.AspNetCore.RequestLoggingMiddleware | CorrelationId:3c8fc14c3869408e9602ff06c62d6d07 | HTTP GET /api/examinations/exams responded 200 in 2084.4982 ms
2026-04-20 17:38:18.915 +05:30 [ERR] SmsApi.Infrastructure.Performance.PerformanceMonitoringMiddleware | CorrelationId: | SLA BREACH: GET /api/academics/academic-years took 2437ms — status 200. Investigate immediately.
2026-04-20 17:38:18.934 +05:30 [INF] SmsApi.Middleware.LoggingActionFilter | CorrelationId:0c7c34c691c948c0b63ba5d69ec3b6be | API Response: GET /api/examinations/stats | Status: 200 | Duration: 781ms
2026-04-20 17:38:18.952 +05:30 [INF] SmsApi.Middleware.LoggingActionFilter | CorrelationId:2ba2352de12e4a39bfd32269e689b6a0 | API Response: GET /api/examinations/stats | Status: 200 | Duration: 797ms
2026-04-20 17:38:18.987 +05:30 [ERR] SmsApi.Infrastructure.Performance.PerformanceMonitoringMiddleware | CorrelationId: | SLA BREACH: GET /api/examinations/exams took 2162ms — status 200. Investigate immediately.
2026-04-20 17:38:19.072 +05:30 [ERR] SmsApi.Infrastructure.Performance.PerformanceMonitoringMiddleware | CorrelationId: | SLA BREACH: GET /api/examinations/exams took 2084ms — status 200. Investigate immediately.
2026-04-20 17:38:19.365 +05:30 [INF] Serilog.AspNetCore.RequestLoggingMiddleware | CorrelationId:0c7c34c691c948c0b63ba5d69ec3b6be | HTTP GET /api/examinations/stats responded 200 in 2374.5788 ms
2026-04-20 17:38:19.484 +05:30 [INF] Serilog.AspNetCore.RequestLoggingMiddleware | CorrelationId:2ba2352de12e4a39bfd32269e689b6a0 | HTTP GET /api/examinations/stats responded 200 in 3186.5802 ms
2026-04-20 17:38:19.680 +05:30 [ERR] SmsApi.Infrastructure.Performance.PerformanceMonitoringMiddleware | CorrelationId: | SLA BREACH: GET /api/examinations/stats took 2374ms — status 200. Investigate immediately.
2026-04-20 17:38:19.682 +05:30 [ERR] SmsApi.Infrastructure.Performance.PerformanceMonitoringMiddleware | CorrelationId: | SLA BREACH: GET /api/examinations/stats took 3216ms — status 200. Investigate immediately.
2026-04-20 17:38:19.768 +05:30 [INF] Serilog.AspNetCore.RequestLoggingMiddleware | CorrelationId:9b9ebabb69d341b2bdb585a717a4dbfd | HTTP OPTIONS /api/academics/academic-years responded 204 in 0.1584 ms
2026-04-20 17:38:19.939 +05:30 [INF] Serilog.AspNetCore.RequestLoggingMiddleware | CorrelationId:d40e1c5d68da487da0a90007bb5ddb12 | HTTP OPTIONS /api/academics/academic-years responded 204 in 0.0478 ms
2026-04-20 17:38:20.088 +05:30 [INF] Serilog.AspNetCore.RequestLoggingMiddleware | CorrelationId:f031f3da1d20490aa13565eeddb4c27d | HTTP OPTIONS /api/academics/academic-years responded 204 in 0.0921 ms
2026-04-20 17:38:20.310 +05:30 [INF] SmsApi.Middleware.LoggingActionFilter | CorrelationId:1666b651ea5c4904a3e8005239d6f1e9 | API Request: GET /api/academics/academic-years | User: Unknown | School: 550e8400-e29b-41d4-a716-446655440000
2026-04-20 17:38:20.354 +05:30 [INF] SmsApi.Middleware.LoggingActionFilter | CorrelationId:1666b651ea5c4904a3e8005239d6f1e9 | API Response: GET /api/academics/academic-years | Status: 200 | Duration: 44ms
2026-04-20 17:38:20.368 +05:30 [INF] SmsApi.Middleware.LoggingActionFilter | CorrelationId:411cf7f195c54b31b361cba6b9a43339 | API Request: GET /api/settings/school/me | User: Unknown | School: 550e8400-e29b-41d4-a716-446655440000
2026-04-20 17:38:20.443 +05:30 [INF] Serilog.AspNetCore.RequestLoggingMiddleware | CorrelationId:1666b651ea5c4904a3e8005239d6f1e9 | HTTP GET /api/academics/academic-years responded 200 in 134.3211 ms
2026-04-20 17:38:20.445 +05:30 [INF] SmsApi.Middleware.LoggingActionFilter | CorrelationId:694bdb2368334bcbbc17860451d2088d | API Request: GET /api/academics/academic-years | User: Unknown | School: 550e8400-e29b-41d4-a716-446655440000
2026-04-20 17:38:20.539 +05:30 [INF] SmsApi.Middleware.LoggingActionFilter | CorrelationId:fb7137b8f0c54844bb96e1642d9624de | API Request: GET /api/academics/academic-years | User: Unknown | School: 550e8400-e29b-41d4-a716-446655440000
2026-04-20 17:38:20.561 +05:30 [INF] SmsApi.Middleware.LoggingActionFilter | CorrelationId:fb7137b8f0c54844bb96e1642d9624de | API Response: GET /api/academics/academic-years | Status: 200 | Duration: 21ms
2026-04-20 17:38:20.610 +05:30 [INF] SmsApi.Middleware.LoggingActionFilter | CorrelationId:694bdb2368334bcbbc17860451d2088d | API Response: GET /api/academics/academic-years | Status: 200 | Duration: 165ms
2026-04-20 17:38:20.701 +05:30 [INF] Serilog.AspNetCore.RequestLoggingMiddleware | CorrelationId:fb7137b8f0c54844bb96e1642d9624de | HTTP GET /api/academics/academic-years responded 200 in 162.3130 ms
2026-04-20 17:38:20.701 +05:30 [INF] Serilog.AspNetCore.RequestLoggingMiddleware | CorrelationId:694bdb2368334bcbbc17860451d2088d | HTTP GET /api/academics/academic-years responded 200 in 257.3717 ms
2026-04-20 17:38:22.049 +05:30 [INF] SmsApi.Middleware.LoggingActionFilter | CorrelationId:411cf7f195c54b31b361cba6b9a43339 | API Response: GET /api/settings/school/me | Status: 200 | Duration: 1680ms
2026-04-20 17:38:22.415 +05:30 [INF] Serilog.AspNetCore.RequestLoggingMiddleware | CorrelationId:411cf7f195c54b31b361cba6b9a43339 | HTTP GET /api/settings/school/me responded 200 in 2445.8048 ms
2026-04-20 17:38:22.453 +05:30 [ERR] SmsApi.Infrastructure.Performance.PerformanceMonitoringMiddleware | CorrelationId: | SLA BREACH: GET /api/settings/school/me took 2445ms — status 200. Investigate immediately.
2026-04-20 17:38:23.496 +05:30 [INF] Serilog.AspNetCore.RequestLoggingMiddleware | CorrelationId:b1416205a09b44858fd40dd4ec017ae8 | HTTP OPTIONS /api/library/issues responded 204 in 0.2475 ms
2026-04-20 17:38:23.500 +05:30 [INF] Serilog.AspNetCore.RequestLoggingMiddleware | CorrelationId:77675ef1c6c04e23ad99edf532685ed7 | HTTP OPTIONS /api/library/issues responded 204 in 0.1058 ms
2026-04-20 17:38:23.534 +05:30 [INF] Serilog.AspNetCore.RequestLoggingMiddleware | CorrelationId:2ce5fca718054b4286a26e5616ea9b06 | HTTP OPTIONS /api/library/books responded 204 in 46.5065 ms
2026-04-20 17:38:23.583 +05:30 [INF] Serilog.AspNetCore.RequestLoggingMiddleware | CorrelationId:469697e2f90941f2a90d53826e7baec4 | HTTP OPTIONS /api/library/books responded 204 in 0.0632 ms
2026-04-20 17:38:24.475 +05:30 [INF] Serilog.AspNetCore.RequestLoggingMiddleware | CorrelationId:035dc798c54e481f9a8cf83e410d816d | HTTP OPTIONS /api/library/stats responded 204 in 0.0598 ms
2026-04-20 17:38:25.012 +05:30 [INF] Serilog.AspNetCore.RequestLoggingMiddleware | CorrelationId:56161c84f6b14e5e8bc7ffef7a65aebc | HTTP OPTIONS /api/library/books responded 204 in 0.0808 ms
2026-04-20 17:38:26.046 +05:30 [INF] Serilog.AspNetCore.RequestLoggingMiddleware | CorrelationId:c2757f8d87ee4008859b4498e0d32199 | HTTP OPTIONS /api/library/issues responded 204 in 0.0504 ms
2026-04-20 17:38:26.050 +05:30 [INF] Serilog.AspNetCore.RequestLoggingMiddleware | CorrelationId:f958ea718b164c09a03956b3ab617d7b | HTTP OPTIONS /api/students responded 204 in 0.1411 ms
2026-04-20 17:38:26.052 +05:30 [INF] Serilog.AspNetCore.RequestLoggingMiddleware | CorrelationId:9e57f6ae7f7f4919a4590ec3f70deee5 | HTTP OPTIONS /api/library/books responded 204 in 0.0226 ms
2026-04-20 17:38:26.532 +05:30 [INF] Serilog.AspNetCore.RequestLoggingMiddleware | CorrelationId:7d3cfc140b504eaa8e17bd5c968b472a | HTTP OPTIONS /api/library/books responded 204 in 0.0509 ms
2026-04-20 17:38:27.072 +05:30 [INF] Serilog.AspNetCore.RequestLoggingMiddleware | CorrelationId:4fb16bc9d220413d945ebca3466c940c | HTTP OPTIONS /api/library/issues responded 204 in 0.0610 ms
2026-04-20 17:38:27.284 +05:30 [INF] Serilog.AspNetCore.RequestLoggingMiddleware | CorrelationId:7c0af52f1adf4c78bdf3b18e2df68237 | HTTP OPTIONS /api/library/issues responded 204 in 0.1233 ms
2026-04-20 17:38:27.413 +05:30 [INF] Serilog.AspNetCore.RequestLoggingMiddleware | CorrelationId:fd092ebcbc6e4aeba02b00798b876d77 | HTTP OPTIONS /api/library/stats responded 204 in 0.0562 ms
2026-04-20 17:38:27.417 +05:30 [INF] Serilog.AspNetCore.RequestLoggingMiddleware | CorrelationId:f8b5db87acf148eeb4edef976a0f6e01 | HTTP OPTIONS /api/library/issues responded 204 in 0.1127 ms
2026-04-20 17:38:27.499 +05:30 [INF] Serilog.AspNetCore.RequestLoggingMiddleware | CorrelationId:0d90c9190c9b4f12bf3e8f7ee8e17393 | HTTP OPTIONS /api/library/books responded 204 in 0.0629 ms
2026-04-20 17:38:27.819 +05:30 [INF] Serilog.AspNetCore.RequestLoggingMiddleware | CorrelationId:c35b3e3d86654edbbe00acf6a307f236 | HTTP OPTIONS /api/students responded 204 in 0.1287 ms
2026-04-20 17:38:27.976 +05:30 [INF] Serilog.AspNetCore.RequestLoggingMiddleware | CorrelationId:b56d43473cb146b5a26358e6b6c188ee | HTTP OPTIONS /api/library/books responded 204 in 0.0941 ms
2026-04-20 17:38:28.775 +05:30 [INF] SmsApi.Middleware.LoggingActionFilter | CorrelationId:2004f76f802b4e46b8d8a53a0001edc9 | API Request: GET /api/library/issues | User: Unknown | School: 550e8400-e29b-41d4-a716-446655440000
2026-04-20 17:38:29.711 +05:30 [INF] SmsApi.Middleware.LoggingActionFilter | CorrelationId:401bcc36ea6343038dd7c8516e083627 | API Request: GET /api/library/books | User: Unknown | School: 550e8400-e29b-41d4-a716-446655440000
2026-04-20 17:38:29.796 +05:30 [INF] SmsApi.Middleware.LoggingActionFilter | CorrelationId:d5d37859c5e14982a53ad820a11ae3b2 | API Request: GET /api/library/issues | User: Unknown | School: 550e8400-e29b-41d4-a716-446655440000
2026-04-20 17:38:30.285 +05:30 [INF] SmsApi.Middleware.LoggingActionFilter | CorrelationId:5ee5d8b7d2ba4da3beaad94c27824138 | API Request: GET /api/library/books | User: Unknown | School: 550e8400-e29b-41d4-a716-446655440000
2026-04-20 17:38:30.309 +05:30 [INF] SmsApi.Middleware.LoggingActionFilter | CorrelationId:fe23b1b19d814bfa9569b021b258fd24 | API Request: GET /api/library/stats | User: Unknown | School: 550e8400-e29b-41d4-a716-446655440000
2026-04-20 17:38:30.310 +05:30 [INF] SmsApi.Middleware.LoggingActionFilter | CorrelationId:dd35ea0ef35b44acad28d7393c3cdbb7 | API Request: GET /api/library/books | User: Unknown | School: 550e8400-e29b-41d4-a716-446655440000
2026-04-20 17:38:30.858 +05:30 [INF] SmsApi.Middleware.LoggingActionFilter | CorrelationId:401bcc36ea6343038dd7c8516e083627 | API Response: GET /api/library/books | Status: 200 | Duration: 1146ms
2026-04-20 17:38:30.878 +05:30 [INF] SmsApi.Middleware.LoggingActionFilter | CorrelationId:5ee5d8b7d2ba4da3beaad94c27824138 | API Response: GET /api/library/books | Status: 200 | Duration: 592ms
2026-04-20 17:38:30.878 +05:30 [INF] SmsApi.Middleware.LoggingActionFilter | CorrelationId:dd35ea0ef35b44acad28d7393c3cdbb7 | API Response: GET /api/library/books | Status: 200 | Duration: 548ms
2026-04-20 17:38:30.952 +05:30 [INF] SmsApi.Middleware.LoggingActionFilter | CorrelationId:2004f76f802b4e46b8d8a53a0001edc9 | API Response: GET /api/library/issues | Status: 200 | Duration: 2176ms
2026-04-20 17:38:30.988 +05:30 [INF] SmsApi.Middleware.LoggingActionFilter | CorrelationId:d5d37859c5e14982a53ad820a11ae3b2 | API Response: GET /api/library/issues | Status: 200 | Duration: 1191ms
2026-04-20 17:38:31.216 +05:30 [INF] Serilog.AspNetCore.RequestLoggingMiddleware | CorrelationId:dd35ea0ef35b44acad28d7393c3cdbb7 | HTTP GET /api/library/books responded 200 in 929.6385 ms
2026-04-20 17:38:31.217 +05:30 [INF] Serilog.AspNetCore.RequestLoggingMiddleware | CorrelationId:5ee5d8b7d2ba4da3beaad94c27824138 | HTTP GET /api/library/books responded 200 in 954.6773 ms
2026-04-20 17:38:31.251 +05:30 [INF] Serilog.AspNetCore.RequestLoggingMiddleware | CorrelationId:401bcc36ea6343038dd7c8516e083627 | HTTP GET /api/library/books responded 200 in 1612.3891 ms
2026-04-20 17:38:31.271 +05:30 [WRN] SmsApi.Infrastructure.Performance.PerformanceMonitoringMiddleware | CorrelationId: | Slow request: GET /api/library/books took 929ms — status 200.
2026-04-20 17:38:31.326 +05:30 [WRN] SmsApi.Infrastructure.Performance.PerformanceMonitoringMiddleware | CorrelationId: | Slow request: GET /api/library/books took 954ms — status 200.
2026-04-20 17:38:31.347 +05:30 [WRN] SmsApi.Infrastructure.Performance.PerformanceMonitoringMiddleware | CorrelationId: | Slow request: GET /api/library/books took 1612ms — status 200.
2026-04-20 17:38:31.402 +05:30 [INF] Serilog.AspNetCore.RequestLoggingMiddleware | CorrelationId:d5d37859c5e14982a53ad820a11ae3b2 | HTTP GET /api/library/issues responded 200 in 1661.5928 ms
2026-04-20 17:38:31.406 +05:30 [INF] Serilog.AspNetCore.RequestLoggingMiddleware | CorrelationId:2004f76f802b4e46b8d8a53a0001edc9 | HTTP GET /api/library/issues responded 200 in 2853.9253 ms
2026-04-20 17:38:31.701 +05:30 [INF] SmsApi.Middleware.LoggingActionFilter | CorrelationId:8d72e55127a843538548c431e630d20c | API Request: GET /api/library/issues | User: Unknown | School: 550e8400-e29b-41d4-a716-446655440000
2026-04-20 17:38:31.760 +05:30 [WRN] SmsApi.Infrastructure.Performance.PerformanceMonitoringMiddleware | CorrelationId: | Slow request: GET /api/library/issues took 1661ms — status 200.
2026-04-20 17:38:31.927 +05:30 [ERR] SmsApi.Infrastructure.Performance.PerformanceMonitoringMiddleware | CorrelationId: | SLA BREACH: GET /api/library/issues took 2853ms — status 200. Investigate immediately.
2026-04-20 17:38:32.089 +05:30 [INF] SmsApi.Middleware.LoggingActionFilter | CorrelationId:8d72e55127a843538548c431e630d20c | API Response: GET /api/library/issues | Status: 200 | Duration: 387ms
2026-04-20 17:38:32.526 +05:30 [INF] Serilog.AspNetCore.RequestLoggingMiddleware | CorrelationId:8d72e55127a843538548c431e630d20c | HTTP GET /api/library/issues responded 200 in 860.0441 ms
2026-04-20 17:38:32.607 +05:30 [WRN] SmsApi.Infrastructure.Performance.PerformanceMonitoringMiddleware | CorrelationId: | Slow request: GET /api/library/issues took 860ms — status 200.
2026-04-20 17:38:32.911 +05:30 [INF] SmsApi.Middleware.LoggingActionFilter | CorrelationId:3c1f817b5ea84681b17dc16e967fc319 | API Request: GET /api/library/issues | User: Unknown | School: 550e8400-e29b-41d4-a716-446655440000
2026-04-20 17:38:33.211 +05:30 [INF] SmsApi.Middleware.LoggingActionFilter | CorrelationId:fe23b1b19d814bfa9569b021b258fd24 | API Response: GET /api/library/stats | Status: 200 | Duration: 2901ms
2026-04-20 17:38:33.238 +05:30 [INF] SmsApi.Middleware.LoggingActionFilter | CorrelationId:1b534d962f6d4562bb0cdfecdd2bf33d | API Request: GET /api/library/books | User: Unknown | School: 550e8400-e29b-41d4-a716-446655440000
2026-04-20 17:38:33.747 +05:30 [INF] Serilog.AspNetCore.RequestLoggingMiddleware | CorrelationId:fe23b1b19d814bfa9569b021b258fd24 | HTTP GET /api/library/stats responded 200 in 3486.6588 ms
2026-04-20 17:38:33.849 +05:30 [ERR] SmsApi.Infrastructure.Performance.PerformanceMonitoringMiddleware | CorrelationId: | SLA BREACH: GET /api/library/stats took 3486ms — status 200. Investigate immediately.
2026-04-20 17:38:34.106 +05:30 [INF] SmsApi.Middleware.LoggingActionFilter | CorrelationId:3c1f817b5ea84681b17dc16e967fc319 | API Response: GET /api/library/issues | Status: 200 | Duration: 939ms
2026-04-20 17:38:34.356 +05:30 [INF] SmsApi.Middleware.LoggingActionFilter | CorrelationId:1b534d962f6d4562bb0cdfecdd2bf33d | API Response: GET /api/library/books | Status: 200 | Duration: 1117ms
2026-04-20 17:38:34.542 +05:30 [INF] Serilog.AspNetCore.RequestLoggingMiddleware | CorrelationId:3c1f817b5ea84681b17dc16e967fc319 | HTTP GET /api/library/issues responded 200 in 1763.2328 ms
2026-04-20 17:38:34.691 +05:30 [INF] Serilog.AspNetCore.RequestLoggingMiddleware | CorrelationId:1b534d962f6d4562bb0cdfecdd2bf33d | HTTP GET /api/library/books responded 200 in 1573.8458 ms
2026-04-20 17:38:34.760 +05:30 [WRN] SmsApi.Infrastructure.Performance.PerformanceMonitoringMiddleware | CorrelationId: | Slow request: GET /api/library/issues took 1762ms — status 200.
2026-04-20 17:38:35.031 +05:30 [WRN] SmsApi.Infrastructure.Performance.PerformanceMonitoringMiddleware | CorrelationId: | Slow request: GET /api/library/books took 1573ms — status 200.
2026-04-20 17:38:36.028 +05:30 [INF] SmsApi.Middleware.LoggingActionFilter | CorrelationId:13efabdc7b9d437ca3dc07674c5146fd | API Request: GET /api/students | User: Unknown | School: 550e8400-e29b-41d4-a716-446655440000
2026-04-20 17:38:36.963 +05:30 [INF] SmsApi.Middleware.LoggingActionFilter | CorrelationId:13efabdc7b9d437ca3dc07674c5146fd | API Response: GET /api/students | Status: 200 | Duration: 934ms
2026-04-20 17:38:37.735 +05:30 [INF] SmsApi.Middleware.LoggingActionFilter | CorrelationId:f7fd95ccbe1148689fdd8746808c0c98 | API Request: GET /api/library/books | User: Unknown | School: 550e8400-e29b-41d4-a716-446655440000
2026-04-20 17:38:37.736 +05:30 [INF] Serilog.AspNetCore.RequestLoggingMiddleware | CorrelationId:13efabdc7b9d437ca3dc07674c5146fd | HTTP GET /api/students responded 200 in 3915.5936 ms
2026-04-20 17:38:37.743 +05:30 [INF] SmsApi.Middleware.LoggingActionFilter | CorrelationId:9de583c3a1e9475ba017ab7cf9535677 | API Request: GET /api/library/issues | User: Unknown | School: 550e8400-e29b-41d4-a716-446655440000
2026-04-20 17:38:37.744 +05:30 [INF] SmsApi.Middleware.LoggingActionFilter | CorrelationId:91c5030d384f4441b041b7ead6c2a07a | API Request: GET /api/library/books | User: Unknown | School: 550e8400-e29b-41d4-a716-446655440000
2026-04-20 17:38:37.746 +05:30 [ERR] SmsApi.Infrastructure.Performance.PerformanceMonitoringMiddleware | CorrelationId: | SLA BREACH: GET /api/students took 3916ms — status 200. Investigate immediately.
2026-04-20 17:38:37.748 +05:30 [INF] SmsApi.Middleware.LoggingActionFilter | CorrelationId:f7fd95ccbe1148689fdd8746808c0c98 | API Response: GET /api/library/books | Status: 200 | Duration: 13ms
2026-04-20 17:38:37.754 +05:30 [INF] Serilog.AspNetCore.RequestLoggingMiddleware | CorrelationId:f7fd95ccbe1148689fdd8746808c0c98 | HTTP GET /api/library/books responded 200 in 1114.9425 ms
2026-04-20 17:38:37.749 +05:30 [INF] SmsApi.Middleware.LoggingActionFilter | CorrelationId:bde27d02a5a84edf8c6997a111d6bcbb | API Request: GET /api/library/issues | User: Unknown | School: 550e8400-e29b-41d4-a716-446655440000
2026-04-20 17:38:37.755 +05:30 [INF] SmsApi.Middleware.LoggingActionFilter | CorrelationId:91c5030d384f4441b041b7ead6c2a07a | API Response: GET /api/library/books | Status: 200 | Duration: 11ms
2026-04-20 17:38:37.756 +05:30 [WRN] SmsApi.Infrastructure.Performance.PerformanceMonitoringMiddleware | CorrelationId: | Slow request: GET /api/library/books took 1114ms — status 200.
2026-04-20 17:38:37.756 +05:30 [INF] SmsApi.Middleware.LoggingActionFilter | CorrelationId:12a0951e6bbb46d4bb1c9126fe4ca05c | API Request: GET /api/library/stats | User: Unknown | School: 550e8400-e29b-41d4-a716-446655440000
2026-04-20 17:38:37.758 +05:30 [INF] Serilog.AspNetCore.RequestLoggingMiddleware | CorrelationId:91c5030d384f4441b041b7ead6c2a07a | HTTP GET /api/library/books responded 200 in 16.9138 ms
2026-04-20 17:38:37.759 +05:30 [INF] SmsApi.Middleware.LoggingActionFilter | CorrelationId:9de583c3a1e9475ba017ab7cf9535677 | API Response: GET /api/library/issues | Status: 200 | Duration: 15ms
2026-04-20 17:38:37.811 +05:30 [INF] Serilog.AspNetCore.RequestLoggingMiddleware | CorrelationId:9de583c3a1e9475ba017ab7cf9535677 | HTTP GET /api/library/issues responded 200 in 72.5931 ms
2026-04-20 17:38:37.788 +05:30 [INF] SmsApi.Middleware.LoggingActionFilter | CorrelationId:12a0951e6bbb46d4bb1c9126fe4ca05c | API Response: GET /api/library/stats | Status: 200 | Duration: 31ms
2026-04-20 17:38:37.811 +05:30 [INF] SmsApi.Middleware.LoggingActionFilter | CorrelationId:ca00279230d54225a84bbe6ad4a0b5ed | API Request: GET /api/students | User: Unknown | School: 550e8400-e29b-41d4-a716-446655440000
2026-04-20 17:38:37.769 +05:30 [INF] SmsApi.Middleware.LoggingActionFilter | CorrelationId:bde27d02a5a84edf8c6997a111d6bcbb | API Response: GET /api/library/issues | Status: 200 | Duration: 20ms
2026-04-20 17:38:37.823 +05:30 [INF] Serilog.AspNetCore.RequestLoggingMiddleware | CorrelationId:12a0951e6bbb46d4bb1c9126fe4ca05c | HTTP GET /api/library/stats responded 200 in 70.3239 ms
2026-04-20 17:38:37.826 +05:30 [INF] SmsApi.Middleware.LoggingActionFilter | CorrelationId:8284867cf7f84794b4f48fd2ae5bde77 | API Request: GET /api/library/books | User: Unknown | School: 550e8400-e29b-41d4-a716-446655440000
2026-04-20 17:38:37.828 +05:30 [INF] Serilog.AspNetCore.RequestLoggingMiddleware | CorrelationId:bde27d02a5a84edf8c6997a111d6bcbb | HTTP GET /api/library/issues responded 200 in 82.2677 ms
2026-04-20 17:38:37.839 +05:30 [INF] SmsApi.Middleware.LoggingActionFilter | CorrelationId:8284867cf7f84794b4f48fd2ae5bde77 | API Response: GET /api/library/books | Status: 200 | Duration: 12ms
2026-04-20 17:38:37.841 +05:30 [INF] SmsApi.Middleware.LoggingActionFilter | CorrelationId:ca00279230d54225a84bbe6ad4a0b5ed | API Response: GET /api/students | Status: 200 | Duration: 30ms
2026-04-20 17:38:37.843 +05:30 [INF] Serilog.AspNetCore.RequestLoggingMiddleware | CorrelationId:8284867cf7f84794b4f48fd2ae5bde77 | HTTP GET /api/library/books responded 200 in 27.2018 ms
2026-04-20 17:38:37.848 +05:30 [INF] Serilog.AspNetCore.RequestLoggingMiddleware | CorrelationId:ca00279230d54225a84bbe6ad4a0b5ed | HTTP GET /api/students responded 200 in 74.5115 ms
2026-04-20 17:46:00.773 +05:30 [INF]  | CorrelationId: | Using distributed in-memory cache (development only)
2026-04-20 17:46:03.525 +05:30 [WRN] Microsoft.EntityFrameworkCore.Model.Validation | CorrelationId: | Entity 'Staff' has a global query filter defined and is the required end of a relationship with the entity 'Certificate'. This may lead to unexpected results when the required entity is filtered out. Either configure the navigation as optional, or define matching query filters for both entities in the navigation. See https://go.microsoft.com/fwlink/?linkid=2131316 for more information.
2026-04-20 17:46:03.527 +05:30 [WRN] Microsoft.EntityFrameworkCore.Model.Validation | CorrelationId: | Entity 'School' has a global query filter defined and is the required end of a relationship with the entity 'CertificateTemplate'. This may lead to unexpected results when the required entity is filtered out. Either configure the navigation as optional, or define matching query filters for both entities in the navigation. See https://go.microsoft.com/fwlink/?linkid=2131316 for more information.
2026-04-20 17:46:03.527 +05:30 [WRN] Microsoft.EntityFrameworkCore.Model.Validation | CorrelationId: | Entity 'School' has a global query filter defined and is the required end of a relationship with the entity 'Document'. This may lead to unexpected results when the required entity is filtered out. Either configure the navigation as optional, or define matching query filters for both entities in the navigation. See https://go.microsoft.com/fwlink/?linkid=2131316 for more information.
2026-04-20 17:46:03.527 +05:30 [WRN] Microsoft.EntityFrameworkCore.Model.Validation | CorrelationId: | Entity 'School' has a global query filter defined and is the required end of a relationship with the entity 'DocumentCategory'. This may lead to unexpected results when the required entity is filtered out. Either configure the navigation as optional, or define matching query filters for both entities in the navigation. See https://go.microsoft.com/fwlink/?linkid=2131316 for more information.
2026-04-20 17:46:03.527 +05:30 [WRN] Microsoft.EntityFrameworkCore.Model.Validation | CorrelationId: | Entity 'School' has a global query filter defined and is the required end of a relationship with the entity 'FeeAuditLog'. This may lead to unexpected results when the required entity is filtered out. Either configure the navigation as optional, or define matching query filters for both entities in the navigation. See https://go.microsoft.com/fwlink/?linkid=2131316 for more information.
2026-04-20 17:46:03.527 +05:30 [WRN] Microsoft.EntityFrameworkCore.Model.Validation | CorrelationId: | Entity 'School' has a global query filter defined and is the required end of a relationship with the entity 'Holiday'. This may lead to unexpected results when the required entity is filtered out. Either configure the navigation as optional, or define matching query filters for both entities in the navigation. See https://go.microsoft.com/fwlink/?linkid=2131316 for more information.
2026-04-20 17:46:03.527 +05:30 [WRN] Microsoft.EntityFrameworkCore.Model.Validation | CorrelationId: | Entity 'School' has a global query filter defined and is the required end of a relationship with the entity 'IDCard'. This may lead to unexpected results when the required entity is filtered out. Either configure the navigation as optional, or define matching query filters for both entities in the navigation. See https://go.microsoft.com/fwlink/?linkid=2131316 for more information.
2026-04-20 17:46:03.528 +05:30 [WRN] Microsoft.EntityFrameworkCore.Model.Validation | CorrelationId: | Entity 'School' has a global query filter defined and is the required end of a relationship with the entity 'IDCardTemplate'. This may lead to unexpected results when the required entity is filtered out. Either configure the navigation as optional, or define matching query filters for both entities in the navigation. See https://go.microsoft.com/fwlink/?linkid=2131316 for more information.
2026-04-20 17:46:03.528 +05:30 [WRN] Microsoft.EntityFrameworkCore.Model.Validation | CorrelationId: | Entity 'UserLogin' has a global query filter defined and is the required end of a relationship with the entity 'PasswordResetToken'. This may lead to unexpected results when the required entity is filtered out. Either configure the navigation as optional, or define matching query filters for both entities in the navigation. See https://go.microsoft.com/fwlink/?linkid=2131316 for more information.
2026-04-20 17:46:03.528 +05:30 [WRN] Microsoft.EntityFrameworkCore.Model.Validation | CorrelationId: | Entity 'School' has a global query filter defined and is the required end of a relationship with the entity 'PromotionHistory'. This may lead to unexpected results when the required entity is filtered out. Either configure the navigation as optional, or define matching query filters for both entities in the navigation. See https://go.microsoft.com/fwlink/?linkid=2131316 for more information.
2026-04-20 17:46:47.219 +05:30 [INF]  | CorrelationId: | Using distributed in-memory cache (development only)
2026-04-20 17:46:50.251 +05:30 [WRN] Microsoft.EntityFrameworkCore.Model.Validation | CorrelationId: | Entity 'Staff' has a global query filter defined and is the required end of a relationship with the entity 'Certificate'. This may lead to unexpected results when the required entity is filtered out. Either configure the navigation as optional, or define matching query filters for both entities in the navigation. See https://go.microsoft.com/fwlink/?linkid=2131316 for more information.
2026-04-20 17:46:50.264 +05:30 [WRN] Microsoft.EntityFrameworkCore.Model.Validation | CorrelationId: | Entity 'School' has a global query filter defined and is the required end of a relationship with the entity 'CertificateTemplate'. This may lead to unexpected results when the required entity is filtered out. Either configure the navigation as optional, or define matching query filters for both entities in the navigation. See https://go.microsoft.com/fwlink/?linkid=2131316 for more information.
2026-04-20 17:46:50.273 +05:30 [WRN] Microsoft.EntityFrameworkCore.Model.Validation | CorrelationId: | Entity 'School' has a global query filter defined and is the required end of a relationship with the entity 'Document'. This may lead to unexpected results when the required entity is filtered out. Either configure the navigation as optional, or define matching query filters for both entities in the navigation. See https://go.microsoft.com/fwlink/?linkid=2131316 for more information.
2026-04-20 17:46:50.282 +05:30 [WRN] Microsoft.EntityFrameworkCore.Model.Validation | CorrelationId: | Entity 'School' has a global query filter defined and is the required end of a relationship with the entity 'DocumentCategory'. This may lead to unexpected results when the required entity is filtered out. Either configure the navigation as optional, or define matching query filters for both entities in the navigation. See https://go.microsoft.com/fwlink/?linkid=2131316 for more information.
2026-04-20 17:46:50.287 +05:30 [WRN] Microsoft.EntityFrameworkCore.Model.Validation | CorrelationId: | Entity 'School' has a global query filter defined and is the required end of a relationship with the entity 'FeeAuditLog'. This may lead to unexpected results when the required entity is filtered out. Either configure the navigation as optional, or define matching query filters for both entities in the navigation. See https://go.microsoft.com/fwlink/?linkid=2131316 for more information.
2026-04-20 17:46:50.301 +05:30 [WRN] Microsoft.EntityFrameworkCore.Model.Validation | CorrelationId: | Entity 'School' has a global query filter defined and is the required end of a relationship with the entity 'Holiday'. This may lead to unexpected results when the required entity is filtered out. Either configure the navigation as optional, or define matching query filters for both entities in the navigation. See https://go.microsoft.com/fwlink/?linkid=2131316 for more information.
2026-04-20 17:46:50.306 +05:30 [WRN] Microsoft.EntityFrameworkCore.Model.Validation | CorrelationId: | Entity 'School' has a global query filter defined and is the required end of a relationship with the entity 'IDCard'. This may lead to unexpected results when the required entity is filtered out. Either configure the navigation as optional, or define matching query filters for both entities in the navigation. See https://go.microsoft.com/fwlink/?linkid=2131316 for more information.
2026-04-20 17:46:50.311 +05:30 [WRN] Microsoft.EntityFrameworkCore.Model.Validation | CorrelationId: | Entity 'School' has a global query filter defined and is the required end of a relationship with the entity 'IDCardTemplate'. This may lead to unexpected results when the required entity is filtered out. Either configure the navigation as optional, or define matching query filters for both entities in the navigation. See https://go.microsoft.com/fwlink/?linkid=2131316 for more information.
2026-04-20 17:46:50.316 +05:30 [WRN] Microsoft.EntityFrameworkCore.Model.Validation | CorrelationId: | Entity 'UserLogin' has a global query filter defined and is the required end of a relationship with the entity 'PasswordResetToken'. This may lead to unexpected results when the required entity is filtered out. Either configure the navigation as optional, or define matching query filters for both entities in the navigation. See https://go.microsoft.com/fwlink/?linkid=2131316 for more information.
2026-04-20 17:46:50.330 +05:30 [WRN] Microsoft.EntityFrameworkCore.Model.Validation | CorrelationId: | Entity 'School' has a global query filter defined and is the required end of a relationship with the entity 'PromotionHistory'. This may lead to unexpected results when the required entity is filtered out. Either configure the navigation as optional, or define matching query filters for both entities in the navigation. See https://go.microsoft.com/fwlink/?linkid=2131316 for more information.
2026-04-20 17:46:50.431 +05:30 [WRN] Microsoft.EntityFrameworkCore.Model.Validation | CorrelationId: | The foreign key property 'Staff.ReportingToId1' was created in shadow state because a conflicting property with the simple name 'ReportingToId' exists in the entity type, but is either not mapped, is already used for another relationship, or is incompatible with the associated primary key type. See https://aka.ms/efcore-relationships for information on mapping relationships in EF Core.
2026-04-20 17:46:51.785 +05:30 [INF] Program | CorrelationId: | Database migrations applied successfully.
2026-04-20 17:46:52.850 +05:30 [INF] Microsoft.Hosting.Lifetime | CorrelationId: | Now listening on: http://localhost:5092
2026-04-20 17:46:52.853 +05:30 [INF] Microsoft.Hosting.Lifetime | CorrelationId: | Application started. Press Ctrl+C to shut down.
2026-04-20 17:46:52.855 +05:30 [INF] Microsoft.Hosting.Lifetime | CorrelationId: | Hosting environment: Development
2026-04-20 17:46:52.857 +05:30 [INF] Microsoft.Hosting.Lifetime | CorrelationId: | Content root path: C:\Vitana\Vitana Group\sms-api
2026-04-20 17:47:06.967 +05:30 [WRN] Microsoft.AspNetCore.HttpsPolicy.HttpsRedirectionMiddleware | CorrelationId:e2d2eff73e674a06bda1bd1417f2a6b2 | Failed to determine the https port for redirect.
2026-04-20 17:47:07.127 +05:30 [INF] SmsApi.Middleware.LoggingActionFilter | CorrelationId:e2d2eff73e674a06bda1bd1417f2a6b2 | API Request: POST /api/Auth/login | User: Unknown | School: Unknown
2026-04-20 17:47:09.421 +05:30 [INF] SmsApi.Controllers.AuthController | CorrelationId:e2d2eff73e674a06bda1bd1417f2a6b2 | Login successful for admin (SchoolId: "550e8400-e29b-41d4-a716-446655440000")
2026-04-20 17:47:09.468 +05:30 [INF] SmsApi.Middleware.LoggingActionFilter | CorrelationId:e2d2eff73e674a06bda1bd1417f2a6b2 | API Response: POST /api/Auth/login | Status: 200 | Duration: 2341ms
2026-04-20 17:47:09.725 +05:30 [INF] Serilog.AspNetCore.RequestLoggingMiddleware | CorrelationId:e2d2eff73e674a06bda1bd1417f2a6b2 | HTTP POST /api/Auth/login responded 200 in 2773.0630 ms
2026-04-20 17:47:09.811 +05:30 [ERR] SmsApi.Infrastructure.Performance.PerformanceMonitoringMiddleware | CorrelationId: | SLA BREACH: POST /api/Auth/login took 2668ms — status 200. Investigate immediately.
2026-04-20 17:47:19.688 +05:30 [INF] SmsApi.Middleware.LoggingActionFilter | CorrelationId:20d1f3ba5ca942969cc002420d33a720 | API Request: POST /api/Permissions/seed | User: Unknown | School: 550e8400-e29b-41d4-a716-446655440000
2026-04-20 17:47:19.836 +05:30 [INF] SmsApi.Middleware.LoggingActionFilter | CorrelationId:20d1f3ba5ca942969cc002420d33a720 | API Response: POST /api/Permissions/seed | Status: 200 | Duration: 148ms
2026-04-20 17:47:19.852 +05:30 [INF] Serilog.AspNetCore.RequestLoggingMiddleware | CorrelationId:20d1f3ba5ca942969cc002420d33a720 | HTTP POST /api/Permissions/seed responded 200 in 223.9484 ms
2026-04-20 17:47:19.918 +05:30 [INF] Serilog.AspNetCore.RequestLoggingMiddleware | CorrelationId:586fd62c2d134343ae2b5ac7718a0970 | HTTP POST /api/Permissions/roles responded 400 in 38.8493 ms
2026-04-20 17:47:19.960 +05:30 [INF] Serilog.AspNetCore.RequestLoggingMiddleware | CorrelationId:2e3386971c0e432084e4e99f0ccf7f16 | HTTP POST /api/Permissions/roles responded 400 in 5.6781 ms
2026-04-20 17:47:20.012 +05:30 [INF] Serilog.AspNetCore.RequestLoggingMiddleware | CorrelationId:e18d7e71fd724fbe9be959a56b8451db | HTTP POST /api/Permissions/roles responded 400 in 4.4674 ms
2026-04-20 17:47:20.039 +05:30 [INF] Serilog.AspNetCore.RequestLoggingMiddleware | CorrelationId:f7639d533b474758993c3f758360bdae | HTTP POST /api/Permissions/roles responded 400 in 3.8195 ms
2026-04-20 17:47:20.065 +05:30 [INF] Serilog.AspNetCore.RequestLoggingMiddleware | CorrelationId:0ca9ccf6dbec48afb7070671de33ab42 | HTTP POST /api/Permissions/roles responded 400 in 3.5070 ms
2026-04-20 17:47:20.085 +05:30 [INF] SmsApi.Middleware.LoggingActionFilter | CorrelationId:9984db811abd460ebfa08b7479a60772 | API Request: GET /api/Permissions/roles | User: Unknown | School: 550e8400-e29b-41d4-a716-446655440000
2026-04-20 17:47:20.138 +05:30 [INF] SmsApi.Middleware.LoggingActionFilter | CorrelationId:9984db811abd460ebfa08b7479a60772 | API Response: GET /api/Permissions/roles | Status: 200 | Duration: 53ms
2026-04-20 17:47:20.146 +05:30 [INF] Serilog.AspNetCore.RequestLoggingMiddleware | CorrelationId:9984db811abd460ebfa08b7479a60772 | HTTP GET /api/Permissions/roles responded 200 in 70.6938 ms
2026-04-20 17:47:20.188 +05:30 [INF] Serilog.AspNetCore.RequestLoggingMiddleware | CorrelationId:d02078c890f44fedb492a4f405f74e3f | HTTP GET /api/Permissions/roles//school/550e8400-e29b-41d4-a716-446655440000 responded 404 in 1.4180 ms
2026-04-20 17:47:20.206 +05:30 [INF] Serilog.AspNetCore.RequestLoggingMiddleware | CorrelationId:a5d4fdc0a4274e47b94ae68ee43f7a26 | HTTP PUT /api/Permissions/roles/ responded 405 in 3.8052 ms
2026-04-20 17:47:20.223 +05:30 [INF] Serilog.AspNetCore.RequestLoggingMiddleware | CorrelationId:a5cf90868eee41519455e5763e9c3ff2 | HTTP DELETE /api/Permissions/roles/ responded 405 in 2.9169 ms
2026-04-20 17:47:20.260 +05:30 [INF] SmsApi.Middleware.LoggingActionFilter | CorrelationId:b1c4764ca3414cc189ad83306928b17b | API Request: DELETE /api/Permissions/roles/64913b0f-5976-42c6-b1e0-9b3106a48b19 | User: Unknown | School: 550e8400-e29b-41d4-a716-446655440000
2026-04-20 17:47:20.287 +05:30 [INF] SmsApi.Middleware.LoggingActionFilter | CorrelationId:b1c4764ca3414cc189ad83306928b17b | API Response: DELETE /api/Permissions/roles/64913b0f-5976-42c6-b1e0-9b3106a48b19 | Status: 200 | Duration: 26ms
2026-04-20 17:47:20.319 +05:30 [INF] Serilog.AspNetCore.RequestLoggingMiddleware | CorrelationId:b1c4764ca3414cc189ad83306928b17b | HTTP DELETE /api/Permissions/roles/64913b0f-5976-42c6-b1e0-9b3106a48b19 responded 404 in 62.3430 ms
2026-04-20 17:47:20.352 +05:30 [INF] Serilog.AspNetCore.RequestLoggingMiddleware | CorrelationId:382a23f47b5d422c9e48078b3a41860b | HTTP POST /api/Permissions/permissions responded 400 in 7.9413 ms
2026-04-20 17:47:20.377 +05:30 [INF] Serilog.AspNetCore.RequestLoggingMiddleware | CorrelationId:a0e9d2962c9a443aa87cefc5110fa2ca | HTTP POST /api/Permissions/permissions responded 400 in 3.8265 ms
2026-04-20 17:47:20.395 +05:30 [INF] SmsApi.Middleware.LoggingActionFilter | CorrelationId:06c58c3387c34e3588e86f8dffc03f34 | API Request: GET /api/Permissions/permissions | User: Unknown | School: 550e8400-e29b-41d4-a716-446655440000
2026-04-20 17:47:20.412 +05:30 [INF] SmsApi.Middleware.LoggingActionFilter | CorrelationId:06c58c3387c34e3588e86f8dffc03f34 | API Response: GET /api/Permissions/permissions | Status: 200 | Duration: 17ms
2026-04-20 17:47:20.421 +05:30 [INF] Serilog.AspNetCore.RequestLoggingMiddleware | CorrelationId:06c58c3387c34e3588e86f8dffc03f34 | HTTP GET /api/Permissions/permissions responded 200 in 30.5218 ms
2026-04-20 17:47:20.485 +05:30 [INF] SmsApi.Middleware.LoggingActionFilter | CorrelationId:1a33e8765e5a44bbb7dc2c64b23d78fc | API Request: GET /api/Permissions/permissions/grouped | User: Unknown | School: 550e8400-e29b-41d4-a716-446655440000
2026-04-20 17:47:20.496 +05:30 [INF] SmsApi.Middleware.LoggingActionFilter | CorrelationId:1a33e8765e5a44bbb7dc2c64b23d78fc | API Response: GET /api/Permissions/permissions/grouped | Status: 200 | Duration: 11ms
2026-04-20 17:47:20.505 +05:30 [INF] Serilog.AspNetCore.RequestLoggingMiddleware | CorrelationId:1a33e8765e5a44bbb7dc2c64b23d78fc | HTTP GET /api/Permissions/permissions/grouped responded 200 in 24.3218 ms
2026-04-20 17:47:20.573 +05:30 [INF] Serilog.AspNetCore.RequestLoggingMiddleware | CorrelationId:b277b525ea584cdb87ad4dd85c57085f | HTTP POST /api/Permissions/roles responded 400 in 3.6941 ms
2026-04-20 17:47:20.608 +05:30 [INF] Serilog.AspNetCore.RequestLoggingMiddleware | CorrelationId:9d6085497f354039bb079adb766b36bc | HTTP GET /api/Permissions/roles//permissions/ids responded 404 in 0.7135 ms
2026-04-20 17:47:20.639 +05:30 [INF] Serilog.AspNetCore.RequestLoggingMiddleware | CorrelationId:31d3d81ded6a4800b09c513c300786ec | HTTP PUT /api/Permissions/roles//permissions responded 404 in 4.6309 ms
2026-04-20 17:47:20.660 +05:30 [INF] Serilog.AspNetCore.RequestLoggingMiddleware | CorrelationId:2ab1781770064fb5993e3d899fcd3a75 | HTTP GET /api/Permissions/roles//permissions/ids responded 404 in 0.6335 ms
2026-04-20 17:47:20.683 +05:30 [INF] SmsApi.Middleware.LoggingActionFilter | CorrelationId:5836870a19f444aca86cf7e06ca8980e | API Request: GET /api/Permissions/roles | User: Unknown | School: 550e8400-e29b-41d4-a716-446655440000
2026-04-20 17:47:20.702 +05:30 [INF] SmsApi.Middleware.LoggingActionFilter | CorrelationId:5836870a19f444aca86cf7e06ca8980e | API Response: GET /api/Permissions/roles | Status: 200 | Duration: 19ms
2026-04-20 17:47:20.707 +05:30 [INF] Serilog.AspNetCore.RequestLoggingMiddleware | CorrelationId:5836870a19f444aca86cf7e06ca8980e | HTTP GET /api/Permissions/roles responded 200 in 24.9360 ms
2026-04-20 17:47:20.802 +05:30 [INF] Serilog.AspNetCore.RequestLoggingMiddleware | CorrelationId:07e613c0541a45c69891bc7cb1cf1bf7 | HTTP POST /api/Permissions/user-roles responded 400 in 9.0595 ms
2026-04-20 17:47:20.821 +05:30 [INF] Serilog.AspNetCore.RequestLoggingMiddleware | CorrelationId:2490089825a7460f895988ed296f8937 | HTTP POST /api/Permissions/user-roles responded 400 in 7.4769 ms
2026-04-20 17:47:20.834 +05:30 [INF] Serilog.AspNetCore.RequestLoggingMiddleware | CorrelationId:af977f174e1d452ea720de5557d3fc33 | HTTP POST /api/Permissions/user-roles responded 400 in 4.1300 ms
2026-04-20 17:47:20.853 +05:30 [INF] Serilog.AspNetCore.RequestLoggingMiddleware | CorrelationId:b78d9c66e39046f8b371f5a1714b5007 | HTTP POST /api/Permissions/check responded 400 in 5.9169 ms
2026-04-20 17:47:20.871 +05:30 [INF] SmsApi.Middleware.LoggingActionFilter | CorrelationId:35f1daa3283d476a9269ac450d02c4dd | API Request: GET /api/Permissions/stats | User: Unknown | School: 550e8400-e29b-41d4-a716-446655440000
2026-04-20 17:47:20.898 +05:30 [INF] SmsApi.Middleware.LoggingActionFilter | CorrelationId:35f1daa3283d476a9269ac450d02c4dd | API Response: GET /api/Permissions/stats | Status: 200 | Duration: 27ms
2026-04-20 17:47:20.903 +05:30 [INF] Serilog.AspNetCore.RequestLoggingMiddleware | CorrelationId:35f1daa3283d476a9269ac450d02c4dd | HTTP GET /api/Permissions/stats responded 200 in 34.9873 ms
2026-04-20 17:47:20.936 +05:30 [INF] SmsApi.Middleware.LoggingActionFilter | CorrelationId:b6cf7caae3e74f66a1d1c307bd3a82dc | API Request: GET /api/Permissions/roles | User: Unknown | School: 550e8400-e29b-41d4-a716-446655440000
2026-04-20 17:47:20.945 +05:30 [INF] SmsApi.Middleware.LoggingActionFilter | CorrelationId:b6cf7caae3e74f66a1d1c307bd3a82dc | API Response: GET /api/Permissions/roles | Status: 200 | Duration: 8ms
2026-04-20 17:47:20.949 +05:30 [INF] Serilog.AspNetCore.RequestLoggingMiddleware | CorrelationId:b6cf7caae3e74f66a1d1c307bd3a82dc | HTTP GET /api/Permissions/roles responded 200 in 14.2975 ms
2026-04-20 17:47:20.997 +05:30 [INF] SmsApi.Middleware.LoggingActionFilter | CorrelationId:e7025f844c934982ab8697816037d926 | API Request: GET /api/Permissions/roles | User: Unknown | School: 550e8400-e29b-41d4-a716-446655440000
2026-04-20 17:47:21.013 +05:30 [INF] SmsApi.Middleware.LoggingActionFilter | CorrelationId:e7025f844c934982ab8697816037d926 | API Response: GET /api/Permissions/roles | Status: 200 | Duration: 16ms
2026-04-20 17:47:21.131 +05:30 [INF] Serilog.AspNetCore.RequestLoggingMiddleware | CorrelationId:e7025f844c934982ab8697816037d926 | HTTP GET /api/Permissions/roles responded 200 in 134.4243 ms
2026-04-20 17:47:21.185 +05:30 [INF] SmsApi.Middleware.LoggingActionFilter | CorrelationId:f1be2dd608104d019a27ac09a1e1d817 | API Request: GET /api/Permissions/users-with-roles | User: Unknown | School: 550e8400-e29b-41d4-a716-446655440000
2026-04-20 17:47:21.277 +05:30 [INF] SmsApi.Middleware.LoggingActionFilter | CorrelationId:f1be2dd608104d019a27ac09a1e1d817 | API Response: GET /api/Permissions/users-with-roles | Status: 200 | Duration: 91ms
2026-04-20 17:47:21.331 +05:30 [INF] Serilog.AspNetCore.RequestLoggingMiddleware | CorrelationId:f1be2dd608104d019a27ac09a1e1d817 | HTTP GET /api/Permissions/users-with-roles responded 200 in 148.2544 ms
2026-04-20 17:47:22.018 +05:30 [INF] Serilog.AspNetCore.RequestLoggingMiddleware | CorrelationId:e3632185649b47cb817b6875bca93eb8 | HTTP PUT /api/Permissions/roles/4de5986d-24f4-41fb-85c0-0a27e7f2004c/permissions responded 400 in 11.8905 ms
2026-04-20 17:47:22.027 +05:30 [INF] SmsApi.Middleware.LoggingActionFilter | CorrelationId:bcbd2e0e937f4dac81b85f8b3b538812 | API Request: DELETE /api/Permissions/roles/4de5986d-24f4-41fb-85c0-0a27e7f2004c | User: Unknown | School: 550e8400-e29b-41d4-a716-446655440000
2026-04-20 17:47:22.034 +05:30 [INF] SmsApi.Middleware.LoggingActionFilter | CorrelationId:bcbd2e0e937f4dac81b85f8b3b538812 | API Response: DELETE /api/Permissions/roles/4de5986d-24f4-41fb-85c0-0a27e7f2004c | Status: 200 | Duration: 6ms
2026-04-20 17:47:22.043 +05:30 [INF] Serilog.AspNetCore.RequestLoggingMiddleware | CorrelationId:bcbd2e0e937f4dac81b85f8b3b538812 | HTTP DELETE /api/Permissions/roles/4de5986d-24f4-41fb-85c0-0a27e7f2004c responded 400 in 16.3514 ms
2026-04-20 17:47:39.042 +05:30 [INF] SmsApi.Middleware.LoggingActionFilter | CorrelationId:8aacb882270d4ce98f29509f92bdbb87 | API Request: POST /api/Auth/login | User: Unknown | School: Unknown
2026-04-20 17:47:39.593 +05:30 [INF] SmsApi.Controllers.AuthController | CorrelationId:8aacb882270d4ce98f29509f92bdbb87 | Login successful for admin (SchoolId: "550e8400-e29b-41d4-a716-446655440000")
2026-04-20 17:47:39.600 +05:30 [INF] SmsApi.Middleware.LoggingActionFilter | CorrelationId:8aacb882270d4ce98f29509f92bdbb87 | API Response: POST /api/Auth/login | Status: 200 | Duration: 557ms
2026-04-20 17:47:39.610 +05:30 [INF] Serilog.AspNetCore.RequestLoggingMiddleware | CorrelationId:8aacb882270d4ce98f29509f92bdbb87 | HTTP POST /api/Auth/login responded 200 in 574.4490 ms
2026-04-20 17:47:39.619 +05:30 [WRN] SmsApi.Infrastructure.Performance.PerformanceMonitoringMiddleware | CorrelationId: | Slow request: POST /api/Auth/login took 569ms — status 200.
2026-04-20 17:47:39.679 +05:30 [INF] SmsApi.Middleware.LoggingActionFilter | CorrelationId:cb0e782efff549228ac68dafc8f8f0e3 | API Request: POST /api/Permissions/seed | User: Unknown | School: 550e8400-e29b-41d4-a716-446655440000
2026-04-20 17:47:39.745 +05:30 [INF] SmsApi.Middleware.LoggingActionFilter | CorrelationId:cb0e782efff549228ac68dafc8f8f0e3 | API Response: POST /api/Permissions/seed | Status: 200 | Duration: 65ms
2026-04-20 17:47:39.763 +05:30 [INF] Serilog.AspNetCore.RequestLoggingMiddleware | CorrelationId:cb0e782efff549228ac68dafc8f8f0e3 | HTTP POST /api/Permissions/seed responded 200 in 86.0758 ms
2026-04-20 17:47:39.835 +05:30 [INF] Serilog.AspNetCore.RequestLoggingMiddleware | CorrelationId:b80e7d08ea2246edaf724be84e15b384 | HTTP POST /api/Permissions/roles responded 400 in 7.5242 ms
2026-04-20 17:47:39.973 +05:30 [INF] Serilog.AspNetCore.RequestLoggingMiddleware | CorrelationId:c5a4043eda8649bb8cff7c49d5bef0ef | HTTP POST /api/Permissions/roles responded 400 in 5.0459 ms
2026-04-20 17:47:40.005 +05:30 [INF] Serilog.AspNetCore.RequestLoggingMiddleware | CorrelationId:c1f828820c4246ce8af2cc94f8436160 | HTTP POST /api/Permissions/roles responded 400 in 3.6476 ms
2026-04-20 17:47:40.023 +05:30 [INF] Serilog.AspNetCore.RequestLoggingMiddleware | CorrelationId:0baa2b153fdf4e0ca1b345217901d001 | HTTP POST /api/Permissions/roles responded 400 in 5.0516 ms
2026-04-20 17:47:40.053 +05:30 [INF] Serilog.AspNetCore.RequestLoggingMiddleware | CorrelationId:f13b5ca892c242ccbfb864d53d6e0e17 | HTTP POST /api/Permissions/roles responded 400 in 6.1063 ms
2026-04-20 17:47:40.068 +05:30 [INF] SmsApi.Middleware.LoggingActionFilter | CorrelationId:8332cf87918d4ee7a06a25ac724e5806 | API Request: GET /api/Permissions/roles | User: Unknown | School: 550e8400-e29b-41d4-a716-446655440000
2026-04-20 17:47:40.083 +05:30 [INF] SmsApi.Middleware.LoggingActionFilter | CorrelationId:8332cf87918d4ee7a06a25ac724e5806 | API Response: GET /api/Permissions/roles | Status: 200 | Duration: 15ms
2026-04-20 17:47:40.087 +05:30 [INF] Serilog.AspNetCore.RequestLoggingMiddleware | CorrelationId:8332cf87918d4ee7a06a25ac724e5806 | HTTP GET /api/Permissions/roles responded 200 in 20.4095 ms
2026-04-20 17:47:40.203 +05:30 [INF] Serilog.AspNetCore.RequestLoggingMiddleware | CorrelationId:c3f7f8ad5bca4a5bb71600077922e72b | HTTP GET /api/Permissions/roles//school/550e8400-e29b-41d4-a716-446655440000 responded 404 in 1.1285 ms
2026-04-20 17:47:40.239 +05:30 [INF] Serilog.AspNetCore.RequestLoggingMiddleware | CorrelationId:ec034ab3445a473dbf00bc853798b2ce | HTTP PUT /api/Permissions/roles/ responded 405 in 3.3120 ms
2026-04-20 17:47:40.256 +05:30 [INF] Serilog.AspNetCore.RequestLoggingMiddleware | CorrelationId:4971caf18c0348639906bc65246e3e84 | HTTP DELETE /api/Permissions/roles/ responded 405 in 3.2739 ms
2026-04-20 17:47:40.276 +05:30 [INF] SmsApi.Middleware.LoggingActionFilter | CorrelationId:1f10e35683fe4eca94ed5cb9c0fc16dd | API Request: DELETE /api/Permissions/roles/dc16471f-ea62-4b84-a511-359b00857d90 | User: Unknown | School: 550e8400-e29b-41d4-a716-446655440000
2026-04-20 17:47:40.281 +05:30 [INF] SmsApi.Middleware.LoggingActionFilter | CorrelationId:1f10e35683fe4eca94ed5cb9c0fc16dd | API Response: DELETE /api/Permissions/roles/dc16471f-ea62-4b84-a511-359b00857d90 | Status: 200 | Duration: 5ms
2026-04-20 17:47:40.286 +05:30 [INF] Serilog.AspNetCore.RequestLoggingMiddleware | CorrelationId:1f10e35683fe4eca94ed5cb9c0fc16dd | HTTP DELETE /api/Permissions/roles/dc16471f-ea62-4b84-a511-359b00857d90 responded 404 in 13.4455 ms
2026-04-20 17:47:40.305 +05:30 [INF] Serilog.AspNetCore.RequestLoggingMiddleware | CorrelationId:fbbcc4996fb34f8d890b402cdb09314b | HTTP POST /api/Permissions/permissions responded 400 in 6.5348 ms
2026-04-20 17:47:40.325 +05:30 [INF] Serilog.AspNetCore.RequestLoggingMiddleware | CorrelationId:96e8e32f37184ac8977a1e22957a38c7 | HTTP POST /api/Permissions/permissions responded 400 in 4.0699 ms
2026-04-20 17:47:40.340 +05:30 [INF] SmsApi.Middleware.LoggingActionFilter | CorrelationId:68e548eb7063479aa5f03ae4780a02ea | API Request: GET /api/Permissions/permissions | User: Unknown | School: 550e8400-e29b-41d4-a716-446655440000
2026-04-20 17:47:40.363 +05:30 [INF] SmsApi.Middleware.LoggingActionFilter | CorrelationId:68e548eb7063479aa5f03ae4780a02ea | API Response: GET /api/Permissions/permissions | Status: 200 | Duration: 23ms
2026-04-20 17:47:40.373 +05:30 [INF] Serilog.AspNetCore.RequestLoggingMiddleware | CorrelationId:68e548eb7063479aa5f03ae4780a02ea | HTTP GET /api/Permissions/permissions responded 200 in 34.2763 ms
2026-04-20 17:47:40.463 +05:30 [INF] SmsApi.Middleware.LoggingActionFilter | CorrelationId:7d106939762c4780a49057c0b6b5e193 | API Request: GET /api/Permissions/permissions/grouped | User: Unknown | School: 550e8400-e29b-41d4-a716-446655440000
2026-04-20 17:47:40.556 +05:30 [INF] SmsApi.Middleware.LoggingActionFilter | CorrelationId:7d106939762c4780a49057c0b6b5e193 | API Response: GET /api/Permissions/permissions/grouped | Status: 200 | Duration: 93ms
2026-04-20 17:47:40.575 +05:30 [INF] Serilog.AspNetCore.RequestLoggingMiddleware | CorrelationId:7d106939762c4780a49057c0b6b5e193 | HTTP GET /api/Permissions/permissions/grouped responded 200 in 112.9985 ms
2026-04-20 17:47:40.620 +05:30 [INF] Serilog.AspNetCore.RequestLoggingMiddleware | CorrelationId:00cbee66bad44215818670cb1ede58c9 | HTTP POST /api/Permissions/roles responded 400 in 3.1355 ms
2026-04-20 17:47:40.632 +05:30 [INF] Serilog.AspNetCore.RequestLoggingMiddleware | CorrelationId:9fb0e5facf6c4a018b4d9b72e53502a0 | HTTP GET /api/Permissions/roles//permissions/ids responded 404 in 0.6185 ms
2026-04-20 17:47:40.646 +05:30 [INF] Serilog.AspNetCore.RequestLoggingMiddleware | CorrelationId:9596381cc0924e9cafcb43dc76a373b0 | HTTP PUT /api/Permissions/roles//permissions responded 404 in 2.3783 ms
2026-04-20 17:47:40.671 +05:30 [INF] Serilog.AspNetCore.RequestLoggingMiddleware | CorrelationId:0e9452e03fe540df9d8eff4601d586b0 | HTTP GET /api/Permissions/roles//permissions/ids responded 404 in 0.5279 ms
2026-04-20 17:47:40.684 +05:30 [INF] SmsApi.Middleware.LoggingActionFilter | CorrelationId:ce5397118e9140f1ad16ecb95164f727 | API Request: GET /api/Permissions/roles | User: Unknown | School: 550e8400-e29b-41d4-a716-446655440000
2026-04-20 17:47:40.694 +05:30 [INF] SmsApi.Middleware.LoggingActionFilter | CorrelationId:ce5397118e9140f1ad16ecb95164f727 | API Response: GET /api/Permissions/roles | Status: 200 | Duration: 10ms
2026-04-20 17:47:40.698 +05:30 [INF] Serilog.AspNetCore.RequestLoggingMiddleware | CorrelationId:ce5397118e9140f1ad16ecb95164f727 | HTTP GET /api/Permissions/roles responded 200 in 14.4952 ms
2026-04-20 17:47:40.764 +05:30 [INF] Serilog.AspNetCore.RequestLoggingMiddleware | CorrelationId:9d772678902244d49fe13e1770afdc8a | HTTP POST /api/Permissions/user-roles responded 400 in 3.7292 ms
2026-04-20 17:47:40.781 +05:30 [INF] Serilog.AspNetCore.RequestLoggingMiddleware | CorrelationId:3f61b202a8c44af38b30d944a12d23ce | HTTP POST /api/Permissions/user-roles responded 400 in 3.4766 ms
2026-04-20 17:47:40.798 +05:30 [INF] Serilog.AspNetCore.RequestLoggingMiddleware | CorrelationId:bee805e3e0a545579851e0c39f8f9a75 | HTTP POST /api/Permissions/user-roles responded 400 in 5.3504 ms
2026-04-20 17:47:40.823 +05:30 [INF] Serilog.AspNetCore.RequestLoggingMiddleware | CorrelationId:231fd20f415d47ed96848278d5a58422 | HTTP POST /api/Permissions/check responded 400 in 4.9627 ms
2026-04-20 17:47:40.833 +05:30 [INF] SmsApi.Middleware.LoggingActionFilter | CorrelationId:adf78d21f9fb47179101e7dc72b03994 | API Request: GET /api/Permissions/stats | User: Unknown | School: 550e8400-e29b-41d4-a716-446655440000
2026-04-20 17:47:40.841 +05:30 [INF] SmsApi.Middleware.LoggingActionFilter | CorrelationId:adf78d21f9fb47179101e7dc72b03994 | API Response: GET /api/Permissions/stats | Status: 200 | Duration: 7ms
2026-04-20 17:47:40.845 +05:30 [INF] Serilog.AspNetCore.RequestLoggingMiddleware | CorrelationId:adf78d21f9fb47179101e7dc72b03994 | HTTP GET /api/Permissions/stats responded 200 in 12.2647 ms
2026-04-20 17:47:40.871 +05:30 [INF] SmsApi.Middleware.LoggingActionFilter | CorrelationId:d76d0bca5fda4653b46e33a524fd05fe | API Request: GET /api/Permissions/roles | User: Unknown | School: 550e8400-e29b-41d4-a716-446655440000
2026-04-20 17:47:40.888 +05:30 [INF] SmsApi.Middleware.LoggingActionFilter | CorrelationId:d76d0bca5fda4653b46e33a524fd05fe | API Response: GET /api/Permissions/roles | Status: 200 | Duration: 17ms
2026-04-20 17:47:40.900 +05:30 [INF] Serilog.AspNetCore.RequestLoggingMiddleware | CorrelationId:d76d0bca5fda4653b46e33a524fd05fe | HTTP GET /api/Permissions/roles responded 200 in 29.5702 ms
2026-04-20 17:47:40.942 +05:30 [INF] SmsApi.Middleware.LoggingActionFilter | CorrelationId:94b59291df3441f5a1ba431cc926b0b9 | API Request: GET /api/Permissions/roles | User: Unknown | School: 550e8400-e29b-41d4-a716-446655440000
2026-04-20 17:47:40.955 +05:30 [INF] SmsApi.Middleware.LoggingActionFilter | CorrelationId:94b59291df3441f5a1ba431cc926b0b9 | API Response: GET /api/Permissions/roles | Status: 200 | Duration: 13ms
2026-04-20 17:47:40.966 +05:30 [INF] Serilog.AspNetCore.RequestLoggingMiddleware | CorrelationId:94b59291df3441f5a1ba431cc926b0b9 | HTTP GET /api/Permissions/roles responded 200 in 25.6123 ms
2026-04-20 17:47:41.025 +05:30 [INF] SmsApi.Middleware.LoggingActionFilter | CorrelationId:c263ae2cfd2e411c8a03528b78e303c9 | API Request: GET /api/Permissions/users-with-roles | User: Unknown | School: 550e8400-e29b-41d4-a716-446655440000
2026-04-20 17:47:41.044 +05:30 [INF] SmsApi.Middleware.LoggingActionFilter | CorrelationId:c263ae2cfd2e411c8a03528b78e303c9 | API Response: GET /api/Permissions/users-with-roles | Status: 200 | Duration: 18ms
2026-04-20 17:47:41.057 +05:30 [INF] Serilog.AspNetCore.RequestLoggingMiddleware | CorrelationId:c263ae2cfd2e411c8a03528b78e303c9 | HTTP GET /api/Permissions/users-with-roles responded 200 in 32.6107 ms
2026-04-20 17:47:41.099 +05:30 [INF] Serilog.AspNetCore.RequestLoggingMiddleware | CorrelationId:ea7da9a82af44d10a041491dbc204f5b | HTTP PUT /api/Permissions/roles/4de5986d-24f4-41fb-85c0-0a27e7f2004c/permissions responded 400 in 3.7366 ms
2026-04-20 17:47:41.125 +05:30 [INF] SmsApi.Middleware.LoggingActionFilter | CorrelationId:fb7aeae9af10437992f9109787fa945f | API Request: DELETE /api/Permissions/roles/4de5986d-24f4-41fb-85c0-0a27e7f2004c | User: Unknown | School: 550e8400-e29b-41d4-a716-446655440000
2026-04-20 17:47:41.130 +05:30 [INF] SmsApi.Middleware.LoggingActionFilter | CorrelationId:fb7aeae9af10437992f9109787fa945f | API Response: DELETE /api/Permissions/roles/4de5986d-24f4-41fb-85c0-0a27e7f2004c | Status: 200 | Duration: 5ms
2026-04-20 17:47:41.135 +05:30 [INF] Serilog.AspNetCore.RequestLoggingMiddleware | CorrelationId:fb7aeae9af10437992f9109787fa945f | HTTP DELETE /api/Permissions/roles/4de5986d-24f4-41fb-85c0-0a27e7f2004c responded 400 in 11.5748 ms
2026-04-20 18:04:12.651 +05:30 [INF]  | CorrelationId: | Using distributed in-memory cache (development only)
2026-04-20 18:04:15.026 +05:30 [WRN] Microsoft.EntityFrameworkCore.Model.Validation | CorrelationId: | Entity 'Staff' has a global query filter defined and is the required end of a relationship with the entity 'Certificate'. This may lead to unexpected results when the required entity is filtered out. Either configure the navigation as optional, or define matching query filters for both entities in the navigation. See https://go.microsoft.com/fwlink/?linkid=2131316 for more information.
2026-04-20 18:04:15.029 +05:30 [WRN] Microsoft.EntityFrameworkCore.Model.Validation | CorrelationId: | Entity 'School' has a global query filter defined and is the required end of a relationship with the entity 'CertificateTemplate'. This may lead to unexpected results when the required entity is filtered out. Either configure the navigation as optional, or define matching query filters for both entities in the navigation. See https://go.microsoft.com/fwlink/?linkid=2131316 for more information.
2026-04-20 18:04:15.030 +05:30 [WRN] Microsoft.EntityFrameworkCore.Model.Validation | CorrelationId: | Entity 'School' has a global query filter defined and is the required end of a relationship with the entity 'Document'. This may lead to unexpected results when the required entity is filtered out. Either configure the navigation as optional, or define matching query filters for both entities in the navigation. See https://go.microsoft.com/fwlink/?linkid=2131316 for more information.
2026-04-20 18:04:15.038 +05:30 [WRN] Microsoft.EntityFrameworkCore.Model.Validation | CorrelationId: | Entity 'School' has a global query filter defined and is the required end of a relationship with the entity 'DocumentCategory'. This may lead to unexpected results when the required entity is filtered out. Either configure the navigation as optional, or define matching query filters for both entities in the navigation. See https://go.microsoft.com/fwlink/?linkid=2131316 for more information.
2026-04-20 18:04:15.042 +05:30 [WRN] Microsoft.EntityFrameworkCore.Model.Validation | CorrelationId: | Entity 'School' has a global query filter defined and is the required end of a relationship with the entity 'FeeAuditLog'. This may lead to unexpected results when the required entity is filtered out. Either configure the navigation as optional, or define matching query filters for both entities in the navigation. See https://go.microsoft.com/fwlink/?linkid=2131316 for more information.
2026-04-20 18:04:15.048 +05:30 [WRN] Microsoft.EntityFrameworkCore.Model.Validation | CorrelationId: | Entity 'School' has a global query filter defined and is the required end of a relationship with the entity 'Holiday'. This may lead to unexpected results when the required entity is filtered out. Either configure the navigation as optional, or define matching query filters for both entities in the navigation. See https://go.microsoft.com/fwlink/?linkid=2131316 for more information.
2026-04-20 18:04:15.051 +05:30 [WRN] Microsoft.EntityFrameworkCore.Model.Validation | CorrelationId: | Entity 'School' has a global query filter defined and is the required end of a relationship with the entity 'IDCard'. This may lead to unexpected results when the required entity is filtered out. Either configure the navigation as optional, or define matching query filters for both entities in the navigation. See https://go.microsoft.com/fwlink/?linkid=2131316 for more information.
2026-04-20 18:04:15.062 +05:30 [WRN] Microsoft.EntityFrameworkCore.Model.Validation | CorrelationId: | Entity 'School' has a global query filter defined and is the required end of a relationship with the entity 'IDCardTemplate'. This may lead to unexpected results when the required entity is filtered out. Either configure the navigation as optional, or define matching query filters for both entities in the navigation. See https://go.microsoft.com/fwlink/?linkid=2131316 for more information.
2026-04-20 18:04:15.067 +05:30 [WRN] Microsoft.EntityFrameworkCore.Model.Validation | CorrelationId: | Entity 'UserLogin' has a global query filter defined and is the required end of a relationship with the entity 'PasswordResetToken'. This may lead to unexpected results when the required entity is filtered out. Either configure the navigation as optional, or define matching query filters for both entities in the navigation. See https://go.microsoft.com/fwlink/?linkid=2131316 for more information.
2026-04-20 18:04:15.074 +05:30 [WRN] Microsoft.EntityFrameworkCore.Model.Validation | CorrelationId: | Entity 'School' has a global query filter defined and is the required end of a relationship with the entity 'PromotionHistory'. This may lead to unexpected results when the required entity is filtered out. Either configure the navigation as optional, or define matching query filters for both entities in the navigation. See https://go.microsoft.com/fwlink/?linkid=2131316 for more information.
2026-04-20 18:04:15.186 +05:30 [WRN] Microsoft.EntityFrameworkCore.Model.Validation | CorrelationId: | The foreign key property 'Staff.ReportingToId1' was created in shadow state because a conflicting property with the simple name 'ReportingToId' exists in the entity type, but is either not mapped, is already used for another relationship, or is incompatible with the associated primary key type. See https://aka.ms/efcore-relationships for information on mapping relationships in EF Core.
2026-04-20 18:04:16.677 +05:30 [INF] Program | CorrelationId: | Database migrations applied successfully.
2026-04-20 18:04:17.834 +05:30 [INF] Microsoft.Hosting.Lifetime | CorrelationId: | Now listening on: http://localhost:5092
2026-04-20 18:04:17.844 +05:30 [INF] Microsoft.Hosting.Lifetime | CorrelationId: | Application started. Press Ctrl+C to shut down.
2026-04-20 18:04:17.849 +05:30 [INF] Microsoft.Hosting.Lifetime | CorrelationId: | Hosting environment: Development
2026-04-20 18:04:17.855 +05:30 [INF] Microsoft.Hosting.Lifetime | CorrelationId: | Content root path: C:\Vitana\Vitana Group\sms-api
2026-04-20 18:04:34.606 +05:30 [INF] Serilog.AspNetCore.RequestLoggingMiddleware | CorrelationId:707d20abee4d41a2aa6ba3b78dc73978 | HTTP OPTIONS /api/auth/login responded 204 in 17.3488 ms
2026-04-20 18:04:34.715 +05:30 [WRN] Microsoft.AspNetCore.HttpsPolicy.HttpsRedirectionMiddleware | CorrelationId:67af888c7021432bbef02f3a5a3ec7e4 | Failed to determine the https port for redirect.
2026-04-20 18:04:34.843 +05:30 [INF] SmsApi.Middleware.LoggingActionFilter | CorrelationId:67af888c7021432bbef02f3a5a3ec7e4 | API Request: POST /api/auth/login | User: Unknown | School: Unknown
2026-04-20 18:04:36.060 +05:30 [INF] SmsApi.Controllers.AuthController | CorrelationId:67af888c7021432bbef02f3a5a3ec7e4 | Login successful for admin (SchoolId: "550e8400-e29b-41d4-a716-446655440000")
2026-04-20 18:04:36.064 +05:30 [INF] SmsApi.Middleware.LoggingActionFilter | CorrelationId:67af888c7021432bbef02f3a5a3ec7e4 | API Response: POST /api/auth/login | Status: 200 | Duration: 1221ms
2026-04-20 18:04:36.246 +05:30 [INF] Serilog.AspNetCore.RequestLoggingMiddleware | CorrelationId:67af888c7021432bbef02f3a5a3ec7e4 | HTTP POST /api/auth/login responded 200 in 1535.9982 ms
2026-04-20 18:04:36.281 +05:30 [WRN] SmsApi.Infrastructure.Performance.PerformanceMonitoringMiddleware | CorrelationId: | Slow request: POST /api/auth/login took 1412ms — status 200.
2026-04-20 18:04:36.750 +05:30 [INF] Serilog.AspNetCore.RequestLoggingMiddleware | CorrelationId:a6bdafa3c5804b37a33970e7deb2e74c | HTTP OPTIONS /api/settings/school/me responded 204 in 7.0837 ms
2026-04-20 18:04:37.608 +05:30 [WRN] SmsApi.Infrastructure.Performance.PerformanceMonitoringMiddleware | CorrelationId: | Slow request: OPTIONS /api/settings/school/me took 865ms — status 204.
2026-04-20 18:04:38.356 +05:30 [INF] Serilog.AspNetCore.RequestLoggingMiddleware | CorrelationId:326b2157ca424e76b8aad2ad9e72b07d | HTTP OPTIONS /api/academics/academic-years responded 204 in 0.2540 ms
2026-04-20 18:04:38.369 +05:30 [INF] Serilog.AspNetCore.RequestLoggingMiddleware | CorrelationId:c68097f3d86d4b518f10179edd96048b | HTTP OPTIONS /api/settings/school/me responded 204 in 0.0870 ms
2026-04-20 18:04:38.387 +05:30 [INF] Serilog.AspNetCore.RequestLoggingMiddleware | CorrelationId:4a5807d1830d445d84ff2bb812e0f0e1 | HTTP OPTIONS /api/academics/academic-years responded 204 in 0.0923 ms
2026-04-20 18:04:38.593 +05:30 [INF] Serilog.AspNetCore.RequestLoggingMiddleware | CorrelationId:79f5a4908abb492da2aba87d47155837 | HTTP OPTIONS /api/analytics/dashboard/summary responded 204 in 0.2651 ms
2026-04-20 18:04:38.702 +05:30 [INF] Serilog.AspNetCore.RequestLoggingMiddleware | CorrelationId:56bdea7b774c4ecf82d4ac2ce583a913 | HTTP OPTIONS /api/analytics/dashboard/summary responded 204 in 0.0925 ms
2026-04-20 18:04:39.064 +05:30 [WRN] SmsApi.Infrastructure.Performance.PerformanceMonitoringMiddleware | CorrelationId: | Slow request: OPTIONS /api/academics/academic-years took 708ms — status 204.
2026-04-20 18:04:39.114 +05:30 [WRN] SmsApi.Infrastructure.Performance.PerformanceMonitoringMiddleware | CorrelationId: | Slow request: OPTIONS /api/settings/school/me took 744ms — status 204.
2026-04-20 18:04:39.142 +05:30 [WRN] SmsApi.Infrastructure.Performance.PerformanceMonitoringMiddleware | CorrelationId: | Slow request: OPTIONS /api/academics/academic-years took 755ms — status 204.
2026-04-20 18:04:39.172 +05:30 [WRN] SmsApi.Infrastructure.Performance.PerformanceMonitoringMiddleware | CorrelationId: | Slow request: OPTIONS /api/analytics/dashboard/summary took 607ms — status 204.
2026-04-20 18:04:39.347 +05:30 [INF] SmsApi.Middleware.LoggingActionFilter | CorrelationId:69f4df20b06d49fdb8228e7dabe97f3b | API Request: GET /api/settings/school/me | User: Unknown | School: 550e8400-e29b-41d4-a716-446655440000
2026-04-20 18:04:39.368 +05:30 [INF] SmsApi.Middleware.LoggingActionFilter | CorrelationId:fa1b9387074f4dbe8404c6a8dcb33939 | API Request: GET /api/academics/academic-years | User: Unknown | School: 550e8400-e29b-41d4-a716-446655440000
2026-04-20 18:04:39.368 +05:30 [INF] SmsApi.Middleware.LoggingActionFilter | CorrelationId:4514156836e2438daeea182b6358e964 | API Request: GET /api/academics/academic-years | User: Unknown | School: 550e8400-e29b-41d4-a716-446655440000
2026-04-20 18:04:39.478 +05:30 [INF] SmsApi.Middleware.LoggingActionFilter | CorrelationId:41f60cf9642a469186d067828d5733ed | API Request: GET /api/analytics/dashboard/summary | User: Unknown | School: 550e8400-e29b-41d4-a716-446655440000
2026-04-20 18:04:39.507 +05:30 [INF] SmsApi.Middleware.LoggingActionFilter | CorrelationId:ea96aadf0e2e409a962b9f1c42ea9426 | API Request: GET /api/analytics/dashboard/summary | User: Unknown | School: 550e8400-e29b-41d4-a716-446655440000
2026-04-20 18:04:39.702 +05:30 [INF] SmsApi.Middleware.LoggingActionFilter | CorrelationId:69f4df20b06d49fdb8228e7dabe97f3b | API Response: GET /api/settings/school/me | Status: 200 | Duration: 354ms
2026-04-20 18:04:39.732 +05:30 [INF] SmsApi.Middleware.LoggingActionFilter | CorrelationId:fa1b9387074f4dbe8404c6a8dcb33939 | API Response: GET /api/academics/academic-years | Status: 200 | Duration: 363ms
2026-04-20 18:04:39.732 +05:30 [INF] SmsApi.Middleware.LoggingActionFilter | CorrelationId:4514156836e2438daeea182b6358e964 | API Response: GET /api/academics/academic-years | Status: 200 | Duration: 363ms
2026-04-20 18:04:39.782 +05:30 [INF] Serilog.AspNetCore.RequestLoggingMiddleware | CorrelationId:69f4df20b06d49fdb8228e7dabe97f3b | HTTP GET /api/settings/school/me responded 200 in 513.7955 ms
2026-04-20 18:04:39.820 +05:30 [WRN] SmsApi.Infrastructure.Performance.PerformanceMonitoringMiddleware | CorrelationId: | Slow request: GET /api/settings/school/me took 513ms — status 200.
2026-04-20 18:04:39.858 +05:30 [INF] Serilog.AspNetCore.RequestLoggingMiddleware | CorrelationId:fa1b9387074f4dbe8404c6a8dcb33939 | HTTP GET /api/academics/academic-years responded 200 in 599.5079 ms
2026-04-20 18:04:39.937 +05:30 [WRN] SmsApi.Infrastructure.Performance.PerformanceMonitoringMiddleware | CorrelationId: | Slow request: GET /api/academics/academic-years took 599ms — status 200.
2026-04-20 18:04:39.860 +05:30 [INF] Serilog.AspNetCore.RequestLoggingMiddleware | CorrelationId:4514156836e2438daeea182b6358e964 | HTTP GET /api/academics/academic-years responded 200 in 588.4983 ms
2026-04-20 18:04:40.049 +05:30 [INF] SmsApi.Middleware.LoggingActionFilter | CorrelationId:ea96aadf0e2e409a962b9f1c42ea9426 | API Response: GET /api/analytics/dashboard/summary | Status: 200 | Duration: 541ms
2026-04-20 18:04:40.049 +05:30 [INF] SmsApi.Middleware.LoggingActionFilter | CorrelationId:41f60cf9642a469186d067828d5733ed | API Response: GET /api/analytics/dashboard/summary | Status: 200 | Duration: 570ms
2026-04-20 18:04:40.058 +05:30 [WRN] SmsApi.Infrastructure.Performance.PerformanceMonitoringMiddleware | CorrelationId: | Slow request: GET /api/academics/academic-years took 588ms — status 200.
2026-04-20 18:04:40.090 +05:30 [INF] Serilog.AspNetCore.RequestLoggingMiddleware | CorrelationId:ea96aadf0e2e409a962b9f1c42ea9426 | HTTP GET /api/analytics/dashboard/summary responded 200 in 803.6365 ms
2026-04-20 18:04:40.096 +05:30 [INF] Serilog.AspNetCore.RequestLoggingMiddleware | CorrelationId:41f60cf9642a469186d067828d5733ed | HTTP GET /api/analytics/dashboard/summary responded 200 in 866.0323 ms
2026-04-20 18:04:40.215 +05:30 [WRN] SmsApi.Infrastructure.Performance.PerformanceMonitoringMiddleware | CorrelationId: | Slow request: GET /api/analytics/dashboard/summary took 865ms — status 200.
2026-04-20 18:04:40.191 +05:30 [WRN] SmsApi.Infrastructure.Performance.PerformanceMonitoringMiddleware | CorrelationId: | Slow request: GET /api/analytics/dashboard/summary took 803ms — status 200.
2026-04-20 18:04:43.174 +05:30 [INF] Serilog.AspNetCore.RequestLoggingMiddleware | CorrelationId:0acf92cf96584892972035f6e83bb206 | HTTP OPTIONS /api/students responded 204 in 0.0774 ms
2026-04-20 18:04:43.178 +05:30 [INF] Serilog.AspNetCore.RequestLoggingMiddleware | CorrelationId:b6f5b864c80641f1ba2611d7d5444371 | HTTP OPTIONS /api/students responded 204 in 0.3362 ms
2026-04-20 18:04:43.372 +05:30 [INF] SmsApi.Middleware.LoggingActionFilter | CorrelationId:006385c7e5a9472d875ac6661a82328d | API Request: GET /api/students | User: Unknown | School: 550e8400-e29b-41d4-a716-446655440000
2026-04-20 18:04:43.372 +05:30 [INF] SmsApi.Middleware.LoggingActionFilter | CorrelationId:2d7a83e4403e43ea92c2750f750cabd8 | API Request: GET /api/students | User: Unknown | School: 550e8400-e29b-41d4-a716-446655440000
2026-04-20 18:04:43.570 +05:30 [INF] SmsApi.Middleware.LoggingActionFilter | CorrelationId:2d7a83e4403e43ea92c2750f750cabd8 | API Response: GET /api/students | Status: 200 | Duration: 198ms
2026-04-20 18:04:43.572 +05:30 [INF] SmsApi.Middleware.LoggingActionFilter | CorrelationId:006385c7e5a9472d875ac6661a82328d | API Response: GET /api/students | Status: 200 | Duration: 199ms
2026-04-20 18:04:43.590 +05:30 [INF] Serilog.AspNetCore.RequestLoggingMiddleware | CorrelationId:006385c7e5a9472d875ac6661a82328d | HTTP GET /api/students responded 200 in 264.3525 ms
2026-04-20 18:04:43.591 +05:30 [INF] Serilog.AspNetCore.RequestLoggingMiddleware | CorrelationId:2d7a83e4403e43ea92c2750f750cabd8 | HTTP GET /api/students responded 200 in 273.1713 ms
2026-04-20 18:04:45.589 +05:30 [INF] Serilog.AspNetCore.RequestLoggingMiddleware | CorrelationId:2e943aee4e0843ccbe70c2e23a256d3b | HTTP OPTIONS /api/analytics/dashboard/summary responded 204 in 1.5259 ms
2026-04-20 18:04:45.593 +05:30 [INF] Serilog.AspNetCore.RequestLoggingMiddleware | CorrelationId:0a7f5b82adc7408e81356c144a340a0b | HTTP OPTIONS /api/analytics/dashboard/summary responded 204 in 6.2632 ms
2026-04-20 18:04:45.683 +05:30 [INF] SmsApi.Middleware.LoggingActionFilter | CorrelationId:2c0b6ba27c014205828ff31ee26725da | API Request: GET /api/analytics/dashboard/summary | User: Unknown | School: 550e8400-e29b-41d4-a716-446655440000
2026-04-20 18:04:45.700 +05:30 [INF] SmsApi.Middleware.LoggingActionFilter | CorrelationId:5c077663233b4821a4150c841994eede | API Request: GET /api/analytics/dashboard/summary | User: Unknown | School: 550e8400-e29b-41d4-a716-446655440000
2026-04-20 18:04:45.725 +05:30 [INF] SmsApi.Middleware.LoggingActionFilter | CorrelationId:2c0b6ba27c014205828ff31ee26725da | API Response: GET /api/analytics/dashboard/summary | Status: 200 | Duration: 41ms
2026-04-20 18:04:45.733 +05:30 [INF] Serilog.AspNetCore.RequestLoggingMiddleware | CorrelationId:2c0b6ba27c014205828ff31ee26725da | HTTP GET /api/analytics/dashboard/summary responded 200 in 79.5495 ms
2026-04-20 18:04:45.728 +05:30 [INF] SmsApi.Middleware.LoggingActionFilter | CorrelationId:5c077663233b4821a4150c841994eede | API Response: GET /api/analytics/dashboard/summary | Status: 200 | Duration: 28ms
2026-04-20 18:04:45.822 +05:30 [INF] Serilog.AspNetCore.RequestLoggingMiddleware | CorrelationId:5c077663233b4821a4150c841994eede | HTTP GET /api/analytics/dashboard/summary responded 200 in 128.3198 ms
2026-04-20 18:04:48.532 +05:30 [INF] Serilog.AspNetCore.RequestLoggingMiddleware | CorrelationId:dfee984f035148a88a9d66c857fef894 | HTTP OPTIONS /api/students responded 204 in 0.1250 ms
2026-04-20 18:04:48.533 +05:30 [INF] Serilog.AspNetCore.RequestLoggingMiddleware | CorrelationId:72052884a3c64297b1c81d2b2d96b10b | HTTP OPTIONS /api/students responded 204 in 0.0504 ms
2026-04-20 18:04:48.682 +05:30 [INF] SmsApi.Middleware.LoggingActionFilter | CorrelationId:632aa6ba3d124bc7942e2bed1ef50a8e | API Request: GET /api/students | User: Unknown | School: 550e8400-e29b-41d4-a716-446655440000
2026-04-20 18:04:48.700 +05:30 [INF] SmsApi.Middleware.LoggingActionFilter | CorrelationId:38425a44cc5f4a618627a863e0744f7c | API Request: GET /api/students | User: Unknown | School: 550e8400-e29b-41d4-a716-446655440000
2026-04-20 18:04:48.707 +05:30 [INF] SmsApi.Middleware.LoggingActionFilter | CorrelationId:632aa6ba3d124bc7942e2bed1ef50a8e | API Response: GET /api/students | Status: 200 | Duration: 25ms
2026-04-20 18:04:48.751 +05:30 [INF] SmsApi.Middleware.LoggingActionFilter | CorrelationId:38425a44cc5f4a618627a863e0744f7c | API Response: GET /api/students | Status: 200 | Duration: 51ms
2026-04-20 18:04:48.768 +05:30 [INF] Serilog.AspNetCore.RequestLoggingMiddleware | CorrelationId:38425a44cc5f4a618627a863e0744f7c | HTTP GET /api/students responded 200 in 75.3080 ms
2026-04-20 18:04:48.757 +05:30 [INF] Serilog.AspNetCore.RequestLoggingMiddleware | CorrelationId:632aa6ba3d124bc7942e2bed1ef50a8e | HTTP GET /api/students responded 200 in 86.0445 ms
2026-04-20 18:04:50.415 +05:30 [INF] Serilog.AspNetCore.RequestLoggingMiddleware | CorrelationId:9b1a3f08d04e4d438738bba2a9a0b67c | HTTP OPTIONS /api/staff responded 204 in 0.1703 ms
2026-04-20 18:04:50.415 +05:30 [INF] Serilog.AspNetCore.RequestLoggingMiddleware | CorrelationId:7dec6c7572734ecd9092dfc42b9e40ee | HTTP OPTIONS /api/staff responded 204 in 0.1949 ms
2026-04-20 18:04:50.819 +05:30 [INF] SmsApi.Middleware.LoggingActionFilter | CorrelationId:7fd445fbd80e412c8ac94a0f731121c2 | API Request: GET /api/staff | User: Unknown | School: 550e8400-e29b-41d4-a716-446655440000
2026-04-20 18:04:50.823 +05:30 [INF] SmsApi.Middleware.LoggingActionFilter | CorrelationId:a327088024034aee8ffab22d7d2dcaeb | API Request: GET /api/staff | User: Unknown | School: 550e8400-e29b-41d4-a716-446655440000
2026-04-20 18:04:50.900 +05:30 [INF] SmsApi.Middleware.LoggingActionFilter | CorrelationId:a327088024034aee8ffab22d7d2dcaeb | API Response: GET /api/staff | Status: 200 | Duration: 76ms
2026-04-20 18:04:50.900 +05:30 [INF] SmsApi.Middleware.LoggingActionFilter | CorrelationId:7fd445fbd80e412c8ac94a0f731121c2 | API Response: GET /api/staff | Status: 200 | Duration: 81ms
2026-04-20 18:04:50.915 +05:30 [INF] Serilog.AspNetCore.RequestLoggingMiddleware | CorrelationId:a327088024034aee8ffab22d7d2dcaeb | HTTP GET /api/staff responded 200 in 99.5560 ms
2026-04-20 18:04:50.926 +05:30 [INF] Serilog.AspNetCore.RequestLoggingMiddleware | CorrelationId:7fd445fbd80e412c8ac94a0f731121c2 | HTTP GET /api/staff responded 200 in 141.7182 ms
2026-04-20 18:04:53.175 +05:30 [INF] Serilog.AspNetCore.RequestLoggingMiddleware | CorrelationId:22615750c649491597430311fc1c65a9 | HTTP OPTIONS /api/academics/academic-years responded 204 in 1.6196 ms
2026-04-20 18:04:53.176 +05:30 [INF] Serilog.AspNetCore.RequestLoggingMiddleware | CorrelationId:34d88940332a442083007db02d50f0b1 | HTTP OPTIONS /api/academics/academic-years responded 204 in 0.0430 ms
2026-04-20 18:04:53.330 +05:30 [INF] SmsApi.Middleware.LoggingActionFilter | CorrelationId:3cdd7555490a4cfdbb7a3d74b5707771 | API Request: GET /api/academics/academic-years | User: Unknown | School: 550e8400-e29b-41d4-a716-446655440000
2026-04-20 18:04:53.338 +05:30 [INF] SmsApi.Middleware.LoggingActionFilter | CorrelationId:3ae8059dab8a481f9f3dd546720547a2 | API Request: GET /api/academics/academic-years | User: Unknown | School: 550e8400-e29b-41d4-a716-446655440000
2026-04-20 18:04:53.362 +05:30 [INF] SmsApi.Middleware.LoggingActionFilter | CorrelationId:3cdd7555490a4cfdbb7a3d74b5707771 | API Response: GET /api/academics/academic-years | Status: 200 | Duration: 31ms
2026-04-20 18:04:53.374 +05:30 [INF] SmsApi.Middleware.LoggingActionFilter | CorrelationId:3ae8059dab8a481f9f3dd546720547a2 | API Response: GET /api/academics/academic-years | Status: 200 | Duration: 35ms
2026-04-20 18:04:53.377 +05:30 [INF] Serilog.AspNetCore.RequestLoggingMiddleware | CorrelationId:3ae8059dab8a481f9f3dd546720547a2 | HTTP GET /api/academics/academic-years responded 200 in 39.9325 ms
2026-04-20 18:04:53.375 +05:30 [INF] Serilog.AspNetCore.RequestLoggingMiddleware | CorrelationId:3cdd7555490a4cfdbb7a3d74b5707771 | HTTP GET /api/academics/academic-years responded 200 in 48.3473 ms
2026-04-20 18:04:56.698 +05:30 [INF] Serilog.AspNetCore.RequestLoggingMiddleware | CorrelationId:13d300f2f3a641d9a81fa47456a06ddf | HTTP OPTIONS /api/examinations/stats responded 204 in 0.1820 ms
2026-04-20 18:04:56.699 +05:30 [INF] Serilog.AspNetCore.RequestLoggingMiddleware | CorrelationId:d8053f95b721448ab1f467f8a18cbca0 | HTTP OPTIONS /api/examinations/exams responded 204 in 0.0456 ms
2026-04-20 18:04:56.699 +05:30 [INF] Serilog.AspNetCore.RequestLoggingMiddleware | CorrelationId:c51a5e5f0b274a2d9a1acf3742f277f6 | HTTP OPTIONS /api/examinations/stats responded 204 in 0.0370 ms
2026-04-20 18:04:56.701 +05:30 [INF] Serilog.AspNetCore.RequestLoggingMiddleware | CorrelationId:e5b4f340a06e430f84ca64aef44fef52 | HTTP OPTIONS /api/examinations/exams responded 204 in 0.0551 ms
2026-04-20 18:04:56.891 +05:30 [INF] SmsApi.Middleware.LoggingActionFilter | CorrelationId:07f6f3551cef4061b1d372d746aac321 | API Request: GET /api/examinations/stats | User: Unknown | School: 550e8400-e29b-41d4-a716-446655440000
2026-04-20 18:04:56.894 +05:30 [INF] SmsApi.Middleware.LoggingActionFilter | CorrelationId:c4aba40afcdb4a77bcc922bc6ede22d1 | API Request: GET /api/examinations/stats | User: Unknown | School: 550e8400-e29b-41d4-a716-446655440000
2026-04-20 18:04:56.894 +05:30 [INF] SmsApi.Middleware.LoggingActionFilter | CorrelationId:8637709b269746d0b03e279d889fe05b | API Request: GET /api/examinations/exams | User: Unknown | School: 550e8400-e29b-41d4-a716-446655440000
2026-04-20 18:04:56.894 +05:30 [INF] SmsApi.Middleware.LoggingActionFilter | CorrelationId:0e89047401a6423695774671c65a8370 | API Request: GET /api/examinations/exams | User: Unknown | School: 550e8400-e29b-41d4-a716-446655440000
2026-04-20 18:04:57.022 +05:30 [INF] SmsApi.Middleware.LoggingActionFilter | CorrelationId:0e89047401a6423695774671c65a8370 | API Response: GET /api/examinations/exams | Status: 200 | Duration: 128ms
2026-04-20 18:04:57.022 +05:30 [INF] SmsApi.Middleware.LoggingActionFilter | CorrelationId:8637709b269746d0b03e279d889fe05b | API Response: GET /api/examinations/exams | Status: 200 | Duration: 127ms
2026-04-20 18:04:57.117 +05:30 [INF] Serilog.AspNetCore.RequestLoggingMiddleware | CorrelationId:0e89047401a6423695774671c65a8370 | HTTP GET /api/examinations/exams responded 200 in 290.4169 ms
2026-04-20 18:04:57.117 +05:30 [INF] Serilog.AspNetCore.RequestLoggingMiddleware | CorrelationId:8637709b269746d0b03e279d889fe05b | HTTP GET /api/examinations/exams responded 200 in 346.9005 ms
2026-04-20 18:04:57.292 +05:30 [INF] SmsApi.Middleware.LoggingActionFilter | CorrelationId:c4aba40afcdb4a77bcc922bc6ede22d1 | API Response: GET /api/examinations/stats | Status: 200 | Duration: 397ms
2026-04-20 18:04:57.292 +05:30 [INF] SmsApi.Middleware.LoggingActionFilter | CorrelationId:07f6f3551cef4061b1d372d746aac321 | API Response: GET /api/examinations/stats | Status: 200 | Duration: 404ms
2026-04-20 18:04:57.350 +05:30 [INF] Serilog.AspNetCore.RequestLoggingMiddleware | CorrelationId:c4aba40afcdb4a77bcc922bc6ede22d1 | HTTP GET /api/examinations/stats responded 200 in 596.7512 ms
2026-04-20 18:04:57.355 +05:30 [INF] Serilog.AspNetCore.RequestLoggingMiddleware | CorrelationId:07f6f3551cef4061b1d372d746aac321 | HTTP GET /api/examinations/stats responded 200 in 557.7350 ms
2026-04-20 18:04:57.375 +05:30 [WRN] SmsApi.Infrastructure.Performance.PerformanceMonitoringMiddleware | CorrelationId: | Slow request: GET /api/examinations/stats took 596ms — status 200.
2026-04-20 18:04:57.387 +05:30 [WRN] SmsApi.Infrastructure.Performance.PerformanceMonitoringMiddleware | CorrelationId: | Slow request: GET /api/examinations/stats took 557ms — status 200.
2026-04-20 18:05:00.992 +05:30 [INF] Serilog.AspNetCore.RequestLoggingMiddleware | CorrelationId:b1480ce18ea84820bd8ed8ade9db8c18 | HTTP OPTIONS /api/academics/classes responded 204 in 0.0973 ms
2026-04-20 18:05:01.010 +05:30 [INF] Serilog.AspNetCore.RequestLoggingMiddleware | CorrelationId:4e7d0e78a24f4b3e97505d2cc4754981 | HTTP OPTIONS /api/academics/academic-years responded 204 in 0.0959 ms
2026-04-20 18:05:01.024 +05:30 [INF] Serilog.AspNetCore.RequestLoggingMiddleware | CorrelationId:2c9ed70487684f58966ba9b7139a793a | HTTP OPTIONS /api/staff responded 204 in 0.0708 ms
2026-04-20 18:05:01.029 +05:30 [INF] Serilog.AspNetCore.RequestLoggingMiddleware | CorrelationId:4d7c533d4de84bbc8d0f1470d71b32a3 | HTTP OPTIONS /api/academics/classes responded 204 in 0.5931 ms
2026-04-20 18:05:01.060 +05:30 [INF] Serilog.AspNetCore.RequestLoggingMiddleware | CorrelationId:f24780a760174a63b52a403e2b55a867 | HTTP OPTIONS /api/academics/academic-years responded 204 in 0.0750 ms
2026-04-20 18:05:01.103 +05:30 [INF] Serilog.AspNetCore.RequestLoggingMiddleware | CorrelationId:15a2cf7943954285bc5570c8c633a71d | HTTP OPTIONS /api/staff responded 204 in 0.0538 ms
2026-04-20 18:05:01.120 +05:30 [INF] SmsApi.Middleware.LoggingActionFilter | CorrelationId:205d237e3d18483bbb5a97681b9aab59 | API Request: GET /api/academics/academic-years | User: Unknown | School: 550e8400-e29b-41d4-a716-446655440000
2026-04-20 18:05:01.151 +05:30 [INF] SmsApi.Middleware.LoggingActionFilter | CorrelationId:c53706fd07f3471b929cc97ceb040fb4 | API Request: GET /api/staff | User: Unknown | School: 550e8400-e29b-41d4-a716-446655440000
2026-04-20 18:05:01.173 +05:30 [INF] SmsApi.Middleware.LoggingActionFilter | CorrelationId:81af2ea89f5b40f7be1bf1978a0632d9 | API Request: GET /api/academics/classes | User: Unknown | School: 550e8400-e29b-41d4-a716-446655440000
2026-04-20 18:05:01.184 +05:30 [INF] SmsApi.Middleware.LoggingActionFilter | CorrelationId:9f0c1db195b84d0ab907ea4b931d5fbb | API Request: GET /api/academics/classes | User: Unknown | School: 550e8400-e29b-41d4-a716-446655440000
2026-04-20 18:05:01.192 +05:30 [INF] SmsApi.Middleware.LoggingActionFilter | CorrelationId:e7fef2c963b94057a18c58eae86d42ac | API Request: GET /api/academics/academic-years | User: Unknown | School: 550e8400-e29b-41d4-a716-446655440000
2026-04-20 18:05:01.201 +05:30 [INF] SmsApi.Middleware.LoggingActionFilter | CorrelationId:205d237e3d18483bbb5a97681b9aab59 | API Response: GET /api/academics/academic-years | Status: 200 | Duration: 80ms
2026-04-20 18:05:01.243 +05:30 [INF] SmsApi.Middleware.LoggingActionFilter | CorrelationId:c53706fd07f3471b929cc97ceb040fb4 | API Response: GET /api/staff | Status: 200 | Duration: 91ms
2026-04-20 18:05:01.245 +05:30 [INF] SmsApi.Middleware.LoggingActionFilter | CorrelationId:cbb11f371c89493988c1f8de1e8fc631 | API Request: GET /api/staff | User: Unknown | School: 550e8400-e29b-41d4-a716-446655440000
2026-04-20 18:05:01.270 +05:30 [INF] Serilog.AspNetCore.RequestLoggingMiddleware | CorrelationId:205d237e3d18483bbb5a97681b9aab59 | HTTP GET /api/academics/academic-years responded 200 in 150.5631 ms
2026-04-20 18:05:01.303 +05:30 [INF] Serilog.AspNetCore.RequestLoggingMiddleware | CorrelationId:c53706fd07f3471b929cc97ceb040fb4 | HTTP GET /api/staff responded 200 in 175.0901 ms
2026-04-20 18:05:01.336 +05:30 [INF] SmsApi.Middleware.LoggingActionFilter | CorrelationId:e7fef2c963b94057a18c58eae86d42ac | API Response: GET /api/academics/academic-years | Status: 200 | Duration: 144ms
2026-04-20 18:05:01.373 +05:30 [INF] SmsApi.Middleware.LoggingActionFilter | CorrelationId:cbb11f371c89493988c1f8de1e8fc631 | API Response: GET /api/staff | Status: 200 | Duration: 128ms
2026-04-20 18:05:01.384 +05:30 [INF] Serilog.AspNetCore.RequestLoggingMiddleware | CorrelationId:e7fef2c963b94057a18c58eae86d42ac | HTTP GET /api/academics/academic-years responded 200 in 193.2807 ms
2026-04-20 18:05:01.396 +05:30 [INF] Serilog.AspNetCore.RequestLoggingMiddleware | CorrelationId:cbb11f371c89493988c1f8de1e8fc631 | HTTP GET /api/staff responded 200 in 198.7499 ms
2026-04-20 18:05:01.569 +05:30 [INF] SmsApi.Middleware.LoggingActionFilter | CorrelationId:81af2ea89f5b40f7be1bf1978a0632d9 | API Response: GET /api/academics/classes | Status: 200 | Duration: 395ms
2026-04-20 18:05:01.569 +05:30 [INF] SmsApi.Middleware.LoggingActionFilter | CorrelationId:9f0c1db195b84d0ab907ea4b931d5fbb | API Response: GET /api/academics/classes | Status: 200 | Duration: 384ms
2026-04-20 18:05:01.585 +05:30 [INF] Serilog.AspNetCore.RequestLoggingMiddleware | CorrelationId:81af2ea89f5b40f7be1bf1978a0632d9 | HTTP GET /api/academics/classes responded 200 in 462.0796 ms
2026-04-20 18:05:01.587 +05:30 [INF] Serilog.AspNetCore.RequestLoggingMiddleware | CorrelationId:9f0c1db195b84d0ab907ea4b931d5fbb | HTTP GET /api/academics/classes responded 200 in 403.6656 ms
2026-04-20 18:05:04.264 +05:30 [INF] Serilog.AspNetCore.RequestLoggingMiddleware | CorrelationId:3a06ee9b239b4213b15a7992d5a51bc4 | HTTP OPTIONS /api/fees/records responded 204 in 0.1915 ms
2026-04-20 18:05:04.298 +05:30 [INF] Serilog.AspNetCore.RequestLoggingMiddleware | CorrelationId:8381d65c3c1b47cabd11dc001cb3ee59 | HTTP OPTIONS /api/fees/structures responded 204 in 1.8143 ms
2026-04-20 18:05:04.306 +05:30 [INF] Serilog.AspNetCore.RequestLoggingMiddleware | CorrelationId:b2f5bb4c8b42462bbed66b256247a9d4 | HTTP OPTIONS /api/fees/stats responded 204 in 0.0663 ms
2026-04-20 18:05:04.308 +05:30 [INF] Serilog.AspNetCore.RequestLoggingMiddleware | CorrelationId:e44dfa0911c04ce7a0757526f821f506 | HTTP OPTIONS /api/fees/records responded 204 in 0.0527 ms
2026-04-20 18:05:04.310 +05:30 [INF] Serilog.AspNetCore.RequestLoggingMiddleware | CorrelationId:6600e973b23e44d2afaed5f867c09e8c | HTTP OPTIONS /api/fees/structures responded 204 in 0.0671 ms
2026-04-20 18:05:04.314 +05:30 [INF] Serilog.AspNetCore.RequestLoggingMiddleware | CorrelationId:05d94974459c4a38b13c2aac79db6bb9 | HTTP OPTIONS /api/fees/stats responded 204 in 0.1400 ms
2026-04-20 18:05:04.538 +05:30 [INF] SmsApi.Middleware.LoggingActionFilter | CorrelationId:69e9457a8df34071ac0aaa218d9d57ca | API Request: GET /api/fees/records | User: Unknown | School: 550e8400-e29b-41d4-a716-446655440000
2026-04-20 18:05:04.538 +05:30 [INF] SmsApi.Middleware.LoggingActionFilter | CorrelationId:6951fd1f00bc4c76a08f2daeea408c42 | API Request: GET /api/fees/structures | User: Unknown | School: 550e8400-e29b-41d4-a716-446655440000
2026-04-20 18:05:04.585 +05:30 [INF] SmsApi.Middleware.LoggingActionFilter | CorrelationId:a6776d138473436d9b2000f0ab9439ff | API Request: GET /api/fees/stats | User: Unknown | School: 550e8400-e29b-41d4-a716-446655440000
2026-04-20 18:05:04.593 +05:30 [INF] SmsApi.Middleware.LoggingActionFilter | CorrelationId:abd0715604b84f8797368eecdbc99154 | API Request: GET /api/fees/records | User: Unknown | School: 550e8400-e29b-41d4-a716-446655440000
2026-04-20 18:05:04.607 +05:30 [INF] SmsApi.Middleware.LoggingActionFilter | CorrelationId:f2aacdf1ee344b9c97b23bab0d56982b | API Request: GET /api/fees/structures | User: Unknown | School: 550e8400-e29b-41d4-a716-446655440000
2026-04-20 18:05:04.640 +05:30 [INF] SmsApi.Middleware.LoggingActionFilter | CorrelationId:de25e3f6274e49538e45b489e9746ecb | API Request: GET /api/fees/stats | User: Unknown | School: 550e8400-e29b-41d4-a716-446655440000
2026-04-20 18:05:04.680 +05:30 [INF] SmsApi.Middleware.LoggingActionFilter | CorrelationId:6951fd1f00bc4c76a08f2daeea408c42 | API Response: GET /api/fees/structures | Status: 200 | Duration: 141ms
2026-04-20 18:05:04.755 +05:30 [INF] SmsApi.Middleware.LoggingActionFilter | CorrelationId:f2aacdf1ee344b9c97b23bab0d56982b | API Response: GET /api/fees/structures | Status: 200 | Duration: 148ms
2026-04-20 18:05:04.859 +05:30 [INF] Serilog.AspNetCore.RequestLoggingMiddleware | CorrelationId:f2aacdf1ee344b9c97b23bab0d56982b | HTTP GET /api/fees/structures responded 200 in 260.0098 ms
2026-04-20 18:05:04.834 +05:30 [INF] Serilog.AspNetCore.RequestLoggingMiddleware | CorrelationId:6951fd1f00bc4c76a08f2daeea408c42 | HTTP GET /api/fees/structures responded 200 in 322.6348 ms
2026-04-20 18:05:04.870 +05:30 [INF] SmsApi.Middleware.LoggingActionFilter | CorrelationId:de25e3f6274e49538e45b489e9746ecb | API Response: GET /api/fees/stats | Status: 200 | Duration: 230ms
2026-04-20 18:05:04.871 +05:30 [INF] SmsApi.Middleware.LoggingActionFilter | CorrelationId:abd0715604b84f8797368eecdbc99154 | API Response: GET /api/fees/records | Status: 200 | Duration: 278ms
2026-04-20 18:05:04.872 +05:30 [INF] SmsApi.Middleware.LoggingActionFilter | CorrelationId:69e9457a8df34071ac0aaa218d9d57ca | API Response: GET /api/fees/records | Status: 200 | Duration: 334ms
2026-04-20 18:05:04.873 +05:30 [INF] SmsApi.Middleware.LoggingActionFilter | CorrelationId:a6776d138473436d9b2000f0ab9439ff | API Response: GET /api/fees/stats | Status: 200 | Duration: 285ms
2026-04-20 18:05:04.919 +05:30 [INF] Serilog.AspNetCore.RequestLoggingMiddleware | CorrelationId:de25e3f6274e49538e45b489e9746ecb | HTTP GET /api/fees/stats responded 200 in 283.5701 ms
2026-04-20 18:05:04.939 +05:30 [INF] Serilog.AspNetCore.RequestLoggingMiddleware | CorrelationId:abd0715604b84f8797368eecdbc99154 | HTTP GET /api/fees/records responded 200 in 352.5939 ms
2026-04-20 18:05:04.946 +05:30 [INF] Serilog.AspNetCore.RequestLoggingMiddleware | CorrelationId:69e9457a8df34071ac0aaa218d9d57ca | HTTP GET /api/fees/records responded 200 in 442.7078 ms
2026-04-20 18:05:04.949 +05:30 [INF] Serilog.AspNetCore.RequestLoggingMiddleware | CorrelationId:a6776d138473436d9b2000f0ab9439ff | HTTP GET /api/fees/stats responded 200 in 390.4118 ms
2026-04-20 18:05:08.809 +05:30 [INF] Serilog.AspNetCore.RequestLoggingMiddleware | CorrelationId:71971c67f8e84388a1a2ead58679cdbf | HTTP OPTIONS /api/library/books responded 204 in 0.0732 ms
2026-04-20 18:05:08.809 +05:30 [INF] Serilog.AspNetCore.RequestLoggingMiddleware | CorrelationId:7350b43625214b74b13b7e51d0b0d5e6 | HTTP OPTIONS /api/library/books responded 204 in 0.1493 ms
2026-04-20 18:05:08.809 +05:30 [INF] Serilog.AspNetCore.RequestLoggingMiddleware | CorrelationId:76e73f56070b4dd5b1dff8073e9cceb3 | HTTP OPTIONS /api/library/issues responded 204 in 0.0112 ms
2026-04-20 18:05:08.810 +05:30 [INF] Serilog.AspNetCore.RequestLoggingMiddleware | CorrelationId:a1e7f3ae151e4b4d82e3d6cbee7c2828 | HTTP OPTIONS /api/library/issues responded 204 in 0.0089 ms
2026-04-20 18:05:08.810 +05:30 [INF] Serilog.AspNetCore.RequestLoggingMiddleware | CorrelationId:3026c55f4d1640aca24143ac5dc5176e | HTTP OPTIONS /api/library/stats responded 204 in 0.0067 ms
2026-04-20 18:05:08.811 +05:30 [INF] Serilog.AspNetCore.RequestLoggingMiddleware | CorrelationId:1f08d12e31cd49f990097fc47ece29ee | HTTP OPTIONS /api/library/books responded 204 in 0.0191 ms
2026-04-20 18:05:08.893 +05:30 [INF] Serilog.AspNetCore.RequestLoggingMiddleware | CorrelationId:56d57c50b5814c4ca1fca2b04187a674 | HTTP OPTIONS /api/library/issues responded 204 in 0.0372 ms
2026-04-20 18:05:08.903 +05:30 [INF] Serilog.AspNetCore.RequestLoggingMiddleware | CorrelationId:2a29cc9a437443f58b30cc463f4bed79 | HTTP OPTIONS /api/students responded 204 in 0.0571 ms
2026-04-20 18:05:09.091 +05:30 [INF] Serilog.AspNetCore.RequestLoggingMiddleware | CorrelationId:626198c9511348268d7b3a46648a11a2 | HTTP OPTIONS /api/library/books responded 204 in 0.1359 ms
2026-04-20 18:05:09.098 +05:30 [INF] Serilog.AspNetCore.RequestLoggingMiddleware | CorrelationId:9cd54318188e406f81ef5477bcc9a054 | HTTP OPTIONS /api/library/books responded 204 in 0.0642 ms
2026-04-20 18:05:09.110 +05:30 [INF] Serilog.AspNetCore.RequestLoggingMiddleware | CorrelationId:1781d8d509854514b473a0ed0f7f1e7a | HTTP OPTIONS /api/library/issues responded 204 in 0.0564 ms
2026-04-20 18:05:09.118 +05:30 [INF] Serilog.AspNetCore.RequestLoggingMiddleware | CorrelationId:55fffd18c9f2434aaa3862177891637d | HTTP OPTIONS /api/library/issues responded 204 in 0.0807 ms
2026-04-20 18:05:09.125 +05:30 [INF] Serilog.AspNetCore.RequestLoggingMiddleware | CorrelationId:dc56309b7ea3412d8373f74d80d8831a | HTTP OPTIONS /api/library/stats responded 204 in 0.0595 ms
2026-04-20 18:05:09.133 +05:30 [INF] Serilog.AspNetCore.RequestLoggingMiddleware | CorrelationId:1cb7d4bbc5da4e5aa85bfff90376e533 | HTTP OPTIONS /api/library/books responded 204 in 0.0373 ms
2026-04-20 18:05:09.146 +05:30 [INF] Serilog.AspNetCore.RequestLoggingMiddleware | CorrelationId:7a4ea2e43d8340a7b06021b974f4d0aa | HTTP OPTIONS /api/library/issues responded 204 in 0.0440 ms
2026-04-20 18:05:09.162 +05:30 [INF] Serilog.AspNetCore.RequestLoggingMiddleware | CorrelationId:0f6c8531297e4a5ea29df7379e3a56d3 | HTTP OPTIONS /api/students responded 204 in 0.0537 ms
2026-04-20 18:05:09.214 +05:30 [INF] SmsApi.Middleware.LoggingActionFilter | CorrelationId:f156bbf10976474ebb70ed775b4924e1 | API Request: GET /api/library/books | User: Unknown | School: 550e8400-e29b-41d4-a716-446655440000
2026-04-20 18:05:09.298 +05:30 [INF] SmsApi.Middleware.LoggingActionFilter | CorrelationId:c8551cdd1ad247b68836d746f3324974 | API Request: GET /api/library/books | User: Unknown | School: 550e8400-e29b-41d4-a716-446655440000
2026-04-20 18:05:09.315 +05:30 [INF] SmsApi.Middleware.LoggingActionFilter | CorrelationId:a84ae51b5e874c76acd45b9f0cdb0e25 | API Request: GET /api/library/issues | User: Unknown | School: 550e8400-e29b-41d4-a716-446655440000
2026-04-20 18:05:09.400 +05:30 [INF] SmsApi.Middleware.LoggingActionFilter | CorrelationId:07caad7b3ec344d7b6916222ce014e36 | API Request: GET /api/library/stats | User: Unknown | School: 550e8400-e29b-41d4-a716-446655440000
2026-04-20 18:05:09.433 +05:30 [INF] SmsApi.Middleware.LoggingActionFilter | CorrelationId:2d043fb70ab342678d7caddaf9248828 | API Request: GET /api/library/issues | User: Unknown | School: 550e8400-e29b-41d4-a716-446655440000
2026-04-20 18:05:09.475 +05:30 [INF] SmsApi.Middleware.LoggingActionFilter | CorrelationId:d6d74b5381c642e8a04b7dbba222961d | API Request: GET /api/library/books | User: Unknown | School: 550e8400-e29b-41d4-a716-446655440000
2026-04-20 18:05:09.561 +05:30 [INF] SmsApi.Middleware.LoggingActionFilter | CorrelationId:f156bbf10976474ebb70ed775b4924e1 | API Response: GET /api/library/books | Status: 200 | Duration: 346ms
2026-04-20 18:05:09.561 +05:30 [INF] SmsApi.Middleware.LoggingActionFilter | CorrelationId:c8551cdd1ad247b68836d746f3324974 | API Response: GET /api/library/books | Status: 200 | Duration: 262ms
2026-04-20 18:05:09.618 +05:30 [INF] SmsApi.Middleware.LoggingActionFilter | CorrelationId:d6d74b5381c642e8a04b7dbba222961d | API Response: GET /api/library/books | Status: 200 | Duration: 143ms
2026-04-20 18:05:09.778 +05:30 [INF] SmsApi.Middleware.LoggingActionFilter | CorrelationId:2d043fb70ab342678d7caddaf9248828 | API Response: GET /api/library/issues | Status: 200 | Duration: 345ms
2026-04-20 18:05:09.891 +05:30 [INF] Serilog.AspNetCore.RequestLoggingMiddleware | CorrelationId:f156bbf10976474ebb70ed775b4924e1 | HTTP GET /api/library/books responded 200 in 702.5286 ms
2026-04-20 18:05:09.891 +05:30 [INF] Serilog.AspNetCore.RequestLoggingMiddleware | CorrelationId:c8551cdd1ad247b68836d746f3324974 | HTTP GET /api/library/books responded 200 in 605.1647 ms
2026-04-20 18:05:09.895 +05:30 [INF] Serilog.AspNetCore.RequestLoggingMiddleware | CorrelationId:d6d74b5381c642e8a04b7dbba222961d | HTTP GET /api/library/books responded 200 in 472.1498 ms
2026-04-20 18:05:09.905 +05:30 [INF] Serilog.AspNetCore.RequestLoggingMiddleware | CorrelationId:2d043fb70ab342678d7caddaf9248828 | HTTP GET /api/library/issues responded 200 in 563.5927 ms
2026-04-20 18:05:09.908 +05:30 [WRN] SmsApi.Infrastructure.Performance.PerformanceMonitoringMiddleware | CorrelationId: | Slow request: GET /api/library/books took 702ms — status 200.
2026-04-20 18:05:09.910 +05:30 [WRN] SmsApi.Infrastructure.Performance.PerformanceMonitoringMiddleware | CorrelationId: | Slow request: GET /api/library/books took 605ms — status 200.
2026-04-20 18:05:09.915 +05:30 [INF] SmsApi.Middleware.LoggingActionFilter | CorrelationId:a84ae51b5e874c76acd45b9f0cdb0e25 | API Response: GET /api/library/issues | Status: 200 | Duration: 599ms
2026-04-20 18:05:10.207 +05:30 [INF] Serilog.AspNetCore.RequestLoggingMiddleware | CorrelationId:a84ae51b5e874c76acd45b9f0cdb0e25 | HTTP GET /api/library/issues responded 200 in 906.4568 ms
2026-04-20 18:05:10.040 +05:30 [INF] SmsApi.Middleware.LoggingActionFilter | CorrelationId:07caad7b3ec344d7b6916222ce014e36 | API Response: GET /api/library/stats | Status: 200 | Duration: 640ms
2026-04-20 18:05:09.925 +05:30 [WRN] SmsApi.Infrastructure.Performance.PerformanceMonitoringMiddleware | CorrelationId: | Slow request: GET /api/library/issues took 563ms — status 200.
2026-04-20 18:05:10.213 +05:30 [INF] SmsApi.Middleware.LoggingActionFilter | CorrelationId:de3a8138ed174f7384511fee4a79170a | API Request: GET /api/library/issues | User: Unknown | School: 550e8400-e29b-41d4-a716-446655440000
2026-04-20 18:05:10.379 +05:30 [WRN] SmsApi.Infrastructure.Performance.PerformanceMonitoringMiddleware | CorrelationId: | Slow request: GET /api/library/issues took 906ms — status 200.
2026-04-20 18:05:10.392 +05:30 [INF] Serilog.AspNetCore.RequestLoggingMiddleware | CorrelationId:07caad7b3ec344d7b6916222ce014e36 | HTTP GET /api/library/stats responded 200 in 1035.0005 ms
2026-04-20 18:05:10.413 +05:30 [INF] SmsApi.Middleware.LoggingActionFilter | CorrelationId:cb459b505d4240ee92428646078e03ca | API Request: GET /api/students | User: Unknown | School: 550e8400-e29b-41d4-a716-446655440000
2026-04-20 18:05:10.422 +05:30 [INF] Serilog.AspNetCore.RequestLoggingMiddleware | CorrelationId:a0628171088a4e3e876d2b0a6ca6af44 | HTTP OPTIONS /api/library/books responded 204 in 0.0548 ms
2026-04-20 18:05:10.479 +05:30 [INF] SmsApi.Middleware.LoggingActionFilter | CorrelationId:de3a8138ed174f7384511fee4a79170a | API Response: GET /api/library/issues | Status: 200 | Duration: 265ms
2026-04-20 18:05:10.484 +05:30 [WRN] SmsApi.Infrastructure.Performance.PerformanceMonitoringMiddleware | CorrelationId: | Slow request: GET /api/library/stats took 1034ms — status 200.
2026-04-20 18:05:10.537 +05:30 [INF] Serilog.AspNetCore.RequestLoggingMiddleware | CorrelationId:de3a8138ed174f7384511fee4a79170a | HTTP GET /api/library/issues responded 200 in 366.1262 ms
2026-04-20 18:05:10.538 +05:30 [INF] SmsApi.Middleware.LoggingActionFilter | CorrelationId:cb459b505d4240ee92428646078e03ca | API Response: GET /api/students | Status: 200 | Duration: 124ms
2026-04-20 18:05:10.555 +05:30 [INF] SmsApi.Middleware.LoggingActionFilter | CorrelationId:aaf89cf7408d483f830a311d76c9c1e8 | API Request: GET /api/library/books | User: Unknown | School: 550e8400-e29b-41d4-a716-446655440000
2026-04-20 18:05:10.558 +05:30 [INF] SmsApi.Middleware.LoggingActionFilter | CorrelationId:f14924d5cfab4b2ba6b3a44dee38a943 | API Request: GET /api/library/books | User: Unknown | School: 550e8400-e29b-41d4-a716-446655440000
2026-04-20 18:05:10.563 +05:30 [INF] SmsApi.Middleware.LoggingActionFilter | CorrelationId:d8ab9fa753854b308f8ca992cf97c131 | API Request: GET /api/library/issues | User: Unknown | School: 550e8400-e29b-41d4-a716-446655440000
2026-04-20 18:05:10.626 +05:30 [INF] SmsApi.Middleware.LoggingActionFilter | CorrelationId:dc3091d89806445086e9f68455da0794 | API Request: GET /api/library/issues | User: Unknown | School: 550e8400-e29b-41d4-a716-446655440000
2026-04-20 18:05:10.661 +05:30 [INF] SmsApi.Middleware.LoggingActionFilter | CorrelationId:10a38d6849b8417ea056f3c94c9f6b44 | API Request: GET /api/library/stats | User: Unknown | School: 550e8400-e29b-41d4-a716-446655440000
2026-04-20 18:05:10.667 +05:30 [INF] Serilog.AspNetCore.RequestLoggingMiddleware | CorrelationId:cb459b505d4240ee92428646078e03ca | HTTP GET /api/students responded 200 in 261.1353 ms
2026-04-20 18:05:10.715 +05:30 [INF] SmsApi.Middleware.LoggingActionFilter | CorrelationId:aaf89cf7408d483f830a311d76c9c1e8 | API Response: GET /api/library/books | Status: 200 | Duration: 160ms
2026-04-20 18:05:10.782 +05:30 [INF] Serilog.AspNetCore.RequestLoggingMiddleware | CorrelationId:aaf89cf7408d483f830a311d76c9c1e8 | HTTP GET /api/library/books responded 200 in 253.9638 ms
2026-04-20 18:05:10.740 +05:30 [INF] SmsApi.Middleware.LoggingActionFilter | CorrelationId:d8ab9fa753854b308f8ca992cf97c131 | API Response: GET /api/library/issues | Status: 200 | Duration: 177ms
2026-04-20 18:05:10.744 +05:30 [INF] SmsApi.Middleware.LoggingActionFilter | CorrelationId:dc3091d89806445086e9f68455da0794 | API Response: GET /api/library/issues | Status: 200 | Duration: 119ms
2026-04-20 18:05:10.766 +05:30 [INF] SmsApi.Middleware.LoggingActionFilter | CorrelationId:10a38d6849b8417ea056f3c94c9f6b44 | API Response: GET /api/library/stats | Status: 200 | Duration: 104ms
2026-04-20 18:05:10.779 +05:30 [INF] SmsApi.Middleware.LoggingActionFilter | CorrelationId:91e98b5c569845beb40d632e7276b323 | API Request: GET /api/library/books | User: Unknown | School: 550e8400-e29b-41d4-a716-446655440000
2026-04-20 18:05:10.723 +05:30 [INF] SmsApi.Middleware.LoggingActionFilter | CorrelationId:f14924d5cfab4b2ba6b3a44dee38a943 | API Response: GET /api/library/books | Status: 200 | Duration: 165ms
2026-04-20 18:05:10.855 +05:30 [INF] Serilog.AspNetCore.RequestLoggingMiddleware | CorrelationId:d8ab9fa753854b308f8ca992cf97c131 | HTTP GET /api/library/issues responded 200 in 294.1673 ms
2026-04-20 18:05:10.856 +05:30 [INF] Serilog.AspNetCore.RequestLoggingMiddleware | CorrelationId:dc3091d89806445086e9f68455da0794 | HTTP GET /api/library/issues responded 200 in 263.8914 ms
2026-04-20 18:05:10.862 +05:30 [INF] SmsApi.Middleware.LoggingActionFilter | CorrelationId:af3349b341ff4df0b1f8ebb4d7328510 | API Request: GET /api/library/issues | User: Unknown | School: 550e8400-e29b-41d4-a716-446655440000
2026-04-20 18:05:10.885 +05:30 [INF] Serilog.AspNetCore.RequestLoggingMiddleware | CorrelationId:10a38d6849b8417ea056f3c94c9f6b44 | HTTP GET /api/library/stats responded 200 in 233.4759 ms
2026-04-20 18:05:10.904 +05:30 [INF] SmsApi.Middleware.LoggingActionFilter | CorrelationId:91e98b5c569845beb40d632e7276b323 | API Response: GET /api/library/books | Status: 200 | Duration: 125ms
2026-04-20 18:05:10.912 +05:30 [INF] Serilog.AspNetCore.RequestLoggingMiddleware | CorrelationId:f14924d5cfab4b2ba6b3a44dee38a943 | HTTP GET /api/library/books responded 200 in 376.0765 ms
2026-04-20 18:05:10.989 +05:30 [INF] SmsApi.Middleware.LoggingActionFilter | CorrelationId:a4ef0b17fe634e1db548bffe0813a50d | API Request: GET /api/students | User: Unknown | School: 550e8400-e29b-41d4-a716-446655440000
2026-04-20 18:05:11.112 +05:30 [INF] SmsApi.Middleware.LoggingActionFilter | CorrelationId:7a0c69c0156f4a2d8d5d826dd007d039 | API Request: GET /api/library/books | User: Unknown | School: 550e8400-e29b-41d4-a716-446655440000
2026-04-20 18:05:11.256 +05:30 [INF] SmsApi.Middleware.LoggingActionFilter | CorrelationId:af3349b341ff4df0b1f8ebb4d7328510 | API Response: GET /api/library/issues | Status: 200 | Duration: 394ms
2026-04-20 18:05:11.297 +05:30 [INF] Serilog.AspNetCore.RequestLoggingMiddleware | CorrelationId:91e98b5c569845beb40d632e7276b323 | HTTP GET /api/library/books responded 200 in 529.2635 ms
2026-04-20 18:05:11.415 +05:30 [INF] SmsApi.Middleware.LoggingActionFilter | CorrelationId:a4ef0b17fe634e1db548bffe0813a50d | API Response: GET /api/students | Status: 200 | Duration: 426ms
2026-04-20 18:05:11.455 +05:30 [INF] Serilog.AspNetCore.RequestLoggingMiddleware | CorrelationId:af3349b341ff4df0b1f8ebb4d7328510 | HTTP GET /api/library/issues responded 200 in 601.6880 ms
2026-04-20 18:05:11.475 +05:30 [INF] SmsApi.Middleware.LoggingActionFilter | CorrelationId:7a0c69c0156f4a2d8d5d826dd007d039 | API Response: GET /api/library/books | Status: 200 | Duration: 363ms
2026-04-20 18:05:11.491 +05:30 [WRN] SmsApi.Infrastructure.Performance.PerformanceMonitoringMiddleware | CorrelationId: | Slow request: GET /api/library/books took 529ms — status 200.
2026-04-20 18:05:11.539 +05:30 [INF] Serilog.AspNetCore.RequestLoggingMiddleware | CorrelationId:a4ef0b17fe634e1db548bffe0813a50d | HTTP GET /api/students responded 200 in 610.3944 ms
2026-04-20 18:05:11.615 +05:30 [WRN] SmsApi.Infrastructure.Performance.PerformanceMonitoringMiddleware | CorrelationId: | Slow request: GET /api/library/issues took 601ms — status 200.
2026-04-20 18:05:11.709 +05:30 [INF] Serilog.AspNetCore.RequestLoggingMiddleware | CorrelationId:7a0c69c0156f4a2d8d5d826dd007d039 | HTTP GET /api/library/books responded 200 in 613.0439 ms
2026-04-20 18:05:12.475 +05:30 [WRN] SmsApi.Infrastructure.Performance.PerformanceMonitoringMiddleware | CorrelationId: | Slow request: GET /api/students took 610ms — status 200.
2026-04-20 18:05:13.153 +05:30 [WRN] SmsApi.Infrastructure.Performance.PerformanceMonitoringMiddleware | CorrelationId: | Slow request: GET /api/library/books took 613ms — status 200.
2026-04-20 18:05:13.746 +05:30 [INF] Serilog.AspNetCore.RequestLoggingMiddleware | CorrelationId:bd77373e8741461ab540f47b837a0540 | HTTP OPTIONS /api/visitor/currently-inside responded 204 in 2.5635 ms
2026-04-20 18:05:13.767 +05:30 [INF] Serilog.AspNetCore.RequestLoggingMiddleware | CorrelationId:201e6e8c8e3544f1939ce3bb56b3a191 | HTTP OPTIONS /api/visitor/stats responded 204 in 0.1086 ms
2026-04-20 18:05:13.767 +05:30 [INF] Serilog.AspNetCore.RequestLoggingMiddleware | CorrelationId:4d56828ccdcb4556a132a0e50232eaf4 | HTTP OPTIONS /api/visitor/today responded 204 in 0.0155 ms
2026-04-20 18:05:13.768 +05:30 [INF] Serilog.AspNetCore.RequestLoggingMiddleware | CorrelationId:c3a0c03bd32544419e3a27b754143836 | HTTP OPTIONS /api/visitor/currently-inside responded 204 in 0.0365 ms
2026-04-20 18:05:13.769 +05:30 [INF] Serilog.AspNetCore.RequestLoggingMiddleware | CorrelationId:a19035013fb243368399ac94d27b2038 | HTTP OPTIONS /api/visitor/stats responded 204 in 0.0307 ms
2026-04-20 18:05:13.771 +05:30 [INF] Serilog.AspNetCore.RequestLoggingMiddleware | CorrelationId:a93ffc8d96004f0b8cdbc8cb3b86fd42 | HTTP OPTIONS /api/visitor/today responded 204 in 0.1045 ms
2026-04-20 18:05:14.121 +05:30 [INF] SmsApi.Middleware.LoggingActionFilter | CorrelationId:2aed3017233f40a684720eb87f08d788 | API Request: GET /api/visitor/currently-inside | User: Unknown | School: 550e8400-e29b-41d4-a716-446655440000
2026-04-20 18:05:14.144 +05:30 [INF] SmsApi.Middleware.LoggingActionFilter | CorrelationId:952d50ff12b3489bb4c2ed3fe909c139 | API Request: GET /api/visitor/stats | User: Unknown | School: 550e8400-e29b-41d4-a716-446655440000
2026-04-20 18:05:14.187 +05:30 [INF] SmsApi.Middleware.LoggingActionFilter | CorrelationId:b03519af6adf4686a6d22d34f8d85455 | API Request: GET /api/visitor/currently-inside | User: Unknown | School: 550e8400-e29b-41d4-a716-446655440000
2026-04-20 18:05:14.187 +05:30 [INF] SmsApi.Middleware.LoggingActionFilter | CorrelationId:97d25c84519049128a143fe8f3f010c7 | API Request: GET /api/visitor/stats | User: Unknown | School: 550e8400-e29b-41d4-a716-446655440000
2026-04-20 18:05:14.192 +05:30 [INF] SmsApi.Middleware.LoggingActionFilter | CorrelationId:955cfca6bc604f20b9e4b18ce451e56b | API Request: GET /api/visitor/today | User: Unknown | School: 550e8400-e29b-41d4-a716-446655440000
2026-04-20 18:05:14.192 +05:30 [INF] SmsApi.Middleware.LoggingActionFilter | CorrelationId:43d7ab577a0e4d0eb77e81580f5c04c5 | API Request: GET /api/visitor/today | User: Unknown | School: 550e8400-e29b-41d4-a716-446655440000
2026-04-20 18:05:14.290 +05:30 [INF] SmsApi.Middleware.LoggingActionFilter | CorrelationId:952d50ff12b3489bb4c2ed3fe909c139 | API Response: GET /api/visitor/stats | Status: 200 | Duration: 145ms
2026-04-20 18:05:14.290 +05:30 [INF] SmsApi.Middleware.LoggingActionFilter | CorrelationId:97d25c84519049128a143fe8f3f010c7 | API Response: GET /api/visitor/stats | Status: 200 | Duration: 102ms
2026-04-20 18:05:14.316 +05:30 [INF] SmsApi.Middleware.LoggingActionFilter | CorrelationId:2aed3017233f40a684720eb87f08d788 | API Response: GET /api/visitor/currently-inside | Status: 200 | Duration: 194ms
2026-04-20 18:05:14.387 +05:30 [INF] Serilog.AspNetCore.RequestLoggingMiddleware | CorrelationId:2aed3017233f40a684720eb87f08d788 | HTTP GET /api/visitor/currently-inside responded 200 in 318.2890 ms
2026-04-20 18:05:14.361 +05:30 [INF] SmsApi.Middleware.LoggingActionFilter | CorrelationId:43d7ab577a0e4d0eb77e81580f5c04c5 | API Response: GET /api/visitor/today | Status: 200 | Duration: 168ms
2026-04-20 18:05:14.361 +05:30 [INF] SmsApi.Middleware.LoggingActionFilter | CorrelationId:955cfca6bc604f20b9e4b18ce451e56b | API Response: GET /api/visitor/today | Status: 200 | Duration: 169ms
2026-04-20 18:05:14.363 +05:30 [INF] Serilog.AspNetCore.RequestLoggingMiddleware | CorrelationId:952d50ff12b3489bb4c2ed3fe909c139 | HTTP GET /api/visitor/stats responded 200 in 235.2938 ms
2026-04-20 18:05:14.366 +05:30 [INF] Serilog.AspNetCore.RequestLoggingMiddleware | CorrelationId:97d25c84519049128a143fe8f3f010c7 | HTTP GET /api/visitor/stats responded 200 in 183.8283 ms
2026-04-20 18:05:14.316 +05:30 [INF] SmsApi.Middleware.LoggingActionFilter | CorrelationId:b03519af6adf4686a6d22d34f8d85455 | API Response: GET /api/visitor/currently-inside | Status: 200 | Duration: 128ms
2026-04-20 18:05:14.409 +05:30 [INF] Serilog.AspNetCore.RequestLoggingMiddleware | CorrelationId:43d7ab577a0e4d0eb77e81580f5c04c5 | HTTP GET /api/visitor/today responded 200 in 221.0336 ms
2026-04-20 18:05:14.417 +05:30 [INF] Serilog.AspNetCore.RequestLoggingMiddleware | CorrelationId:955cfca6bc604f20b9e4b18ce451e56b | HTTP GET /api/visitor/today responded 200 in 248.2290 ms
2026-04-20 18:05:14.438 +05:30 [INF] Serilog.AspNetCore.RequestLoggingMiddleware | CorrelationId:b03519af6adf4686a6d22d34f8d85455 | HTTP GET /api/visitor/currently-inside responded 200 in 268.3335 ms
2026-04-20 18:05:16.585 +05:30 [INF] Serilog.AspNetCore.RequestLoggingMiddleware | CorrelationId:067b2104537a4d60ba4739682d24fcd7 | HTTP OPTIONS /api/analytics/dashboard/summary responded 204 in 0.1568 ms
2026-04-20 18:05:16.587 +05:30 [INF] Serilog.AspNetCore.RequestLoggingMiddleware | CorrelationId:f05e85545977449fb45ddf141b1fd714 | HTTP OPTIONS /api/analytics/dashboard/summary responded 204 in 0.0545 ms
2026-04-20 18:05:16.622 +05:30 [INF] SmsApi.Middleware.LoggingActionFilter | CorrelationId:553dd74cdecc4fd2aec3a53e9a5a9273 | API Request: GET /api/analytics/dashboard/summary | User: Unknown | School: 550e8400-e29b-41d4-a716-446655440000
2026-04-20 18:05:16.641 +05:30 [INF] SmsApi.Middleware.LoggingActionFilter | CorrelationId:cc3ad0ace7aa474a94c177a6db5dbacf | API Request: GET /api/analytics/dashboard/summary | User: Unknown | School: 550e8400-e29b-41d4-a716-446655440000
2026-04-20 18:05:16.649 +05:30 [INF] SmsApi.Middleware.LoggingActionFilter | CorrelationId:553dd74cdecc4fd2aec3a53e9a5a9273 | API Response: GET /api/analytics/dashboard/summary | Status: 200 | Duration: 26ms
2026-04-20 18:05:16.664 +05:30 [INF] SmsApi.Middleware.LoggingActionFilter | CorrelationId:cc3ad0ace7aa474a94c177a6db5dbacf | API Response: GET /api/analytics/dashboard/summary | Status: 200 | Duration: 22ms
2026-04-20 18:05:16.860 +05:30 [INF] Serilog.AspNetCore.RequestLoggingMiddleware | CorrelationId:553dd74cdecc4fd2aec3a53e9a5a9273 | HTTP GET /api/analytics/dashboard/summary responded 200 in 261.5425 ms
2026-04-20 18:05:16.868 +05:30 [INF] Serilog.AspNetCore.RequestLoggingMiddleware | CorrelationId:cc3ad0ace7aa474a94c177a6db5dbacf | HTTP GET /api/analytics/dashboard/summary responded 200 in 235.7208 ms
2026-04-20 18:05:20.806 +05:30 [INF] Serilog.AspNetCore.RequestLoggingMiddleware | CorrelationId:b67020558d0f4c16a64bc5e8196fb5e2 | HTTP OPTIONS /api/academics/academic-years responded 204 in 0.1185 ms
2026-04-20 18:05:20.806 +05:30 [INF] Serilog.AspNetCore.RequestLoggingMiddleware | CorrelationId:8724f33bcd164f558e9170ff6fdc805f | HTTP OPTIONS /api/academics/academic-years responded 204 in 0.0495 ms
2026-04-20 18:05:20.889 +05:30 [INF] SmsApi.Middleware.LoggingActionFilter | CorrelationId:19f5c6149d2243ec986a5e0c9b25284d | API Request: GET /api/academics/academic-years | User: Unknown | School: 550e8400-e29b-41d4-a716-446655440000
2026-04-20 18:05:20.890 +05:30 [INF] SmsApi.Middleware.LoggingActionFilter | CorrelationId:7dee34d6a91946b6ae2babbd9e08689f | API Request: GET /api/academics/academic-years | User: Unknown | School: 550e8400-e29b-41d4-a716-446655440000
2026-04-20 18:05:20.938 +05:30 [INF] SmsApi.Middleware.LoggingActionFilter | CorrelationId:19f5c6149d2243ec986a5e0c9b25284d | API Response: GET /api/academics/academic-years | Status: 200 | Duration: 49ms
2026-04-20 18:05:20.948 +05:30 [INF] SmsApi.Middleware.LoggingActionFilter | CorrelationId:7dee34d6a91946b6ae2babbd9e08689f | API Response: GET /api/academics/academic-years | Status: 200 | Duration: 57ms
2026-04-20 18:05:20.950 +05:30 [INF] Serilog.AspNetCore.RequestLoggingMiddleware | CorrelationId:7dee34d6a91946b6ae2babbd9e08689f | HTTP GET /api/academics/academic-years responded 200 in 60.2890 ms
2026-04-20 18:05:20.949 +05:30 [INF] Serilog.AspNetCore.RequestLoggingMiddleware | CorrelationId:19f5c6149d2243ec986a5e0c9b25284d | HTTP GET /api/academics/academic-years responded 200 in 71.9284 ms
2026-04-20 18:05:24.085 +05:30 [INF] Serilog.AspNetCore.RequestLoggingMiddleware | CorrelationId:45a803cc387c4207980e378a6da19e15 | HTTP OPTIONS /api/examinations/stats responded 204 in 0.1680 ms
2026-04-20 18:05:24.087 +05:30 [INF] Serilog.AspNetCore.RequestLoggingMiddleware | CorrelationId:6f15d8f5ef8b4c34bf1a30d117781f7b | HTTP OPTIONS /api/examinations/exams responded 204 in 1.4262 ms
2026-04-20 18:05:24.087 +05:30 [INF] Serilog.AspNetCore.RequestLoggingMiddleware | CorrelationId:86b0faeb7afa43ce93c7d42f1cae6440 | HTTP OPTIONS /api/examinations/stats responded 204 in 0.0436 ms
2026-04-20 18:05:24.088 +05:30 [INF] Serilog.AspNetCore.RequestLoggingMiddleware | CorrelationId:6c6c9939699640ee9a1db21eaeed18df | HTTP OPTIONS /api/examinations/exams responded 204 in 0.0126 ms
2026-04-20 18:05:24.185 +05:30 [INF] SmsApi.Middleware.LoggingActionFilter | CorrelationId:48db5c5199fc45c5b5ec10cd6372af68 | API Request: GET /api/examinations/stats | User: Unknown | School: 550e8400-e29b-41d4-a716-446655440000
2026-04-20 18:05:24.290 +05:30 [INF] SmsApi.Middleware.LoggingActionFilter | CorrelationId:71c2e31ba5e54684952b9e65215a363f | API Request: GET /api/examinations/exams | User: Unknown | School: 550e8400-e29b-41d4-a716-446655440000
2026-04-20 18:05:24.317 +05:30 [INF] SmsApi.Middleware.LoggingActionFilter | CorrelationId:c4a5fd96d1fc43ec9534b333b364b438 | API Request: GET /api/examinations/stats | User: Unknown | School: 550e8400-e29b-41d4-a716-446655440000
2026-04-20 18:05:24.338 +05:30 [INF] SmsApi.Middleware.LoggingActionFilter | CorrelationId:ac0fd4c37eb24727800dac07c4edd604 | API Request: GET /api/examinations/exams | User: Unknown | School: 550e8400-e29b-41d4-a716-446655440000
2026-04-20 18:05:24.340 +05:30 [INF] SmsApi.Middleware.LoggingActionFilter | CorrelationId:71c2e31ba5e54684952b9e65215a363f | API Response: GET /api/examinations/exams | Status: 200 | Duration: 49ms
2026-04-20 18:05:24.383 +05:30 [INF] SmsApi.Middleware.LoggingActionFilter | CorrelationId:48db5c5199fc45c5b5ec10cd6372af68 | API Response: GET /api/examinations/stats | Status: 200 | Duration: 197ms
2026-04-20 18:05:24.456 +05:30 [INF] SmsApi.Middleware.LoggingActionFilter | CorrelationId:ac0fd4c37eb24727800dac07c4edd604 | API Response: GET /api/examinations/exams | Status: 200 | Duration: 117ms
2026-04-20 18:05:24.457 +05:30 [INF] SmsApi.Middleware.LoggingActionFilter | CorrelationId:c4a5fd96d1fc43ec9534b333b364b438 | API Response: GET /api/examinations/stats | Status: 200 | Duration: 140ms
2026-04-20 18:05:24.461 +05:30 [INF] Serilog.AspNetCore.RequestLoggingMiddleware | CorrelationId:71c2e31ba5e54684952b9e65215a363f | HTTP GET /api/examinations/exams responded 200 in 176.0158 ms
2026-04-20 18:05:24.465 +05:30 [INF] Serilog.AspNetCore.RequestLoggingMiddleware | CorrelationId:48db5c5199fc45c5b5ec10cd6372af68 | HTTP GET /api/examinations/stats responded 200 in 300.4859 ms
2026-04-20 18:05:24.487 +05:30 [INF] Serilog.AspNetCore.RequestLoggingMiddleware | CorrelationId:ac0fd4c37eb24727800dac07c4edd604 | HTTP GET /api/examinations/exams responded 200 in 166.9475 ms
2026-04-20 18:05:24.505 +05:30 [INF] Serilog.AspNetCore.RequestLoggingMiddleware | CorrelationId:c4a5fd96d1fc43ec9534b333b364b438 | HTTP GET /api/examinations/stats responded 200 in 200.0907 ms
2026-04-20 18:05:25.298 +05:30 [INF] Serilog.AspNetCore.RequestLoggingMiddleware | CorrelationId:098b7e9d5db64362a84829d134b5d7fc | HTTP OPTIONS /api/academics/academic-years responded 204 in 0.1034 ms
2026-04-20 18:05:25.299 +05:30 [INF] Serilog.AspNetCore.RequestLoggingMiddleware | CorrelationId:37e65c5d8d8147a8988b14b7347d5752 | HTTP OPTIONS /api/academics/academic-years responded 204 in 0.0209 ms
2026-04-20 18:05:25.335 +05:30 [INF] SmsApi.Middleware.LoggingActionFilter | CorrelationId:b41b77d7fc3645d9964f259fd039772f | API Request: GET /api/academics/academic-years | User: Unknown | School: 550e8400-e29b-41d4-a716-446655440000
2026-04-20 18:05:25.346 +05:30 [INF] SmsApi.Middleware.LoggingActionFilter | CorrelationId:89dcb86d56554a268853b12e14a66744 | API Request: GET /api/academics/academic-years | User: Unknown | School: 550e8400-e29b-41d4-a716-446655440000
2026-04-20 18:05:25.366 +05:30 [INF] SmsApi.Middleware.LoggingActionFilter | CorrelationId:b41b77d7fc3645d9964f259fd039772f | API Response: GET /api/academics/academic-years | Status: 200 | Duration: 30ms
2026-04-20 18:05:25.390 +05:30 [INF] Serilog.AspNetCore.RequestLoggingMiddleware | CorrelationId:b41b77d7fc3645d9964f259fd039772f | HTTP GET /api/academics/academic-years responded 200 in 55.4571 ms
2026-04-20 18:05:25.392 +05:30 [INF] SmsApi.Middleware.LoggingActionFilter | CorrelationId:89dcb86d56554a268853b12e14a66744 | API Response: GET /api/academics/academic-years | Status: 200 | Duration: 45ms
2026-04-20 18:05:25.427 +05:30 [INF] Serilog.AspNetCore.RequestLoggingMiddleware | CorrelationId:89dcb86d56554a268853b12e14a66744 | HTTP GET /api/academics/academic-years responded 200 in 81.9089 ms
2026-04-20 18:16:50.165 +05:30 [INF] Serilog.AspNetCore.RequestLoggingMiddleware | CorrelationId:9f138b6f9b6d4cdf844917e6755a8c22 | HTTP OPTIONS /api/academics/academic-years responded 204 in 0.8822 ms
2026-04-20 18:16:50.199 +05:30 [INF] Serilog.AspNetCore.RequestLoggingMiddleware | CorrelationId:79ffcc5bae5b4a8e8e2cae0b34633cb0 | HTTP OPTIONS /api/academics/academic-years responded 204 in 0.0575 ms
2026-04-20 18:16:50.236 +05:30 [INF] Serilog.AspNetCore.RequestLoggingMiddleware | CorrelationId:a668ccc1b99c4e97afcb8a4f125dd203 | HTTP OPTIONS /api/academics/subjects responded 204 in 0.0724 ms
2026-04-20 18:16:50.236 +05:30 [INF] Serilog.AspNetCore.RequestLoggingMiddleware | CorrelationId:4293a2d4989d4cfeadc40d0b9991c700 | HTTP OPTIONS /api/academics/classes responded 204 in 0.0274 ms
2026-04-20 18:16:50.542 +05:30 [INF] Serilog.AspNetCore.RequestLoggingMiddleware | CorrelationId:9c1a64d573934dc7ab75c1909942e61a | HTTP OPTIONS /api/academics/academic-years responded 204 in 0.0582 ms
2026-04-20 18:16:50.598 +05:30 [INF] Serilog.AspNetCore.RequestLoggingMiddleware | CorrelationId:e0e187656cef4f4ab8ca7d0cc96c166a | HTTP OPTIONS /api/academics/academic-years responded 204 in 0.0509 ms
2026-04-20 18:16:50.932 +05:30 [WRN] SmsApi.Infrastructure.Performance.PerformanceMonitoringMiddleware | CorrelationId: | Slow request: OPTIONS /api/academics/subjects took 696ms — status 204.
2026-04-20 18:16:50.985 +05:30 [WRN] SmsApi.Infrastructure.Performance.PerformanceMonitoringMiddleware | CorrelationId: | Slow request: OPTIONS /api/academics/classes took 749ms — status 204.
2026-04-20 18:16:51.039 +05:30 [INF] Serilog.AspNetCore.RequestLoggingMiddleware | CorrelationId:9c460126ed6f4ec2a2fc339a7f95c021 | HTTP OPTIONS /api/academics/classes responded 204 in 0.0453 ms
2026-04-20 18:16:51.399 +05:30 [WRN] SmsApi.Infrastructure.Performance.PerformanceMonitoringMiddleware | CorrelationId: | Slow request: OPTIONS /api/academics/academic-years took 801ms — status 204.
2026-04-20 18:16:51.410 +05:30 [INF] Serilog.AspNetCore.RequestLoggingMiddleware | CorrelationId:9a92eea4615447669f01a62b45f5dc7f | HTTP OPTIONS /api/academics/subjects responded 204 in 0.0536 ms
2026-04-20 18:16:51.428 +05:30 [INF] SmsApi.Middleware.LoggingActionFilter | CorrelationId:c6d791ca8a4e47d2b79ce0325280d61c | API Request: GET /api/academics/academic-years | User: Unknown | School: 550e8400-e29b-41d4-a716-446655440000
2026-04-20 18:16:51.567 +05:30 [INF] SmsApi.Middleware.LoggingActionFilter | CorrelationId:b6e047d6c79343d38bb20bc1f2939907 | API Request: GET /api/academics/academic-years | User: Unknown | School: 550e8400-e29b-41d4-a716-446655440000
2026-04-20 18:16:51.668 +05:30 [INF] SmsApi.Middleware.LoggingActionFilter | CorrelationId:6b0eacfa59c44fdbbd53efaa00f665d7 | API Request: GET /api/academics/academic-years | User: Unknown | School: 550e8400-e29b-41d4-a716-446655440000
2026-04-20 18:16:51.739 +05:30 [INF] SmsApi.Middleware.LoggingActionFilter | CorrelationId:0156076eefd845b9aa338d40711c108d | API Request: GET /api/academics/subjects | User: Unknown | School: 550e8400-e29b-41d4-a716-446655440000
2026-04-20 18:16:51.740 +05:30 [INF] SmsApi.Middleware.LoggingActionFilter | CorrelationId:e1c36de01dc64934940da84e7bd31c36 | API Request: GET /api/academics/classes | User: Unknown | School: 550e8400-e29b-41d4-a716-446655440000
2026-04-20 18:16:51.757 +05:30 [INF] SmsApi.Middleware.LoggingActionFilter | CorrelationId:f64e6e3e35234880afcb81f17493a55a | API Request: GET /api/academics/classes | User: Unknown | School: 550e8400-e29b-41d4-a716-446655440000
2026-04-20 18:16:51.927 +05:30 [INF] SmsApi.Middleware.LoggingActionFilter | CorrelationId:c6d791ca8a4e47d2b79ce0325280d61c | API Response: GET /api/academics/academic-years | Status: 200 | Duration: 499ms
2026-04-20 18:16:52.247 +05:30 [INF] SmsApi.Middleware.LoggingActionFilter | CorrelationId:b6e047d6c79343d38bb20bc1f2939907 | API Response: GET /api/academics/academic-years | Status: 200 | Duration: 680ms
2026-04-20 18:16:52.313 +05:30 [INF] SmsApi.Middleware.LoggingActionFilter | CorrelationId:6b0eacfa59c44fdbbd53efaa00f665d7 | API Response: GET /api/academics/academic-years | Status: 200 | Duration: 645ms
2026-04-20 18:16:52.381 +05:30 [INF] SmsApi.Middleware.LoggingActionFilter | CorrelationId:e1c36de01dc64934940da84e7bd31c36 | API Response: GET /api/academics/classes | Status: 200 | Duration: 641ms
2026-04-20 18:16:52.385 +05:30 [INF] SmsApi.Middleware.LoggingActionFilter | CorrelationId:f64e6e3e35234880afcb81f17493a55a | API Response: GET /api/academics/classes | Status: 200 | Duration: 628ms
2026-04-20 18:16:52.411 +05:30 [INF] SmsApi.Middleware.LoggingActionFilter | CorrelationId:0156076eefd845b9aa338d40711c108d | API Response: GET /api/academics/subjects | Status: 200 | Duration: 671ms
2026-04-20 18:16:52.411 +05:30 [INF] Serilog.AspNetCore.RequestLoggingMiddleware | CorrelationId:c6d791ca8a4e47d2b79ce0325280d61c | HTTP GET /api/academics/academic-years responded 200 in 988.1966 ms
2026-04-20 18:16:52.415 +05:30 [INF] Serilog.AspNetCore.RequestLoggingMiddleware | CorrelationId:b6e047d6c79343d38bb20bc1f2939907 | HTTP GET /api/academics/academic-years responded 200 in 848.5213 ms
2026-04-20 18:16:52.420 +05:30 [INF] Serilog.AspNetCore.RequestLoggingMiddleware | CorrelationId:6b0eacfa59c44fdbbd53efaa00f665d7 | HTTP GET /api/academics/academic-years responded 200 in 753.7789 ms
2026-04-20 18:16:52.425 +05:30 [INF] Serilog.AspNetCore.RequestLoggingMiddleware | CorrelationId:e1c36de01dc64934940da84e7bd31c36 | HTTP GET /api/academics/classes responded 200 in 687.4558 ms
2026-04-20 18:16:52.476 +05:30 [WRN] SmsApi.Infrastructure.Performance.PerformanceMonitoringMiddleware | CorrelationId: | Slow request: GET /api/academics/classes took 687ms — status 200.
2026-04-20 18:16:52.445 +05:30 [INF] Serilog.AspNetCore.RequestLoggingMiddleware | CorrelationId:0156076eefd845b9aa338d40711c108d | HTTP GET /api/academics/subjects responded 200 in 717.8698 ms
2026-04-20 18:16:52.451 +05:30 [WRN] SmsApi.Infrastructure.Performance.PerformanceMonitoringMiddleware | CorrelationId: | Slow request: GET /api/academics/academic-years took 988ms — status 200.
2026-04-20 18:16:52.455 +05:30 [WRN] SmsApi.Infrastructure.Performance.PerformanceMonitoringMiddleware | CorrelationId: | Slow request: GET /api/academics/academic-years took 848ms — status 200.
2026-04-20 18:16:52.467 +05:30 [WRN] SmsApi.Infrastructure.Performance.PerformanceMonitoringMiddleware | CorrelationId: | Slow request: GET /api/academics/academic-years took 753ms — status 200.
2026-04-20 18:16:52.433 +05:30 [INF] Serilog.AspNetCore.RequestLoggingMiddleware | CorrelationId:f64e6e3e35234880afcb81f17493a55a | HTTP GET /api/academics/classes responded 200 in 676.8665 ms
2026-04-20 18:16:52.531 +05:30 [INF] SmsApi.Middleware.LoggingActionFilter | CorrelationId:671120e87ab44df6b3d6053d40a4ed9d | API Request: GET /api/academics/academic-years | User: Unknown | School: 550e8400-e29b-41d4-a716-446655440000
2026-04-20 18:16:52.551 +05:30 [WRN] SmsApi.Infrastructure.Performance.PerformanceMonitoringMiddleware | CorrelationId: | Slow request: GET /api/academics/subjects took 717ms — status 200.
2026-04-20 18:16:52.582 +05:30 [INF] SmsApi.Middleware.LoggingActionFilter | CorrelationId:f05aebf87e584f4b9ffaf7cdfcfcfca8 | API Request: GET /api/academics/subjects | User: Unknown | School: 550e8400-e29b-41d4-a716-446655440000
2026-04-20 18:16:52.598 +05:30 [WRN] SmsApi.Infrastructure.Performance.PerformanceMonitoringMiddleware | CorrelationId: | Slow request: GET /api/academics/classes took 676ms — status 200.
2026-04-20 18:16:52.868 +05:30 [INF] SmsApi.Middleware.LoggingActionFilter | CorrelationId:671120e87ab44df6b3d6053d40a4ed9d | API Response: GET /api/academics/academic-years | Status: 200 | Duration: 337ms
2026-04-20 18:16:53.148 +05:30 [INF] Serilog.AspNetCore.RequestLoggingMiddleware | CorrelationId:671120e87ab44df6b3d6053d40a4ed9d | HTTP GET /api/academics/academic-years responded 200 in 618.6376 ms
2026-04-20 18:16:52.952 +05:30 [INF] SmsApi.Middleware.LoggingActionFilter | CorrelationId:f05aebf87e584f4b9ffaf7cdfcfcfca8 | API Response: GET /api/academics/subjects | Status: 200 | Duration: 369ms
2026-04-20 18:16:53.155 +05:30 [WRN] SmsApi.Infrastructure.Performance.PerformanceMonitoringMiddleware | CorrelationId: | Slow request: GET /api/academics/academic-years took 618ms — status 200.
2026-04-20 18:16:53.164 +05:30 [INF] Serilog.AspNetCore.RequestLoggingMiddleware | CorrelationId:f05aebf87e584f4b9ffaf7cdfcfcfca8 | HTTP GET /api/academics/subjects responded 200 in 582.5637 ms
2026-04-20 18:16:53.184 +05:30 [WRN] SmsApi.Infrastructure.Performance.PerformanceMonitoringMiddleware | CorrelationId: | Slow request: GET /api/academics/subjects took 582ms — status 200.
2026-04-20 18:20:54.985 +05:30 [INF] Serilog.AspNetCore.RequestLoggingMiddleware | CorrelationId:d43c965b14a54b7f9dfe04bb33efd505 | HTTP OPTIONS /api/academics/academic-years responded 204 in 0.7906 ms
2026-04-20 18:20:55.090 +05:30 [INF] Serilog.AspNetCore.RequestLoggingMiddleware | CorrelationId:79992a37f99a41d99e4daacd0c33e4f3 | HTTP OPTIONS /api/settings/school/me responded 204 in 0.0614 ms
2026-04-20 18:20:55.333 +05:30 [INF] Serilog.AspNetCore.RequestLoggingMiddleware | CorrelationId:fe86f0f4eed147d38a4b6343c8428597 | HTTP OPTIONS /api/academics/academic-years responded 204 in 0.0426 ms
2026-04-20 18:20:55.794 +05:30 [INF] Serilog.AspNetCore.RequestLoggingMiddleware | CorrelationId:e8bca03cf11a466589058fe4b506a673 | HTTP OPTIONS /api/academics/academic-years responded 204 in 0.0680 ms
2026-04-20 18:20:55.795 +05:30 [INF] Serilog.AspNetCore.RequestLoggingMiddleware | CorrelationId:424e3badc21044c99ed771e28c3fbc06 | HTTP OPTIONS /api/academics/academic-years responded 204 in 0.0126 ms
2026-04-20 18:20:55.796 +05:30 [INF] Serilog.AspNetCore.RequestLoggingMiddleware | CorrelationId:739b02c7d3ef40e789d41b761d1f1d3c | HTTP OPTIONS /api/academics/classes responded 204 in 0.0237 ms
2026-04-20 18:20:56.493 +05:30 [WRN] SmsApi.Infrastructure.Performance.PerformanceMonitoringMiddleware | CorrelationId: | Slow request: OPTIONS /api/academics/academic-years took 1509ms — status 204.
2026-04-20 18:20:56.505 +05:30 [WRN] SmsApi.Infrastructure.Performance.PerformanceMonitoringMiddleware | CorrelationId: | Slow request: OPTIONS /api/settings/school/me took 1414ms — status 204.
2026-04-20 18:20:56.517 +05:30 [WRN] SmsApi.Infrastructure.Performance.PerformanceMonitoringMiddleware | CorrelationId: | Slow request: OPTIONS /api/academics/academic-years took 1183ms — status 204.
2026-04-20 18:20:56.528 +05:30 [WRN] SmsApi.Infrastructure.Performance.PerformanceMonitoringMiddleware | CorrelationId: | Slow request: OPTIONS /api/academics/academic-years took 733ms — status 204.
2026-04-20 18:20:56.543 +05:30 [WRN] SmsApi.Infrastructure.Performance.PerformanceMonitoringMiddleware | CorrelationId: | Slow request: OPTIONS /api/academics/academic-years took 748ms — status 204.
2026-04-20 18:20:56.548 +05:30 [WRN] SmsApi.Infrastructure.Performance.PerformanceMonitoringMiddleware | CorrelationId: | Slow request: OPTIONS /api/academics/classes took 753ms — status 204.
2026-04-20 18:20:56.616 +05:30 [INF] Serilog.AspNetCore.RequestLoggingMiddleware | CorrelationId:bd5e0dc91a184067b12d854c9b37327d | HTTP OPTIONS /api/academics/subjects responded 204 in 0.1425 ms
2026-04-20 18:20:56.637 +05:30 [INF] Serilog.AspNetCore.RequestLoggingMiddleware | CorrelationId:3833a7dce05244a7bd5d74c437e5a27e | HTTP OPTIONS /api/academics/academic-years responded 204 in 0.0494 ms
2026-04-20 18:20:56.644 +05:30 [INF] Serilog.AspNetCore.RequestLoggingMiddleware | CorrelationId:17381cc63c3740b29ea1c413d7c2a82f | HTTP OPTIONS /api/academics/academic-years responded 204 in 0.0788 ms
2026-04-20 18:20:56.655 +05:30 [INF] Serilog.AspNetCore.RequestLoggingMiddleware | CorrelationId:e9bbb6c9c41541698625c3e4c51954b6 | HTTP OPTIONS /api/academics/classes responded 204 in 0.0974 ms
2026-04-20 18:20:56.684 +05:30 [INF] Serilog.AspNetCore.RequestLoggingMiddleware | CorrelationId:77fac3745e564de0accd62c88aeb716c | HTTP OPTIONS /api/academics/subjects responded 204 in 0.0372 ms
2026-04-20 18:20:56.707 +05:30 [INF] SmsApi.Middleware.LoggingActionFilter | CorrelationId:7b95ca6814f544ff85d2ed766896766d | API Request: GET /api/academics/academic-years | User: Unknown | School: 550e8400-e29b-41d4-a716-446655440000
2026-04-20 18:20:56.736 +05:30 [INF] SmsApi.Middleware.LoggingActionFilter | CorrelationId:107c90baa536470697d7dc6eb0f1e69c | API Request: GET /api/academics/academic-years | User: Unknown | School: 550e8400-e29b-41d4-a716-446655440000
2026-04-20 18:20:56.882 +05:30 [INF] SmsApi.Middleware.LoggingActionFilter | CorrelationId:d86b1f7da1da4431a272663c656882c9 | API Request: GET /api/settings/school/me | User: Unknown | School: 550e8400-e29b-41d4-a716-446655440000
2026-04-20 18:20:56.895 +05:30 [INF] SmsApi.Middleware.LoggingActionFilter | CorrelationId:87ed142e9b44474f9c0fe172aba519a6 | API Request: GET /api/academics/academic-years | User: Unknown | School: 550e8400-e29b-41d4-a716-446655440000
2026-04-20 18:20:56.921 +05:30 [INF] SmsApi.Middleware.LoggingActionFilter | CorrelationId:b40f915d11a247e6acff11c9b0013e60 | API Request: GET /api/academics/academic-years | User: Unknown | School: 550e8400-e29b-41d4-a716-446655440000
2026-04-20 18:20:57.013 +05:30 [INF] SmsApi.Middleware.LoggingActionFilter | CorrelationId:7b95ca6814f544ff85d2ed766896766d | API Response: GET /api/academics/academic-years | Status: 200 | Duration: 305ms
2026-04-20 18:20:57.033 +05:30 [INF] SmsApi.Middleware.LoggingActionFilter | CorrelationId:107c90baa536470697d7dc6eb0f1e69c | API Response: GET /api/academics/academic-years | Status: 200 | Duration: 297ms
2026-04-20 18:20:57.041 +05:30 [INF] SmsApi.Middleware.LoggingActionFilter | CorrelationId:d86b1f7da1da4431a272663c656882c9 | API Response: GET /api/settings/school/me | Status: 200 | Duration: 159ms
2026-04-20 18:20:57.089 +05:30 [INF] SmsApi.Middleware.LoggingActionFilter | CorrelationId:b40f915d11a247e6acff11c9b0013e60 | API Response: GET /api/academics/academic-years | Status: 200 | Duration: 168ms
2026-04-20 18:20:57.195 +05:30 [INF] Serilog.AspNetCore.RequestLoggingMiddleware | CorrelationId:7b95ca6814f544ff85d2ed766896766d | HTTP GET /api/academics/academic-years responded 200 in 501.3982 ms
2026-04-20 18:20:57.198 +05:30 [INF] Serilog.AspNetCore.RequestLoggingMiddleware | CorrelationId:107c90baa536470697d7dc6eb0f1e69c | HTTP GET /api/academics/academic-years responded 200 in 462.2594 ms
2026-04-20 18:20:57.201 +05:30 [INF] Serilog.AspNetCore.RequestLoggingMiddleware | CorrelationId:d86b1f7da1da4431a272663c656882c9 | HTTP GET /api/settings/school/me responded 200 in 322.6664 ms
2026-04-20 18:20:57.209 +05:30 [INF] Serilog.AspNetCore.RequestLoggingMiddleware | CorrelationId:b40f915d11a247e6acff11c9b0013e60 | HTTP GET /api/academics/academic-years responded 200 in 289.0337 ms
2026-04-20 18:20:57.222 +05:30 [WRN] SmsApi.Infrastructure.Performance.PerformanceMonitoringMiddleware | CorrelationId: | Slow request: GET /api/academics/academic-years took 501ms — status 200.
2026-04-20 18:20:57.233 +05:30 [INF] SmsApi.Middleware.LoggingActionFilter | CorrelationId:87ed142e9b44474f9c0fe172aba519a6 | API Response: GET /api/academics/academic-years | Status: 200 | Duration: 337ms
2026-04-20 18:20:57.242 +05:30 [INF] SmsApi.Middleware.LoggingActionFilter | CorrelationId:d0780de746b6485c9c40fdc77095c867 | API Request: GET /api/academics/subjects | User: Unknown | School: 550e8400-e29b-41d4-a716-446655440000
2026-04-20 18:20:57.851 +05:30 [INF] SmsApi.Middleware.LoggingActionFilter | CorrelationId:51405a52c59746488451bca73ff7077a | API Request: GET /api/academics/classes | User: Unknown | School: 550e8400-e29b-41d4-a716-446655440000
2026-04-20 18:20:57.888 +05:30 [INF] SmsApi.Middleware.LoggingActionFilter | CorrelationId:84ab79ce17184c39949be36877441bbb | API Request: GET /api/academics/academic-years | User: Unknown | School: 550e8400-e29b-41d4-a716-446655440000
2026-04-20 18:20:57.900 +05:30 [INF] SmsApi.Middleware.LoggingActionFilter | CorrelationId:7d25c0a12e1149a6af08d27a9913c974 | API Request: GET /api/academics/academic-years | User: Unknown | School: 550e8400-e29b-41d4-a716-446655440000
2026-04-20 18:20:58.068 +05:30 [INF] SmsApi.Middleware.LoggingActionFilter | CorrelationId:6c4af2466a644d099585012724e6c13e | API Request: GET /api/academics/classes | User: Unknown | School: 550e8400-e29b-41d4-a716-446655440000
2026-04-20 18:20:59.025 +05:30 [INF] Serilog.AspNetCore.RequestLoggingMiddleware | CorrelationId:87ed142e9b44474f9c0fe172aba519a6 | HTTP GET /api/academics/academic-years responded 200 in 2130.7116 ms
2026-04-20 18:20:59.097 +05:30 [INF] SmsApi.Middleware.LoggingActionFilter | CorrelationId:84e530dd824e4ced856a12ebac9c8c05 | API Request: GET /api/academics/subjects | User: Unknown | School: 550e8400-e29b-41d4-a716-446655440000
2026-04-20 18:20:59.225 +05:30 [INF] SmsApi.Middleware.LoggingActionFilter | CorrelationId:d0780de746b6485c9c40fdc77095c867 | API Response: GET /api/academics/subjects | Status: 200 | Duration: 1982ms
2026-04-20 18:20:59.237 +05:30 [INF] SmsApi.Middleware.LoggingActionFilter | CorrelationId:84ab79ce17184c39949be36877441bbb | API Response: GET /api/academics/academic-years | Status: 200 | Duration: 1348ms
2026-04-20 18:21:01.040 +05:30 [INF] Serilog.AspNetCore.RequestLoggingMiddleware | CorrelationId:84ab79ce17184c39949be36877441bbb | HTTP GET /api/academics/academic-years responded 200 in 3152.2528 ms
2026-04-20 18:21:01.077 +05:30 [ERR] SmsApi.Infrastructure.Performance.PerformanceMonitoringMiddleware | CorrelationId: | SLA BREACH: GET /api/academics/academic-years took 3152ms — status 200. Investigate immediately.
2026-04-20 18:20:59.448 +05:30 [ERR] SmsApi.Infrastructure.Performance.PerformanceMonitoringMiddleware | CorrelationId: | SLA BREACH: GET /api/academics/academic-years took 2130ms — status 200. Investigate immediately.
2026-04-20 18:20:59.468 +05:30 [INF] SmsApi.Middleware.LoggingActionFilter | CorrelationId:51405a52c59746488451bca73ff7077a | API Response: GET /api/academics/classes | Status: 200 | Duration: 1616ms
2026-04-20 18:20:59.278 +05:30 [INF] Serilog.AspNetCore.RequestLoggingMiddleware | CorrelationId:223f9fb3d2f54879b95877e0a57af168 | HTTP OPTIONS /api/academics/academic-years responded 204 in 0.1475 ms
2026-04-20 18:21:01.041 +05:30 [INF] Serilog.AspNetCore.RequestLoggingMiddleware | CorrelationId:d0780de746b6485c9c40fdc77095c867 | HTTP GET /api/academics/subjects responded 200 in 3799.3448 ms
2026-04-20 18:20:59.404 +05:30 [INF] SmsApi.Middleware.LoggingActionFilter | CorrelationId:7d25c0a12e1149a6af08d27a9913c974 | API Response: GET /api/academics/academic-years | Status: 200 | Duration: 1503ms
2026-04-20 18:21:01.124 +05:30 [INF] Serilog.AspNetCore.RequestLoggingMiddleware | CorrelationId:f3efca07a11443baa3db345387a6ff93 | HTTP OPTIONS /api/academics/academic-years responded 204 in 0.0777 ms
2026-04-20 18:21:01.616 +05:30 [INF] SmsApi.Middleware.LoggingActionFilter | CorrelationId:84e530dd824e4ced856a12ebac9c8c05 | API Response: GET /api/academics/subjects | Status: 200 | Duration: 2519ms
2026-04-20 18:21:05.508 +05:30 [ERR] SmsApi.Infrastructure.Performance.PerformanceMonitoringMiddleware | CorrelationId: | SLA BREACH: OPTIONS /api/academics/academic-years took 6230ms — status 204. Investigate immediately.
2026-04-20 18:21:05.511 +05:30 [ERR] SmsApi.Infrastructure.Performance.PerformanceMonitoringMiddleware | CorrelationId: | SLA BREACH: GET /api/academics/subjects took 8269ms — status 200. Investigate immediately.
2026-04-20 18:21:05.519 +05:30 [INF] Serilog.AspNetCore.RequestLoggingMiddleware | CorrelationId:7d25c0a12e1149a6af08d27a9913c974 | HTTP GET /api/academics/academic-years responded 200 in 7620.7750 ms
2026-04-20 18:21:05.546 +05:30 [ERR] SmsApi.Infrastructure.Performance.PerformanceMonitoringMiddleware | CorrelationId: | SLA BREACH: GET /api/academics/academic-years took 7620ms — status 200. Investigate immediately.
2026-04-20 18:21:05.525 +05:30 [INF] Serilog.AspNetCore.RequestLoggingMiddleware | CorrelationId:84e530dd824e4ced856a12ebac9c8c05 | HTTP GET /api/academics/subjects responded 200 in 6429.4946 ms
2026-04-20 18:21:05.553 +05:30 [ERR] SmsApi.Infrastructure.Performance.PerformanceMonitoringMiddleware | CorrelationId: | SLA BREACH: GET /api/academics/subjects took 6457ms — status 200. Investigate immediately.
2026-04-20 18:21:05.543 +05:30 [INF] Serilog.AspNetCore.RequestLoggingMiddleware | CorrelationId:903ddac47e70407f9841bd42225a588b | HTTP OPTIONS /api/academics/subjects responded 204 in 3.3021 ms
2026-04-20 18:21:05.544 +05:30 [INF] Serilog.AspNetCore.RequestLoggingMiddleware | CorrelationId:ef78d3655705476eba7c56c630836215 | HTTP OPTIONS /api/academics/classes responded 204 in 0.1300 ms
2026-04-20 18:21:05.520 +05:30 [ERR] SmsApi.Infrastructure.Performance.PerformanceMonitoringMiddleware | CorrelationId: | SLA BREACH: OPTIONS /api/academics/academic-years took 4396ms — status 204. Investigate immediately.
2026-04-20 18:21:05.525 +05:30 [INF] Serilog.AspNetCore.RequestLoggingMiddleware | CorrelationId:51405a52c59746488451bca73ff7077a | HTTP GET /api/academics/classes responded 200 in 7675.2765 ms
2026-04-20 18:21:05.559 +05:30 [INF] Serilog.AspNetCore.RequestLoggingMiddleware | CorrelationId:270e271fce804cb7aacab431c79b8140 | HTTP OPTIONS /api/academics/academic-years responded 204 in 0.0642 ms
2026-04-20 18:21:05.559 +05:30 [INF] Serilog.AspNetCore.RequestLoggingMiddleware | CorrelationId:90061a96766249dbbbd174ad8383764c | HTTP OPTIONS /api/academics/academic-years responded 204 in 0.0203 ms
2026-04-20 18:21:05.592 +05:30 [ERR] SmsApi.Infrastructure.Performance.PerformanceMonitoringMiddleware | CorrelationId: | SLA BREACH: GET /api/academics/classes took 7672ms — status 200. Investigate immediately.
2026-04-20 18:21:05.600 +05:30 [INF] Serilog.AspNetCore.RequestLoggingMiddleware | CorrelationId:610e95e4d6f842a2b552278f5c1a6fd9 | HTTP OPTIONS /api/academics/classes responded 204 in 0.0548 ms
2026-04-20 18:21:05.606 +05:30 [INF] SmsApi.Middleware.LoggingActionFilter | CorrelationId:6c4af2466a644d099585012724e6c13e | API Response: GET /api/academics/classes | Status: 200 | Duration: 7537ms
2026-04-20 18:21:05.621 +05:30 [INF] Serilog.AspNetCore.RequestLoggingMiddleware | CorrelationId:35f7fd6ecb3d43149924630ef747424f | HTTP OPTIONS /api/academics/subjects responded 204 in 0.2509 ms
2026-04-20 18:21:05.699 +05:30 [INF] Serilog.AspNetCore.RequestLoggingMiddleware | CorrelationId:3179bfdf6e3d490989c6b0d0e08963aa | HTTP OPTIONS /api/academics/academic-years responded 204 in 0.0435 ms
2026-04-20 18:21:05.710 +05:30 [INF] Serilog.AspNetCore.RequestLoggingMiddleware | CorrelationId:891e5ba0ed9b4347978672e6f87296ee | HTTP OPTIONS /api/academics/academic-years responded 204 in 0.0410 ms
2026-04-20 18:21:05.786 +05:30 [INF] Serilog.AspNetCore.RequestLoggingMiddleware | CorrelationId:6c4af2466a644d099585012724e6c13e | HTTP GET /api/academics/classes responded 200 in 7718.3288 ms
2026-04-20 18:21:05.829 +05:30 [INF] Serilog.AspNetCore.RequestLoggingMiddleware | CorrelationId:20508b3cac3e4cfcba333de16060d1b6 | HTTP OPTIONS /api/settings/school/me responded 204 in 0.1689 ms
2026-04-20 18:21:07.593 +05:30 [WRN] SmsApi.Infrastructure.Performance.PerformanceMonitoringMiddleware | CorrelationId: | Slow request: OPTIONS /api/settings/school/me took 1763ms — status 204.
2026-04-20 18:21:07.550 +05:30 [WRN] SmsApi.Infrastructure.Performance.PerformanceMonitoringMiddleware | CorrelationId: | Slow request: OPTIONS /api/academics/academic-years took 1840ms — status 204.
2026-04-20 18:21:07.579 +05:30 [ERR] SmsApi.Infrastructure.Performance.PerformanceMonitoringMiddleware | CorrelationId: | SLA BREACH: GET /api/academics/classes took 9511ms — status 200. Investigate immediately.
2026-04-20 18:21:07.509 +05:30 [WRN] SmsApi.Infrastructure.Performance.PerformanceMonitoringMiddleware | CorrelationId: | Slow request: OPTIONS /api/academics/academic-years took 1810ms — status 204.
2026-04-20 18:21:07.708 +05:30 [INF] Serilog.AspNetCore.RequestLoggingMiddleware | CorrelationId:f3e0872f00514203bf94da846319f54f | HTTP OPTIONS /api/academics/academic-years responded 204 in 0.1901 ms
2026-04-20 18:21:07.778 +05:30 [INF] Serilog.AspNetCore.RequestLoggingMiddleware | CorrelationId:eb2b7bb0a04d484a99fedf9422b2a1c4 | HTTP OPTIONS /api/academics/academic-years responded 204 in 0.0909 ms
2026-04-20 18:21:08.200 +05:30 [INF] Serilog.AspNetCore.RequestLoggingMiddleware | CorrelationId:abdd9f5ea33a4cddb34a15cbcc59a7a2 | HTTP OPTIONS /api/academics/classes responded 204 in 0.0645 ms
2026-04-20 18:21:08.213 +05:30 [INF] Serilog.AspNetCore.RequestLoggingMiddleware | CorrelationId:d2957122114747bbaa8ae1f4d2fd8f0e | HTTP OPTIONS /api/academics/subjects responded 204 in 0.0437 ms
2026-04-20 18:21:08.233 +05:30 [WRN] SmsApi.Infrastructure.Performance.PerformanceMonitoringMiddleware | CorrelationId: | Slow request: OPTIONS /api/academics/academic-years took 524ms — status 204.
2026-04-20 18:21:08.269 +05:30 [INF] Serilog.AspNetCore.RequestLoggingMiddleware | CorrelationId:810377c4d83c42a3bc6bf97815183be6 | HTTP OPTIONS /api/academics/academic-years responded 204 in 0.0417 ms
2026-04-20 18:21:08.306 +05:30 [INF] Serilog.AspNetCore.RequestLoggingMiddleware | CorrelationId:c5d230eda9ef4fb0bd8937e53908eed4 | HTTP OPTIONS /api/academics/academic-years responded 204 in 0.0470 ms
2026-04-20 18:21:08.342 +05:30 [INF] Serilog.AspNetCore.RequestLoggingMiddleware | CorrelationId:dbcf380158694a099cb73b35801cb099 | HTTP OPTIONS /api/academics/classes responded 204 in 0.0428 ms
2026-04-20 18:21:08.392 +05:30 [INF] Serilog.AspNetCore.RequestLoggingMiddleware | CorrelationId:5b628aac206d4298876451a24ba640f9 | HTTP OPTIONS /api/academics/subjects responded 204 in 0.0461 ms
2026-04-20 18:21:08.429 +05:30 [INF] SmsApi.Middleware.LoggingActionFilter | CorrelationId:162a1687dae04ebb8db7dbff173e2636 | API Request: GET /api/settings/school/me | User: Unknown | School: 550e8400-e29b-41d4-a716-446655440000
2026-04-20 18:21:08.464 +05:30 [INF] SmsApi.Middleware.LoggingActionFilter | CorrelationId:78c5e22ad4af432d8f4a68ea0853409c | API Request: GET /api/academics/academic-years | User: Unknown | School: 550e8400-e29b-41d4-a716-446655440000
2026-04-20 18:21:08.518 +05:30 [INF] SmsApi.Middleware.LoggingActionFilter | CorrelationId:f51c9019feff4d8694f2ec77c9bfa176 | API Request: GET /api/academics/academic-years | User: Unknown | School: 550e8400-e29b-41d4-a716-446655440000
2026-04-20 18:21:08.561 +05:30 [INF] SmsApi.Middleware.LoggingActionFilter | CorrelationId:573dcecae4dd48f693ef6de9989044f0 | API Request: GET /api/academics/academic-years | User: Unknown | School: 550e8400-e29b-41d4-a716-446655440000
2026-04-20 18:21:08.566 +05:30 [INF] SmsApi.Middleware.LoggingActionFilter | CorrelationId:2626310ce15f49dca60cbfc94639196f | API Request: GET /api/academics/classes | User: Unknown | School: 550e8400-e29b-41d4-a716-446655440000
2026-04-20 18:21:08.589 +05:30 [INF] SmsApi.Middleware.LoggingActionFilter | CorrelationId:162a1687dae04ebb8db7dbff173e2636 | API Response: GET /api/settings/school/me | Status: 200 | Duration: 160ms
2026-04-20 18:21:08.674 +05:30 [INF] Serilog.AspNetCore.RequestLoggingMiddleware | CorrelationId:162a1687dae04ebb8db7dbff173e2636 | HTTP GET /api/settings/school/me responded 200 in 251.5432 ms
2026-04-20 18:21:08.620 +05:30 [INF] SmsApi.Middleware.LoggingActionFilter | CorrelationId:78c5e22ad4af432d8f4a68ea0853409c | API Response: GET /api/academics/academic-years | Status: 200 | Duration: 156ms
2026-04-20 18:21:08.629 +05:30 [INF] SmsApi.Middleware.LoggingActionFilter | CorrelationId:f51c9019feff4d8694f2ec77c9bfa176 | API Response: GET /api/academics/academic-years | Status: 200 | Duration: 110ms
2026-04-20 18:21:08.639 +05:30 [INF] SmsApi.Middleware.LoggingActionFilter | CorrelationId:573dcecae4dd48f693ef6de9989044f0 | API Response: GET /api/academics/academic-years | Status: 200 | Duration: 77ms
2026-04-20 18:21:08.669 +05:30 [INF] SmsApi.Middleware.LoggingActionFilter | CorrelationId:2626310ce15f49dca60cbfc94639196f | API Response: GET /api/academics/classes | Status: 200 | Duration: 102ms
2026-04-20 18:21:08.804 +05:30 [INF] Serilog.AspNetCore.RequestLoggingMiddleware | CorrelationId:2626310ce15f49dca60cbfc94639196f | HTTP GET /api/academics/classes responded 200 in 238.8293 ms
2026-04-20 18:21:08.717 +05:30 [INF] Serilog.AspNetCore.RequestLoggingMiddleware | CorrelationId:78c5e22ad4af432d8f4a68ea0853409c | HTTP GET /api/academics/academic-years responded 200 in 253.9224 ms
2026-04-20 18:21:08.720 +05:30 [INF] SmsApi.Middleware.LoggingActionFilter | CorrelationId:5bce5440aee641eaabf55215a37ea255 | API Request: GET /api/academics/academic-years | User: Unknown | School: 550e8400-e29b-41d4-a716-446655440000
2026-04-20 18:21:08.763 +05:30 [INF] Serilog.AspNetCore.RequestLoggingMiddleware | CorrelationId:f51c9019feff4d8694f2ec77c9bfa176 | HTTP GET /api/academics/academic-years responded 200 in 245.0600 ms
2026-04-20 18:21:08.792 +05:30 [INF] Serilog.AspNetCore.RequestLoggingMiddleware | CorrelationId:573dcecae4dd48f693ef6de9989044f0 | HTTP GET /api/academics/academic-years responded 200 in 231.5980 ms
2026-04-20 18:21:08.610 +05:30 [INF] SmsApi.Middleware.LoggingActionFilter | CorrelationId:c82a3a625ee84741b530cb5f46c1279e | API Request: GET /api/academics/subjects | User: Unknown | School: 550e8400-e29b-41d4-a716-446655440000
2026-04-20 18:21:08.932 +05:30 [INF] SmsApi.Middleware.LoggingActionFilter | CorrelationId:820ebc0b323b4b76ba3abe3aa34e653b | API Request: GET /api/academics/academic-years | User: Unknown | School: 550e8400-e29b-41d4-a716-446655440000
2026-04-20 18:21:09.068 +05:30 [INF] SmsApi.Middleware.LoggingActionFilter | CorrelationId:3f20a568bd1e42219015d874f2bd856b | API Request: GET /api/academics/academic-years | User: Unknown | School: 550e8400-e29b-41d4-a716-446655440000
2026-04-20 18:21:09.243 +05:30 [INF] SmsApi.Middleware.LoggingActionFilter | CorrelationId:5bce5440aee641eaabf55215a37ea255 | API Response: GET /api/academics/academic-years | Status: 200 | Duration: 523ms
2026-04-20 18:21:09.319 +05:30 [INF] SmsApi.Middleware.LoggingActionFilter | CorrelationId:2e69703d16ab48a58dca0feca0f4c233 | API Request: GET /api/academics/classes | User: Unknown | School: 550e8400-e29b-41d4-a716-446655440000
2026-04-20 18:21:09.538 +05:30 [INF] SmsApi.Middleware.LoggingActionFilter | CorrelationId:4649f5d735e94f638d8ebb8ad1639e02 | API Request: GET /api/academics/subjects | User: Unknown | School: 550e8400-e29b-41d4-a716-446655440000
2026-04-20 18:21:09.565 +05:30 [INF] SmsApi.Middleware.LoggingActionFilter | CorrelationId:c82a3a625ee84741b530cb5f46c1279e | API Response: GET /api/academics/subjects | Status: 200 | Duration: 955ms
2026-04-20 18:21:09.571 +05:30 [INF] SmsApi.Middleware.LoggingActionFilter | CorrelationId:820ebc0b323b4b76ba3abe3aa34e653b | API Response: GET /api/academics/academic-years | Status: 200 | Duration: 639ms
2026-04-20 18:21:09.591 +05:30 [INF] SmsApi.Middleware.LoggingActionFilter | CorrelationId:3f20a568bd1e42219015d874f2bd856b | API Response: GET /api/academics/academic-years | Status: 200 | Duration: 522ms
2026-04-20 18:21:09.852 +05:30 [INF] Serilog.AspNetCore.RequestLoggingMiddleware | CorrelationId:3f20a568bd1e42219015d874f2bd856b | HTTP GET /api/academics/academic-years responded 200 in 785.5012 ms
2026-04-20 18:21:09.759 +05:30 [INF] SmsApi.Middleware.LoggingActionFilter | CorrelationId:4649f5d735e94f638d8ebb8ad1639e02 | API Response: GET /api/academics/subjects | Status: 200 | Duration: 221ms
2026-04-20 18:21:09.827 +05:30 [INF] SmsApi.Middleware.LoggingActionFilter | CorrelationId:2e69703d16ab48a58dca0feca0f4c233 | API Response: GET /api/academics/classes | Status: 200 | Duration: 508ms
2026-04-20 18:21:09.830 +05:30 [INF] Serilog.AspNetCore.RequestLoggingMiddleware | CorrelationId:c82a3a625ee84741b530cb5f46c1279e | HTTP GET /api/academics/subjects responded 200 in 1220.4446 ms
2026-04-20 18:21:09.836 +05:30 [INF] Serilog.AspNetCore.RequestLoggingMiddleware | CorrelationId:820ebc0b323b4b76ba3abe3aa34e653b | HTTP GET /api/academics/academic-years responded 200 in 905.5880 ms
2026-04-20 18:21:09.945 +05:30 [WRN] SmsApi.Infrastructure.Performance.PerformanceMonitoringMiddleware | CorrelationId: | Slow request: GET /api/academics/academic-years took 905ms — status 200.
2026-04-20 18:21:09.858 +05:30 [WRN] SmsApi.Infrastructure.Performance.PerformanceMonitoringMiddleware | CorrelationId: | Slow request: GET /api/academics/academic-years took 785ms — status 200.
2026-04-20 18:21:09.870 +05:30 [INF] Serilog.AspNetCore.RequestLoggingMiddleware | CorrelationId:4649f5d735e94f638d8ebb8ad1639e02 | HTTP GET /api/academics/subjects responded 200 in 333.3086 ms
2026-04-20 18:21:09.880 +05:30 [INF] Serilog.AspNetCore.RequestLoggingMiddleware | CorrelationId:2e69703d16ab48a58dca0feca0f4c233 | HTTP GET /api/academics/classes responded 200 in 561.6725 ms
2026-04-20 18:21:09.908 +05:30 [WRN] SmsApi.Infrastructure.Performance.PerformanceMonitoringMiddleware | CorrelationId: | Slow request: GET /api/academics/subjects took 1220ms — status 200.
2026-04-20 18:21:09.659 +05:30 [INF] Serilog.AspNetCore.RequestLoggingMiddleware | CorrelationId:5bce5440aee641eaabf55215a37ea255 | HTTP GET /api/academics/academic-years responded 200 in 940.4063 ms
2026-04-20 18:21:10.034 +05:30 [INF] Serilog.AspNetCore.RequestLoggingMiddleware | CorrelationId:39676b010dfe4c9e98e9f0bc7241cdee | HTTP OPTIONS /api/academics/academic-years responded 204 in 0.1199 ms
2026-04-20 18:21:10.190 +05:30 [INF] Serilog.AspNetCore.RequestLoggingMiddleware | CorrelationId:4136509ec2004a069f12fd1caca06d5a | HTTP OPTIONS /api/academics/academic-years responded 204 in 0.0410 ms
2026-04-20 18:21:10.219 +05:30 [INF] Serilog.AspNetCore.RequestLoggingMiddleware | CorrelationId:b4295648050045a79f09852e3f51ccfa | HTTP OPTIONS /api/academics/classes responded 204 in 0.0431 ms
2026-04-20 18:21:10.224 +05:30 [WRN] SmsApi.Infrastructure.Performance.PerformanceMonitoringMiddleware | CorrelationId: | Slow request: GET /api/academics/classes took 561ms — status 200.
2026-04-20 18:21:10.252 +05:30 [WRN] SmsApi.Infrastructure.Performance.PerformanceMonitoringMiddleware | CorrelationId: | Slow request: GET /api/academics/academic-years took 940ms — status 200.
2026-04-20 18:21:10.258 +05:30 [INF] Serilog.AspNetCore.RequestLoggingMiddleware | CorrelationId:c796d12ef2b94b8ab350d5a4ad7e4dc1 | HTTP OPTIONS /api/academics/subjects responded 204 in 0.1341 ms
2026-04-20 18:21:10.310 +05:30 [INF] Serilog.AspNetCore.RequestLoggingMiddleware | CorrelationId:ff0251f8d7ee46779d760bb8561722a9 | HTTP OPTIONS /api/academics/academic-years responded 204 in 0.0557 ms
2026-04-20 18:21:10.353 +05:30 [INF] Serilog.AspNetCore.RequestLoggingMiddleware | CorrelationId:bd698d1d36af4bbcafb95dbba6dfc3b0 | HTTP OPTIONS /api/academics/academic-years responded 204 in 0.0617 ms
2026-04-20 18:21:10.370 +05:30 [INF] Serilog.AspNetCore.RequestLoggingMiddleware | CorrelationId:7239a1f747ef4094a4ab4e8d99960217 | HTTP OPTIONS /api/academics/classes responded 204 in 0.0478 ms
2026-04-20 18:21:10.383 +05:30 [INF] Serilog.AspNetCore.RequestLoggingMiddleware | CorrelationId:e7317e6b5e60459a8969317485cfebe2 | HTTP OPTIONS /api/academics/subjects responded 204 in 0.0388 ms
2026-04-20 18:21:10.392 +05:30 [INF] SmsApi.Middleware.LoggingActionFilter | CorrelationId:172aa16a07fb4fe781fe0d1afd9dd4a3 | API Request: GET /api/academics/academic-years | User: Unknown | School: 550e8400-e29b-41d4-a716-446655440000
2026-04-20 18:21:10.415 +05:30 [INF] SmsApi.Middleware.LoggingActionFilter | CorrelationId:f3f20cdbf8b348b48e933f9240335116 | API Request: GET /api/academics/academic-years | User: Unknown | School: 550e8400-e29b-41d4-a716-446655440000
2026-04-20 18:21:10.490 +05:30 [INF] SmsApi.Middleware.LoggingActionFilter | CorrelationId:6adf58bb242341e5b423b14afa7fe387 | API Request: GET /api/academics/classes | User: Unknown | School: 550e8400-e29b-41d4-a716-446655440000
2026-04-20 18:21:10.524 +05:30 [INF] SmsApi.Middleware.LoggingActionFilter | CorrelationId:c32dd91c29bc46ac8d611d1f7aecaa43 | API Request: GET /api/academics/subjects | User: Unknown | School: 550e8400-e29b-41d4-a716-446655440000
2026-04-20 18:21:10.531 +05:30 [INF] SmsApi.Middleware.LoggingActionFilter | CorrelationId:ced7be194eb647b69a60452c04e96942 | API Request: GET /api/academics/academic-years | User: Unknown | School: 550e8400-e29b-41d4-a716-446655440000
2026-04-20 18:21:10.572 +05:30 [INF] SmsApi.Middleware.LoggingActionFilter | CorrelationId:50f03339389b41f298525a54517c695b | API Request: GET /api/academics/academic-years | User: Unknown | School: 550e8400-e29b-41d4-a716-446655440000
2026-04-20 18:21:10.582 +05:30 [INF] SmsApi.Middleware.LoggingActionFilter | CorrelationId:172aa16a07fb4fe781fe0d1afd9dd4a3 | API Response: GET /api/academics/academic-years | Status: 200 | Duration: 190ms
2026-04-20 18:21:10.592 +05:30 [INF] SmsApi.Middleware.LoggingActionFilter | CorrelationId:f3f20cdbf8b348b48e933f9240335116 | API Response: GET /api/academics/academic-years | Status: 200 | Duration: 176ms
2026-04-20 18:21:10.604 +05:30 [INF] SmsApi.Middleware.LoggingActionFilter | CorrelationId:c32dd91c29bc46ac8d611d1f7aecaa43 | API Response: GET /api/academics/subjects | Status: 200 | Duration: 79ms
2026-04-20 18:21:10.615 +05:30 [INF] SmsApi.Middleware.LoggingActionFilter | CorrelationId:ced7be194eb647b69a60452c04e96942 | API Response: GET /api/academics/academic-years | Status: 200 | Duration: 83ms
2026-04-20 18:21:10.620 +05:30 [INF] Serilog.AspNetCore.RequestLoggingMiddleware | CorrelationId:172aa16a07fb4fe781fe0d1afd9dd4a3 | HTTP GET /api/academics/academic-years responded 200 in 229.2844 ms
2026-04-20 18:21:10.630 +05:30 [INF] Serilog.AspNetCore.RequestLoggingMiddleware | CorrelationId:f3f20cdbf8b348b48e933f9240335116 | HTTP GET /api/academics/academic-years responded 200 in 215.2649 ms
2026-04-20 18:21:10.634 +05:30 [INF] Serilog.AspNetCore.RequestLoggingMiddleware | CorrelationId:c32dd91c29bc46ac8d611d1f7aecaa43 | HTTP GET /api/academics/subjects responded 200 in 110.7053 ms
2026-04-20 18:21:10.648 +05:30 [INF] Serilog.AspNetCore.RequestLoggingMiddleware | CorrelationId:ced7be194eb647b69a60452c04e96942 | HTTP GET /api/academics/academic-years responded 200 in 117.3980 ms
2026-04-20 18:21:10.683 +05:30 [INF] SmsApi.Middleware.LoggingActionFilter | CorrelationId:50f03339389b41f298525a54517c695b | API Response: GET /api/academics/academic-years | Status: 200 | Duration: 110ms
2026-04-20 18:21:10.734 +05:30 [INF] SmsApi.Middleware.LoggingActionFilter | CorrelationId:ec22c4bd3a01473ba9ab1e74d59759d5 | API Request: GET /api/academics/classes | User: Unknown | School: 550e8400-e29b-41d4-a716-446655440000
2026-04-20 18:21:10.754 +05:30 [INF] SmsApi.Middleware.LoggingActionFilter | CorrelationId:64be1f76f7f344fc8271f7d9b2fa7b27 | API Request: GET /api/academics/subjects | User: Unknown | School: 550e8400-e29b-41d4-a716-446655440000
2026-04-20 18:21:10.766 +05:30 [INF] SmsApi.Middleware.LoggingActionFilter | CorrelationId:6adf58bb242341e5b423b14afa7fe387 | API Response: GET /api/academics/classes | Status: 200 | Duration: 275ms
2026-04-20 18:21:11.058 +05:30 [INF] Serilog.AspNetCore.RequestLoggingMiddleware | CorrelationId:50f03339389b41f298525a54517c695b | HTTP GET /api/academics/academic-years responded 200 in 486.3375 ms
2026-04-20 18:21:11.175 +05:30 [INF] SmsApi.Middleware.LoggingActionFilter | CorrelationId:ec22c4bd3a01473ba9ab1e74d59759d5 | API Response: GET /api/academics/classes | Status: 200 | Duration: 441ms
2026-04-20 18:21:11.189 +05:30 [INF] SmsApi.Middleware.LoggingActionFilter | CorrelationId:64be1f76f7f344fc8271f7d9b2fa7b27 | API Response: GET /api/academics/subjects | Status: 200 | Duration: 433ms
2026-04-20 18:21:11.250 +05:30 [INF] Serilog.AspNetCore.RequestLoggingMiddleware | CorrelationId:64be1f76f7f344fc8271f7d9b2fa7b27 | HTTP GET /api/academics/subjects responded 200 in 496.5069 ms
2026-04-20 18:21:11.227 +05:30 [INF] Serilog.AspNetCore.RequestLoggingMiddleware | CorrelationId:ec22c4bd3a01473ba9ab1e74d59759d5 | HTTP GET /api/academics/classes responded 200 in 493.3089 ms
2026-04-20 18:21:11.198 +05:30 [INF] Serilog.AspNetCore.RequestLoggingMiddleware | CorrelationId:6adf58bb242341e5b423b14afa7fe387 | HTTP GET /api/academics/classes responded 200 in 708.5752 ms
2026-04-20 18:21:11.415 +05:30 [WRN] SmsApi.Infrastructure.Performance.PerformanceMonitoringMiddleware | CorrelationId: | Slow request: GET /api/academics/classes took 708ms — status 200.
2026-04-20 18:21:22.767 +05:30 [INF] Serilog.AspNetCore.RequestLoggingMiddleware | CorrelationId:d2707db1cac04a2b9dd9f7895ca96f88 | HTTP OPTIONS /api/academics/academic-years responded 204 in 0.8074 ms
2026-04-20 18:21:22.778 +05:30 [INF] Serilog.AspNetCore.RequestLoggingMiddleware | CorrelationId:ed8c4e9abb9b4521b5d2ad0b6047a7df | HTTP OPTIONS /api/academics/academic-years responded 204 in 0.0497 ms
2026-04-20 18:21:22.887 +05:30 [INF] Serilog.AspNetCore.RequestLoggingMiddleware | CorrelationId:b545ecedcc5f40c791404682e51ecf3a | HTTP OPTIONS /api/settings/school/me responded 204 in 0.3076 ms
2026-04-20 18:21:23.263 +05:30 [INF] Serilog.AspNetCore.RequestLoggingMiddleware | CorrelationId:e99b65bc423643b28ba983e7ee287f34 | HTTP OPTIONS /api/academics/academic-years responded 204 in 0.2578 ms
2026-04-20 18:21:23.365 +05:30 [INF] Serilog.AspNetCore.RequestLoggingMiddleware | CorrelationId:c5d6b1e9bb514f39b3c93a744381ff3d | HTTP OPTIONS /api/academics/academic-years responded 204 in 0.0717 ms
2026-04-20 18:21:23.396 +05:30 [INF] Serilog.AspNetCore.RequestLoggingMiddleware | CorrelationId:d413f1d20ee94d48a7025269f599358a | HTTP OPTIONS /api/academics/classes responded 204 in 0.0980 ms
2026-04-20 18:21:23.840 +05:30 [WRN] SmsApi.Infrastructure.Performance.PerformanceMonitoringMiddleware | CorrelationId: | Slow request: OPTIONS /api/academics/academic-years took 1073ms — status 204.
2026-04-20 18:21:23.854 +05:30 [WRN] SmsApi.Infrastructure.Performance.PerformanceMonitoringMiddleware | CorrelationId: | Slow request: OPTIONS /api/academics/academic-years took 1075ms — status 204.
2026-04-20 18:21:23.860 +05:30 [WRN] SmsApi.Infrastructure.Performance.PerformanceMonitoringMiddleware | CorrelationId: | Slow request: OPTIONS /api/settings/school/me took 973ms — status 204.
2026-04-20 18:21:23.871 +05:30 [WRN] SmsApi.Infrastructure.Performance.PerformanceMonitoringMiddleware | CorrelationId: | Slow request: OPTIONS /api/academics/academic-years took 607ms — status 204.
2026-04-20 18:21:23.874 +05:30 [WRN] SmsApi.Infrastructure.Performance.PerformanceMonitoringMiddleware | CorrelationId: | Slow request: OPTIONS /api/academics/academic-years took 510ms — status 204.
2026-04-20 18:21:23.904 +05:30 [INF] Serilog.AspNetCore.RequestLoggingMiddleware | CorrelationId:51c2df0b9dbd41e691e93247e6c47768 | HTTP OPTIONS /api/academics/subjects responded 204 in 0.1001 ms
2026-04-20 18:21:23.905 +05:30 [INF] Serilog.AspNetCore.RequestLoggingMiddleware | CorrelationId:97c2a0bc4227496ab35310f87cd434f7 | HTTP OPTIONS /api/academics/academic-years responded 204 in 0.0170 ms
2026-04-20 18:21:23.905 +05:30 [INF] Serilog.AspNetCore.RequestLoggingMiddleware | CorrelationId:cef2bde36b1345b599eb297fb9d09380 | HTTP OPTIONS /api/academics/academic-years responded 204 in 0.0196 ms
2026-04-20 18:21:23.905 +05:30 [INF] Serilog.AspNetCore.RequestLoggingMiddleware | CorrelationId:863a61e3f726401a8534e18917fbb139 | HTTP OPTIONS /api/academics/classes responded 204 in 0.0036 ms
2026-04-20 18:21:23.905 +05:30 [INF] Serilog.AspNetCore.RequestLoggingMiddleware | CorrelationId:218d6295c1504ea6bfa127f82a8c9dbc | HTTP OPTIONS /api/academics/subjects responded 204 in 0.0033 ms
2026-04-20 18:21:23.944 +05:30 [INF] SmsApi.Middleware.LoggingActionFilter | CorrelationId:32049a7db17444989534411ee7050f04 | API Request: GET /api/academics/classes | User: Unknown | School: 550e8400-e29b-41d4-a716-446655440000
2026-04-20 18:21:24.020 +05:30 [INF] SmsApi.Middleware.LoggingActionFilter | CorrelationId:3d1c56cf6bf2488c9ba7c2b2bbebaf49 | API Request: GET /api/academics/academic-years | User: Unknown | School: 550e8400-e29b-41d4-a716-446655440000
2026-04-20 18:21:24.047 +05:30 [INF] SmsApi.Middleware.LoggingActionFilter | CorrelationId:218c8f2cd2c74effa6b5d73b0849b65f | API Request: GET /api/settings/school/me | User: Unknown | School: 550e8400-e29b-41d4-a716-446655440000
2026-04-20 18:21:24.056 +05:30 [INF] SmsApi.Middleware.LoggingActionFilter | CorrelationId:3268d42a74fc463789acbd3aa419675b | API Request: GET /api/academics/academic-years | User: Unknown | School: 550e8400-e29b-41d4-a716-446655440000
2026-04-20 18:21:24.063 +05:30 [INF] SmsApi.Middleware.LoggingActionFilter | CorrelationId:218c8f2cd2c74effa6b5d73b0849b65f | API Response: GET /api/settings/school/me | Status: 200 | Duration: 16ms
2026-04-20 18:21:24.069 +05:30 [INF] Serilog.AspNetCore.RequestLoggingMiddleware | CorrelationId:218c8f2cd2c74effa6b5d73b0849b65f | HTTP GET /api/settings/school/me responded 200 in 23.0338 ms
2026-04-20 18:21:24.078 +05:30 [INF] SmsApi.Middleware.LoggingActionFilter | CorrelationId:3268d42a74fc463789acbd3aa419675b | API Response: GET /api/academics/academic-years | Status: 200 | Duration: 21ms
2026-04-20 18:21:24.088 +05:30 [INF] Serilog.AspNetCore.RequestLoggingMiddleware | CorrelationId:3268d42a74fc463789acbd3aa419675b | HTTP GET /api/academics/academic-years responded 200 in 32.2025 ms
2026-04-20 18:21:24.098 +05:30 [INF] SmsApi.Middleware.LoggingActionFilter | CorrelationId:3d1c56cf6bf2488c9ba7c2b2bbebaf49 | API Response: GET /api/academics/academic-years | Status: 200 | Duration: 78ms
2026-04-20 18:21:24.102 +05:30 [INF] Serilog.AspNetCore.RequestLoggingMiddleware | CorrelationId:3d1c56cf6bf2488c9ba7c2b2bbebaf49 | HTTP GET /api/academics/academic-years responded 200 in 85.8338 ms
2026-04-20 18:21:24.103 +05:30 [INF] SmsApi.Middleware.LoggingActionFilter | CorrelationId:6ef52beab9764fc1835db51b62ee8b3b | API Request: GET /api/academics/academic-years | User: Unknown | School: 550e8400-e29b-41d4-a716-446655440000
2026-04-20 18:21:24.109 +05:30 [INF] SmsApi.Middleware.LoggingActionFilter | CorrelationId:60857b81130b4454bd201e7fced45492 | API Request: GET /api/academics/academic-years | User: Unknown | School: 550e8400-e29b-41d4-a716-446655440000
2026-04-20 18:21:24.153 +05:30 [INF] SmsApi.Middleware.LoggingActionFilter | CorrelationId:32049a7db17444989534411ee7050f04 | API Response: GET /api/academics/classes | Status: 200 | Duration: 208ms
2026-04-20 18:21:24.175 +05:30 [INF] SmsApi.Middleware.LoggingActionFilter | CorrelationId:c6d79b0fd91b471cb8d338cb0eaf40f7 | API Request: GET /api/academics/academic-years | User: Unknown | School: 550e8400-e29b-41d4-a716-446655440000
2026-04-20 18:21:24.176 +05:30 [INF] SmsApi.Middleware.LoggingActionFilter | CorrelationId:69e70a4b3e934169a34cfb66202599fc | API Request: GET /api/academics/academic-years | User: Unknown | School: 550e8400-e29b-41d4-a716-446655440000
2026-04-20 18:21:24.308 +05:30 [INF] SmsApi.Middleware.LoggingActionFilter | CorrelationId:6de5c21ba84a40459860b9329dcc25af | API Request: GET /api/academics/classes | User: Unknown | School: 550e8400-e29b-41d4-a716-446655440000
2026-04-20 18:21:24.367 +05:30 [INF] SmsApi.Middleware.LoggingActionFilter | CorrelationId:6ef52beab9764fc1835db51b62ee8b3b | API Response: GET /api/academics/academic-years | Status: 200 | Duration: 264ms
2026-04-20 18:21:24.411 +05:30 [INF] SmsApi.Middleware.LoggingActionFilter | CorrelationId:60857b81130b4454bd201e7fced45492 | API Response: GET /api/academics/academic-years | Status: 200 | Duration: 301ms
2026-04-20 18:21:24.411 +05:30 [INF] Serilog.AspNetCore.RequestLoggingMiddleware | CorrelationId:32049a7db17444989534411ee7050f04 | HTTP GET /api/academics/classes responded 200 in 470.7336 ms
2026-04-20 18:21:24.428 +05:30 [INF] SmsApi.Middleware.LoggingActionFilter | CorrelationId:c6d79b0fd91b471cb8d338cb0eaf40f7 | API Response: GET /api/academics/academic-years | Status: 200 | Duration: 250ms
2026-04-20 18:21:24.536 +05:30 [INF] Serilog.AspNetCore.RequestLoggingMiddleware | CorrelationId:c6d79b0fd91b471cb8d338cb0eaf40f7 | HTTP GET /api/academics/academic-years responded 200 in 361.7049 ms
2026-04-20 18:21:24.498 +05:30 [INF] Serilog.AspNetCore.RequestLoggingMiddleware | CorrelationId:6ef52beab9764fc1835db51b62ee8b3b | HTTP GET /api/academics/academic-years responded 200 in 395.5985 ms
2026-04-20 18:21:24.512 +05:30 [INF] Serilog.AspNetCore.RequestLoggingMiddleware | CorrelationId:60857b81130b4454bd201e7fced45492 | HTTP GET /api/academics/academic-years responded 200 in 412.6895 ms
2026-04-20 18:21:24.474 +05:30 [INF] SmsApi.Middleware.LoggingActionFilter | CorrelationId:69e70a4b3e934169a34cfb66202599fc | API Response: GET /api/academics/academic-years | Status: 200 | Duration: 297ms
2026-04-20 18:21:24.551 +05:30 [INF] SmsApi.Middleware.LoggingActionFilter | CorrelationId:6de5c21ba84a40459860b9329dcc25af | API Response: GET /api/academics/classes | Status: 200 | Duration: 243ms
2026-04-20 18:21:24.598 +05:30 [INF] SmsApi.Middleware.LoggingActionFilter | CorrelationId:71622e5a226f4daeb0192f93a0ec95ec | API Request: GET /api/academics/subjects | User: Unknown | School: 550e8400-e29b-41d4-a716-446655440000
2026-04-20 18:21:24.651 +05:30 [INF] SmsApi.Middleware.LoggingActionFilter | CorrelationId:ddcfd05419114f51810c2fc7685f0710 | API Request: GET /api/academics/subjects | User: Unknown | School: 550e8400-e29b-41d4-a716-446655440000
2026-04-20 18:21:24.658 +05:30 [INF] Serilog.AspNetCore.RequestLoggingMiddleware | CorrelationId:69e70a4b3e934169a34cfb66202599fc | HTTP GET /api/academics/academic-years responded 200 in 481.7510 ms
2026-04-20 18:21:24.662 +05:30 [INF] Serilog.AspNetCore.RequestLoggingMiddleware | CorrelationId:6de5c21ba84a40459860b9329dcc25af | HTTP GET /api/academics/classes responded 200 in 354.5294 ms
2026-04-20 18:21:24.667 +05:30 [INF] Serilog.AspNetCore.RequestLoggingMiddleware | CorrelationId:9f0ce82089fb40dd907d01469cff3354 | HTTP OPTIONS /api/academics/academic-years responded 204 in 0.0519 ms
2026-04-20 18:21:24.709 +05:30 [INF] SmsApi.Middleware.LoggingActionFilter | CorrelationId:ddcfd05419114f51810c2fc7685f0710 | API Response: GET /api/academics/subjects | Status: 200 | Duration: 57ms
2026-04-20 18:21:24.752 +05:30 [INF] SmsApi.Middleware.LoggingActionFilter | CorrelationId:71622e5a226f4daeb0192f93a0ec95ec | API Response: GET /api/academics/subjects | Status: 200 | Duration: 153ms
2026-04-20 18:21:24.774 +05:30 [INF] Serilog.AspNetCore.RequestLoggingMiddleware | CorrelationId:7d909f2dab164d27949066a68b6799dc | HTTP OPTIONS /api/academics/academic-years responded 204 in 0.2395 ms
2026-04-20 18:21:24.796 +05:30 [INF] Serilog.AspNetCore.RequestLoggingMiddleware | CorrelationId:00b5d11285674ed8bc1accaab924539f | HTTP OPTIONS /api/academics/classes responded 204 in 0.0453 ms
2026-04-20 18:21:24.807 +05:30 [INF] Serilog.AspNetCore.RequestLoggingMiddleware | CorrelationId:ddcfd05419114f51810c2fc7685f0710 | HTTP GET /api/academics/subjects responded 200 in 156.2023 ms
2026-04-20 18:21:24.834 +05:30 [INF] Serilog.AspNetCore.RequestLoggingMiddleware | CorrelationId:71622e5a226f4daeb0192f93a0ec95ec | HTTP GET /api/academics/subjects responded 200 in 236.5703 ms
2026-04-20 18:21:24.850 +05:30 [INF] Serilog.AspNetCore.RequestLoggingMiddleware | CorrelationId:e2662a220a8e43389aac8c00743dee2b | HTTP OPTIONS /api/academics/subjects responded 204 in 0.0321 ms
2026-04-20 18:21:24.860 +05:30 [INF] Serilog.AspNetCore.RequestLoggingMiddleware | CorrelationId:9912577769c2465880fc8165d7aa30c6 | HTTP OPTIONS /api/academics/academic-years responded 204 in 0.0672 ms
2026-04-20 18:21:24.877 +05:30 [INF] Serilog.AspNetCore.RequestLoggingMiddleware | CorrelationId:3c32af8deb9c49af926fba44e7d822e0 | HTTP OPTIONS /api/academics/academic-years responded 204 in 0.0571 ms
2026-04-20 18:21:24.892 +05:30 [INF] Serilog.AspNetCore.RequestLoggingMiddleware | CorrelationId:abe1851b1e014048b28ac5cbea242d95 | HTTP OPTIONS /api/academics/classes responded 204 in 0.0580 ms
2026-04-20 18:21:24.906 +05:30 [INF] Serilog.AspNetCore.RequestLoggingMiddleware | CorrelationId:667410b0c4c14a848aef9ed44f928059 | HTTP OPTIONS /api/academics/subjects responded 204 in 0.0443 ms
2026-04-20 18:21:24.927 +05:30 [INF] SmsApi.Middleware.LoggingActionFilter | CorrelationId:758ea31ed53341748d422e21a0b90cbc | API Request: GET /api/academics/academic-years | User: Unknown | School: 550e8400-e29b-41d4-a716-446655440000
2026-04-20 18:21:24.941 +05:30 [INF] SmsApi.Middleware.LoggingActionFilter | CorrelationId:abf69ea983b14c1297d9797f1a288fd2 | API Request: GET /api/academics/academic-years | User: Unknown | School: 550e8400-e29b-41d4-a716-446655440000
2026-04-20 18:21:24.969 +05:30 [INF] SmsApi.Middleware.LoggingActionFilter | CorrelationId:580b5d6a40a7459da6889adfbbe2c7d8 | API Request: GET /api/academics/classes | User: Unknown | School: 550e8400-e29b-41d4-a716-446655440000
2026-04-20 18:21:25.013 +05:30 [INF] SmsApi.Middleware.LoggingActionFilter | CorrelationId:49b17e8971fa41bc9e8d3b8075bf5c4a | API Request: GET /api/academics/academic-years | User: Unknown | School: 550e8400-e29b-41d4-a716-446655440000
2026-04-20 18:21:25.039 +05:30 [INF] SmsApi.Middleware.LoggingActionFilter | CorrelationId:93741790418e4a5780c056d7f0e3deac | API Request: GET /api/academics/subjects | User: Unknown | School: 550e8400-e29b-41d4-a716-446655440000
2026-04-20 18:21:25.096 +05:30 [INF] SmsApi.Middleware.LoggingActionFilter | CorrelationId:758ea31ed53341748d422e21a0b90cbc | API Response: GET /api/academics/academic-years | Status: 200 | Duration: 168ms
2026-04-20 18:21:25.131 +05:30 [INF] SmsApi.Middleware.LoggingActionFilter | CorrelationId:125ab3b1993f4eb292ccea3c5d054365 | API Request: GET /api/academics/academic-years | User: Unknown | School: 550e8400-e29b-41d4-a716-446655440000
2026-04-20 18:21:25.156 +05:30 [INF] SmsApi.Middleware.LoggingActionFilter | CorrelationId:abf69ea983b14c1297d9797f1a288fd2 | API Response: GET /api/academics/academic-years | Status: 200 | Duration: 214ms
2026-04-20 18:21:25.176 +05:30 [INF] SmsApi.Middleware.LoggingActionFilter | CorrelationId:93741790418e4a5780c056d7f0e3deac | API Response: GET /api/academics/subjects | Status: 200 | Duration: 137ms
2026-04-20 18:21:25.184 +05:30 [INF] Serilog.AspNetCore.RequestLoggingMiddleware | CorrelationId:758ea31ed53341748d422e21a0b90cbc | HTTP GET /api/academics/academic-years responded 200 in 257.1312 ms
2026-04-20 18:21:25.193 +05:30 [INF] SmsApi.Middleware.LoggingActionFilter | CorrelationId:49b17e8971fa41bc9e8d3b8075bf5c4a | API Response: GET /api/academics/academic-years | Status: 200 | Duration: 180ms
2026-04-20 18:21:25.198 +05:30 [INF] Serilog.AspNetCore.RequestLoggingMiddleware | CorrelationId:abf69ea983b14c1297d9797f1a288fd2 | HTTP GET /api/academics/academic-years responded 200 in 257.3263 ms
2026-04-20 18:21:25.204 +05:30 [INF] Serilog.AspNetCore.RequestLoggingMiddleware | CorrelationId:93741790418e4a5780c056d7f0e3deac | HTTP GET /api/academics/subjects responded 200 in 166.4800 ms
2026-04-20 18:21:25.217 +05:30 [INF] SmsApi.Middleware.LoggingActionFilter | CorrelationId:125ab3b1993f4eb292ccea3c5d054365 | API Response: GET /api/academics/academic-years | Status: 200 | Duration: 85ms
2026-04-20 18:21:25.261 +05:30 [INF] Serilog.AspNetCore.RequestLoggingMiddleware | CorrelationId:49b17e8971fa41bc9e8d3b8075bf5c4a | HTTP GET /api/academics/academic-years responded 200 in 250.1147 ms
2026-04-20 18:21:25.280 +05:30 [INF] SmsApi.Middleware.LoggingActionFilter | CorrelationId:90bf25e30fac446aa748426a071a2d7b | API Request: GET /api/academics/classes | User: Unknown | School: 550e8400-e29b-41d4-a716-446655440000
2026-04-20 18:21:25.369 +05:30 [INF] SmsApi.Middleware.LoggingActionFilter | CorrelationId:580b5d6a40a7459da6889adfbbe2c7d8 | API Response: GET /api/academics/classes | Status: 200 | Duration: 399ms
2026-04-20 18:21:25.331 +05:30 [INF] Serilog.AspNetCore.RequestLoggingMiddleware | CorrelationId:125ab3b1993f4eb292ccea3c5d054365 | HTTP GET /api/academics/academic-years responded 200 in 201.2958 ms
2026-04-20 18:21:25.294 +05:30 [INF] SmsApi.Middleware.LoggingActionFilter | CorrelationId:00df524b256646519cd3f4fafc585a1a | API Request: GET /api/academics/subjects | User: Unknown | School: 550e8400-e29b-41d4-a716-446655440000
2026-04-20 18:21:25.423 +05:30 [INF] SmsApi.Middleware.LoggingActionFilter | CorrelationId:90bf25e30fac446aa748426a071a2d7b | API Response: GET /api/academics/classes | Status: 200 | Duration: 142ms
2026-04-20 18:21:25.430 +05:30 [INF] Serilog.AspNetCore.RequestLoggingMiddleware | CorrelationId:580b5d6a40a7459da6889adfbbe2c7d8 | HTTP GET /api/academics/classes responded 200 in 461.9953 ms
2026-04-20 18:21:25.492 +05:30 [INF] SmsApi.Middleware.LoggingActionFilter | CorrelationId:00df524b256646519cd3f4fafc585a1a | API Response: GET /api/academics/subjects | Status: 200 | Duration: 197ms
2026-04-20 18:21:25.496 +05:30 [INF] Serilog.AspNetCore.RequestLoggingMiddleware | CorrelationId:90bf25e30fac446aa748426a071a2d7b | HTTP GET /api/academics/classes responded 200 in 217.2686 ms
2026-04-20 18:21:25.509 +05:30 [INF] Serilog.AspNetCore.RequestLoggingMiddleware | CorrelationId:00df524b256646519cd3f4fafc585a1a | HTTP GET /api/academics/subjects responded 200 in 217.6054 ms
2026-04-20 18:22:19.597 +05:30 [INF] Serilog.AspNetCore.RequestLoggingMiddleware | CorrelationId:a411c5bd2459442bb10ed56be9256869 | HTTP OPTIONS /api/students responded 204 in 0.4585 ms
2026-04-20 18:22:19.597 +05:30 [INF] Serilog.AspNetCore.RequestLoggingMiddleware | CorrelationId:ca2a581426fd439aa8d3d1cdd1e30c58 | HTTP OPTIONS /api/students responded 204 in 0.4585 ms
2026-04-20 18:22:20.309 +05:30 [INF] SmsApi.Middleware.LoggingActionFilter | CorrelationId:cd616ff252d14fbe844bd3b7ac8c0251 | API Request: GET /api/students | User: Unknown | School: 550e8400-e29b-41d4-a716-446655440000
2026-04-20 18:22:20.343 +05:30 [INF] SmsApi.Middleware.LoggingActionFilter | CorrelationId:29f9db14fdf0468cb493fb008f0bb4cb | API Request: GET /api/students | User: Unknown | School: 550e8400-e29b-41d4-a716-446655440000
2026-04-20 18:22:20.399 +05:30 [INF] SmsApi.Middleware.LoggingActionFilter | CorrelationId:cd616ff252d14fbe844bd3b7ac8c0251 | API Response: GET /api/students | Status: 200 | Duration: 90ms
2026-04-20 18:22:20.404 +05:30 [INF] SmsApi.Middleware.LoggingActionFilter | CorrelationId:29f9db14fdf0468cb493fb008f0bb4cb | API Response: GET /api/students | Status: 200 | Duration: 61ms
2026-04-20 18:22:20.460 +05:30 [INF] Serilog.AspNetCore.RequestLoggingMiddleware | CorrelationId:cd616ff252d14fbe844bd3b7ac8c0251 | HTTP GET /api/students responded 200 in 393.1475 ms
2026-04-20 18:22:20.469 +05:30 [INF] Serilog.AspNetCore.RequestLoggingMiddleware | CorrelationId:29f9db14fdf0468cb493fb008f0bb4cb | HTTP GET /api/students responded 200 in 332.4791 ms
2026-04-20 18:22:27.285 +05:30 [INF] Serilog.AspNetCore.RequestLoggingMiddleware | CorrelationId:03720827cc35493797b968dc9a762cc9 | HTTP OPTIONS /api/examinations/exams responded 204 in 0.6541 ms
2026-04-20 18:22:27.329 +05:30 [INF] Serilog.AspNetCore.RequestLoggingMiddleware | CorrelationId:c5f6448df0c34f29ad7668aabe13cbea | HTTP OPTIONS /api/examinations/stats responded 204 in 0.2016 ms
2026-04-20 18:22:27.330 +05:30 [INF] Serilog.AspNetCore.RequestLoggingMiddleware | CorrelationId:5fb6b2b45d7f4f9daa47f622f84b4221 | HTTP OPTIONS /api/examinations/stats responded 204 in 0.0397 ms
2026-04-20 18:22:27.400 +05:30 [INF] Serilog.AspNetCore.RequestLoggingMiddleware | CorrelationId:ee2be6a8368144c081a1cadb8c159127 | HTTP OPTIONS /api/examinations/exams responded 204 in 0.0754 ms
2026-04-20 18:22:27.872 +05:30 [INF] SmsApi.Middleware.LoggingActionFilter | CorrelationId:28e9a0cf21444c69bc7107917cea382a | API Request: GET /api/examinations/exams | User: Unknown | School: 550e8400-e29b-41d4-a716-446655440000
2026-04-20 18:22:27.876 +05:30 [INF] SmsApi.Middleware.LoggingActionFilter | CorrelationId:996c5069ba55452399e290d3c35a90dc | API Request: GET /api/examinations/stats | User: Unknown | School: 550e8400-e29b-41d4-a716-446655440000
2026-04-20 18:22:27.895 +05:30 [INF] SmsApi.Middleware.LoggingActionFilter | CorrelationId:585c12b0a7be4845b6c45b1b713a8281 | API Request: GET /api/examinations/stats | User: Unknown | School: 550e8400-e29b-41d4-a716-446655440000
2026-04-20 18:22:27.905 +05:30 [WRN] SmsApi.Infrastructure.Performance.PerformanceMonitoringMiddleware | CorrelationId: | Slow request: OPTIONS /api/examinations/exams took 504ms — status 204.
2026-04-20 18:22:27.949 +05:30 [INF] SmsApi.Middleware.LoggingActionFilter | CorrelationId:28e9a0cf21444c69bc7107917cea382a | API Response: GET /api/examinations/exams | Status: 200 | Duration: 77ms
2026-04-20 18:22:28.045 +05:30 [INF] Serilog.AspNetCore.RequestLoggingMiddleware | CorrelationId:28e9a0cf21444c69bc7107917cea382a | HTTP GET /api/examinations/exams responded 200 in 271.4690 ms
2026-04-20 18:22:28.037 +05:30 [INF] SmsApi.Middleware.LoggingActionFilter | CorrelationId:996c5069ba55452399e290d3c35a90dc | API Response: GET /api/examinations/stats | Status: 200 | Duration: 161ms
2026-04-20 18:22:28.041 +05:30 [INF] SmsApi.Middleware.LoggingActionFilter | CorrelationId:9164c35350254eccb6c496934c1f3398 | API Request: GET /api/examinations/exams | User: Unknown | School: 550e8400-e29b-41d4-a716-446655440000
2026-04-20 18:22:28.030 +05:30 [INF] SmsApi.Middleware.LoggingActionFilter | CorrelationId:585c12b0a7be4845b6c45b1b713a8281 | API Response: GET /api/examinations/stats | Status: 200 | Duration: 135ms
2026-04-20 18:22:28.187 +05:30 [INF] Serilog.AspNetCore.RequestLoggingMiddleware | CorrelationId:585c12b0a7be4845b6c45b1b713a8281 | HTTP GET /api/examinations/stats responded 200 in 297.3185 ms
2026-04-20 18:22:28.174 +05:30 [INF] SmsApi.Middleware.LoggingActionFilter | CorrelationId:9164c35350254eccb6c496934c1f3398 | API Response: GET /api/examinations/exams | Status: 200 | Duration: 133ms
2026-04-20 18:22:28.143 +05:30 [INF] Serilog.AspNetCore.RequestLoggingMiddleware | CorrelationId:996c5069ba55452399e290d3c35a90dc | HTTP GET /api/examinations/stats responded 200 in 366.6412 ms
2026-04-20 18:22:28.220 +05:30 [INF] Serilog.AspNetCore.RequestLoggingMiddleware | CorrelationId:9164c35350254eccb6c496934c1f3398 | HTTP GET /api/examinations/exams responded 200 in 189.7378 ms
2026-04-20 18:22:30.418 +05:30 [INF] Serilog.AspNetCore.RequestLoggingMiddleware | CorrelationId:8f44ffc2524a4793864f7796d8dc9584 | HTTP OPTIONS /api/academics/subjects responded 204 in 0.0696 ms
2026-04-20 18:22:30.418 +05:30 [INF] Serilog.AspNetCore.RequestLoggingMiddleware | CorrelationId:eee7ce7681fa44b9aaf4ec4ca1b689d2 | HTTP OPTIONS /api/academics/classes responded 204 in 0.0380 ms
2026-04-20 18:22:30.418 +05:30 [INF] Serilog.AspNetCore.RequestLoggingMiddleware | CorrelationId:ea152785d2104e7396e398d99567d25c | HTTP OPTIONS /api/academics/academic-years responded 204 in 0.0057 ms
2026-04-20 18:22:30.418 +05:30 [INF] Serilog.AspNetCore.RequestLoggingMiddleware | CorrelationId:64042f70399c41119b6416eedab8b337 | HTTP OPTIONS /api/examinations/exams responded 204 in 0.0239 ms
2026-04-20 18:22:30.418 +05:30 [INF] Serilog.AspNetCore.RequestLoggingMiddleware | CorrelationId:27cbc553f5cd4465bfe777e7187550a0 | HTTP OPTIONS /api/examinations/exams responded 204 in 0.0295 ms
2026-04-20 18:22:30.419 +05:30 [INF] Serilog.AspNetCore.RequestLoggingMiddleware | CorrelationId:bb9f7b9d28094da7aaf57600556d24ca | HTTP OPTIONS /api/academics/classes responded 204 in 0.0330 ms
2026-04-20 18:22:30.458 +05:30 [INF] Serilog.AspNetCore.RequestLoggingMiddleware | CorrelationId:f161949757474ae594eb975412809a34 | HTTP OPTIONS /api/academics/subjects responded 204 in 0.0933 ms
2026-04-20 18:22:30.464 +05:30 [INF] Serilog.AspNetCore.RequestLoggingMiddleware | CorrelationId:6caa32292f434d92927a0ca3a4623b0b | HTTP OPTIONS /api/academics/academic-years responded 204 in 0.0559 ms
2026-04-20 18:22:30.470 +05:30 [INF] Serilog.AspNetCore.RequestLoggingMiddleware | CorrelationId:7ffa98c15aaf481f883b6515d7c59f05 | HTTP OPTIONS /api/examinations/exams responded 204 in 0.0356 ms
2026-04-20 18:22:30.478 +05:30 [INF] Serilog.AspNetCore.RequestLoggingMiddleware | CorrelationId:b1faa95c318f4a4192517c92b392c9c1 | HTTP OPTIONS /api/examinations/exams responded 204 in 0.0380 ms
2026-04-20 18:22:30.494 +05:30 [INF] SmsApi.Middleware.LoggingActionFilter | CorrelationId:ca90e81efcf04689bfbd560c7158b5dc | API Request: GET /api/academics/subjects | User: Unknown | School: 550e8400-e29b-41d4-a716-446655440000
2026-04-20 18:22:30.506 +05:30 [INF] SmsApi.Middleware.LoggingActionFilter | CorrelationId:eaf313352b02484690c77deadac68748 | API Request: GET /api/academics/classes | User: Unknown | School: 550e8400-e29b-41d4-a716-446655440000
2026-04-20 18:22:30.512 +05:30 [INF] SmsApi.Middleware.LoggingActionFilter | CorrelationId:22f36edf2eb84874ae974eded3442db6 | API Request: GET /api/academics/academic-years | User: Unknown | School: 550e8400-e29b-41d4-a716-446655440000
2026-04-20 18:22:30.524 +05:30 [INF] SmsApi.Middleware.LoggingActionFilter | CorrelationId:6c0e75ddfadb45afa2a4391f34dec2ed | API Request: GET /api/examinations/exams | User: Unknown | School: 550e8400-e29b-41d4-a716-446655440000
2026-04-20 18:22:30.536 +05:30 [INF] SmsApi.Middleware.LoggingActionFilter | CorrelationId:59c2546d7d3644fbb3b05b77415137d6 | API Request: GET /api/examinations/exams | User: Unknown | School: 550e8400-e29b-41d4-a716-446655440000
2026-04-20 18:22:30.547 +05:30 [INF] SmsApi.Middleware.LoggingActionFilter | CorrelationId:50925b6d04004e95a48f8800d38a2dbf | API Request: GET /api/academics/classes | User: Unknown | School: 550e8400-e29b-41d4-a716-446655440000
2026-04-20 18:22:30.580 +05:30 [INF] SmsApi.Middleware.LoggingActionFilter | CorrelationId:ca90e81efcf04689bfbd560c7158b5dc | API Response: GET /api/academics/subjects | Status: 200 | Duration: 86ms
2026-04-20 18:22:30.597 +05:30 [INF] SmsApi.Middleware.LoggingActionFilter | CorrelationId:6c0e75ddfadb45afa2a4391f34dec2ed | API Response: GET /api/examinations/exams | Status: 200 | Duration: 73ms
2026-04-20 18:22:30.667 +05:30 [INF] Serilog.AspNetCore.RequestLoggingMiddleware | CorrelationId:6c0e75ddfadb45afa2a4391f34dec2ed | HTTP GET /api/examinations/exams responded 200 in 147.5128 ms
2026-04-20 18:22:30.620 +05:30 [INF] SmsApi.Middleware.LoggingActionFilter | CorrelationId:59c2546d7d3644fbb3b05b77415137d6 | API Response: GET /api/examinations/exams | Status: 200 | Duration: 83ms
2026-04-20 18:22:30.753 +05:30 [INF] Serilog.AspNetCore.RequestLoggingMiddleware | CorrelationId:59c2546d7d3644fbb3b05b77415137d6 | HTTP GET /api/examinations/exams responded 200 in 222.2080 ms
2026-04-20 18:22:30.617 +05:30 [INF] SmsApi.Middleware.LoggingActionFilter | CorrelationId:eaf313352b02484690c77deadac68748 | API Response: GET /api/academics/classes | Status: 200 | Duration: 111ms
2026-04-20 18:22:30.688 +05:30 [INF] SmsApi.Middleware.LoggingActionFilter | CorrelationId:50925b6d04004e95a48f8800d38a2dbf | API Response: GET /api/academics/classes | Status: 200 | Duration: 141ms
2026-04-20 18:22:30.733 +05:30 [INF] SmsApi.Middleware.LoggingActionFilter | CorrelationId:8b32ec1cb6924179a487b95be2ba5e9c | API Request: GET /api/academics/subjects | User: Unknown | School: 550e8400-e29b-41d4-a716-446655440000
2026-04-20 18:22:30.645 +05:30 [INF] Serilog.AspNetCore.RequestLoggingMiddleware | CorrelationId:ca90e81efcf04689bfbd560c7158b5dc | HTTP GET /api/academics/subjects responded 200 in 153.9050 ms
2026-04-20 18:22:30.783 +05:30 [INF] SmsApi.Middleware.LoggingActionFilter | CorrelationId:22f36edf2eb84874ae974eded3442db6 | API Response: GET /api/academics/academic-years | Status: 200 | Duration: 271ms
2026-04-20 18:22:30.858 +05:30 [INF] SmsApi.Middleware.LoggingActionFilter | CorrelationId:63f7a9423c874266874f4af83ea6aa0f | API Request: GET /api/academics/academic-years | User: Unknown | School: 550e8400-e29b-41d4-a716-446655440000
2026-04-20 18:22:31.019 +05:30 [INF] Serilog.AspNetCore.RequestLoggingMiddleware | CorrelationId:eaf313352b02484690c77deadac68748 | HTTP GET /api/academics/classes responded 200 in 518.8429 ms
2026-04-20 18:22:31.029 +05:30 [INF] Serilog.AspNetCore.RequestLoggingMiddleware | CorrelationId:50925b6d04004e95a48f8800d38a2dbf | HTTP GET /api/academics/classes responded 200 in 482.4397 ms
2026-04-20 18:22:31.056 +05:30 [INF] SmsApi.Middleware.LoggingActionFilter | CorrelationId:8b32ec1cb6924179a487b95be2ba5e9c | API Response: GET /api/academics/subjects | Status: 200 | Duration: 323ms
2026-04-20 18:22:31.075 +05:30 [INF] Serilog.AspNetCore.RequestLoggingMiddleware | CorrelationId:22f36edf2eb84874ae974eded3442db6 | HTTP GET /api/academics/academic-years responded 200 in 564.3377 ms
2026-04-20 18:22:31.077 +05:30 [INF] SmsApi.Middleware.LoggingActionFilter | CorrelationId:4afe86ee63374060bc7dec0bf9f60d0d | API Request: GET /api/examinations/exams | User: Unknown | School: 550e8400-e29b-41d4-a716-446655440000
2026-04-20 18:22:31.086 +05:30 [INF] SmsApi.Middleware.LoggingActionFilter | CorrelationId:63f7a9423c874266874f4af83ea6aa0f | API Response: GET /api/academics/academic-years | Status: 200 | Duration: 228ms
2026-04-20 18:22:31.088 +05:30 [WRN] SmsApi.Infrastructure.Performance.PerformanceMonitoringMiddleware | CorrelationId: | Slow request: GET /api/academics/classes took 518ms — status 200.
2026-04-20 18:22:31.104 +05:30 [INF] Serilog.AspNetCore.RequestLoggingMiddleware | CorrelationId:8b32ec1cb6924179a487b95be2ba5e9c | HTTP GET /api/academics/subjects responded 200 in 371.0479 ms
2026-04-20 18:22:31.107 +05:30 [INF] SmsApi.Middleware.LoggingActionFilter | CorrelationId:de0339d2d90b4769ab2e7d94013fa9b2 | API Request: GET /api/examinations/exams | User: Unknown | School: 550e8400-e29b-41d4-a716-446655440000
2026-04-20 18:22:31.213 +05:30 [WRN] SmsApi.Infrastructure.Performance.PerformanceMonitoringMiddleware | CorrelationId: | Slow request: GET /api/academics/academic-years took 564ms — status 200.
2026-04-20 18:22:31.226 +05:30 [INF] SmsApi.Middleware.LoggingActionFilter | CorrelationId:4afe86ee63374060bc7dec0bf9f60d0d | API Response: GET /api/examinations/exams | Status: 200 | Duration: 149ms
2026-04-20 18:22:31.229 +05:30 [INF] Serilog.AspNetCore.RequestLoggingMiddleware | CorrelationId:63f7a9423c874266874f4af83ea6aa0f | HTTP GET /api/academics/academic-years responded 200 in 372.4449 ms
2026-04-20 18:22:31.264 +05:30 [INF] SmsApi.Middleware.LoggingActionFilter | CorrelationId:de0339d2d90b4769ab2e7d94013fa9b2 | API Response: GET /api/examinations/exams | Status: 200 | Duration: 156ms
2026-04-20 18:22:31.283 +05:30 [INF] Serilog.AspNetCore.RequestLoggingMiddleware | CorrelationId:4afe86ee63374060bc7dec0bf9f60d0d | HTTP GET /api/examinations/exams responded 200 in 214.7035 ms
2026-04-20 18:22:31.323 +05:30 [INF] Serilog.AspNetCore.RequestLoggingMiddleware | CorrelationId:de0339d2d90b4769ab2e7d94013fa9b2 | HTTP GET /api/examinations/exams responded 200 in 226.4293 ms
2026-04-20 18:22:35.477 +05:30 [INF] Serilog.AspNetCore.RequestLoggingMiddleware | CorrelationId:e4f19a2415da4cd6a7a8e8642b70479e | HTTP OPTIONS /api/academics/classes responded 204 in 0.1566 ms
2026-04-20 18:22:35.487 +05:30 [INF] Serilog.AspNetCore.RequestLoggingMiddleware | CorrelationId:0c4eda20e52b4464a822eada15af707f | HTTP OPTIONS /api/academics/academic-years responded 204 in 0.0458 ms
2026-04-20 18:22:35.499 +05:30 [INF] Serilog.AspNetCore.RequestLoggingMiddleware | CorrelationId:bb5b6931bb6c480a80ee570f37122db7 | HTTP OPTIONS /api/staff responded 204 in 0.4465 ms
2026-04-20 18:22:35.510 +05:30 [INF] Serilog.AspNetCore.RequestLoggingMiddleware | CorrelationId:3b364c4383464a37965e0b9400e581f3 | HTTP OPTIONS /api/academics/classes responded 204 in 0.1659 ms
2026-04-20 18:22:35.512 +05:30 [INF] Serilog.AspNetCore.RequestLoggingMiddleware | CorrelationId:63718324e75c44cc9fdb64df25ab4c29 | HTTP OPTIONS /api/academics/academic-years responded 204 in 0.0628 ms
2026-04-20 18:22:35.671 +05:30 [INF] Serilog.AspNetCore.RequestLoggingMiddleware | CorrelationId:42b816cc37b34cf4a8ccfc06451df2b0 | HTTP OPTIONS /api/staff responded 204 in 0.0915 ms
2026-04-20 18:22:36.027 +05:30 [WRN] SmsApi.Infrastructure.Performance.PerformanceMonitoringMiddleware | CorrelationId: | Slow request: OPTIONS /api/academics/classes took 550ms — status 204.
2026-04-20 18:22:36.038 +05:30 [WRN] SmsApi.Infrastructure.Performance.PerformanceMonitoringMiddleware | CorrelationId: | Slow request: OPTIONS /api/academics/academic-years took 551ms — status 204.
2026-04-20 18:22:36.044 +05:30 [WRN] SmsApi.Infrastructure.Performance.PerformanceMonitoringMiddleware | CorrelationId: | Slow request: OPTIONS /api/staff took 545ms — status 204.
2026-04-20 18:22:36.048 +05:30 [WRN] SmsApi.Infrastructure.Performance.PerformanceMonitoringMiddleware | CorrelationId: | Slow request: OPTIONS /api/academics/classes took 537ms — status 204.
2026-04-20 18:22:36.052 +05:30 [WRN] SmsApi.Infrastructure.Performance.PerformanceMonitoringMiddleware | CorrelationId: | Slow request: OPTIONS /api/academics/academic-years took 540ms — status 204.
2026-04-20 18:22:36.096 +05:30 [INF] SmsApi.Middleware.LoggingActionFilter | CorrelationId:0c8b0123522848069d8438bda7a62101 | API Request: GET /api/staff | User: Unknown | School: 550e8400-e29b-41d4-a716-446655440000
2026-04-20 18:22:36.140 +05:30 [INF] SmsApi.Middleware.LoggingActionFilter | CorrelationId:ad2f0bc876de4c5cb004b561d72a9f2d | API Request: GET /api/academics/classes | User: Unknown | School: 550e8400-e29b-41d4-a716-446655440000
2026-04-20 18:22:36.159 +05:30 [INF] SmsApi.Middleware.LoggingActionFilter | CorrelationId:43b402f6a13045399c98fbae8ceea0a3 | API Request: GET /api/staff | User: Unknown | School: 550e8400-e29b-41d4-a716-446655440000
2026-04-20 18:22:36.175 +05:30 [INF] SmsApi.Middleware.LoggingActionFilter | CorrelationId:76f3d59f38434fbfa78892a1d67ffeb4 | API Request: GET /api/academics/academic-years | User: Unknown | School: 550e8400-e29b-41d4-a716-446655440000
2026-04-20 18:22:36.179 +05:30 [INF] SmsApi.Middleware.LoggingActionFilter | CorrelationId:121cfec6a607481aaebfe8dbe8b60e17 | API Request: GET /api/academics/classes | User: Unknown | School: 550e8400-e29b-41d4-a716-446655440000
2026-04-20 18:22:36.208 +05:30 [INF] SmsApi.Middleware.LoggingActionFilter | CorrelationId:0c8b0123522848069d8438bda7a62101 | API Response: GET /api/staff | Status: 200 | Duration: 111ms
2026-04-20 18:22:36.209 +05:30 [INF] SmsApi.Middleware.LoggingActionFilter | CorrelationId:fa58ef537e464144a78e41ea9f77fd44 | API Request: GET /api/academics/academic-years | User: Unknown | School: 550e8400-e29b-41d4-a716-446655440000
2026-04-20 18:22:36.420 +05:30 [INF] SmsApi.Middleware.LoggingActionFilter | CorrelationId:ad2f0bc876de4c5cb004b561d72a9f2d | API Response: GET /api/academics/classes | Status: 200 | Duration: 280ms
2026-04-20 18:22:36.423 +05:30 [INF] SmsApi.Middleware.LoggingActionFilter | CorrelationId:43b402f6a13045399c98fbae8ceea0a3 | API Response: GET /api/staff | Status: 200 | Duration: 264ms
2026-04-20 18:22:36.430 +05:30 [INF] SmsApi.Middleware.LoggingActionFilter | CorrelationId:76f3d59f38434fbfa78892a1d67ffeb4 | API Response: GET /api/academics/academic-years | Status: 200 | Duration: 254ms
2026-04-20 18:22:36.447 +05:30 [INF] SmsApi.Middleware.LoggingActionFilter | CorrelationId:121cfec6a607481aaebfe8dbe8b60e17 | API Response: GET /api/academics/classes | Status: 200 | Duration: 267ms
2026-04-20 18:22:36.452 +05:30 [INF] Serilog.AspNetCore.RequestLoggingMiddleware | CorrelationId:0c8b0123522848069d8438bda7a62101 | HTTP GET /api/staff responded 200 in 386.7302 ms
2026-04-20 18:22:36.476 +05:30 [INF] Serilog.AspNetCore.RequestLoggingMiddleware | CorrelationId:ad2f0bc876de4c5cb004b561d72a9f2d | HTTP GET /api/academics/classes responded 200 in 336.7567 ms
2026-04-20 18:22:36.481 +05:30 [INF] SmsApi.Middleware.LoggingActionFilter | CorrelationId:fa58ef537e464144a78e41ea9f77fd44 | API Response: GET /api/academics/academic-years | Status: 200 | Duration: 271ms
2026-04-20 18:22:36.505 +05:30 [INF] Serilog.AspNetCore.RequestLoggingMiddleware | CorrelationId:43b402f6a13045399c98fbae8ceea0a3 | HTTP GET /api/staff responded 200 in 350.1470 ms
2026-04-20 18:22:36.509 +05:30 [INF] Serilog.AspNetCore.RequestLoggingMiddleware | CorrelationId:76f3d59f38434fbfa78892a1d67ffeb4 | HTTP GET /api/academics/academic-years responded 200 in 334.5699 ms
2026-04-20 18:22:36.529 +05:30 [INF] Serilog.AspNetCore.RequestLoggingMiddleware | CorrelationId:121cfec6a607481aaebfe8dbe8b60e17 | HTTP GET /api/academics/classes responded 200 in 350.6284 ms
2026-04-20 18:22:36.584 +05:30 [INF] Serilog.AspNetCore.RequestLoggingMiddleware | CorrelationId:fa58ef537e464144a78e41ea9f77fd44 | HTTP GET /api/academics/academic-years responded 200 in 375.8758 ms
2026-04-20 18:22:39.604 +05:30 [INF] Serilog.AspNetCore.RequestLoggingMiddleware | CorrelationId:313520ee0c364f28ba0aea8b0d7074a7 | HTTP OPTIONS /api/fees/records responded 204 in 0.1063 ms
2026-04-20 18:22:39.606 +05:30 [INF] Serilog.AspNetCore.RequestLoggingMiddleware | CorrelationId:ac923c9f788a48a79dca8a65e0ac907e | HTTP OPTIONS /api/fees/structures responded 204 in 0.0272 ms
2026-04-20 18:22:39.643 +05:30 [INF] Serilog.AspNetCore.RequestLoggingMiddleware | CorrelationId:83194a556c15482a85fa0e8d73e7ce49 | HTTP OPTIONS /api/fees/stats responded 204 in 0.0779 ms
2026-04-20 18:22:39.675 +05:30 [INF] Serilog.AspNetCore.RequestLoggingMiddleware | CorrelationId:b4663314ff87426f90cf32a0a2432ad8 | HTTP OPTIONS /api/fees/records responded 204 in 0.0586 ms
2026-04-20 18:22:39.883 +05:30 [INF] Serilog.AspNetCore.RequestLoggingMiddleware | CorrelationId:f422807a25d94492a3c1e85f58121fd4 | HTTP OPTIONS /api/fees/structures responded 204 in 0.0432 ms
2026-04-20 18:22:39.889 +05:30 [INF] Serilog.AspNetCore.RequestLoggingMiddleware | CorrelationId:4fc0f3bf73c74a04af4887fd4e2a5eef | HTTP OPTIONS /api/fees/stats responded 204 in 0.0713 ms
2026-04-20 18:22:39.936 +05:30 [INF] SmsApi.Middleware.LoggingActionFilter | CorrelationId:7c1bcf158df74093a8fe9f16fcf6db3c | API Request: GET /api/fees/stats | User: Unknown | School: 550e8400-e29b-41d4-a716-446655440000
2026-04-20 18:22:39.938 +05:30 [INF] SmsApi.Middleware.LoggingActionFilter | CorrelationId:d1b49f77ed9747f4b2cbadec4b844702 | API Request: GET /api/fees/records | User: Unknown | School: 550e8400-e29b-41d4-a716-446655440000
2026-04-20 18:22:39.947 +05:30 [INF] SmsApi.Middleware.LoggingActionFilter | CorrelationId:4d1127d885774cd29a3d1ee7e928907a | API Request: GET /api/fees/structures | User: Unknown | School: 550e8400-e29b-41d4-a716-446655440000
2026-04-20 18:22:39.960 +05:30 [INF] SmsApi.Middleware.LoggingActionFilter | CorrelationId:75a168259b7c4d4aa02b1ff1b9cb3ae0 | API Request: GET /api/fees/records | User: Unknown | School: 550e8400-e29b-41d4-a716-446655440000
2026-04-20 18:22:39.974 +05:30 [INF] SmsApi.Middleware.LoggingActionFilter | CorrelationId:1a6c6dc71ba74dfc852c101ae39915a5 | API Request: GET /api/fees/structures | User: Unknown | School: 550e8400-e29b-41d4-a716-446655440000
2026-04-20 18:22:40.027 +05:30 [INF] SmsApi.Middleware.LoggingActionFilter | CorrelationId:4d1127d885774cd29a3d1ee7e928907a | API Response: GET /api/fees/structures | Status: 200 | Duration: 79ms
2026-04-20 18:22:40.050 +05:30 [INF] Serilog.AspNetCore.RequestLoggingMiddleware | CorrelationId:4d1127d885774cd29a3d1ee7e928907a | HTTP GET /api/fees/structures responded 200 in 123.3572 ms
2026-04-20 18:22:40.034 +05:30 [INF] SmsApi.Middleware.LoggingActionFilter | CorrelationId:d1b49f77ed9747f4b2cbadec4b844702 | API Response: GET /api/fees/records | Status: 200 | Duration: 96ms
2026-04-20 18:22:40.045 +05:30 [INF] SmsApi.Middleware.LoggingActionFilter | CorrelationId:1a6c6dc71ba74dfc852c101ae39915a5 | API Response: GET /api/fees/structures | Status: 200 | Duration: 70ms
2026-04-20 18:22:40.034 +05:30 [INF] SmsApi.Middleware.LoggingActionFilter | CorrelationId:7c1bcf158df74093a8fe9f16fcf6db3c | API Response: GET /api/fees/stats | Status: 200 | Duration: 97ms
2026-04-20 18:22:40.054 +05:30 [INF] SmsApi.Middleware.LoggingActionFilter | CorrelationId:a70724d24e85463ca00aa43f3bc9e7e8 | API Request: GET /api/fees/stats | User: Unknown | School: 550e8400-e29b-41d4-a716-446655440000
2026-04-20 18:22:40.068 +05:30 [INF] SmsApi.Middleware.LoggingActionFilter | CorrelationId:75a168259b7c4d4aa02b1ff1b9cb3ae0 | API Response: GET /api/fees/records | Status: 200 | Duration: 108ms
2026-04-20 18:22:40.123 +05:30 [INF] Serilog.AspNetCore.RequestLoggingMiddleware | CorrelationId:d1b49f77ed9747f4b2cbadec4b844702 | HTTP GET /api/fees/records responded 200 in 206.3774 ms
2026-04-20 18:22:40.128 +05:30 [INF] Serilog.AspNetCore.RequestLoggingMiddleware | CorrelationId:1a6c6dc71ba74dfc852c101ae39915a5 | HTTP GET /api/fees/structures responded 200 in 165.0265 ms
2026-04-20 18:22:40.140 +05:30 [INF] Serilog.AspNetCore.RequestLoggingMiddleware | CorrelationId:7c1bcf158df74093a8fe9f16fcf6db3c | HTTP GET /api/fees/stats responded 200 in 211.5408 ms
2026-04-20 18:22:40.177 +05:30 [INF] SmsApi.Middleware.LoggingActionFilter | CorrelationId:a70724d24e85463ca00aa43f3bc9e7e8 | API Response: GET /api/fees/stats | Status: 200 | Duration: 123ms
2026-04-20 18:22:40.177 +05:30 [INF] Serilog.AspNetCore.RequestLoggingMiddleware | CorrelationId:75a168259b7c4d4aa02b1ff1b9cb3ae0 | HTTP GET /api/fees/records responded 200 in 220.8973 ms
2026-04-20 18:22:40.713 +05:30 [INF] Serilog.AspNetCore.RequestLoggingMiddleware | CorrelationId:a70724d24e85463ca00aa43f3bc9e7e8 | HTTP GET /api/fees/stats responded 200 in 663.0106 ms
2026-04-20 18:22:40.759 +05:30 [WRN] SmsApi.Infrastructure.Performance.PerformanceMonitoringMiddleware | CorrelationId: | Slow request: GET /api/fees/stats took 662ms — status 200.
2026-04-20 18:22:59.254 +05:30 [INF] Serilog.AspNetCore.RequestLoggingMiddleware | CorrelationId:65293c433d494601accb176a993d1e9e | HTTP OPTIONS /api/alumni/stats responded 204 in 1.1008 ms
2026-04-20 18:22:59.254 +05:30 [INF] Serilog.AspNetCore.RequestLoggingMiddleware | CorrelationId:4d4840f2d0c04054a0d7f66ba7824ed0 | HTTP OPTIONS /api/alumni/stats responded 204 in 1.1218 ms
2026-04-20 18:22:59.385 +05:30 [INF] SmsApi.Middleware.LoggingActionFilter | CorrelationId:32b28fe3c52f40a38d83516fbe3b5a78 | API Request: GET /api/alumni/stats | User: Unknown | School: 550e8400-e29b-41d4-a716-446655440000
2026-04-20 18:22:59.391 +05:30 [INF] SmsApi.Middleware.LoggingActionFilter | CorrelationId:d84067a089c8435681841685891512bb | API Request: GET /api/alumni/stats | User: Unknown | School: 550e8400-e29b-41d4-a716-446655440000
2026-04-20 18:22:59.531 +05:30 [INF] SmsApi.Middleware.LoggingActionFilter | CorrelationId:32b28fe3c52f40a38d83516fbe3b5a78 | API Response: GET /api/alumni/stats | Status: 200 | Duration: 146ms
2026-04-20 18:22:59.531 +05:30 [INF] SmsApi.Middleware.LoggingActionFilter | CorrelationId:d84067a089c8435681841685891512bb | API Response: GET /api/alumni/stats | Status: 200 | Duration: 139ms
2026-04-20 18:22:59.556 +05:30 [INF] Serilog.AspNetCore.RequestLoggingMiddleware | CorrelationId:32b28fe3c52f40a38d83516fbe3b5a78 | HTTP GET /api/alumni/stats responded 200 in 212.5041 ms
2026-04-20 18:22:59.608 +05:30 [INF] Serilog.AspNetCore.RequestLoggingMiddleware | CorrelationId:d84067a089c8435681841685891512bb | HTTP GET /api/alumni/stats responded 200 in 217.8334 ms
2026-04-20 18:23:01.650 +05:30 [INF] Serilog.AspNetCore.RequestLoggingMiddleware | CorrelationId:5c39872f338b4309b92bbd491e81937b | HTTP OPTIONS /api/finance/stats responded 204 in 0.1476 ms
2026-04-20 18:23:01.667 +05:30 [INF] Serilog.AspNetCore.RequestLoggingMiddleware | CorrelationId:88e8d4897f1e456eab80fb8b798afb26 | HTTP OPTIONS /api/finance/accounts responded 204 in 0.0622 ms
2026-04-20 18:23:01.668 +05:30 [INF] Serilog.AspNetCore.RequestLoggingMiddleware | CorrelationId:fb117c3c0d1d4b90b0ccaf1323b40b17 | HTTP OPTIONS /api/finance/transactions responded 204 in 0.0285 ms
2026-04-20 18:23:01.669 +05:30 [INF] Serilog.AspNetCore.RequestLoggingMiddleware | CorrelationId:99abed0cd45646b489f14f46ca27ecb2 | HTTP OPTIONS /api/finance/categories responded 204 in 0.0332 ms
2026-04-20 18:23:01.712 +05:30 [INF] Serilog.AspNetCore.RequestLoggingMiddleware | CorrelationId:64d420b797d2408bbe54f002d6014d4d | HTTP OPTIONS /api/finance/stats responded 204 in 0.0399 ms
2026-04-20 18:23:01.714 +05:30 [INF] Serilog.AspNetCore.RequestLoggingMiddleware | CorrelationId:92a9678faee54a3f8ec1516d04eabc8a | HTTP OPTIONS /api/finance/accounts responded 204 in 0.0404 ms
2026-04-20 18:23:01.740 +05:30 [INF] Serilog.AspNetCore.RequestLoggingMiddleware | CorrelationId:2bd07210c0da4661b78962052ff5d23a | HTTP OPTIONS /api/finance/categories responded 204 in 0.0400 ms
2026-04-20 18:23:01.743 +05:30 [INF] Serilog.AspNetCore.RequestLoggingMiddleware | CorrelationId:77f95d53af4c43dfb517d76db8cc3813 | HTTP OPTIONS /api/finance/transactions responded 204 in 0.0414 ms
2026-04-20 18:23:01.803 +05:30 [INF] SmsApi.Middleware.LoggingActionFilter | CorrelationId:054996db42824f9193a272d3612dcab0 | API Request: GET /api/finance/stats | User: Unknown | School: 550e8400-e29b-41d4-a716-446655440000
2026-04-20 18:23:01.804 +05:30 [INF] SmsApi.Middleware.LoggingActionFilter | CorrelationId:b4e2219c1828404a86ca1f7964419d6d | API Request: GET /api/finance/transactions | User: Unknown | School: 550e8400-e29b-41d4-a716-446655440000
2026-04-20 18:23:01.825 +05:30 [INF] SmsApi.Middleware.LoggingActionFilter | CorrelationId:f26b4f689951400aac1231b78b334e4c | API Request: GET /api/finance/accounts | User: Unknown | School: 550e8400-e29b-41d4-a716-446655440000
2026-04-20 18:23:01.843 +05:30 [INF] SmsApi.Middleware.LoggingActionFilter | CorrelationId:6ec2d504a21042748cebeeaba689d8e3 | API Request: GET /api/finance/categories | User: Unknown | School: 550e8400-e29b-41d4-a716-446655440000
2026-04-20 18:23:01.909 +05:30 [INF] SmsApi.Middleware.LoggingActionFilter | CorrelationId:92d486077c744108aa05bac51bb7da28 | API Request: GET /api/finance/stats | User: Unknown | School: 550e8400-e29b-41d4-a716-446655440000
2026-04-20 18:23:01.958 +05:30 [INF] SmsApi.Middleware.LoggingActionFilter | CorrelationId:f26b4f689951400aac1231b78b334e4c | API Response: GET /api/finance/accounts | Status: 200 | Duration: 132ms
2026-04-20 18:23:01.964 +05:30 [INF] SmsApi.Middleware.LoggingActionFilter | CorrelationId:6ec2d504a21042748cebeeaba689d8e3 | API Response: GET /api/finance/categories | Status: 200 | Duration: 121ms
2026-04-20 18:23:01.974 +05:30 [INF] SmsApi.Middleware.LoggingActionFilter | CorrelationId:b4e2219c1828404a86ca1f7964419d6d | API Response: GET /api/finance/transactions | Status: 200 | Duration: 170ms
2026-04-20 18:23:01.975 +05:30 [INF] SmsApi.Middleware.LoggingActionFilter | CorrelationId:2b6f1cafca494d0c8377d2c1fdc476ae | API Request: GET /api/finance/accounts | User: Unknown | School: 550e8400-e29b-41d4-a716-446655440000
2026-04-20 18:23:01.984 +05:30 [INF] Serilog.AspNetCore.RequestLoggingMiddleware | CorrelationId:f26b4f689951400aac1231b78b334e4c | HTTP GET /api/finance/accounts responded 200 in 165.0778 ms
2026-04-20 18:23:01.989 +05:30 [INF] Serilog.AspNetCore.RequestLoggingMiddleware | CorrelationId:6ec2d504a21042748cebeeaba689d8e3 | HTTP GET /api/finance/categories responded 200 in 159.7177 ms
2026-04-20 18:23:01.994 +05:30 [INF] Serilog.AspNetCore.RequestLoggingMiddleware | CorrelationId:b4e2219c1828404a86ca1f7964419d6d | HTTP GET /api/finance/transactions responded 200 in 221.8365 ms
2026-04-20 18:23:02.017 +05:30 [INF] SmsApi.Middleware.LoggingActionFilter | CorrelationId:2b6f1cafca494d0c8377d2c1fdc476ae | API Response: GET /api/finance/accounts | Status: 200 | Duration: 42ms
2026-04-20 18:23:02.096 +05:30 [INF] SmsApi.Middleware.LoggingActionFilter | CorrelationId:05f119669b7a40f18a4f273911d208f3 | API Request: GET /api/finance/categories | User: Unknown | School: 550e8400-e29b-41d4-a716-446655440000
2026-04-20 18:23:02.096 +05:30 [INF] SmsApi.Middleware.LoggingActionFilter | CorrelationId:d6a70babdb114dff91b5797b1fb89bf3 | API Request: GET /api/finance/transactions | User: Unknown | School: 550e8400-e29b-41d4-a716-446655440000
2026-04-20 18:23:02.099 +05:30 [INF] SmsApi.Middleware.LoggingActionFilter | CorrelationId:92d486077c744108aa05bac51bb7da28 | API Response: GET /api/finance/stats | Status: 200 | Duration: 189ms
2026-04-20 18:23:02.099 +05:30 [INF] SmsApi.Middleware.LoggingActionFilter | CorrelationId:054996db42824f9193a272d3612dcab0 | API Response: GET /api/finance/stats | Status: 200 | Duration: 296ms
2026-04-20 18:23:02.118 +05:30 [INF] Serilog.AspNetCore.RequestLoggingMiddleware | CorrelationId:2b6f1cafca494d0c8377d2c1fdc476ae | HTTP GET /api/finance/accounts responded 200 in 143.6918 ms
2026-04-20 18:23:02.149 +05:30 [INF] SmsApi.Middleware.LoggingActionFilter | CorrelationId:05f119669b7a40f18a4f273911d208f3 | API Response: GET /api/finance/categories | Status: 200 | Duration: 52ms
2026-04-20 18:23:02.151 +05:30 [INF] SmsApi.Middleware.LoggingActionFilter | CorrelationId:d6a70babdb114dff91b5797b1fb89bf3 | API Response: GET /api/finance/transactions | Status: 200 | Duration: 54ms
2026-04-20 18:23:02.155 +05:30 [INF] Serilog.AspNetCore.RequestLoggingMiddleware | CorrelationId:92d486077c744108aa05bac51bb7da28 | HTTP GET /api/finance/stats responded 200 in 250.7250 ms
2026-04-20 18:23:02.160 +05:30 [INF] Serilog.AspNetCore.RequestLoggingMiddleware | CorrelationId:054996db42824f9193a272d3612dcab0 | HTTP GET /api/finance/stats responded 200 in 399.4746 ms
2026-04-20 18:23:02.172 +05:30 [INF] Serilog.AspNetCore.RequestLoggingMiddleware | CorrelationId:05f119669b7a40f18a4f273911d208f3 | HTTP GET /api/finance/categories responded 200 in 76.4253 ms
2026-04-20 18:23:02.176 +05:30 [INF] Serilog.AspNetCore.RequestLoggingMiddleware | CorrelationId:d6a70babdb114dff91b5797b1fb89bf3 | HTTP GET /api/finance/transactions responded 200 in 79.6974 ms
2026-04-20 18:23:04.466 +05:30 [INF] Serilog.AspNetCore.RequestLoggingMiddleware | CorrelationId:d9f7bea8a2af4cd1ada1505ce62c956e | HTTP OPTIONS /api/store/items responded 204 in 0.1118 ms
2026-04-20 18:23:04.466 +05:30 [INF] Serilog.AspNetCore.RequestLoggingMiddleware | CorrelationId:9645a98e8e4a46d5aa58da3ea8b8d773 | HTTP OPTIONS /api/store/stats responded 204 in 0.1121 ms
2026-04-20 18:23:04.486 +05:30 [INF] Serilog.AspNetCore.RequestLoggingMiddleware | CorrelationId:1ce3a088038f4807ba6dc2cdb6a99e2a | HTTP OPTIONS /api/store/stats responded 204 in 0.0615 ms
2026-04-20 18:23:04.491 +05:30 [INF] Serilog.AspNetCore.RequestLoggingMiddleware | CorrelationId:88e649effd29467da1931debdccffa6a | HTTP OPTIONS /api/store/items responded 204 in 0.1061 ms
2026-04-20 18:23:04.761 +05:30 [INF] SmsApi.Middleware.LoggingActionFilter | CorrelationId:7860090f183f4700a3351d108718e21e | API Request: GET /api/store/items | User: Unknown | School: 550e8400-e29b-41d4-a716-446655440000
2026-04-20 18:23:04.783 +05:30 [INF] SmsApi.Middleware.LoggingActionFilter | CorrelationId:cf2b894ecd494108a805d16aec6016f9 | API Request: GET /api/store/stats | User: Unknown | School: 550e8400-e29b-41d4-a716-446655440000
2026-04-20 18:23:04.784 +05:30 [INF] SmsApi.Middleware.LoggingActionFilter | CorrelationId:1ac74721cb6c40c6bffd177d01749087 | API Request: GET /api/store/stats | User: Unknown | School: 550e8400-e29b-41d4-a716-446655440000
2026-04-20 18:23:04.811 +05:30 [INF] SmsApi.Middleware.LoggingActionFilter | CorrelationId:178d051cffa94db993eec8feae61561a | API Request: GET /api/store/items | User: Unknown | School: 550e8400-e29b-41d4-a716-446655440000
2026-04-20 18:23:04.875 +05:30 [INF] SmsApi.Middleware.LoggingActionFilter | CorrelationId:178d051cffa94db993eec8feae61561a | API Response: GET /api/store/items | Status: 200 | Duration: 63ms
2026-04-20 18:23:04.877 +05:30 [INF] SmsApi.Middleware.LoggingActionFilter | CorrelationId:7860090f183f4700a3351d108718e21e | API Response: GET /api/store/items | Status: 200 | Duration: 115ms
2026-04-20 18:23:04.896 +05:30 [INF] Serilog.AspNetCore.RequestLoggingMiddleware | CorrelationId:178d051cffa94db993eec8feae61561a | HTTP GET /api/store/items responded 200 in 87.9337 ms
2026-04-20 18:23:04.904 +05:30 [INF] Serilog.AspNetCore.RequestLoggingMiddleware | CorrelationId:7860090f183f4700a3351d108718e21e | HTTP GET /api/store/items responded 200 in 168.4079 ms
2026-04-20 18:23:04.967 +05:30 [INF] SmsApi.Middleware.LoggingActionFilter | CorrelationId:1ac74721cb6c40c6bffd177d01749087 | API Response: GET /api/store/stats | Status: 200 | Duration: 183ms
2026-04-20 18:23:04.967 +05:30 [INF] SmsApi.Middleware.LoggingActionFilter | CorrelationId:cf2b894ecd494108a805d16aec6016f9 | API Response: GET /api/store/stats | Status: 200 | Duration: 184ms
2026-04-20 18:23:05.041 +05:30 [INF] Serilog.AspNetCore.RequestLoggingMiddleware | CorrelationId:1ac74721cb6c40c6bffd177d01749087 | HTTP GET /api/store/stats responded 200 in 265.5616 ms
2026-04-20 18:23:05.061 +05:30 [INF] Serilog.AspNetCore.RequestLoggingMiddleware | CorrelationId:cf2b894ecd494108a805d16aec6016f9 | HTTP GET /api/store/stats responded 200 in 294.3155 ms
2026-04-20 18:23:06.744 +05:30 [INF] Serilog.AspNetCore.RequestLoggingMiddleware | CorrelationId:cf79ba355d094132ad1023432bf0d677 | HTTP OPTIONS /api/schoolconnect/posts responded 204 in 0.0868 ms
2026-04-20 18:23:06.746 +05:30 [INF] Serilog.AspNetCore.RequestLoggingMiddleware | CorrelationId:488e2b457452432e8a939d901a189705 | HTTP OPTIONS /api/schoolconnect/posts responded 204 in 0.0259 ms
2026-04-20 18:23:06.833 +05:30 [INF] SmsApi.Middleware.LoggingActionFilter | CorrelationId:6ce786b2db694732a1be1e22b1c42ae9 | API Request: GET /api/schoolconnect/posts | User: Unknown | School: 550e8400-e29b-41d4-a716-446655440000
2026-04-20 18:23:06.834 +05:30 [INF] SmsApi.Middleware.LoggingActionFilter | CorrelationId:8e53ce8f014f4761b475fc28ecedaa3b | API Request: GET /api/schoolconnect/posts | User: Unknown | School: 550e8400-e29b-41d4-a716-446655440000
2026-04-20 18:23:06.926 +05:30 [WRN] Microsoft.EntityFrameworkCore.Query | CorrelationId:6ce786b2db694732a1be1e22b1c42ae9 | Compiling a query which loads related collections for more than one collection navigation, either via 'Include' or through projection, but no 'QuerySplittingBehavior' has been configured. By default, Entity Framework will use 'QuerySplittingBehavior.SingleQuery', which can potentially result in slow query performance. See https://go.microsoft.com/fwlink/?linkid=2134277 for more information. To identify the query that's triggering this warning call 'ConfigureWarnings(w => w.Throw(RelationalEventId.MultipleCollectionIncludeWarning))'.
2026-04-20 18:23:07.104 +05:30 [INF] SmsApi.Middleware.LoggingActionFilter | CorrelationId:8e53ce8f014f4761b475fc28ecedaa3b | API Response: GET /api/schoolconnect/posts | Status: 200 | Duration: 270ms
2026-04-20 18:23:07.104 +05:30 [INF] SmsApi.Middleware.LoggingActionFilter | CorrelationId:6ce786b2db694732a1be1e22b1c42ae9 | API Response: GET /api/schoolconnect/posts | Status: 200 | Duration: 271ms
2026-04-20 18:23:07.119 +05:30 [INF] Serilog.AspNetCore.RequestLoggingMiddleware | CorrelationId:8e53ce8f014f4761b475fc28ecedaa3b | HTTP GET /api/schoolconnect/posts responded 200 in 317.8417 ms
2026-04-20 18:23:07.141 +05:30 [INF] Serilog.AspNetCore.RequestLoggingMiddleware | CorrelationId:6ce786b2db694732a1be1e22b1c42ae9 | HTTP GET /api/schoolconnect/posts responded 200 in 322.3238 ms
2026-04-20 18:23:11.104 +05:30 [INF] Serilog.AspNetCore.RequestLoggingMiddleware | CorrelationId:760865dbc7384cb7bd6a77ad2017da84 | HTTP OPTIONS /api/analytics/dashboard/summary responded 204 in 0.1567 ms
2026-04-20 18:23:11.106 +05:30 [INF] Serilog.AspNetCore.RequestLoggingMiddleware | CorrelationId:25cfc2b4a5c3456585f96e47bab22aa3 | HTTP OPTIONS /api/analytics/dashboard/summary responded 204 in 0.0594 ms
2026-04-20 18:23:11.187 +05:30 [INF] SmsApi.Middleware.LoggingActionFilter | CorrelationId:3e6a672a457e4e5992e85f8357d6e71e | API Request: GET /api/analytics/dashboard/summary | User: Unknown | School: 550e8400-e29b-41d4-a716-446655440000
2026-04-20 18:23:11.197 +05:30 [INF] SmsApi.Middleware.LoggingActionFilter | CorrelationId:d883610fc20945b1a8b68df825348f80 | API Request: GET /api/analytics/dashboard/summary | User: Unknown | School: 550e8400-e29b-41d4-a716-446655440000
2026-04-20 18:23:11.281 +05:30 [INF] SmsApi.Middleware.LoggingActionFilter | CorrelationId:3e6a672a457e4e5992e85f8357d6e71e | API Response: GET /api/analytics/dashboard/summary | Status: 200 | Duration: 93ms
2026-04-20 18:23:11.366 +05:30 [INF] SmsApi.Middleware.LoggingActionFilter | CorrelationId:d883610fc20945b1a8b68df825348f80 | API Response: GET /api/analytics/dashboard/summary | Status: 200 | Duration: 168ms
2026-04-20 18:23:11.372 +05:30 [INF] Serilog.AspNetCore.RequestLoggingMiddleware | CorrelationId:3e6a672a457e4e5992e85f8357d6e71e | HTTP GET /api/analytics/dashboard/summary responded 200 in 208.8755 ms
2026-04-20 18:23:11.420 +05:30 [INF] Serilog.AspNetCore.RequestLoggingMiddleware | CorrelationId:d883610fc20945b1a8b68df825348f80 | HTTP GET /api/analytics/dashboard/summary responded 200 in 227.1975 ms
2026-04-20 18:27:41.092 +05:30 [INF] Serilog.AspNetCore.RequestLoggingMiddleware | CorrelationId:36df6d1c7a304b67927ded8b83addff0 | HTTP OPTIONS /api/academics/academic-years responded 204 in 1.1744 ms
2026-04-20 18:27:41.120 +05:30 [INF] Serilog.AspNetCore.RequestLoggingMiddleware | CorrelationId:29282b05f37443179a0331dcf905bfb0 | HTTP OPTIONS /api/academics/academic-years responded 204 in 0.0563 ms
2026-04-20 18:27:41.152 +05:30 [INF] Serilog.AspNetCore.RequestLoggingMiddleware | CorrelationId:5d329ed008534a4ca5c128a13720885a | HTTP OPTIONS /api/settings/school/me responded 204 in 0.0370 ms
2026-04-20 18:27:41.631 +05:30 [INF] Serilog.AspNetCore.RequestLoggingMiddleware | CorrelationId:af6cb65a37ad4f93b93ffaeaaf315dc0 | HTTP OPTIONS /api/analytics/dashboard/summary responded 204 in 0.0665 ms
2026-04-20 18:27:41.632 +05:30 [INF] Serilog.AspNetCore.RequestLoggingMiddleware | CorrelationId:6299d21e3e7e49dba500f2c667773ede | HTTP OPTIONS /api/analytics/dashboard/summary responded 204 in 0.0187 ms
2026-04-20 18:27:41.720 +05:30 [WRN] SmsApi.Infrastructure.Performance.PerformanceMonitoringMiddleware | CorrelationId: | Slow request: OPTIONS /api/academics/academic-years took 643ms — status 204.
2026-04-20 18:27:41.722 +05:30 [WRN] SmsApi.Infrastructure.Performance.PerformanceMonitoringMiddleware | CorrelationId: | Slow request: OPTIONS /api/academics/academic-years took 602ms — status 204.
2026-04-20 18:27:41.726 +05:30 [WRN] SmsApi.Infrastructure.Performance.PerformanceMonitoringMiddleware | CorrelationId: | Slow request: OPTIONS /api/settings/school/me took 574ms — status 204.
2026-04-20 18:27:41.972 +05:30 [INF] SmsApi.Middleware.LoggingActionFilter | CorrelationId:83e76541c8c8449da2a9ef6d0bc6be15 | API Request: GET /api/analytics/dashboard/summary | User: Unknown | School: 550e8400-e29b-41d4-a716-446655440000
2026-04-20 18:27:41.978 +05:30 [INF] SmsApi.Middleware.LoggingActionFilter | CorrelationId:20573ff3ca244f5591de5417f0e36902 | API Request: GET /api/analytics/dashboard/summary | User: Unknown | School: 550e8400-e29b-41d4-a716-446655440000
2026-04-20 18:27:42.016 +05:30 [INF] SmsApi.Middleware.LoggingActionFilter | CorrelationId:94ce91a448f1403bb288cea98cf82d9a | API Request: GET /api/academics/academic-years | User: Unknown | School: 550e8400-e29b-41d4-a716-446655440000
2026-04-20 18:27:42.025 +05:30 [INF] SmsApi.Middleware.LoggingActionFilter | CorrelationId:5579a7981aae4682a101bceec7124d17 | API Request: GET /api/academics/academic-years | User: Unknown | School: 550e8400-e29b-41d4-a716-446655440000
2026-04-20 18:27:42.026 +05:30 [INF] SmsApi.Middleware.LoggingActionFilter | CorrelationId:f3068dc8be1f42ada6f2683c44bb631d | API Request: GET /api/settings/school/me | User: Unknown | School: 550e8400-e29b-41d4-a716-446655440000
2026-04-20 18:27:42.089 +05:30 [INF] SmsApi.Middleware.LoggingActionFilter | CorrelationId:83e76541c8c8449da2a9ef6d0bc6be15 | API Response: GET /api/analytics/dashboard/summary | Status: 200 | Duration: 116ms
2026-04-20 18:27:42.105 +05:30 [INF] SmsApi.Middleware.LoggingActionFilter | CorrelationId:20573ff3ca244f5591de5417f0e36902 | API Response: GET /api/analytics/dashboard/summary | Status: 200 | Duration: 126ms
2026-04-20 18:27:42.114 +05:30 [INF] SmsApi.Middleware.LoggingActionFilter | CorrelationId:94ce91a448f1403bb288cea98cf82d9a | API Response: GET /api/academics/academic-years | Status: 200 | Duration: 97ms
2026-04-20 18:27:42.132 +05:30 [INF] SmsApi.Middleware.LoggingActionFilter | CorrelationId:f3068dc8be1f42ada6f2683c44bb631d | API Response: GET /api/settings/school/me | Status: 200 | Duration: 105ms
2026-04-20 18:27:42.139 +05:30 [INF] Serilog.AspNetCore.RequestLoggingMiddleware | CorrelationId:83e76541c8c8449da2a9ef6d0bc6be15 | HTTP GET /api/analytics/dashboard/summary responded 200 in 389.3699 ms
2026-04-20 18:27:42.149 +05:30 [INF] Serilog.AspNetCore.RequestLoggingMiddleware | CorrelationId:20573ff3ca244f5591de5417f0e36902 | HTTP GET /api/analytics/dashboard/summary responded 200 in 391.8398 ms
2026-04-20 18:27:42.155 +05:30 [INF] Serilog.AspNetCore.RequestLoggingMiddleware | CorrelationId:94ce91a448f1403bb288cea98cf82d9a | HTTP GET /api/academics/academic-years responded 200 in 141.1709 ms
2026-04-20 18:27:42.161 +05:30 [INF] Serilog.AspNetCore.RequestLoggingMiddleware | CorrelationId:f3068dc8be1f42ada6f2683c44bb631d | HTTP GET /api/settings/school/me responded 200 in 135.6393 ms
2026-04-20 18:27:42.174 +05:30 [INF] SmsApi.Middleware.LoggingActionFilter | CorrelationId:5579a7981aae4682a101bceec7124d17 | API Response: GET /api/academics/academic-years | Status: 200 | Duration: 148ms
2026-04-20 18:27:42.420 +05:30 [INF] Serilog.AspNetCore.RequestLoggingMiddleware | CorrelationId:5579a7981aae4682a101bceec7124d17 | HTTP GET /api/academics/academic-years responded 200 in 395.5725 ms
2026-04-20 18:27:49.577 +05:30 [INF] Serilog.AspNetCore.RequestLoggingMiddleware | CorrelationId:ca890da9e9c34876a9347b1b841ce6fa | HTTP OPTIONS /api/academics/academic-years responded 204 in 0.3651 ms
2026-04-20 18:27:49.600 +05:30 [INF] Serilog.AspNetCore.RequestLoggingMiddleware | CorrelationId:7bb074d358494329987241dbe48098e1 | HTTP OPTIONS /api/academics/academic-years responded 204 in 0.0634 ms
2026-04-20 18:27:49.942 +05:30 [INF] Serilog.AspNetCore.RequestLoggingMiddleware | CorrelationId:323fc545794048e0b1689bf81c96317d | HTTP GET /api/academics/academic-years responded 401 in 60.5966 ms
2026-04-20 18:27:49.951 +05:30 [INF] Serilog.AspNetCore.RequestLoggingMiddleware | CorrelationId:cc63c3447eb44ef6bb5f6ad4c6408f16 | HTTP GET /api/academics/academic-years responded 401 in 1.0045 ms
2026-04-20 18:27:56.407 +05:30 [INF] Serilog.AspNetCore.RequestLoggingMiddleware | CorrelationId:7f8cbb96102c4fc5b76a47f2d88d517d | HTTP OPTIONS /api/auth/login responded 204 in 0.0544 ms
2026-04-20 18:27:56.468 +05:30 [INF] SmsApi.Middleware.LoggingActionFilter | CorrelationId:8fa8273c6d23425d80298872b9a870a2 | API Request: POST /api/auth/login | User: Unknown | School: Unknown
2026-04-20 18:27:57.045 +05:30 [INF] SmsApi.Controllers.AuthController | CorrelationId:8fa8273c6d23425d80298872b9a870a2 | Login successful for suresh.nair (SchoolId: "550e8400-e29b-41d4-a716-446655440000")
2026-04-20 18:27:57.047 +05:30 [INF] SmsApi.Middleware.LoggingActionFilter | CorrelationId:8fa8273c6d23425d80298872b9a870a2 | API Response: POST /api/auth/login | Status: 200 | Duration: 578ms
2026-04-20 18:27:57.069 +05:30 [INF] Serilog.AspNetCore.RequestLoggingMiddleware | CorrelationId:8fa8273c6d23425d80298872b9a870a2 | HTTP POST /api/auth/login responded 200 in 630.7052 ms
2026-04-20 18:27:57.128 +05:30 [WRN] SmsApi.Infrastructure.Performance.PerformanceMonitoringMiddleware | CorrelationId: | Slow request: POST /api/auth/login took 613ms — status 200.
2026-04-20 18:27:57.546 +05:30 [INF] Serilog.AspNetCore.RequestLoggingMiddleware | CorrelationId:9846b26f181a48d7aa06ec05dc8ec3b4 | HTTP OPTIONS /api/settings/school/me responded 204 in 0.1830 ms
2026-04-20 18:27:58.545 +05:30 [INF] Serilog.AspNetCore.RequestLoggingMiddleware | CorrelationId:23dfd330cc934cb1b80ebabdca506112 | HTTP OPTIONS /api/academics/academic-years responded 204 in 0.8793 ms
2026-04-20 18:27:58.547 +05:30 [INF] Serilog.AspNetCore.RequestLoggingMiddleware | CorrelationId:62389da4200c4470a796bcb2522b54b0 | HTTP OPTIONS /api/academics/academic-years responded 204 in 0.0383 ms
2026-04-20 18:27:58.557 +05:30 [INF] Serilog.AspNetCore.RequestLoggingMiddleware | CorrelationId:b08827437734482d888446c94e1adaf0 | HTTP OPTIONS /api/settings/school/me responded 204 in 0.1659 ms
2026-04-20 18:27:58.671 +05:30 [INF] Serilog.AspNetCore.RequestLoggingMiddleware | CorrelationId:94dea17ad88a4a0882f4bb4d6c848362 | HTTP OPTIONS /api/academics/my-class-assignments responded 204 in 0.0683 ms
2026-04-20 18:27:58.717 +05:30 [INF] Serilog.AspNetCore.RequestLoggingMiddleware | CorrelationId:91d83cce8c3e4a4fa7dedb1110179012 | HTTP OPTIONS /api/communication/staff/class-students responded 204 in 0.0801 ms
2026-04-20 18:27:58.747 +05:30 [INF] Serilog.AspNetCore.RequestLoggingMiddleware | CorrelationId:6322d3aa901741f09877d6838ec26d89 | HTTP OPTIONS /api/LeaveManagement/my-requests responded 204 in 0.1321 ms
2026-04-20 18:27:58.921 +05:30 [INF] Serilog.AspNetCore.RequestLoggingMiddleware | CorrelationId:e22de0d4a52f4b408c3ad4738ab27f16 | HTTP OPTIONS /api/Announcements responded 204 in 0.0815 ms
2026-04-20 18:27:58.967 +05:30 [INF] Serilog.AspNetCore.RequestLoggingMiddleware | CorrelationId:e6dbe8cdd1074fa5bac2ff76c0d233ba | HTTP OPTIONS /api/communication/staff/messages-sent responded 204 in 0.0540 ms
2026-04-20 18:27:58.972 +05:30 [INF] Serilog.AspNetCore.RequestLoggingMiddleware | CorrelationId:19e0df22f96f4dbbac8fc33a3666a4c8 | HTTP OPTIONS /api/academics/my-class-assignments responded 204 in 0.0595 ms
2026-04-20 18:27:58.976 +05:30 [INF] Serilog.AspNetCore.RequestLoggingMiddleware | CorrelationId:714ee98b1ffd4096939dbf9262b9a94b | HTTP OPTIONS /api/communication/staff/class-students responded 204 in 0.0408 ms
2026-04-20 18:27:58.999 +05:30 [INF] Serilog.AspNetCore.RequestLoggingMiddleware | CorrelationId:f7a8adf2653b4b43a35f2402b3887ee4 | HTTP OPTIONS /api/LeaveManagement/my-requests responded 204 in 0.0450 ms
2026-04-20 18:27:59.000 +05:30 [INF] Serilog.AspNetCore.RequestLoggingMiddleware | CorrelationId:f73009dee6de4811ae2d3bc4de89f0d3 | HTTP OPTIONS /api/Announcements responded 204 in 0.0187 ms
2026-04-20 18:27:59.012 +05:30 [INF] Serilog.AspNetCore.RequestLoggingMiddleware | CorrelationId:a799b368d9b847a49e64b998f327bc6a | HTTP OPTIONS /api/communication/staff/messages-sent responded 204 in 0.0773 ms
2026-04-20 18:27:59.025 +05:30 [INF] SmsApi.Middleware.LoggingActionFilter | CorrelationId:79920a3693d14928b923d90df0f3011c | API Request: GET /api/academics/academic-years | User: Unknown | School: 550e8400-e29b-41d4-a716-446655440000
2026-04-20 18:27:59.046 +05:30 [INF] SmsApi.Middleware.LoggingActionFilter | CorrelationId:de24dffdc471463d984b04e9d2776a73 | API Request: GET /api/academics/academic-years | User: Unknown | School: 550e8400-e29b-41d4-a716-446655440000
2026-04-20 18:27:59.062 +05:30 [INF] SmsApi.Middleware.LoggingActionFilter | CorrelationId:cc143334be71472a8fca99768b6ba654 | API Request: GET /api/settings/school/me | User: Unknown | School: 550e8400-e29b-41d4-a716-446655440000
2026-04-20 18:27:59.087 +05:30 [INF] SmsApi.Middleware.LoggingActionFilter | CorrelationId:becf5b239bb641b2b265351e6621fba0 | API Request: GET /api/academics/my-class-assignments | User: Unknown | School: 550e8400-e29b-41d4-a716-446655440000
2026-04-20 18:27:59.099 +05:30 [INF] SmsApi.Middleware.LoggingActionFilter | CorrelationId:79920a3693d14928b923d90df0f3011c | API Response: GET /api/academics/academic-years | Status: 200 | Duration: 73ms
2026-04-20 18:27:59.148 +05:30 [INF] SmsApi.Middleware.LoggingActionFilter | CorrelationId:221689d93df34521acf38b18390e39f0 | API Request: GET /api/LeaveManagement/my-requests | User: Unknown | School: 550e8400-e29b-41d4-a716-446655440000
2026-04-20 18:27:59.151 +05:30 [INF] SmsApi.Middleware.LoggingActionFilter | CorrelationId:cc143334be71472a8fca99768b6ba654 | API Response: GET /api/settings/school/me | Status: 200 | Duration: 89ms
2026-04-20 18:27:59.162 +05:30 [INF] Serilog.AspNetCore.RequestLoggingMiddleware | CorrelationId:79920a3693d14928b923d90df0f3011c | HTTP GET /api/academics/academic-years responded 200 in 140.9328 ms
2026-04-20 18:27:59.217 +05:30 [INF] SmsApi.Middleware.LoggingActionFilter | CorrelationId:de24dffdc471463d984b04e9d2776a73 | API Response: GET /api/academics/academic-years | Status: 200 | Duration: 170ms
2026-04-20 18:27:59.230 +05:30 [INF] Serilog.AspNetCore.RequestLoggingMiddleware | CorrelationId:cc143334be71472a8fca99768b6ba654 | HTTP GET /api/settings/school/me responded 200 in 170.1411 ms
2026-04-20 18:27:59.408 +05:30 [INF] SmsApi.Middleware.LoggingActionFilter | CorrelationId:221689d93df34521acf38b18390e39f0 | API Response: GET /api/LeaveManagement/my-requests | Status: 200 | Duration: 259ms
2026-04-20 18:27:59.475 +05:30 [INF] Serilog.AspNetCore.RequestLoggingMiddleware | CorrelationId:de24dffdc471463d984b04e9d2776a73 | HTTP GET /api/academics/academic-years responded 200 in 430.1760 ms
2026-04-20 18:27:59.544 +05:30 [INF] Serilog.AspNetCore.RequestLoggingMiddleware | CorrelationId:221689d93df34521acf38b18390e39f0 | HTTP GET /api/LeaveManagement/my-requests responded 200 in 411.6415 ms
2026-04-20 18:27:59.580 +05:30 [INF] SmsApi.Middleware.LoggingActionFilter | CorrelationId:851d850999824ef1b998c7b628c0ddb3 | API Request: GET /api/Announcements | User: Unknown | School: 550e8400-e29b-41d4-a716-446655440000
2026-04-20 18:27:59.614 +05:30 [INF] SmsApi.Middleware.LoggingActionFilter | CorrelationId:e9dd8cd38300459699431b79941832fa | API Request: GET /api/communication/staff/messages-sent | User: Unknown | School: 550e8400-e29b-41d4-a716-446655440000
2026-04-20 18:27:59.626 +05:30 [INF] SmsApi.Middleware.LoggingActionFilter | CorrelationId:bbf96e23aa8e465785922a84b52042a7 | API Request: GET /api/academics/my-class-assignments | User: Unknown | School: 550e8400-e29b-41d4-a716-446655440000
2026-04-20 18:27:59.646 +05:30 [INF] SmsApi.Middleware.LoggingActionFilter | CorrelationId:27abae0f01f94ef387b403101e588ef0 | API Request: GET /api/communication/staff/class-students | User: Unknown | School: 550e8400-e29b-41d4-a716-446655440000
2026-04-20 18:27:59.745 +05:30 [INF] SmsApi.Middleware.LoggingActionFilter | CorrelationId:becf5b239bb641b2b265351e6621fba0 | API Response: GET /api/academics/my-class-assignments | Status: 200 | Duration: 658ms
2026-04-20 18:27:59.745 +05:30 [INF] SmsApi.Middleware.LoggingActionFilter | CorrelationId:bbf96e23aa8e465785922a84b52042a7 | API Response: GET /api/academics/my-class-assignments | Status: 200 | Duration: 118ms
2026-04-20 18:27:59.808 +05:30 [INF] SmsApi.Middleware.LoggingActionFilter | CorrelationId:cbdd5c5e84d24cd2a4493ccf8c6258e6 | API Request: GET /api/communication/staff/class-students | User: Unknown | School: 550e8400-e29b-41d4-a716-446655440000
2026-04-20 18:27:59.827 +05:30 [INF] Serilog.AspNetCore.RequestLoggingMiddleware | CorrelationId:becf5b239bb641b2b265351e6621fba0 | HTTP GET /api/academics/my-class-assignments responded 200 in 757.2700 ms
2026-04-20 18:27:59.833 +05:30 [INF] Serilog.AspNetCore.RequestLoggingMiddleware | CorrelationId:bbf96e23aa8e465785922a84b52042a7 | HTTP GET /api/academics/my-class-assignments responded 200 in 207.3578 ms
2026-04-20 18:27:59.839 +05:30 [INF] SmsApi.Middleware.LoggingActionFilter | CorrelationId:e9dd8cd38300459699431b79941832fa | API Response: GET /api/communication/staff/messages-sent | Status: 200 | Duration: 224ms
2026-04-20 18:27:59.847 +05:30 [WRN] SmsApi.Infrastructure.Performance.PerformanceMonitoringMiddleware | CorrelationId: | Slow request: GET /api/academics/my-class-assignments took 757ms — status 200.
2026-04-20 18:27:59.974 +05:30 [INF] SmsApi.Middleware.LoggingActionFilter | CorrelationId:851d850999824ef1b998c7b628c0ddb3 | API Response: GET /api/Announcements | Status: 200 | Duration: 393ms
2026-04-20 18:28:00.026 +05:30 [INF] Serilog.AspNetCore.RequestLoggingMiddleware | CorrelationId:e9dd8cd38300459699431b79941832fa | HTTP GET /api/communication/staff/messages-sent responded 200 in 440.6977 ms
2026-04-20 18:28:00.106 +05:30 [INF] Serilog.AspNetCore.RequestLoggingMiddleware | CorrelationId:851d850999824ef1b998c7b628c0ddb3 | HTTP GET /api/Announcements responded 200 in 584.3523 ms
2026-04-20 18:28:00.110 +05:30 [INF] SmsApi.Middleware.LoggingActionFilter | CorrelationId:9afa681627df4d158a1a59356dda949f | API Request: GET /api/LeaveManagement/my-requests | User: Unknown | School: 550e8400-e29b-41d4-a716-446655440000
2026-04-20 18:28:00.178 +05:30 [INF] SmsApi.Middleware.LoggingActionFilter | CorrelationId:a78ccf1195b646a6b13a4a926f1d750a | API Request: GET /api/Announcements | User: Unknown | School: 550e8400-e29b-41d4-a716-446655440000
2026-04-20 18:28:00.221 +05:30 [WRN] SmsApi.Infrastructure.Performance.PerformanceMonitoringMiddleware | CorrelationId: | Slow request: GET /api/Announcements took 584ms — status 200.
2026-04-20 18:28:00.278 +05:30 [INF] SmsApi.Middleware.LoggingActionFilter | CorrelationId:9afa681627df4d158a1a59356dda949f | API Response: GET /api/LeaveManagement/my-requests | Status: 200 | Duration: 167ms
2026-04-20 18:28:00.299 +05:30 [INF] SmsApi.Middleware.LoggingActionFilter | CorrelationId:27abae0f01f94ef387b403101e588ef0 | API Response: GET /api/communication/staff/class-students | Status: 200 | Duration: 653ms
2026-04-20 18:28:00.299 +05:30 [INF] SmsApi.Middleware.LoggingActionFilter | CorrelationId:00ce7f8a0d654592b87308896150b282 | API Request: GET /api/communication/staff/messages-sent | User: Unknown | School: 550e8400-e29b-41d4-a716-446655440000
2026-04-20 18:28:00.308 +05:30 [INF] SmsApi.Middleware.LoggingActionFilter | CorrelationId:a78ccf1195b646a6b13a4a926f1d750a | API Response: GET /api/Announcements | Status: 200 | Duration: 130ms
2026-04-20 18:28:00.312 +05:30 [INF] Serilog.AspNetCore.RequestLoggingMiddleware | CorrelationId:9afa681627df4d158a1a59356dda949f | HTTP GET /api/LeaveManagement/my-requests responded 200 in 204.8584 ms
2026-04-20 18:28:00.321 +05:30 [INF] Serilog.AspNetCore.RequestLoggingMiddleware | CorrelationId:27abae0f01f94ef387b403101e588ef0 | HTTP GET /api/communication/staff/class-students responded 200 in 1028.0117 ms
2026-04-20 18:28:00.332 +05:30 [INF] Serilog.AspNetCore.RequestLoggingMiddleware | CorrelationId:a78ccf1195b646a6b13a4a926f1d750a | HTTP GET /api/Announcements responded 200 in 193.6395 ms
2026-04-20 18:28:00.335 +05:30 [INF] SmsApi.Middleware.LoggingActionFilter | CorrelationId:00ce7f8a0d654592b87308896150b282 | API Response: GET /api/communication/staff/messages-sent | Status: 200 | Duration: 35ms
2026-04-20 18:28:00.431 +05:30 [INF] SmsApi.Middleware.LoggingActionFilter | CorrelationId:cbdd5c5e84d24cd2a4493ccf8c6258e6 | API Response: GET /api/communication/staff/class-students | Status: 200 | Duration: 623ms
2026-04-20 18:28:00.552 +05:30 [WRN] SmsApi.Infrastructure.Performance.PerformanceMonitoringMiddleware | CorrelationId: | Slow request: GET /api/communication/staff/class-students took 1028ms — status 200.
2026-04-20 18:28:00.614 +05:30 [INF] Serilog.AspNetCore.RequestLoggingMiddleware | CorrelationId:00ce7f8a0d654592b87308896150b282 | HTTP GET /api/communication/staff/messages-sent responded 200 in 320.6921 ms
2026-04-20 18:28:00.626 +05:30 [INF] Serilog.AspNetCore.RequestLoggingMiddleware | CorrelationId:cbdd5c5e84d24cd2a4493ccf8c6258e6 | HTTP GET /api/communication/staff/class-students responded 200 in 830.8169 ms
2026-04-20 18:28:00.686 +05:30 [WRN] SmsApi.Infrastructure.Performance.PerformanceMonitoringMiddleware | CorrelationId: | Slow request: GET /api/communication/staff/class-students took 830ms — status 200.
2026-04-20 18:28:10.023 +05:30 [INF] Serilog.AspNetCore.RequestLoggingMiddleware | CorrelationId:5e9ce7f151c7431f9d97bc989df1ea7e | HTTP OPTIONS /api/academics/my-class-assignments responded 204 in 0.0540 ms
2026-04-20 18:28:10.024 +05:30 [INF] Serilog.AspNetCore.RequestLoggingMiddleware | CorrelationId:30befbf12e954940a69f94d6058ff28b | HTTP OPTIONS /api/academics/my-class-assignments responded 204 in 0.7272 ms
2026-04-20 18:28:10.171 +05:30 [INF] SmsApi.Middleware.LoggingActionFilter | CorrelationId:25bf71e4d0e0403b88ffec9a52221b3e | API Request: GET /api/academics/my-class-assignments | User: Unknown | School: 550e8400-e29b-41d4-a716-446655440000
2026-04-20 18:28:10.185 +05:30 [INF] SmsApi.Middleware.LoggingActionFilter | CorrelationId:423a967cd12a40349fb56f55b5c06bc8 | API Request: GET /api/academics/my-class-assignments | User: Unknown | School: 550e8400-e29b-41d4-a716-446655440000
2026-04-20 18:28:10.227 +05:30 [INF] SmsApi.Middleware.LoggingActionFilter | CorrelationId:25bf71e4d0e0403b88ffec9a52221b3e | API Response: GET /api/academics/my-class-assignments | Status: 200 | Duration: 56ms
2026-04-20 18:28:10.237 +05:30 [INF] Serilog.AspNetCore.RequestLoggingMiddleware | CorrelationId:25bf71e4d0e0403b88ffec9a52221b3e | HTTP GET /api/academics/my-class-assignments responded 200 in 67.9385 ms
2026-04-20 18:28:10.239 +05:30 [INF] SmsApi.Middleware.LoggingActionFilter | CorrelationId:423a967cd12a40349fb56f55b5c06bc8 | API Response: GET /api/academics/my-class-assignments | Status: 200 | Duration: 54ms
2026-04-20 18:28:10.276 +05:30 [INF] Serilog.AspNetCore.RequestLoggingMiddleware | CorrelationId:423a967cd12a40349fb56f55b5c06bc8 | HTTP GET /api/academics/my-class-assignments responded 200 in 91.2115 ms
